{"type":"Topology","arcs":[[[25812,17542],[71,9]],[[25795,17577],[17,-35]],[[25791,17636],[4,-59]],[[25777,17669],[14,-33]],[[25738,17661],[39,8]],[[25685,17679],[53,-18]],[[25665,17706],[20,-27]],[[25623,17659],[42,47]],[[25577,17638],[46,21]],[[25472,17704],[105,-66]],[[25435,17709],[37,-5]],[[25369,17697],[66,12]],[[25241,17640],[128,57]],[[25200,17687],[41,-47]],[[25183,17673],[17,14]],[[25128,17677],[55,-4]],[[25094,17653],[34,24]],[[25030,17634],[64,19]],[[25007,17665],[23,-31]],[[24951,17650],[56,15]],[[24918,17602],[33,48]],[[24872,17566],[46,36]],[[24820,17574],[52,-8]],[[24800,17599],[20,-25]],[[24798,17642],[2,-43]],[[24746,17630],[52,12]],[[24719,17649],[27,-19]],[[24656,17626],[63,23]],[[24617,17650],[39,-24]],[[24595,17611],[22,39]],[[24535,17598],[60,13]],[[24511,17606],[24,-8]],[[24477,17568],[34,38]],[[24447,17582],[30,-14]],[[24386,17509],[61,73]],[[24296,17456],[90,53]],[[24271,17432],[25,24]],[[24201,17509],[70,-77]],[[24085,17476],[116,33]],[[24049,17442],[36,34]],[[24027,17446],[22,-4]],[[32840,16787],[33,30]],[[32840,16787],[5,-51]],[[32834,16634],[11,102]],[[32769,16629],[65,5]],[[32695,16571],[74,58]],[[32637,16636],[58,-65]],[[32622,16639],[15,-3]],[[32575,16670],[47,-31]],[[32538,16673],[37,-3]],[[32531,16737],[7,-64]],[[32492,16826],[39,-89]],[[32432,16886],[60,-60]],[[32346,16861],[86,25]],[[32306,16857],[40,4]],[[32270,16826],[36,31]],[[32233,16853],[37,-27]],[[32132,16871],[101,-18]],[[32102,16866],[30,5]],[[32039,16947],[63,-81]],[[31996,16927],[43,20]],[[31989,16879],[7,48]],[[31965,16846],[24,33]],[[31931,16762],[34,84]],[[31889,16746],[42,16]],[[31837,16644],[52,102]],[[31837,16644],[37,-86]],[[31849,16492],[25,66]],[[31818,16456],[31,36]],[[31818,16456],[29,-63]],[[31829,16346],[18,47]],[[31827,16269],[2,77]],[[31776,16243],[51,26]],[[31716,16177],[60,66]],[[31709,16066],[7,111]],[[31666,16055],[43,11]],[[31644,16090],[22,-35]],[[31568,16122],[76,-32]],[[31490,16120],[78,2]],[[31453,16142],[37,-22]],[[31453,16142],[28,33]],[[31478,16233],[3,-58]],[[31460,16242],[18,-9]],[[31363,16470],[97,-228]],[[31302,16490],[61,-20]],[[31262,16555],[40,-65]],[[31240,16563],[22,-8]],[[31195,16544],[45,19]],[[31156,16509],[39,35]],[[31151,16470],[5,39]],[[31124,16437],[27,33]],[[31055,16455],[69,-18]],[[30993,16456],[62,-1]],[[30900,16433],[93,23]],[[30814,16523],[86,-90]],[[30770,16558],[44,-35]],[[30747,16595],[23,-37]],[[30745,16652],[2,-57]],[[30636,16744],[109,-92]],[[30564,16701],[72,43]],[[30426,16671],[138,30]],[[30418,16696],[8,-25]],[[30345,16701],[73,-5]],[[30343,16646],[2,55]],[[30315,16603],[28,43]],[[30216,16522],[99,81]],[[30194,16409],[22,113]],[[30114,16388],[80,21]],[[30047,16446],[67,-58]],[[30018,16446],[29,0]],[[29929,16416],[89,30]],[[29895,16420],[34,-4]],[[29786,16368],[109,52]],[[29745,16425],[41,-57]],[[29671,16466],[74,-41]],[[29522,16384],[149,82]],[[29491,16328],[31,56]],[[29435,16308],[56,20]],[[29386,16319],[49,-11]],[[29348,16259],[38,60]],[[29334,16207],[14,52]],[[29234,16164],[100,43]],[[29205,16176],[29,-12]],[[29121,16109],[84,67]],[[29093,16073],[28,36]],[[29092,16041],[1,32]],[[29078,15963],[14,78]],[[29078,15963],[17,-118]],[[29085,15756],[10,89]],[[29054,15726],[31,30]],[[28967,15749],[87,-23]],[[28913,15744],[54,5]],[[28883,15757],[30,-13]],[[28817,15761],[66,-4]],[[28801,15735],[16,26]],[[28737,15731],[64,4]],[[28723,15713],[14,18]],[[28588,15667],[135,46]],[[28510,15742],[78,-75]],[[28510,15742],[21,46]],[[28531,15788],[2,41]],[[28509,15886],[24,-57]],[[28500,15964],[9,-78]],[[28472,16034],[28,-70]],[[28425,16024],[47,10]],[[28392,15975],[33,49]],[[28350,15965],[42,10]],[[28320,15911],[30,54]],[[28301,15905],[19,6]],[[28278,15914],[23,-9]],[[28270,15976],[8,-62]],[[28196,16090],[74,-114]],[[28196,16090],[57,85]],[[28253,16175],[38,7]],[[28291,16182],[33,26]],[[28300,16252],[24,-44]],[[28278,16246],[22,6]],[[28219,16297],[59,-51]],[[28219,16297],[6,33]],[[28176,16395],[49,-65]],[[28156,16457],[20,-62]],[[28109,16505],[47,-48]],[[28103,16564],[6,-59]],[[28103,16564],[18,59]],[[28121,16623],[6,97]],[[28095,16765],[32,-45]],[[28079,16827],[16,-62]],[[28079,16827],[21,52]],[[28038,16883],[62,-4]],[[27995,16915],[43,-32]],[[27955,16961],[40,-46]],[[27908,16897],[47,64]],[[27826,16924],[82,-27]],[[27746,17042],[80,-118]],[[27723,17048],[23,-6]],[[27672,17094],[51,-46]],[[27644,17097],[28,-3]],[[27613,17129],[31,-32]],[[27577,17243],[36,-114]],[[27517,17264],[60,-21]],[[27486,17303],[31,-39]],[[27464,17360],[22,-57]],[[27392,17403],[72,-43]],[[27371,17445],[21,-42]],[[27336,17479],[35,-34]],[[27212,17447],[124,32]],[[27146,17480],[66,-33]],[[27042,17492],[104,-12]],[[26953,17544],[89,-52]],[[26895,17506],[58,38]],[[26824,17485],[71,21]],[[26752,17490],[72,-5]],[[26713,17505],[39,-15]],[[26661,17488],[52,17]],[[26633,17518],[28,-30]],[[26561,17547],[72,-29]],[[26508,17545],[53,2]],[[26412,17451],[96,94]],[[26383,17457],[29,-6]],[[26273,17562],[110,-105]],[[26234,17545],[39,17]],[[26181,17567],[53,-22]],[[26091,17556],[90,11]],[[26029,17545],[62,11]],[[26011,17557],[18,-12]],[[25943,17559],[68,-2]],[[25920,17530],[23,29]],[[25883,17551],[37,-21]],[[23972,17501],[55,-55]],[[23929,17489],[43,12]],[[23908,17456],[21,33]],[[23808,17383],[100,73]],[[23789,17376],[19,7]],[[23752,17467],[37,-91]],[[23716,17452],[36,15]],[[23656,17463],[60,-11]],[[23589,17540],[67,-77]],[[23538,17513],[51,27]],[[23519,17467],[19,46]],[[23447,17462],[72,5]],[[23389,17481],[58,-19]],[[23284,17465],[105,16]],[[23253,17481],[31,-16]],[[23211,17465],[42,16]],[[23171,17467],[40,-2]],[[23086,17415],[85,52]],[[23031,17402],[55,13]],[[23003,17417],[28,-15]],[[22958,17383],[45,34]],[[22940,17422],[18,-39]],[[22893,17418],[47,4]],[[22801,17332],[92,86]],[[22749,17305],[52,27]],[[22663,17285],[86,20]],[[22621,17232],[42,53]],[[22560,17238],[61,-6]],[[22560,17238],[3,-57]],[[22509,17126],[54,55]],[[22417,17129],[92,-3]],[[22344,17164],[73,-35]],[[22318,17100],[26,64]],[[22256,17028],[62,72]],[[22256,17028],[2,-29]],[[22204,16953],[54,46]],[[22172,16957],[32,-4]],[[22064,16931],[108,26]],[[22021,16875],[43,56]],[[21953,16871],[68,4]],[[21909,16896],[44,-25]],[[21880,16860],[29,36]],[[21816,16884],[64,-24]],[[21718,16857],[98,27]],[[21716,16829],[2,28]],[[21688,16862],[28,-33]],[[21624,16852],[64,10]],[[21577,16872],[47,-20]],[[21521,16864],[56,8]],[[21436,16888],[85,-24]],[[21391,16910],[45,-22]],[[21378,16923],[13,-13]],[[21281,16954],[97,-31]],[[21246,16959],[35,-5]],[[21178,17013],[68,-54]],[[21104,17043],[74,-30]],[[21044,16996],[60,47]],[[21002,17042],[42,-46]],[[20932,17052],[70,-10]],[[20895,17062],[37,-10]],[[20848,17032],[47,30]],[[20756,17044],[92,-12]],[[20654,17080],[102,-36]],[[20596,17086],[58,-6]],[[20551,17050],[45,36]],[[20494,17024],[57,26]],[[20359,17009],[135,15]],[[20327,16974],[32,35]],[[20281,16999],[46,-25]],[[20228,17083],[53,-84]],[[20060,17051],[168,32]],[[20010,17036],[50,15]],[[19959,17042],[51,-6]],[[19927,17061],[32,-19]],[[19868,17045],[59,16]],[[19845,17027],[23,18]],[[19730,16875],[115,152]],[[19695,16879],[35,-4]],[[19664,16855],[31,24]],[[19588,16832],[76,23]],[[19559,16793],[29,39]],[[19469,16795],[90,-2]],[[19445,16806],[24,-11]],[[19343,16758],[102,48]],[[19308,16679],[35,79]],[[19259,16639],[49,40]],[[19258,16592],[1,47]],[[19201,16522],[57,70]],[[19197,16476],[4,46]],[[19084,16447],[113,29]],[[19052,16412],[32,35]],[[19016,16436],[36,-24]],[[18975,16397],[41,39]],[[18916,16426],[59,-29]],[[18916,16426],[9,62]],[[18893,16515],[32,-27]],[[18845,16491],[48,24]],[[18801,16516],[44,-25]],[[18776,16511],[25,5]],[[18732,16562],[44,-51]],[[18732,16562],[6,40]],[[18703,16679],[35,-77]],[[18703,16679],[22,35]],[[18661,16799],[64,-85]],[[18654,16841],[7,-42]],[[18625,16863],[29,-22]],[[18597,16935],[28,-72]],[[18595,16983],[2,-48]],[[18573,17025],[22,-42]],[[18540,17056],[33,-31]],[[18494,17076],[46,-20]],[[18478,17143],[16,-67]],[[18419,17202],[59,-59]],[[18397,17247],[22,-45]],[[18321,17252],[76,-5]],[[18274,17275],[47,-23]],[[18209,17371],[65,-96]],[[18209,17371],[8,68]],[[18195,17511],[22,-72]],[[18129,17498],[66,13]],[[18096,17466],[33,32]],[[18076,17511],[20,-45]],[[17994,17540],[82,-29]],[[17931,17523],[63,17]],[[17887,17578],[44,-55]],[[17856,17597],[31,-19]],[[17784,17569],[72,28]],[[17735,17635],[49,-66]],[[17735,17635],[1,91]],[[17736,17726],[29,47]],[[17744,17830],[21,-57]],[[17744,17830],[8,37]],[[17752,17867],[29,45]],[[17742,17943],[39,-31]],[[17718,17987],[24,-44]],[[17683,18009],[35,-22]],[[17599,17983],[84,26]],[[17497,17908],[102,75]],[[17458,17946],[39,-38]],[[17437,18047],[21,-101]],[[17437,18047],[36,60]],[[17473,18107],[76,52]],[[17549,18159],[10,59]],[[17559,18218],[86,15]],[[17645,18233],[40,84]],[[17685,18317],[78,13]],[[17763,18330],[4,77]],[[17743,18454],[24,-47]],[[17719,18453],[24,1]],[[17666,18483],[53,-30]],[[17612,18548],[54,-65]],[[17539,18555],[73,-7]],[[17449,18669],[90,-114]],[[17435,18737],[14,-68]],[[17418,18763],[17,-26]],[[17418,18763],[45,85]],[[17463,18848],[14,94]],[[17477,18942],[28,54]],[[17505,18996],[3,41]],[[17508,19037],[30,35]],[[17538,19072],[5,56]],[[17513,19180],[30,-52]],[[17513,19180],[1,58]],[[17460,19278],[54,-40]],[[17409,19282],[51,-4]],[[17359,19387],[50,-105]],[[17359,19387],[30,43]],[[17338,19489],[51,-59]],[[17338,19489],[2,74]],[[17317,19581],[23,-18]],[[17304,19674],[13,-93]],[[17270,19710],[34,-36]],[[17261,19777],[9,-67]],[[17231,19836],[30,-59]],[[17231,19836],[19,40]],[[17239,19958],[11,-82]],[[17239,19958],[32,70]],[[17256,20089],[15,-61]],[[17256,20089],[32,39]],[[17283,20206],[5,-78]],[[17249,20215],[34,-9]],[[17206,20293],[43,-78]],[[17154,20329],[52,-36]],[[17125,20334],[29,-5]],[[17125,20334],[67,95]],[[17192,20429],[109,35]],[[17301,20464],[25,30]],[[17324,20546],[2,-52]],[[17273,20525],[51,21]],[[17241,20576],[32,-51]],[[17195,20562],[46,14]],[[17183,20588],[12,-26]],[[17101,20552],[82,36]],[[17058,20569],[43,-17]],[[17003,20635],[55,-66]],[[16940,20653],[63,-18]],[[16915,20694],[25,-41]],[[16884,20782],[31,-88]],[[16864,20892],[20,-110]],[[16841,20946],[23,-54]],[[16841,20946],[9,67]],[[16823,21074],[27,-61]],[[16761,21155],[62,-81]],[[16755,21195],[6,-40]],[[16755,21195],[16,54]],[[16771,21249],[18,117]],[[16770,21432],[19,-66]],[[16770,21432],[7,35]],[[16762,21559],[15,-92]],[[16762,21559],[40,71]],[[16762,21645],[40,-15]],[[16736,21607],[26,38]],[[16698,21582],[38,25]],[[16655,21604],[43,-22]],[[16592,21612],[63,-8]],[[16565,21585],[27,27]],[[16475,21536],[90,49]],[[16440,21575],[35,-39]],[[16394,21589],[46,-14]],[[16355,21583],[39,6]],[[16302,21611],[53,-28]],[[16195,21647],[107,-36]],[[16167,21684],[28,-37]],[[16107,21680],[60,4]],[[16050,21721],[57,-41]],[[16012,21712],[38,9]],[[16012,21712],[11,56]],[[16020,21856],[3,-88]],[[15999,21877],[21,-21]],[[15928,21911],[71,-34]],[[15928,21911],[20,80]],[[15902,22035],[46,-44]],[[15902,22035],[36,63]],[[15934,22147],[4,-49]],[[15934,22147],[25,6]],[[15953,22200],[6,-47]],[[15874,22264],[79,-64]],[[15799,22258],[75,6]],[[15799,22258],[16,33]],[[15815,22351],[0,-60]],[[15815,22351],[20,49]],[[15780,22483],[55,-83]],[[15768,22564],[12,-81]],[[15768,22564],[20,19]],[[15788,22583],[41,-2]],[[15829,22581],[59,20]],[[15888,22601],[21,39]],[[15909,22640],[31,-40]],[[15940,22600],[74,-57]],[[16014,22543],[33,97]],[[16044,22674],[3,-34]],[[15997,22720],[47,-46]],[[15997,22720],[7,34]],[[15972,22784],[32,-30]],[[15972,22784],[6,100]],[[15978,22884],[25,45]],[[15973,22949],[30,-20]],[[15954,22990],[19,-41]],[[15859,23079],[95,-89]],[[15859,23079],[2,78]],[[15793,23175],[68,-18]],[[15755,23216],[38,-41]],[[15692,23167],[63,49]],[[15638,23181],[54,-14]],[[15612,23205],[26,-24]],[[15563,23207],[49,-2]],[[15540,23230],[23,-23]],[[15485,23204],[55,26]],[[15421,23264],[64,-60]],[[15371,23258],[50,6]],[[15358,23349],[13,-91]],[[15336,23406],[22,-57]],[[15294,23428],[42,-22]],[[15292,23466],[2,-38]],[[15252,23500],[40,-34]],[[15234,23512],[18,-12]],[[15220,23597],[14,-85]],[[15220,23597],[6,50]],[[15187,23705],[39,-58]],[[15187,23705],[40,37]],[[15227,23742],[61,97]],[[15261,23885],[27,-46]],[[15251,23933],[10,-48]],[[15219,23966],[32,-33]],[[15169,23984],[50,-18]],[[15169,23984],[1,76]],[[15148,24094],[22,-34]],[[15128,24155],[20,-61]],[[15128,24155],[3,65]],[[15077,24274],[54,-54]],[[15024,24267],[53,7]],[[14924,24292],[100,-25]],[[14872,24304],[52,-12]],[[14810,24341],[62,-37]],[[14768,24348],[42,-7]],[[14681,24330],[87,18]],[[14660,24277],[21,53]],[[14563,24263],[97,14]],[[14487,24275],[76,-12]],[[14436,24252],[51,23]],[[14395,24287],[41,-35]],[[14391,24328],[4,-41]],[[14368,24368],[23,-40]],[[14313,24369],[55,-1]],[[14277,24394],[36,-25]],[[14227,24475],[50,-81]],[[14184,24476],[43,-1]],[[14159,24498],[25,-22]],[[14086,24487],[73,11]],[[14055,24537],[31,-50]],[[14007,24559],[48,-22]],[[13971,24601],[36,-42]],[[13892,24591],[79,10]],[[13811,24623],[81,-32]],[[13803,24672],[8,-49]],[[13803,24672],[8,68]],[[13771,24787],[40,-47]],[[13720,24801],[51,-14]],[[13712,24823],[8,-22]],[[13685,24889],[27,-66]],[[13685,24889],[8,96]],[[13635,24972],[58,13]],[[13602,24916],[33,56]],[[13578,24911],[24,5]],[[13536,24863],[42,48]],[[13453,24850],[83,13]],[[13406,24854],[47,-4]],[[13297,24885],[109,-31]],[[13218,24925],[79,-40]],[[13114,24933],[104,-8]],[[13067,24887],[47,46]],[[13004,24903],[63,-16]],[[12895,24869],[109,34]],[[12800,24847],[95,22]],[[12717,24843],[83,4]],[[12528,24844],[189,-1]],[[12504,24857],[24,-13]],[[12428,24843],[76,14]],[[12308,24909],[120,-66]],[[12271,24922],[37,-13]],[[12271,24922],[4,37]],[[12229,24995],[46,-36]],[[12204,25066],[25,-71]],[[12147,25072],[57,-6]],[[12016,25208],[131,-136]],[[11972,25239],[44,-31]],[[11972,25239],[72,20]],[[12029,25294],[15,-35]],[[12002,25340],[27,-46]],[[11924,25340],[78,0]],[[11879,25376],[45,-36]],[[11844,25439],[35,-63]],[[11844,25439],[9,32]],[[11843,25546],[10,-75]],[[11817,25653],[26,-107]],[[11794,25694],[23,-41]],[[11760,25698],[34,-4]],[[11730,25744],[30,-46]],[[11730,25744],[30,61]],[[11734,25850],[26,-45]],[[11734,25850],[24,54]],[[11737,25993],[21,-89]],[[11737,25993],[12,27]],[[11691,26027],[58,-7]],[[11617,25984],[74,43]],[[11589,25986],[28,-2]],[[11502,25923],[87,63]],[[11449,25909],[53,14]],[[11363,25968],[86,-59]],[[11329,25941],[34,27]],[[11302,25928],[27,13]],[[11275,25962],[27,-34]],[[11263,25983],[12,-21]],[[11208,25991],[55,-8]],[[11208,25991],[1,47]],[[11171,26055],[38,-17]],[[11150,26102],[21,-47]],[[11098,26023],[52,79]],[[11065,26023],[33,0]],[[11002,26103],[63,-80]],[[10992,26137],[10,-34]],[[10961,26152],[31,-15]],[[10916,26246],[45,-94]],[[10916,26246],[25,27]],[[10939,26339],[2,-66]],[[10921,26397],[18,-58]],[[10919,26440],[2,-43]],[[10888,26464],[31,-24]],[[10888,26464],[6,35]],[[10864,26558],[30,-59]],[[10864,26558],[15,95]],[[10879,26653],[19,12]],[[10898,26665],[34,114]],[[10896,26848],[36,-69]],[[10829,26861],[67,-13]],[[10780,26843],[49,18]],[[10738,26844],[42,-1]],[[10698,26880],[40,-36]],[[10683,26846],[15,34]],[[10637,26840],[46,6]],[[10591,26864],[46,-24]],[[10568,26890],[23,-26]],[[10563,26965],[5,-75]],[[10524,26949],[39,16]],[[10483,26957],[41,-8]],[[10451,27000],[32,-43]],[[10451,27000],[8,93]],[[10446,27142],[13,-49]],[[10400,27121],[46,21]],[[10265,27178],[135,-57]],[[10218,27171],[47,7]],[[10199,27215],[19,-44]],[[10124,27243],[75,-28]],[[10108,27287],[16,-44]],[[10087,27293],[21,-6]],[[10061,27216],[26,77]],[[10017,27180],[44,36]],[[9999,27125],[18,55]],[[9953,27066],[46,59]],[[9914,27065],[39,1]],[[9897,27038],[17,27]],[[9831,27036],[66,2]],[[9765,27047],[66,-11]],[[9722,27013],[43,34]],[[9690,27014],[32,-1]],[[9645,27054],[45,-40]],[[9548,27070],[97,-16]],[[9460,27117],[88,-47]],[[9460,27117],[2,26]],[[9298,27156],[164,-13]],[[9298,27156],[32,60]],[[9330,27216],[50,77]],[[9380,27293],[72,91]],[[9452,27384],[19,48]],[[9444,27483],[27,-51]],[[9384,27522],[60,-39]],[[9331,27543],[53,-21]],[[9274,27593],[57,-50]],[[9247,27601],[27,-8]],[[9204,27529],[43,72]],[[9148,27500],[56,29]],[[9074,27497],[74,3]],[[9016,27453],[58,44]],[[8975,27441],[41,12]],[[8905,27394],[70,47]],[[8759,27385],[146,9]],[[8700,27430],[59,-45]],[[8603,27473],[97,-43]],[[8522,27465],[81,8]],[[8469,27445],[53,20]],[[8459,27480],[10,-35]],[[8414,27470],[45,10]],[[8371,27441],[43,29]],[[8326,27450],[45,-9]],[[8280,27457],[46,-7]],[[8232,27506],[48,-49]],[[8128,27497],[104,9]],[[8092,27508],[36,-11]],[[8026,27494],[66,14]],[[7988,27519],[38,-25]],[[7931,27431],[57,88]],[[7903,27406],[28,25]],[[7891,27383],[12,23]],[[7843,27356],[48,27]],[[7784,27347],[59,9]],[[7748,27372],[36,-25]],[[7669,27379],[79,-7]],[[7645,27401],[24,-22]],[[7573,27404],[72,-3]],[[7534,27317],[39,87]],[[7519,27312],[15,5]],[[7519,27312],[6,-86]],[[7525,27226],[23,-39]],[[7499,27135],[49,52]],[[7499,27135],[39,-62]],[[7533,26963],[5,110]],[[7446,26990],[87,-27]],[[7416,26976],[30,14]],[[7402,27149],[14,-173]],[[7384,27226],[18,-77]],[[7352,27254],[32,-28]],[[7231,27299],[121,-45]],[[7231,27299],[8,90]],[[7230,27453],[9,-64]],[[7191,27506],[39,-53]],[[7162,27522],[29,-16]],[[7117,27454],[45,68]],[[7066,27439],[51,15]],[[7054,27480],[12,-41]],[[7016,27525],[38,-45]],[[6947,27538],[69,-13]],[[6917,27507],[30,31]],[[6917,27507],[33,-29]],[[6950,27478],[27,33]],[[6977,27511],[50,-43]],[[6889,27448],[138,20]],[[6845,27450],[44,-2]],[[6845,27450],[77,80]],[[6922,27530],[8,56]],[[6857,27583],[73,3]],[[6798,27685],[59,-102]],[[6798,27685],[3,40]],[[6782,27792],[19,-67]],[[6782,27792],[40,53]],[[6822,27845],[91,-68]],[[6913,27777],[105,57]],[[7018,27834],[80,-40]],[[7098,27794],[32,-52]],[[7130,27742],[30,16]],[[7160,27758],[18,55]],[[7178,27813],[53,34]],[[7231,27847],[4,60]],[[7235,27907],[21,21]],[[7256,27928],[1,40]],[[7257,27968],[53,20]],[[7310,27988],[51,55]],[[7361,28043],[8,58]],[[7363,28145],[6,-44]],[[7342,28214],[21,-69]],[[7271,28264],[71,-50]],[[7172,28379],[99,-115]],[[7126,28390],[46,-11]],[[7124,28447],[2,-57]],[[7124,28447],[38,96]],[[7162,28543],[18,-9]],[[7180,28534],[92,71]],[[7272,28605],[29,106]],[[7301,28711],[29,39]],[[7330,28750],[19,69]],[[7349,28819],[1,107]],[[7345,29069],[5,-143]],[[7345,29069],[23,26]],[[7368,29095],[64,2]],[[7432,29097],[22,69]],[[7454,29166],[57,10]],[[7511,29176],[52,41]],[[7563,29217],[67,-1]],[[7630,29216],[67,28]],[[7697,29244],[20,21]],[[7717,29265],[61,3]],[[7778,29268],[47,70]],[[7817,29429],[8,-91]],[[7817,29429],[15,52]],[[7832,29481],[60,13]],[[7860,29656],[32,-162]],[[7835,29654],[25,2]],[[7816,29699],[19,-45]],[[7809,29778],[7,-79]],[[7809,29778],[12,81]],[[7821,29859],[43,46]],[[7864,29905],[179,-5]],[[8043,29900],[15,52]],[[8058,29952],[53,40]],[[8111,29992],[9,36]],[[8120,30028],[52,71]],[[8172,30099],[72,-22]],[[8244,30077],[34,57]],[[8278,30134],[19,57]],[[8267,30213],[30,-22]],[[8220,30224],[47,-11]],[[8220,30224],[17,87]],[[8237,30311],[35,50]],[[8272,30361],[1,60]],[[8273,30421],[20,47]],[[8293,30468],[46,12]],[[8314,30522],[25,-42]],[[8293,30597],[21,-75]],[[8292,30650],[1,-53]],[[8204,30671],[88,-21]],[[8142,30794],[62,-123]],[[8137,30852],[5,-58]],[[8137,30852],[76,8]],[[8213,30860],[46,23]],[[8259,30883],[69,8]],[[8328,30891],[14,59]],[[8342,30950],[22,27]],[[8364,30977],[50,20]],[[8405,31018],[9,-21]],[[8405,31018],[52,25]],[[8440,31087],[17,-44]],[[8440,31087],[85,55]],[[8507,31211],[18,-69]],[[8507,31211],[80,139]],[[8587,31350],[141,52]],[[8728,31402],[119,29]],[[8847,31431],[101,-32]],[[8948,31399],[11,10]],[[8941,31462],[18,-53]],[[8941,31462],[19,61]],[[8957,31560],[3,-37]],[[8957,31560],[52,57]],[[9009,31617],[3,58]],[[9012,31675],[65,223]],[[9077,31898],[40,89]],[[9117,31987],[68,18]],[[9185,32005],[9,33]],[[9194,32038],[43,-16]],[[9237,32022],[52,63]],[[9289,32085],[58,19]],[[9347,32104],[14,175]],[[9358,32399],[3,-120]],[[9297,32434],[61,-35]],[[9297,32434],[31,135]],[[9328,32569],[30,35]],[[9358,32604],[45,84]],[[9403,32688],[6,35]],[[9409,32723],[56,63]],[[9465,32786],[29,5]],[[9494,32791],[45,63]],[[9539,32854],[4,51]],[[9493,32962],[50,-57]],[[9493,32962],[1,30]],[[9494,32992],[40,15]],[[9534,33007],[19,60]],[[9553,33067],[27,90]],[[9580,33157],[14,75]],[[9594,33232],[58,70]],[[9652,33302],[17,51]],[[9669,33353],[34,34]],[[9703,33387],[56,99]],[[9759,33486],[14,83]],[[9773,33569],[54,58]],[[9827,33627],[30,64]],[[9851,33739],[6,-48]],[[9851,33739],[38,18]],[[9889,33757],[43,-7]],[[9932,33750],[49,57]],[[9981,33807],[73,-14]],[[10054,33793],[20,-17]],[[10074,33776],[46,27]],[[10120,33803],[45,-7]],[[10165,33796],[24,-35]],[[10189,33761],[68,-14]],[[10257,33747],[42,99]],[[10299,33846],[22,26]],[[10321,33872],[31,87]],[[10352,33959],[42,101]],[[10394,34060],[4,39]],[[10370,34160],[28,-61]],[[10370,34160],[33,41]],[[10355,34336],[48,-135]],[[10355,34336],[40,75]],[[10331,34446],[64,-35]],[[10263,34638],[68,-192]],[[10263,34638],[1,66]],[[10264,34704],[23,65]],[[10287,34769],[13,94]],[[10300,34863],[21,33]],[[10321,34896],[16,58]],[[10337,34954],[31,71]],[[10368,35025],[91,112]],[[10459,35137],[33,60]],[[10492,35197],[85,-99]],[[10577,35098],[57,78]],[[10545,35259],[89,-83]],[[10545,35259],[20,35]],[[10565,35294],[81,56]],[[10646,35350],[39,41]],[[10685,35391],[41,-13]],[[10726,35378],[20,-34]],[[10746,35344],[37,30]],[[10783,35374],[31,52]],[[10814,35426],[9,42]],[[10823,35468],[51,26]],[[10874,35494],[34,36]],[[10908,35530],[36,74]],[[10944,35604],[23,15]],[[10967,35619],[3,71]],[[10970,35690],[56,5]],[[11026,35695],[34,-31]],[[11060,35664],[78,-24]],[[11138,35640],[60,-9]],[[11198,35631],[31,23]],[[11229,35654],[25,50]],[[11254,35704],[14,55]],[[11268,35759],[29,24]],[[11297,35783],[29,111]],[[11326,35894],[5,47]],[[11331,35941],[34,81]],[[11365,36022],[29,164]],[[11394,36186],[45,-10]],[[11439,36176],[52,57]],[[11491,36233],[16,69]],[[11504,36344],[3,-42]],[[11504,36344],[17,67]],[[11508,36429],[13,-18]],[[11508,36429],[49,93]],[[11557,36522],[59,15]],[[11616,36537],[67,-4]],[[11683,36533],[27,27]],[[11710,36560],[24,137]],[[11719,36730],[15,-33]],[[11719,36730],[32,122]],[[11751,36852],[12,-2]],[[11763,36850],[102,-18]],[[11865,36832],[117,102]],[[11982,36934],[31,6]],[[12013,36940],[32,9]],[[12045,36949],[22,103]],[[12050,37150],[17,-98]],[[12050,37150],[38,7]],[[12088,37157],[34,-17]],[[12122,37140],[79,-93]],[[12201,37047],[4,-18]],[[12205,37029],[58,-38]],[[12263,36991],[174,-38]],[[12437,36953],[27,18]],[[12464,36971],[91,-11]],[[12555,36960],[5,-38]],[[12560,36922],[102,-16]],[[12661,36944],[1,-38]],[[12640,36988],[21,-44]],[[12640,36988],[8,39]],[[12648,37027],[33,65]],[[12681,37092],[54,264]],[[12735,37356],[41,99]],[[12776,37455],[105,14]],[[12881,37469],[80,49]],[[12961,37518],[37,-46]],[[12998,37472],[276,-222]],[[13274,37250],[50,-85]],[[13324,37165],[74,-3]],[[13398,37162],[265,-15]],[[13663,37147],[21,44]],[[13684,37191],[72,-8]],[[13756,37183],[48,37]],[[13804,37220],[54,-16]],[[13858,37204],[74,22]],[[13932,37226],[34,44]],[[13966,37270],[43,9]],[[14009,37279],[34,-4]],[[14043,37275],[45,68]],[[14088,37343],[42,113]],[[14130,37456],[36,58]],[[14157,37544],[9,-30]],[[14157,37544],[54,48]],[[14211,37592],[4,40]],[[14215,37632],[7,53]],[[14222,37685],[27,23]],[[14249,37708],[44,9]],[[14293,37717],[40,-24]],[[14333,37693],[78,-13]],[[14411,37680],[60,1]],[[14471,37681],[54,55]],[[14525,37736],[45,13]],[[14570,37749],[21,82]],[[14566,37897],[25,-66]],[[14566,37897],[3,32]],[[14532,37940],[37,-11]],[[14510,37966],[22,-26]],[[14510,37966],[38,102]],[[14493,38136],[55,-68]],[[14487,38175],[6,-39]],[[14487,38175],[35,20]],[[14522,38195],[84,-4]],[[14606,38191],[26,10]],[[14632,38201],[62,-13]],[[14694,38188],[64,49]],[[14758,38237],[48,21]],[[14806,38258],[53,54]],[[14859,38312],[46,18]],[[14905,38330],[78,-13]],[[14983,38317],[53,72]],[[15036,38389],[10,34]],[[15046,38423],[29,17]],[[15075,38440],[20,60]],[[15095,38500],[33,29]],[[15128,38529],[2,35]],[[15130,38564],[43,66]],[[15173,38630],[26,7]],[[15199,38637],[11,60]],[[15210,38697],[77,24]],[[15287,38721],[36,48]],[[15323,38769],[33,-21]],[[15356,38748],[87,12]],[[15443,38760],[86,85]],[[15508,38970],[21,-125]],[[15508,38970],[1,54]],[[15487,39112],[22,-88]],[[15419,39142],[68,-30]],[[15411,39188],[8,-46]],[[15411,39188],[5,64]],[[15416,39252],[28,40]],[[15444,39292],[94,-25]],[[15538,39267],[85,-78]],[[15623,39189],[16,31]],[[15639,39220],[80,-18]],[[15713,39175],[6,27]],[[15713,39175],[55,-15]],[[15768,39160],[47,-38]],[[15815,39122],[5,-46]],[[15820,39076],[51,-5]],[[15871,39071],[39,-46]],[[15910,39025],[58,8]],[[15968,39033],[37,76]],[[16005,39109],[145,23]],[[16150,39132],[48,38]],[[16198,39170],[49,6]],[[16247,39176],[46,-35]],[[16293,39141],[43,4]],[[16336,39145],[6,43]],[[16342,39188],[33,49]],[[16334,39244],[41,-7]],[[16332,39271],[2,-27]],[[16332,39271],[49,42]],[[16381,39313],[40,53]],[[16421,39366],[20,69]],[[16397,39460],[44,-25]],[[16382,39489],[15,-29]],[[16382,39489],[78,86]],[[16432,39660],[28,-85]],[[16432,39660],[5,31]],[[16437,39691],[36,22]],[[16473,39713],[24,62]],[[16497,39775],[16,-5]],[[16513,39770],[15,50]],[[16477,39861],[51,-41]],[[16477,39861],[25,34]],[[16502,39895],[48,18]],[[16550,39913],[17,30]],[[16567,39943],[57,13]],[[16624,39956],[32,21]],[[16656,39977],[27,105]],[[16683,40082],[33,26]],[[16716,40108],[47,4]],[[16763,40112],[64,38]],[[16827,40150],[22,-22]],[[16849,40128],[1,-48]],[[16850,40080],[25,-3]],[[16875,40077],[13,-124]],[[16888,39953],[252,-58]],[[17140,39895],[35,19]],[[17175,39914],[24,-21]],[[17199,39893],[31,78]],[[17230,39971],[87,-8]],[[17317,39963],[3,-117]],[[17320,39846],[12,-25]],[[17332,39821],[50,-19]],[[17382,39802],[37,-61]],[[17387,39627],[32,114]],[[17358,39584],[29,43]],[[17358,39584],[14,-9]],[[17372,39575],[45,-89]],[[17417,39486],[32,-22]],[[17449,39464],[59,-14]],[[17508,39450],[44,17]],[[17552,39467],[51,-44]],[[17603,39423],[22,-40]],[[17625,39383],[31,-21]],[[17634,39297],[22,65]],[[17634,39297],[18,-50]],[[17652,39247],[35,-22]],[[17687,39225],[57,21]],[[17744,39246],[45,-58]],[[17789,39188],[87,-41]],[[17876,39147],[27,-61]],[[17903,39086],[50,10]],[[17953,39096],[39,-33]],[[17992,39063],[46,-17]],[[18028,39011],[10,35]],[[18028,39011],[18,-29]],[[18046,38982],[67,-47]],[[18113,38935],[31,20]],[[18144,38955],[57,12]],[[18201,38967],[20,-56]],[[18221,38911],[48,-28]],[[18269,38883],[19,-41]],[[18288,38842],[64,-26]],[[18352,38816],[70,0]],[[18422,38816],[32,-8]],[[18454,38808],[71,-50]],[[18525,38758],[41,7]],[[18566,38765],[25,106]],[[18591,38871],[39,43]],[[18630,38914],[27,62]],[[18657,38976],[24,18]],[[18681,38994],[2,45]],[[18683,39039],[23,45]],[[18706,39084],[2,70]],[[18708,39154],[19,63]],[[18727,39217],[38,-40]],[[18765,39177],[24,-50]],[[18789,39127],[60,-14]],[[18849,39113],[79,-49]],[[18928,39064],[62,19]],[[18990,39083],[40,-16]],[[19030,39067],[46,41]],[[19076,39108],[59,-19]],[[19135,39089],[33,14]],[[19168,39103],[72,-49]],[[19240,39054],[61,1]],[[19301,39055],[40,-29]],[[19341,39026],[15,-67]],[[19356,38959],[87,-55]],[[19443,38904],[18,-23]],[[19461,38881],[46,23]],[[19507,38904],[66,5]],[[19573,38909],[124,62]],[[19697,38971],[34,-45]],[[19731,38926],[31,5]],[[19762,38931],[6,45]],[[19768,38976],[44,-14]],[[19812,38962],[79,20]],[[19891,38982],[59,1]],[[19950,38983],[45,-30]],[[19995,38953],[52,18]],[[20047,38971],[108,-82]],[[20155,38889],[46,5]],[[20201,38894],[92,-43]],[[20293,38851],[24,-27]],[[20302,38785],[15,39]],[[20302,38785],[83,-69]],[[20375,38660],[10,56]],[[20375,38660],[57,-108]],[[20426,38509],[6,43]],[[20426,38509],[46,-62]],[[20472,38447],[71,-47]],[[20543,38400],[18,3]],[[20561,38403],[94,106]],[[20655,38509],[55,-12]],[[20710,38497],[18,16]],[[20728,38513],[86,20]],[[20814,38533],[42,-18]],[[20856,38515],[50,31]],[[20906,38546],[64,-4]],[[20970,38542],[18,35]],[[20988,38577],[20,81]],[[21008,38658],[48,30]],[[21056,38688],[47,-22]],[[21103,38666],[42,46]],[[21145,38712],[22,-5]],[[21167,38707],[14,-68]],[[21181,38639],[57,31]],[[21238,38670],[33,-12]],[[21271,38658],[40,39]],[[21311,38697],[27,7]],[[21338,38704],[89,-92]],[[21427,38612],[34,-70]],[[21461,38542],[98,36]],[[21559,38578],[68,-1]],[[21627,38577],[48,-57]],[[21675,38520],[63,-34]],[[21738,38486],[86,-62]],[[21824,38424],[4,-54]],[[21828,38370],[56,-129]],[[21884,38241],[45,-10]],[[21929,38231],[75,4]],[[22004,38235],[36,-32]],[[22040,38203],[36,8]],[[22076,38211],[26,34]],[[22102,38245],[57,-17]],[[22159,38228],[27,47]],[[22186,38275],[89,-48]],[[22275,38227],[83,9]],[[22358,38236],[25,-41]],[[22383,38195],[41,-24]],[[22424,38171],[47,-55]],[[22471,38116],[5,-46]],[[22476,38070],[53,-10]],[[22529,38060],[67,24]],[[22596,38084],[83,65]],[[22679,38149],[55,7]],[[22734,38156],[77,-15]],[[22811,38141],[70,46]],[[22881,38187],[29,2]],[[22910,38189],[34,50]],[[22944,38239],[30,10]],[[22974,38249],[36,43]],[[23010,38292],[49,24]],[[23059,38316],[54,-73]],[[23113,38243],[53,-27]],[[23166,38216],[31,7]],[[23197,38223],[101,67]],[[23298,38290],[71,29]],[[23363,38384],[6,-65]],[[23363,38384],[65,129]],[[23428,38513],[1,39]],[[23429,38552],[96,64]],[[23525,38616],[41,-4]],[[23566,38612],[64,71]],[[23630,38683],[38,25]],[[23668,38708],[60,-57]],[[23728,38651],[93,-23]],[[23821,38628],[43,12]],[[23864,38640],[86,-65]],[[23950,38575],[37,-4]],[[23987,38571],[41,-28]],[[24028,38543],[63,12]],[[24091,38555],[74,69]],[[24165,38624],[54,3]],[[24219,38627],[69,-18]],[[24288,38609],[73,77]],[[24361,38686],[69,-11]],[[24430,38675],[43,-23]],[[24473,38652],[4,-37]],[[24477,38615],[47,-36]],[[24524,38579],[48,-101]],[[24572,38478],[50,57]],[[24622,38535],[69,-1]],[[24691,38534],[27,-34]],[[24718,38500],[21,-73]],[[24725,38380],[14,47]],[[24725,38380],[37,-42]],[[24753,38292],[9,46]],[[24753,38292],[91,-49]],[[24844,38243],[5,-75]],[[24849,38168],[46,-17]],[[24895,38151],[69,-111]],[[24928,37945],[36,95]],[[24928,37945],[5,-40]],[[24920,37863],[13,42]],[[24920,37863],[27,-100]],[[24947,37763],[8,-19]],[[24955,37744],[52,-25]],[[25007,37719],[18,-47]],[[25025,37672],[97,-23]],[[25122,37649],[15,-110]],[[25137,37539],[77,-8]],[[25214,37531],[80,40]],[[25294,37571],[27,-24]],[[25321,37547],[8,-38]],[[25329,37509],[66,-64]],[[25395,37445],[30,66]],[[25425,37511],[38,19]],[[25463,37530],[70,-17]],[[25533,37513],[4,-55]],[[25537,37458],[29,-69]],[[25566,37389],[73,11]],[[25639,37400],[165,-38]],[[25779,37293],[25,69]],[[25770,37235],[9,58]],[[25770,37235],[65,-77]],[[25835,37158],[17,-36]],[[25852,37122],[6,-64]],[[25852,36997],[6,61]],[[25852,36997],[81,-43]],[[25933,36954],[19,-35]],[[25952,36919],[2,-44]],[[25954,36875],[126,-117]],[[26080,36758],[17,-122]],[[26097,36636],[27,-45]],[[26106,36506],[18,85]],[[26106,36506],[99,3]],[[26205,36509],[252,39]],[[26457,36548],[4,-106]],[[26461,36442],[32,-48]],[[26484,36340],[9,54]],[[26484,36340],[41,-1]],[[26525,36339],[83,-58]],[[26608,36281],[40,-39]],[[26648,36242],[78,-96]],[[26726,36146],[25,-9]],[[26751,36137],[38,-56]],[[26789,36081],[53,-20]],[[26842,36061],[27,-71]],[[26869,35990],[89,-21]],[[26958,35969],[31,-42]],[[26989,35927],[35,-2]],[[27024,35925],[28,-42]],[[27052,35883],[5,-58]],[[27039,35767],[18,58]],[[26926,35736],[113,31]],[[26880,35700],[46,36]],[[26801,35692],[79,8]],[[26738,35631],[63,61]],[[26710,35623],[28,8]],[[26695,35579],[15,44]],[[26661,35580],[34,-1]],[[26606,35521],[55,59]],[[26550,35543],[56,-22]],[[26519,35534],[31,9]],[[26519,35534],[2,-105]],[[26521,35429],[11,-58]],[[26532,35371],[77,-39]],[[26609,35332],[45,-46]],[[26654,35286],[39,-15]],[[26693,35271],[22,-75]],[[26715,35196],[37,-12]],[[26752,35184],[38,-62]],[[26790,35122],[61,-7]],[[26851,35115],[96,-58]],[[26947,35057],[45,-15]],[[26992,35042],[41,5]],[[27033,35047],[25,-71]],[[27054,34937],[4,39]],[[27054,34937],[29,-99]],[[27083,34838],[30,-59]],[[27113,34779],[82,-37]],[[27195,34742],[57,-56]],[[27252,34686],[18,-35]],[[27262,34601],[8,50]],[[27262,34601],[2,-56]],[[27190,34477],[74,68]],[[27148,34448],[42,29]],[[27133,34396],[15,52]],[[27034,34338],[99,58]],[[26997,34341],[37,-3]],[[26997,34341],[9,-97]],[[27006,34244],[50,-31]],[[27056,34213],[22,-36]],[[27078,34177],[18,-71]],[[27096,34106],[38,-38]],[[27134,34068],[63,31]],[[27197,34099],[40,-64]],[[27177,33962],[60,73]],[[27152,33948],[25,14]],[[27091,33948],[61,0]],[[27086,33917],[5,31]],[[27036,33895],[50,22]],[[27028,33834],[8,61]],[[27028,33834],[45,-30]],[[27069,33767],[4,37]],[[27023,33783],[46,-16]],[[26926,33916],[97,-133]],[[26894,33938],[32,-22]],[[26828,33917],[66,21]],[[26814,33872],[14,45]],[[26744,33799],[70,73]],[[26717,33798],[27,1]],[[26673,33838],[44,-40]],[[26652,33833],[21,5]],[[26652,33833],[16,-53]],[[26668,33780],[31,0]],[[26699,33780],[27,-43]],[[26726,33737],[40,-1]],[[26766,33736],[20,-27]],[[26786,33709],[67,-49]],[[26853,33660],[42,-69]],[[26895,33591],[49,-47]],[[26939,33486],[5,58]],[[26939,33486],[29,-41]],[[26968,33445],[58,-26]],[[27026,33419],[67,15]],[[27093,33434],[36,-89]],[[27102,33321],[27,24]],[[27082,33206],[20,115]],[[27082,33206],[9,-39]],[[27091,33167],[55,-63]],[[27146,33104],[23,-7]],[[27150,33042],[19,55]],[[27150,33042],[0,-61]],[[27150,32981],[16,-29]],[[27161,32906],[5,46]],[[27161,32906],[21,-43]],[[27169,32827],[13,36]],[[27091,32816],[78,11]],[[27069,32769],[22,47]],[[27010,32763],[59,6]],[[26997,32730],[13,33]],[[26931,32666],[66,64]],[[26902,32611],[29,55]],[[26902,32611],[57,-32]],[[26959,32579],[72,-114]],[[27031,32465],[101,-82]],[[27132,32383],[55,-21]],[[27161,32251],[26,111]],[[27075,32147],[86,104]],[[26992,31983],[83,164]],[[26992,31983],[82,-150]],[[27058,31779],[16,54]],[[27058,31779],[3,-45]],[[27061,31734],[27,-32]],[[27088,31702],[17,-80]],[[27105,31622],[11,-94]],[[27067,31398],[49,130]],[[27067,31398],[46,-64]],[[27099,31276],[14,58]],[[27099,31276],[42,-19]],[[27141,31257],[44,-72]],[[27185,31185],[24,2]],[[27209,31187],[58,-52]],[[27267,31135],[86,-9]],[[27353,31126],[72,20]],[[27425,31146],[38,-33]],[[27463,31113],[47,-12]],[[27510,31101],[38,-31]],[[27548,31070],[35,51]],[[27583,31121],[36,30]],[[27619,31151],[39,64]],[[27658,31215],[50,8]],[[27708,31223],[50,-22]],[[27758,31201],[48,-73]],[[27806,31128],[50,-55]],[[27856,31073],[61,-13]],[[27917,31060],[79,-31]],[[27996,31029],[46,-91]],[[28042,30938],[42,-14]],[[28084,30924],[32,11]],[[28116,30935],[26,-1]],[[28142,30934],[70,51]],[[28212,30985],[85,1]],[[28297,30986],[93,108]],[[28390,31094],[4,44]],[[28340,31249],[54,-111]],[[28340,31249],[27,92]],[[28367,31341],[21,43]],[[28379,31451],[9,-67]],[[28379,31451],[69,87]],[[28448,31538],[52,-7]],[[28500,31531],[46,11]],[[28546,31542],[40,36]],[[28586,31578],[112,41]],[[28698,31619],[38,46]],[[28736,31665],[80,-39]],[[28816,31626],[64,41]],[[28880,31667],[80,8]],[[28960,31675],[25,-20]],[[28985,31655],[53,38]],[[29038,31693],[64,10]],[[29102,31703],[14,-28]],[[29104,31592],[12,83]],[[29104,31592],[85,-102]],[[29189,31490],[28,-58]],[[29217,31432],[61,-69]],[[29278,31363],[82,-50]],[[29360,31313],[12,-31]],[[29372,31282],[41,-14]],[[29413,31268],[37,-36]],[[29450,31232],[39,-17]],[[29489,31215],[22,-51]],[[29511,31164],[59,-53]],[[29570,31111],[43,19]],[[29613,31130],[45,-33]],[[29658,31097],[30,-42]],[[29669,31008],[19,47]],[[29669,31008],[4,-46]],[[29673,30962],[22,-25]],[[29695,30937],[4,-93]],[[29699,30844],[44,-40]],[[29743,30804],[69,-9]],[[29812,30795],[50,21]],[[29862,30816],[73,11]],[[29935,30827],[85,-44]],[[30020,30783],[66,-20]],[[30086,30763],[64,55]],[[30150,30818],[34,52]],[[30184,30870],[10,40]],[[30194,30910],[50,11]],[[30244,30921],[56,-15]],[[30300,30906],[66,-53]],[[30366,30853],[52,40]],[[30418,30893],[17,-26]],[[30435,30867],[69,9]],[[30504,30876],[26,-32]],[[30530,30844],[51,-10]],[[30581,30834],[76,-45]],[[30657,30789],[28,17]],[[30685,30806],[26,-38]],[[30711,30768],[106,-27]],[[30817,30741],[34,-36]],[[30851,30705],[18,-138]],[[30869,30567],[34,-65]],[[30903,30502],[81,-63]],[[30984,30439],[37,-42]],[[31021,30397],[21,-96]],[[31021,30239],[21,62]],[[31021,30239],[23,-48]],[[31044,30191],[42,-35]],[[31086,30156],[51,-103]],[[31137,30053],[5,-89]],[[31142,29964],[15,-67]],[[31157,29897],[48,-100]],[[31205,29797],[24,-23]],[[31229,29774],[78,104]],[[31307,29878],[49,-37]],[[31356,29841],[54,-88]],[[31410,29753],[22,-93]],[[31432,29660],[2,-77]],[[31434,29583],[54,-102]],[[31488,29481],[14,-66]],[[31502,29415],[43,-7]],[[31511,29385],[34,23]],[[31434,29380],[77,5]],[[31418,29408],[16,-28]],[[31329,29407],[89,1]],[[31273,29438],[56,-31]],[[31220,29454],[53,-16]],[[31205,29428],[15,26]],[[31205,29428],[4,-96]],[[31177,29282],[32,50]],[[31145,29262],[32,20]],[[31040,29086],[105,176]],[[31010,29056],[30,30]],[[31010,29056],[9,-37]],[[31019,29019],[47,-82]],[[31066,28937],[33,-21]],[[31094,28887],[5,29]],[[31094,28887],[7,-16]],[[31066,28779],[35,92]],[[30999,28714],[67,65]],[[30997,28671],[2,43]],[[30997,28671],[55,-58]],[[31052,28613],[41,-3]],[[31093,28610],[23,66]],[[31095,28692],[21,-16]],[[31091,28754],[4,-62]],[[31091,28754],[16,7]],[[31107,28761],[59,-25]],[[31166,28736],[67,-68]],[[31174,28601],[59,67]],[[31111,28606],[63,-5]],[[31096,28527],[15,79]],[[31096,28527],[30,-108]],[[31126,28419],[53,-17]],[[31179,28402],[69,-49]],[[31215,28307],[33,46]],[[31215,28307],[45,-63]],[[31259,28181],[1,63]],[[31247,28097],[12,84]],[[31218,28063],[29,34]],[[31214,28023],[4,40]],[[31214,28023],[27,-28]],[[31231,27961],[10,34]],[[31231,27961],[8,-77]],[[31235,27786],[4,98]],[[31235,27786],[20,-36]],[[31214,27668],[41,82]],[[31190,27594],[24,74]],[[31190,27594],[52,-116]],[[31242,27478],[49,-76]],[[31291,27402],[90,-110]],[[31381,27292],[38,-26]],[[31419,27266],[10,-53]],[[31429,27213],[27,-40]],[[31456,27173],[35,-11]],[[31491,27162],[33,-62]],[[31524,27100],[35,-34]],[[31559,27066],[10,-43]],[[31569,27023],[30,-51]],[[31599,26972],[55,13]],[[31654,26985],[63,-23]],[[31717,26962],[73,11]],[[31790,26973],[39,61]],[[31797,27107],[32,-73]],[[31797,27107],[1,30]],[[31769,27161],[29,-24]],[[31753,27207],[16,-46]],[[31701,27274],[52,-67]],[[31688,27322],[13,-48]],[[31688,27322],[30,41]],[[31718,27363],[10,53]],[[31728,27416],[71,44]],[[31799,27460],[24,-28]],[[31823,27432],[49,-4]],[[31872,27428],[82,20]],[[31954,27448],[90,-30]],[[32044,27418],[41,-33]],[[32085,27385],[36,35]],[[32121,27420],[76,-15]],[[32195,27336],[2,69]],[[32195,27336],[37,-83]],[[32232,27253],[62,-54]],[[32294,27199],[42,-67]],[[32336,27132],[4,-27]],[[32340,27105],[36,-32]],[[32376,27073],[8,-100]],[[32384,26973],[27,-32]],[[32411,26941],[40,-92]],[[32384,26856],[67,-7]],[[32341,26763],[43,93]],[[32304,26745],[37,18]],[[32291,26684],[13,61]],[[32291,26684],[38,-62]],[[32329,26622],[7,-64]],[[32336,26558],[30,-46]],[[32366,26512],[36,-25]],[[32402,26487],[13,-33]],[[32415,26454],[54,-13]],[[32469,26441],[25,-99]],[[32494,26342],[43,-61]],[[32524,26255],[13,26]],[[32524,26255],[7,-75]],[[32531,26180],[39,-29]],[[32570,26151],[8,-47]],[[32548,26052],[30,52]],[[32548,26052],[75,-112]],[[32623,25940],[51,-25]],[[32674,25915],[24,-29]],[[32698,25886],[69,1]],[[32767,25887],[5,-29]],[[32772,25858],[50,-88]],[[32813,25726],[9,44]],[[32776,25521],[37,205]],[[32717,25546],[59,-25]],[[32685,25605],[32,-59]],[[32623,25587],[62,18]],[[32549,25577],[74,10]],[[32458,25582],[91,-5]],[[32395,25490],[63,92]],[[32395,25490],[56,-36]],[[32451,25454],[2,-42]],[[32425,25380],[28,32]],[[32425,25380],[20,-41]],[[32445,25339],[2,-41]],[[32405,25285],[42,13]],[[32386,25234],[19,51]],[[32386,25234],[9,-72]],[[32291,25110],[104,52]],[[32291,25110],[43,-56]],[[32334,25054],[41,-48]],[[32375,25006],[9,-38]],[[32348,24941],[36,27]],[[32348,24941],[18,-57]],[[32339,24823],[27,61]],[[32339,24823],[47,-3]],[[32386,24820],[35,55]],[[32421,24875],[55,-29]],[[32476,24846],[4,46]],[[32480,24892],[25,6]],[[32505,24898],[29,-43]],[[32534,24855],[17,60]],[[32551,24915],[77,-1]],[[32628,24914],[85,-45]],[[32683,24799],[30,70]],[[32683,24799],[31,-25]],[[32714,24774],[132,-10]],[[32846,24764],[82,19]],[[32928,24783],[54,-6]],[[32982,24777],[51,-27]],[[33033,24750],[45,2]],[[33078,24752],[113,-55]],[[33191,24697],[16,-22]],[[33207,24675],[59,-25]],[[33266,24650],[17,-44]],[[33283,24606],[6,-70]],[[33289,24536],[19,-32]],[[33290,24438],[18,66]],[[33290,24438],[18,-62]],[[33297,24307],[11,69]],[[33244,24242],[53,65]],[[33214,24144],[30,98]],[[33214,24144],[8,-65]],[[33222,24079],[32,-57]],[[33254,24022],[38,11]],[[33292,24033],[82,-49]],[[33374,23984],[76,16]],[[33450,24000],[56,-12]],[[33506,23988],[43,9]],[[33549,23997],[89,44]],[[33638,24041],[40,78]],[[33678,24119],[20,85]],[[33698,24204],[37,10]],[[33735,24214],[14,37]],[[33749,24251],[70,11]],[[33819,24262],[77,35]],[[33896,24297],[67,-59]],[[33963,24238],[33,-5]],[[33996,24233],[25,-29]],[[33996,24108],[25,96]],[[33972,24089],[24,19]],[[33957,24018],[15,71]],[[33945,23892],[12,126]],[[33909,23866],[36,26]],[[33905,23835],[4,31]],[[33905,23835],[18,-50]],[[33891,23779],[32,6]],[[33858,23718],[33,61]],[[33806,23692],[52,26]],[[33806,23692],[2,-93]],[[33808,23599],[27,-19]],[[33835,23580],[13,-54]],[[33839,23452],[9,74]],[[33839,23452],[28,-32]],[[33867,23420],[64,6]],[[33931,23426],[57,-10]],[[33988,23416],[141,-57]],[[34129,23359],[86,-68]],[[34215,23291],[54,-113]],[[34269,23178],[22,-27]],[[34291,23151],[22,-127]],[[34267,22978],[46,46]],[[34256,22889],[11,89]],[[34256,22889],[20,-95]],[[34276,22794],[53,-73]],[[34329,22721],[23,-47]],[[34337,22622],[15,52]],[[34337,22622],[18,-26]],[[34330,22462],[25,134]],[[34330,22462],[65,36]],[[34395,22498],[25,-9]],[[34420,22489],[91,48]],[[34511,22537],[57,-6]],[[34560,22476],[8,55]],[[34560,22476],[22,-9]],[[34582,22467],[11,-42]],[[34573,22386],[20,39]],[[34536,22376],[37,10]],[[34527,22344],[9,32]],[[34471,22290],[56,54]],[[34471,22290],[26,-84]],[[34497,22206],[25,-16]],[[34522,22190],[43,-35]],[[34565,22155],[54,-14]],[[34619,22141],[80,25]],[[34699,22166],[8,-111]],[[34707,22055],[68,-71]],[[34775,21984],[58,-44]],[[34817,21919],[16,21]],[[34804,21841],[13,78]],[[34804,21841],[41,-33]],[[34845,21808],[3,-42]],[[34848,21766],[30,-42]],[[34878,21724],[14,-131]],[[34879,21562],[13,31]],[[34879,21562],[17,-105]],[[34896,21457],[29,-60]],[[34866,21306],[59,91]],[[34852,21249],[14,57]],[[34852,21249],[36,-62]],[[34887,21153],[1,34]],[[34816,21086],[71,67]],[[34780,21034],[36,52]],[[34716,20994],[64,40]],[[34661,20934],[55,60]],[[34652,20900],[9,34]],[[34617,20838],[35,62]],[[34617,20838],[16,-58]],[[34607,20716],[26,64]],[[34607,20716],[30,-62]],[[34625,20600],[12,54]],[[34625,20600],[26,-63]],[[34602,20518],[49,19]],[[34578,20490],[24,28]],[[34578,20490],[4,-38]],[[34547,20414],[35,38]],[[34547,20414],[21,-108]],[[34557,20257],[11,49]],[[34557,20257],[49,-58]],[[34606,20199],[15,-81]],[[34584,20019],[37,99]],[[34561,19997],[23,22]],[[34541,19956],[20,41]],[[34536,19902],[5,54]],[[34529,19847],[7,55]],[[34529,19847],[36,-61]],[[34565,19786],[7,-86]],[[34555,19648],[17,52]],[[34555,19648],[41,-63]],[[34596,19585],[16,-68]],[[34612,19517],[43,-32]],[[34622,19417],[33,68]],[[34608,19309],[14,108]],[[34608,19309],[36,-141]],[[34598,19016],[46,152]],[[34598,19016],[6,-63]],[[34604,18953],[17,-57]],[[34590,18874],[31,22]],[[34547,18875],[43,-1]],[[34529,18831],[18,44]],[[34511,18774],[18,57]],[[34449,18758],[62,16]],[[34449,18758],[1,-33]],[[34450,18725],[25,-26]],[[34431,18602],[44,97]],[[34406,18591],[25,11]],[[34383,18571],[23,20]],[[34355,18497],[28,74]],[[34355,18497],[0,-46]],[[34330,18428],[25,23]],[[34330,18428],[15,-67]],[[34320,18199],[25,162]],[[34290,18115],[30,84]],[[34290,18115],[16,-77]],[[34306,18038],[19,-23]],[[34304,17898],[21,117]],[[34257,17862],[47,36]],[[34251,17813],[6,49]],[[34216,17735],[35,78]],[[34179,17736],[37,-1]],[[34147,17707],[32,29]],[[34134,17657],[13,50]],[[34075,17619],[59,38]],[[34056,17548],[19,71]],[[34022,17596],[34,-48]],[[33954,17648],[68,-52]],[[33891,17678],[63,-30]],[[33876,17702],[15,-24]],[[33869,17769],[7,-67]],[[33869,17769],[32,53]],[[33855,17861],[46,-39]],[[33854,17892],[1,-31]],[[33783,17866],[71,26]],[[33695,17864],[88,2]],[[33645,17851],[50,13]],[[33637,17813],[8,38]],[[33504,17739],[133,74]],[[33500,17625],[4,114]],[[33462,17617],[38,8]],[[33462,17617],[8,-66]],[[33451,17500],[19,51]],[[33449,17457],[2,43]],[[33449,17457],[27,-19]],[[33424,17329],[52,109]],[[33408,17381],[16,-52]],[[33345,17452],[63,-71]],[[33337,17528],[8,-76]],[[33292,17527],[45,1]],[[33271,17497],[21,30]],[[33264,17432],[7,65]],[[33213,17342],[51,90]],[[33184,17321],[29,21]],[[33150,17237],[34,84]],[[33149,17206],[1,31]],[[33104,17164],[45,42]],[[33064,17084],[40,80]],[[33017,17023],[47,61]],[[33004,16924],[13,99]],[[32990,16912],[14,12]],[[32951,16919],[39,-7]],[[32905,16879],[46,40]],[[32873,16817],[32,62]],[[44223,2852],[123,-512]],[[44081,3196],[142,-344]],[[44036,3451],[45,-255]],[[44011,3590],[25,-139]],[[43929,3687],[82,-97]],[[43843,3792],[86,-105]],[[43425,3404],[418,388]],[[42904,3312],[521,92]],[[42809,3266],[95,46]],[[42644,3312],[165,-46]],[[42629,3352],[15,-40]],[[42412,3930],[217,-578]],[[42231,4085],[181,-155]],[[42055,3761],[176,324]],[[41351,3814],[704,-53]],[[41214,3824],[137,-10]],[[40810,3720],[404,104]],[[40636,3951],[174,-231]],[[40545,4124],[91,-173]],[[40279,4213],[266,-89]],[[40161,4258],[118,-45]],[[40156,4328],[5,-70]],[[40090,4421],[66,-93]],[[40072,4470],[18,-49]],[[40067,4525],[5,-55]],[[40067,4525],[45,40]],[[40067,4612],[45,-47]],[[40067,4612],[6,63]],[[40034,4710],[39,-35]],[[26457,36548],[199,3]],[[26656,36551],[72,-38]],[[26728,36513],[57,81]],[[26785,36594],[54,-30]],[[26839,36564],[52,0]],[[26891,36564],[17,-28]],[[26908,36536],[59,-21]],[[26967,36515],[13,53]],[[26980,36568],[42,74]],[[27022,36642],[23,56]],[[27045,36698],[47,-49]],[[27092,36649],[76,45]],[[27168,36694],[31,-3]],[[27199,36691],[35,33]],[[27234,36724],[50,4]],[[27284,36728],[28,32]],[[27312,36760],[69,17]],[[27381,36777],[2,114]],[[27383,36891],[92,115]],[[27475,37006],[48,47]],[[27523,37053],[39,55]],[[27562,37108],[24,-25]],[[27586,37083],[69,14]],[[27655,37097],[28,52]],[[27679,37224],[4,-75]],[[27661,37259],[18,-35]],[[27661,37259],[58,46]],[[27719,37305],[17,65]],[[27732,37405],[4,-35]],[[27732,37405],[91,79]],[[27823,37484],[32,53]],[[27852,37563],[3,-26]],[[27848,37621],[4,-58]],[[27848,37621],[30,37]],[[27878,37658],[83,44]],[[27961,37702],[2,99]],[[27963,37801],[14,28]],[[27964,37888],[13,-59]],[[27964,37888],[37,115]],[[28001,38003],[46,26]],[[28047,38029],[38,-19]],[[28085,38010],[39,17]],[[28124,38027],[35,-28]],[[28159,37999],[23,17]],[[28182,38016],[40,-13]],[[28222,38003],[224,197]],[[28446,38200],[82,-7]],[[28528,38193],[89,8]],[[28617,38201],[24,14]],[[28641,38215],[291,51]],[[28932,38266],[302,57]],[[29234,38323],[251,47]],[[29485,38370],[434,47]],[[29919,38417],[63,7]],[[29982,38424],[181,93]],[[30163,38517],[167,7]],[[30330,38524],[164,-46]],[[30494,38478],[66,13]],[[30560,38491],[103,-40]],[[30663,38451],[19,32]],[[30682,38483],[69,12]],[[30751,38495],[33,-35]],[[30784,38460],[193,-18]],[[30977,38442],[111,53]],[[31088,38495],[91,57]],[[31179,38552],[38,23]],[[31217,38575],[38,88]],[[31255,38663],[63,30]],[[31318,38693],[130,28]],[[31448,38721],[103,-62]],[[31551,38659],[65,-16]],[[31616,38643],[47,19]],[[31663,38662],[40,15]],[[31703,38677],[35,112]],[[31738,38789],[52,1]],[[31790,38790],[89,-13]],[[31879,38777],[64,-44]],[[31943,38733],[126,42]],[[32069,38775],[299,75]],[[32368,38850],[168,44]],[[32536,38894],[64,-18]],[[32600,38876],[143,-60]],[[32743,38816],[12,-5]],[[32755,38811],[87,33]],[[32842,38844],[51,54]],[[32893,38898],[60,-31]],[[32953,38867],[36,17]],[[32989,38884],[146,45]],[[33135,38929],[93,43]],[[33228,38972],[59,112]],[[33287,39084],[45,187]],[[33332,39271],[20,195]],[[33352,39466],[35,34]],[[33387,39500],[72,62]],[[33459,39562],[156,119]],[[33615,39681],[32,19]],[[33647,39700],[46,87]],[[33693,39787],[11,81]],[[33704,39868],[25,49]],[[33729,39917],[11,112]],[[33740,40029],[13,46]],[[33753,40075],[56,137]],[[33809,40212],[48,70]],[[33857,40282],[51,65]],[[33908,40347],[61,40]],[[33969,40387],[34,57]],[[33999,40510],[4,-66]],[[33966,40593],[33,-83]],[[33966,40593],[35,72]],[[34001,40665],[78,-7]],[[34079,40658],[15,74]],[[34094,40732],[32,-58]],[[34126,40674],[22,8]],[[34148,40682],[45,54]],[[34193,40736],[4,35]],[[34197,40771],[37,28]],[[34234,40799],[45,-35]],[[34243,40710],[36,54]],[[34243,40710],[42,-15]],[[34285,40695],[35,24]],[[34320,40719],[41,-6]],[[34361,40713],[82,72]],[[34443,40785],[22,43]],[[34465,40828],[26,-12]],[[34491,40816],[71,-50]],[[34562,40766],[1,38]],[[34529,40816],[34,-12]],[[34529,40816],[16,41]],[[34545,40857],[64,-5]],[[34609,40852],[49,20]],[[34658,40872],[24,36]],[[34661,40941],[21,-33]],[[34661,40941],[57,23]],[[34718,40964],[26,36]],[[34744,41000],[29,-37]],[[34773,40963],[43,-1]],[[34816,40962],[49,24]],[[34865,40986],[70,-29]],[[34935,40957],[60,-30]],[[34995,40927],[30,22]],[[35025,40949],[35,-33]],[[35060,40916],[50,42]],[[35110,40958],[56,18]],[[35154,41027],[12,-51]],[[35154,41027],[10,26]],[[35164,41053],[110,-48]],[[35274,41005],[17,37]],[[35268,41099],[23,-57]],[[35268,41099],[11,74]],[[35279,41173],[36,51]],[[35315,41224],[62,18]],[[35377,41242],[48,-65]],[[35425,41177],[65,16]],[[35490,41193],[58,11]],[[35513,41274],[35,-70]],[[35513,41274],[32,20]],[[35545,41294],[46,-33]],[[35591,41261],[9,46]],[[35597,41374],[3,-67]],[[35597,41374],[31,16]],[[35628,41390],[44,-53]],[[35672,41337],[8,-29]],[[35680,41308],[39,18]],[[35719,41326],[43,89]],[[35762,41415],[26,-20]],[[35788,41395],[2,-40]],[[35773,41315],[17,40]],[[35773,41315],[29,-55]],[[35802,41260],[87,27]],[[35889,41287],[42,44]],[[35931,41331],[19,79]],[[35950,41410],[48,3]],[[35998,41413],[23,-93]],[[36021,41320],[70,-57]],[[36091,41263],[44,3]],[[36135,41266],[13,33]],[[36117,41357],[31,-58]],[[36117,41357],[31,13]],[[36148,41370],[54,-29]],[[36202,41341],[3,-17]],[[36159,41265],[46,59]],[[36159,41265],[37,-10]],[[36196,41255],[69,30]],[[36265,41285],[18,-6]],[[36283,41279],[56,7]],[[36339,41286],[81,-43]],[[36420,41243],[21,15]],[[36441,41258],[15,48]],[[36456,41306],[56,3]],[[36512,41309],[41,38]],[[36553,41347],[51,-48]],[[36604,41299],[8,-27]],[[36612,41272],[52,-13]],[[36664,41259],[17,-82]],[[36680,41135],[1,42]],[[36680,41135],[27,-38]],[[36707,41097],[44,23]],[[36751,41120],[20,35]],[[36771,41155],[31,17]],[[36802,41172],[24,-27]],[[36826,41145],[28,-114]],[[36854,41031],[70,-61]],[[36924,40970],[61,-75]],[[36985,40895],[23,-14]],[[37008,40881],[83,14]],[[37091,40895],[28,-26]],[[37084,40825],[35,44]],[[37039,40818],[45,7]],[[37037,40772],[2,46]],[[37037,40772],[45,-57]],[[37082,40715],[41,-18]],[[37123,40697],[55,14]],[[37178,40711],[11,22]],[[37143,40851],[46,-118]],[[37143,40851],[9,18]],[[37152,40869],[84,10]],[[37236,40879],[66,-29]],[[37302,40850],[44,-81]],[[37324,40698],[22,71]],[[37257,40623],[67,75]],[[37257,40623],[16,-68]],[[37273,40555],[56,-26]],[[37329,40529],[128,17]],[[37457,40546],[88,-42]],[[37545,40504],[35,-62]],[[37571,40416],[9,26]],[[37524,40387],[47,29]],[[37450,40416],[74,-29]],[[37402,40457],[48,-41]],[[37360,40433],[42,24]],[[37359,40388],[1,45]],[[37359,40388],[31,-82]],[[37390,40306],[44,-33]],[[37434,40273],[20,-15]],[[37454,40258],[75,1]],[[37529,40259],[37,-14]],[[37566,40245],[50,-44]],[[37616,40201],[38,3]],[[37654,40204],[65,126]],[[37719,40330],[23,16]],[[37742,40346],[43,-18]],[[37755,40230],[30,98]],[[37755,40230],[38,-6]],[[37793,40224],[25,46]],[[37818,40270],[26,-12]],[[37815,40142],[29,116]],[[37815,40142],[38,-75]],[[37837,39988],[16,79]],[[37783,39938],[54,50]],[[37783,39938],[7,-47]],[[37790,39891],[74,-43]],[[37864,39848],[8,-15]],[[37872,39833],[4,-73]],[[37876,39760],[16,-31]],[[37892,39729],[69,-43]],[[37961,39686],[94,-80]],[[38055,39606],[34,-43]],[[38089,39563],[14,-39]],[[38096,39459],[7,65]],[[38096,39459],[16,-30]],[[38112,39429],[39,-12]],[[38151,39417],[57,10]],[[38208,39427],[34,-43]],[[38153,39318],[89,66]],[[38142,39211],[11,107]],[[38142,39211],[13,-25]],[[38155,39186],[38,-10]],[[38193,39176],[88,86]],[[38281,39262],[44,12]],[[38325,39274],[40,-40]],[[38314,39171],[51,63]],[[38293,39129],[21,42]],[[38293,39129],[37,-60]],[[38330,39069],[64,-14]],[[38394,39055],[169,36]],[[38527,39018],[36,73]],[[38498,38882],[29,136]],[[38434,38839],[64,43]],[[38434,38839],[70,-52]],[[38504,38787],[65,-47]],[[38569,38740],[70,-74]],[[38496,38434],[143,232]],[[38496,38434],[273,-165]],[[38769,38269],[61,-465]],[[38830,37804],[117,-92]],[[38947,37712],[69,-5]],[[39016,37707],[30,-24]],[[39036,37634],[10,49]],[[38964,37590],[72,44]],[[38933,37639],[31,-49]],[[38910,37649],[23,-10]],[[38873,37594],[37,55]],[[38867,37553],[6,41]],[[38867,37553],[35,-55]],[[38902,37498],[110,17]],[[39012,37515],[2,-37]],[[38959,37424],[55,54]],[[38959,37424],[3,-57]],[[38962,37367],[98,-43]],[[39060,37324],[10,-70]],[[39070,37254],[21,-18]],[[39091,37236],[3,-54]],[[39094,37182],[59,23]],[[39153,37205],[18,-115]],[[39154,37052],[17,38]],[[39154,37052],[16,-31]],[[39170,37021],[63,41]],[[39233,37062],[36,-61]],[[39240,36939],[29,62]],[[39240,36939],[22,-18]],[[39262,36921],[72,33]],[[39326,36902],[8,52]],[[39276,36885],[50,17]],[[39249,36807],[27,78]],[[39249,36807],[31,-51]],[[39280,36756],[40,-7]],[[39317,36696],[3,53]],[[39271,36701],[46,-5]],[[39245,36737],[26,-36]],[[39178,36731],[67,6]],[[39173,36775],[5,-44]],[[39137,36756],[36,19]],[[39113,36681],[24,75]],[[39085,36656],[28,25]],[[39085,36656],[52,-47]],[[39137,36609],[37,-10]],[[39174,36599],[17,-40]],[[39187,36520],[4,39]],[[39187,36520],[17,-35]],[[39204,36485],[65,-1]],[[39241,36414],[28,70]],[[39220,36394],[21,20]],[[39220,36394],[62,-61]],[[39282,36333],[68,-22]],[[39350,36311],[2,-58]],[[39338,36208],[14,45]],[[39338,36208],[6,-52]],[[39344,36156],[54,1]],[[39398,36157],[46,-73]],[[39444,36084],[15,-51]],[[39456,35992],[3,41]],[[39456,35992],[46,-42]],[[39502,35950],[50,-84]],[[39552,35866],[47,-32]],[[39599,35834],[105,-36]],[[39704,35798],[23,-24]],[[39727,35774],[8,-51]],[[39735,35723],[42,-111]],[[39777,35612],[53,-55]],[[39830,35557],[62,-33]],[[39892,35524],[75,-56]],[[39967,35468],[35,-2]],[[40002,35466],[74,17]],[[40076,35483],[23,-31]],[[40035,35368],[64,84]],[[40035,35368],[30,-74]],[[40065,35294],[62,-7]],[[40080,35226],[47,61]],[[40080,35226],[7,-19]],[[40087,35207],[63,-17]],[[40127,35122],[23,68]],[[40127,35122],[42,-22]],[[40169,35100],[27,-45]],[[40196,35055],[47,15]],[[40243,35070],[18,-31]],[[40207,35023],[54,16]],[[40207,35023],[37,-92]],[[40244,34931],[39,25]],[[40263,34879],[20,77]],[[40259,34809],[4,70]],[[40259,34809],[19,-31]],[[40278,34778],[54,-37]],[[40332,34741],[4,-55]],[[40336,34686],[25,-29]],[[40361,34657],[25,-46]],[[40386,34611],[83,35]],[[40469,34646],[0,-42]],[[40469,34604],[23,-40]],[[40492,34564],[49,-8]],[[40541,34556],[15,48]],[[40556,34604],[38,67]],[[40594,34671],[16,-25]],[[40587,34607],[23,39]],[[40586,34543],[1,64]],[[40586,34543],[29,-19]],[[40615,34524],[19,70]],[[40634,34594],[66,-35]],[[40700,34559],[15,40]],[[40688,34617],[27,-18]],[[40688,34617],[27,41]],[[40715,34658],[25,-15]],[[40740,34643],[12,-82]],[[40752,34561],[19,-31]],[[40771,34530],[53,-30]],[[40824,34500],[14,-46]],[[40838,34454],[39,-24]],[[40877,34430],[26,25]],[[40903,34455],[23,-25]],[[40926,34430],[5,-44]],[[40904,34306],[27,80]],[[40843,34290],[61,16]],[[40843,34290],[17,-89]],[[40819,34162],[41,39]],[[40819,34162],[19,-60]],[[40838,34102],[54,-31]],[[40892,34071],[22,27]],[[40914,34098],[30,-85]],[[40943,33975],[1,38]],[[40943,33975],[23,-32]],[[40966,33943],[35,4]],[[40994,33874],[7,73]],[[40927,33833],[67,41]],[[40917,33754],[10,79]],[[40917,33754],[11,-86]],[[40928,33668],[26,-79]],[[40954,33589],[43,5]],[[40997,33594],[44,-30]],[[41041,33564],[40,38]],[[41081,33602],[24,-18]],[[41091,33483],[14,101]],[[41074,33420],[17,63]],[[41074,33420],[25,-17]],[[41099,33403],[38,25]],[[41131,33362],[6,66]],[[41131,33362],[18,-30]],[[41149,33332],[39,1]],[[41095,33247],[93,86]],[[41080,33275],[15,-28]],[[41036,33271],[44,4]],[[41024,33226],[12,45]],[[41024,33226],[48,9]],[[41070,33185],[2,50]],[[41070,33185],[25,-40]],[[41095,33145],[28,13]],[[41107,33201],[16,-43]],[[41107,33201],[22,39]],[[41129,33240],[28,2]],[[41157,33242],[11,-48]],[[41168,33194],[33,-29]],[[41201,33165],[32,59]],[[41233,33224],[27,-61]],[[41260,33163],[8,-78]],[[41268,33085],[56,-1]],[[41298,33040],[26,44]],[[41298,33040],[7,-23]],[[41305,33017],[81,-14]],[[41378,33065],[8,-62]],[[41378,33065],[79,6]],[[41457,33071],[29,-33]],[[41486,33038],[13,-28]],[[41499,33010],[38,7]],[[41537,33017],[47,-37]],[[41578,32894],[6,86]],[[41578,32894],[30,-11]],[[41608,32883],[21,53]],[[41629,32936],[73,-20]],[[41686,32998],[16,-82]],[[41686,32998],[30,14]],[[41716,33012],[67,-57]],[[41783,32955],[36,20]],[[41819,32975],[32,-26]],[[41851,32949],[32,-65]],[[41883,32884],[11,-86]],[[41894,32798],[48,15]],[[41923,32706],[19,107]],[[41923,32706],[75,-48]],[[41995,32629],[3,29]],[[41948,32646],[47,-17]],[[41914,32635],[34,11]],[[41914,32635],[13,-48]],[[41927,32587],[42,33]],[[41969,32620],[31,-47]],[[41971,32542],[29,31]],[[41932,32534],[39,8]],[[41932,32534],[7,-34]],[[41939,32500],[20,-26]],[[41959,32474],[53,-5]],[[41987,32425],[25,44]],[[41987,32425],[14,-27]],[[42001,32398],[92,18]],[[42093,32416],[12,-26]],[[42078,32323],[27,67]],[[42078,32323],[60,0]],[[42138,32323],[32,-25]],[[42167,32267],[3,31]],[[42135,32224],[32,43]],[[42135,32224],[62,-26]],[[42181,32158],[16,40]],[[42176,32065],[5,93]],[[42176,32065],[12,-23]],[[42188,32042],[84,-13]],[[42249,31975],[23,54]],[[42236,31907],[13,68]],[[42236,31907],[9,-38]],[[42245,31869],[74,-55]],[[42282,31769],[37,45]],[[42273,31720],[9,49]],[[42210,31730],[63,-10]],[[42177,31691],[33,39]],[[42177,31691],[20,-25]],[[42197,31666],[43,24]],[[42240,31690],[26,-42]],[[42254,31620],[12,28]],[[42178,31647],[76,-27]],[[42178,31647],[2,-36]],[[42180,31611],[111,-23]],[[42291,31588],[69,6]],[[42360,31594],[93,-41]],[[42453,31553],[53,25]],[[42506,31578],[52,-67]],[[42540,31467],[18,44]],[[42518,31466],[22,1]],[[42504,31519],[14,-53]],[[42485,31529],[19,-10]],[[42459,31482],[26,47]],[[42418,31448],[41,34]],[[42418,31448],[39,-49]],[[42457,31399],[129,-21]],[[42578,31335],[8,43]],[[42578,31335],[39,-40]],[[42617,31295],[19,45]],[[42636,31340],[55,-1]],[[42689,31297],[2,42]],[[42689,31297],[56,-39]],[[42727,31190],[18,68]],[[42727,31190],[51,-5]],[[42778,31185],[31,-41]],[[42809,31144],[15,-96]],[[42824,31048],[45,22]],[[42869,31070],[63,-83]],[[42932,30987],[38,7]],[[42970,30994],[50,-49]],[[43020,30945],[30,2]],[[43050,30947],[112,-31]],[[43093,30845],[69,71]],[[43093,30845],[81,-67]],[[43174,30778],[61,21]],[[43235,30799],[38,-17]],[[43273,30782],[10,-44]],[[43283,30738],[53,-26]],[[43336,30712],[17,33]],[[43353,30745],[34,-36]],[[43379,30674],[8,35]],[[43379,30674],[118,-54]],[[43497,30620],[49,14]],[[43546,30634],[23,51]],[[43569,30685],[56,-21]],[[43625,30664],[12,-56]],[[43637,30608],[45,29]],[[43682,30637],[30,-77]],[[43650,30589],[62,-29]],[[43618,30571],[32,18]],[[43597,30512],[21,59]],[[43597,30512],[40,10]],[[43637,30522],[19,-55]],[[43656,30467],[37,-33]],[[43693,30434],[68,-32]],[[43761,30402],[77,-48]],[[43838,30354],[42,-17]],[[43856,30296],[24,41]],[[43856,30296],[38,-3]],[[43894,30293],[62,-46]],[[43956,30247],[3,-27]],[[43907,30190],[52,30]],[[43907,30190],[1,-62]],[[43866,30100],[42,28]],[[43866,30100],[45,-60]],[[43911,30040],[39,6]],[[43936,29994],[14,52]],[[43936,29994],[46,-18]],[[43974,29911],[8,65]],[[43908,29842],[66,69]],[[43908,29842],[90,-4]],[[43992,29781],[6,57]],[[43992,29781],[78,-38]],[[44016,29626],[54,117]],[[43994,29636],[22,-10]],[[43932,29606],[62,30]],[[43912,29572],[20,34]],[[43912,29572],[15,-60]],[[43927,29512],[48,-6]],[[43975,29506],[20,-32]],[[43995,29474],[27,33]],[[44022,29507],[28,-54]],[[44050,29453],[39,16]],[[44081,29387],[8,82]],[[44081,29387],[34,-26]],[[44068,29310],[47,51]],[[44026,29309],[42,1]],[[44011,29273],[15,36]],[[44011,29273],[66,4]],[[44057,29242],[20,35]],[[44057,29242],[43,-46]],[[44100,29196],[49,-29]],[[44108,29076],[41,91]],[[44108,28991],[0,85]],[[44108,28991],[10,-84]],[[44109,28854],[9,53]],[[44109,28854],[24,-30]],[[44133,28824],[40,31]],[[44165,28782],[8,73]],[[44165,28782],[39,-8]],[[44190,28737],[14,37]],[[44190,28737],[34,-51]],[[44224,28686],[62,-3]],[[44286,28683],[27,-74]],[[44313,28609],[32,-14]],[[44345,28595],[32,-62]],[[44377,28533],[57,-14]],[[44434,28519],[36,-39]],[[44389,28473],[81,7]],[[44389,28473],[34,-67]],[[44423,28406],[27,-15]],[[44450,28391],[37,10]],[[44487,28401],[2,-48]],[[44462,28231],[27,122]],[[44462,28231],[19,-26]],[[44481,28205],[36,-104]],[[44517,28101],[18,-17]],[[44535,28084],[40,22]],[[44575,28106],[18,-38]],[[44546,28014],[47,54]],[[44546,28014],[49,-48]],[[44595,27966],[80,-63]],[[44675,27903],[9,-46]],[[44658,27777],[26,80]],[[44658,27777],[55,-34]],[[44704,27685],[9,58]],[[44704,27685],[46,19]],[[44750,27704],[22,-83]],[[44770,27579],[2,42]],[[44770,27579],[33,-19]],[[44803,27560],[9,43]],[[44812,27603],[50,-91]],[[44839,27506],[23,6]],[[44839,27506],[16,-101]],[[44855,27364],[0,41]],[[44855,27364],[34,-90]],[[44889,27274],[8,-58]],[[44870,27175],[27,41]],[[44870,27175],[50,-15]],[[44920,27160],[22,-58]],[[44930,27052],[12,50]],[[44930,27052],[20,-29]],[[44909,26982],[41,41]],[[44909,26982],[23,-25]],[[44897,26924],[35,33]],[[44877,26881],[20,43]],[[44877,26881],[17,-42]],[[44874,26798],[20,41]],[[44874,26798],[1,-67]],[[44823,26734],[52,-3]],[[44796,26719],[27,15]],[[44796,26719],[17,-72]],[[44813,26647],[15,-21]],[[44818,26579],[10,47]],[[44818,26579],[40,3]],[[44858,26582],[2,-54]],[[44860,26528],[16,-42]],[[44822,26489],[54,-3]],[[44797,26420],[25,69]],[[44797,26420],[11,-17]],[[44773,26362],[35,41]],[[44773,26362],[81,-74]],[[44847,26226],[7,62]],[[44799,26174],[48,52]],[[44799,26174],[19,-55]],[[44773,26124],[45,-5]],[[44744,26067],[29,57]],[[44744,26067],[33,-25]],[[44762,26002],[15,40]],[[44762,26002],[58,33]],[[44820,26035],[6,-58]],[[44826,25977],[42,-3]],[[44856,25923],[12,51]],[[44856,25923],[21,-39]],[[44846,25830],[31,54]],[[44846,25830],[54,-26]],[[44900,25804],[32,36]],[[44932,25840],[28,-27]],[[44956,25748],[4,65]],[[44956,25748],[41,-14]],[[44997,25734],[33,-67]],[[44984,25643],[46,24]],[[44935,25599],[49,44]],[[44935,25599],[13,-45]],[[44948,25554],[84,3]],[[45032,25557],[25,-86]],[[45024,25424],[33,47]],[[45024,25424],[23,-47]],[[45001,25315],[46,62]],[[44994,25269],[7,46]],[[44950,25284],[44,-15]],[[44903,25277],[47,7]],[[44896,25204],[7,73]],[[44896,25204],[46,-16]],[[44922,25161],[20,27]],[[44886,25163],[36,-2]],[[44877,25115],[9,48]],[[44877,25115],[69,19]],[[44946,25134],[25,-39]],[[44929,25043],[42,52]],[[44855,25070],[74,-27]],[[44855,25070],[9,-47]],[[44834,24973],[30,50]],[[44792,24929],[42,44]],[[44782,24880],[10,49]],[[44741,24894],[41,-14]],[[44727,24851],[14,43]],[[44727,24851],[32,-113]],[[44690,24738],[69,0]],[[44690,24738],[11,-70]],[[44653,24702],[48,-34]],[[44653,24702],[26,-74]],[[44679,24628],[54,10]],[[44723,24587],[10,51]],[[44723,24587],[10,-44]],[[44685,24561],[48,-18]],[[44664,24516],[21,45]],[[44664,24516],[41,-16]],[[44679,24461],[26,39]],[[44679,24461],[44,-20]],[[44723,24441],[71,-50]],[[44777,24339],[17,52]],[[44729,24257],[48,82]],[[44687,24251],[42,6]],[[44638,24205],[49,46]],[[44638,24205],[43,-61]],[[44611,24138],[70,6]],[[44594,24070],[17,68]],[[44565,24104],[29,-34]],[[44522,24100],[43,4]],[[44504,24148],[18,-48]],[[44476,24134],[28,14]],[[44476,24134],[26,-70]],[[44498,24031],[4,33]],[[44450,24035],[48,-4]],[[44450,24035],[19,60]],[[44442,24097],[27,-2]],[[44414,24062],[28,35]],[[44412,23942],[2,120]],[[44399,23888],[13,54]],[[44358,23876],[41,12]],[[44358,23876],[35,-51]],[[44393,23825],[54,13]],[[44447,23838],[26,-49]],[[44428,23754],[45,35]],[[44406,23782],[22,-28]],[[44344,23695],[62,87]],[[44315,23673],[29,22]],[[44294,23731],[21,-58]],[[44269,23688],[25,43]],[[44269,23688],[15,-66]],[[44281,23566],[3,56]],[[44258,23514],[23,52]],[[44258,23514],[32,-29]],[[44268,23451],[22,34]],[[44268,23451],[38,-37]],[[44283,23380],[23,34]],[[44283,23380],[38,-28]],[[44317,23418],[4,-66]],[[44317,23418],[21,14]],[[44338,23432],[34,-40]],[[44360,23319],[12,73]],[[44329,23284],[31,35]],[[44329,23284],[34,-27]],[[44363,23257],[66,26]],[[44429,23283],[37,-33]],[[44465,23187],[1,63]],[[44408,23198],[57,-11]],[[44408,23198],[7,-32]],[[44415,23166],[68,-19]],[[44412,23094],[71,53]],[[44412,23094],[43,-30]],[[44455,23064],[26,-54]],[[44446,22992],[35,18]],[[44427,22922],[19,70]],[[44400,22930],[27,-8]],[[44378,22860],[22,70]],[[44378,22860],[33,-30]],[[44390,22770],[21,60]],[[44390,22770],[20,-53]],[[44410,22717],[33,-17]],[[44418,22663],[25,37]],[[44392,22669],[26,-6]],[[44392,22669],[2,-130]],[[44365,22547],[29,-8]],[[44349,22502],[16,45]],[[44349,22502],[21,-44]],[[44311,22456],[59,2]],[[44293,22342],[18,114]],[[44293,22342],[37,-28]],[[44306,22279],[24,35]],[[44253,22238],[53,41]],[[44207,22153],[46,85]],[[44207,22153],[67,-37]],[[44256,22074],[18,42]],[[44210,22067],[46,7]],[[44210,22067],[30,-55]],[[44240,22012],[63,-3]],[[44229,21859],[74,150]],[[44215,21723],[14,136]],[[44215,21723],[44,-34]],[[44258,21664],[1,25]],[[44209,21619],[49,45]],[[44209,21619],[43,-62]],[[44252,21557],[38,-97]],[[44290,21460],[34,-12]],[[44314,21400],[10,48]],[[44314,21400],[19,-77]],[[44309,21298],[24,25]],[[44309,21298],[41,-41]],[[44334,21207],[16,50]],[[44334,21207],[32,-31]],[[44366,21176],[26,-51]],[[44392,21125],[19,-66]],[[44393,20980],[18,79]],[[44393,20980],[38,-45]],[[44431,20935],[30,-87]],[[44433,20820],[28,28]],[[44412,20732],[21,88]],[[44412,20732],[22,-43]],[[44429,20654],[5,35]],[[44397,20651],[32,3]],[[44397,20613],[0,38]],[[44397,20613],[23,-26]],[[44420,20587],[24,-76]],[[44444,20511],[55,-5]],[[44491,20457],[8,49]],[[44491,20457],[23,-12]],[[44487,20388],[27,57]],[[44487,20388],[4,-33]],[[44481,20327],[10,28]],[[44443,20330],[38,-3]],[[44416,20301],[27,29]],[[44370,20287],[46,14]],[[44370,20287],[30,-68]],[[44400,20219],[20,-15]],[[44393,20127],[27,77]],[[44393,20127],[23,-54]],[[44396,20041],[20,32]],[[44396,20041],[26,-89]],[[44395,19915],[27,37]],[[44395,19915],[20,-19]],[[44415,19896],[41,4]],[[44456,19900],[17,-75]],[[44466,19786],[7,39]],[[44466,19786],[18,-35]],[[44467,19720],[17,31]],[[44427,19720],[40,0]],[[44427,19720],[14,-42]],[[44441,19678],[44,-15]],[[44485,19663],[27,-39]],[[44512,19624],[50,-45]],[[44562,19579],[104,41]],[[44666,19620],[10,-61]],[[44646,19534],[30,25]],[[44614,19421],[32,113]],[[44614,19421],[47,-67]],[[44661,19354],[2,-74]],[[44663,19280],[37,-37]],[[44700,19243],[56,-33]],[[44726,19109],[30,101]],[[44726,19109],[33,-20]],[[44746,19043],[13,46]],[[44746,19043],[39,-61]],[[44782,18961],[3,21]],[[44730,18912],[52,49]],[[44730,18912],[23,-54]],[[44747,18813],[6,45]],[[44747,18813],[24,-78]],[[44771,18735],[29,-27]],[[44777,18592],[23,116]],[[44753,18538],[24,54]],[[44753,18538],[24,-61]],[[44735,18445],[42,32]],[[44735,18445],[76,-11]],[[44811,18434],[15,-22]],[[44813,18364],[13,48]],[[44730,18324],[83,40]],[[44692,18230],[38,94]],[[44668,18195],[24,35]],[[44630,18223],[38,-28]],[[44542,18188],[88,35]],[[44521,18228],[21,-40]],[[44483,18221],[38,7]],[[44466,18177],[17,44]],[[44414,18150],[52,27]],[[44407,18124],[7,26]],[[44355,18073],[52,51]],[[44350,18037],[5,36]],[[44350,18037],[15,-54]],[[44365,17983],[60,-43]],[[44425,17940],[28,-53]],[[44453,17887],[37,-16]],[[44490,17871],[35,-54]],[[44525,17773],[0,44]],[[44525,17773],[21,-28]],[[44546,17745],[61,22]],[[44607,17767],[17,25]],[[44624,17792],[34,-10]],[[44658,17782],[23,-81]],[[44681,17701],[24,9]],[[44705,17710],[13,-58]],[[44718,17652],[42,4]],[[44749,17594],[11,62]],[[44749,17594],[33,-62]],[[44782,17532],[25,-12]],[[44807,17520],[2,-94]],[[44809,17426],[10,-80]],[[44779,17339],[40,7]],[[44779,17339],[43,-60]],[[44801,17219],[21,60]],[[44801,17219],[12,-38]],[[44808,17113],[5,68]],[[44808,17113],[51,11]],[[44859,17124],[29,-56]],[[44888,17068],[16,-91]],[[44904,16977],[20,-16]],[[44924,16961],[16,-55]],[[44940,16906],[21,-25]],[[44961,16881],[84,-22]],[[45045,16859],[48,-27]],[[45093,16832],[71,-8]],[[45164,16824],[203,-71]],[[45367,16753],[57,-30]],[[45424,16723],[69,-73]],[[45493,16650],[45,-101]],[[45538,16549],[3,-65]],[[45532,16302],[9,182]],[[45532,16302],[10,-50]],[[45542,16252],[50,-100]],[[45592,16152],[37,-55]],[[45629,16097],[84,-162]],[[45713,15935],[38,-99]],[[45751,15836],[91,-164]],[[45842,15672],[60,-82]],[[45902,15590],[36,-31]],[[45938,15559],[107,-44]],[[46045,15515],[128,-62]],[[46173,15453],[117,-46]],[[46290,15407],[202,-93]],[[46492,15314],[62,-14]],[[46554,15300],[218,-98]],[[46772,15202],[102,-54]],[[46874,15148],[129,-51]],[[47003,15097],[169,-106]],[[47172,14991],[45,-10]],[[47217,14981],[179,-14]],[[47396,14967],[190,-1]],[[47586,14966],[229,-61]],[[47815,14905],[144,-83]],[[47959,14822],[79,-16]],[[48038,14806],[49,5]],[[48087,14811],[103,55]],[[48190,14866],[35,33]],[[48225,14899],[102,29]],[[48327,14928],[109,18]],[[48436,14946],[40,19]],[[48476,14965],[25,37]],[[48497,15057],[4,-55]],[[48432,15122],[65,-65]],[[48370,15142],[62,-20]],[[48319,15191],[51,-49]],[[48259,15307],[60,-116]],[[48253,15356],[6,-49]],[[48253,15356],[27,44]],[[48280,15400],[56,21]],[[48336,15421],[83,-2]],[[48419,15419],[69,26]],[[48488,15445],[43,71]],[[48531,15516],[21,73]],[[48536,15624],[16,-35]],[[48438,15676],[98,-52]],[[48402,15708],[36,-32]],[[48402,15708],[17,55]],[[48419,15763],[56,42]],[[48475,15805],[49,23]],[[48524,15828],[84,5]],[[48608,15833],[40,-24]],[[48648,15809],[56,-75]],[[48704,15734],[70,-52]],[[48774,15682],[58,-13]],[[48832,15669],[70,13]],[[48902,15682],[35,-8]],[[48937,15674],[94,-99]],[[49031,15575],[59,-65]],[[49090,15510],[91,-77]],[[49181,15433],[67,-42]],[[49248,15391],[62,-17]],[[49310,15374],[72,28]],[[49382,15402],[20,39]],[[49402,15441],[10,63]],[[49406,15542],[6,-38]],[[49369,15634],[37,-92]],[[49369,15634],[58,160]],[[49427,15794],[28,49]],[[49455,15843],[101,3]],[[49556,15846],[77,44]],[[49633,15890],[59,72]],[[49692,15962],[70,43]],[[49762,16005],[51,32]],[[49813,16037],[82,85]],[[49895,16122],[52,-10]],[[49947,16112],[38,13]],[[49985,16125],[88,68]],[[50073,16193],[48,59]],[[50121,16252],[107,9]],[[50228,16261],[47,25]],[[50275,16286],[42,43]],[[50317,16329],[67,22]],[[50384,16351],[111,53]],[[50495,16404],[101,64]],[[50596,16468],[65,67]],[[50661,16535],[18,77]],[[50679,16612],[73,50]],[[50752,16662],[78,21]],[[50830,16683],[78,56]],[[50908,16739],[60,79]],[[50968,16818],[76,32]],[[51044,16850],[46,-15]],[[51090,16835],[69,-43]],[[51159,16792],[91,-7]],[[51250,16785],[74,38]],[[51324,16823],[33,37]],[[51357,16860],[69,108]],[[51426,16968],[65,20]],[[51491,16988],[37,-14]],[[51528,16974],[68,-54]],[[51596,16920],[63,-17]],[[51659,16903],[90,14]],[[51749,16917],[39,18]],[[51788,16935],[54,-25]],[[51842,16910],[45,2]],[[51887,16912],[61,39]],[[51948,16951],[58,23]],[[52006,16974],[61,4]],[[52067,16978],[40,-57]],[[52107,16921],[28,-21]],[[52135,16900],[132,-40]],[[52267,16860],[90,-50]],[[52357,16810],[138,-21]],[[52495,16789],[111,-32]],[[52606,16757],[111,-24]],[[52717,16733],[135,-65]],[[52852,16668],[57,-45]],[[52909,16623],[95,-56]],[[53004,16567],[90,-96]],[[53094,16471],[158,-206]],[[53252,16265],[127,-122]],[[53379,16143],[25,-46]],[[53404,16097],[51,-141]],[[53455,15956],[27,-50]],[[53482,15906],[21,-68]],[[53503,15838],[3,-78]],[[53506,15760],[48,-148]],[[53554,15612],[11,-86]],[[53494,15448],[71,78]],[[53471,15364],[23,84]],[[53471,15364],[22,-125]],[[53493,15239],[29,-56]],[[53522,15183],[26,-92]],[[53548,15091],[59,-89]],[[53607,15002],[12,-38]],[[53572,14964],[47,0]],[[53564,14988],[8,-24]],[[53506,15010],[58,-22]],[[53412,15067],[94,-57]],[[53357,15113],[55,-46]],[[53339,15084],[18,29]],[[53315,15044],[24,40]],[[53312,15001],[3,43]],[[53312,15001],[19,-62]],[[53331,14939],[40,-213]],[[53371,14726],[29,-100]],[[53400,14626],[53,-72]],[[53453,14554],[74,-5]],[[53527,14549],[106,16]],[[53633,14565],[138,64]],[[53744,14582],[27,47]],[[53673,14492],[71,90]],[[53615,14355],[58,137]],[[53573,14231],[42,124]],[[53534,14033],[39,198]],[[53522,13917],[12,116]],[[53519,13773],[3,144]],[[53512,13696],[7,77]],[[53512,13696],[6,-42]],[[53505,13480],[13,174]],[[53502,13326],[3,154]],[[53492,13130],[10,196]],[[53492,13130],[9,-25]],[[53495,13015],[6,90]],[[53462,12737],[33,278]],[[53434,12443],[28,294]],[[53434,12443],[9,-347]],[[53412,12091],[31,5]],[[53339,12020],[73,71]],[[53337,11979],[2,41]],[[53337,11979],[33,-116]],[[53370,11863],[17,-21]],[[53372,11747],[15,95]],[[53288,11559],[84,188]],[[53234,11467],[54,92]],[[53148,11334],[86,133]],[[53068,11227],[80,107]],[[52962,11140],[106,87]],[[52865,11082],[97,58]],[[52771,11059],[94,23]],[[52727,11062],[44,-3]],[[52715,11097],[12,-35]],[[52715,11097],[131,6]],[[52846,11103],[68,46]],[[52914,11149],[1,44]],[[52915,11193],[113,22]],[[53028,11215],[34,34]],[[53062,11249],[112,157]],[[53174,11406],[43,51]],[[53217,11457],[22,56]],[[53239,11513],[39,54]],[[53278,11567],[12,45]],[[53290,11612],[73,127]],[[53315,11731],[48,8]],[[53238,11654],[77,77]],[[53174,11660],[64,-6]],[[53134,11590],[40,70]],[[53059,11515],[75,75]],[[53031,11527],[28,-12]],[[52889,11519],[142,8]],[[52785,11498],[104,21]],[[52723,11471],[62,27]],[[52409,11386],[314,85]],[[52380,11373],[29,13]],[[52121,11305],[259,68]],[[51977,11281],[144,24]],[[51753,11269],[224,12]],[[51656,11245],[97,24]],[[51440,11211],[216,34]],[[51290,11176],[150,35]],[[51145,11126],[145,50]],[[51094,11091],[51,35]],[[50972,11025],[122,66]],[[50952,11049],[20,-24]],[[50799,10999],[153,50]],[[50588,10880],[211,119]],[[50514,10819],[74,61]],[[50383,10700],[131,119]],[[50237,10536],[146,164]],[[50077,10329],[160,207]],[[49891,10049],[186,280]],[[49888,10027],[3,22]],[[49829,9937],[59,90]],[[49754,9794],[75,143]],[[49703,9745],[51,49]],[[49678,9692],[25,53]],[[49649,9660],[29,32]],[[49606,9547],[43,113]],[[49601,9502],[5,45]],[[49524,9305],[77,197]],[[49415,9040],[109,265]],[[49321,8806],[94,234]],[[49229,8598],[92,208]],[[49159,8465],[70,133]],[[49054,8294],[105,171]],[[48969,8188],[85,106]],[[48907,8098],[62,90]],[[48861,8048],[46,50]],[[48736,7868],[125,180]],[[48678,7765],[58,103]],[[48652,7741],[26,24]],[[48637,7726],[15,15]],[[48553,7591],[84,135]],[[48440,7397],[113,194]],[[48413,7340],[27,57]],[[48360,7275],[53,65]],[[48293,7112],[67,163]],[[48263,6987],[30,125]],[[48245,6958],[18,29]],[[48202,6967],[43,-9]],[[48195,6936],[7,31]],[[48111,6947],[84,-11]],[[48086,6905],[25,42]],[[48074,6836],[12,69]],[[48043,6799],[31,37]],[[48043,6799],[210,-2]],[[48252,6786],[1,11]],[[48135,6790],[117,-4]],[[47962,6789],[173,1]],[[47939,6732],[23,57]],[[47893,6543],[46,189]],[[47880,6411],[13,132]],[[47879,6324],[1,87]],[[47879,6324],[12,-196]],[[47891,6128],[24,-109]],[[47915,6019],[24,-76]],[[47939,5943],[44,-83]],[[47983,5860],[60,-35]],[[48043,5825],[33,-32]],[[48072,5750],[4,43]],[[48072,5750],[32,-82]],[[48104,5668],[0,-119]],[[48104,5549],[35,-87]],[[48085,5419],[54,43]],[[48077,5369],[8,50]],[[48047,5316],[30,53]],[[48047,5316],[16,-114]],[[48063,5202],[73,29]],[[48136,5231],[8,-24]],[[48074,5162],[70,45]],[[48074,5162],[12,-34]],[[48086,5128],[44,4]],[[48130,5132],[8,-62]],[[48061,5047],[77,23]],[[48056,4958],[5,89]],[[48056,4958],[5,-58]],[[48056,4815],[5,85]],[[48056,4815],[31,-1]],[[48087,4814],[2,73]],[[48089,4887],[113,-1]],[[48202,4886],[1,-48]],[[48203,4838],[164,-1]],[[48367,4837],[3,-104]],[[48341,4702],[29,31]],[[48221,4702],[120,0]],[[48077,4657],[144,45]],[[48047,4591],[30,66]],[[48047,4591],[6,-68]],[[48053,4523],[18,-45]],[[48067,4436],[4,42]],[[48067,4436],[34,-127]],[[48101,4309],[41,-66]],[[48142,4243],[12,-53]],[[48154,4190],[26,-37]],[[48180,4153],[31,-132]],[[48211,4021],[13,-31]],[[48214,3949],[10,41]],[[48214,3949],[15,-89]],[[48229,3860],[16,-26]],[[48245,3834],[1,-49]],[[48218,3767],[28,18]],[[48183,3697],[35,70]],[[48183,3697],[4,-27]],[[48181,3619],[6,51]],[[48109,3522],[72,97]],[[48096,3469],[13,53]],[[48096,3469],[2,-96]],[[48068,3314],[30,59]],[[48068,3314],[21,-84]],[[48080,3205],[9,25]],[[48046,3118],[34,87]],[[48023,3104],[23,14]],[[47996,3026],[27,78]],[[47974,3012],[22,14]],[[47930,2813],[44,199]],[[47930,2813],[1,-79]],[[47931,2734],[23,-163]],[[47912,2521],[42,50]],[[47867,2492],[45,29]],[[47855,2460],[12,32]],[[47855,2460],[11,-87]],[[47840,2200],[26,173]],[[47809,2171],[31,29]],[[47796,2085],[13,86]],[[47780,2066],[16,19]],[[47780,2066],[62,-20]],[[47812,2013],[30,33]],[[47808,1820],[4,193]],[[47793,1777],[15,43]],[[47788,1715],[5,62]],[[47788,1715],[31,-85]],[[47819,1630],[1,-63]],[[47041,1486],[779,81]],[[46621,1584],[420,-98]],[[46458,1623],[163,-39]],[[45797,1650],[661,-27]],[[45206,1907],[591,-257]],[[45076,1964],[130,-57]],[[44768,2134],[308,-170]],[[44475,2292],[293,-158]],[[44404,2318],[71,-26]],[[44346,2340],[58,-22]],[[40034,4710],[18,15]],[[40052,4725],[119,94]],[[40171,4819],[58,22]],[[40229,4841],[57,3]],[[40286,4844],[75,-9]],[[40361,4835],[107,-68]],[[40468,4767],[80,-19]],[[40548,4748],[102,-1]],[[40650,4747],[92,35]],[[40742,4782],[31,-3]],[[40773,4779],[56,-7]],[[40829,4772],[104,-33]],[[40933,4739],[109,-18]],[[41042,4721],[57,11]],[[41099,4732],[60,45]],[[41159,4777],[68,72]],[[41227,4849],[50,57]],[[41277,4906],[111,70]],[[41388,4976],[25,27]],[[41413,5003],[55,89]],[[41468,5092],[57,55]],[[41525,5147],[94,53]],[[41619,5200],[40,39]],[[41659,5239],[68,45]],[[41727,5284],[82,57]],[[41809,5341],[132,72]],[[41941,5413],[84,17]],[[42025,5430],[82,51]],[[42107,5481],[44,8]],[[42151,5489],[79,-6]],[[42230,5483],[91,-20]],[[42321,5463],[105,-7]],[[42426,5456],[97,-39]],[[42523,5417],[82,0]],[[42605,5417],[108,34]],[[42713,5451],[48,54]],[[42761,5505],[90,99]],[[42851,5604],[120,151]],[[42971,5755],[41,31]],[[43012,5786],[86,42]],[[43098,5828],[85,27]],[[43183,5855],[76,36]],[[43259,5891],[56,5]],[[43315,5896],[82,-15]],[[43397,5881],[60,7]],[[43457,5888],[69,23]],[[43526,5911],[60,32]],[[43586,5943],[33,2]],[[43619,5945],[105,-27]],[[43724,5918],[84,4]],[[43808,5922],[77,29]],[[43885,5951],[78,61]],[[43963,6012],[98,156]],[[44061,6168],[61,159]],[[44122,6327],[101,118]],[[44223,6445],[27,65]],[[44250,6510],[55,95]],[[44305,6605],[9,96]],[[44314,6701],[18,66]],[[44332,6767],[11,43]],[[44343,6810],[9,102]],[[44352,6912],[15,52]],[[44367,6964],[36,83]],[[44403,7047],[43,67]],[[44446,7114],[23,54]],[[44469,7168],[87,105]],[[44556,7273],[59,73]],[[44615,7346],[6,65]],[[44621,7411],[29,44]],[[44650,7455],[71,43]],[[44721,7498],[92,76]],[[44813,7574],[31,78]],[[44833,7701],[11,-49]],[[44767,7817],[66,-116]],[[44759,7868],[8,-51]],[[44741,7977],[18,-109]],[[44709,8097],[32,-120]],[[44649,8176],[60,-79]],[[44553,8225],[96,-49]],[[44486,8278],[67,-53]],[[44453,8369],[33,-91]],[[44442,8425],[11,-56]],[[44369,8613],[73,-188]],[[44334,8672],[35,-59]],[[44259,8763],[75,-91]],[[44239,8856],[20,-93]],[[44236,8937],[3,-81]],[[44236,8937],[13,39]],[[44249,8976],[53,99]],[[44302,9075],[37,69]],[[44339,9144],[2,51]],[[44341,9195],[3,38]],[[44328,9305],[16,-72]],[[44280,9383],[48,-78]],[[44230,9443],[50,-60]],[[44162,9479],[68,-36]],[[44093,9556],[69,-77]],[[44038,9598],[55,-42]],[[43945,9685],[93,-87]],[[43890,9772],[55,-87]],[[43781,9753],[109,19]],[[43748,9757],[33,-4]],[[43707,9785],[41,-28]],[[43674,9848],[33,-63]],[[43610,9913],[64,-65]],[[43491,9964],[119,-51]],[[43426,10017],[65,-53]],[[43391,10086],[35,-69]],[[43370,10164],[21,-78]],[[43370,10164],[0,74]],[[43370,10238],[17,149]],[[43387,10387],[28,107]],[[43402,10549],[13,-55]],[[43376,10586],[26,-37]],[[43344,10601],[32,-15]],[[43274,10600],[70,1]],[[43123,10625],[151,-25]],[[43074,10688],[49,-63]],[[43057,10752],[17,-64]],[[43056,10807],[1,-55]],[[43056,10807],[28,89]],[[43083,10988],[1,-92]],[[42964,10982],[119,6]],[[42934,10936],[30,46]],[[42864,10969],[70,-33]],[[42832,10936],[32,33]],[[42793,10843],[39,93]],[[42647,10862],[146,-19]],[[42520,10804],[127,58]],[[42506,10733],[14,71]],[[42506,10733],[73,-47]],[[42579,10686],[34,3]],[[42613,10689],[6,-81]],[[42495,10591],[124,17]],[[42485,10493],[10,98]],[[42071,10508],[414,-15]],[[42066,10556],[5,-48]],[[41904,10564],[162,-8]],[[41733,10564],[171,0]],[[41733,10564],[2,49]],[[41439,10603],[296,10]],[[41397,10609],[42,-6]],[[41371,10646],[26,-37]],[[41329,10647],[42,-1]],[[41329,10647],[34,-131]],[[41226,10515],[137,1]],[[41226,10565],[0,-50]],[[41113,10565],[113,0]],[[41080,10517],[33,48]],[[40836,10720],[244,-203]],[[40675,10484],[161,236]],[[40579,10573],[96,-89]],[[40525,10494],[54,79]],[[40417,10604],[108,-110]],[[40417,10604],[10,20]],[[40282,10735],[145,-111]],[[40254,10695],[28,40]],[[40106,10481],[148,214]],[[39983,10576],[123,-95]],[[39876,10372],[107,204]],[[39812,10249],[64,123]],[[39731,10313],[81,-64]],[[39652,10414],[79,-101]],[[39597,10471],[55,-57]],[[39597,10471],[10,65]],[[39490,10572],[117,-36]],[[39488,10563],[2,9]],[[39338,10569],[150,-6]],[[39213,10579],[125,-10]],[[39174,10392],[39,187]],[[39174,10392],[120,-45]],[[39282,10299],[12,48]],[[39282,10299],[123,-48]],[[39361,10107],[44,144]],[[39244,10148],[117,-41]],[[39235,10114],[9,34]],[[39117,10157],[118,-43]],[[39100,10102],[17,55]],[[38888,10179],[212,-77]],[[38888,10179],[52,205]],[[38940,10384],[16,127]],[[38636,10635],[320,-124]],[[38569,10696],[67,-61]],[[38474,10766],[95,-70]],[[38352,10872],[122,-106]],[[38282,10775],[70,97]],[[38175,10584],[107,191]],[[38159,10545],[16,39]],[[37830,10691],[329,-146]],[[37780,10685],[50,6]],[[37703,10734],[77,-49]],[[37703,10734],[6,13]],[[37604,10815],[105,-68]],[[37534,10687],[70,128]],[[37420,10763],[114,-76]],[[37378,10701],[42,62]],[[37331,10607],[47,94]],[[37251,10662],[80,-55]],[[37214,10583],[37,79]],[[37143,10636],[71,-53]],[[37016,10754],[127,-118]],[[36683,10694],[333,60]],[[36654,10785],[29,-91]],[[36466,10702],[188,83]],[[36452,10685],[14,17]],[[36407,10705],[45,-20]],[[36339,10740],[68,-35]],[[36254,10807],[85,-67]],[[36234,10773],[20,34]],[[36175,10721],[59,52]],[[36102,10895],[73,-174]],[[36098,10963],[4,-68]],[[36021,11104],[77,-141]],[[36021,11104],[25,20]],[[35992,11200],[54,-76]],[[35992,11200],[43,39]],[[35996,11282],[39,-43]],[[35944,11361],[52,-79]],[[35898,11327],[46,34]],[[35754,11560],[144,-233]],[[35713,11615],[41,-55]],[[35681,11619],[32,-4]],[[35613,11568],[68,51]],[[35612,11624],[1,-56]],[[35575,11811],[37,-187]],[[35575,11811],[6,14]],[[35581,11825],[123,53]],[[35704,11878],[151,57]],[[35855,11949],[0,-14]],[[35855,11949],[118,33]],[[35930,12054],[43,-72]],[[35853,12026],[77,28]],[[35839,12119],[14,-93]],[[35745,12290],[94,-171]],[[35742,12318],[3,-28]],[[35706,12364],[36,-46]],[[35662,12343],[44,21]],[[35589,12394],[73,-51]],[[35558,12498],[31,-104]],[[35499,12478],[59,20]],[[35445,12478],[54,0]],[[35445,12478],[22,-78]],[[35401,12359],[66,41]],[[35367,12422],[34,-63]],[[35343,12409],[24,13]],[[35297,12528],[46,-119]],[[35297,12528],[16,12]],[[35280,12606],[33,-66]],[[35252,12663],[28,-57]],[[35252,12663],[1,47]],[[35253,12710],[2,72]],[[35238,12782],[17,0]],[[35223,12865],[15,-83]],[[35166,12981],[57,-116]],[[35067,13008],[99,-27]],[[35052,13029],[15,-21]],[[35052,13029],[31,32]],[[35083,13061],[18,76]],[[35101,13137],[19,37]],[[35099,13233],[21,-59]],[[35099,13233],[15,10]],[[35098,13319],[16,-76]],[[35098,13319],[7,34]],[[35082,13381],[23,-28]],[[35080,13478],[2,-97]],[[35080,13478],[40,26]],[[35118,13568],[2,-64]],[[35118,13568],[70,29]],[[35188,13597],[6,18]],[[35147,13768],[47,-153]],[[35137,13845],[10,-77]],[[35137,13845],[9,82]],[[35137,13970],[9,-43]],[[35137,13970],[4,103]],[[35132,14119],[9,-46]],[[35039,14042],[93,77]],[[34984,13993],[55,49]],[[34907,13911],[77,82]],[[34772,13939],[135,-28]],[[34725,13888],[47,51]],[[34710,13843],[15,45]],[[34684,13825],[26,18]],[[34651,13756],[33,69]],[[34566,13809],[85,-53]],[[34519,13808],[47,1]],[[34519,13808],[5,82]],[[34507,14005],[17,-115]],[[34477,14007],[30,-2]],[[34477,14007],[17,49]],[[34475,14084],[19,-28]],[[34475,14084],[9,62]],[[34484,14146],[20,22]],[[34504,14168],[31,75]],[[34490,14232],[45,11]],[[34473,14257],[17,-25]],[[34389,14276],[84,-19]],[[34367,14266],[22,10]],[[34293,14198],[74,68]],[[34254,14198],[39,0]],[[34227,14138],[27,60]],[[34130,14184],[97,-46]],[[34025,14169],[105,15]],[[34008,14198],[17,-29]],[[33957,14190],[51,8]],[[33957,14190],[4,-64]],[[33924,14109],[37,17]],[[33924,14109],[2,67]],[[33904,14238],[22,-62]],[[33893,14309],[11,-71]],[[33825,14415],[68,-106]],[[33825,14415],[51,13]],[[33848,14467],[28,-39]],[[33818,14464],[30,3]],[[33782,14506],[36,-42]],[[33782,14506],[0,24]],[[33782,14530],[27,43]],[[33799,14654],[10,-81]],[[33762,14767],[37,-113]],[[33727,14802],[35,-35]],[[33646,14766],[81,36]],[[33555,14787],[91,-21]],[[33555,14787],[1,29]],[[33556,14816],[32,43]],[[33588,14859],[26,22]],[[33614,14881],[103,123]],[[33717,15004],[28,43]],[[33745,15047],[52,8]],[[33797,15055],[19,77]],[[33785,15188],[31,-56]],[[33746,15235],[39,-47]],[[33688,15237],[58,-2]],[[33658,15311],[30,-74]],[[33629,15338],[29,-27]],[[33590,15414],[39,-76]],[[33564,15418],[26,-4]],[[33538,15507],[26,-89]],[[33498,15511],[40,-4]],[[33466,15552],[32,-41]],[[33427,15560],[39,-8]],[[33397,15597],[30,-37]],[[33349,15679],[48,-82]],[[33349,15679],[25,119]],[[33374,15798],[44,53]],[[33412,15896],[6,-45]],[[33343,15923],[69,-27]],[[33329,15951],[14,-28]],[[33295,15957],[34,-6]],[[33282,16014],[13,-57]],[[33282,16014],[26,57]],[[33308,16071],[12,82]],[[33312,16189],[8,-36]],[[33312,16189],[13,77]],[[33311,16393],[14,-127]],[[33256,16464],[55,-71]],[[33207,16510],[49,-46]],[[33130,16563],[77,-53]],[[33073,16562],[57,1]],[[33014,16599],[59,-37]],[[32982,16638],[32,-39]],[[32953,16693],[29,-55]],[[32953,16693],[1,32]],[[32909,16756],[45,-31]],[[32873,16817],[36,-61]],[[24727,929],[49,168]],[[24690,1135],[86,-38]],[[24690,1135],[34,70]],[[24724,1205],[107,-29]],[[24831,1176],[10,61]],[[24841,1237],[62,12]],[[24887,1361],[16,-112]],[[24887,1361],[73,15]],[[24949,1445],[11,-69]],[[24949,1445],[116,30]],[[25065,1475],[192,60]],[[25200,1644],[57,-109]],[[25200,1644],[11,91]],[[25211,1735],[95,-2]],[[25306,1733],[1,29]],[[25252,1778],[55,-16]],[[25241,1802],[11,-24]],[[25239,1802],[2,0]],[[25194,1806],[45,-4]],[[25136,1838],[58,-32]],[[25073,1828],[63,10]],[[25034,1837],[39,-9]],[[24959,1829],[75,8]],[[24931,1858],[28,-29]],[[24931,1858],[42,30]],[[24973,1888],[44,-30]],[[25017,1858],[48,4]],[[25065,1862],[57,33]],[[25122,1925],[0,-30]],[[25085,1958],[37,-33]],[[25059,2003],[26,-45]],[[24999,2062],[60,-59]],[[24987,2146],[12,-84]],[[24956,2174],[31,-28]],[[24946,2236],[10,-62]],[[24798,2201],[148,35]],[[24764,2347],[34,-146]],[[24764,2347],[91,19]],[[24847,2428],[8,-62]],[[24841,2480],[6,-52]],[[24761,2479],[80,1]],[[24732,2501],[29,-22]],[[24681,2604],[51,-103]],[[24672,2647],[9,-43]],[[24622,2733],[50,-86]],[[24581,2722],[41,11]],[[24561,2817],[20,-95]],[[24561,2817],[122,43]],[[24676,2882],[7,-22]],[[24601,2894],[75,-12]],[[24589,3046],[12,-152]],[[24515,3036],[74,10]],[[24506,3066],[9,-30]],[[24450,3045],[56,21]],[[24414,3051],[36,-6]],[[24412,3123],[2,-72]],[[24412,3123],[30,2]],[[24442,3125],[12,66]],[[24397,3180],[57,11]],[[24378,3210],[19,-30]],[[24378,3210],[48,20]],[[24426,3230],[18,25]],[[24443,3310],[1,-55]],[[24390,3274],[53,36]],[[24383,3302],[7,-28]],[[24383,3302],[52,25]],[[24435,3327],[30,41]],[[24465,3368],[30,103]],[[24485,3499],[10,-28]],[[24479,3514],[6,-15]],[[24479,3514],[90,66]],[[24569,3580],[26,-13]],[[24595,3567],[157,71]],[[24752,3638],[356,86]],[[25102,3770],[6,-46]],[[25064,3783],[38,-13]],[[25064,3783],[35,37]],[[25054,3911],[45,-91]],[[25054,3911],[67,20]],[[25121,3931],[224,65]],[[25335,4039],[10,-43]],[[25335,4039],[39,8]],[[25374,4047],[221,34]],[[25580,4133],[15,-52]],[[25580,4133],[202,34]],[[25782,4167],[43,15]],[[25825,4182],[8,-34]],[[25833,4148],[68,52]],[[25875,4290],[26,-90]],[[25875,4290],[15,72]],[[25872,4422],[18,-60]],[[25837,4496],[35,-74]],[[25836,4567],[1,-71]],[[25806,4595],[30,-28]],[[25678,4707],[128,-112]],[[25625,4772],[53,-65]],[[25609,4903],[16,-131]],[[25596,4955],[13,-52]],[[25541,5084],[55,-129]],[[25541,5084],[53,89]],[[25594,5173],[137,145]],[[25731,5318],[65,77]],[[25783,5406],[13,-11]],[[25683,5457],[100,-51]],[[25683,5457],[60,32]],[[25697,5536],[46,-47]],[[25697,5536],[25,18]],[[25722,5554],[18,130]],[[25740,5684],[10,119]],[[25724,5874],[26,-71]],[[25711,5899],[13,-25]],[[25706,5967],[5,-68]],[[25706,5967],[16,69]],[[25722,6036],[66,31]],[[25762,6135],[26,-68]],[[25762,6135],[53,16]],[[25815,6151],[23,26]],[[25838,6177],[18,47]],[[25802,6255],[54,-31]],[[25745,6344],[57,-89]],[[25745,6344],[9,38]],[[25686,6541],[68,-159]],[[25683,6596],[3,-55]],[[25683,6596],[59,29]],[[25742,6625],[115,33]],[[25857,6658],[109,10]],[[25966,6668],[83,-6]],[[26049,6662],[29,41]],[[26078,6703],[8,55]],[[26072,6785],[14,-27]],[[26056,6827],[16,-42]],[[26050,6888],[6,-61]],[[26009,6887],[41,1]],[[25930,6890],[79,-3]],[[25689,6886],[241,4]],[[25689,6828],[0,58]],[[25646,6825],[43,3]],[[25610,6882],[36,-57]],[[25511,6873],[99,9]],[[25503,6925],[8,-52]],[[25319,6859],[184,66]],[[25319,6859],[3,24]],[[25259,6908],[63,-25]],[[25259,6908],[12,28]],[[25271,6936],[36,18]],[[25307,6954],[1,34]],[[25257,7146],[51,-158]],[[25257,7146],[47,15]],[[25304,7161],[14,91]],[[25307,7349],[11,-97]],[[25307,7349],[20,62]],[[25319,7439],[8,-28]],[[25319,7439],[9,81]],[[25200,7522],[128,-2]],[[25200,7522],[5,236]],[[25162,7763],[43,-5]],[[25162,7763],[12,170]],[[25174,7933],[14,73]],[[25188,8006],[23,73]],[[25211,8079],[41,88]],[[25237,8233],[15,-66]],[[25194,8243],[43,-10]],[[25177,8305],[17,-62]],[[25177,8305],[33,-3]],[[25210,8348],[0,-46]],[[25180,8378],[30,-30]],[[25172,8472],[8,-94]],[[25127,8552],[45,-80]],[[25067,8563],[60,-11]],[[25058,8868],[9,-305]],[[25058,8868],[21,56]],[[25079,8924],[25,29]],[[25067,8972],[37,-19]],[[25051,9059],[16,-87]],[[25022,9090],[29,-31]],[[25022,9090],[12,64]],[[25016,9203],[18,-49]],[[25016,9203],[22,19]],[[25026,9259],[12,-37]],[[24958,9571],[68,-312]],[[24926,9612],[32,-41]],[[24926,9612],[145,91]],[[25071,9703],[1,35]],[[25072,9738],[64,2]],[[25070,9803],[66,-63]],[[25030,9899],[40,-96]],[[24942,9912],[88,-13]],[[24914,9945],[28,-33]],[[24832,9931],[82,14]],[[24799,9945],[33,-14]],[[24720,9927],[79,18]],[[24608,9877],[112,50]],[[24608,9877],[5,27]],[[24533,10022],[80,-118]],[[24488,10054],[45,-32]],[[24473,10091],[15,-37]],[[24432,10085],[41,6]],[[24401,10067],[31,18]],[[24380,10131],[21,-64]],[[24369,10230],[11,-99]],[[24363,10284],[6,-54]],[[24333,10281],[30,3]],[[24333,10281],[35,205]],[[24311,10487],[57,-1]],[[24288,10579],[23,-92]],[[24273,10594],[15,-15]],[[24271,10655],[2,-61]],[[24216,10705],[55,-50]],[[24176,10807],[40,-102]],[[24169,10883],[7,-76]],[[24152,10923],[17,-40]],[[24152,10923],[8,48]],[[24150,11031],[10,-60]],[[24105,11050],[45,-19]],[[24105,11050],[9,151]],[[24096,11314],[18,-113]],[[24056,11320],[40,-6]],[[24000,11345],[56,-25]],[[23963,11239],[37,106]],[[23938,11195],[25,44]],[[23938,11195],[10,-48]],[[23938,11099],[10,48]],[[23891,11092],[47,7]],[[23891,11092],[27,-82]],[[23913,10910],[5,100]],[[23898,10894],[15,16]],[[23853,10908],[45,-14]],[[23823,10836],[30,72]],[[23823,10836],[4,-51]],[[23759,10772],[68,13]],[[23743,10700],[16,72]],[[23655,10671],[88,29]],[[23580,10643],[75,28]],[[23541,10604],[39,39]],[[23535,10651],[6,-47]],[[23469,10667],[66,-16]],[[23418,10719],[51,-52]],[[23404,10750],[14,-31]],[[23404,10750],[86,128]],[[23490,10878],[11,34]],[[23501,10912],[41,67]],[[23542,10979],[40,7]],[[23582,10986],[64,76]],[[23646,11062],[25,75]],[[23655,11163],[16,-26]],[[23655,11163],[20,63]],[[23675,11226],[48,83]],[[23723,11309],[23,79]],[[23672,11412],[74,-24]],[[23655,11443],[17,-31]],[[23655,11525],[0,-82]],[[23655,11525],[38,55]],[[23691,11613],[2,-33]],[[23691,11613],[48,39]],[[23739,11652],[44,78]],[[23783,11730],[60,32]],[[23843,11762],[19,37]],[[23784,11869],[78,-70]],[[23726,11835],[58,34]],[[23683,11825],[43,10]],[[23683,11825],[61,137]],[[23737,12031],[7,-69]],[[23737,12031],[19,40]],[[23756,12071],[39,33]],[[23795,12104],[20,65]],[[23815,12169],[72,87]],[[23887,12256],[31,9]],[[23828,12376],[90,-111]],[[23800,12388],[28,-12]],[[23782,12432],[18,-44]],[[23782,12432],[46,64]],[[23828,12496],[21,-3]],[[23849,12493],[69,103]],[[23918,12596],[55,52]],[[23973,12648],[13,71]],[[23952,12734],[34,-15]],[[23938,12773],[14,-39]],[[23860,12782],[78,-9]],[[23762,12827],[98,-45]],[[23762,12827],[19,30]],[[23781,12857],[12,58]],[[23793,12915],[30,51]],[[23823,12966],[62,30]],[[23885,12996],[26,44]],[[23899,13078],[12,-38]],[[23856,13097],[43,-19]],[[23856,13097],[16,34]],[[23861,13177],[11,-46]],[[23820,13197],[41,-20]],[[23820,13197],[9,71]],[[23829,13268],[56,42]],[[23885,13310],[58,-63]],[[23943,13247],[21,55]],[[23955,13356],[9,-54]],[[23955,13356],[20,57]],[[23966,13436],[9,-23]],[[23966,13436],[20,45]],[[23965,13561],[21,-80]],[[23881,13676],[84,-115]],[[23863,13757],[18,-81]],[[23863,13757],[30,-12]],[[23893,13745],[55,13]],[[23935,13840],[13,-82]],[[23935,13840],[51,13]],[[23986,13853],[15,29]],[[23952,13964],[49,-82]],[[23876,13967],[76,-3]],[[23804,14028],[72,-61]],[[23804,14028],[37,43]],[[23841,14071],[43,10]],[[23857,14134],[27,-53]],[[23790,14165],[67,-31]],[[23749,14138],[41,27]],[[23720,14170],[29,-32]],[[23699,14270],[21,-100]],[[23699,14270],[7,44]],[[23687,14346],[19,-32]],[[23687,14346],[44,55]],[[23714,14429],[17,-28]],[[23714,14429],[33,32]],[[23747,14461],[39,123]],[[23786,14584],[1,51]],[[23763,14671],[24,-36]],[[23763,14671],[71,84]],[[23834,14755],[2,38]],[[23810,14853],[26,-60]],[[23810,14853],[10,34]],[[23778,14923],[42,-36]],[[23774,14976],[4,-53]],[[23774,14976],[49,41]],[[23823,15017],[12,65]],[[23820,15151],[15,-69]],[[23820,15151],[13,13]],[[23785,15236],[48,-72]],[[23731,15219],[54,17]],[[23730,15310],[1,-91]],[[23709,15379],[21,-69]],[[23709,15379],[18,41]],[[23727,15420],[1,46]],[[23728,15466],[80,7]],[[23808,15473],[81,-49]],[[23889,15424],[21,65]],[[23887,15513],[23,-24]],[[23867,15574],[20,-61]],[[23867,15574],[13,14]],[[23852,15638],[28,-50]],[[23852,15638],[10,25]],[[23862,15663],[48,-6]],[[23910,15657],[7,28]],[[23901,15744],[16,-59]],[[23838,15829],[63,-85]],[[23829,15929],[9,-100]],[[23793,15981],[36,-52]],[[23793,15981],[8,106]],[[23768,16178],[33,-91]],[[23768,16178],[10,101]],[[23778,16279],[29,119]],[[23807,16398],[60,18]],[[23867,16416],[86,-11]],[[23953,16405],[25,21]],[[23978,16426],[54,81]],[[24027,16571],[5,-64]],[[24027,16571],[19,139]],[[24006,16792],[40,-82]],[[23970,16825],[36,-33]],[[23960,16886],[10,-61]],[[23960,16886],[25,44]],[[23985,16930],[38,18]],[[24023,16948],[23,36]],[[24046,16984],[26,2]],[[24072,16986],[52,60]],[[24100,17114],[24,-68]],[[24065,17276],[35,-162]],[[24065,17276],[8,73]],[[24027,17446],[46,-97]],[[39958,4693],[76,17]],[[39926,4652],[32,41]],[[39863,4630],[63,22]],[[39814,4615],[49,15]],[[39719,4614],[95,1]],[[39623,4633],[96,-19]],[[39531,4642],[92,-9]],[[39475,4695],[56,-53]],[[39410,4739],[65,-44]],[[39296,4796],[114,-57]],[[39234,4811],[62,-15]],[[39166,4808],[68,3]],[[39042,4773],[124,35]],[[38971,4738],[71,35]],[[38915,4736],[56,2]],[[38801,4756],[114,-20]],[[38688,4833],[113,-77]],[[38617,4821],[71,12]],[[38552,4798],[65,23]],[[38413,4730],[139,68]],[[38368,4727],[45,3]],[[38263,4743],[105,-16]],[[38222,4745],[41,-2]],[[38099,4717],[123,28]],[[38027,4707],[72,10]],[[37932,4716],[95,-9]],[[37851,4692],[81,24]],[[37716,4597],[135,95]],[[37587,4547],[129,50]],[[37518,4507],[69,40]],[[37435,4434],[83,73]],[[37187,4266],[248,168]],[[37155,4240],[32,26]],[[37068,4197],[87,43]],[[36840,4146],[228,51]],[[36839,4162],[1,-16]],[[36748,4175],[91,-13]],[[36644,4157],[104,18]],[[36572,4124],[72,33]],[[36484,4068],[88,56]],[[36484,4068],[6,-18]],[[36369,4022],[121,28]],[[36336,4022],[33,0]],[[36203,3984],[133,38]],[[36077,3927],[126,57]],[[35945,3960],[132,-33]],[[35754,3959],[191,1]],[[35641,3934],[113,25]],[[35546,3887],[95,47]],[[35455,3862],[91,25]],[[35287,3808],[168,54]],[[35287,3808],[6,-21]],[[35215,3765],[78,22]],[[35153,3758],[62,7]],[[35100,3778],[53,-20]],[[34987,3793],[113,-15]],[[34946,3817],[41,-24]],[[34831,3839],[115,-22]],[[34780,3831],[51,8]],[[34669,3787],[111,44]],[[34610,3754],[59,33]],[[34440,3696],[170,58]],[[34393,3686],[47,10]],[[34248,3549],[145,137]],[[34090,3459],[158,90]],[[34019,3436],[71,23]],[[33942,3387],[77,49]],[[33752,3297],[190,90]],[[33668,3288],[84,9]],[[33665,3304],[3,-16]],[[33538,3305],[127,-1]],[[33473,3294],[65,11]],[[33346,3238],[127,56]],[[33267,3184],[79,54]],[[33211,3105],[56,79]],[[33159,3009],[52,96]],[[33159,3009],[13,-13]],[[33117,2934],[55,62]],[[33036,2822],[81,112]],[[33010,2766],[26,56]],[[32967,2713],[43,53]],[[32933,2624],[34,89]],[[32871,2545],[62,79]],[[32813,2505],[58,40]],[[32697,2441],[116,64]],[[32629,2387],[68,54]],[[32619,2401],[10,-14]],[[32527,2318],[92,83]],[[32485,2263],[42,55]],[[32388,2206],[97,57]],[[32344,2167],[44,39]],[[32271,2099],[73,68]],[[32207,2001],[64,98]],[[32148,1890],[59,111]],[[32125,1799],[23,91]],[[32102,1740],[23,59]],[[32057,1712],[45,28]],[[31967,1591],[90,121]],[[31933,1511],[34,80]],[[31933,1511],[18,-24]],[[31780,1283],[171,204]],[[31727,1244],[53,39]],[[31666,1214],[61,30]],[[31597,1184],[69,30]],[[31584,1200],[13,-16]],[[31493,1109],[91,91]],[[31466,1065],[27,44]],[[31415,921],[51,144]],[[31342,830],[73,91]],[[31216,754],[126,76]],[[31118,691],[98,63]],[[31074,670],[44,21]],[[30985,646],[89,24]],[[30982,660],[3,-14]],[[30878,663],[104,-3]],[[30707,655],[171,8]],[[30667,641],[40,14]],[[30572,575],[95,66]],[[30527,522],[45,53]],[[30427,485],[100,37]],[[30344,437],[83,48]],[[30222,348],[122,89]],[[30115,257],[107,91]],[[30054,231],[61,26]],[[29960,219],[94,12]],[[29852,236],[108,-17]],[[29751,234],[101,2]],[[29745,252],[6,-18]],[[29559,194],[186,58]],[[29462,127],[97,67]],[[29405,103],[57,24]],[[29405,103],[3,-18]],[[29318,68],[90,17]],[[29145,15],[173,53]],[[29049,0],[96,15]],[[29009,4],[40,-4]],[[28949,28],[60,-24]],[[28920,23],[29,5]],[[28819,66],[101,-43]],[[28750,111],[69,-45]],[[28649,219],[101,-108]],[[28560,272],[89,-53]],[[28444,325],[116,-53]],[[28429,352],[15,-27]],[[28351,444],[78,-92]],[[28326,488],[25,-44]],[[28234,563],[92,-75]],[[28198,577],[36,-14]],[[28058,609],[140,-32]],[[27905,655],[153,-46]],[[27863,674],[42,-19]],[[27767,710],[96,-36]],[[27594,650],[173,60]],[[27556,650],[38,0]],[[27529,627],[27,23]],[[27403,577],[126,50]],[[27313,582],[90,-5]],[[27246,604],[67,-22]],[[27144,623],[102,-19]],[[27063,645],[81,-22]],[[27025,666],[38,-21]],[[26903,796],[122,-130]],[[26839,837],[64,-41]],[[26808,912],[31,-75]],[[26779,937],[29,-25]],[[26738,957],[41,-20]],[[26583,963],[155,-6]],[[26508,979],[75,-16]],[[26457,976],[51,3]],[[26422,969],[35,7]],[[26353,921],[69,48]],[[26352,856],[1,65]],[[26297,857],[55,-1]],[[26155,816],[142,41]],[[26034,775],[121,41]],[[25945,767],[89,8]],[[25898,775],[47,-8]],[[25782,827],[116,-52]],[[25710,833],[72,-6]],[[25625,815],[85,18]],[[25564,786],[61,29]],[[25407,668],[157,118]],[[25288,602],[119,66]],[[25181,584],[107,18]],[[25100,611],[81,-27]],[[25007,662],[93,-51]],[[24882,762],[125,-100]],[[24727,929],[155,-167]],[[14599,1982],[84,-44]],[[14476,1999],[123,-17]],[[14370,2035],[106,-36]],[[14246,2094],[124,-59]],[[14205,2125],[41,-31]],[[14128,2235],[77,-110]],[[14071,2355],[57,-120]],[[14068,2435],[3,-80]],[[14051,2481],[17,-46]],[[14050,2560],[1,-79]],[[14050,2560],[59,154]],[[14109,2714],[89,172]],[[14198,2886],[10,80]],[[14189,2975],[19,-9]],[[14189,2975],[50,121]],[[14239,3096],[33,163]],[[14272,3259],[36,137]],[[14308,3396],[78,89]],[[14386,3485],[106,21]],[[14492,3506],[114,57]],[[14606,3563],[241,58]],[[14847,3621],[5,-25]],[[14852,3596],[46,5]],[[14898,3601],[150,38]],[[15048,3639],[36,19]],[[15084,3658],[39,45]],[[15108,3721],[15,-18]],[[15108,3721],[55,63]],[[15163,3784],[45,67]],[[15208,3851],[45,81]],[[15253,3932],[48,116]],[[15301,4048],[3,49]],[[15297,4138],[7,-41]],[[15257,4242],[40,-104]],[[15183,4331],[74,-89]],[[15118,4371],[65,-40]],[[14993,4411],[125,-40]],[[14831,4422],[162,-11]],[[14668,4438],[163,-16]],[[14607,4461],[61,-23]],[[14454,4577],[153,-116]],[[14347,4695],[107,-118]],[[14295,4745],[52,-50]],[[14163,4833],[132,-88]],[[14120,4869],[43,-36]],[[13961,4939],[159,-70]],[[13864,5024],[97,-85]],[[13784,5105],[80,-81]],[[13598,5342],[186,-237]],[[13522,5372],[76,-30]],[[13416,5393],[106,-21]],[[13358,5396],[58,-3]],[[13279,5411],[79,-15]],[[13230,5443],[49,-32]],[[13159,5524],[71,-81]],[[13150,5574],[9,-50]],[[13150,5574],[14,94]],[[13164,5668],[67,158]],[[13231,5826],[8,126]],[[13204,6068],[35,-116]],[[13165,6118],[39,-50]],[[13010,6203],[155,-85]],[[12964,6215],[46,-12]],[[12849,6215],[115,0]],[[12779,6237],[70,-22]],[[12715,6270],[64,-33]],[[12624,6313],[91,-43]],[[12539,6333],[85,-20]],[[12494,6389],[45,-56]],[[12451,6489],[43,-100]],[[12349,6597],[102,-108]],[[12316,6641],[33,-44]],[[12279,6812],[37,-171]],[[12235,6954],[44,-142]],[[12209,7011],[26,-57]],[[12195,7106],[14,-95]],[[12189,7297],[6,-191]],[[12189,7297],[17,42]],[[12090,7480],[116,-141]],[[12038,7518],[52,-38]],[[11996,7592],[42,-74]],[[11982,7662],[14,-70]],[[11961,7719],[21,-57]],[[11954,7817],[7,-98]],[[11954,7817],[31,65]],[[11985,7882],[27,19]],[[12012,7901],[49,7]],[[12061,7908],[130,-32]],[[12191,7876],[117,-56]],[[12308,7820],[43,6]],[[12351,7826],[142,76]],[[12493,7902],[42,71]],[[12535,7973],[34,136]],[[12569,8109],[5,136]],[[12574,8245],[17,112]],[[12591,8357],[58,90]],[[12649,8447],[58,50]],[[12707,8497],[107,22]],[[12814,8519],[82,0]],[[12896,8519],[68,-24]],[[12964,8495],[47,-36]],[[13011,8459],[46,-16]],[[13057,8443],[43,-51]],[[13100,8392],[25,-27]],[[13125,8365],[168,-149]],[[13293,8216],[43,-25]],[[13336,8191],[42,-5]],[[13378,8186],[72,22]],[[13450,8208],[113,65]],[[13563,8273],[167,80]],[[13730,8353],[25,28]],[[13755,8381],[6,66]],[[13748,8516],[13,-69]],[[13721,8579],[27,-63]],[[13596,8761],[125,-182]],[[13457,8942],[139,-181]],[[13359,8972],[98,-30]],[[13305,9007],[54,-35]],[[13274,9086],[31,-79]],[[13222,9103],[52,-17]],[[13057,9068],[165,35]],[[12981,9065],[76,3]],[[12932,9079],[49,-14]],[[12835,9142],[97,-63]],[[12717,9235],[118,-93]],[[12651,9280],[66,-45]],[[12599,9385],[52,-105]],[[12515,9498],[84,-113]],[[12479,9522],[36,-24]],[[12461,9560],[18,-38]],[[12401,9637],[60,-77]],[[12348,9689],[53,-52]],[[12318,9760],[30,-71]],[[12240,9835],[78,-75]],[[12150,9942],[90,-107]],[[12092,9979],[58,-37]],[[12077,9985],[15,-6]],[[12062,9991],[15,-6]],[[11878,9956],[184,35]],[[11811,9924],[67,32]],[[11745,9838],[66,86]],[[11675,9736],[70,102]],[[11623,9691],[52,45]],[[11588,9665],[35,26]],[[11495,9633],[93,32]],[[11434,9639],[61,-6]],[[11330,9677],[104,-38]],[[11286,9667],[44,10]],[[11209,9580],[77,87]],[[11147,9525],[62,55]],[[11117,9477],[30,48]],[[11109,9399],[8,78]],[[11088,9344],[21,55]],[[10941,9236],[147,108]],[[10914,9085],[27,151]],[[10875,8979],[39,106]],[[10822,8902],[53,77]],[[10733,8758],[89,144]],[[10667,8677],[66,81]],[[10567,8458],[100,219]],[[10530,8360],[37,98]],[[10493,8286],[37,74]],[[10449,8226],[44,60]],[[10415,8124],[34,102]],[[10415,8124],[6,-48]],[[10396,8007],[25,69]],[[10370,7972],[26,35]],[[10311,7929],[59,43]],[[10149,7907],[162,22]],[[10101,7911],[48,-4]],[[10049,7934],[52,-23]],[[10023,7961],[26,-27]],[[9832,8125],[191,-164]],[[9756,8212],[76,-87]],[[9742,8280],[14,-68]],[[9742,8280],[5,64]],[[9716,8422],[31,-78]],[[9651,8490],[65,-68]],[[9567,8557],[84,-67]],[[9532,8613],[35,-56]],[[9494,8737],[38,-124]],[[9482,8825],[12,-88]],[[9482,8825],[12,144]],[[9484,9011],[10,-42]],[[9436,9061],[48,-50]],[[9376,9133],[60,-72]],[[9343,9326],[33,-193]],[[9292,9374],[51,-48]],[[9186,9373],[106,1]],[[9067,9396],[119,-23]],[[9010,9427],[57,-31]],[[8894,9507],[116,-80]],[[8861,9516],[33,-9]],[[8765,9496],[96,20]],[[8709,9503],[56,-7]],[[8592,9551],[117,-48]],[[8541,9558],[51,-7]],[[8444,9594],[97,-36]],[[8371,9570],[73,24]],[[8293,9565],[78,5]],[[8256,9580],[37,-15]],[[8182,9682],[74,-102]],[[8153,9693],[29,-11]],[[8034,9672],[119,21]],[[7875,9627],[159,45]],[[7787,9615],[88,12]],[[7729,9621],[58,-6]],[[7692,9640],[37,-19]],[[7603,9714],[89,-74]],[[7560,9730],[43,-16]],[[7483,9730],[77,0]],[[7347,9696],[136,34]],[[7281,9689],[66,7]],[[7232,9709],[49,-20]],[[7162,9780],[70,-71]],[[7119,9937],[43,-157]],[[7119,9937],[0,119]],[[7119,10056],[31,121]],[[7120,10340],[30,-163]],[[7099,10399],[21,-59]],[[7026,10558],[73,-159]],[[7006,10584],[20,-26]],[[6873,10667],[133,-83]],[[6735,10719],[138,-52]],[[6683,10729],[52,-10]],[[6527,10720],[156,9]],[[6272,10784],[255,-64]],[[6193,10773],[79,11]],[[6130,10777],[63,-4]],[[6068,10762],[62,15]],[[6011,10771],[57,-9]],[[5922,10810],[89,-39]],[[5884,10856],[38,-46]],[[5870,10908],[14,-52]],[[5851,11055],[19,-147]],[[5804,11148],[47,-93]],[[5743,11193],[61,-45]],[[5702,11211],[41,-18]],[[5693,11259],[9,-48]],[[5693,11259],[46,17]],[[5683,11359],[56,-83]],[[5683,11359],[27,48]],[[5709,11461],[1,-54]],[[5709,11461],[58,128]],[[5767,11589],[25,18]],[[5792,11607],[70,-16]],[[5862,11591],[27,38]],[[5889,11629],[50,-30]],[[5939,11599],[59,-3]],[[5998,11596],[55,51]],[[6053,11647],[63,-15]],[[6116,11632],[25,-28]],[[6141,11604],[25,23]],[[6166,11627],[32,-14]],[[6198,11613],[24,33]],[[6222,11646],[54,-2]],[[6276,11644],[53,-57]],[[6329,11587],[21,24]],[[6350,11611],[70,3]],[[6420,11614],[30,-24]],[[6450,11590],[22,28]],[[6472,11618],[28,-5]],[[6500,11613],[79,41]],[[6579,11654],[24,32]],[[6603,11686],[127,16]],[[6730,11702],[161,51]],[[6881,11893],[10,-140]],[[6881,11893],[5,17]],[[6847,11993],[39,-83]],[[6847,11993],[13,72]],[[6828,12125],[32,-60]],[[6709,12211],[119,-86]],[[6675,12199],[34,12]],[[6602,12259],[73,-60]],[[6506,12309],[96,-50]],[[6392,12395],[114,-86]],[[6256,12435],[136,-40]],[[6213,12422],[43,13]],[[6039,12591],[174,-169]],[[6039,12591],[49,71]],[[6033,12691],[55,-29]],[[6033,12691],[10,23]],[[5940,12769],[103,-55]],[[5910,12805],[30,-36]],[[5786,12976],[124,-171]],[[5786,12976],[82,64]],[[5868,13040],[97,-14]],[[5965,13026],[54,26]],[[6019,13052],[30,39]],[[6049,13091],[42,12]],[[6091,13103],[81,-13]],[[6172,13090],[173,37]],[[6315,13232],[30,-105]],[[6299,13257],[16,-25]],[[6299,13257],[22,55]],[[6321,13312],[27,17]],[[6348,13329],[32,81]],[[6380,13410],[80,92]],[[6460,13502],[9,27]],[[6469,13529],[51,43]],[[6508,13609],[12,-37]],[[6477,13640],[31,-31]],[[6447,13694],[30,-54]],[[6447,13694],[30,61]],[[6477,13755],[25,84]],[[6502,13839],[54,35]],[[6556,13874],[47,-10]],[[6603,13864],[44,29]],[[6647,13893],[143,81]],[[6790,13974],[12,83]],[[6794,14090],[8,-33]],[[6775,14165],[19,-75]],[[6738,14252],[37,-87]],[[6605,14300],[133,-48]],[[6556,14461],[49,-161]],[[6533,14477],[23,-16]],[[6412,14533],[121,-56]],[[6304,14575],[108,-42]],[[6260,14670],[44,-95]],[[6155,14749],[105,-79]],[[6152,14778],[3,-29]],[[6109,14819],[43,-41]],[[6061,14729],[48,90]],[[5916,14801],[145,-72]],[[5860,14768],[56,33]],[[5770,14860],[90,-92]],[[5746,14897],[24,-37]],[[5707,14887],[39,10]],[[5636,14916],[71,-29]],[[5552,14936],[84,-20]],[[5478,14967],[74,-31]],[[5375,14858],[103,109]],[[5275,14952],[100,-94]],[[5268,14970],[7,-18]],[[5087,15083],[181,-113]],[[5059,15063],[28,20]],[[4972,15198],[87,-135]],[[4972,15198],[39,86]],[[4945,15349],[66,-65]],[[4915,15397],[30,-48]],[[4908,15456],[7,-59]],[[4860,15624],[48,-168]],[[4860,15624],[22,34]],[[4882,15658],[2,41]],[[4840,15739],[44,-40]],[[4784,15693],[56,46]],[[4761,15743],[23,-50]],[[4689,15664],[72,79]],[[4689,15664],[25,-33]],[[4655,15567],[59,64]],[[4561,15571],[94,-4]],[[4512,15550],[49,21]],[[4454,15541],[58,9]],[[4377,15502],[77,39]],[[4297,15702],[80,-200]],[[4239,15681],[58,21]],[[4183,15691],[56,-10]],[[4183,15691],[19,142]],[[4006,15791],[196,42]],[[3954,15785],[52,6]],[[3930,15782],[24,3]],[[3899,15932],[31,-150]],[[3840,15939],[59,-7]],[[3774,16019],[66,-80]],[[3744,16083],[30,-64]],[[3676,16147],[68,-64]],[[3626,16175],[50,-28]],[[3575,16249],[51,-74]],[[3565,16346],[10,-97]],[[3468,16362],[97,-16]],[[3463,16411],[5,-49]],[[3463,16411],[32,2]],[[3475,16497],[20,-84]],[[3435,16546],[40,-49]],[[3418,16636],[17,-90]],[[3304,16639],[114,-3]],[[3163,16727],[141,-88]],[[3106,16783],[57,-56]],[[3106,16783],[8,30]],[[3114,16813],[56,31]],[[3166,16909],[4,-65]],[[3166,16909],[40,-4]],[[3187,16942],[19,-37]],[[3187,16942],[9,33]],[[3149,16995],[47,-20]],[[3149,16995],[6,36]],[[3128,17080],[27,-49]],[[3093,17092],[35,-12]],[[2945,17221],[148,-129]],[[2592,17241],[353,-20]],[[2592,17241],[3,73]],[[2595,17314],[35,19]],[[2587,17421],[43,-88]],[[2587,17421],[209,118]],[[2796,17539],[17,9]],[[2813,17548],[127,155]],[[2940,17703],[27,15]],[[2898,17851],[69,-133]],[[2898,17851],[22,12]],[[2858,17991],[62,-128]],[[2858,17991],[13,19]],[[2777,18189],[94,-179]],[[2641,18155],[136,34]],[[2618,18422],[23,-267]],[[2618,18422],[83,85]],[[2701,18507],[63,200]],[[2764,18707],[96,99]],[[2839,18938],[21,-132]],[[2839,18938],[21,89]],[[2823,19074],[37,-47]],[[2823,19074],[42,111]],[[2858,19204],[7,-19]],[[2858,19204],[24,318]],[[2882,19522],[36,93]],[[2918,19615],[45,5]],[[2963,19620],[10,24]],[[2973,19644],[41,203]],[[2794,19956],[220,-109]],[[2727,19680],[67,276]],[[2492,19706],[235,-26]],[[2407,19676],[85,30]],[[2379,19658],[28,18]],[[2347,19674],[32,-16]],[[2306,19671],[41,3]],[[2291,19759],[15,-88]],[[2268,19755],[23,4]],[[2258,19813],[10,-58]],[[2258,19813],[23,4]],[[2263,19920],[18,-103]],[[2219,20092],[44,-172]],[[2112,20070],[107,22]],[[2086,20195],[26,-125]],[[2051,20229],[35,-34]],[[2051,20229],[47,113]],[[2098,20342],[16,40]],[[1854,20707],[260,-325]],[[1780,20691],[74,16]],[[1759,20782],[21,-91]],[[1685,20766],[74,16]],[[1652,20898],[33,-132]],[[1652,20898],[24,7]],[[1634,21132],[42,-227]],[[1547,21113],[87,19]],[[1503,21103],[44,10]],[[1503,21103],[14,-55]],[[1322,20991],[195,57]],[[1251,21160],[71,-169]],[[1164,21547],[87,-387]],[[972,21708],[192,-161]],[[731,21680],[241,28]],[[424,22006],[307,-326]],[[424,22006],[56,52]],[[398,22334],[82,-276]],[[395,22361],[3,-27]],[[395,22361],[23,69]],[[345,22536],[73,-106]],[[238,22664],[107,-128]],[[205,22795],[33,-131]],[[47,22910],[158,-115]],[[4,23009],[43,-99]],[[4,23009],[62,27]],[[49,23070],[17,-34]],[[0,23096],[49,-26]],[[0,23096],[10,66]],[[10,23162],[34,6]],[[44,23168],[9,43]],[[53,23211],[24,11]],[[77,23222],[47,71]],[[124,23293],[83,87]],[[207,23380],[71,33]],[[278,23413],[17,-57]],[[295,23356],[251,158]],[[546,23514],[65,-154]],[[611,23360],[54,40]],[[665,23400],[20,0]],[[685,23400],[71,-52]],[[756,23348],[21,42]],[[777,23390],[106,-87]],[[883,23303],[51,-32]],[[934,23271],[106,-37]],[[1040,23234],[78,5]],[[1118,23239],[81,80]],[[1199,23319],[24,34]],[[1223,23353],[99,108]],[[1322,23461],[22,77]],[[1319,23564],[25,-26]],[[1319,23564],[34,29]],[[1349,23630],[4,-37]],[[1349,23630],[28,13]],[[1377,23643],[122,-86]],[[1499,23557],[100,-21]],[[1599,23536],[43,-26]],[[1642,23510],[22,-31]],[[1664,23479],[225,-223]],[[1889,23256],[87,-56]],[[1976,23200],[26,-41]],[[2002,23159],[57,-80]],[[2059,23079],[41,-42]],[[2100,23037],[46,10]],[[2146,23047],[41,59]],[[2187,23106],[7,66]],[[2194,23172],[26,52]],[[2220,23224],[80,14]],[[2300,23238],[65,-55]],[[2365,23183],[31,-1]],[[2396,23182],[34,36]],[[2430,23218],[26,80]],[[2456,23298],[58,20]],[[2514,23318],[51,38]],[[2565,23356],[57,189]],[[2622,23545],[52,24]],[[2674,23569],[14,22]],[[2644,23624],[44,-33]],[[2644,23624],[20,75]],[[2659,23720],[5,-21]],[[2659,23720],[193,-37]],[[2799,24097],[53,-414]],[[2799,24097],[161,216]],[[2960,24313],[76,-29]],[[3036,24284],[479,100]],[[3515,24384],[90,-148]],[[3605,24236],[174,-96]],[[3779,24140],[23,128]],[[3802,24268],[122,19]],[[3924,24287],[27,-129]],[[3951,24158],[48,-26]],[[3999,24132],[163,-33]],[[4162,24099],[147,26]],[[4309,24125],[51,25]],[[4360,24150],[58,-169]],[[4418,23981],[129,-35]],[[4547,23946],[34,-19]],[[4581,23927],[34,97]],[[4615,24024],[48,-19]],[[4663,24005],[63,51]],[[4726,24056],[23,36]],[[4749,24092],[49,0]],[[4798,24092],[40,135]],[[4838,24227],[46,208]],[[4884,24435],[39,-9]],[[4923,24426],[130,27]],[[5053,24453],[10,-49]],[[5063,24404],[22,-16]],[[5085,24388],[12,7]],[[5097,24395],[92,-8]],[[5189,24387],[34,41]],[[5223,24428],[27,9]],[[5214,24567],[36,-130]],[[5214,24567],[27,43]],[[5238,24718],[3,-108]],[[5238,24718],[81,28]],[[5319,24746],[30,40]],[[5349,24786],[25,35]],[[5371,25016],[3,-195]],[[5366,25026],[5,-10]],[[5366,25026],[31,132]],[[5397,25158],[37,153]],[[5434,25311],[55,-16]],[[5489,25295],[20,82]],[[5509,25377],[36,20]],[[5545,25397],[79,-33]],[[5624,25364],[73,-9]],[[5697,25355],[126,-34]],[[5823,25321],[43,-33]],[[5866,25288],[74,28]],[[5905,25378],[35,-62]],[[5905,25378],[85,161]],[[5990,25539],[51,72]],[[6041,25611],[11,80]],[[6052,25691],[24,9]],[[5967,25933],[109,-233]],[[5899,25946],[68,-13]],[[5844,25942],[55,4]],[[5838,26004],[6,-62]],[[5775,26173],[63,-169]],[[5775,26173],[101,289]],[[5867,26513],[9,-51]],[[5867,26513],[37,36]],[[5904,26549],[52,-8]],[[5956,26541],[25,69]],[[5981,26610],[22,9]],[[6003,26619],[44,67]],[[6040,26714],[7,-28]],[[6040,26714],[66,93]],[[6106,26807],[38,67]],[[6069,26910],[75,-36]],[[6038,26950],[31,-40]],[[6038,26950],[35,71]],[[6073,27021],[1,26]],[[6074,27047],[46,138]],[[6120,27185],[63,91]],[[6183,27276],[31,29]],[[6214,27305],[25,-24]],[[6239,27281],[75,17]],[[6314,27298],[29,-11]],[[6343,27287],[73,64]],[[6416,27351],[72,-48]],[[6488,27303],[13,-42]],[[6501,27261],[153,-63]],[[6654,27198],[15,30]],[[6669,27228],[16,80]],[[6685,27308],[17,70]],[[6702,27378],[30,33]],[[6732,27411],[60,12]],[[6792,27423],[53,27]],[[24631,1023],[96,-94]],[[24528,1097],[103,-74]],[[24455,1130],[73,-33]],[[24329,1176],[126,-46]],[[24217,1209],[112,-33]],[[24152,1210],[65,-1]],[[23946,1256],[206,-46]],[[23878,1279],[68,-23]],[[23878,1279],[2,21]],[[23792,1270],[88,30]],[[23610,1162],[182,108]],[[23485,1099],[125,63]],[[23476,1123],[9,-24]],[[23308,1073],[168,50]],[[23249,1045],[59,28]],[[23187,973],[62,72]],[[23181,953],[6,20]],[[23112,904],[69,49]],[[23090,870],[22,34]],[[23090,870],[14,-27]],[[23034,799],[70,44]],[[22944,727],[90,72]],[[22908,707],[36,20]],[[22866,707],[42,0]],[[22727,738],[139,-31]],[[22573,716],[154,22]],[[22386,671],[187,45]],[[22359,660],[27,11]],[[22260,650],[99,10]],[[22143,610],[117,40]],[[22074,609],[69,1]],[[22007,597],[67,12]],[[21952,584],[55,13]],[[21875,587],[77,-3]],[[21788,614],[87,-27]],[[21712,660],[76,-46]],[[21582,721],[130,-61]],[[21519,741],[63,-20]],[[21364,767],[155,-26]],[[21280,846],[84,-79]],[[21266,882],[14,-36]],[[21183,933],[83,-51]],[[21033,993],[150,-60]],[[20973,1011],[60,-18]],[[20792,1107],[181,-96]],[[20716,1133],[76,-26]],[[20618,1158],[98,-25]],[[20426,1160],[192,-2]],[[20331,1190],[95,-30]],[[20115,1236],[216,-46]],[[20014,1274],[101,-38]],[[19969,1306],[45,-32]],[[19867,1354],[102,-48]],[[19867,1354],[6,14]],[[19797,1404],[76,-36]],[[19748,1441],[49,-37]],[[19703,1444],[45,-3]],[[19578,1482],[125,-38]],[[19481,1538],[97,-56]],[[19393,1676],[88,-138]],[[19270,1682],[123,-6]],[[19184,1701],[86,-19]],[[19105,1707],[79,-6]],[[19071,1694],[34,13]],[[19018,1698],[53,-4]],[[18888,1668],[130,30]],[[18759,1623],[129,45]],[[18621,1602],[138,21]],[[18520,1635],[101,-33]],[[18474,1657],[46,-22]],[[18399,1657],[75,0]],[[18323,1692],[76,-35]],[[18291,1728],[32,-36]],[[18181,1794],[110,-66]],[[18067,1895],[114,-101]],[[18067,1895],[10,14]],[[18017,1967],[60,-58]],[[17972,1993],[45,-26]],[[17917,1999],[55,-6]],[[17815,2031],[102,-32]],[[17720,2054],[95,-23]],[[17622,2112],[98,-58]],[[17539,2150],[83,-38]],[[17433,2173],[106,-23]],[[17288,2155],[145,18]],[[17187,2131],[101,24]],[[17062,2147],[125,-16]],[[16968,2158],[94,-11]],[[16879,2159],[89,-1]],[[16755,2146],[124,13]],[[16566,2139],[189,7]],[[16513,2119],[53,20]],[[16439,2074],[74,45]],[[16394,2057],[45,17]],[[16336,2060],[58,-3]],[[16241,2024],[95,36]],[[16183,1991],[58,33]],[[16105,1959],[78,32]],[[16017,1923],[88,36]],[[15796,1810],[221,113]],[[15731,1784],[65,26]],[[15454,1742],[277,42]],[[15424,1727],[30,15]],[[15316,1716],[108,11]],[[15235,1722],[81,-6]],[[15154,1790],[81,-68]],[[15028,1810],[126,-20]],[[14899,1849],[129,-39]],[[14892,1830],[7,19]],[[14838,1842],[54,-12]],[[14740,1886],[98,-44]],[[14707,1887],[33,-1]],[[14683,1938],[24,-51]]],"transform":{"scale":[13.681684748450616,12.495455997536828],"translate":[134175.80008130672,235541.2600181162]},"objects":{"ro_admin_macroregion_simplified_line":{"type":"GeometryCollection","geometries":[{"type":"MultiLineString","arcs":[[0],[1],[2],[3],[4],[5],[6],[7],[8],[9],[10],[11],[12],[13],[14],[15],[16],[17],[18],[19],[20],[21],[22],[23],[24],[25],[26],[27],[28],[29],[30],[31],[32],[33],[34],[35],[36],[37],[38],[39],[40],[41],[42],[43],[44],[45],[46],[47],[48],[49],[50],[51],[52],[53],[54],[55],[56],[57],[58],[59],[60],[61],[62],[63],[64],[65],[66],[67],[68],[69],[70],[71],[72],[73],[74],[75],[76],[77],[78],[79],[80],[81],[82],[83],[84],[85],[86],[87],[88],[89],[90],[91],[92],[93],[94],[95],[96],[97],[98],[99],[100],[101],[102],[103],[104],[105],[106],[107],[108],[109],[110],[111],[112],[113],[114],[115],[116],[117],[118],[119],[120],[121],[122],[123],[124],[125],[126],[127],[128],[129],[130],[131],[132],[133],[134],[135],[136],[137],[138],[139],[140],[141],[142],[143],[144],[145],[146],[147],[148],[149],[150],[151],[152],[153],[154],[155],[156],[157],[158],[159],[160],[161],[162],[163],[164],[165],[166],[167],[168],[169],[170],[171],[172],[173],[174],[175],[176],[177],[178],[179],[180],[181],[182],[183],[184],[185],[186],[187],[188],[189],[190],[191],[192],[193],[194],[195],[196],[197],[198],[199],[200],[201],[202],[203],[204],[205],[206],[207]],"properties":{"id":1,"leftMacror":"Macroregiunea 1","leftId":1,"rightMacro":"Macroregiunea 3","rightId":3,"version":"2025/03/26"}},{"type":"MultiLineString","arcs":[[208],[209],[210],[211],[212],[213],[214],[215],[216],[217],[218],[219],[220],[221],[222],[223],[224],[225],[226],[227],[228],[229],[230],[231],[232],[233],[234],[235],[236],[237],[238],[239],[240],[241],[242],[243],[244],[245],[246],[247],[248],[249],[250],[251],[252],[253],[254],[255],[256],[257],[258],[259],[260],[261],[262],[263],[264],[265],[266],[267],[268],[269],[270],[271],[272],[273],[274],[275],[276],[277],[278],[279],[280],[281],[282],[283],[284],[285],[286],[287],[288],[289],[290],[291],[292],[293],[294],[295],[296],[297],[298],[299],[300],[301],[302],[303],[304],[305],[306],[307],[308],[309],[310],[311],[312],[313],[314],[315],[316],[317],[318],[319],[320],[321],[322],[323],[324],[325],[326],[327],[328],[329],[330],[331],[332],[333],[334],[335],[336],[337],[338],[339],[340],[341],[342],[343],[344],[345],[346],[347],[348],[349],[350],[351],[352],[353],[354],[355],[356],[357],[358],[359],[360],[361],[362],[363],[364],[365],[366],[367],[368],[369],[370],[371],[372],[373],[374],[375],[376],[377],[378],[379],[380],[381],[382],[383],[384],[385],[386],[387],[388],[389],[390],[391],[392],[393],[394],[395],[396],[397],[398],[399],[400],[401],[402],[403],[404],[405],[406],[407],[408],[409],[410],[411],[412],[413],[414],[415],[416],[417],[418],[419],[420],[421],[422],[423],[424],[425],[426],[427],[428],[429],[430],[431],[432],[433],[434],[435],[436],[437],[438],[439],[440],[441],[442],[443],[444],[445],[446],[447],[448],[449],[450],[451],[452],[453],[454],[455],[456],[457],[458],[459],[460],[461],[462],[463],[464],[465],[466],[467],[468],[469],[470],[471],[472],[473],[474],[475],[476],[477],[478],[479],[480],[481],[482],[483],[484],[485],[486],[487],[488],[489],[490],[491],[492],[493],[494],[495],[496],[497],[498],[499],[500],[501],[502],[503],[504],[505],[506],[507],[508],[509],[510],[511],[512],[513],[514],[515],[516],[517],[518],[519],[520],[521],[522],[523],[524],[525],[526],[527],[528],[529],[530],[531],[532],[533],[534],[535],[536],[537],[538],[539],[540],[541],[542],[543],[544],[545],[546],[547],[548],[549],[550],[551],[552],[553],[554],[555],[556],[557],[558],[559],[560],[561],[562],[563],[564],[565],[566],[567],[568],[569],[570],[571],[572],[573],[574],[575],[576],[577],[578],[579],[580],[581],[582],[583],[584],[585],[586],[587],[588],[589],[590],[591],[592],[593],[594],[595],[596],[597],[598],[599],[600],[601],[602],[603],[604],[605],[606],[607],[608],[609],[610],[611],[612],[613],[614],[615],[616],[617],[618],[619],[620],[621],[622],[623],[624],[625],[626],[627],[628],[629],[630],[631],[632],[633],[634],[635],[636],[637],[638],[639],[640],[641],[642],[643],[644],[645],[646],[647],[648],[649],[650],[651],[652],[653],[654],[655],[656],[657],[658],[659],[660],[661],[662],[663],[664],[665],[666],[667],[668],[669],[670],[671],[672],[673],[674],[675],[676],[677],[678],[679],[680],[681],[682],[683],[684],[685],[686],[687],[688],[689],[690],[691],[692],[693],[694],[695],[696],[697],[698],[699],[700],[701],[702],[703],[704]],"properties":{"id":2,"leftMacror":"Macroregiunea 1","leftId":1,"rightMacro":"Macroregiunea 4","rightId":4,"version":"2025/03/26"}},{"type":"MultiLineString","arcs":[[705],[706],[707],[708],[709],[710],[711],[712],[713],[714],[715],[716],[717],[718],[719],[720],[721],[722],[723],[724],[725],[726],[727],[728],[729],[730],[731],[732],[733],[734],[735],[736],[737],[738],[739],[740],[741],[742],[743],[744],[745],[746],[747],[748],[749],[750],[751],[752],[753],[754],[755],[756],[757],[758],[759],[760],[761],[762],[763],[764],[765],[766],[767],[768],[769],[770],[771],[772],[773],[774],[775],[776],[777],[778],[779],[780],[781],[782],[783],[784],[785],[786],[787],[788],[789],[790],[791],[792],[793],[794],[795],[796],[797],[798],[799],[800],[801],[802],[803],[804],[805],[806],[807],[808],[809],[810],[811],[812],[813],[814],[815],[816],[817],[818],[819],[820],[821],[822],[823],[824],[825],[826],[827],[828],[829],[830],[831],[832],[833],[834],[835],[836],[837],[838],[839],[840],[841],[842],[843],[844],[845],[846],[847],[848],[849],[850],[851],[852],[853],[854],[855],[856],[857],[858],[859],[860],[861],[862],[863],[864],[865],[866],[867],[868],[869],[870],[871],[872],[873],[874],[875],[876],[877],[878],[879],[880],[881],[882],[883],[884],[885],[886],[887],[888],[889],[890],[891],[892],[893],[894],[895],[896],[897],[898],[899],[900],[901],[902],[903],[904],[905],[906],[907],[908],[909],[910],[911],[912],[913],[914],[915],[916],[917],[918],[919],[920],[921],[922],[923],[924],[925],[926],[927],[928],[929],[930],[931],[932],[933],[934],[935],[936],[937],[938],[939],[940],[941],[942],[943],[944],[945],[946],[947],[948],[949],[950],[951],[952],[953],[954],[955],[956],[957],[958],[959],[960],[961],[962],[963],[964],[965],[966],[967],[968],[969],[970],[971],[972],[973],[974],[975],[976],[977],[978],[979],[980],[981],[982],[983],[984],[985],[986],[987],[988],[989],[990],[991],[992],[993],[994],[995],[996],[997],[998],[999],[1000],[1001],[1002],[1003],[1004],[1005],[1006],[1007],[1008],[1009],[1010],[1011],[1012],[1013],[1014],[1015],[1016],[1017],[1018],[1019],[1020],[1021],[1022],[1023],[1024],[1025],[1026],[1027],[1028],[1029],[1030],[1031],[1032],[1033],[1034],[1035],[1036],[1037],[1038],[1039],[1040],[1041],[1042],[1043],[1044],[1045],[1046],[1047],[1048],[1049],[1050],[1051],[1052],[1053],[1054],[1055],[1056],[1057],[1058],[1059],[1060],[1061],[1062],[1063],[1064],[1065],[1066],[1067],[1068],[1069],[1070],[1071],[1072],[1073],[1074],[1075],[1076],[1077],[1078],[1079],[1080],[1081],[1082],[1083],[1084],[1085],[1086],[1087],[1088],[1089],[1090],[1091],[1092],[1093],[1094],[1095],[1096],[1097],[1098],[1099],[1100],[1101],[1102],[1103],[1104],[1105],[1106],[1107],[1108],[1109],[1110],[1111],[1112],[1113],[1114],[1115],[1116],[1117],[1118],[1119],[1120],[1121],[1122],[1123],[1124],[1125],[1126],[1127],[1128],[1129],[1130],[1131],[1132],[1133],[1134],[1135],[1136],[1137],[1138],[1139],[1140],[1141],[1142],[1143],[1144],[1145],[1146],[1147],[1148],[1149],[1150],[1151],[1152],[1153],[1154],[1155],[1156],[1157],[1158],[1159],[1160],[1161],[1162],[1163],[1164],[1165],[1166],[1167],[1168],[1169],[1170],[1171],[1172],[1173],[1174],[1175],[1176],[1177],[1178],[1179],[1180],[1181],[1182],[1183],[1184],[1185],[1186],[1187],[1188],[1189],[1190],[1191],[1192],[1193],[1194],[1195],[1196],[1197],[1198],[1199],[1200],[1201],[1202],[1203],[1204],[1205],[1206],[1207],[1208],[1209],[1210],[1211],[1212],[1213],[1214],[1215],[1216],[1217],[1218],[1219],[1220],[1221],[1222],[1223],[1224],[1225],[1226],[1227],[1228],[1229],[1230],[1231],[1232],[1233],[1234],[1235],[1236],[1237],[1238],[1239],[1240],[1241],[1242],[1243],[1244],[1245],[1246],[1247],[1248],[1249],[1250],[1251]],"properties":{"id":3,"leftMacror":"Macroregiunea 1","leftId":1,"rightMacro":"","rightId":null,"version":"2025/03/26"}},{"type":"MultiLineString","arcs":[[1252],[1253],[1254],[1255],[1256],[1257],[1258],[1259],[1260],[1261],[1262],[1263],[1264],[1265],[1266],[1267],[1268],[1269],[1270],[1271],[1272],[1273],[1274],[1275],[1276],[1277],[1278],[1279],[1280],[1281],[1282],[1283],[1284],[1285],[1286],[1287],[1288],[1289],[1290],[1291],[1292],[1293],[1294],[1295],[1296],[1297],[1298],[1299],[1300],[1301],[1302],[1303],[1304],[1305],[1306],[1307],[1308],[1309],[1310],[1311],[1312],[1313],[1314],[1315],[1316],[1317],[1318],[1319],[1320],[1321],[1322],[1323],[1324],[1325],[1326],[1327],[1328],[1329],[1330],[1331],[1332],[1333],[1334],[1335],[1336],[1337],[1338],[1339],[1340],[1341],[1342],[1343],[1344],[1345],[1346],[1347],[1348],[1349],[1350],[1351],[1352],[1353],[1354],[1355],[1356],[1357],[1358],[1359],[1360],[1361],[1362],[1363],[1364],[1365],[1366],[1367],[1368],[1369],[1370],[1371],[1372],[1373],[1374],[1375],[1376],[1377],[1378],[1379],[1380],[1381],[1382],[1383],[1384],[1385],[1386],[1387],[1388],[1389],[1390],[1391],[1392],[1393],[1394],[1395],[1396],[1397],[1398],[1399],[1400],[1401],[1402],[1403],[1404],[1405],[1406],[1407],[1408],[1409],[1410],[1411],[1412],[1413],[1414],[1415],[1416],[1417],[1418],[1419],[1420],[1421],[1422],[1423],[1424],[1425],[1426],[1427],[1428],[1429],[1430],[1431],[1432],[1433],[1434],[1435],[1436],[1437],[1438],[1439],[1440],[1441],[1442],[1443],[1444],[1445],[1446],[1447],[1448],[1449],[1450],[1451],[1452],[1453],[1454],[1455],[1456],[1457],[1458],[1459],[1460],[1461],[1462],[1463],[1464],[1465],[1466],[1467],[1468],[1469],[1470],[1471],[1472],[1473],[1474],[1475],[1476],[1477],[1478],[1479],[1480],[1481],[1482],[1483],[1484],[1485],[1486],[1487],[1488],[1489],[1490],[1491],[1492],[1493],[1494],[1495],[1496],[1497],[1498],[1499],[1500],[1501],[1502],[1503],[1504],[1505],[1506],[1507],[1508],[1509],[1510],[1511],[1512],[1513],[1514],[1515],[1516],[1517],[1518],[1519],[1520],[1521],[1522],[1523],[1524],[1525],[1526],[1527],[1528],[1529],[1530],[1531],[1532],[1533],[1534],[1535],[1536],[1537],[1538],[1539],[1540],[1541],[1542],[1543],[1544],[1545],[1546],[1547],[1548],[1549],[1550],[1551],[1552],[1553],[1554],[1555],[1556],[1557],[1558],[1559],[1560],[1561],[1562],[1563],[1564],[1565],[1566],[1567],[1568],[1569],[1570],[1571],[1572],[1573],[1574],[1575],[1576],[1577],[1578],[1579],[1580],[1581],[1582],[1583],[1584],[1585],[1586],[1587],[1588],[1589],[1590],[1591],[1592],[1593],[1594],[1595],[1596],[1597],[1598],[1599],[1600],[1601],[1602],[1603],[1604],[1605],[1606],[1607],[1608],[1609],[1610],[1611],[1612],[1613],[1614],[1615],[1616],[1617],[1618],[1619],[1620],[1621],[1622],[1623],[1624],[1625],[1626],[1627],[1628],[1629],[1630],[1631],[1632],[1633],[1634],[1635],[1636],[1637],[1638],[1639],[1640],[1641],[1642],[1643],[1644],[1645],[1646],[1647],[1648],[1649],[1650],[1651],[1652],[1653],[1654],[1655],[1656],[1657],[1658],[1659],[1660],[1661],[1662],[1663],[1664],[1665],[1666],[1667],[1668],[1669],[1670],[1671],[1672],[1673],[1674],[1675],[1676],[1677],[1678],[1679],[1680],[1681],[1682],[1683],[1684],[1685],[1686],[1687],[1688],[1689],[1690],[1691],[1692],[1693],[1694],[1695],[1696],[1697],[1698],[1699],[1700],[1701],[1702],[1703],[1704],[1705],[1706],[1707],[1708],[1709],[1710],[1711],[1712],[1713],[1714],[1715],[1716],[1717],[1718],[1719],[1720],[1721],[1722],[1723],[1724],[1725],[1726],[1727],[1728],[1729],[1730],[1731],[1732],[1733],[1734],[1735],[1736],[1737],[1738],[1739],[1740],[1741],[1742],[1743],[1744],[1745],[1746],[1747],[1748],[1749],[1750],[1751],[1752],[1753],[1754],[1755],[1756],[1757],[1758],[1759],[1760],[1761],[1762],[1763],[1764],[1765],[1766],[1767],[1768],[1769],[1770],[1771],[1772],[1773],[1774],[1775],[1776],[1777],[1778],[1779],[1780],[1781],[1782],[1783],[1784],[1785],[1786],[1787],[1788],[1789],[1790],[1791],[1792],[1793],[1794],[1795],[1796],[1797],[1798],[1799],[1800],[1801],[1802],[1803],[1804],[1805],[1806],[1807],[1808],[1809],[1810],[1811],[1812],[1813],[1814],[1815],[1816],[1817],[1818]],"properties":{"id":4,"leftMacror":"Macroregiunea 1","leftId":1,"rightMacro":"Macroregiunea 2","rightId":2,"version":"2025/03/26"}},{"type":"MultiLineString","arcs":[[1819],[1820],[1821],[1822],[1823],[1824],[1825],[1826],[1827],[1828],[1829],[1830],[1831],[1832],[1833],[1834],[1835],[1836],[1837],[1838],[1839],[1840],[1841],[1842],[1843],[1844],[1845],[1846],[1847],[1848],[1849],[1850],[1851],[1852],[1853],[1854],[1855],[1856],[1857],[1858],[1859],[1860],[1861],[1862],[1863],[1864],[1865],[1866],[1867],[1868],[1869],[1870],[1871],[1872],[1873],[1874],[1875],[1876],[1877],[1878],[1879],[1880],[1881],[1882],[1883],[1884],[1885],[1886],[1887],[1888],[1889],[1890],[1891],[1892],[1893],[1894],[1895],[1896],[1897],[1898],[1899],[1900],[1901],[1902],[1903],[1904],[1905],[1906],[1907],[1908],[1909],[1910],[1911],[1912],[1913],[1914],[1915],[1916],[1917],[1918],[1919],[1920],[1921],[1922],[1923],[1924],[1925],[1926],[1927],[1928],[1929],[1930],[1931],[1932],[1933],[1934],[1935],[1936],[1937],[1938],[1939],[1940],[1941],[1942],[1943],[1944],[1945],[1946],[1947],[1948],[1949],[1950],[1951],[1952],[1953],[1954],[1955],[1956],[1957],[1958],[1959],[1960],[1961],[1962],[1963],[1964],[1965],[1966],[1967],[1968],[1969],[1970],[1971],[1972],[1973],[1974],[1975],[1976],[1977],[1978],[1979],[1980],[1981],[1982],[1983],[1984],[1985],[1986],[1987],[1988],[1989],[1990],[1991],[1992],[1993],[1994],[1995],[1996],[1997],[1998],[1999],[2000],[2001],[2002],[2003],[2004],[2005],[2006],[2007],[2008],[2009],[2010],[2011],[2012],[2013],[2014],[2015],[2016],[2017],[2018],[2019],[2020],[2021],[2022],[2023],[2024],[2025],[2026],[2027],[2028],[2029],[2030],[2031],[2032],[2033],[2034],[2035],[2036],[2037],[2038],[2039],[2040],[2041],[2042],[2043],[2044],[2045],[2046],[2047],[2048],[2049],[2050],[2051],[2052],[2053],[2054],[2055],[2056],[2057],[2058],[2059],[2060],[2061],[2062],[2063],[2064],[2065],[2066],[2067],[2068],[2069],[2070],[2071],[2072],[2073],[2074],[2075],[2076],[2077],[2078],[2079],[2080],[2081],[2082],[2083],[2084],[2085],[2086],[2087],[2088],[2089],[2090],[2091],[2092],[2093],[2094],[2095],[2096],[2097],[2098],[2099],[2100],[2101],[2102],[2103],[2104],[2105],[2106],[2107],[2108],[2109],[2110],[2111],[2112],[2113],[2114],[2115],[2116],[2117],[2118],[2119],[2120],[2121],[2122],[2123],[2124],[2125],[2126],[2127],[2128],[2129],[2130],[2131],[2132],[2133],[2134],[2135],[2136],[2137],[2138],[2139],[2140],[2141],[2142],[2143],[2144],[2145],[2146],[2147],[2148],[2149],[2150],[2151],[2152],[2153],[2154],[2155],[2156],[2157],[2158],[2159],[2160],[2161],[2162],[2163],[2164],[2165],[2166],[2167],[2168],[2169],[2170],[2171],[2172],[2173],[2174],[2175],[2176],[2177],[2178],[2179],[2180],[2181],[2182],[2183],[2184],[2185],[2186],[2187],[2188],[2189],[2190],[2191],[2192],[2193],[2194],[2195],[2196],[2197],[2198],[2199],[2200],[2201],[2202],[2203],[2204],[2205],[2206],[2207],[2208],[2209],[2210],[2211],[2212],[2213],[2214],[2215],[2216],[2217],[2218],[2219],[2220],[2221],[2222],[2223],[2224],[2225],[2226],[2227],[2228],[2229],[2230],[2231],[2232],[2233],[2234],[2235],[2236],[2237],[2238],[2239],[2240],[2241],[2242],[2243],[2244],[2245],[2246],[2247],[2248],[2249],[2250],[2251],[2252],[2253],[2254],[2255],[2256],[2257],[2258],[2259],[2260],[2261],[2262],[2263],[2264],[2265],[2266],[2267],[2268],[2269],[2270],[2271],[2272],[2273],[2274],[2275],[2276],[2277],[2278],[2279],[2280],[2281],[2282],[2283],[2284],[2285],[2286],[2287],[2288],[2289],[2290],[2291],[2292],[2293],[2294],[2295],[2296],[2297],[2298],[2299],[2300],[2301],[2302],[2303],[2304],[2305],[2306],[2307],[2308],[2309],[2310],[2311],[2312],[2313],[2314],[2315],[2316],[2317],[2318],[2319],[2320],[2321],[2322],[2323],[2324],[2325],[2326],[2327],[2328],[2329],[2330],[2331],[2332],[2333],[2334],[2335],[2336],[2337],[2338],[2339],[2340],[2341],[2342],[2343],[2344],[2345],[2346],[2347],[2348],[2349],[2350],[2351],[2352],[2353],[2354],[2355],[2356],[2357],[2358],[2359],[2360],[2361],[2362],[2363],[2364],[2365],[2366],[2367],[2368],[2369],[2370],[2371],[2372],[2373],[2374],[2375],[2376],[2377],[2378],[2379],[2380],[2381],[2382],[2383],[2384],[2385],[2386],[2387],[2388],[2389],[2390],[2391],[2392],[2393],[2394],[2395],[2396],[2397],[2398],[2399],[2400],[2401],[2402],[2403],[2404],[2405],[2406],[2407],[2408],[2409],[2410],[2411],[2412],[2413],[2414],[2415],[2416],[2417],[2418],[2419],[2420],[2421],[2422],[2423],[2424],[2425],[2426],[2427],[2428],[2429],[2430],[2431],[2432],[2433],[2434],[2435],[2436],[2437],[2438],[2439],[2440],[2441],[2442],[2443],[2444],[2445],[2446],[2447],[2448],[2449],[2450],[2451],[2452],[2453],[2454],[2455],[2456],[2457],[2458],[2459],[2460],[2461],[2462],[2463],[2464],[2465],[2466],[2467],[2468],[2469],[2470],[2471],[2472],[2473],[2474],[2475],[2476],[2477],[2478],[2479],[2480],[2481],[2482],[2483],[2484],[2485],[2486],[2487],[2488],[2489],[2490],[2491],[2492],[2493],[2494],[2495],[2496],[2497],[2498],[2499],[2500],[2501],[2502],[2503],[2504],[2505],[2506],[2507],[2508],[2509],[2510],[2511],[2512],[2513],[2514],[2515],[2516],[2517],[2518],[2519],[2520],[2521],[2522],[2523],[2524],[2525],[2526],[2527],[2528],[2529],[2530],[2531],[2532],[2533],[2534],[2535],[2536],[2537],[2538],[2539],[2540],[2541],[2542],[2543],[2544],[2545],[2546],[2547],[2548],[2549],[2550],[2551],[2552],[2553],[2554],[2555],[2556],[2557],[2558],[2559],[2560],[2561],[2562],[2563],[2564],[2565],[2566],[2567],[2568],[2569],[2570],[2571],[2572],[2573],[2574],[2575],[2576],[2577],[2578],[2579],[2580],[2581],[2582],[2583],[2584],[2585],[2586],[2587],[2588],[2589],[2590],[2591],[2592],[2593],[2594],[2595],[2596],[2597],[2598],[2599],[2600],[2601],[2602],[2603],[2604],[2605],[2606],[2607],[2608],[2609],[2610],[2611],[2612],[2613],[2614],[2615],[2616],[2617],[2618],[2619],[2620],[2621],[2622],[2623],[2624],[2625],[2626],[2627],[2628],[2629],[2630],[2631],[2632],[2633],[2634],[2635],[2636],[2637],[2638],[2639],[2640],[2641],[2642],[2643],[2644],[2645],[2646],[2647],[2648],[2649],[2650],[2651],[2652],[2653],[2654],[2655],[2656],[2657],[2658],[2659],[2660],[2661],[2662],[2663],[2664],[2665],[2666],[2667],[2668],[2669],[2670],[2671],[2672],[2673],[2674],[2675],[2676],[2677],[2678],[2679],[2680],[2681],[2682],[2683],[2684],[2685],[2686],[2687],[2688],[2689],[2690],[2691],[2692],[2693],[2694],[2695],[2696],[2697],[2698],[2699],[2700],[2701],[2702],[2703],[2704],[2705],[2706],[2707],[2708],[2709],[2710],[2711],[2712],[2713],[2714],[2715],[2716],[2717],[2718],[2719],[2720],[2721],[2722],[2723],[2724],[2725],[2726],[2727],[2728],[2729],[2730],[2731],[2732],[2733],[2734],[2735],[2736],[2737],[2738],[2739],[2740],[2741],[2742],[2743],[2744],[2745],[2746],[2747],[2748],[2749],[2750],[2751],[2752],[2753],[2754],[2755],[2756],[2757],[2758],[2759],[2760],[2761],[2762],[2763],[2764],[2765],[2766],[2767],[2768],[2769],[2770],[2771],[2772],[2773],[2774],[2775],[2776],[2777],[2778],[2779],[2780],[2781],[2782],[2783],[2784],[2785],[2786],[2787],[2788],[2789],[2790],[2791],[2792],[2793],[2794],[2795],[2796],[2797],[2798],[2799],[2800],[2801],[2802],[2803],[2804],[2805],[2806],[2807],[2808],[2809],[2810],[2811],[2812],[2813],[2814],[2815],[2816],[2817],[2818],[2819],[2820],[2821],[2822],[2823],[2824],[2825],[2826],[2827],[2828],[2829],[2830],[2831],[2832],[2833],[2834],[2835],[2836],[2837],[2838],[2839],[2840],[2841],[2842],[2843],[2844],[2845],[2846],[2847],[2848],[2849],[2850],[2851],[2852],[2853],[2854],[2855],[2856],[2857],[2858],[2859],[2860],[2861],[2862],[2863],[2864],[2865],[2866],[2867],[2868],[2869],[2870],[2871],[2872],[2873],[2874],[2875],[2876],[2877],[2878],[2879],[2880],[2881],[2882],[2883],[2884],[2885],[2886],[2887],[2888],[2889],[2890],[2891],[2892],[2893],[2894],[2895],[2896],[2897],[2898],[2899],[2900],[2901],[2902],[2903],[2904],[2905],[2906],[2907],[2908],[2909],[2910],[2911],[2912],[2913],[2914],[2915],[2916],[2917],[2918],[2919],[2920],[2921],[2922],[2923],[2924],[2925],[2926],[2927],[2928],[2929],[2930],[2931],[2932],[2933],[2934],[2935],[2936],[2937],[2938],[2939],[2940],[2941],[2942],[2943],[2944],[2945],[2946],[2947],[2948],[2949],[2950],[2951],[2952],[2953],[2954],[2955],[2956],[2957],[2958],[2959],[2960],[2961],[2962],[2963],[2964],[2965],[2966],[2967],[2968],[2969],[2970],[2971],[2972],[2973],[2974],[2975],[2976],[2977],[2978],[2979],[2980],[2981],[2982],[2983],[2984],[2985],[2986],[2987],[2988],[2989],[2990],[2991],[2992],[2993],[2994],[2995],[2996],[2997],[2998],[2999],[3000],[3001],[3002],[3003],[3004],[3005],[3006],[3007],[3008],[3009],[3010],[3011],[3012],[3013],[3014],[3015],[3016],[3017],[3018],[3019],[3020],[3021],[3022],[3023],[3024],[3025],[3026],[3027],[3028],[3029],[3030],[3031],[3032],[3033],[3034],[3035],[3036],[3037],[3038],[3039],[3040],[3041],[3042],[3043],[3044],[3045],[3046],[3047],[3048],[3049],[3050],[3051],[3052],[3053],[3054],[3055],[3056],[3057],[3058],[3059],[3060],[3061],[3062],[3063],[3064],[3065],[3066],[3067],[3068],[3069],[3070],[3071],[3072],[3073],[3074],[3075],[3076],[3077],[3078],[3079],[3080],[3081],[3082],[3083],[3084],[3085],[3086],[3087],[3088],[3089],[3090],[3091],[3092],[3093],[3094],[3095],[3096],[3097],[3098],[3099],[3100],[3101],[3102],[3103],[3104],[3105],[3106],[3107],[3108],[3109],[3110],[3111],[3112],[3113],[3114],[3115],[3116],[3117],[3118],[3119],[3120],[3121],[3122],[3123],[3124],[3125],[3126],[3127],[3128]],"properties":{"id":5,"leftMacror":"Macroregiunea 2","leftId":2,"rightMacro":"","rightId":null,"version":"2025/03/26"}},{"type":"MultiLineString","arcs":[[3129],[3130],[3131],[3132],[3133],[3134],[3135],[3136],[3137],[3138],[3139],[3140],[3141],[3142],[3143],[3144],[3145],[3146],[3147],[3148],[3149],[3150],[3151],[3152],[3153],[3154],[3155],[3156],[3157],[3158],[3159],[3160],[3161],[3162],[3163],[3164],[3165],[3166],[3167],[3168],[3169],[3170],[3171],[3172],[3173],[3174],[3175],[3176],[3177],[3178],[3179],[3180],[3181],[3182],[3183],[3184],[3185],[3186],[3187],[3188],[3189],[3190],[3191],[3192],[3193],[3194],[3195],[3196],[3197],[3198],[3199],[3200],[3201],[3202],[3203],[3204],[3205],[3206],[3207],[3208],[3209],[3210],[3211],[3212],[3213],[3214],[3215],[3216],[3217],[3218],[3219],[3220],[3221],[3222],[3223],[3224],[3225],[3226],[3227],[3228],[3229],[3230],[3231],[3232],[3233],[3234],[3235],[3236],[3237],[3238],[3239],[3240],[3241],[3242],[3243],[3244],[3245],[3246],[3247],[3248],[3249],[3250],[3251],[3252],[3253],[3254],[3255],[3256],[3257],[3258],[3259],[3260],[3261],[3262],[3263],[3264],[3265],[3266],[3267],[3268],[3269],[3270],[3271],[3272],[3273],[3274],[3275],[3276],[3277],[3278],[3279],[3280],[3281],[3282],[3283],[3284],[3285],[3286],[3287],[3288],[3289],[3290],[3291],[3292],[3293],[3294],[3295],[3296],[3297],[3298],[3299],[3300],[3301],[3302],[3303],[3304],[3305],[3306],[3307],[3308],[3309],[3310],[3311],[3312],[3313],[3314],[3315],[3316],[3317],[3318],[3319],[3320],[3321],[3322],[3323],[3324],[3325],[3326],[3327],[3328],[3329],[3330],[3331],[3332],[3333],[3334],[3335],[3336],[3337],[3338],[3339],[3340],[3341],[3342],[3343],[3344],[3345],[3346],[3347],[3348],[3349],[3350],[3351],[3352],[3353],[3354],[3355],[3356],[3357],[3358],[3359],[3360],[3361],[3362],[3363],[3364],[3365],[3366],[3367],[3368],[3369],[3370],[3371],[3372],[3373],[3374],[3375],[3376],[3377],[3378],[3379],[3380],[3381],[3382],[3383],[3384],[3385],[3386],[3387],[3388],[3389],[3390],[3391],[3392],[3393],[3394],[3395],[3396],[3397],[3398],[3399],[3400],[3401],[3402],[3403],[3404],[3405],[3406],[3407],[3408],[3409],[3410],[3411],[3412],[3413],[3414],[3415],[3416],[3417],[3418],[3419],[3420],[3421],[3422],[3423],[3424],[3425],[3426],[3427],[3428],[3429],[3430],[3431],[3432],[3433],[3434],[3435],[3436],[3437],[3438],[3439],[3440],[3441],[3442],[3443],[3444],[3445],[3446],[3447],[3448],[3449],[3450],[3451],[3452],[3453],[3454],[3455],[3456],[3457],[3458],[3459],[3460],[3461],[3462],[3463],[3464],[3465],[3466],[3467],[3468],[3469],[3470],[3471],[3472],[3473],[3474],[3475],[3476],[3477],[3478],[3479],[3480],[3481],[3482],[3483],[3484],[3485],[3486],[3487],[3488],[3489],[3490],[3491]],"properties":{"id":6,"leftMacror":"Macroregiunea 2","leftId":2,"rightMacro":"Macroregiunea 3","rightId":3,"version":"2025/03/26"}},{"type":"MultiLineString","arcs":[[3492],[3493],[3494],[3495],[3496],[3497],[3498],[3499],[3500],[3501],[3502],[3503],[3504],[3505],[3506],[3507],[3508],[3509],[3510],[3511],[3512],[3513],[3514],[3515],[3516],[3517],[3518],[3519],[3520],[3521],[3522],[3523],[3524],[3525],[3526],[3527],[3528],[3529],[3530],[3531],[3532],[3533],[3534],[3535],[3536],[3537],[3538],[3539],[3540],[3541],[3542],[3543],[3544],[3545],[3546],[3547],[3548],[3549],[3550],[3551],[3552],[3553],[3554],[3555],[3556],[3557],[3558],[3559],[3560],[3561],[3562],[3563],[3564],[3565],[3566],[3567],[3568],[3569],[3570],[3571],[3572],[3573],[3574],[3575],[3576],[3577],[3578],[3579],[3580],[3581],[3582],[3583],[3584],[3585],[3586],[3587],[3588],[3589],[3590],[3591],[3592],[3593],[3594],[3595],[3596],[3597],[3598],[3599],[3600],[3601],[3602],[3603],[3604],[3605],[3606],[3607],[3608],[3609],[3610],[3611],[3612],[3613],[3614],[3615],[3616],[3617],[3618],[3619],[3620],[3621],[3622],[3623],[3624],[3625],[3626],[3627],[3628],[3629],[3630],[3631],[3632],[3633],[3634],[3635],[3636],[3637],[3638],[3639],[3640],[3641],[3642],[3643],[3644],[3645],[3646],[3647],[3648],[3649],[3650],[3651],[3652],[3653],[3654],[3655],[3656],[3657],[3658],[3659],[3660],[3661],[3662],[3663],[3664],[3665],[3666],[3667],[3668],[3669],[3670],[3671],[3672],[3673],[3674],[3675],[3676],[3677],[3678],[3679],[3680],[3681],[3682],[3683],[3684],[3685],[3686],[3687],[3688],[3689],[3690],[3691],[3692],[3693],[3694],[3695],[3696],[3697],[3698],[3699],[3700],[3701],[3702],[3703],[3704],[3705],[3706],[3707],[3708],[3709],[3710],[3711],[3712],[3713],[3714],[3715],[3716],[3717],[3718],[3719],[3720],[3721],[3722],[3723],[3724],[3725],[3726],[3727],[3728],[3729],[3730],[3731],[3732],[3733],[3734],[3735],[3736],[3737],[3738],[3739],[3740],[3741],[3742],[3743],[3744],[3745],[3746],[3747],[3748],[3749],[3750],[3751],[3752],[3753],[3754],[3755],[3756],[3757],[3758],[3759],[3760],[3761],[3762],[3763],[3764],[3765],[3766],[3767],[3768],[3769],[3770],[3771],[3772],[3773],[3774],[3775],[3776],[3777],[3778],[3779],[3780],[3781],[3782],[3783],[3784],[3785],[3786],[3787],[3788],[3789],[3790],[3791],[3792],[3793],[3794],[3795],[3796],[3797],[3798],[3799],[3800],[3801],[3802],[3803],[3804],[3805],[3806],[3807],[3808],[3809],[3810],[3811],[3812],[3813],[3814],[3815],[3816],[3817],[3818],[3819],[3820],[3821],[3822],[3823],[3824],[3825],[3826],[3827],[3828],[3829],[3830],[3831],[3832],[3833],[3834],[3835],[3836],[3837],[3838],[3839],[3840],[3841],[3842],[3843],[3844],[3845],[3846],[3847],[3848],[3849],[3850],[3851],[3852],[3853],[3854],[3855],[3856],[3857],[3858],[3859],[3860],[3861],[3862],[3863],[3864],[3865],[3866]],"properties":{"id":7,"leftMacror":"Macroregiunea 3","leftId":3,"rightMacro":"Macroregiunea 4","rightId":4,"version":"2025/03/26"}},{"type":"MultiLineString","arcs":[[3867],[3868],[3869],[3870],[3871],[3872],[3873],[3874],[3875],[3876],[3877],[3878],[3879],[3880],[3881],[3882],[3883],[3884],[3885],[3886],[3887],[3888],[3889],[3890],[3891],[3892],[3893],[3894],[3895],[3896],[3897],[3898],[3899],[3900],[3901],[3902],[3903],[3904],[3905],[3906],[3907],[3908],[3909],[3910],[3911],[3912],[3913],[3914],[3915],[3916],[3917],[3918],[3919],[3920],[3921],[3922],[3923],[3924],[3925],[3926],[3927],[3928],[3929],[3930],[3931],[3932],[3933],[3934],[3935],[3936],[3937],[3938],[3939],[3940],[3941],[3942],[3943],[3944],[3945],[3946],[3947],[3948],[3949],[3950],[3951],[3952],[3953],[3954],[3955],[3956],[3957],[3958],[3959],[3960],[3961],[3962],[3963],[3964],[3965],[3966],[3967],[3968],[3969],[3970],[3971],[3972],[3973],[3974],[3975],[3976],[3977],[3978],[3979],[3980],[3981],[3982],[3983],[3984],[3985],[3986],[3987],[3988],[3989],[3990],[3991],[3992],[3993],[3994],[3995],[3996],[3997],[3998],[3999],[4000],[4001],[4002],[4003],[4004],[4005],[4006],[4007],[4008],[4009],[4010],[4011],[4012],[4013],[4014],[4015],[4016],[4017],[4018],[4019],[4020],[4021],[4022],[4023],[4024],[4025],[4026],[4027],[4028],[4029],[4030],[4031],[4032],[4033],[4034],[4035],[4036],[4037],[4038],[4039],[4040],[4041],[4042],[4043],[4044],[4045],[4046],[4047],[4048],[4049],[4050],[4051],[4052],[4053],[4054]],"properties":{"id":8,"leftMacror":"Macroregiunea 3","leftId":3,"rightMacro":"","rightId":null,"version":"2025/03/26"}},{"type":"MultiLineString","arcs":[[4055],[4056],[4057],[4058],[4059],[4060],[4061],[4062],[4063],[4064],[4065],[4066],[4067],[4068],[4069],[4070],[4071],[4072],[4073],[4074],[4075],[4076],[4077],[4078],[4079],[4080],[4081],[4082],[4083],[4084],[4085],[4086],[4087],[4088],[4089],[4090],[4091],[4092],[4093],[4094],[4095],[4096],[4097],[4098],[4099],[4100],[4101],[4102],[4103],[4104],[4105],[4106],[4107],[4108],[4109],[4110],[4111],[4112],[4113],[4114],[4115],[4116],[4117],[4118],[4119],[4120],[4121],[4122],[4123],[4124],[4125],[4126],[4127],[4128],[4129],[4130],[4131],[4132],[4133],[4134],[4135],[4136],[4137],[4138],[4139],[4140],[4141],[4142],[4143],[4144],[4145],[4146],[4147],[4148],[4149],[4150],[4151],[4152],[4153],[4154],[4155],[4156],[4157],[4158],[4159],[4160],[4161],[4162],[4163],[4164],[4165],[4166],[4167],[4168],[4169],[4170],[4171],[4172],[4173],[4174],[4175],[4176],[4177],[4178],[4179],[4180],[4181],[4182],[4183],[4184],[4185],[4186],[4187],[4188],[4189],[4190],[4191],[4192],[4193],[4194],[4195],[4196],[4197],[4198],[4199],[4200],[4201],[4202],[4203],[4204],[4205],[4206],[4207],[4208],[4209],[4210],[4211],[4212],[4213],[4214],[4215],[4216],[4217],[4218],[4219],[4220],[4221],[4222],[4223],[4224],[4225],[4226],[4227],[4228],[4229],[4230],[4231],[4232],[4233],[4234],[4235],[4236],[4237],[4238],[4239],[4240],[4241],[4242],[4243],[4244],[4245],[4246],[4247],[4248],[4249],[4250],[4251],[4252],[4253],[4254],[4255],[4256],[4257],[4258],[4259],[4260],[4261],[4262],[4263],[4264],[4265],[4266],[4267],[4268],[4269],[4270],[4271],[4272],[4273],[4274],[4275],[4276],[4277],[4278],[4279],[4280],[4281],[4282],[4283],[4284],[4285],[4286],[4287],[4288],[4289],[4290],[4291],[4292],[4293],[4294],[4295],[4296],[4297],[4298],[4299],[4300],[4301],[4302],[4303],[4304],[4305],[4306],[4307],[4308],[4309],[4310],[4311],[4312],[4313],[4314],[4315],[4316],[4317],[4318],[4319],[4320],[4321],[4322],[4323],[4324],[4325],[4326],[4327],[4328],[4329],[4330],[4331],[4332],[4333],[4334],[4335],[4336],[4337],[4338],[4339],[4340],[4341],[4342],[4343],[4344],[4345],[4346],[4347],[4348],[4349],[4350],[4351],[4352],[4353],[4354],[4355],[4356],[4357],[4358],[4359],[4360],[4361],[4362],[4363],[4364],[4365],[4366],[4367],[4368],[4369],[4370],[4371],[4372],[4373],[4374],[4375],[4376],[4377],[4378],[4379],[4380],[4381],[4382],[4383],[4384],[4385],[4386],[4387],[4388],[4389],[4390],[4391],[4392],[4393],[4394],[4395],[4396],[4397],[4398],[4399],[4400],[4401],[4402],[4403],[4404],[4405],[4406],[4407],[4408],[4409],[4410],[4411],[4412],[4413],[4414],[4415],[4416],[4417],[4418],[4419],[4420],[4421],[4422],[4423],[4424],[4425],[4426],[4427],[4428],[4429],[4430],[4431],[4432],[4433],[4434],[4435],[4436],[4437],[4438],[4439],[4440],[4441],[4442],[4443],[4444],[4445],[4446],[4447],[4448],[4449],[4450],[4451],[4452],[4453],[4454],[4455],[4456],[4457],[4458],[4459],[4460],[4461],[4462],[4463],[4464],[4465],[4466],[4467],[4468],[4469],[4470],[4471],[4472],[4473],[4474],[4475],[4476],[4477],[4478],[4479],[4480],[4481],[4482],[4483],[4484],[4485],[4486],[4487],[4488],[4489],[4490],[4491],[4492],[4493],[4494],[4495],[4496],[4497],[4498],[4499],[4500],[4501],[4502],[4503],[4504],[4505],[4506],[4507],[4508],[4509],[4510],[4511],[4512],[4513],[4514],[4515],[4516],[4517],[4518],[4519],[4520],[4521],[4522],[4523],[4524],[4525],[4526],[4527],[4528],[4529],[4530],[4531],[4532],[4533],[4534],[4535],[4536],[4537],[4538],[4539],[4540],[4541],[4542],[4543],[4544],[4545],[4546],[4547],[4548],[4549],[4550],[4551],[4552],[4553],[4554],[4555],[4556],[4557],[4558],[4559],[4560],[4561],[4562],[4563],[4564],[4565],[4566],[4567],[4568],[4569],[4570],[4571],[4572],[4573],[4574],[4575],[4576],[4577],[4578],[4579],[4580],[4581],[4582],[4583],[4584],[4585],[4586],[4587],[4588],[4589],[4590],[4591],[4592],[4593],[4594],[4595],[4596],[4597],[4598],[4599],[4600],[4601],[4602],[4603],[4604],[4605],[4606],[4607],[4608],[4609],[4610],[4611],[4612],[4613],[4614],[4615],[4616],[4617],[4618],[4619],[4620],[4621],[4622],[4623],[4624],[4625],[4626],[4627],[4628],[4629],[4630],[4631],[4632],[4633],[4634],[4635],[4636],[4637],[4638],[4639],[4640],[4641],[4642],[4643],[4644],[4645],[4646],[4647],[4648],[4649],[4650],[4651],[4652],[4653],[4654],[4655],[4656],[4657],[4658],[4659],[4660],[4661],[4662],[4663],[4664],[4665],[4666],[4667],[4668],[4669],[4670],[4671],[4672],[4673],[4674],[4675],[4676],[4677],[4678],[4679],[4680],[4681],[4682],[4683],[4684],[4685],[4686],[4687],[4688],[4689],[4690],[4691],[4692],[4693],[4694],[4695],[4696],[4697],[4698],[4699],[4700],[4701],[4702],[4703],[4704],[4705],[4706],[4707],[4708],[4709],[4710],[4711],[4712],[4713],[4714],[4715],[4716],[4717],[4718],[4719],[4720],[4721],[4722],[4723],[4724],[4725],[4726],[4727],[4728],[4729],[4730],[4731],[4732],[4733],[4734],[4735],[4736],[4737],[4738],[4739],[4740],[4741],[4742],[4743],[4744],[4745],[4746],[4747],[4748],[4749],[4750],[4751],[4752],[4753],[4754],[4755],[4756],[4757],[4758],[4759],[4760],[4761],[4762],[4763],[4764],[4765],[4766],[4767],[4768],[4769],[4770],[4771],[4772]],"properties":{"id":9,"leftMacror":"Macroregiunea 4","leftId":4,"rightMacro":"","rightId":null,"version":"2025/03/26"}}]}}}