<?xml version="1.0" encoding="utf-8" ?>
<kml xmlns="http://www.opengis.net/kml/2.2">
<Document id="root_doc">
<Schema name="ro_admin_macroregion_simplified_polygon" id="ro_admin_macroregion_simplified_polygon">
	<SimpleField name="id" type="int"></SimpleField>
	<SimpleField name="version" type="string"></SimpleField>
</Schema>
<Folder><name>ro_admin_macroregion_simplified_polygon</name>
  <Placemark id="ro_admin_macroregion_simplified_polygon.1">
	<name>Macroregiunea 1</name>
	<Style><LineStyle><color>ff0000ff</color></LineStyle><PolyStyle><fill>0</fill></PolyStyle></Style>
	<ExtendedData><SchemaData schemaUrl="#ro_admin_macroregion_simplified_polygon">
		<SimpleData name="id">1</SimpleData>
		<SimpleData name="version">2025/03/26</SimpleData>
	</SchemaData></ExtendedData>
      <Polygon><outerBoundaryIs><LinearRing><coordinates>24.848508873676,45.5933170556366 24.835964286537,45.592293783305 24.8330350231587,45.5961547312912 24.8323508056037,45.6027719769155 24.829813644986,45.6065360401757 24.823079979275,45.6056061994587 24.8137419508316,45.6076602885513 24.8102515474081,45.610643802623 24.8027557830349,45.6054163754622 24.7947879923765,45.6030166921991 24.7762770724631,45.610409926307 24.769893391436,45.6109418528741 24.7581715619015,45.6095876872942 24.7358982484426,45.6031183867687 24.7285942845518,45.6083647447147 24.7256740438099,45.6067848942009 24.7160245545493,45.607258454299 24.7100561025944,45.6045151926458 24.6988930290522,45.6023612391595 24.694746619254,45.6057760502895 24.6849384812992,45.6041168949736 24.679127433421,45.5986553015596 24.6710696551527,45.5945840280297 24.6619332016741,45.5954533423076 24.6585143531181,45.5982832183154 24.6580516243451,45.603065454912 24.649001361513,45.6016891430961 24.6442837833862,45.6038378105506 24.6332884198019,45.6011837739106 24.6263155456083,45.6039295410944 24.6224656254836,45.599502008747 24.6120344967423,45.5980400512718 24.6077549441722,45.5988453329517 24.6018964279387,45.5946128316168 24.5965771518814,45.5961923390521 24.5859859097526,45.587887105129 24.570212690938,45.5818870071556 24.5659032763458,45.5791442215978 24.5535184603377,45.5877460981963 24.5332089915699,45.5839753099883 24.5269206321151,45.5801810250585 24.523144192432,45.5805695296251 24.5132967275465,45.5867189501236 24.5058402405108,45.5853124162778 24.5021147422694,45.581611444663 24.484661591604,45.5733541181053 24.4814467990541,45.5725160905147 24.4748334711051,45.5827786501873 24.4685966670915,45.5810206904879 24.458021818874,45.5822263613735 24.4461163770006,45.5908480283759 24.4373159829281,45.5877718026887 24.4338818833632,45.5824970876509 24.4212667076511,45.5819137286748 24.4111676919008,45.5840350735814 24.3928259496262,45.582070460846 24.3872193246522,45.5838837469676 24.3798865611027,45.5819923266827 24.3730245934449,45.5822495592751 24.3581747354035,45.5763345361969 24.3485408577281,45.5747848578308 24.3435726227285,45.5764121656776 24.3357890736479,45.5725235888893 24.3324485773175,45.576979145458 24.3243316781194,45.5764415735932 24.3083073200126,45.5666844657531 24.2992431759281,45.5636133812885 24.2841572610409,45.5612581132141 24.2768379105759,45.5552583187206 24.2661729753768,45.5557972724121 24.2668160231531,45.5493750259639 24.2574588926186,45.5432109674288 24.2413044903921,45.5433688023211 24.2283881440113,45.5472859405906 24.2238879618968,45.5400457765578 24.2132505038487,45.531877475504 24.2136706043039,45.5286132702064 24.2041380456045,45.5234106895473 24.1986205730827,45.5238102438976 24.1798008886666,45.5207292840192 24.1722169033732,45.5144072119453 24.1604324356449,45.5138043317825 24.1525805728457,45.5165527996997 24.1477008613348,45.512547848785 24.1363322408823,45.5150638645677 24.1192893102133,45.5119318965079 24.1190299418217,45.5088125650843 24.1140324257104,45.512413241108 24.1027402210764,45.5112179124984 24.0944706394134,45.5134234096108 24.0847740510623,45.5124950201636 24.0697700925773,45.5150861410443 24.0618193673652,45.5173969850965 24.0595232730441,45.5189034496442 24.0425867167592,45.5221848257624 24.0364545858935,45.5227687131891 24.0243936491712,45.5286725604735 24.0114427031111,45.5319202483133 24.0009709342024,45.5266382276836 23.9934766904701,45.5317347177519 23.9811711437148,45.5327550373115 23.9747842674161,45.5337496566743 23.966536283436,45.530332885751 23.9504215662706,45.5315734136546 23.932536044173,45.5354672506345 23.9222798398965,45.535979581378 23.9144387203144,45.5318858027316 23.9046060720251,45.5288641096755 23.8809049498898,45.5269498662138 23.8755063929391,45.5228921422307 23.8672395354605,45.5256466664346 23.8578487626688,45.5350226327717 23.8285130156264,45.5311732927273 23.8197867602081,45.5293463001559 23.8107420223507,45.5299553685885 23.8051481989666,45.5319747867411 23.794815732792,45.5301611674617 23.7908749000646,45.5280801909771 23.7711681548417,45.5107001480057 23.765012590156,45.5110642223098 23.7596564447576,45.5083200152457 23.7464359928121,45.505597323961 23.7414499780606,45.5011957052121 23.7256399219244,45.5012358253681 23.7213614586882,45.5023952700997 23.7036208227138,45.4967767362391 23.6978114059702,45.4879100133676 23.6892167481455,45.4833002898824 23.6892240791558,45.4780437811233 23.6794034622414,45.4699953079314 23.6789138331083,45.4648213516838 23.6592208923724,45.4613570370087 23.6537085954805,45.4573090353763 23.6473530037173,45.4600025535687 23.6402872203904,45.4554412984427 23.6297738013572,45.4586294487251 23.631146633447,45.4655637432439 23.6255768752801,45.4686072653162 23.6172269307116,45.465825458279 23.6095295179082,45.4684435222023 23.6050217953535,45.4678965571442 23.5972777444729,45.473476192853 23.5981116094869,45.4779891913483 23.5919155180241,45.4866255704462 23.5956227962142,45.4906122211301 23.5841531195942,45.5000467237745 23.5828643187286,45.5046729606735 23.5777369036768,45.507107089956 23.5726028486855,45.5151750367958 23.57207572949,45.5205851888946 23.568175920688,45.5252011334176 23.5621602904172,45.5286150465597 23.5540563931081,45.5308160536984 23.5511043028803,45.5383301477378 23.5406328202824,45.5447905909825 23.5365957259423,45.5498102549688 23.5232688234139,45.5502097612419 23.5150048566179,45.5526283344513 23.5033223530244,45.5633203587311 23.5045415056951,45.5709405342748 23.5003671289353,45.5790584769258 23.4890016093073,45.5773546766488 23.4831931919712,45.5736713114061 23.4795655614073,45.5787877769868 23.4651892827702,45.5817736526602 23.4540957028311,45.5797765265493 23.4462465433306,45.5857865925573 23.4406888478276,45.5878773455277 23.4281950131524,45.5845796309481 23.419374722607,45.5918515205643 23.4193267929718,45.6020692326347 23.4242439985568,45.6074168755291 23.4204429927939,45.6137761465471 23.4217361070332,45.6180387580618 23.4266594142761,45.6230626700156 23.4196072714492,45.6264735566293 23.4152867532451,45.6313574938678 23.4090619673278,45.6338085222197 23.3943999439823,45.630603374235 23.3768956580203,45.6219320929873 23.3698780271415,45.6261846292586 23.3657554593382,45.6374564859878 23.3719100979035,45.644255541064 23.385055201067,45.6502637351951 23.3867195462123,45.6570047478777 23.4017925640134,45.658872527908 23.4085616410493,45.6683744626036 23.4220919892433,45.6700701343272 23.4226542806605,45.6787288100467 23.4182978456808,45.6840120698253 23.4140763924622,45.683831442613 23.404687573095,45.6870305444765 23.3949881006404,45.6942205254123 23.3821388156754,45.6947711471744 23.365980801227,45.7074079987123 23.3631912953859,45.7149743124232 23.3601672850014,45.7178749557095 23.3676867825554,45.7275160283465 23.3699711627708,45.7381227286537 23.37463926892,45.7442520234473 23.3750353231382,45.7489683543821 23.3801492863464,45.7529715833738 23.3809975744284,45.759182150801 23.3755376510213,45.7649709718028 23.3754437290176,45.7714705543291 23.3657897683878,45.775832337906 23.3568542050106,45.7762575377933 23.3477681012566,45.7878827373334 23.3529200182086,45.7928400642989 23.343728443775,45.799303079872 23.3437298657797,45.8076129937645 23.3397066768225,45.809545755271 23.3371160532224,45.8200311991992 23.3308986607767,45.8239645854256 23.3292253421163,45.8315169022336 23.323715710832,45.8380555302906 23.3268481645039,45.8425649195122 23.3247423063955,45.8517205471098 23.3301127369317,45.8597603753938 23.3271587026578,45.8665557383312 23.3327069137542,45.8710015203037 23.3316551160892,45.8798104886524 23.3255748693549,45.8806803657332 23.3176273508711,45.8893069277526 23.3084907231289,45.8932029748017 23.3033458015416,45.8937817979812 23.3147276743731,45.9045553427428 23.3338370837895,45.9088380299849 23.3381588625061,45.9122521604234 23.3376516260496,45.9180809286566 23.3286653546514,45.9156256203332 23.3229239993413,45.9212703906441 23.3149029370073,45.9195827285779 23.3126164674167,45.9223829472969 23.2982941135429,45.9182311895801 23.2906740550297,45.9200293801243 23.2807072402172,45.9271920059061 23.2695461381386,45.9290632181846 23.2650942327752,45.9336242758365 23.2591611796049,45.9434851923834 23.2553807330706,45.9558030871883 23.2510660290535,45.9617374792294 23.2523426049778,45.9693311381801 23.2474569008055,45.9761655529057 23.236208784805,45.9849983006085 23.2349910986633,45.9894887405103 23.2376915820095,45.9956696384722 23.2404210521322,46.0088148204081 23.236747297251,46.0161877731747 23.2379801046356,46.0201632697259 23.2348682971244,46.0305091734548 23.2416816348152,46.0385486485806 23.2347103980798,46.0401116724437 23.2301196490025,46.0357498317404 23.2235565624511,46.0329188862686 23.2158208464098,46.0352294204099 23.204774868018,46.0359734121257 23.2000557821768,46.0328177266047 23.1842445569797,46.0271244111599 23.1779159126546,46.031354675921 23.1697263130396,46.0328492599561 23.1628687041821,46.0320313590123 23.1534247111973,46.0350310639568 23.1345064148217,46.0388068165594 23.1293600499403,46.0428143355571 23.1188128427872,46.0422539756336 23.1085804070157,46.0467148219248 23.1017562412873,46.045527906527 23.1035576049563,46.0518478108543 23.1026637432246,46.0617006595551 23.0988868402691,46.0640619724474 23.0862075380411,46.0676672735947 23.0893562460039,46.0766654646036 23.0810865121068,46.0814599802816 23.0871844456543,46.0887229348105 23.0862901892962,46.0941813911301 23.0907181715475,46.0948965759871 23.089470524393,46.1002113267209 23.0753060409482,46.1071760540973 23.061987352547,46.1062697446974 23.0647934984905,46.1100447076131 23.0644247167496,46.1167648804849 23.0678982697416,46.1223376637269 23.0578652082209,46.1315522698122 23.0553517989795,46.1406190610087 23.0588230822327,46.1428217742898 23.0661369225316,46.1427212461173 23.0763828454862,46.1451247585162 23.0800547242955,46.1495851202162 23.0856091438448,46.145142455863 23.0990169434103,46.1389181083579 23.1044010832169,46.1499750303566 23.1037625833407,46.1537392133671 23.0952948728863,46.1588042922121 23.0963810094248,46.162635267092 23.0905265892587,46.1659351795762 23.0913332376882,46.1772070728786 23.0955360004674,46.1823082389055 23.0902171560381,46.184438458157 23.0865573399806,46.1890361634362 23.0694390805851,46.1986871450099 23.0694326053504,46.2075527372759 23.0572856751683,46.2093034194097 23.0505145765548,46.2137945255989 23.0394465307749,46.2080881226273 23.0298323530738,46.2095576065433 23.0250984225167,46.2121490794838 23.016425788672,46.2122695865244 23.0122178188206,46.2147836191228 23.0026733760733,46.2116966039429 22.9910991898645,46.2182138229565 22.9822491092367,46.2173742925639 22.979491269084,46.2275427819831 22.9753401028509,46.2339221146731 22.9678886562112,46.2361800527981 22.9673222546903,46.2405207408989 22.9601562297913,46.2441465571754 22.9569064049755,46.2455199975047 22.9541191387265,46.2550254018587 22.9549311196639,46.2605628426892 22.9477165571912,46.2670231255592 22.9546293173813,46.2712860688049 22.9650659124723,46.2823827332301 22.9600276067087,46.2874379892318 22.9582243115687,46.2928303563216 22.9522424953706,46.2964136760468 22.9434401220366,46.2983012703591 22.9432985501526,46.3068083651472 22.9391322885288,46.3105680957948 22.9353837701177,46.3174376193384 22.9356147606764,46.3246981624131 22.9257225310859,46.3305977383434 22.9164588483262,46.3296659137871 22.8985692107993,46.3320799010002 22.8893246830893,46.3333017317962 22.8781116840541,46.3372906622704 22.8706225980014,46.3378903705149 22.855278884462,46.3355976573641 22.8518046409559,46.3295892512266 22.8346072428399,46.3276595241434 22.8210554702278,46.3287851692322 22.812032512385,46.3260593701164 22.8046954440107,46.3297835028166 22.803687423807,46.33441514248 22.7994449236983,46.3388306405151 22.7896161652813,46.3387373016665 22.7831364432926,46.3414405929578 22.7739166777486,46.3503938505536 22.7662618546317,46.3503134141799 22.7617923538702,46.3526747603067 22.7487171832805,46.3512159547953 22.7431315063228,46.3567022990083 22.7344165717325,46.3589975933736 22.7278144252775,46.3636304148527 22.7138872547368,46.3621867861586 22.6993130432336,46.3655517791713 22.6977317111422,46.3710228826962 22.6987457164725,46.3787336156769 22.6914922485126,46.3838544521099 22.6822916340375,46.3851858075275 22.6806841751979,46.3876989797376 22.6756285212444,46.3949783745268 22.6765761490709,46.4058343613381 22.6663893880113,46.4041459332104 22.6607801607125,46.3976965986887 22.6564967443957,46.3970711965385 22.6493056507668,46.3914876780895 22.6345724931459,46.3897059910518 22.6261929254754,46.3900534459803 22.6066058584727,46.3930638077791 22.5925077215846,46.3972602333355 22.5738377787588,46.3977788523292 22.5657869333195,46.3924384625714 22.5544269707862,46.3940100089894 22.5352993601867,46.3897918771289 22.5184807747622,46.3870020775571 22.503757408712,46.3862262144158 22.4702153762707,46.3855695365785 22.4658526755511,46.3868923483007 22.4524394714495,46.385046136913 22.4306193979267,46.3920197718499 22.4241370326395,46.3933290113534 22.4245265793703,46.397460230293 22.4161286183673,46.4013626719956 22.411388158327,46.409171021447 22.4012353087992,46.4096580536717 22.3772497431622,46.4243673329079 22.369175162328,46.4276681821817 22.3819538513312,46.4302992152579 22.3790267880605,46.4341259388792 22.3739046018148,46.4391304941919 22.360075172352,46.438916511903 22.3518820761908,46.4427487362503 22.345406043709,46.4496557645014 22.3466822105588,46.4532566489103 22.3445583401433,46.4616532273661 22.3393597216827,46.4735529883203 22.3350033951612,46.4780779357571 22.3289615509864,46.4784136791573 22.3233261301033,46.4834751227134 22.3283784872248,46.4904186175524 22.3234404023624,46.4954190325841 22.3274055919969,46.5015499312308 22.3232868293253,46.5114156007993 22.3251690662243,46.5145159751894 22.3148552475659,46.5150901133677 22.301956967294,46.5099449749696 22.2969034679603,46.5101063304969 22.281818146731,46.5026030119642 22.272398809933,46.5008046337215 22.2567536310987,46.5070769688821 22.2508694438256,46.5038756906468 22.246070179354,46.5023434637573 22.2410345862278,46.5060075447344 22.2389149805571,46.5083364106174 22.2289635517517,46.5090300687509 22.2290048794983,46.5142473009446 22.2221220079803,46.5160181781078 22.2180355253023,46.5211698772589 22.2092882709665,46.5120940590014 22.2032907574725,46.51196638278 22.1915920837461,46.5207172302322 22.1896812848599,46.5244289763927 22.1840376068494,46.5259689793742 22.1754976430983,46.5364032453948 22.1797407641008,46.5394823403389 22.1791361339052,46.5468659536082 22.1755372701864,46.5533857560187 22.1748474848628,46.5581952937796 22.1693103501164,46.5607635801772 22.1700928439325,46.5647500200376 22.1644506967533,46.5711973576795 22.1664742906908,46.5819077188577 22.1699705000072,46.5833102807361 22.1753012777077,46.596287530195 22.1683955446037,46.6038726836421 22.1563595987862,46.6050157072847 22.14771106198,46.6028022425071 22.140366442407,46.6027654850169 22.1330114805998,46.6066315169204 22.130550708943,46.6027048872238 22.122239820378,46.6018962583833 22.1139540257938,46.604393963728 22.1096446504275,46.6071770195773 22.1083654971617,46.6155618716793 22.1014827787486,46.6135828136414 22.0941150210737,46.6142781003292 22.0881874444807,46.6189647200169 22.0889693270292,46.6295122874968 22.0864516876428,46.634936303123 22.0783383279388,46.6323216487291 22.0539190695076,46.6381136924663 22.0455451051656,46.6370921817162 22.0419144874386,46.6420413095023 22.0283543024095,46.6447552572503 22.0252104579209,46.6497185192206 22.0213077139399,46.6502653848029 22.0172072024408,46.6415142396292 22.0095790384764,46.6371756885343 22.0066935009821,46.6309120430971 21.9989084916311,46.6241046825583 21.9919427422272,46.6238451536933 21.9889459225063,46.6206782370262 21.977187817237,46.6201345444873 21.9654273541621,46.6210945057841 21.9580243959382,46.6170660049641 21.9522264558312,46.6170802631204 21.9440060864878,46.6212769315305 21.9265556008526,46.6226634059676 21.9104936112164,46.6274958361077 21.9108022750055,46.6304687025278 21.8813439664239,46.6311525212633 21.886711116039,46.6379910234751 21.895113440769,46.6469086816307 21.9073658539566,46.6574469825442 21.910479976052,46.6629515949875 21.9053718909301,46.6685950142435 21.8943961652857,46.6726573732439 21.8847249729,46.6746879817875 21.8742216302414,46.680049085985 21.8693268616355,46.6808748688659 21.8621117588499,46.6725088315492 21.8523900252511,46.6689994461724 21.8390914540385,46.6683551927275 21.8290582463436,46.663110165708 21.8218980823309,46.6615007885024 21.8096138419421,46.655946753092 21.7837347803306,46.6541386773629 21.7728140424837,46.6589802678521 21.7552414573851,46.6632930791557 21.7408532429173,46.6619729969893 21.7314273081855,46.6594851145723 21.7294407203485,46.6633602650767 21.7214006626583,46.6619542606003 21.7139906103002,46.6584740245054 21.7057992418117,46.6593264132706 21.6975443225839,46.6597953099328 21.6887059751555,46.665122411677 21.6701677583717,46.6635080568835 21.663719881713,46.6645583309765 21.652021296229,46.6627227444904 21.6451299195719,46.6653139287699 21.6355364240523,46.6551228704083 21.6305879884729,46.6521527691348 21.6286398137695,46.6494973888541 21.6203516017048,46.6461907316961 21.6097415904764,46.6449022732339 21.6032692836805,46.6475526553869 21.5890970295059,46.6478485751184 21.5846292315968,46.6501974207008 21.5717059669373,46.650190764313 21.5654493988775,46.6402651654077 21.5627744084814,46.6396231371912 21.5643814001523,46.629924336219 21.5687581522926,46.6257148621928 21.5604068117051,46.6195407147792 21.5678118553189,46.6128879706988 21.5677030954292,46.6004107560114 21.5519997530857,46.6030393890297 21.546789904547,46.601331505429 21.5430659174086,46.6205954711368 21.5392667849946,46.6292479597672 21.5333043053723,46.6321364588743 21.5115245854093,46.6366170101647 21.5121943782626,46.6466990327059 21.5101627267775,46.6538469306653 21.5027851648572,46.6596170548251 21.4974570317061,46.6612442782075 21.489994080136,46.6534027329842 21.4810218244923,46.6514351972548 21.4786128041372,46.6558864502068 21.4714235897813,46.6607913759338 21.4590897148442,46.6618655901051 21.4538503476138,46.6581965586441 21.4600522064985,46.6551227884775 21.4646555725348,46.6589804500723 21.4737957913132,46.6544585039493 21.4492645338687,46.6514606421739 21.4414743253344,46.6514439001239 21.4547057303497,46.6608250231634 21.4556389847811,46.6671421824975 21.4427190930984,46.6664141795899 21.4314031184013,46.6775624063153 21.4316414986772,46.6820577109647 21.4277946993207,46.6894849335643 21.4344169699108,46.6956432774942 21.4511436828625,46.6885288101819 21.4696249776294,46.6954368012125 21.4841587890972,46.6913820642131 21.4903236566339,46.6857814128851 21.4954963332102,46.6877290397636 21.4983878340572,46.693949807502 21.5075902532176,46.6980741049729 21.5077261249157,46.7048668710142 21.5114498201916,46.7073566881185 21.5113813762923,46.7118260435204 21.5207138364827,46.7143831047896 21.529332013678,46.7207669601782 21.5303680261977,46.7273215104735 21.5288893948606,46.7322842130811 21.5247984237868,46.7399368275395 21.5117358956793,46.7451175922718 21.4931765036677,46.7574776721786 21.4847752639461,46.7584497305571 21.4840904145724,46.7648793724488 21.4902471304131,46.7758029441702 21.4935112111177,46.7749523970292 21.5093636543392,46.7833814343734 21.5137641475785,46.7955114398874 21.5186983252998,46.8000186243413 21.5217109184298,46.8079137874691 21.5211257967101,46.8198367491218 21.5190761481945,46.8359174446255 21.5229675153403,46.838963405051 21.53451272604,46.8395711404624 21.5379302953239,46.8474152683505 21.5480930001327,46.8488013437785 21.5570476269915,46.8537121345055 21.5690565682145,46.8539593418105 21.5809363195144,46.8574684501409 21.5844094650138,46.8598495442633 21.5952139561637,46.8605109736415 21.6032927255457,46.8687264420896 21.6010898919177,46.8788961579429 21.6034901800051,46.8848085712452 21.6142036636618,46.8865130768295 21.6072515009039,46.9045530639315 21.6028194635487,46.9042157283963 21.5990523662481,46.9091830367892 21.5972856105973,46.918019504461 21.5987871862731,46.9271516431555 21.6061854528304,46.932497647435 21.6383538840189,46.9329255736143 21.6407526041604,46.9388867908151 21.6498748886864,46.9436036661632 21.6512243782359,46.9476736848884 21.6601624238438,46.9558744054054 21.6733097969993,46.953780519725 21.678852281814,46.9603862432741 21.6818640300138,46.9669106789779 21.6764472773242,46.969240269314 21.6679176104755,46.9701989253138 21.6703670926695,46.9801217880819 21.6762030369233,46.9858223149481 21.6760247983504,46.9925515355123 21.6793481460392,46.9979729601376 21.6875556950329,46.9995652903234 21.6827825863094,47.004167073407 21.6784184293319,47.0124784456067 21.6779179730786,47.0183829489782 21.6619272144903,47.0202903462893 21.6499662411425,47.0338275683632 21.6486654978187,47.0403372878146 21.6622623125445,47.0415382070701 21.6702658272329,47.0444197675218 21.6827601496973,47.0457162011844 21.6848126964763,47.0523037272002 21.688592544426,47.0555356874928 21.69749119891,47.057982677444 21.6957076464453,47.0603706159595 21.7048283286112,47.0633615433217 21.701402293012,47.0682196306195 21.7163944795548,47.074872205061 21.712734908593,47.0825224767564 21.7261314280364,47.0984709945526 21.7512260199884,47.1050784548427 21.7723686002283,47.1089861822175 21.7908420218889,47.1059035073778 21.7927543827148,47.1069805505611 21.7891677952456,47.1129183158188 21.7921793066002,47.1197834649031 21.7914132210138,47.1240072257032 21.8003819787568,47.1306163983909 21.80043536512,47.137168419241 21.8106389084218,47.1625358199316 21.8173673039823,47.1727473650956 21.8295142421662,47.1750309888553 21.8309411481813,47.1788544662669 21.8387399382264,47.177224595546 21.8476918287232,47.1845414118511 21.8580510587697,47.1870262865702 21.8594806001304,47.2067352363921 21.8580585890812,47.2201145863343 21.8468117235713,47.2237593165075 21.8516282180426,47.2391305562089 21.8568142033096,47.2432224269696 21.8642833452609,47.2528473507974 21.8650951642507,47.2568116548568 21.8749298251344,47.2641807725804 21.8800445227594,47.2648125910894 21.8878448082836,47.2721014770251 21.8881867470626,47.2778753794867 21.8786983748428,47.2840559601612 21.8787600602876,47.2873572148414 21.8858003141344,47.2893213662031 21.8889572376544,47.296149248464 21.8932701080119,47.3063066721569 21.8952840444515,47.3148040217876 21.9052030359777,47.3229478449251 21.9079725292795,47.3288094109855 21.9140186899986,47.3327538737025 21.92335645026,47.3441993739747 21.925455595305,47.3535414274187 21.9348458664029,47.360282198188 21.9397749715437,47.3676744102783 21.9385085479723,47.3729556596628 21.9452887453222,47.3751563514417 21.9529644624431,47.3746049316143 21.9615224550811,47.3812357346566 21.9748830044678,47.3800824936485 21.9785292522159,47.3782623022386 21.9867734309012,47.3814885191047 21.9948789058752,47.3808750925545 21.9994098944042,47.3770635534986 22.0119745264473,47.3758001363551 22.0189277291017,47.3871146450246 22.022674144309,47.390158361294 22.0277509111533,47.4000146678629 22.0347298558608,47.4116228250373 22.0352024546998,47.4160451239607 22.0297120275886,47.4226791541099 22.0354014254617,47.4274407168709 22.0258991079825,47.4423859607938 22.0327226034147,47.4509914643861 22.0209528985651,47.4546060757909 22.0074291894288,47.475872108149 22.0070841595458,47.4833430795375 22.0108397746277,47.4907593376191 22.0126140204712,47.501358736731 22.0163136280556,47.5050947312079 22.0187589439546,47.5116967415601 22.0240586260803,47.5198701928994 22.0397207213059,47.5328618909184 22.0454228940744,47.5397657160054 22.0615024671955,47.52898808647 22.0713669903141,47.5380309058674 22.0546824513618,47.5469707225548 22.0579769079488,47.5509768006341 22.0724154671782,47.5576011789632 22.0791919656758,47.5623546487627 22.0867026352719,47.5611347097341 22.0906719204174,47.5574386903944 22.0972529382654,47.5609154558128 22.1024345514084,47.5669403960097 22.1038903346452,47.5716353805588 22.1130465278414,47.5747797559197 22.1189486926497,47.5790478993297 22.1250651717267,47.587509297406 22.1291035897617,47.5893060823842 22.1291999680277,47.5972223747389 22.1393668502449,47.5980852320241 22.1457730320359,47.5947813472117 22.1600366075778,47.5923902428863 22.170998946312,47.5917043180373 22.1765494301611,47.5943893500621 22.1808211758006,47.6000994031215 22.1829674508448,47.6063830023171 22.1880057987468,47.6091917857527 22.1926761928271,47.6217525931485 22.193314514419,47.6269935082279 22.1990795276162,47.6362506567884 22.2033241517977,47.6548810356904 22.2115826818171,47.6539183570555 22.2208171157818,47.6604921925544 22.2231526854008,47.668373968687 22.2223668851568,47.6730128845754 22.225124778294,47.6807005987813 22.2227567578444,47.6825960604912 22.2309783672006,47.6933083175254 22.2416073149868,47.6952138409488 22.2539480256689,47.6950946382061 22.2587716705206,47.6981722736191 22.2622501983447,47.713713115586 22.259294595437,47.7173761227202 22.2645372330363,47.7311576459107 22.2665666727044,47.7310058022096 22.2853645403491,47.7293550506998 22.3060719868326,47.7413632722441 22.3117155640485,47.742196428705 22.3174496695458,47.7432653248796 22.320866867792,47.7549645282109 22.317243868936,47.7659275980088 22.3241913195672,47.7667899846439 22.330371006744,47.7651194110138 22.3453736229555,47.7549950599401 22.3462828485324,47.7529100559773 22.3570214940714,47.7489777690585 22.3889661294249,47.7454099736737 22.3937149489635,47.7475615638037 22.4103756409498,47.7466871371099 22.4114990160234,47.7423909284676 22.43011525626,47.7409717699776 22.4298610808791,47.7452498320896 22.4258070002483,47.7500913614791 22.4270271966765,47.7545306739593 22.4325530235231,47.7620194283149 22.4409805952349,47.7918596036051 22.4479475012451,47.8031207045806 22.4670314984929,47.8051191484184 22.4815192768554,47.8109505256602 22.4884889049684,47.8059005916361 22.5399223500788,47.7820117751184 22.5495261341962,47.7726651662154 22.5631014709693,47.7726190040947 22.611549397089,47.771995702631 22.615052709198,47.7769564552508 22.6281626884298,47.7764079757514 22.6367999542003,47.7807295573973 22.6466617513619,47.7790565502805 22.6600751300976,47.7818722455676 22.6661270690713,47.7869239729475 22.6738707758353,47.7880658774101 22.6802291935426,47.7877470279559 22.6879503097395,47.7955704304362 22.695228312063,47.8084363431937 22.7014195810134,47.8150010950526 22.6996679845648,47.8183649349846 22.7093579177825,47.8239185915172 22.7098557787949,47.8285084069153 22.7109021860221,47.8344761387551 22.7156730566299,47.8370977290937 22.7236762268464,47.8383357226191 22.7310339769223,47.8357792426728 22.7452826699253,47.8345424250571 22.7562385180522,47.8349023589131 22.7659858875364,47.8412779838702 22.7741209142421,47.8428501433054 22.7775020993024,47.8521083012599 22.7726866954254,47.8595178210778 22.7730107896496,47.8630965718178 22.7661679966387,47.8641631420642 22.7620655465073,47.8670493892884 22.768473906779,47.8786026861328 22.7582443962237,47.8860228688535 22.7569124875666,47.8903634457541 22.7632256375122,47.8927432355077 22.7786439891561,47.8926068385333 22.7832485414501,47.8938140590437 22.7946934908749,47.8925566848507 22.806212176593,47.8983255095276 22.8148526952857,47.9008016525706 22.8242162105108,47.9071176509505 22.8325163220002,47.90931310904 22.8469942619772,47.9080896293393 22.8563469629647,47.9163729206416 22.8578825317817,47.92016371885 22.8632078975296,47.9222175091409 22.8665105082554,47.9289767315304 22.8725507034212,47.9323669097269 22.8727495289658,47.9363479225941 22.8802395481959,47.943859472882 22.8850014623882,47.9447132354454 22.8866905121633,47.9514844446545 22.9007138437818,47.9544902922355 22.9071864492113,47.959948553594 22.9133119187129,47.9577111439537 22.9291660725956,47.9593467953616 22.9444708275349,47.9692235967383 22.940000176828,47.9831564321087 22.9400408156999,47.9891770860354 22.9355815132682,47.9990064010268 22.9231118802866,48.0021653627347 22.921395442761,48.0073548770859 22.921906234694,48.0145098386745 22.9269767702643,48.0191666940748 22.9442565410775,48.0165681460969 22.9601302401689,48.0081675687584 22.9629279114385,48.0116018983283 22.9777558615106,48.0099104766638 22.9768304461202,48.0068148106416 22.9868543969225,48.0053195716781 22.9957008045849,48.0011756192283 22.9967133836614,47.9960071419562 23.0061147792587,47.9956407681874 23.0134247109799,47.9906550914229 23.0240839234868,47.9916751501303 23.030501557557,48.0003068899855 23.0569930000661,48.0033695935816 23.0656295791872,48.0077861720121 23.0745430676551,48.00863625847 23.0831878262806,48.004786607926 23.0910305404592,48.0053677015018 23.0919827781412,48.0102636430519 23.0978855837948,48.0158013531791 23.0903493939431,48.016482919458 23.0898464923725,48.0194813817943 23.098667996758,48.0243999931709 23.1056717260455,48.0304201924186 23.1092087150236,48.0383010864483 23.1010465191696,48.0409169190501 23.0980892582478,48.0442042616557 23.112125300946,48.0540429448029 23.1066276028017,48.0635427732378 23.1072875855572,48.0670771705166 23.1138303911968,48.069580562982 23.1179909766408,48.0766492731485 23.1209868830831,48.0760959902066 23.1235810185947,48.0817937102522 23.1139667066284,48.0862293004741 23.1185187104052,48.090123186716 23.1271730796964,48.092318617901 23.1302663247134,48.0956743325681 23.14066310036,48.0973480767928 23.1463589095477,48.0997664569447 23.150855983084,48.1116875002258 23.1569463113275,48.1146271133365 23.1655676398935,48.1152867068115 23.1770734152716,48.1197591752403 23.1811687859917,48.1172788836766 23.1816526291617,48.1119455207646 23.1863115476664,48.1116395697173 23.1891723234556,48.0977425163228 23.2355669968287,48.0919607924213 23.2419659549044,48.0941400199806 23.2464035153005,48.0919157820679 23.2518311140747,48.1007790210799 23.2678235363406,48.100133523776 23.2687430748042,48.0869733739198 23.2711934516864,48.0841716239943 23.2803857227992,48.0821494125736 23.2873136763926,48.0754669723558 23.2818850192572,48.0625247785582 23.276804084185,48.057644730132 23.2792840265101,48.0566471663077 23.2879616911847,48.0467932722523 23.2939142730904,48.0443905778636 23.3046917311176,48.0430082506691 23.3127634825221,48.044962145428 23.3223302017901,48.04023890418 23.3265224449879,48.0357602972882 23.3322799491763,48.0334458586249 23.3284915234032,48.0261039944464 23.3318872303619,48.0205691886308 23.3384560091302,48.0182213369575 23.348696311068,48.0206964348582 23.357291944302,48.0143155139379 23.3733639957419,48.0098459692109 23.3785383005368,48.0031543742297 23.3875689637327,48.0043986583646 23.3948764506967,48.0007598166237 23.4034243907209,47.998971769396 23.4016333987084,47.9950266901147 23.4049641061978,47.9918413800695 23.4174146639369,47.9866499495898 23.4230079225573,47.9889593935087 23.4335677853688,47.990514368289 23.437292622231,47.9842843230735 23.4462090716145,47.9812496126116 23.4498893250143,47.9766036988502 23.4615779168722,47.973844677656 23.4745358349919,47.9740662922544 23.4804391644576,47.97326417328 23.4936074897652,47.9678294501019 23.5010544984179,47.9686952897954 23.5052516644102,47.9806023408967 23.512318194776,47.9855688170262 23.5171003410072,47.9926367920523 23.5212803081899,47.9946895755985 23.5215050409428,47.9997338398766 23.5256945290362,48.0047885905027 23.5258945762051,48.0127070634065 23.5290640209333,48.0198249178869 23.536152732062,48.0154449684221 23.5407060564271,48.0098860941337 23.551824145748,48.0084712578316 23.5663361162242,48.0030716023581 23.5777834134182,48.0053669901637 23.5851571272838,48.0036751133749 23.5934850731886,48.0083424420754 23.6043054695312,48.0063197650546 23.6103226806801,48.0080597606705 23.6236458341774,48.0026259961988 23.6347332831505,48.0029631056708 23.6421943048783,47.9997352942149 23.645236467857,47.9922085116021 23.6613345660174,47.9862910575564 23.6646673382975,47.9837324563814 23.672933138104,47.9863428149652 23.6851690758624,47.9870316007055 23.7076324046996,47.9942931055466 23.714019548284,47.9893066310118 23.7196129140356,47.9899268437826 23.7206408441877,47.9949574782875 23.7287057850825,47.9934869132594 23.743109588251,47.9959576068625 23.7539353667062,47.9962034996406 23.76228216724,47.9929043003474 23.7718123929667,47.9949453216648 23.7916966721126,47.9860068294537 23.8002411541395,47.9866371533856 23.8171181619402,47.9819828088615 23.8215495044213,47.9789977493211 23.8188941314656,47.9745335447431 23.8342902836868,47.967015724837 23.8326008812853,47.9606968564436 23.8434131454397,47.9485944818281 23.84239436163,47.9438408625193 23.8509929322331,47.9369091292195 23.8641265869851,47.9317571236461 23.867395713987,47.932146070939 23.884389594955,47.9442453255995 23.8944666176637,47.9429024580207 23.8977102999071,47.9447479421341 23.9134157812646,47.9471232870844 23.9211594380128,47.9452588150916 23.9301752311224,47.9487775041674 23.9419752219085,47.9484657768595 23.9450505873539,47.9523523414281 23.9485833513838,47.9615278061789 23.9572648982608,47.9650144480094 23.9659941477405,47.9625957767348 23.9735588937821,47.967869669998 23.9777006827597,47.9673576077934 23.9803257118324,47.9597179629685 23.9908094781208,47.9632369092278 23.9967559358751,47.9619870006019 24.0040064177758,47.9664608040282 24.0090545888776,47.9672607047758 24.0254631861958,47.957015143082 24.0318499775266,47.9492777284663 24.0497140511315,47.953404457638 24.0621941594049,47.9534045721739 24.0710881621219,47.9470208998556 24.0826318224155,47.9433874553303 24.0985989196776,47.9365140688305 24.0994052882217,47.9304441956578 24.1098030130734,47.9159905292197 24.1180803951184,47.914975768506 24.131937632028,47.9155007228249 24.1385395567405,47.9120133441238 24.1450550928205,47.9129472891443 24.1497239687022,47.9167848101982 24.1601787735957,47.9148841269176 24.1650848748929,47.9202700137675 24.1815108241211,47.9149669617947 24.1966799077967,47.9160677253064 24.2013693917678,47.9114680819175 24.2088379235577,47.9088985948327 24.2174267875158,47.9027613134053 24.2185428341768,47.897573275581 24.2282714320524,47.8964835643872 24.2404172569939,47.8993280403169 24.2555308905451,47.906721997973 24.2654863006537,47.9075232704319 24.2796218748861,47.9060082679521 24.2923614903973,47.9111611793932 24.2977745842745,47.9114735250517 24.3038390030296,47.9170767100668 24.3093110220038,47.9183234025248 24.3159427795973,47.9231948758013 24.3248985937863,47.9259001029496 24.3347393436743,47.9177969416825 24.3446305220757,47.9147520533762 24.3501454462553,47.9155388429935 24.3685909400254,47.9232622035167 24.381596583005,47.9265876813075 24.3803381990073,47.9338795453489 24.3921436704549,47.9484192545678 24.3921913115753,47.952802288267 24.409686875426,47.9600782741483 24.417205279218,47.9596610737759 24.4289371406275,47.9677224557012 24.4358772441957,47.9705123343812 24.4468511368569,47.9641795983704 24.4639660776842,47.961695678604 24.4717490969385,47.9630595121848 24.4877309885272,47.9558705351021 24.4944469657624,47.9554550288447 24.5020141990203,47.9522862958689 24.5134836582697,47.9536826413381 24.5269998454593,47.9615429675167 24.5369409552175,47.9619323438322 24.5495994008106,47.9599358405495 24.5628680421339,47.968595648189 24.5753984342792,47.9673914186592 24.5833020312436,47.9648704072 24.5841029410118,47.9607359742622 24.592692677186,47.9566361853416 24.6016955566407,47.9453371527291 24.6108273505544,47.9518471861085 24.6233800321179,47.9517721196333 24.6283864631701,47.947948370837 24.6323445339105,47.9397868169466 24.6298349586119,47.9344219405346 24.636538849643,47.9297926135953 24.6350405268279,47.9245746885187 24.6515800571543,47.9191185846645 24.6525927044142,47.9106617664547 24.6609699278226,47.9088630006172 24.6737823883893,47.8963799003024 24.6672826823664,47.8857078713868 24.6681897666571,47.8812217324562 24.6657893590319,47.8765067788813 24.6709009556228,47.8652944693302 24.6723045095208,47.8631171468345 24.6817937845191,47.8602693380089 24.685205200499,47.8550549647809 24.7029194674548,47.8524689768806 24.7057954112416,47.8401243054536 24.7197911937812,47.8393275262762 24.7344061752341,47.8438557976287 24.7392858278431,47.8411372975291 24.740782066665,47.8368934951341 24.7529706898819,47.8297385983803 24.7583845517763,47.837094049756 24.765285183941,47.83933700689 24.7781188198292,47.8374023333145 24.7788715199496,47.8312575668352 24.7841233152241,47.8234373810317 24.7975281683388,47.824687060887 24.8277504076908,47.8204763065584 24.8231668296973,47.8127272282645 24.8215350578228,47.8062140450554 24.8334800430838,47.7976230177199 24.83659475443,47.7935981365355 24.8376809342331,47.7863904360629 24.8365245941653,47.7795198161632 24.8513836927647,47.7746791898606 24.854859093377,47.7707077549945 24.8552845579443,47.7657834001558 24.878198691303,47.7526594622312 24.8814005372524,47.7389551344607 24.886438045734,47.7339202666848 24.8831504981327,47.7243710758645 24.9012005587818,47.7247394054755 24.9471117359132,47.7291414778658 24.9479248345532,47.7171900230607 24.9537287956663,47.7118191213544 24.9520560395481,47.705796668665 24.9595557778568,47.7056380744231 24.974695050496,47.6991820168671 24.9820325563496,47.6947905499433 24.9961291728511,47.6839891934874 25.000727352026,47.6829666882919 25.0075980452229,47.6766818745276 25.0172126132742,47.6744446651008 25.0221628719631,47.6663953292325 25.0383626095238,47.6641216432157 25.0440965654496,47.6593233079047 25.0505250135076,47.6591182329991 25.0554946769775,47.6544490856828 25.0563776175978,47.6478653885532 25.0530741627614,47.6414139823707 25.0326690309856,47.6378787937014 25.0242324580469,47.6338788902674 25.009752514672,47.6329467233909 24.9984033739115,47.6261131006597 24.9932037377821,47.6251674810096 24.9905356828823,47.6202083720822 24.984295443488,47.6203758877014 24.9742394232065,47.6136787329598 24.9642100261632,47.6162145414246 24.9585697199568,47.6151931160576 24.9588485268301,47.6033918333829 24.9608486565727,47.5968678476729 24.9749358607221,47.5925244540528 24.9831317249446,47.5873487837443 24.9902013077938,47.5856772449969 24.9942115018922,47.5771924956282 25.0009420267215,47.5758982853262 25.0077833543341,47.5688411130693 25.0189721296834,47.5680917295776 25.0364264624737,47.5615665377036 25.044522090728,47.5598958604465 25.051962083862,47.5604572068524 25.0565752887509,47.5525125609746 25.0558763029564,47.5480536417327 25.0610063158728,47.5369536174574 25.0664972941525,47.530355999773 25.0813587316775,47.526151454898 25.0918115161309,47.5198965379456 25.0950462000871,47.5158565660307 25.0935534821218,47.5103314107924 25.0937965981268,47.5039776582431 25.0804269205279,47.4963674759712 25.0727616366026,47.4931142429293 25.0700861768404,47.4872824046919 25.0521075998884,47.4807981167429 25.0453739121811,47.4810462268467 25.046993985055,47.4702347205074 25.0560868587839,47.4667558978084 25.060024626945,47.4626833790831 25.0633382141809,47.4546821046018 25.0702373245837,47.4503626176401 25.0816229113129,47.4538573231322 25.0888989627972,47.4466608184397 25.0779546020654,47.4384542896743 25.0734749061169,47.436897807038 25.0623127869488,47.4369515031706 25.0615499614149,47.4334481002192 25.0523813386597,47.4310201772968 25.050937948421,47.4240941048744 25.0590920329398,47.4207827880711 25.0582874659102,47.4165480101638 25.050040073479,47.4183606874281 25.0324769626369,47.4332816424627 25.0267096860563,47.4358131517789 25.014651639576,47.4334342366932 25.0121185202034,47.4283877761732 24.999469433579,47.4202163261365 24.9946311283888,47.4200701284702 24.986492921482,47.4246078850729 24.982845358463,47.4240357288425 24.9856081458329,47.4180773981394 24.9913147430338,47.4180588621232 24.996166876315,47.4132090230052 25.0034093683611,47.4131352617633 25.0069872711671,47.4100685384751 25.0192531687611,47.4045509668747 25.0268815226931,47.3968412645458 25.035770143394,47.3915143136364 25.0347212162066,47.3849762910933 25.0399735403563,47.3804445140517 25.0506122544708,47.3774990952648 25.0626465023211,47.3791969169108 25.0691328456483,47.3690817077155 25.064274907544,47.3663956665308 25.0605801767808,47.3535621154195 25.0623314994157,47.3491003508111 25.0722546503223,47.3420716904794 25.0764454304722,47.3412268810609 25.0728730022324,47.3350352910503 25.0730323304751,47.3282194197578 25.0759101858693,47.3249854881517 25.0749868036769,47.3198286997946 25.0786743480792,47.314965645488 25.0763773797092,47.3108980674658 25.0622112613896,47.3097244587162 25.0583261524495,47.3043920477592 25.047644140909,47.3037375827591 25.0452932689397,47.3000611714636 25.0333201233083,47.2927962706367 25.028074003499,47.2866699089699 25.03839749451,47.283011811058 25.0513484372717,47.2702351112331 25.0695256382344,47.2609713037893 25.079599455043,47.2586405626299 25.0748669472932,47.246180349156 25.0593018817432,47.2344984618134 25.0442740682395,47.2160913650795 25.0590899447471,47.1991268531469 25.0560948605581,47.1931280739576 25.0566267411811,47.1880159128484 25.061501802747,47.184482806241 25.0646556598036,47.1755027810299 25.0665244278005,47.1648934410881 25.0577351380489,47.1503253194368 25.0659532505406,47.1431136108228 25.0633955282021,47.1365530625445 25.0710912226736,47.1344719425934 25.0790032197887,47.1262985906527 25.0833639691318,47.1265380778894 25.093838459845,47.1206522900864 25.1093440418655,47.1196295534316 25.1222319191769,47.1218880606577 25.1290143517113,47.1182027127594 25.1376049474601,47.1168209535068 25.1444386290247,47.1133227665168 25.150735519894,47.11905620713 25.1571547503262,47.1223994436956 25.1643098298042,47.1296551392114 25.1733720684811,47.1305042447704 25.1823088078432,47.1279581815164 25.190927104565,47.1198318929757 25.2000260459746,47.1135538590147 25.2108629370856,47.1121165053829 25.2251330371971,47.1086235571899 25.2333654125407,47.0983122506514 25.2410606196256,47.0968038621827 25.2467242131762,47.0979337454741 25.2515178556704,47.0978211274714 25.264013915837,47.1035817698332 25.2793656029344,47.1036886494736 25.2962457186735,47.1157283010141 25.2970120219052,47.1206698347434 25.2872302542825,47.1332339912867 25.2921633905248,47.1434957284341 25.2960987141676,47.1483550698119 25.2944077462949,47.1558736354175 25.3070006477741,47.1656803992597 25.3164281161895,47.1648572997164 25.3246513206044,47.1659861205315 25.3318878972014,47.1700863331016 25.3521040672286,47.174648489175 25.3590646279765,47.1796994460884 25.3734103444321,47.1753296357384 25.3849856931045,47.1798789732394 25.3994261832204,47.1808013479987 25.4039252950599,47.1784765732816 25.413511862456,47.1827742197278 25.4251445679764,47.1838572752497 25.4276765436207,47.1805953884793 25.4254037638077,47.1712877776289 25.4405924222482,47.1597956067289 25.4456218229087,47.1532623587413 25.4566764368529,47.1454810691899 25.4712952369664,47.1397853777107 25.4735544878429,47.1362973310584 25.4807843033683,47.1347204768365 25.4874768416872,47.1306052045655 25.4945820702567,47.1286369317338 25.4983989701371,47.1228719934457 25.5089957366026,47.1168669294062 25.5167333541311,47.1189965295804 25.5248767333024,47.1152944103886 25.5303004910231,47.1105303937949 25.5268176786991,47.1053040482563 25.5274098310371,47.1000671668159 25.5313796535415,47.0971982512342 25.5319716027146,47.0867476373515 25.5398195581574,47.0822404834834 25.5523473669842,47.0812456429727 25.5613456769133,47.0835545405294 25.5744154973415,47.0846980439615 25.5897751290872,47.0796667675268 25.6015955557394,47.0773388674812 25.6131828615427,47.0834718817713 25.6193647088283,47.0892401199693 25.6212605559913,47.0937266294403 25.6302484048233,47.0949538419381 25.6403836895082,47.0931967213602 25.6521517457424,47.0872260031115 25.6615987306294,47.0916615234499 25.664718229658,47.0887375951136 25.6770657192382,47.08961460794 25.6817154756902,47.0859721694269 25.6909744427093,47.084817152496 25.7045666206303,47.0796810410061 25.7095287759071,47.0815279211579 25.7141857798374,47.0772806853007 25.7331915773902,47.0741069543371 25.7393178738499,47.0700047626348 25.7424644293838,47.0544667647087 25.7483364187786,47.0471858610769 25.7628220033887,47.0399514753843 25.7694355216026,47.0352601617689 25.7730485712698,47.0244374357945 25.7691813938117,47.017427453381 25.7732855740525,47.0120106002346 25.7807519223354,47.0080553292531 25.7897693044122,46.9964262529581 25.7905044507175,46.9863451645471 25.7931398259882,46.9787986358995 25.8016624436888,46.9675633174552 25.8059290927889,46.9649711274739 25.8201321983747,46.9764881110862 25.8287713642259,46.972332694073 25.8384052026735,46.9622835891909 25.8422470570336,46.9518241681444 25.8424015854373,46.9431651337976 25.8519650348062,46.9316972628123 25.8543351564654,46.9242587623921 25.8619853631113,46.9233976121736 25.855845136051,46.9207930526373 25.8421005246856,46.9204174885038 25.8392616147778,46.9234903431538 25.8231900073427,46.9235005004106 25.8132626198027,46.9271266659288 25.8037193705848,46.9290045850066 25.8009829384418,46.9260868859245 25.8014819907597,46.915265037361 25.7957305062868,46.9096785780634 25.7898938503443,46.9074798553823 25.7708081005093,46.8877925719256 25.7653985280139,46.8844669889493 25.7668972595853,46.8803205965958 25.775284037607,46.8710693545177 25.7810821980594,46.8685942753733 25.7801670118321,46.8653579437511 25.781431994617,46.863520233012 25.7749021162685,46.8532472816265 25.7628420033258,46.8460645549211 25.7624482694972,46.841232288958 25.7721260739009,46.8345780864962 25.7794740818954,46.8342397405485 25.7837972110073,46.8416088223851 25.7800897318858,46.843446878833 25.7794389611737,46.8504512333998 25.7822732983607,46.8511636856294 25.792860227126,46.8482928805759 25.8048100993751,46.840620619774 25.7940655912966,46.8330726848431 25.7828114166308,46.8337763390066 25.7799123533185,46.8248761163645 25.7851615598958,46.8127543012642 25.7946832360652,46.8108048833342 25.8069735039673,46.8051884237946 25.8009198100971,46.8000598122063 25.8088218387311,46.7928978394256 25.8086216738745,46.785790480162 25.8063018274179,46.7763394013452 25.8010464757704,46.7726354445856 25.8002148255638,46.768100476773 25.8050297981962,46.7649329417247 25.8031351384477,46.7610808445114 25.8046035422157,46.7523988771519 25.8035666251187,46.7414108213278 25.8072075513482,46.7373937584401 25.7997483760298,46.7281983033411 25.795297595624,46.7199002868908 25.8043533396651,46.7067767054496 25.8130577244359,46.6981374259255 25.8289095524646,46.6857378627921 25.8356283777307,46.6827145895864 25.8374153605544,46.6767920830899 25.842076521574,46.672281662626 25.8483198983115,46.6709887581698 25.854186063541,46.6639926974086 25.8604296678204,46.6600932246189 25.8620084704842,46.6552481774937 25.8673909312166,46.6494316514521 25.8771668883587,46.6508714463381 25.8884844128019,46.6481088037527 25.9015393932554,46.6493479376082 25.908612488438,46.6561155488487 25.9029861252953,46.6643590563119 25.9033111817328,46.6677342291418 25.8980530246526,46.6704549941112 25.8953327780311,46.6756063634625 25.8860740074407,46.6832849972521 25.8838662626024,46.6886942041963 25.8894215306612,46.6931919271345 25.8912741870571,46.6992320558998 25.9040347336329,46.7040272604931 25.9083130608384,46.7008611516257 25.9170155930929,46.7003166817895 25.9317774957375,46.7024123084227 25.9478043647554,46.698919305904 25.9549682406269,46.6952287118791 25.9615900801005,46.6990716299474 25.9751780237235,46.6973255330403 25.9745872547725,46.6894985418586 25.9810519563346,46.6801698531835 25.992126288065,46.674007777367 25.9993967459713,46.666423221521 26.0001315835462,46.6633389793382 26.0064704016933,46.6597201097539 26.0077399084889,46.6484004481894 26.0123615691686,46.6447272884216 26.0194299721711,46.6343316095058 26.007455270955,46.6352742390996 25.9995377375769,46.6249066717688 25.992883172611,46.6228905604909 25.9904778804336,46.6161110966355 25.9970784804337,46.6090334268071 25.9983277472792,46.6018238605375 26.0035478182017,46.5966223204391 26.0099373046625,46.5937189812489 26.0121760917062,46.5900090533352 26.0217593397839,46.5885336251798 26.0260686728692,46.5772619404485 26.0335793672727,46.5703597537414 26.0312474476749,46.5675129001288 26.0323215852079,46.5590728326239 26.0391956278002,46.5556658042799 26.0405328814589,46.5504263952614 26.0350729381398,46.5446520671646 26.0482122279487,46.5319617488011 26.0572200633851,46.5289803586378 26.0614537633927,46.5256594615646 26.0737944937014,46.5257342480336 26.0746334900649,46.5224341322332 26.0832264619267,46.5124738781661 26.0816467170081,46.5075414092901 26.074610258231,46.484536634436 26.0640841927687,46.487489096116 26.0584042788697,46.494168677594 26.0473658462198,46.4922380483382 26.0341173855822,46.4912005271186 26.0180323980024,46.491871041581 26.0066529584218,46.4816500620418 26.0165128326103,46.4775620749977 26.0166842154282,46.4727939154215 26.0115956530788,46.4692237307957 26.0152196192603,46.4646428266874 26.0154315891023,46.4600057322412 26.0079275940962,46.4586107537572 26.0045211073778,46.4529693984562 26.005827765579,46.4448507005251 25.987193238177,46.4391165156045 25.9947980049222,46.4327588227413 26.0019957831866,46.4273111106441 26.0036192966669,46.4230500169152 25.9971572043394,46.4200741679399 26.0002037443809,46.4136173844896 25.9952591248307,46.4067586650121 26.0035246419309,46.4063653742058 26.0098961839253,46.4124613069962 26.0196540148193,46.4091665629806 26.0205179585454,46.4142692038401 26.0249153592494,46.4149109424014 26.0299680248662,46.4101263077525 26.0331858291271,46.416751917281 26.0469059613334,46.4165818232722 26.0618245377022,46.4113312963862 26.0563967920684,46.4035534140635 26.0619196464618,46.4007021200809 26.0853350766953,46.3993427988279 26.0999126231943,46.4013806338133 26.1094840205583,46.4005746726622 26.1185961165528,46.3974238817429 26.1266109556861,46.3975957037404 26.1465480274319,46.39118650929 26.149261364688,46.3887257592513 26.1597176783768,46.3858193425082 26.1626798676316,46.3808151717351 26.1635284490436,46.3728826387601 26.1668329869105,46.3692836625167 26.1635298255094,46.3619179968585 26.1666554814469,46.354860161018 26.1644047765486,46.3471272722494 26.1549443279978,46.3399705489716 26.1492643920286,46.3290390544743 26.150681667246,46.3216322142573 26.1561008919662,46.3151696389039 26.1628647213207,46.3164171066231 26.1773175320954,46.3106752238187 26.1909727203719,46.3124117834879 26.2009223672726,46.3109137521895 26.2084503658674,46.3119085227252 26.2244346111357,46.3166374206611 26.2317036158643,46.3253174595131 26.2354820382976,46.3348873388102 26.2421170857381,46.3358651117508 26.2446554766995,46.3399932670636 26.2571504816519,46.341114709753 26.2709114104314,46.3448981543335 26.2826540755596,46.3381503302954 26.2885264956658,46.3375613340526 26.2928520102188,46.3342424392325 26.288265582215,46.3234712314918 26.2838314267559,46.3214383364597 26.2810155607701,46.3133793764091 26.2786471872767,46.2993141141958 26.2721719177325,46.2964447963084 26.2712326247554,46.2929211240415 26.2743671099859,46.2873514674627 26.2686003205048,46.2866706464678 26.2626239423356,46.2799089548046 26.2533552806474,46.2771325207373 26.2534053980298,46.2666288683406 26.2581395171767,46.2643872115209 26.2604756207915,46.2583376700782 26.2586804567061,46.2500270040343 26.2634600958895,46.2463489224549 26.2748769635249,46.2468925684035 26.2848696087057,46.2456815211899 26.3098256700876,46.2389546464079 26.3249484226956,46.2311761120184 26.3341308500999,46.2183147303138 26.3380408836103,46.2153168961019 26.341466823671,46.2009737752749 26.3332842991974,46.195835481269 26.3310204925578,46.1859564075296 26.3343948602497,46.1752066425341 26.3436316300003,46.1668530961118 26.347475602066,46.1615698062382 26.3447307032657,46.155724840635 26.3477320474377,46.1527055981646 26.343027410807,46.1377082644775 26.3547087317725,46.1416149355544 26.3590047650452,46.1406386786824 26.3752016988495,46.1458057287767 26.3853485888301,46.1450185165746 26.3837279828937,46.1388498975 26.3877174404929,46.1378015753449 26.3895561626929,46.1329879654281 26.3857630867854,46.1287379312863 26.3793128682025,46.1276919608032 26.3775203052114,46.1240973555535 26.3675428950678,46.1181469803839 26.3719451235542,46.1085700867954 26.376303813712,46.1067493351922 26.3837784133342,46.1027417297958 26.3932653864841,46.1010056159957 26.4075641083014,46.1036860050401 26.4086020147574,46.0911466255836 26.4204411754246,46.0830150845902 26.4306518626854,46.0780175863502 26.4275891262578,46.0756352867664 26.4251188243015,46.0669634820859 26.4322974224229,46.0631758800206 26.4327641346404,46.0584410385774 26.4378732563395,46.0535807232187 26.4400068590846,46.0388861610303 26.4375590871537,46.035426674769 26.4403646278276,46.0235032551862 26.44531244818,46.016691708752 26.434592503318,46.0065844001256 26.4319300815842,46.0002207644012 26.4381266474293,45.9931719074847 26.4377621836809,45.9893496048038 26.4251346361977,45.9819839238261 26.4186177685087,45.9762375231519 26.4072116474115,45.9719216439973 26.3972838968548,45.9652820851541 26.3956886608834,45.9614101857449 26.3892384836723,45.9545856615352 26.3919054187932,45.9480110123643 26.3872311824603,45.9408636758108 26.3923405578618,45.9337887018834 26.3900131221332,45.9277639493813 26.3943265561808,45.9206994993527 26.385633971307,45.9186573127431 26.3813387771143,45.9155274595449 26.3820776837404,45.9112643816429 26.3756968565455,45.9070789301031 26.3790544705749,45.8948545094435 26.3770059829964,45.8894353966226 26.3855902924758,45.88276754961 26.3879894126275,45.8735936988264 26.3810746855459,45.8625628662113 26.3769482652146,45.8601437788581 26.3733387671612,45.8556205355058 26.372287064304,45.8495387994093 26.3710070475494,45.843369261741 26.3771894032599,45.8363640579498 26.3781019560114,45.8267709611435 26.3749367161052,45.8209109385358 26.3820907861455,45.8137589725 26.3847023929601,45.8060203438768 26.3921165938096,45.8023979748552 26.3861469354185,45.7947744791509 26.3833313034507,45.7826929992467 26.3893835911092,45.7667684707629 26.3807388416586,45.7497506261892 26.3816753937749,45.7426595510011 26.3845336152339,45.7362272425963 26.3789840706206,45.733856076427 26.3715287508832,45.7340446994745 26.3681718886509,45.7291430400706 26.3648463255218,45.7227160252297 26.3538999388822,45.7210354956322 26.3539303817359,45.7173908179226 26.3582800362176,45.7143936987802 26.3503349555329,45.7036141932817 26.3458445157522,45.7023922370675 26.3418863122452,45.7001632013027 26.3366189388665,45.6919704616281 26.3365362115532,45.6867512755061 26.3321513671201,45.6842051301682 26.334513148828,45.6767015475933 26.329749025796,45.6585366924003 26.3241968812837,45.6491341192788 26.3269163132853,45.6404018896121 26.3300947562541,45.6377537221149 26.3261954823674,45.6247057968392 26.3177698712145,45.6207719650093 26.3165904513859,45.6152756948049 26.3103137539634,45.6065734287143 26.3037950295204,45.6066992505085 26.2980974153326,45.6035567147119 26.2956634223183,45.5979961108251 26.2852518598056,45.5937444560746 26.2816791270494,45.5857866304706 26.2759020840859,45.5913549943851 26.2640728596354,45.5972435437856 26.2530477157445,45.6007342549376 26.2505824983071,45.6035549543554 26.2495194228217,45.6110639968138 26.2553148751517,45.6169001834595 26.2473398432226,45.6214023070825 26.2470865453178,45.6248617740781 26.2346709868563,45.6220987942321 26.2192835849164,45.6220711102054 26.2103747030598,45.6206846920258 26.2089554281173,45.6164139521969 26.1854492482934,45.6083088027354 26.1843950410968,45.595518034657 26.177781774329,45.5947648512192 26.1789880550119,45.5873302114812 26.1755611374115,45.5815729536682 26.1751494800344,45.5767315777575 26.1797594977759,45.5745940762935 26.1704547958454,45.5624111316565 26.1676738195221,45.5683138999232 26.1568790569739,45.5763489764564 26.1555408525284,45.5849535257333 26.147718199503,45.5849258290738 26.14396454508,45.5815226359528 26.142634124386,45.5742992604427 26.1335354029028,45.5642283100236 26.1283917826963,45.5619185362509 26.1220956842571,45.5525242796031 26.1218537443198,45.5491141231007 26.1138849879896,45.5443767585235 26.1068093645975,45.5355372120971 26.0983823762374,45.5287056807495 26.0959304424368,45.5176151813743 26.0933557389222,45.5163127495076 26.0866511771811,45.5171031955833 26.0784334670923,45.512703344711 26.0727396918978,45.5057943427547 26.066967690668,45.5025052620117 26.0676004556881,45.4966783187806 26.0654962423286,45.4853027124699 26.0542001760951,45.4848343369854 26.0411236104711,45.4783877732709 26.0310638900668,45.4858003478267 26.02844602113,45.4861828905898 26.0203033772988,45.4897409624738 26.0137053836525,45.4901134760726 26.0126393115386,45.4973005244256 26.0060108667198,45.5074611689477 25.9956576266439,45.5142500810855 25.9805265142858,45.5115405923635 25.9735556662796,45.5111865765202 25.9672510801012,45.5077866170722 25.9608222457562,45.51082648903 25.9431642396903,45.5130527760763 25.9378309434191,45.5125361904167 25.9269248423414,45.5216486023489 25.9193720236084,45.5195499358561 25.9180184806105,45.514100144055 25.9137666848369,45.510486891027 25.9077182516213,45.5010101670036 25.9003328919325,45.4993274421462 25.8909903096574,45.4879055722936 25.8973148036009,45.478161915079 25.892931123181,45.4708440163353 25.8874520028266,45.466807490785 25.8922648698371,45.4596470966459 25.8891550629936,45.4544092633828 25.8886244088471,45.4458029647613 25.8796881083434,45.4429127296529 25.8689809238104,45.4355353008823 25.8676118586084,45.4230778391143 25.8600585913451,45.4219208601385 25.8563025718158,45.4259237926961 25.8430465019075,45.4295411439223 25.8295013469748,45.4294345492996 25.8229556301616,45.4319934636793 25.8279746377927,45.4355964788224 25.8275609033209,45.4421885379244 25.8243661619744,45.4432547749594 25.8078330389091,45.4689471855303 25.7971764647854,45.4713287591465 25.7902529236419,45.4786180585396 25.7864773908205,45.4795584901539 25.7785222202445,45.4774862705013 25.7716122803747,45.4736081660748 25.7706467109185,45.469213423264 25.7659336809053,45.4655664827503 25.7537847046464,45.4676875697026 25.7430072256695,45.4678651459356 25.7267034448087,45.4653904282862 25.7117048561842,45.4755864573367 25.7040664062366,45.4795164683135 25.7001219034424,45.4837007827266 25.6999374610876,45.4901986316388 25.6810135242864,45.5006255577987 25.668341487822,45.4957869881378 25.6440901502069,45.4925648912093 25.6427348753265,45.4954063780615 25.6299758614323,45.4960698766237 25.6294701228945,45.4899303995032 25.6245861792035,45.4850993916656 25.6070485714348,45.4760431476657 25.6030697581794,45.4633897631283 25.5890488125471,45.4610790071646 25.5774401446096,45.4676137983739 25.5723487659075,45.4676766241676 25.5567847493089,45.4644178322701 25.5508312300668,45.4648826382365 25.5317369755896,45.4590694148273 25.5245406682984,45.4655883236783 25.511751075329,45.4702760608716 25.4854764171214,45.4610904883424 25.4801171195846,45.4548451338826 25.4702365311161,45.4526097173483 25.4617279864975,45.4539214068651 25.4549051455895,45.4471444244415 25.4525564871996,45.4413474266518 25.434997566382,45.436635014275 25.4299500851375,45.4379636297888 25.4152103808023,45.4304416333568 25.4102879935004,45.4264582814714 25.4099840491579,45.4227953072463 25.4075730868546,45.4140982472902 25.4104554019691,45.4008151546876 25.4085073314119,45.3908169620917 25.4030846822252,45.3874125987423 25.3879800132345,45.3900682845685 25.3785228087803,45.3895917705609 25.3733205558277,45.3910718609375 25.3617224812443,45.3914783732894 25.3589891560636,45.3885877609383 25.3477463933414,45.388242810498 25.3452487789263,45.3861943603806 25.3215942071241,45.3810944621824 25.3080131764472,45.3895187624463 25.3118304681624,45.3946675429488 25.3121769424693,45.3993406018465 25.3079684318062,45.4057759093507 25.3063877078677,45.4144918212819 25.3016218800548,45.4223841768475 25.293411630864,45.4213243463367 25.2875417095202,45.4157466507108 25.2802174203175,45.4146532966269 25.2748874524387,45.4086389291822 25.2715742275936,45.4079192517778 25.2676033118653,45.4090288972027 25.2662686537706,45.415934360284 25.2534462503143,45.4288225314427 25.2633338925197,45.4383054502083 25.2700181688204,45.4391077568084 25.2758530717898,45.4420629303596 25.271688246354,45.4469371323928 25.2678710452365,45.4463497542257 25.2574282098818,45.4520451174075 25.2586060768909,45.455837130341 25.2500975758478,45.4631722831607 25.2464884215787,45.4700886638035 25.2383575660409,45.4755236054753 25.2374277319843,45.4821105053878 25.240479499164,45.4888204419942 25.2416249601545,45.4997407872967 25.2360913965945,45.5047926466795 25.2332412481826,45.5117660350678 25.2369095336373,45.5175993917892 25.2261032413586,45.518052453752 25.2186555976173,45.5216053845971 25.2116431469115,45.5268730592682 25.2034239722499,45.5196934008312 25.1889679414078,45.5227774515946 25.1750634937374,45.536061320835 25.1709873920928,45.5366725241897 25.1621481200456,45.5418895349897 25.1572465351581,45.5421873199139 25.1516680576466,45.5457823191978 25.1455510961625,45.5586176585252 25.1349999357532,45.561089363626 25.1295616228787,45.5654113908587 25.1257629287452,45.5718135959156 25.1130094653424,45.5767241901258 25.1093542591122,45.5814327645589 25.1032293571513,45.5852002230751 25.0816152792674,45.5817172946418 25.0700081508411,45.5853907058444 25.0517478312322,45.5867178076865 25.0361083669504,45.5926439886237 25.025882114338,45.5883775694799 25.0134319906997,45.5860135529666 25.0009163125543,45.586570142413 24.9939740920652,45.5881672037485 24.9848278727511,45.5863598827589 24.9800425251518,45.5896913948048 24.9673455993613,45.5928840025999 24.9581304842573,45.5927118777765 24.9412479799047,45.5821254548621 24.9360957436086,45.5827728930041 24.9168730619879,45.5945690660666 24.9100099403986,45.5926290730427 24.900677179299,45.5951194963591 24.8848866789309,45.5939491323276 24.874137883949,45.5925962957266 24.8709605226468,45.594044809871 24.858993884702,45.5942420061367 24.8548884757658,45.5909666842941 24.848508873676,45.5933170556366</coordinates></LinearRing></outerBoundaryIs></Polygon>
  </Placemark>
  <Placemark id="ro_admin_macroregion_simplified_polygon.2">
	<name>Macroregiunea 2</name>
	<Style><LineStyle><color>ff0000ff</color></LineStyle><PolyStyle><fill>0</fill></PolyStyle></Style>
	<ExtendedData><SchemaData schemaUrl="#ro_admin_macroregion_simplified_polygon">
		<SimpleData name="id">2</SimpleData>
		<SimpleData name="version">2025/03/26</SimpleData>
	</SchemaData></ExtendedData>
      <Polygon><outerBoundaryIs><LinearRing><coordinates>27.9942177581858,43.8428831671879 27.9762708288326,43.9009424348201 27.9540719787746,43.940148983346 27.9477742632286,43.9690583380456 27.9442682545227,43.9847933717688 27.9308522619072,43.9960776200645 27.9168224790438,44.0082253464038 27.8434851822467,43.9663911236802 27.7542452999761,43.9583167286493 27.7378558311768,43.9535202440881 27.7100370670614,43.9593915938672 27.7076817035082,43.9639310878349 27.6736499614227,44.0297993658088 27.6435231874164,44.0479323430183 27.6119449883224,44.012205966453 27.4921127799787,44.0208868846357 27.4687644884739,44.0225011581943 27.3994279502362,44.0123690036896 27.3707920470033,44.0389196733041 27.3561664537452,44.0587087365281 27.3110272528475,44.0696709031296 27.2911844304144,44.0751738925079 27.2906575126629,44.0830545850718 27.2798119643957,44.0936574392141 27.2768695531938,44.0992506074759 27.2762958782608,44.1054208487717 27.2841437175707,44.1098623542858 27.2766206882702,44.1152267947876 27.2779898270627,44.1222639135513 27.2713743523716,44.1263363276762 27.2746259285643,44.1280227413141 27.2953994119858,44.1381406199114 27.3053444457188,44.1404564005397 27.3151219651568,44.1405920218312 27.3278577232361,44.1392850278382 27.3457924266548,44.1312518186184 27.3594853555751,44.1288269131828 27.3768544010968,44.1283091794417 27.392757591641,44.1319447007266 27.3979682561261,44.1314617521127 27.4075185627258,44.130518131677 27.4251148736522,44.1264694134263 27.4436250778537,44.123978876149 27.4534588826234,44.1250745758841 27.4639517121094,44.1298108557374 27.4759519266999,44.137743783249 27.4847666389421,44.1439569684065 27.503952135355,44.1513702940725 27.5084057653266,44.1543178936903 27.5183409997607,44.1640832686901 27.5283541535135,44.170070872055 27.5445982540553,44.1756641270006 27.5516367392916,44.1798650640217 27.5634231398886,44.1846519903391 27.5778133559548,44.190731562796 27.6006588694008,44.1983251420653 27.6151503078868,44.1998430890851 27.6294121567464,44.205322949312 27.636989867411,44.2060619176504 27.650488071963,44.2050132282661 27.6659089493614,44.2023622308263 27.6838736791618,44.2011974429268 27.7002134607452,44.1964371177152 27.714230337027,44.1960929875438 27.7329621677147,44.1994250468961 27.741501359683,44.2053233485389 27.7573036009979,44.2160165266139 27.7786481296365,44.23255148775 27.7858315780714,44.2358360865386 27.8007531560989,44.2401399254896 27.8155723654789,44.242870332332 27.828660497545,44.2465759035928 27.8382712369348,44.2468569965983 27.8522049074992,44.2448629495649 27.8625861396419,44.2453365016059 27.8745831099704,44.2476946392369 27.8849425092967,44.2510450781036 27.8905687502396,44.2510432811987 27.9084317851961,44.247561414568 27.9229002417566,44.2476856989214 27.9361541441693,44.2506231149713 27.9498217447333,44.2571164313452 27.9675064158821,44.2741357630857 27.9789711491555,44.2917218385023 27.9969576952795,44.3045895597172 28.0019359198469,44.3117152025964 28.0118790630843,44.3220803788126 28.0139669996292,44.3329199005671 28.0174076068611,44.3402504726929 28.0196473811874,44.3449349073306 28.0216579251497,44.3564511505215 28.0245433792511,44.3621576515244 28.0312430700912,44.3713664600343 28.0390456467997,44.3786604841992 28.0432545796126,44.3846176007309 28.0588643100113,44.3960330584537 28.0694007874622,44.4039293009007 28.0708258284585,44.4112672267153 28.0759969535048,44.4160026760825 28.0885310410023,44.4204871179747 28.1046902302673,44.4286125781615 28.1104939111104,44.4372323001121 28.1089670944626,44.442782663226 28.0982707124451,44.4561636868802 28.0972577240473,44.461889605011 28.0947566443243,44.4741770284888 28.0900120191086,44.4878340017735 28.0802713852434,44.4969711122863 28.0640067284743,44.5030004558989 28.0528127168069,44.5092858831227 28.0476349289858,44.5196563944779 28.0460591274362,44.5259423829729 28.0346190866498,44.5474063357558 28.0290486714652,44.5541914282995 28.0165472760621,44.5648203498971 28.0137708119386,44.5753692956862 28.013737992716,44.5844223675954 28.0161336665525,44.588703356892 28.0259249153627,44.5995711405899 28.0326124172756,44.6072594003292 28.0332714979424,44.6129578993264 28.0340760414103,44.6171274874537 28.0317706327477,44.6252942259582 28.0239632452892,44.6343069356158 28.0156646114631,44.6412914752686 28.0041823674256,44.6456998229783 27.9927659560838,44.6546077729638 27.9834543502498,44.6595944412715 27.9679788760995,44.6698234687929 27.9588764843955,44.6797878214272 27.9399891374417,44.678200165292 27.9343687306725,44.6787788705903 27.9275208384772,44.6820491201303 27.9221299467992,44.6893234224804 27.9114398977343,44.6969317470928 27.8912959749927,44.7031264700127 27.880337756588,44.7093834052287 27.8746392703191,44.7173169229754 27.8715035397603,44.7261760961702 27.8719582402214,44.7345359932174 27.8756416333646,44.7511862178191 27.8810392754748,44.7630799309242 27.8792204650428,44.7692828353773 27.8749477385925,44.7735970145052 27.8694025811012,44.7753830424553 27.8573209519146,44.7755775494463 27.8314226341947,44.7790942303397 27.823321668471,44.7862927081332 27.8207596069042,44.793624818509 27.8208405379314,44.7998240689856 27.8262607960889,44.8096612091467 27.8264882020386,44.8200169782397 27.8058481400668,44.8198729734759 27.8004230112888,44.8147867114423 27.7885540406032,44.8187720018914 27.782788395579,44.8152233763649 27.7755896840007,44.8049617505995 27.7505676321773,44.8076802476521 27.7282896083841,44.8017229440904 27.7254374868457,44.7938481141386 27.7378242300616,44.7881975916223 27.743702311564,44.7884445441983 27.7442385298208,44.7792453455744 27.7228424708902,44.7779302698723 27.7204903900174,44.7668980240557 27.6490674487141,44.7703043169938 27.6484032109269,44.7757724944067 27.6205267270387,44.7772428977498 27.5910110547984,44.7779633563692 27.5916103806055,44.7834530994969 27.5404714102374,44.783513785289 27.5332143500334,44.7843182044998 27.5288586938741,44.7885472220951 27.5215646595602,44.7889024586257 27.5268330011986,44.7740182022699 27.5031255561458,44.7744276813507 27.5033394956996,44.7800512924108 27.4839400790354,44.7804338155711 27.4780122208701,44.7752073420126 27.4367941851914,44.7989585393686 27.4077587920036,44.7730170930146 27.3915924503561,44.7833701830369 27.3819607941548,44.774683600008 27.3638737714483,44.7874769145107 27.3657227724833,44.7895881637534 27.3411202910251,44.8026124840098 27.3361281732071,44.7982568665172 27.3095998208082,44.7746971172175 27.2886229102711,44.7858172910969 27.2693354108837,44.7632781699332 27.2576245972858,44.7496848421467 27.2440359828778,44.7571833909166 27.2307887987983,44.7687488863964 27.2215649900986,44.7753063724412 27.2235779031311,44.7826000913454 27.2034867723462,44.7870771278847 27.2030358737825,44.7860424123572 27.1772755723572,44.7872195514699 27.1556414968456,44.7887752099057 27.1481787405266,44.7679047459881 27.1687444286707,44.762404129897 27.1664454352794,44.7571250338589 27.1874642647627,44.7512918809823 27.1792333699481,44.7352827526424 27.1592084926729,44.7402386316555 27.1574493384503,44.7364203115833 27.1373422751461,44.741675694669 27.1340847784473,44.7355373118046 27.0979199283573,44.7448497367332 27.1077209803952,44.7677876733111 27.1108922808153,44.7819920983316 27.0562410251504,44.7969245250579 27.0449020163818,44.80397334978 27.0286099752901,44.8121792840371 27.0079732861469,44.8244700630554 26.9954689467055,44.8137921068961 26.9762069312525,44.7926352587957 26.9732747817223,44.7882913663033 26.9169649980052,44.8056675150465 26.9083581939396,44.8051634870854 26.8952009434593,44.8108928788164 26.8962949207267,44.8123656971636 26.8783877989362,44.8202558624555 26.8658124763621,44.8060832001688 26.8464616586086,44.8149493407528 26.8388428364137,44.8081607499707 26.8304296273436,44.7976785097758 26.816851356592,44.8040834878342 26.8102066971615,44.7953443984304 26.7980316244649,44.8014303544362 26.7765971431488,44.8151147707713 26.7187454729545,44.8091861384602 26.7139845709755,44.8195224128772 26.6811594445905,44.8107153444344 26.6787000492207,44.8087857514539 26.6709551867564,44.8111538974926 26.6593707160829,44.8152674726438 26.6448332803465,44.822978700825 26.6414094177339,44.8192366101045 26.6309544624654,44.8135958280628 26.6189785604647,44.8332838291612 26.618393334569,44.8408982801105 26.6055762079705,44.8569972109043 26.609963571497,44.8591290871598 26.6009016559192,44.8678171149674 26.6083722392593,44.8721619136794 26.6017660099852,44.8770584041824 26.5930794974694,44.8861038196356 26.5849911513672,44.8823334917045 26.5607682354911,44.9089519275213 26.553761569582,44.9152317858363 26.5482598811679,44.9157101881435 26.5362700325833,44.9100998647657 26.536269867578,44.916400091932 26.5305457164518,44.9375360694872 26.5315758698762,44.9391592992725 26.5530686508659,44.9448187273218 26.5794489985343,44.9507959643628 26.5794378973913,44.9524065464606 26.5999351102905,44.9558483896403 26.5927910260784,44.9640250533531 26.5793373448347,44.9610548729808 26.577239723086,44.9715414821662 26.5613776922717,44.9909792871597 26.5609266706789,44.9941749998243 26.5549280988158,44.999419415428 26.5471488838363,44.9971904732475 26.5345912104511,45.0030150775186 26.5295660982236,45.0148764474831 26.5193448411224,45.0127573658644 26.5100256659592,45.012869819222 26.5136008669138,45.0039732025239 26.5019307743765,44.9995087336032 26.4962415854531,45.0067201336835 26.4920002667742,45.0053647064604 26.4843912976289,45.0188471209704 26.4872625489538,45.0200592828913 26.4817287855813,45.0275939786624 26.47700918295,45.0340808834104 26.4773783660719,45.0393028660671 26.4779387045188,45.0474483435575 26.4748428593461,45.0474372331521 26.4725204360248,45.0568395557186 26.4630066079951,45.0700190019533 26.4459162009458,45.0732620118494 26.4432559655363,45.0756461794604 26.4487960281777,45.0792198725173 26.4521177028351,45.087704871762 26.455575005199,45.0918344279598 26.4520014550982,45.098529473715 26.4547443389031,45.0996446243211 26.4520816411118,45.1081686707066 26.4534029629769,45.1119479118831 26.4494575319649,45.1151339218176 26.4494829656145,45.1261075180577 26.4564663380194,45.1289218440492 26.4563401613643,45.1361399241622 26.4685499532785,45.1391946962284 26.4696224968829,45.1412641017846 26.4619744968497,45.1585440054663 26.4604656613428,45.1672552064667 26.4623117749167,45.1764502035417 26.4607240143064,45.1812334284264 26.4617228797452,45.1928482830958 26.4603737009751,45.1980968901474 26.4439254415755,45.1895610676312 26.4341959912821,45.184170372644 26.4206373086364,45.1751259442376 26.3971870655558,45.1785451398759 26.3889335025128,45.1730188592976 26.3860333000743,45.1679304345287 26.3816039036832,45.1660093288078 26.3756736372546,45.1582984095363 26.3609835565741,45.1644046987895 26.3527229877845,45.1643837827947 26.3538567200103,45.1735669383665 26.3512257817695,45.1865390491677 26.3459241582898,45.1868802107236 26.3491236405272,45.1922883898392 26.3458805041743,45.1955733073776 26.3476399806527,45.2024331022308 26.3511530591357,45.204944474018 26.356765671098,45.2132657504712 26.3489258564232,45.2121817190587 26.3459670085043,45.2149808204708 26.3313665965528,45.2172907004974 26.3274881431689,45.2161978057643 26.3145090963325,45.2087305221196 26.307638346231,45.2087417157869 26.3028627850909,45.2020727585717 26.2860934111024,45.2074550916416 26.2677225957308,45.2060108632176 26.2647877172493,45.2092498373119 26.2559602241209,45.2084872139404 26.2564508017519,45.2012612172156 26.24991794236,45.1993822762828 26.2505611234259,45.2069148941209 26.2467619628903,45.2139671299005 26.245129392771,45.2219508187592 26.2335697967954,45.2340463505038 26.242430706165,45.2353666516003 26.2375957939143,45.2398451968233 26.2324559035459,45.2395817168047 26.226142327875,45.2443727369838 26.2263467819291,45.2470049845156 26.2310840476401,45.2517814321624 26.2296332623268,45.2609978762258 26.2233864522997,45.2737199042341 26.2173661817548,45.277719447093 26.2030574115892,45.2738338586741 26.1873047928606,45.2763766173906 26.1874930945035,45.2795893247943 26.1932053927277,45.2844278034913 26.1977582390585,45.2868221399532 26.216169191437,45.3004805600316 26.2210635473621,45.3052152909663 26.2302229782345,45.3060949250904 26.2336280417083,45.3146295147031 26.2283673144522,45.32106970731 26.2217915890331,45.3263789578668 26.211524045866,45.3266811221158 26.2065349218521,45.3350718272196 26.2015553805418,45.338138075699 26.1949825993108,45.3467747150751 26.1903717414036,45.3472559457156 26.1859886936136,45.3573336472849 26.1791191637361,45.3579008757542 26.1735514315307,45.3625871048949 26.1667606401997,45.3634839078263 26.1615654816178,45.3676832777322 26.1534537433719,45.3770133704958 26.158107013505,45.3903734501604 26.1659843592794,45.3961892806319 26.1649678834348,45.401341340678 26.1528954033493,45.4045000474831 26.150524271098,45.4076781850764 26.1446953408865,45.4084050382608 26.1425482103195,45.4148170354399 26.147193116649,45.4211928533601 26.1494520508579,45.4303617178629 26.1481487391123,45.4344700489729 26.1505511499185,45.443054673171 26.1483816218153,45.4573162776705 26.1389332377112,45.4654996347208 26.1304337153381,45.47074529832 26.1172507066931,45.4768275364941 26.107194610958,45.4767639748108 26.0969558430374,45.4810574332944 26.0913895583726,45.485511462316 26.0864665604484,45.4917547812003 26.0867336783008,45.4953352391367 26.0789039439114,45.498820168654 26.0727396918978,45.5057943427547 26.0784334670923,45.512703344711 26.0866511771811,45.5171031955833 26.0933557389222,45.5163127495076 26.0959304424368,45.5176151813743 26.0983823762374,45.5287056807495 26.1068093645975,45.5355372120971 26.1138849879896,45.5443767585235 26.1218537443198,45.5491141231007 26.1220956842571,45.5525242796031 26.1283917826963,45.5619185362509 26.1335354029028,45.5642283100236 26.142634124386,45.5742992604427 26.14396454508,45.5815226359528 26.147718199503,45.5849258290738 26.1555408525284,45.5849535257333 26.1568790569739,45.5763489764564 26.1676738195221,45.5683138999232 26.1704547958454,45.5624111316565 26.1797594977759,45.5745940762935 26.1751494800344,45.5767315777575 26.1755611374115,45.5815729536682 26.1789880550119,45.5873302114812 26.177781774329,45.5947648512192 26.1843950410968,45.595518034657 26.1854492482934,45.6083088027354 26.2089554281173,45.6164139521969 26.2103747030598,45.6206846920258 26.2192835849164,45.6220711102054 26.2346709868563,45.6220987942321 26.2470865453178,45.6248617740781 26.2473398432226,45.6214023070825 26.2553148751517,45.6169001834595 26.2495194228217,45.6110639968138 26.2505824983071,45.6035549543554 26.2530477157445,45.6007342549376 26.2640728596354,45.5972435437856 26.2759020840859,45.5913549943851 26.2816791270494,45.5857866304706 26.2852518598056,45.5937444560746 26.2956634223183,45.5979961108251 26.2980974153326,45.6035567147119 26.3037950295204,45.6066992505085 26.3103137539634,45.6065734287143 26.3165904513859,45.6152756948049 26.3177698712145,45.6207719650093 26.3261954823674,45.6247057968392 26.3300947562541,45.6377537221149 26.3269163132853,45.6404018896121 26.3241968812837,45.6491341192788 26.329749025796,45.6585366924003 26.334513148828,45.6767015475933 26.3321513671201,45.6842051301682 26.3365362115532,45.6867512755061 26.3366189388665,45.6919704616281 26.3418863122452,45.7001632013027 26.3458445157522,45.7023922370675 26.3503349555329,45.7036141932817 26.3582800362176,45.7143936987802 26.3539303817359,45.7173908179226 26.3538999388822,45.7210354956322 26.3648463255218,45.7227160252297 26.3681718886509,45.7291430400706 26.3715287508832,45.7340446994745 26.3789840706206,45.733856076427 26.3845336152339,45.7362272425963 26.3816753937749,45.7426595510011 26.3807388416586,45.7497506261892 26.3893835911092,45.7667684707629 26.3833313034507,45.7826929992467 26.3861469354185,45.7947744791509 26.3921165938096,45.8023979748552 26.3847023929601,45.8060203438768 26.3820907861455,45.8137589725 26.3749367161052,45.8209109385358 26.3781019560114,45.8267709611435 26.3771894032599,45.8363640579498 26.3710070475494,45.843369261741 26.372287064304,45.8495387994093 26.3733387671612,45.8556205355058 26.3769482652146,45.8601437788581 26.3810746855459,45.8625628662113 26.3879894126275,45.8735936988264 26.3855902924758,45.88276754961 26.3770059829964,45.8894353966226 26.3790544705749,45.8948545094435 26.3756968565455,45.9070789301031 26.3820776837404,45.9112643816429 26.3813387771143,45.9155274595449 26.385633971307,45.9186573127431 26.3943265561808,45.9206994993527 26.3900131221332,45.9277639493813 26.3923405578618,45.9337887018834 26.3872311824603,45.9408636758108 26.3919054187932,45.9480110123643 26.3892384836723,45.9545856615352 26.3956886608834,45.9614101857449 26.3972838968548,45.9652820851541 26.4072116474115,45.9719216439973 26.4186177685087,45.9762375231519 26.4251346361977,45.9819839238261 26.4377621836809,45.9893496048038 26.4381266474293,45.9931719074847 26.4319300815842,46.0002207644012 26.434592503318,46.0065844001256 26.44531244818,46.016691708752 26.4403646278276,46.0235032551862 26.4375590871537,46.035426674769 26.4400068590846,46.0388861610303 26.4378732563395,46.0535807232187 26.4327641346404,46.0584410385774 26.4322974224229,46.0631758800206 26.4251188243015,46.0669634820859 26.4275891262578,46.0756352867664 26.4306518626854,46.0780175863502 26.4204411754246,46.0830150845902 26.4086020147574,46.0911466255836 26.4075641083014,46.1036860050401 26.3932653864841,46.1010056159957 26.3837784133342,46.1027417297958 26.376303813712,46.1067493351922 26.3719451235542,46.1085700867954 26.3675428950678,46.1181469803839 26.3775203052114,46.1240973555535 26.3793128682025,46.1276919608032 26.3857630867854,46.1287379312863 26.3895561626929,46.1329879654281 26.3877174404929,46.1378015753449 26.3837279828937,46.1388498975 26.3853485888301,46.1450185165746 26.3752016988495,46.1458057287767 26.3590047650452,46.1406386786824 26.3547087317725,46.1416149355544 26.343027410807,46.1377082644775 26.3477320474377,46.1527055981646 26.3447307032657,46.155724840635 26.347475602066,46.1615698062382 26.3436316300003,46.1668530961118 26.3343948602497,46.1752066425341 26.3310204925578,46.1859564075296 26.3332842991974,46.195835481269 26.341466823671,46.2009737752749 26.3380408836103,46.2153168961019 26.3341308500999,46.2183147303138 26.3249484226956,46.2311761120184 26.3098256700876,46.2389546464079 26.2848696087057,46.2456815211899 26.2748769635249,46.2468925684035 26.2634600958895,46.2463489224549 26.2586804567061,46.2500270040343 26.2604756207915,46.2583376700782 26.2581395171767,46.2643872115209 26.2534053980298,46.2666288683406 26.2533552806474,46.2771325207373 26.2626239423356,46.2799089548046 26.2686003205048,46.2866706464678 26.2743671099859,46.2873514674627 26.2712326247554,46.2929211240415 26.2721719177325,46.2964447963084 26.2786471872767,46.2993141141958 26.2810155607701,46.3133793764091 26.2838314267559,46.3214383364597 26.288265582215,46.3234712314918 26.2928520102188,46.3342424392325 26.2885264956658,46.3375613340526 26.2826540755596,46.3381503302954 26.2709114104314,46.3448981543335 26.2571504816519,46.341114709753 26.2446554766995,46.3399932670636 26.2421170857381,46.3358651117508 26.2354820382976,46.3348873388102 26.2317036158643,46.3253174595131 26.2244346111357,46.3166374206611 26.2084503658674,46.3119085227252 26.2009223672726,46.3109137521895 26.1909727203719,46.3124117834879 26.1773175320954,46.3106752238187 26.1628647213207,46.3164171066231 26.1561008919662,46.3151696389039 26.150681667246,46.3216322142573 26.1492643920286,46.3290390544743 26.1549443279978,46.3399705489716 26.1644047765486,46.3471272722494 26.1666554814469,46.354860161018 26.1635298255094,46.3619179968585 26.1668329869105,46.3692836625167 26.1635284490436,46.3728826387601 26.1626798676316,46.3808151717351 26.1597176783768,46.3858193425082 26.149261364688,46.3887257592513 26.1465480274319,46.39118650929 26.1266109556861,46.3975957037404 26.1185961165528,46.3974238817429 26.1094840205583,46.4005746726622 26.0999126231943,46.4013806338133 26.0853350766953,46.3993427988279 26.0619196464618,46.4007021200809 26.0563967920684,46.4035534140635 26.0618245377022,46.4113312963862 26.0469059613334,46.4165818232722 26.0331858291271,46.416751917281 26.0299680248662,46.4101263077525 26.0249153592494,46.4149109424014 26.0205179585454,46.4142692038401 26.0196540148193,46.4091665629806 26.0098961839253,46.4124613069962 26.0035246419309,46.4063653742058 25.9952591248307,46.4067586650121 26.0002037443809,46.4136173844896 25.9971572043394,46.4200741679399 26.0036192966669,46.4230500169152 26.0019957831866,46.4273111106441 25.9947980049222,46.4327588227413 25.987193238177,46.4391165156045 26.005827765579,46.4448507005251 26.0045211073778,46.4529693984562 26.0079275940962,46.4586107537572 26.0154315891023,46.4600057322412 26.0152196192603,46.4646428266874 26.0115956530788,46.4692237307957 26.0166842154282,46.4727939154215 26.0165128326103,46.4775620749977 26.0066529584218,46.4816500620418 26.0180323980024,46.491871041581 26.0341173855822,46.4912005271186 26.0473658462198,46.4922380483382 26.0584042788697,46.494168677594 26.0640841927687,46.487489096116 26.074610258231,46.484536634436 26.0816467170081,46.5075414092901 26.0832264619267,46.5124738781661 26.0746334900649,46.5224341322332 26.0737944937014,46.5257342480336 26.0614537633927,46.5256594615646 26.0572200633851,46.5289803586378 26.0482122279487,46.5319617488011 26.0350729381398,46.5446520671646 26.0405328814589,46.5504263952614 26.0391956278002,46.5556658042799 26.0323215852079,46.5590728326239 26.0312474476749,46.5675129001288 26.0335793672727,46.5703597537414 26.0260686728692,46.5772619404485 26.0217593397839,46.5885336251798 26.0121760917062,46.5900090533352 26.0099373046625,46.5937189812489 26.0035478182017,46.5966223204391 25.9983277472792,46.6018238605375 25.9970784804337,46.6090334268071 25.9904778804336,46.6161110966355 25.992883172611,46.6228905604909 25.9995377375769,46.6249066717688 26.007455270955,46.6352742390996 26.0194299721711,46.6343316095058 26.0123615691686,46.6447272884216 26.0077399084889,46.6484004481894 26.0064704016933,46.6597201097539 26.0001315835462,46.6633389793382 25.9993967459713,46.666423221521 25.992126288065,46.674007777367 25.9810519563346,46.6801698531835 25.9745872547725,46.6894985418586 25.9751780237235,46.6973255330403 25.9615900801005,46.6990716299474 25.9549682406269,46.6952287118791 25.9478043647554,46.698919305904 25.9317774957375,46.7024123084227 25.9170155930929,46.7003166817895 25.9083130608384,46.7008611516257 25.9040347336329,46.7040272604931 25.8912741870571,46.6992320558998 25.8894215306612,46.6931919271345 25.8838662626024,46.6886942041963 25.8860740074407,46.6832849972521 25.8953327780311,46.6756063634625 25.8980530246526,46.6704549941112 25.9033111817328,46.6677342291418 25.9029861252953,46.6643590563119 25.908612488438,46.6561155488487 25.9015393932554,46.6493479376082 25.8884844128019,46.6481088037527 25.8771668883587,46.6508714463381 25.8673909312166,46.6494316514521 25.8620084704842,46.6552481774937 25.8604296678204,46.6600932246189 25.854186063541,46.6639926974086 25.8483198983115,46.6709887581698 25.842076521574,46.672281662626 25.8374153605544,46.6767920830899 25.8356283777307,46.6827145895864 25.8289095524646,46.6857378627921 25.8130577244359,46.6981374259255 25.8043533396651,46.7067767054496 25.795297595624,46.7199002868908 25.7997483760298,46.7281983033411 25.8072075513482,46.7373937584401 25.8035666251187,46.7414108213278 25.8046035422157,46.7523988771519 25.8031351384477,46.7610808445114 25.8050297981962,46.7649329417247 25.8002148255638,46.768100476773 25.8010464757704,46.7726354445856 25.8063018274179,46.7763394013452 25.8086216738745,46.785790480162 25.8088218387311,46.7928978394256 25.8009198100971,46.8000598122063 25.8069735039673,46.8051884237946 25.7946832360652,46.8108048833342 25.7851615598958,46.8127543012642 25.7799123533185,46.8248761163645 25.7828114166308,46.8337763390066 25.7940655912966,46.8330726848431 25.8048100993751,46.840620619774 25.792860227126,46.8482928805759 25.7822732983607,46.8511636856294 25.7794389611737,46.8504512333998 25.7800897318858,46.843446878833 25.7837972110073,46.8416088223851 25.7794740818954,46.8342397405485 25.7721260739009,46.8345780864962 25.7624482694972,46.841232288958 25.7628420033258,46.8460645549211 25.7749021162685,46.8532472816265 25.781431994617,46.863520233012 25.7801670118321,46.8653579437511 25.7810821980594,46.8685942753733 25.775284037607,46.8710693545177 25.7668972595853,46.8803205965958 25.7653985280139,46.8844669889493 25.7708081005093,46.8877925719256 25.7898938503443,46.9074798553823 25.7957305062868,46.9096785780634 25.8014819907597,46.915265037361 25.8009829384418,46.9260868859245 25.8037193705848,46.9290045850066 25.8132626198027,46.9271266659288 25.8231900073427,46.9235005004106 25.8392616147778,46.9234903431538 25.8421005246856,46.9204174885038 25.855845136051,46.9207930526373 25.8619853631113,46.9233976121736 25.8543351564654,46.9242587623921 25.8519650348062,46.9316972628123 25.8424015854373,46.9431651337976 25.8422470570336,46.9518241681444 25.8384052026735,46.9622835891909 25.8287713642259,46.972332694073 25.8201321983747,46.9764881110862 25.8059290927889,46.9649711274739 25.8016624436888,46.9675633174552 25.7931398259882,46.9787986358995 25.7905044507175,46.9863451645471 25.7897693044122,46.9964262529581 25.7807519223354,47.0080553292531 25.7732855740525,47.0120106002346 25.7691813938117,47.017427453381 25.7730485712698,47.0244374357945 25.7694355216026,47.0352601617689 25.7628220033887,47.0399514753843 25.7483364187786,47.0471858610769 25.7424644293838,47.0544667647087 25.7393178738499,47.0700047626348 25.7331915773902,47.0741069543371 25.7141857798374,47.0772806853007 25.7095287759071,47.0815279211579 25.7045666206303,47.0796810410061 25.6909744427093,47.084817152496 25.6817154756902,47.0859721694269 25.6770657192382,47.08961460794 25.664718229658,47.0887375951136 25.6615987306294,47.0916615234499 25.6521517457424,47.0872260031115 25.6403836895082,47.0931967213602 25.6302484048233,47.0949538419381 25.6212605559913,47.0937266294403 25.6193647088283,47.0892401199693 25.6131828615427,47.0834718817713 25.6015955557394,47.0773388674812 25.5897751290872,47.0796667675268 25.5744154973415,47.0846980439615 25.5613456769133,47.0835545405294 25.5523473669842,47.0812456429727 25.5398195581574,47.0822404834834 25.5319716027146,47.0867476373515 25.5313796535415,47.0971982512342 25.5274098310371,47.1000671668159 25.5268176786991,47.1053040482563 25.5303004910231,47.1105303937949 25.5248767333024,47.1152944103886 25.5167333541311,47.1189965295804 25.5089957366026,47.1168669294062 25.4983989701371,47.1228719934457 25.4945820702567,47.1286369317338 25.4874768416872,47.1306052045655 25.4807843033683,47.1347204768365 25.4735544878429,47.1362973310584 25.4712952369664,47.1397853777107 25.4566764368529,47.1454810691899 25.4456218229087,47.1532623587413 25.4405924222482,47.1597956067289 25.4254037638077,47.1712877776289 25.4276765436207,47.1805953884793 25.4251445679764,47.1838572752497 25.413511862456,47.1827742197278 25.4039252950599,47.1784765732816 25.3994261832204,47.1808013479987 25.3849856931045,47.1798789732394 25.3734103444321,47.1753296357384 25.3590646279765,47.1796994460884 25.3521040672286,47.174648489175 25.3318878972014,47.1700863331016 25.3246513206044,47.1659861205315 25.3164281161895,47.1648572997164 25.3070006477741,47.1656803992597 25.2944077462949,47.1558736354175 25.2960987141676,47.1483550698119 25.2921633905248,47.1434957284341 25.2872302542825,47.1332339912867 25.2970120219052,47.1206698347434 25.2962457186735,47.1157283010141 25.2793656029344,47.1036886494736 25.264013915837,47.1035817698332 25.2515178556704,47.0978211274714 25.2467242131762,47.0979337454741 25.2410606196256,47.0968038621827 25.2333654125407,47.0983122506514 25.2251330371971,47.1086235571899 25.2108629370856,47.1121165053829 25.2000260459746,47.1135538590147 25.190927104565,47.1198318929757 25.1823088078432,47.1279581815164 25.1733720684811,47.1305042447704 25.1643098298042,47.1296551392114 25.1571547503262,47.1223994436956 25.150735519894,47.11905620713 25.1444386290247,47.1133227665168 25.1376049474601,47.1168209535068 25.1290143517113,47.1182027127594 25.1222319191769,47.1218880606577 25.1093440418655,47.1196295534316 25.093838459845,47.1206522900864 25.0833639691318,47.1265380778894 25.0790032197887,47.1262985906527 25.0710912226736,47.1344719425934 25.0633955282021,47.1365530625445 25.0659532505406,47.1431136108228 25.0577351380489,47.1503253194368 25.0665244278005,47.1648934410881 25.0646556598036,47.1755027810299 25.061501802747,47.184482806241 25.0566267411811,47.1880159128484 25.0560948605581,47.1931280739576 25.0590899447471,47.1991268531469 25.0442740682395,47.2160913650795 25.0593018817432,47.2344984618134 25.0748669472932,47.246180349156 25.079599455043,47.2586405626299 25.0695256382344,47.2609713037893 25.0513484372717,47.2702351112331 25.03839749451,47.283011811058 25.028074003499,47.2866699089699 25.0333201233083,47.2927962706367 25.0452932689397,47.3000611714636 25.047644140909,47.3037375827591 25.0583261524495,47.3043920477592 25.0622112613896,47.3097244587162 25.0763773797092,47.3108980674658 25.0786743480792,47.314965645488 25.0749868036769,47.3198286997946 25.0759101858693,47.3249854881517 25.0730323304751,47.3282194197578 25.0728730022324,47.3350352910503 25.0764454304722,47.3412268810609 25.0722546503223,47.3420716904794 25.0623314994157,47.3491003508111 25.0605801767808,47.3535621154195 25.064274907544,47.3663956665308 25.0691328456483,47.3690817077155 25.0626465023211,47.3791969169108 25.0506122544708,47.3774990952648 25.0399735403563,47.3804445140517 25.0347212162066,47.3849762910933 25.035770143394,47.3915143136364 25.0268815226931,47.3968412645458 25.0192531687611,47.4045509668747 25.0069872711671,47.4100685384751 25.0034093683611,47.4131352617633 24.996166876315,47.4132090230052 24.9913147430338,47.4180588621232 24.9856081458329,47.4180773981394 24.982845358463,47.4240357288425 24.986492921482,47.4246078850729 24.9946311283888,47.4200701284702 24.999469433579,47.4202163261365 25.0121185202034,47.4283877761732 25.014651639576,47.4334342366932 25.0267096860563,47.4358131517789 25.0324769626369,47.4332816424627 25.050040073479,47.4183606874281 25.0582874659102,47.4165480101638 25.0590920329398,47.4207827880711 25.050937948421,47.4240941048744 25.0523813386597,47.4310201772968 25.0615499614149,47.4334481002192 25.0623127869488,47.4369515031706 25.0734749061169,47.436897807038 25.0779546020654,47.4384542896743 25.0888989627972,47.4466608184397 25.0816229113129,47.4538573231322 25.0702373245837,47.4503626176401 25.0633382141809,47.4546821046018 25.060024626945,47.4626833790831 25.0560868587839,47.4667558978084 25.046993985055,47.4702347205074 25.0453739121811,47.4810462268467 25.0521075998884,47.4807981167429 25.0700861768404,47.4872824046919 25.0727616366026,47.4931142429293 25.0804269205279,47.4963674759712 25.0937965981268,47.5039776582431 25.0935534821218,47.5103314107924 25.0950462000871,47.5158565660307 25.0918115161309,47.5198965379456 25.0813587316775,47.526151454898 25.0664972941525,47.530355999773 25.0610063158728,47.5369536174574 25.0558763029564,47.5480536417327 25.0565752887509,47.5525125609746 25.051962083862,47.5604572068524 25.044522090728,47.5598958604465 25.0364264624737,47.5615665377036 25.0189721296834,47.5680917295776 25.0077833543341,47.5688411130693 25.0009420267215,47.5758982853262 24.9942115018922,47.5771924956282 24.9902013077938,47.5856772449969 24.9831317249446,47.5873487837443 24.9749358607221,47.5925244540528 24.9608486565727,47.5968678476729 24.9588485268301,47.6033918333829 24.9585697199568,47.6151931160576 24.9642100261632,47.6162145414246 24.9742394232065,47.6136787329598 24.984295443488,47.6203758877014 24.9905356828823,47.6202083720822 24.9932037377821,47.6251674810096 24.9984033739115,47.6261131006597 25.009752514672,47.6329467233909 25.0242324580469,47.6338788902674 25.0326690309856,47.6378787937014 25.0530741627614,47.6414139823707 25.0563776175978,47.6478653885532 25.0554946769775,47.6544490856828 25.0505250135076,47.6591182329991 25.0440965654496,47.6593233079047 25.0383626095238,47.6641216432157 25.0221628719631,47.6663953292325 25.0172126132742,47.6744446651008 25.0075980452229,47.6766818745276 25.000727352026,47.6829666882919 24.9961291728511,47.6839891934874 24.9820325563496,47.6947905499433 24.974695050496,47.6991820168671 24.9595557778568,47.7056380744231 24.9520560395481,47.705796668665 24.9537287956663,47.7118191213544 24.9479248345532,47.7171900230607 24.9471117359132,47.7291414778658 24.9834324625418,47.729487482714 24.9965540909066,47.7251966699568 25.006953568583,47.7343695455237 25.0167131941898,47.7309871017267 25.0263027330192,47.7309610579174 25.0293461678868,47.7278368199438 25.0401096173939,47.7254193858786 25.0425522215502,47.731425134347 25.0501876794707,47.7397022314937 25.0544336141257,47.7460559821461 25.0630086667084,47.7405365329551 25.0767281991988,47.745490659664 25.082488670356,47.7452260774938 25.0887811578427,47.7489481804737 25.0979883038829,47.7493164891788 25.1031648891384,47.7529153437358 25.1156111268651,47.7548412629635 25.1160968660941,47.7676807563842 25.1328777439467,47.7805178431703 25.1417507003099,47.7857707749128 25.1488379822403,47.7920469400039 25.1532754168182,47.7891957618743 25.1657908560331,47.7907297320838 25.1708520105069,47.7965685936337 25.1701819061845,47.8049808932076 25.1668686777607,47.8089571291879 25.1775284492268,47.8141251979784 25.1807625960812,47.8214483492224 25.1799829056964,47.8253510908234 25.1965885653206,47.8341900266415 25.2024722343932,47.8401784659025 25.201975180294,47.8430949840158 25.2013193205178,47.8496010786198 25.2067329801291,47.8537705756217 25.2219582705447,47.8586763735378 25.2223275212596,47.8697629824737 25.2248510406632,47.8728996499142 25.2225160997658,47.8794895562238 25.2294615411618,47.8924379190967 25.2378378781009,47.8953316313269 25.2448728423331,47.8931863694874 25.2518662073648,47.8950793296769 25.2582788366283,47.8919730867288 25.2624498579345,47.8938117411711 25.2698209248785,47.8923787817172 25.3108988866998,47.9143445373959 25.3259432450811,47.9136267535858 25.3422650371691,47.9143711977073 25.3467139484736,47.9160151132404 25.4000321315737,47.9215645922125 25.4552779183031,47.9277108996771 25.5013666472976,47.932819215316 25.5808971120167,47.9377157436229 25.5923236274169,47.9384477513312 25.625542758875,47.9487952201815 25.6561779282549,47.9494036097684 25.6861100646961,47.9440198483056 25.6982387101519,47.9454098702804 25.7171317421774,47.9408553173949 25.7206075697477,47.9443908507994 25.7333431346221,47.945678147545 25.7393566937164,47.9416415482961 25.7746454499993,47.9393895253389 25.795057110022,47.9452162097287 25.8117008701403,47.9515120926006 25.8186848303528,47.9540892755001 25.8259550933911,47.9638952428662 25.8374875655931,47.9671979350645 25.8612791269074,47.9702154703144 25.8800363903071,47.963077791678 25.8918818300188,47.9612181739217 25.9006906159016,47.9632598369318 25.9078798902697,47.9649062674688 25.9146724042053,47.9773948471913 25.9241260324767,47.9774058901981 25.9404547690043,47.9758459050612 25.9519840036021,47.9708563909191 25.9752670391889,47.9753412335406 26.0302015667092,47.9833557297815 26.0611372150846,47.988019716936 26.0726814928205,47.9858641834553 26.0988323437314,47.9788191093172 26.1009781426235,47.9782561076388 26.1171014686687,47.981821852897 26.1265617325128,47.9878113605878 26.1374060376329,47.9841773109295 26.1441224537448,47.9860142719571 26.1709688137808,47.9908134443545 26.188058810448,47.995484519195 26.199195957937,48.0080238377256 26.2079660596612,48.0289008841983 26.2121113219481,48.0507857049854 26.2185456652598,48.0545877769925 26.2319136880788,48.0613874905923 26.2608351918037,48.0744363961688 26.2668694666725,48.0765109144474 26.2754284521394,48.0861558548287 26.2778318851003,48.0952280214117 26.2824188635534,48.1007644384137 26.2848459195668,48.1132642135407 26.287333219129,48.1184488293445 26.2980056043155,48.1336903361504 26.3070719695215,48.1414164459028 26.3165416908953,48.1486155293985 26.3279743076164,48.1530110450828 26.3342398020472,48.159406779817 26.3337264157054,48.1667992297413 26.3278560383175,48.1762201083252 26.3345214101172,48.1842434620348 26.3488452937922,48.1832704796709 26.3518134024145,48.191525450886 26.3574986907783,48.1849333543512 26.3616155048618,48.1857791354321 26.3701725391092,48.1917602992228 26.3710130473056,48.1957266262264 26.3778349361489,48.1987286432106 26.3860322893835,48.1946769263959 26.3791603716928,48.1887815596383 26.3868435162323,48.1869643943599 26.3933354723138,48.1895704969264 26.4008885225913,48.1887843868029 26.4162975577159,48.19673331853 26.4204588491099,48.2015317354044 26.4250870007049,48.2000446530232 26.4380979719089,48.1942804583413 26.4384054475369,48.1985385950609 26.4321798422318,48.2000400320675 26.4352333082433,48.2045469815579 26.4470289242167,48.2038407617753 26.4560257293308,48.2059583253533 26.4605731970935,48.2099400613299 26.4567503450437,48.213710490054 26.4674353852521,48.2161610124244 26.472278285623,48.2202342669491 26.4775382448228,48.2159998575435 26.4855028423074,48.2157337917252 26.4944917579699,48.2183697468986 26.5072908566879,48.2149052865563 26.5183300687592,48.211346563131 26.5237714424414,48.2137501801643 26.5300790894144,48.2099813800559 26.5394367475193,48.2146074428954 26.5499371939853,48.2165369475493 26.5478629672665,48.2222862866012 26.5497148220899,48.2251002674524 26.5699188027302,48.2194475231839 26.5731098634188,48.22356587786 26.5690158633716,48.230082322221 26.5713280788991,48.23831585452 26.5781845178867,48.2439822064778 26.589704632411,48.2458458486676 26.5981710460633,48.2384390257599 26.6103211959262,48.2400671446482 26.6210046026377,48.2411374588279 26.614816405252,48.2490798378109 26.6207611976485,48.2512863067996 26.6291382181155,48.2474782371204 26.630893139045,48.2525490145523 26.6305186355171,48.2601396154172 26.6364437361855,48.2618796356128 26.6443088264269,48.2557698567959 26.6456901052216,48.2524464670161 26.6529109241406,48.2543671654187 26.6611691518779,48.264290047293 26.6658108452836,48.2619688806603 26.6660227411941,48.2575235443296 26.6628043755285,48.2529939711507 26.6678441697339,48.2467297553797 26.6839853376675,48.2495844230054 26.6919774242126,48.2544119750233 26.6957998214041,48.2632330702476 26.7045107710132,48.2634337089072 26.7084396634116,48.2529637711987 26.7212361608544,48.2463538447157 26.7292991763864,48.2465498229963 26.7318679908172,48.2502765858047 26.726337589331,48.2567884511461 26.7319676546101,48.2582230506711 26.7419292845206,48.2547814403293 26.7424574201171,48.2528564921375 26.7336020641329,48.2463833653026 26.7405333234046,48.2451259188718 26.7533222175159,48.2482959702648 26.7566457964854,48.2475838971114 26.7669901457535,48.2482320342025 26.7816173096476,48.2431490880567 26.7855657291588,48.2447830698029 26.7884735172328,48.2502076923439 26.7988175795971,48.2503592395906 26.8064977710226,48.2544869579102 26.8158206832641,48.2489266950383 26.8170486890065,48.2458656229536 26.8265768979042,48.24425153564 26.8294570335064,48.2350449304788 26.8290702871826,48.2302756248963 26.8338750196695,48.2260304879218 26.8421480238227,48.2284481933672 26.8459760819327,48.2323357327556 26.8517524080481,48.2341116844906 26.8559296228163,48.2310108167752 26.8607486401034,48.2181310540116 26.8734003375888,48.211088129546 26.8842321164998,48.2024222337219 26.8884174756216,48.2008714893611 26.9038002400701,48.2021770243677 26.9087754108692,48.1991975224228 26.90218429602,48.1943352359494 26.8939514351071,48.1937122136787 26.8933227821555,48.1885437007816 26.9012976783444,48.1819618035505 26.9089090353398,48.1798506217401 26.9189645975118,48.1811852851671 26.9210658144872,48.1836400046616 26.9131809097719,48.1970169509773 26.9149550444562,48.1990047625817 26.9303796416992,48.1998754091417 26.942394584977,48.1964758539632 26.9501124478491,48.1872852167783 26.945727410746,48.1793772788288 26.9331470799815,48.1710990477988 26.9359021029802,48.1634544015722 26.9460471110094,48.1602836835798 26.9695568010224,48.1617977592396 26.9855511309532,48.1568998424868 26.9917222506341,48.1497676907792 26.9900088486773,48.1468928603162 26.9812764074437,48.143737768764 26.9678735259857,48.1472620608516 26.9591098610322,48.152060463886 26.95137053305,48.1494550172335 26.9510353155012,48.1444422984622 26.9563522977605,48.1350998556827 26.9641937853737,48.1312933895895 26.9678511897588,48.1295206606434 26.9816614827677,48.129384688298 26.9884261177725,48.1276633282417 26.9972844361859,48.1226194928124 27.004309645667,48.1227657886687 27.0168038614773,48.1367600662652 27.0210567310564,48.1385470475237 27.0290177287956,48.1362914121993 27.0229564365284,48.125421819569 27.029905690122,48.1246114445501 27.0348555252708,48.1296829347403 27.0395691595673,48.1282339918796 27.0337179508092,48.115348124501 27.0403437575072,48.1067976113881 27.0370523180622,48.0979731878745 27.0268789989657,48.0925533871977 27.0279583582905,48.0872064500983 27.0413684579894,48.0821809517134 27.0427850338634,48.0804877328334 27.0432521412038,48.0722489329464 27.0460221066306,48.0687176606749 27.0585121917713,48.0636586210232 27.0754163261354,48.054346136643 27.0813967389158,48.0494694388566 27.0837542039071,48.0449703326656 27.0821990361835,48.037679701837 27.0849439577474,48.0343068790011 27.0921576525136,48.0328742851992 27.1026678063416,48.0338042043935 27.1086900842269,48.0288309029257 27.0920176045127,48.0217340371616 27.0895287716331,48.009742619315 27.0918771251949,48.0068328886566 27.0987451889232,48.0056076020028 27.1152987514734,48.0149400941376 27.1234085899697,48.0161623815339 27.1304267538194,48.0115442078929 27.1208946399553,48.0046558244577 27.116814184696,48.0000265488826 27.1234093336113,47.9931991554392 27.1350572470329,47.9913506627518 27.166146148684,47.99488663453 27.1591306895594,47.9867274384361 27.153203326693,47.971567245655 27.1413737616412,47.9669597565207 27.1540219119757,47.9609053746808 27.1655555897846,47.9554194100999 27.1781660761201,47.946860786035 27.1508375502662,47.9213196555612 27.1999433609027,47.9018440257362 27.2089893608753,47.849419513051 27.2299398852567,47.8385910329583 27.2425334011826,47.8377839358342 27.2477792866678,47.8350234514577 27.2457600024217,47.8295372262336 27.2325247454784,47.8249198974218 27.2270455481191,47.8304612825892 27.2228191901198,47.8316686645342 27.215932649316,47.8256847109706 27.2146402044764,47.8209979861425 27.2207432067143,47.814780740348 27.2407868142321,47.8162374856042 27.2410504112533,47.8121371883551 27.2307882025,47.8062538076913 27.2309543671064,47.7998502644826 27.2487090933169,47.7946912092111 27.2501949144121,47.7867860023535 27.2539415538116,47.7847124263222 27.2542498429627,47.7785844329752 27.2650686701458,47.7809807500781 27.267911717814,47.7679997189412 27.2646421489112,47.7638250208584 27.2674112430027,47.760223470226 27.2789542805869,47.7645703763186 27.2853081678392,47.7575945095346 27.2796691861729,47.7508031971467 27.2836054437266,47.7486861046408 27.2969060072507,47.7521296899094 27.2952202554062,47.7462615633813 27.2859606218166,47.744585766369 27.2806732871995,47.7358899734045 27.286094453654,47.7300564961631 27.2933810862458,47.7291745580882 27.2925174874063,47.7232624244362 27.2841109626287,47.7239634482891 27.2796698652683,47.7280718546314 27.2673481520168,47.7276467676052 27.2667737500275,47.7325404445248 27.2599577581339,47.7305694522784 27.2552955357999,47.7222074493968 27.2500481485237,47.7195289388737 27.2593822555942,47.7140558917946 27.2659923683787,47.7127666754856 27.2689213221859,47.7083088944109 27.2679537641644,47.7038649150936 27.2708725795596,47.6998572633895 27.282753124884,47.6996169153608 27.2774105981133,47.6918360829451 27.273438056823,47.6896510489276 27.2843584246571,47.6826107043514 27.2966420181166,47.6798100907482 27.296714382795,47.6733426374156 27.2940161975741,47.6682631774017 27.294806295348,47.6624115671918 27.3046551088267,47.6624042921619 27.3127148606438,47.6540476102951 27.3152657078644,47.6482348859194 27.3144904462728,47.6436252899888 27.322661761331,47.6386902020111 27.3312976243725,47.6291700476668 27.3396321632862,47.6253784193463 27.3586687878633,47.620881414313 27.3627044253196,47.6181321024688 27.3637839165403,47.6124528729409 27.3709241723551,47.5997465012459 27.3802802138309,47.5933535004967 27.391388382235,47.5894854045932 27.4046761713816,47.5829137574795 27.4110500399698,47.5825792599919 27.424706835801,47.5841310893702 27.4286592440807,47.5805500206552 27.4166474218385,47.5713783506405 27.4217598493184,47.5629443970512 27.4329700176448,47.5619720640741 27.4240665842835,47.5552801373938 27.425262593741,47.5530986561975 27.4366308367044,47.5509869802602 27.4320603229017,47.5434050499908 27.4395747053754,47.5407439153122 27.444307018857,47.5356590455003 27.4529367676244,47.5371208480862 27.4559103795034,47.5336256587107 27.4461689465424,47.5319994155465 27.4523314713449,47.5214849937484 27.4596032363486,47.5242145862185 27.4554728746392,47.5155724061887 27.4543360250682,47.5077592225955 27.4576710805243,47.504163840959 27.4673734464031,47.499859396628 27.4676986530301,47.4936875561626 27.4720631328859,47.4902792038534 27.4764714867857,47.4849786485691 27.4915894498227,47.4886779041613 27.4915330704496,47.4839484443946 27.4953588117603,47.4793675598994 27.5041738243074,47.4781984518963 27.5071746122769,47.4836270564554 27.5144203135057,47.4909423548722 27.5171886876233,47.4880854394591 27.5128269947528,47.4838209985414 27.5122721513015,47.4766261414991 27.5174395884585,47.4743852331688 27.521297328527,47.4821728497306 27.533204301132,47.4779218054238 27.5361140307352,47.4823520156396 27.5313166468325,47.4845198810305 27.5363155121331,47.4889877934442 27.5408071953154,47.4872502306638 27.5425182493817,47.4779967503518 27.545835931591,47.4744026762486 27.5552177198945,47.470886418931 27.5575441101259,47.4655693394676 27.5645059867492,47.4627947097243 27.5694361866048,47.4654147641286 27.573337131943,47.462625370239 27.5741058914251,47.4575850597965 27.5687721668851,47.4487700888216 27.5575798111078,47.4471535788782 27.5601955787365,47.4370955423331 27.5526062249439,47.4329103859984 27.5556760152531,47.4261191472044 27.56539487984,47.4223834677879 27.5694371833096,47.4253676753208 27.5743397757586,47.4156499448958 27.5739581675006,47.4114080951517 27.5780504835323,47.4076859331846 27.5844395249509,47.4080399857102 27.5827580140369,47.3998139090754 27.5704109245753,47.3955609659358 27.5681900454503,47.3866781162779 27.5696338617613,47.3769982214215 27.5740067903499,47.3679474231871 27.5817861119049,47.3683983932978 27.5895112379293,47.3648071366537 27.597023352327,47.3689614408391 27.6013257233452,47.3667839522412 27.5982229071594,47.355584834676 27.5947010269019,47.3484842051056 27.5992505555164,47.3465578089033 27.6061831700751,47.3492295677793 27.6047972713332,47.3417950630154 27.6078976721305,47.338328108887 27.6148517066428,47.3383359969592 27.5975443045774,47.3290360354499 27.5951140161058,47.3321694898484 27.5871231228363,47.3319805898612 27.5846216046053,47.3268954586357 27.5933627270207,47.3277444393343 27.592694407908,47.3221900315862 27.5970843349724,47.3175555353519 27.602084484912,47.3188951990464 27.5995703032661,47.3237582869083 27.6036608381306,47.3281100795386 27.6088604832071,47.3282137921964 27.610518416869,47.322743993245 27.6163419267195,47.3193758002336 27.6223618602726,47.3258508673901 27.6269647011832,47.3189560473258 27.627917664789,47.3101057700521 27.638186347459,47.3097876265898 27.6332415452993,47.304921566175 27.6342813338292,47.3023471811072 27.6488797281154,47.3003931400465 27.6477635599241,47.3074472347561 27.6620399364518,47.3077516691577 27.6672210320735,47.3039388077172 27.6693921248847,47.3007702837034 27.6762696551767,47.3013626090401 27.6844558679264,47.2969751770934 27.6829888292645,47.2874135222492 27.6883851259278,47.2859692489702 27.692412498358,47.2919243360194 27.7055758966115,47.2893384152925 27.7030037316486,47.2986034496928 27.7085465518347,47.3000642990654 27.7203159427518,47.2934146127544 27.7269292193506,47.2955106992585 27.7326185634735,47.2923781111114 27.7380572225558,47.2849442102597 27.7395600617665,47.2753115176899 27.7482004064173,47.2766926457631 27.7443305126645,47.2648584346513 27.7574926620483,47.2590918296223 27.7567744589322,47.2558656048951 27.7483638339452,47.2579994270684 27.742235409957,47.2568779154117 27.7442394487767,47.2514407337189 27.7520549631586,47.2549983386526 27.7574417192296,47.2495427202108 27.7520466067213,47.2461267104129 27.7449067805243,47.245442260924 27.7459188074466,47.2416294823732 27.7493805369087,47.2385869188512 27.758957318384,47.2378373910429 27.7542163736882,47.2330120904073 27.756565094211,47.2298614995239 27.7732906500752,47.2314915921427 27.7752392077371,47.2285672380028 27.770091032888,47.2211419169156 27.78076157395,47.2208850786349 27.7865307126451,47.2178687222843 27.7857220600848,47.2144502773502 27.7798124718282,47.2098055816768 27.7907243746723,47.2065352497497 27.7876339333396,47.2021794746866 27.7862177333987,47.191692636737 27.7883172412078,47.1891223735463 27.8033869604182,47.1872989896806 27.7989262192982,47.181269826904 27.7961870144428,47.1736806639342 27.7974580921375,47.1693586347083 27.8106076896152,47.162865670208 27.8036260829721,47.1580578166679 27.8017343075634,47.152498298632 27.7903535286163,47.1539247687606 27.7841415647664,47.1497300032398 27.7876036543751,47.1468317606842 27.7955707015708,47.1493479722517 27.7999133774905,47.1445506624605 27.7976101542829,47.1414179366784 27.7840976137026,47.1447164906017 27.7842778331014,47.1407281058324 27.804070321505,47.137691718578 27.8165715347183,47.1380330579251 27.8331346814593,47.1329518815812 27.8427877301999,47.1355405655258 27.8517345348422,47.1278664680947 27.8483974912676,47.1230102836112 27.8443161836341,47.1229064962002 27.8421720100936,47.1289759962859 27.8387610931558,47.1301145288985 27.8338873099063,47.1250000274406 27.8261693536336,47.1213766582682 27.8329313860747,47.11570816466 27.8561078040064,47.1128044370579 27.854275983309,47.1079231667163 27.8610757019204,47.1033343872198 27.8647821059681,47.1082956436719 27.8747498795158,47.1079284861492 27.8741789050946,47.1031988528766 27.8839980184534,47.0985637199939 27.8803275891009,47.091017516525 27.889573136217,47.0902666444192 27.8947561985246,47.0854597502101 27.8969230492737,47.0745859836497 27.9052388293448,47.0769524789782 27.9160671626737,47.0672386265531 27.9228097586141,47.0679170061005 27.9316230681769,47.0621661866221 27.9369423837393,47.0622700995632 27.9569584479209,47.0582405464564 27.9440448382281,47.0506037250709 27.9583065598404,47.0427479158237 27.9693379586728,47.04478021537 27.9760657794402,47.042686749203 27.9776675757246,47.0376861183439 27.9869278989955,47.0345250281477 27.990225991733,47.0381922847956 27.9961254379369,47.0339758753947 27.9944271543697,47.0301053919427 28.0154496279619,47.0235132885376 28.0242701254835,47.0247799487981 28.0287741144382,47.0304813646929 28.0386482000294,47.0278634546802 28.040510481134,47.0214626860686 28.0487069889981,47.0245599820197 28.0537460617594,47.0157354519 28.0426103965028,47.0192621861794 28.0368473561566,47.0173700102988 28.0326136531716,47.0109180620734 28.0400117902609,47.011752760531 28.0430249494601,47.0055906677414 28.0494746427971,47.0016857931336 28.0615242239069,46.9977908129082 28.0749445401262,46.9919420219143 28.0823808670412,46.9898241130108 28.0779391525732,46.9853291304533 28.0846278994068,46.9849005570146 28.0955250336602,46.9793456782894 28.0957874209187,46.9763964370941 28.0862692675311,46.9731823011032 28.0862086341334,46.9662922667542 28.0783318865188,46.963341029331 28.0860025885942,46.9563242931561 28.0931406217913,46.9568245036034 28.0903146490988,46.9511030388941 28.0984201589084,46.948807481581 28.0966447812948,46.9415984616415 28.0843351849597,46.9341254176047 28.1004581313136,46.9332111111589 28.0989865868979,46.92695043336 28.112731627268,46.9222318016434 28.1023361194987,46.9093734871047 28.098431974605,46.9105795576237 28.087018423053,46.9075255193234 28.0832988135868,46.9037929138746 28.0856623914795,46.8969825080528 28.0940892692531,46.8960759604167 28.0975810227013,46.8923869753997 28.1026236235814,46.8960301589496 28.1073264656583,46.8898311377166 28.1142896952509,46.8913583011978 28.1124118611656,46.8822407419168 28.1182696601435,46.8791534019868 28.1095262275454,46.8736185606091 28.1019657339994,46.8737007329532 28.0990707473877,46.8698026691128 28.1110447940943,46.8698477784661 28.1071950030497,46.8660775753486 28.1146308023524,46.8606991113362 28.1231393427155,46.8571422071149 28.1152922921136,46.8471691611488 28.1147106246419,46.8376149708439 28.1159649208204,46.8281514642887 28.1140380039362,46.8222536241584 28.1180016816544,46.8187438938133 28.1255360162356,46.8220650209273 28.1234594230301,46.8138377603193 28.1305067584315,46.8127498883133 28.1277537511505,46.8087201002766 28.1334454288374,46.802816250808 28.1446006867442,46.8021927499022 28.1489217693627,46.7937768614551 28.1545750536965,46.7920459854995 28.159848433191,46.784874737797 28.1699248615742,46.7830395415138 28.1762215854605,46.7784843006115 28.1615803333391,46.7780752074482 28.1672106956039,46.7703747543779 28.1720915756544,46.768560925195 28.1787082230499,46.7695379290637 28.1787255830198,46.7640878587416 28.1731424360683,46.750503724882 28.176335059582,46.7474977440577 28.1820597056485,46.7356479249327 28.1852730849595,46.7336246963359 28.1925943884595,46.7359035720225 28.1954233419881,46.7315738560802 28.1866671759984,46.7257683982839 28.1951469274832,46.7201351278756 28.2089724618852,46.7126995420197 28.2103014515117,46.7074789014988 28.2052034009871,46.6985498321575 28.2147687073372,46.6945541165314 28.2127646153885,46.688020600711 28.2211541266413,46.6899024969263 28.2245657668298,46.6805518330245 28.2238723250529,46.6758384275258 28.2297308431269,46.6734438843626 28.2314747941573,46.6782392587802 28.2398112474051,46.6678203304601 28.2356534376006,46.6672816293883 28.2379485608375,46.6558278074411 28.237568680482,46.6512455718922 28.2430195627732,46.6410063176502 28.2440629693283,46.6343998786208 28.2390967634012,46.629876589218 28.2478476882206,46.6280466982127 28.2513904124243,46.6213143647497 28.2490207042639,46.6158257936137 28.2523355824078,46.6124845068977 28.2447266857157,46.6080445361736 28.2486039580617,46.6051163234575 28.2421782523016,46.6016128385342 28.2382845360499,46.5968568989275 28.2410370261497,46.5920393325215 28.2372647293241,46.5875623504249 28.2369960075063,46.5800555843866 28.2278042716448,46.5806890787381 28.2228354463124,46.5791200538658 28.2252948967948,46.5709769819734 28.2278610625697,46.5685475674474 28.2257603543929,46.5633184372084 28.2330178790355,46.5634067029195 28.2330052614722,46.5573586997345 28.2355630644344,46.552507085902 28.2259530460435,46.5530829265122 28.2209754895569,46.5455270088012 28.2227779972251,46.5435597264933 28.216373456048,46.5390657716633 28.2302968918185,46.5303857152094 28.2286412199954,46.5234404527185 28.219807141446,46.5179221298979 28.2228341196613,46.5116502543017 28.2148435386651,46.5123608383232 28.2092420389431,46.5060827565984 28.2149247811942,46.503156296302 28.2119553080004,46.4988011954099 28.2225308346674,46.5021791507997 28.2232386770233,46.4956344964004 28.230717837497,46.4951078911327 28.2282920542517,46.4894072491317 28.2317658362508,46.48495273963 28.2257453265574,46.478994028799 28.2353208499192,46.4758052623527 28.2412187489135,46.4797333679458 28.2459823619069,46.4765613113635 28.2448222276398,46.469282472481 28.2521461023791,46.4675070459689 28.257557034942,46.4597633416152 28.2491502459256,46.4573493064179 28.2402115317124,46.452578779754 28.2420934214421,46.4474914934936 28.2571024633427,46.4473794506539 28.2609996772353,46.4376379348233 28.254863749418,46.4325770232403 28.2586492719472,46.4271443325122 28.2500757297702,46.4203907536786 28.2484732012588,46.4152276131661 28.240644899589,46.4171754437549 28.2323177821589,46.4165939287896 28.2305190031798,46.4084605782428 28.2386186073886,46.4064611973096 28.2348847820604,46.4034561164418 28.2284577444521,46.4038674282834 28.2265475339952,46.3985796117177 28.2389284542165,46.4003732908644 28.2432263309932,46.3958241175382 28.2353817757131,46.3901810901385 28.2224591638999,46.3936197951691 28.2237354830631,46.3883389526208 28.2180418910033,46.3827834433043 28.2103015690964,46.3780670212293 28.2081950923784,46.3726743978759 28.2009399259947,46.3743893133284 28.1982761947494,46.369706417382 28.2031178076041,46.3568395884518 28.1908480262707,46.357199999586 28.1924288698223,46.3492585604584 28.184035350878,46.353279474754 28.1882768013503,46.3448645393162 28.1979229612974,46.3457013589002 28.1958477635516,46.340069612526 28.1972153987343,46.3350296937022 28.1888449866192,46.337295278603 28.1849215221028,46.3323461825905 28.1920155464464,46.3304004571037 28.1871219918672,46.3261416548582 28.1948373938153,46.3236291326389 28.2070567571564,46.3177127018632 28.2037185160877,46.3119523018652 28.1946821875945,46.3028963703796 28.1872472820654,46.3024649275332 28.1782602943454,46.2975640135324 28.1855408224926,46.2904947373281 28.1730182903543,46.290195265986 28.1695523996119,46.2826502214998 28.1645893046264,46.2865201798163 28.1570365515353,46.2862972064657 28.1540268368594,46.2918156169862 28.1491204549472,46.2904219299454 28.1531815570541,46.2823934995067 28.1523335202823,46.2787120344117 28.1438466708715,46.2793406861208 28.1475999869633,46.2859807647867 28.1426842573093,46.2864151558243 28.1375558548655,46.2825836822218 28.1363916017808,46.2691079254377 28.1337538840967,46.2631121436177 28.1264513170013,46.2619957914417 28.1322710625026,46.256091851543 28.1420474869883,46.2572963397174 28.1462309799346,46.2516864467546 28.1380215518107,46.2479425984324 28.1344128316549,46.2511485924888 28.1227428654751,46.2416517137781 28.1174539374642,46.2393549622783 28.1141379921954,46.246017857105 28.1095620319101,46.2412588534923 28.1117996991365,46.2337708143786 28.1107494600948,46.227533492065 28.1063876247508,46.2217900910025 28.1118874114328,46.2183624317351 28.1078677296196,46.2146115376517 28.1143410973306,46.2103778806895 28.1099921113607,46.2066131602591 28.1165632503246,46.2032482142477 28.1163433373038,46.2106877088611 28.120130729243,46.2122319566329 28.1259304264455,46.2075538045885 28.1232265863688,46.1994416779557 28.1176291162928,46.1956431598729 28.1234781955327,46.1924573351551 28.1351728916164,46.1950122790729 28.1415449333309,46.1911283521082 28.1409835960023,46.1840158126655 28.131002961252,46.185623589061 28.1320808728974,46.1819671073602 28.1439022861163,46.1794733213129 28.1310064319314,46.1738354497435 28.1384858158884,46.1702781048067 28.1427397374883,46.1640964559991 28.1364143796078,46.1622419676164 28.1325165554737,46.1545279616331 28.1278083372452,46.1554851976741 28.1235567559163,46.147706032848 28.1291887671355,46.1442393721117 28.125013954426,46.1375719404246 28.1282901055576,46.131582419234 28.1339292808697,46.1295161666364 28.129279556311,46.1254044778676 28.1247870487462,46.1262343772165 28.1242696000957,46.1116183569823 28.119232051547,46.1126391222651 28.1160757558013,46.1076349859856 28.1196362623683,46.102599924717 28.1090518180048,46.1026896320639 28.1051900249968,46.0900167041205 28.1115670568098,46.0867004438556 28.1070390800885,46.0828620404048 28.0974329256163,46.078481578366 28.08889301964,46.0692207037997 28.1004434755212,46.0646620208841 28.0970789884541,46.0600782262659 28.088820161055,46.0595365131194 28.0937057226448,46.0532108092891 28.1049749648075,46.0525337399953 28.0909440600528,46.0360921213369 28.0875165687273,46.02086963622 28.09506062978,46.0168269842284 28.0948282856256,46.0139465071772 28.0859018333926,46.009123945704 28.0930559373325,46.0019683503016 28.0991339890988,45.9908976711408 28.1051052548248,45.9894360438012 28.1030199969352,45.984029815468 28.105948046596,45.9753766189195 28.1015102657312,45.9726419488209 28.1085102122606,45.9677995627528 28.1053266312585,45.962320005443 28.1106983142064,45.9586425627295 28.1150422002391,45.9528524163298 28.117965477865,45.9452598325256 28.1142231880637,45.9365556793222 28.1207671156159,45.9312849068 28.1253972512976,45.9213784050803 28.1204100063153,45.9183215767209 28.1160033762885,45.9085354010819 28.1196575073382,45.9036272613645 28.1185732072557,45.8997555342396 28.1129855187632,45.8995786966431 28.1126564374388,45.895329172828 28.1165174523353,45.8922759913955 28.1203566984167,45.8835752567112 28.1300271128166,45.8827177983241 28.1282764890273,45.8773618491553 28.1321954114725,45.8758828274999 28.1271505224619,45.8696014880436 28.1276814963641,45.8658316492534 28.1257222853876,45.8628068037443 28.1190308772787,45.8632466377189 28.114029433874,45.8601297454483 28.1058743647908,45.8587770435018 28.1107713581544,45.8509884829855 28.114110779183,45.8492503713713 28.1088945268961,45.8406777359444 28.1125857473241,45.8345464818156 28.1088848276064,45.83108113145 28.1130234219029,45.8208870687066 28.107952982247,45.816946722916 28.1113999726245,45.8146606874332 28.1186025358511,45.8148769646691 28.1211302312448,45.8064267983068 28.1197119644023,45.8020769628321 28.1225554198215,45.7980591618184 28.1193263552333,45.7946648697118 28.1123910574881,45.7948668609263 28.114575205325,45.7900920137471 28.1222354663393,45.7881127281125 28.1266679476037,45.7836023003509 28.1352755610474,45.7783125715019 28.1538000292793,45.782428593359 28.1551325083854,45.7755478789427 28.1496794001459,45.7728302548936 28.1434322163741,45.7603200881264 28.151235744155,45.7526486491668 28.1511010809216,45.7442990116815 28.1573743119366,45.7399742046173 28.1670210666355,45.7359094859496 28.1610946512311,45.7247128867943 28.1667552775685,45.7223582731965 28.164071392531,45.7172517391107 28.1706347368905,45.7101631969318 28.1699587782068,45.7078204105847 28.1605106655438,45.7026027585711 28.1642756019025,45.696460805064 28.1628854877082,45.6913769940057 28.1665616738153,45.6825657160503 28.1714267490887,45.6793380011279 28.1667740790874,45.6664280183805 28.1621130235816,45.6604466696794 28.1659264918755,45.6535067286924 28.1584288002874,45.6501049043101 28.1717031849401,45.6485236314849 28.1741744856908,45.6459279051904 28.1716063377346,45.6406173678379 28.1567577123277,45.6365728482596 28.149557012139,45.626142646408 28.1451512956626,45.6224280557971 28.1386594462346,45.6256893288483 28.1229337763638,45.6222381629715 28.1194915621131,45.6268033300089 28.1127839439829,45.6261770652495 28.109562927763,45.6213320564062 28.1003188466213,45.6185127757156 28.0989307266927,45.615615854457 28.0895262786774,45.6101204133408 28.0884550617138,45.6061428372109 28.0907450448121,45.5999722032779 28.1008462905988,45.5949390593832 28.1054853739718,45.5887635301466 28.1119190899893,45.5868771380607 28.1176824494506,45.5805871315528 28.1173209777587,45.5756650249506 28.1208968430217,45.5723671679279 28.1316591717252,45.5746497135516 28.1349260200109,45.5773523395331 28.1406593048703,45.5759831759852 28.1443029537454,45.56679513252 28.1485344950858,45.5677421715533 28.1503936960096,45.5610897057229 28.1577701954892,45.5613648398832 28.1555445637146,45.554484927034 28.1609028441929,45.547324568379 28.1651063848803,45.5458775125401 28.1648552111942,45.5352720630137 28.166108026709,45.5262734194477 28.1592092749119,45.525668613421 28.1663084297357,45.5186888646213 28.1622982856062,45.5121283115669 28.1641068727404,45.5077647760793 28.162786180335,45.5001823911913 28.1716958541448,45.5011430214784 28.1765596238082,45.4947446638856 28.1787221572515,45.4843980599348 28.1821669221327,45.4825243992821 28.1846160746781,45.4762512149156 28.1880186890142,45.4733681876574 28.2025235897676,45.4704269754946 28.2108001708009,45.4671780847127 28.2232462218129,45.4659027003955 28.2582286276529,45.4569529835138 28.2680004494442,45.4532719621113 28.2795413632932,45.444777820727 28.2867599449755,45.4331588051937 28.2867838030969,45.4259122445472 28.2840075203252,45.4055212164332 28.2854592737458,45.399849686197 28.2935216045608,45.3883415505409 28.2996351627068,45.3820076848957 28.3132604455438,45.3633232451592 28.3191316533436,45.3520897548531 28.3340441266664,45.3330915344211 28.3439109426482,45.3236355047919 28.3499577730853,45.3199118855064 28.3684100972013,45.3144131199946 28.3901961096456,45.3068012120717 28.4102280101669,45.3010631059558 28.4449171058421,45.2895083439814 28.4554818423738,45.2876835898051 28.4929375762721,45.2754654991044 28.5102071727584,45.2688332805252 28.5323757434671,45.2624598910514 28.5610112886147,45.2495971534595 28.5688490708828,45.2482446664454 28.5999130389118,45.2457556159237 28.6328461165457,45.2445187869955 28.6722852188367,45.2364527104522 28.6967182724577,45.2263163336285 28.7104285878925,45.2239995260334 28.718925138816,45.2243548471823 28.7372511035647,45.2299349129419 28.7435938192719,45.2333536714771 28.7615357399629,45.2360356573231 28.7806784451632,45.2374601910288 28.7877040811136,45.2393459049908 28.7924783846936,45.2433590439195 28.792181060564,45.2495958875205 28.7813383676174,45.2572221981267 28.7707172133257,45.2598339134737 28.7621721566775,45.2655987146043 28.7524756336166,45.2790020978008 28.7519146869585,45.2845614760048 28.7569208230647,45.2893477508679 28.7668609054497,45.2913278283742 28.7812670528319,45.2906634968792 28.7934549245402,45.2931995355264 28.8014499413845,45.300864134306 28.8056557654041,45.3089938911473 28.8031363449902,45.3129911720983 28.7865420073094,45.3193891820705 28.7804366468923,45.3232164902009 28.7839072125558,45.3292491331274 28.7939813112649,45.3336496209371 28.8025876741481,45.3359338053058 28.8173320895371,45.3360687059903 28.8240195963704,45.3330972312493 28.8333280304562,45.3243066831775 28.845128323582,45.3180778609191 28.8550385063591,45.3162822362109 28.8674175154765,45.3173546746942 28.8735134358586,45.3162009589339 28.888990520005,45.3045719681868 28.8988644970539,45.2969461347582 28.9140028353784,45.2877315711376 28.9254467766296,45.2825563220596 28.9360152874122,45.2802801224496 28.9488387056046,45.2829981951063 28.9526407688644,45.2872551039611 28.9549283272695,45.2942858178072 28.9541282411076,45.2986014959532 28.9483526278628,45.3091163106603 28.9596638518266,45.3267414718889 28.9649736237422,45.3320536110384 28.9826208296413,45.3317945419507 28.9964733301877,45.3362656215936 29.00729156872,45.344054203696 29.0198277786108,45.3483795823969 29.0289935871643,45.3517131660044 29.0439418742658,45.3607529600928 29.0529614891674,45.3592552927025 29.0596655634218,45.3604645862154 29.0754968648336,45.3675263873216 29.084344726953,45.3738634268336 29.1030619523123,45.374207643572 29.1114760798258,45.3767754750954 29.1191571935335,45.3812541583276 29.1310393245411,45.3832946990408 29.1508728530665,45.3885993389165 29.1690178594214,45.3950958490826 29.1809210474675,45.4021991271673 29.1846814538497,45.4107002345469 29.1977836417344,45.4158849846845 29.2116677636702,45.4177353306875 29.2257135321466,45.4235103797459 29.2367791386857,45.4320327508259 29.2503549644371,45.4350995164216 29.2581866342524,45.4331481886468 29.269853677974,45.427831093721 29.2857779955583,45.4264232972756 29.2989741177068,45.4301992178333 29.3050663814624,45.4341927781893 29.3179846332012,45.4458544723114 29.3295457274441,45.4476737275339 29.335930984553,45.4458448358386 29.3473331705124,45.4392485139122 29.3581000924282,45.4369544416667 29.3739365935554,45.4379445119449 29.3808387364315,45.4397135698333 29.3901422510853,45.4364704313128 29.3980317381289,45.4364643867111 29.4090271185031,45.4403793985902 29.4193547141605,45.4425377178328 29.430002107472,45.4426693270236 29.4365120813858,45.4359137651091 29.4411222573499,45.4334268428873 29.463890313924,45.4279796770377 29.4791672218172,45.4218326434627 29.5029436897309,45.4184475919315 29.5220579039861,45.4140966242339 29.5412724814645,45.4106193132768 29.564115098029,45.4024027097667 29.5737571855916,45.3970219996064 29.5896625369868,45.3900271506728 29.6045381580892,45.3785896460879 29.630102039425,45.3543386174953 29.6511326294251,45.3397655813699 29.6550326252501,45.3344076900543 29.6625926751651,45.3182512896025 29.666839333573,45.3124545940323 29.6699685060904,45.3047324065351 29.6698047315691,45.2958811083326 29.6767062751684,45.2790152788733 29.6777862832116,45.2692505917881 29.6648407885323,45.2609966336884 29.6599856203214,45.2516982662533 29.6626951194054,45.2375259167901 29.6670986109547,45.2310545092879 29.6707682590305,45.2205954323295 29.6802972540014,45.2101992682713 29.6820328142057,45.2058338870129 29.6737579241434,45.2061083270045 29.6725764651043,45.2088778662003 29.662722301083,45.2118491349593 29.6469229816408,45.2188433499868 29.6377677866431,45.2243606173022 29.6344873102162,45.2212426595282 29.6299374632472,45.2169174715972 29.6290102025864,45.2122077122143 29.631687559538,45.2050620517971 29.6367239465612,45.1808675419184 29.6408322996404,45.1694802963635 29.6493765883227,45.1610257574232 29.6622263356877,45.1598862215548 29.6807011999388,45.1609164525645 29.7052847410652,45.1671490502388 29.7001368406444,45.1621286438019 29.6869987281066,45.1524844916535 29.6757317047632,45.1375881146787 29.667238829573,45.1238889017573 29.658561422563,45.1019699754481 29.6554111476105,45.0891002103001 29.6536772817299,45.0729706741085 29.651764873963,45.0643442115259 29.6523187473367,45.0595423023277 29.6484652062472,45.0402217543477 29.6465769564286,45.022946124893 29.6430415348271,45.0010479373251 29.6444696235497,44.9981793400428 29.6424680921338,44.9880920656925 29.6343029296242,44.957113828458 29.6267691299747,44.9243181049928 29.6251527966953,44.8853686309111 29.6196909870861,44.88499135276 29.6065078817972,44.8775425425728 29.6058745105875,44.8730123697803 29.6105301132353,44.8597639237798 29.6132211475348,44.8572743183684 29.6097566146708,44.8466741871993 29.5935532907364,44.826192165934 29.5834523379929,44.8162312317995 29.5674333998312,44.8019853942418 29.5525678337296,44.790449273172 29.5335761918172,44.78150448698 29.5162229612667,44.775580363027 29.4999650540823,44.7736922294352 29.4922704161259,44.7743298053449 29.4905736134529,44.7783692599158 29.5131710492291,44.7781297649636 29.5253154296584,44.782829039882 29.5258611934896,44.787772116289 29.5455128871135,44.7894096419104 29.5518423585551,44.7930162101726 29.5725548490081,44.8098324470499 29.5804285392086,44.8152506201229 29.5846392728506,44.8213687801105 29.5919240540599,44.827141132664 29.5943395962764,44.8321182863919 29.6081006524768,44.8458437542976 29.5996753798633,44.8453209919027 29.5858533340154,44.8372561684858 29.5748557760378,44.8383331149346 29.56723688715,44.8307214802134 29.5535475815172,44.8228883578354 29.5489253248355,44.8243793267227 29.5243404686341,44.8244593457383 29.5061120711748,44.8228360805355 29.4952301650106,44.8202284650058 29.440302633475,44.812852318717 29.435173381333,44.8115542102621 29.3898960984215,44.8057183818956 29.3648022974534,44.8039834914364 29.3259836628006,44.8041490310047 29.3092039386749,44.8021033456997 29.2715310369785,44.7996582318802 29.2454128442776,44.7967806890481 29.2200235185198,44.7920163226273 29.210838645861,44.7884420616875 29.1893361750913,44.7818071047591 29.1860324318656,44.7846679094336 29.1591461909092,44.7800290263548 29.121856730001,44.7680216035931 29.108571146099,44.7616684602836 29.0850882319933,44.7490290689765 29.0585587638982,44.7315347741736 29.0293172037007,44.7092793758327 28.9950797887102,44.6790201817523 28.9943131334644,44.6766409666768 28.9834759681574,44.6668444319366 28.9694505247294,44.6512147867054 28.9603850435299,44.6460933787372 28.9555552168567,44.6402723372867 28.9503275829737,44.6368879508556 28.9420269564701,44.6244076019517 28.9408440434241,44.6194387306491 28.9261647360563,44.5977969651226 28.9053578846427,44.5686372900348 28.8874076348577,44.5429351558531 28.8700905903423,44.5201630275751 28.8570353131037,44.5056287662447 28.8376423623975,44.4869927464515 28.8223481221209,44.4756144534346 28.8110360215393,44.4659141307183 28.8027625556062,44.460525989233 28.7799586044267,44.4410636523216 28.76920519788,44.4297661986679 28.7646976714441,44.4272763625269 28.7620258064642,44.4257064183042 28.7466193742263,44.410958002908 28.7258270268099,44.3898578025514 28.7206589403909,44.3835991785466 28.7111825050302,44.3765719815415 28.6985145829562,44.35868682667 28.6925621152325,44.3448445780503 28.6892183869771,44.3416535309794 28.6819536556654,44.3428881548432 28.6804620507594,44.3394376583325 28.6661461345576,44.3411544061569 28.6616301965111,44.3366197713653 28.6589884340649,44.3289129579177 28.6533845057117,44.3249521607591 28.6893429132137,44.3235496399952 28.6892371859834,44.3222721034127 28.6691841907613,44.3233769641303 28.6395379795624,44.3242247296554 28.6351826023067,44.3179750335596 28.6260193448804,44.2970334049809 28.6228996997131,44.2822698036866 28.6220830725127,44.2725680961683 28.6228017862246,44.2504809680073 28.6261015996198,44.2381136720721 28.6295665252807,44.2293861522596 28.6365147124752,44.2198393804042 28.6465919780362,44.2156281070236 28.6519636135016,44.2117982781265 28.6509904426413,44.2069791662439 28.6558412734509,44.1975683965215 28.655133841416,44.184227856873 28.6604640524846,44.1742914230281 28.6509157919951,44.1697903413956 28.6491919636968,44.164167883098 28.6437479114238,44.1584093310075 28.6455629932359,44.1454831195666 28.6582991235715,44.1483489040185 28.6594689220471,44.1456546662194 28.6471489730703,44.1409637108615 28.6490086211152,44.1370447211015 28.6565090352062,44.1373115055791 28.6574199229652,44.1302590137283 28.6442202057628,44.128165616934 28.6426540521586,44.1181252228501 28.643190351956,44.1116288278292 28.6416439001874,44.1020723948979 28.6469763908466,44.1018504850441 28.6479018234344,44.1100226060717 28.6671744843184,44.1092951758223 28.6669719050884,44.1038833451338 28.6949337264221,44.1028673086816 28.6947532489999,44.0911070581014 28.6894412227705,44.0878442482725 28.6690743295923,44.0885119827065 28.6441006536839,44.0842008720727 28.6386667829343,44.0770331147035 28.6390648403581,44.0693131710534 28.6418176214474,44.0642148021332 28.6409878583055,44.059528950173 28.6458403472989,44.0450279267882 28.6522731211732,44.0374610368425 28.6539590400572,44.0314290977057 28.6582315905562,44.0270537661233 28.6624892416164,44.0120440650196 28.6645201307809,44.0085207831319 28.6625048324462,44.0040274582191 28.6645106909564,43.9938985002014 28.6670202353698,43.9909307446014 28.6668355720118,43.9854355226461 28.6619077922727,43.9835331470173 28.6554358930417,43.9758193218188 28.655910687706,43.972787975529 28.654674816109,43.9671628631263 28.6416524412031,43.9566055076106 28.6390782332416,43.9507781395945 28.6388044821199,43.9399426746192 28.6332051386101,43.9334805060312 28.6362296155394,43.9239210841196 28.6344772803441,43.9211708557419 28.6281370180105,43.9116418652746 28.6241326431073,43.9102073571349 28.6189423106366,43.9016047270972 28.6152212192477,43.9000862929758 28.606377669499,43.8780079735757 28.6058503331472,43.869096436778 28.6087842852491,43.8507039622945 28.601193023371,43.8453078666335 28.5933406358897,43.8423391303286 28.5911413749827,43.8388286972 28.5924432156992,43.8289925066587 28.5867085370109,43.8096184994108 28.5812675742991,43.8065678773272 28.5784971676541,43.7970090943719 28.5756341364828,43.7949789467478 28.586132158679,43.7923579570554 28.5807960825369,43.7887774783196 28.5788288281341,43.7671588775279 28.5758465272338,43.7623918996605 28.5747035580597,43.755541463252 28.5792477636407,43.7457877895015 28.579031163812,43.7387180924977 28.4464985523497,43.7337199555906 28.3759215445999,43.7469819799035 28.3484820436815,43.7521466259076 28.2364314345097,43.758488417823 28.1377840687029,43.7902374219331 28.1159529672804,43.7971820543986 28.0647796350718,43.8177578297921 28.0157930893092,43.8368862002458 28.0040051345027,43.8401439652048 27.9942177581858,43.8428831671879</coordinates></LinearRing></outerBoundaryIs></Polygon>
  </Placemark>
  <Placemark id="ro_admin_macroregion_simplified_polygon.3">
	<name>Macroregiunea 3</name>
	<Style><LineStyle><color>ff0000ff</color></LineStyle><PolyStyle><fill>0</fill></PolyStyle></Style>
	<ExtendedData><SchemaData schemaUrl="#ro_admin_macroregion_simplified_polygon">
		<SimpleData name="id">3</SimpleData>
		<SimpleData name="version">2025/03/26</SimpleData>
	</SchemaData></ExtendedData>
      <Polygon><outerBoundaryIs><LinearRing><coordinates>24.657079680613,43.7236355067814 24.6652274007774,43.7425897849087 24.6506487425825,43.7467600244718 24.6564518249321,43.7546978232666 24.6746397029636,43.7515164717453 24.6762087692702,43.7583794967942 24.6867293642517,43.7597289321865 24.6839540277321,43.7722867367494 24.6963254439028,43.7740322453449 24.6943818502458,43.7818178053413 24.714123545871,43.7852183450573 24.7467280168706,43.7920218979539 24.7370521016317,43.8042835811897 24.7388412694793,43.8145013977569 24.7549728502843,43.8143501456332 24.7551119356406,43.8175978259543 24.7457621640004,43.8193505366807 24.7438227372299,43.8220913174925 24.7434988735115,43.822068771396 24.7359546948021,43.8225097992621 24.7260201591483,43.8260845635198 24.7153773932469,43.8248760657033 24.7087251436612,43.825916470108 24.6959157747987,43.8249293306645 24.6911832083122,43.8281583578079 24.6982620805655,43.8315808882139 24.7057658256618,43.8282335089589 24.713903968168,43.8287224542279 24.7236652989643,43.832501344003 24.7235303059955,43.8357879292963 24.7173052924099,43.839568333179 24.7128022321352,43.8445288795408 24.7025885171492,43.8511921637082 24.7004652104982,43.8605630680579 24.6951712192546,43.8637355757363 24.6935493274894,43.8707372355298 24.6683466497967,43.8666791599484 24.6624438029329,43.8830808467314 24.6778482201611,43.8852706209581 24.6764580770589,43.8922258736218 24.6755155946899,43.8980600473978 24.6617526808487,43.8979122020616 24.6568271792515,43.9003879812586 24.6481036362326,43.9120013381841 24.6466070741883,43.9168405059233 24.6379334420873,43.9264428975729 24.630999380518,43.9251619169127 24.627587461067,43.9358702764189 24.6482512491708,43.9407804710283 24.6471376429674,43.943252275043 24.6343308466688,43.9444992647648 24.632221998085,43.9616220611317 24.6196059924435,43.9604793413289 24.6179970474258,43.9637908471665 24.608495487772,43.9614095074406 24.6022839417531,43.9621100322447 24.6018714252211,43.9701236211361 24.6069494944264,43.9704126806683 24.6090927209796,43.9778637093902 24.5993353486896,43.976577896184 24.5960428832601,43.9799052019564 24.6042659361424,43.9822193613261 24.6072005883143,43.9850050902584 24.6070734749941,43.9912529521022 24.5980603764729,43.9871103504134 24.5968970602314,43.9902521652818 24.6056790026256,43.9931080521253 24.6108113218031,43.9977719562859 24.6158375166955,44.0093907104807 24.6140502818331,44.0124807975566 24.6131074979897,44.0141529953029 24.6284030412965,44.0216970028607 24.6328137553212,44.0201794821294 24.6596244909969,44.0283147434192 24.7201945704101,44.0380737897642 24.7192660982631,44.0432846824218 24.7127347352218,44.0447087964241 24.7186008279161,44.0489009378708 24.7109159077596,44.0591232328996 24.7223386207545,44.0613525741716 24.760517489124,44.0687831713432 24.7588673803241,44.0735836290958 24.7654901272871,44.0744841705348 24.8031904962313,44.0784701440617 24.8006084804558,44.0842507535815 24.8351247178697,44.088183609798 24.8425492372385,44.0898829475875 24.8438921104688,44.0860491709235 24.8555119747784,44.0918693583244 24.8510347362493,44.1019804995318 24.8535864256791,44.1101455258187 24.8504352988197,44.1168437359564 24.8444933269991,44.1252072004287 24.8441846625972,44.1331686285893 24.8390907723622,44.1362550175512 24.8172213307985,44.1488506260011 24.8080894207889,44.1561961116265 24.8053306592223,44.1708182366505 24.8031313539886,44.1766867172294 24.7935814712044,44.1912529435539 24.8026936667418,44.2012596196526 24.8260561614545,44.2175487975463 24.8371783283878,44.2262777227584 24.8349368406378,44.2274317186552 24.8177803975182,44.2331864239466 24.8280813345288,44.2368208598774 24.8202183004283,44.2420658318222 24.8244717123935,44.2440968636122 24.827540209514,44.2587434795361 24.8291674235891,44.2721394706145 24.8246403779673,44.2801307737394 24.8223875120809,44.2828611440137 24.8215112497457,44.2906007614786 24.8241997046786,44.2983162661042 24.8355878816526,44.3018399419458 24.8310237458931,44.3094899786029 24.8402224903981,44.3112805161377 24.84418692673,44.3141747250186 24.8472391824456,44.3195349071999 24.8378405896592,44.3230200781791 24.8280681283098,44.332981354947 24.8296144034059,44.3372286070491 24.8178710359094,44.3551206517503 24.8173549327638,44.3612652967706 24.8275204794629,44.3645218350416 24.8472239717626,44.3683162505136 24.8659824078164,44.3694018386219 24.8802250514193,44.3688257345228 24.8850641283789,44.3733847635937 24.8865336881746,44.3795841320849 24.8840355141748,44.3826361739641 24.8813131122932,44.3873233291997 24.8802710514142,44.3942357636498 24.8731871059308,44.3940344309787 24.8596344960674,44.3944447425373 24.8182562854833,44.3938488790882 24.8182394167835,44.3873903402688 24.8108747972243,44.3870053461479 24.8047228055874,44.3934254016745 24.7877667560225,44.3923623091117 24.7863766851968,44.3982545047437 24.7548292866603,44.3907247952666 24.7552223660024,44.3933954817635 24.7444057404197,44.3962061076934 24.7464677872047,44.3994292781804 24.7527294284045,44.4013921108854 24.7529101889209,44.4051871519425 24.7440366329989,44.4229362936834 24.7520034529601,44.4247061267915 24.7544891655821,44.4349767776266 24.7525156513404,44.4458486316368 24.755946079549,44.4527990330445 24.7544386651454,44.4559096948953 24.756029964996,44.4650409626389 24.7340127032759,44.4652062223168 24.7347527035501,44.4917668729534 24.7274120243457,44.4923760910894 24.729376971609,44.5114471098483 24.731678654323,44.5196412257947 24.7355765617054,44.5278517432006 24.7425904633011,44.5378361434928 24.739978390679,44.5451902996097 24.732546860188,44.5463128690185 24.7296680670193,44.5532816238528 24.7352935800271,44.552966027675 24.7352293819171,44.5581194763001 24.7301165098413,44.5614569278061 24.7286643626719,44.5720606153189 24.7208723266829,44.5810847710126 24.7105462748976,44.5823009938385 24.7087506044698,44.6165964186164 24.7123648969845,44.622877277371 24.716701341451,44.6261072009968 24.7103867215096,44.6282483096728 24.7074619023769,44.6380460715378 24.7024544635526,44.6415156731014 24.7045866876765,44.6487454679882 24.7013409171589,44.6541740814592 24.7051569702351,44.6563060263077 24.7030088573158,44.6605317926818 24.6911576199666,44.6955287611941 24.685680332314,44.7001133259604 24.7105549340764,44.7105123012663 24.7108088771247,44.7144443007354 24.7217439938709,44.7145980492768 24.7103622355856,44.7216631674239 24.7033785362322,44.7324458647557 24.6882682136007,44.7339341752745 24.6834060349195,44.7376260958994 24.6691896689433,44.7360050074738 24.6634430380535,44.7375975738631 24.6498633121141,44.7354263832736 24.6305421994826,44.7298023053669 24.6313638930458,44.7328821612226 24.6173908953293,44.7460330322447 24.609678938346,44.7495780063455 24.6069474004595,44.7538157910899 24.6000152688436,44.7530509995589 24.5946437994363,44.7509932958266 24.5909744072565,44.7581836379854 24.5888963820742,44.7693007679784 24.5879092023039,44.7754458570188 24.5826419201244,44.7750082903774 24.5885762469828,44.7981546616804 24.5786825961955,44.7981907853064 24.5746487330706,44.8085246082795 24.5720853015018,44.8102505720271 24.5716042838519,44.8171220295433 24.5620132300497,44.8226780316469 24.5550829328599,44.8341012698362 24.5538539539267,44.842675477947 24.5508066079268,44.8471431473263 24.5521148035021,44.8525649766791 24.5504197161389,44.8592345222287 24.5425444761106,44.8613815577651 24.5439684920718,44.8784044741451 24.5407355858957,44.8910417648616 24.5337673513255,44.8917131793918 24.5241382042604,44.8944659454286 24.5178310787717,44.8825463759579 24.5135237776969,44.8775553412063 24.5153000063212,44.8721735954835 24.5136804501152,44.8668311309968 24.5054652327912,44.8659205614281 24.5101783964103,44.8567999666325 24.5094156620474,44.8454977946487 24.5069448392997,44.8437197173784 24.4990962022717,44.8452832500047 24.4940238089346,44.8371343784608 24.494630979953,44.8314105107195 24.4829670504777,44.8298666820609 24.4801962985914,44.8217426505118 24.4650894818119,44.8184632980806 24.4521942623844,44.8151649417296 24.4453393703377,44.8107628057955 24.44432452973,44.8160229193381 24.4329685963255,44.8178361777091 24.4239707148596,44.8235765205655 24.4215131654438,44.82707127892 24.4362650599393,44.8415822141899 24.4381340267794,44.8453771971596 24.4452158177498,44.8530007195952 24.4521232539981,44.8538172304304 24.4631291800666,44.8623425509682 24.4673507476726,44.8707939968462 24.4645765642788,44.8737953579613 24.4678924214816,44.8809002264533 24.4762110731728,44.8901999802436 24.4800673597248,44.8991257101945 24.4671917155576,44.9018164554578 24.4643167778372,44.9052846162785 24.4642133294585,44.9144366864239 24.4707082363685,44.9207138979682 24.4703289799667,44.9244271407021 24.4786265583068,44.9288191693858 24.4861856250381,44.9376409936388 24.4965605605213,44.9412108631014 24.49975610352,44.9454292948285 24.4861481828187,44.953198844209 24.4762059848832,44.9493604775696 24.4686924924526,44.9482059354715 24.4792303249821,44.9636516715984 24.4778222887916,44.9713773935916 24.4810924863021,44.9758958076822 24.4879273427091,44.9797290732297 24.4912393611063,44.987065052236 24.5036815203514,44.9968715029728 24.5089528209366,44.9979115032137 24.493269078734,45.0102538816965 24.4883771956832,45.0116796202614 24.4851919106228,45.016519599232 24.4931186757566,45.0238042998205 24.496877771099,45.0235146775187 24.5086728308833,45.0351059691551 24.5182883466841,45.0409754807039 24.5204674716685,45.0489805806421 24.5145683143695,45.0506001144628 24.5120130849588,45.055020894768 24.4984816845811,45.0559604197421 24.4813592319123,45.0609424573378 24.4846494198949,45.0643131157048 24.4865946431877,45.0708795955467 24.4918290669374,45.0765930654613 24.5026710632757,45.0800084305515 24.5071362278655,45.0850571239046 24.5049632002547,45.0892575561732 24.4974142657217,45.0913845842366 24.5002568734213,45.0952488804347 24.4983060521056,45.100368840973 24.4911442657956,45.1026560990653 24.4926632414972,45.1106102003299 24.5022366724444,45.1153609468866 24.5124539435386,45.1082805620703 24.5159950417271,45.1145429637541 24.5144609921671,45.1205803113843 24.5177623689579,45.1270717535416 24.5162218703033,45.1295496203126 24.5196384315905,45.1347164946856 24.515901003442,45.1436537546212 24.5011670526111,45.1564944435804 24.4979330441331,45.1656141461112 24.503162879201,45.1643050444859 24.5128829555538,45.1658224957451 24.510424118336,45.1749943433256 24.5193904552998,45.1765323622326 24.5219717615911,45.1797942209308 24.5133068414394,45.188927910746 24.500066611753,45.1892104168353 24.4874835663816,45.1960174891912 24.4938388157983,45.2009009474323 24.5012968782858,45.2020843609398 24.496580145302,45.2079630509481 24.4848028557634,45.2114221957491 24.4777682849757,45.2083992640806 24.4727241065199,45.2119139703357 24.4688815412204,45.2232170345495 24.4701478139036,45.2281705648922 24.4667680652175,45.2317360611967 24.4743067289495,45.2379648912284 24.471334672828,45.2410545150924 24.477146101258,45.2447533596633 24.4837653898603,45.2585719996813 24.4838008610316,45.2643507159854 24.4796445309122,45.2683305620593 24.4919303764289,45.2778597425471 24.4922645770214,45.2821386355314 24.4877204121913,45.2887983674872 24.4893671822186,45.2926120482656 24.481963662299,45.2966343873943 24.4812474523732,45.3026540486093 24.4898375047459,45.3073135074406 24.4918763375306,45.3145517837339 24.4891081115129,45.3223396178065 24.4912892049135,45.323873772887 24.4829497862708,45.3318264624012 24.4734739807572,45.3299557701448 24.4731820128158,45.3401114595052 24.4694772657521,45.3478822949745 24.4726746265218,45.3524866645981 24.4727899217493,45.3576792510062 24.4866692033168,45.3585144298457 24.5009215639771,45.3530865982267 24.5045113533271,45.360398853834 24.5004628413568,45.3631378448954 24.4968609632127,45.369916375562 24.4990974114554,45.3715092331338 24.4942743903127,45.377168532734 24.4958980914223,45.3799104270271 24.5043463100018,45.3793495685593 24.5055264121806,45.3824964515098 24.5025808765734,45.3891190513608 24.4915001712138,45.3986158076325 24.489837633694,45.409817228361 24.4835578445452,45.4156249467271 24.484799263728,45.4275643753118 24.4790413708373,45.4377886820905 24.4806983052106,45.4492078708443 24.4855955816701,45.4625963849442 24.4960333273557,45.4646258676529 24.5110973561603,45.4634741655331 24.5154918657532,45.4658564914363 24.5248549634384,45.4750232575124 24.523957828802,45.4821946149829 24.5270902520734,45.4978822004612 24.5199349118131,45.5069736792291 24.5137381027474,45.5106949137377 24.5119034418825,45.5175238450837 24.5162251153541,45.522481066009 24.5228965107178,45.5245326401533 24.5268434237999,45.5286167086993 24.5313212402917,45.5288537576164 24.5404993723325,45.5356260101607 24.5360864417924,45.5432949744314 24.5299074108205,45.5614419087671 24.5312052605961,45.5696739764867 24.523144192432,45.5805695296251 24.5269206321151,45.5801810250585 24.5332089915699,45.5839753099883 24.5535184603377,45.5877460981963 24.5659032763458,45.5791442215978 24.570212690938,45.5818870071556 24.5859859097526,45.587887105129 24.5965771518814,45.5961923390521 24.6018964279387,45.5946128316168 24.6077549441722,45.5988453329517 24.6120344967423,45.5980400512718 24.6224656254836,45.599502008747 24.6263155456083,45.6039295410944 24.6332884198019,45.6011837739106 24.6442837833862,45.6038378105506 24.649001361513,45.6016891430961 24.6580516243451,45.603065454912 24.6585143531181,45.5982832183154 24.6619332016741,45.5954533423076 24.6710696551527,45.5945840280297 24.679127433421,45.5986553015596 24.6849384812992,45.6041168949736 24.694746619254,45.6057760502895 24.6988930290522,45.6023612391595 24.7100561025944,45.6045151926458 24.7160245545493,45.607258454299 24.7256740438099,45.6067848942009 24.7285942845518,45.6083647447147 24.7358982484426,45.6031183867687 24.7581715619015,45.6095876872942 24.769893391436,45.6109418528741 24.7762770724631,45.610409926307 24.7947879923765,45.6030166921991 24.8027557830349,45.6054163754622 24.8102515474081,45.610643802623 24.8137419508316,45.6076602885513 24.823079979275,45.6056061994587 24.829813644986,45.6065360401757 24.8323508056037,45.6027719769155 24.8330350231587,45.5961547312912 24.835964286537,45.592293783305 24.848508873676,45.5933170556366 24.8548884757658,45.5909666842941 24.858993884702,45.5942420061367 24.8709605226468,45.594044809871 24.874137883949,45.5925962957266 24.8848866789309,45.5939491323276 24.900677179299,45.5951194963591 24.9100099403986,45.5926290730427 24.9168730619879,45.5945690660666 24.9360957436086,45.5827728930041 24.9412479799047,45.5821254548621 24.9581304842573,45.5927118777765 24.9673455993613,45.5928840025999 24.9800425251518,45.5896913948048 24.9848278727511,45.5863598827589 24.9939740920652,45.5881672037485 25.0009163125543,45.586570142413 25.0134319906997,45.5860135529666 25.025882114338,45.5883775694799 25.0361083669504,45.5926439886237 25.0517478312322,45.5867178076865 25.0700081508411,45.5853907058444 25.0816152792674,45.5817172946418 25.1032293571513,45.5852002230751 25.1093542591122,45.5814327645589 25.1130094653424,45.5767241901258 25.1257629287452,45.5718135959156 25.1295616228787,45.5654113908587 25.1349999357532,45.561089363626 25.1455510961625,45.5586176585252 25.1516680576466,45.5457823191978 25.1572465351581,45.5421873199139 25.1621481200456,45.5418895349897 25.1709873920928,45.5366725241897 25.1750634937374,45.536061320835 25.1889679414078,45.5227774515946 25.2034239722499,45.5196934008312 25.2116431469115,45.5268730592682 25.2186555976173,45.5216053845971 25.2261032413586,45.518052453752 25.2369095336373,45.5175993917892 25.2332412481826,45.5117660350678 25.2360913965945,45.5047926466795 25.2416249601545,45.4997407872967 25.240479499164,45.4888204419942 25.2374277319843,45.4821105053878 25.2383575660409,45.4755236054753 25.2464884215787,45.4700886638035 25.2500975758478,45.4631722831607 25.2586060768909,45.455837130341 25.2574282098818,45.4520451174075 25.2678710452365,45.4463497542257 25.271688246354,45.4469371323928 25.2758530717898,45.4420629303596 25.2700181688204,45.4391077568084 25.2633338925197,45.4383054502083 25.2534462503143,45.4288225314427 25.2662686537706,45.415934360284 25.2676033118653,45.4090288972027 25.2715742275936,45.4079192517778 25.2748874524387,45.4086389291822 25.2802174203175,45.4146532966269 25.2875417095202,45.4157466507108 25.293411630864,45.4213243463367 25.3016218800548,45.4223841768475 25.3063877078677,45.4144918212819 25.3079684318062,45.4057759093507 25.3121769424693,45.3993406018465 25.3118304681624,45.3946675429488 25.3080131764472,45.3895187624463 25.3215942071241,45.3810944621824 25.3452487789263,45.3861943603806 25.3477463933414,45.388242810498 25.3589891560636,45.3885877609383 25.3617224812443,45.3914783732894 25.3733205558277,45.3910718609375 25.3785228087803,45.3895917705609 25.3879800132345,45.3900682845685 25.4030846822252,45.3874125987423 25.4085073314119,45.3908169620917 25.4104554019691,45.4008151546876 25.4075730868546,45.4140982472902 25.4099840491579,45.4227953072463 25.4102879935004,45.4264582814714 25.4152103808023,45.4304416333568 25.4299500851375,45.4379636297888 25.434997566382,45.436635014275 25.4525564871996,45.4413474266518 25.4549051455895,45.4471444244415 25.4617279864975,45.4539214068651 25.4702365311161,45.4526097173483 25.4801171195846,45.4548451338826 25.4854764171214,45.4610904883424 25.511751075329,45.4702760608716 25.5245406682984,45.4655883236783 25.5317369755896,45.4590694148273 25.5508312300668,45.4648826382365 25.5567847493089,45.4644178322701 25.5723487659075,45.4676766241676 25.5774401446096,45.4676137983739 25.5890488125471,45.4610790071646 25.6030697581794,45.4633897631283 25.6070485714348,45.4760431476657 25.6245861792035,45.4850993916656 25.6294701228945,45.4899303995032 25.6299758614323,45.4960698766237 25.6427348753265,45.4954063780615 25.6440901502069,45.4925648912093 25.668341487822,45.4957869881378 25.6810135242864,45.5006255577987 25.6999374610876,45.4901986316388 25.7001219034424,45.4837007827266 25.7040664062366,45.4795164683135 25.7117048561842,45.4755864573367 25.7267034448087,45.4653904282862 25.7430072256695,45.4678651459356 25.7537847046464,45.4676875697026 25.7659336809053,45.4655664827503 25.7706467109185,45.469213423264 25.7716122803747,45.4736081660748 25.7785222202445,45.4774862705013 25.7864773908205,45.4795584901539 25.7902529236419,45.4786180585396 25.7971764647854,45.4713287591465 25.8078330389091,45.4689471855303 25.8243661619744,45.4432547749594 25.8275609033209,45.4421885379244 25.8279746377927,45.4355964788224 25.8229556301616,45.4319934636793 25.8295013469748,45.4294345492996 25.8430465019075,45.4295411439223 25.8563025718158,45.4259237926961 25.8600585913451,45.4219208601385 25.8676118586084,45.4230778391143 25.8689809238104,45.4355353008823 25.8796881083434,45.4429127296529 25.8886244088471,45.4458029647613 25.8891550629936,45.4544092633828 25.8922648698371,45.4596470966459 25.8874520028266,45.466807490785 25.892931123181,45.4708440163353 25.8973148036009,45.478161915079 25.8909903096574,45.4879055722936 25.9003328919325,45.4993274421462 25.9077182516213,45.5010101670036 25.9137666848369,45.510486891027 25.9180184806105,45.514100144055 25.9193720236084,45.5195499358561 25.9269248423414,45.5216486023489 25.9378309434191,45.5125361904167 25.9431642396903,45.5130527760763 25.9608222457562,45.51082648903 25.9672510801012,45.5077866170722 25.9735556662796,45.5111865765202 25.9805265142858,45.5115405923635 25.9956576266439,45.5142500810855 26.0060108667198,45.5074611689477 26.0126393115386,45.4973005244256 26.0137053836525,45.4901134760726 26.0203033772988,45.4897409624738 26.02844602113,45.4861828905898 26.0310638900668,45.4858003478267 26.0411236104711,45.4783877732709 26.0542001760951,45.4848343369854 26.0654962423286,45.4853027124699 26.0676004556881,45.4966783187806 26.066967690668,45.5025052620117 26.0727396918978,45.5057943427547 26.0789039439114,45.498820168654 26.0867336783008,45.4953352391367 26.0864665604484,45.4917547812003 26.0913895583726,45.485511462316 26.0969558430374,45.4810574332944 26.107194610958,45.4767639748108 26.1172507066931,45.4768275364941 26.1304337153381,45.47074529832 26.1389332377112,45.4654996347208 26.1483816218153,45.4573162776705 26.1505511499185,45.443054673171 26.1481487391123,45.4344700489729 26.1494520508579,45.4303617178629 26.147193116649,45.4211928533601 26.1425482103195,45.4148170354399 26.1446953408865,45.4084050382608 26.150524271098,45.4076781850764 26.1528954033493,45.4045000474831 26.1649678834348,45.401341340678 26.1659843592794,45.3961892806319 26.158107013505,45.3903734501604 26.1534537433719,45.3770133704958 26.1615654816178,45.3676832777322 26.1667606401997,45.3634839078263 26.1735514315307,45.3625871048949 26.1791191637361,45.3579008757542 26.1859886936136,45.3573336472849 26.1903717414036,45.3472559457156 26.1949825993108,45.3467747150751 26.2015553805418,45.338138075699 26.2065349218521,45.3350718272196 26.211524045866,45.3266811221158 26.2217915890331,45.3263789578668 26.2283673144522,45.32106970731 26.2336280417083,45.3146295147031 26.2302229782345,45.3060949250904 26.2210635473621,45.3052152909663 26.216169191437,45.3004805600316 26.1977582390585,45.2868221399532 26.1932053927277,45.2844278034913 26.1874930945035,45.2795893247943 26.1873047928606,45.2763766173906 26.2030574115892,45.2738338586741 26.2173661817548,45.277719447093 26.2233864522997,45.2737199042341 26.2296332623268,45.2609978762258 26.2310840476401,45.2517814321624 26.2263467819291,45.2470049845156 26.226142327875,45.2443727369838 26.2324559035459,45.2395817168047 26.2375957939143,45.2398451968233 26.242430706165,45.2353666516003 26.2335697967954,45.2340463505038 26.245129392771,45.2219508187592 26.2467619628903,45.2139671299005 26.2505611234259,45.2069148941209 26.24991794236,45.1993822762828 26.2564508017519,45.2012612172156 26.2559602241209,45.2084872139404 26.2647877172493,45.2092498373119 26.2677225957308,45.2060108632176 26.2860934111024,45.2074550916416 26.3028627850909,45.2020727585717 26.307638346231,45.2087417157869 26.3145090963325,45.2087305221196 26.3274881431689,45.2161978057643 26.3313665965528,45.2172907004974 26.3459670085043,45.2149808204708 26.3489258564232,45.2121817190587 26.356765671098,45.2132657504712 26.3511530591357,45.204944474018 26.3476399806527,45.2024331022308 26.3458805041743,45.1955733073776 26.3491236405272,45.1922883898392 26.3459241582898,45.1868802107236 26.3512257817695,45.1865390491677 26.3538567200103,45.1735669383665 26.3527229877845,45.1643837827947 26.3609835565741,45.1644046987895 26.3756736372546,45.1582984095363 26.3816039036832,45.1660093288078 26.3860333000743,45.1679304345287 26.3889335025128,45.1730188592976 26.3971870655558,45.1785451398759 26.4206373086364,45.1751259442376 26.4341959912821,45.184170372644 26.4439254415755,45.1895610676312 26.4603737009751,45.1980968901474 26.4617228797452,45.1928482830958 26.4607240143064,45.1812334284264 26.4623117749167,45.1764502035417 26.4604656613428,45.1672552064667 26.4619744968497,45.1585440054663 26.4696224968829,45.1412641017846 26.4685499532785,45.1391946962284 26.4563401613643,45.1361399241622 26.4564663380194,45.1289218440492 26.4494829656145,45.1261075180577 26.4494575319649,45.1151339218176 26.4534029629769,45.1119479118831 26.4520816411118,45.1081686707066 26.4547443389031,45.0996446243211 26.4520014550982,45.098529473715 26.455575005199,45.0918344279598 26.4521177028351,45.087704871762 26.4487960281777,45.0792198725173 26.4432559655363,45.0756461794604 26.4459162009458,45.0732620118494 26.4630066079951,45.0700190019533 26.4725204360248,45.0568395557186 26.4748428593461,45.0474372331521 26.4779387045188,45.0474483435575 26.4773783660719,45.0393028660671 26.47700918295,45.0340808834104 26.4817287855813,45.0275939786624 26.4872625489538,45.0200592828913 26.4843912976289,45.0188471209704 26.4920002667742,45.0053647064604 26.4962415854531,45.0067201336835 26.5019307743765,44.9995087336032 26.5136008669138,45.0039732025239 26.5100256659592,45.012869819222 26.5193448411224,45.0127573658644 26.5295660982236,45.0148764474831 26.5345912104511,45.0030150775186 26.5471488838363,44.9971904732475 26.5549280988158,44.999419415428 26.5609266706789,44.9941749998243 26.5613776922717,44.9909792871597 26.577239723086,44.9715414821662 26.5793373448347,44.9610548729808 26.5927910260784,44.9640250533531 26.5999351102905,44.9558483896403 26.5794378973913,44.9524065464606 26.5794489985343,44.9507959643628 26.5530686508659,44.9448187273218 26.5315758698762,44.9391592992725 26.5305457164518,44.9375360694872 26.536269867578,44.916400091932 26.5362700325833,44.9100998647657 26.5482598811679,44.9157101881435 26.553761569582,44.9152317858363 26.5607682354911,44.9089519275213 26.5849911513672,44.8823334917045 26.5930794974694,44.8861038196356 26.6017660099852,44.8770584041824 26.6083722392593,44.8721619136794 26.6009016559192,44.8678171149674 26.609963571497,44.8591290871598 26.6055762079705,44.8569972109043 26.618393334569,44.8408982801105 26.6189785604647,44.8332838291612 26.6309544624654,44.8135958280628 26.6414094177339,44.8192366101045 26.6448332803465,44.822978700825 26.6593707160829,44.8152674726438 26.6709551867564,44.8111538974926 26.6787000492207,44.8087857514539 26.6811594445905,44.8107153444344 26.7139845709755,44.8195224128772 26.7187454729545,44.8091861384602 26.7765971431488,44.8151147707713 26.7980316244649,44.8014303544362 26.8102066971615,44.7953443984304 26.816851356592,44.8040834878342 26.8304296273436,44.7976785097758 26.8388428364137,44.8081607499707 26.8464616586086,44.8149493407528 26.8658124763621,44.8060832001688 26.8783877989362,44.8202558624555 26.8962949207267,44.8123656971636 26.8952009434593,44.8108928788164 26.9083581939396,44.8051634870854 26.9169649980052,44.8056675150465 26.9732747817223,44.7882913663033 26.9762069312525,44.7926352587957 26.9954689467055,44.8137921068961 27.0079732861469,44.8244700630554 27.0286099752901,44.8121792840371 27.0449020163818,44.80397334978 27.0562410251504,44.7969245250579 27.1108922808153,44.7819920983316 27.1077209803952,44.7677876733111 27.0979199283573,44.7448497367332 27.1340847784473,44.7355373118046 27.1373422751461,44.741675694669 27.1574493384503,44.7364203115833 27.1592084926729,44.7402386316555 27.1792333699481,44.7352827526424 27.1874642647627,44.7512918809823 27.1664454352794,44.7571250338589 27.1687444286707,44.762404129897 27.1481787405266,44.7679047459881 27.1556414968456,44.7887752099057 27.1772755723572,44.7872195514699 27.2030358737825,44.7860424123572 27.2034867723462,44.7870771278847 27.2235779031311,44.7826000913454 27.2215649900986,44.7753063724412 27.2307887987983,44.7687488863964 27.2440359828778,44.7571833909166 27.2576245972858,44.7496848421467 27.2693354108837,44.7632781699332 27.2886229102711,44.7858172910969 27.3095998208082,44.7746971172175 27.3361281732071,44.7982568665172 27.3411202910251,44.8026124840098 27.3657227724833,44.7895881637534 27.3638737714483,44.7874769145107 27.3819607941548,44.774683600008 27.3915924503561,44.7833701830369 27.4077587920036,44.7730170930146 27.4367941851914,44.7989585393686 27.4780122208701,44.7752073420126 27.4839400790354,44.7804338155711 27.5033394956996,44.7800512924108 27.5031255561458,44.7744276813507 27.5268330011986,44.7740182022699 27.5215646595602,44.7889024586257 27.5288586938741,44.7885472220951 27.5332143500334,44.7843182044998 27.5404714102374,44.783513785289 27.5916103806055,44.7834530994969 27.5910110547984,44.7779633563692 27.6205267270387,44.7772428977498 27.6484032109269,44.7757724944067 27.6490674487141,44.7703043169938 27.7204903900174,44.7668980240557 27.7228424708902,44.7779302698723 27.7442385298208,44.7792453455744 27.743702311564,44.7884445441983 27.7378242300616,44.7881975916223 27.7254374868457,44.7938481141386 27.7282896083841,44.8017229440904 27.7505676321773,44.8076802476521 27.7755896840007,44.8049617505995 27.782788395579,44.8152233763649 27.7885540406032,44.8187720018914 27.8004230112888,44.8147867114423 27.8058481400668,44.8198729734759 27.8264882020386,44.8200169782397 27.8262607960889,44.8096612091467 27.8208405379314,44.7998240689856 27.8207596069042,44.793624818509 27.823321668471,44.7862927081332 27.8314226341947,44.7790942303397 27.8573209519146,44.7755775494463 27.8694025811012,44.7753830424553 27.8749477385925,44.7735970145052 27.8792204650428,44.7692828353773 27.8810392754748,44.7630799309242 27.8756416333646,44.7511862178191 27.8719582402214,44.7345359932174 27.8715035397603,44.7261760961702 27.8746392703191,44.7173169229754 27.880337756588,44.7093834052287 27.8912959749927,44.7031264700127 27.9114398977343,44.6969317470928 27.9221299467992,44.6893234224804 27.9275208384772,44.6820491201303 27.9343687306725,44.6787788705903 27.9399891374417,44.678200165292 27.9588764843955,44.6797878214272 27.9679788760995,44.6698234687929 27.9834543502498,44.6595944412715 27.9927659560838,44.6546077729638 28.0041823674256,44.6456998229783 28.0156646114631,44.6412914752686 28.0239632452892,44.6343069356158 28.0317706327477,44.6252942259582 28.0340760414103,44.6171274874537 28.0332714979424,44.6129578993264 28.0326124172756,44.6072594003292 28.0259249153627,44.5995711405899 28.0161336665525,44.588703356892 28.013737992716,44.5844223675954 28.0137708119386,44.5753692956862 28.0165472760621,44.5648203498971 28.0290486714652,44.5541914282995 28.0346190866498,44.5474063357558 28.0460591274362,44.5259423829729 28.0476349289858,44.5196563944779 28.0528127168069,44.5092858831227 28.0640067284743,44.5030004558989 28.0802713852434,44.4969711122863 28.0900120191086,44.4878340017735 28.0947566443243,44.4741770284888 28.0972577240473,44.461889605011 28.0982707124451,44.4561636868802 28.1089670944626,44.442782663226 28.1104939111104,44.4372323001121 28.1046902302673,44.4286125781615 28.0885310410023,44.4204871179747 28.0759969535048,44.4160026760825 28.0708258284585,44.4112672267153 28.0694007874622,44.4039293009007 28.0588643100113,44.3960330584537 28.0432545796126,44.3846176007309 28.0390456467997,44.3786604841992 28.0312430700912,44.3713664600343 28.0245433792511,44.3621576515244 28.0216579251497,44.3564511505215 28.0196473811874,44.3449349073306 28.0174076068611,44.3402504726929 28.0139669996292,44.3329199005671 28.0118790630843,44.3220803788126 28.0019359198469,44.3117152025964 27.9969576952795,44.3045895597172 27.9789711491555,44.2917218385023 27.9675064158821,44.2741357630857 27.9498217447333,44.2571164313452 27.9361541441693,44.2506231149713 27.9229002417566,44.2476856989214 27.9084317851961,44.247561414568 27.8905687502396,44.2510432811987 27.8849425092967,44.2510450781036 27.8745831099704,44.2476946392369 27.8625861396419,44.2453365016059 27.8522049074992,44.2448629495649 27.8382712369348,44.2468569965983 27.828660497545,44.2465759035928 27.8155723654789,44.242870332332 27.8007531560989,44.2401399254896 27.7858315780714,44.2358360865386 27.7786481296365,44.23255148775 27.7573036009979,44.2160165266139 27.741501359683,44.2053233485389 27.7329621677147,44.1994250468961 27.714230337027,44.1960929875438 27.7002134607452,44.1964371177152 27.6838736791618,44.2011974429268 27.6659089493614,44.2023622308263 27.650488071963,44.2050132282661 27.636989867411,44.2060619176504 27.6294121567464,44.205322949312 27.6151503078868,44.1998430890851 27.6006588694008,44.1983251420653 27.5778133559548,44.190731562796 27.5634231398886,44.1846519903391 27.5516367392916,44.1798650640217 27.5445982540553,44.1756641270006 27.5283541535135,44.170070872055 27.5183409997607,44.1640832686901 27.5084057653266,44.1543178936903 27.503952135355,44.1513702940725 27.4847666389421,44.1439569684065 27.4759519266999,44.137743783249 27.4639517121094,44.1298108557374 27.4534588826234,44.1250745758841 27.4436250778537,44.123978876149 27.4251148736522,44.1264694134263 27.4075185627258,44.130518131677 27.3979682561261,44.1314617521127 27.392757591641,44.1319447007266 27.3768544010968,44.1283091794417 27.3594853555751,44.1288269131828 27.3457924266548,44.1312518186184 27.3278577232361,44.1392850278382 27.3151219651568,44.1405920218312 27.3053444457188,44.1404564005397 27.2953994119858,44.1381406199114 27.2746259285643,44.1280227413141 27.2713743523716,44.1263363276762 27.2583141591764,44.1247200304932 27.2527295112828,44.1201764319379 27.2418721076474,44.1179549383351 27.233492101808,44.1164645146242 27.2172749303618,44.1166781899126 27.2009122945239,44.1191002798825 27.1851915089219,44.1204962942317 27.175905426527,44.1266178122359 27.1649425321408,44.1317421290107 27.1457067009715,44.1384740422016 27.1351416548338,44.14045988192 27.1235231871969,44.1402588857615 27.1022247301289,44.1367746828162 27.0900222870287,44.1330990579999 27.0803729731915,44.132981770022 27.0610225127523,44.1356372395022 27.0419509647734,44.1446158731826 27.0297718995966,44.1434331387741 27.0186488213148,44.1410726567217 26.9945123509843,44.1339122137788 26.9868039431147,44.1336391790731 26.9689960103995,44.1357627902875 26.9619087547077,44.1361883303175 26.9408144190592,44.1333597048053 26.9285098556039,44.132445193453 26.9123187230558,44.1337120349245 26.898461956564,44.1312565371299 26.8750198782688,44.1209859597165 26.852830266314,44.1156901751263 26.840864148761,44.1114561537946 26.8263365023959,44.1034203293924 26.7835116907444,44.0852235940712 26.7779232246646,44.0824573348748 26.7628063353406,44.0778663054027 26.7237394301722,44.0726675566115 26.7236709825164,44.0745264043501 26.7080958070085,44.0762285221209 26.6902934146037,44.0744268083712 26.6779542203654,44.070919971311 26.662805450974,44.0648520327106 26.6638042336745,44.0628440861715 26.6430424179541,44.0600003998316 26.6374184055097,44.0600157764208 26.6144666139708,44.0560585717749 26.5928197337071,44.0500354710527 26.5704624186374,44.0540187951817 26.5377342538071,44.0543717398346 26.518489403941,44.0518107359066 26.5020889217382,44.0467303873785 26.4865055660187,44.0441694240605 26.4577094699737,44.0384727837828 26.4585927544101,44.03611225767 26.4451965839999,44.033739996009 26.4346273944361,44.0330978632275 26.4257620499158,44.0355335724865 26.4063665341567,44.037414819394 26.3995992944495,44.0402188765794 26.3799652119921,44.0429492143126 26.3712498179438,44.0420868707542 26.3521884444511,44.0373900719863 26.3420052369156,44.0337720117167 26.3128457287122,44.0276419033148 26.3048290239608,44.0265872401285 26.2797123064057,44.0114969920244 26.2525982737457,44.0016954464047 26.2403997182058,43.9992172554357 26.2272137849069,43.9938384147446 26.1945401431934,43.9840568378412 26.1801504833057,43.983241389884 26.1797191975718,43.9850514812578 26.1580141070468,43.9853784541613 26.14703050529,43.9841986102392 26.125114811505,43.9781206860319 26.1116731148777,43.9722051614003 26.1019342148937,43.9634509091085 26.0928524259147,43.9526878908938 26.095099102676,43.9512921650764 26.0854871489252,43.9443458740685 26.0714402733002,43.9319528609185 26.0670284491422,43.9257047885277 26.0595551919605,43.9197766042701 26.0534838827924,43.9098307200079 26.0428563128508,43.9009856248879 26.0328120405555,43.8965979309413 26.0129271399949,43.8896595948377 26.0012972148321,43.8836350343464 25.9997210069434,43.8852520218741 25.9838260098618,43.876009624536 25.976618236536,43.8699682152462 25.9599542613437,43.8635968980827 25.9524077381352,43.8593442715918 25.9399169648248,43.851827882308 25.9288004929845,43.8408577837094 25.9186181371294,43.8284452589279 25.9145273576765,43.8182049044251 25.9104788061963,43.8116242509037 25.9028615278026,43.8085977187513 25.8872097220341,43.7950820166259 25.8812895429534,43.7861894384492 25.8843553457671,43.7834641986917 25.8549874485084,43.7607611292481 25.8458914529362,43.7564200574679 25.8354847561845,43.7531071268972 25.82377243821,43.7498450498212 25.8215729613463,43.7516589070665 25.8059931405618,43.7415459197583 25.8013495284008,43.736638268735 25.7925201468699,43.7204196103108 25.7799958085747,43.7102930479099 25.7584561597965,43.7018970038226 25.7417720737003,43.6949119921459 25.7341791767685,43.6926311609926 25.7190533229498,43.6900318296082 25.7186030541632,43.6916121846857 25.7009194234863,43.6920542973114 25.6718839028244,43.6913359992612 25.6652020798398,43.6898208449905 25.6488518509881,43.6824795532943 25.6412603771038,43.6765527416191 25.6242569883597,43.6724618375331 25.6100229965209,43.6672183359539 25.5892440810635,43.6572457381556 25.571013904922,43.647088417797 25.5606189746646,43.6442621797646 25.5446611244816,43.6429774498785 25.5263954057847,43.6449694112072 25.5093740718921,43.6449067982175 25.5083254361145,43.6468480646711 25.4766754910002,43.6404520070167 25.4601875650641,43.633065773763 25.4505431182688,43.6303895574878 25.4509980942199,43.6283956880457 25.4357028647729,43.6265152239323 25.4064606727095,43.6206672354323 25.3901542254594,43.6190192204191 25.3833050186761,43.6194990498257 25.3731964697736,43.6222742057216 25.3682217631835,43.621707914853 25.3512242348827,43.6265628582694 25.3395156012662,43.631715610284 25.3224735599803,43.6438320919596 25.3074099326042,43.6498982991352 25.2877058956111,43.6558932452052 25.2851971081449,43.658914047071 25.2721316101373,43.6692668510082 25.2678188667095,43.6742115388176 25.2522753245162,43.6826725417596 25.2462181686647,43.6843007234854 25.222453879548,43.6879934311913 25.1965091628065,43.6932314996047 25.1894013862896,43.6953405696091 25.1731299499705,43.6994011351919 25.1437638609399,43.692679019805 25.1372760570701,43.6927174315472 25.1326836495615,43.6901528049465 25.1112605705062,43.6845682611212 25.0961025003745,43.6850599580265 25.0847262244442,43.6876143258242 25.0673164568749,43.6897304671117 25.0535401646174,43.6922135216734 25.0472358954007,43.6945893938973 25.0264195031675,43.7092415052591 25.0155282121166,43.713786250279 25.010354923293,43.7222583679102 25.0055104450129,43.7251077987701 24.9985095489448,43.7272900208361 24.9722066225149,43.7280224204995 24.9593628694466,43.7298089421235 24.9507696135722,43.729449894679 24.9447588406757,43.7286507990401 24.9330834506353,43.723297634455 24.9329454014271,43.7159492903844 24.9235536446814,43.7160643020565 24.8994908773841,43.7113855703069 24.8790632771905,43.7068176966964 24.8638019413346,43.7058964792259 24.8558286611829,43.7067705564105 24.8362674534167,43.7125745777784 24.8239560862443,43.7132697821702 24.8094700570575,43.7112126915046 24.7991723989358,43.7078647179467 24.7725637353396,43.6945608404772 24.7525186747481,43.687083318312 24.7343627578223,43.6850857618245 24.7204968007704,43.6880492042024 24.7048153616883,43.6937761514591 24.683459929657,43.7049549970206 24.657079680613,43.7236355067814</coordinates></LinearRing></outerBoundaryIs></Polygon>
  </Placemark>
  <Placemark id="ro_admin_macroregion_simplified_polygon.4">
	<name>Macroregiunea 4</name>
	<Style><LineStyle><color>ff0000ff</color></LineStyle><PolyStyle><fill>0</fill></PolyStyle></Style>
	<ExtendedData><SchemaData schemaUrl="#ro_admin_macroregion_simplified_polygon">
		<SimpleData name="id">4</SimpleData>
		<SimpleData name="version">2025/03/26</SimpleData>
	</SchemaData></ExtendedData>
      <Polygon><outerBoundaryIs><LinearRing><coordinates>22.9484474614974,43.8188039804328 22.9339538940873,43.8235498150711 22.913001192622,43.82501920342 22.8948812002003,43.8287432946773 22.8734844148648,43.8350391928276 22.8665158952369,43.8383063057453 22.8529683888412,43.8504629468197 22.8426933386591,43.8637958236368 22.8419180195611,43.8727548230813 22.838724367308,43.8778471510118 22.8382849606947,43.8866868174305 22.8476669356554,43.9042067268168 22.862060711095,43.9238948693587 22.8635413564744,43.9328683596923 22.8602474480069,43.933769458564 22.868259590101,43.9476210683458 22.8732548748098,43.9660537436006 22.8787303375622,43.981563144051 22.8917405741968,43.9917925028929 22.9096655140659,43.9944361031783 22.9288972975883,44.0012419956987 22.9697550338105,44.008513806946 22.9707399863819,44.0057119301629 22.9786069770975,44.0063698560672 23.0040495448498,44.0111078921508 23.0100556869159,44.0134259687203 23.0165407952854,44.0186236194406 23.0138982603897,44.0205649765596 23.0229977376447,44.0278319535693 23.0305409703016,44.0354594787158 23.037817726485,44.0446724712685 23.0456584783532,44.0578944305471 23.0458993544205,44.0634552428782 23.0445183820603,44.0679895902201 23.0372916112788,44.0795909250252 23.0243512638212,44.0893568995353 23.0132112019278,44.0936799511919 22.9915575147093,44.097780340835 22.9638613870697,44.0985287989406 22.9359779509668,44.0997581315086 22.925480257301,44.1021354642928 22.8989613018841,44.1146978294817 22.8802137966961,44.12761891514 22.8710152340816,44.1331268019893 22.8481446608366,44.1425242122053 22.8406256492717,44.146474562805 22.8132146599416,44.1538202934766 22.7961858994128,44.1630517596833 22.7821756100364,44.1718815621147 22.7494214541216,44.1978506070157 22.7362907970784,44.2009804971414 22.718050651166,44.2030087850217 22.7081138045953,44.2031212005985 22.6944875011096,44.2044783971896 22.6859723931213,44.2079884209437 22.6734063647096,44.2168214162834 22.6717633776144,44.2223494322005 22.6737393430702,44.2330124534067 22.6844386387602,44.2509921298461 22.685220256898,44.2651664187523 22.6788032367974,44.2781326284623 22.6718764445251,44.2835942885088 22.6449541489289,44.2925310349288 22.636929528717,44.293798967489 22.6172887575919,44.2932985402784 22.6052054146975,44.2955194203573 22.5940027971214,44.2989958726406 22.5781760219072,44.303571399233 22.5636418077358,44.3055183084281 22.5555710869838,44.3115808134414 22.5478000522095,44.322648180098 22.5297443329948,44.3344069969963 22.523907323806,44.3392997580521 22.5166401444766,44.358358496032 22.5084593571874,44.374118925832 22.5037642555757,44.3804583114475 22.5008395673387,44.3910000816718 22.4989046488933,44.4125264438993 22.5016953439484,44.4172580381296 22.4811179525468,44.4327062894984 22.4718460687115,44.4367790473975 22.4642932570767,44.4448649985198 22.4616782731473,44.4527549911757 22.4576916618218,44.4590696784143 22.4559979491471,44.4700327775849 22.4609882305956,44.4774734238316 22.4656546154529,44.4797255940981 22.4739260567148,44.480625426263 22.4964999554827,44.4775714180649 22.5168238391601,44.4716656995362 22.5241790957596,44.4725800139262 22.5482164892295,44.4816754916824 22.5551833416571,44.4897801033519 22.5603755495878,44.5051637747954 22.5604485063043,44.5204918484474 22.5629029394401,44.5331414000258 22.5725098933183,44.5434931210453 22.5821747115675,44.5493141739219 22.6005075334091,44.5521453499783 22.6146950824701,44.5523965504319 22.626509535545,44.5499863145275 22.6347321692859,44.5461393521703 22.6427535658214,44.5445094081658 22.6502685183223,44.5389556848207 22.6547129342718,44.5359461209176 22.6843068501685,44.5197913305499 22.6918927398878,44.5172026961599 22.6991445102197,44.5167424965313 22.7114269527473,44.5194804960544 22.7305940492138,44.5271388225462 22.7589650122102,44.5367129433509 22.7631167504436,44.5400089288543 22.7638113974179,44.5474036764602 22.7613116908921,44.5551759829248 22.7563594277227,44.5621627511835 22.7340977928148,44.5821846948547 22.7092096247667,44.6019848728901 22.6922499416146,44.6050352987558 22.6828323946794,44.6087274690151 22.6770896565595,44.6174958746657 22.6681423229201,44.6192320319458 22.6397838946577,44.6147680051639 22.6266872607275,44.6140944039105 22.6182157687756,44.6155029511816 22.6012464504168,44.622290826903 22.5805360283697,44.6322097103783 22.5688202230502,44.6370799230988 22.5593264312867,44.6486675140289 22.544306892149,44.6610794288778 22.5380028797408,44.6636696628501 22.5348620364337,44.6677870313108 22.5240915801705,44.6762201906354 22.5145979935968,44.6818988467676 22.5090588722477,44.6897525644641 22.4954047513089,44.6978493368695 22.4792499058693,44.7096245727077 22.4690547258465,44.7135194207251 22.4664770572408,44.7141412588234 22.4638993351364,44.7147630383929 22.4322944982325,44.7100702113855 22.4209289613131,44.7062028586522 22.4098381839633,44.6962788178111 22.3984253045715,44.6846142602159 22.3896750258706,44.6793077523163 22.3837301581728,44.6762641990982 22.3679238824625,44.67226010613 22.3572597104729,44.6726650379386 22.3392379323706,44.6765132247567 22.3316497478863,44.6752619365458 22.3187723033641,44.6651565357746 22.3084591123325,44.658711706361 22.3034412703811,44.653199231084 22.3024664348359,44.6444553401663 22.2991394123718,44.6381240976476 22.2743926194851,44.6254279031356 22.2705595068682,44.6083504550057 22.2645073364123,44.5962091310462 22.2557500467155,44.587345450382 22.2411989592166,44.5707983603894 22.2302358165064,44.5613786085595 22.2141671437156,44.5364122355879 22.2084991295565,44.5252570510511 22.2024948882533,44.5167669798769 22.195147894246,44.5098190532242 22.1899399986502,44.498192612383 22.1912540773617,44.4928150683738 22.1872654086522,44.4849489113342 22.183105731719,44.4810044193285 22.1730769291501,44.4759193719324 22.1454602620672,44.4727065969316 22.1371155621975,44.4729583109763 22.1281140611279,44.4752453853653 22.1234595150653,44.4782289420899 22.0896981743992,44.4957716906235 22.0762502041663,44.5052733728993 22.0734591131779,44.5128159610646 22.0738369813721,44.5199773172785 22.0681119746744,44.5287017047509 22.0565287349965,44.5359485909612 22.0416066408223,44.5431729577922 22.0352698228861,44.5492309770853 22.028069611484,44.563013501337 22.0255201859358,44.5728790858234 22.0267247033645,44.589068285277 22.024811056956,44.5937855648409 22.0161485873382,44.5992036606346 22.0054285723831,44.6070083061205 21.9986690672288,44.6284723710751 21.9896092443578,44.6337029647873 21.971353499949,44.6330840940418 21.9507659092033,44.6351157619107 21.9406582485537,44.6382743993374 21.9202623122184,44.6467806839503 21.9144336588851,44.6476292926428 21.8980264106225,44.6448718890203 21.8884638113036,44.6454852236904 21.8679159111099,44.6502467336457 21.8590564422718,44.6508647804556 21.8422015832517,44.6543374651362 21.82967515383,44.6513188073074 21.81629683046,44.6504120282546 21.809796744045,44.651915164851 21.7965499272926,44.6630148667838 21.7913636169398,44.6640451195372 21.7710525273072,44.6611283880551 21.7439532805705,44.6553531119282 21.7287849417523,44.6534990727585 21.7188090671539,44.6539100566781 21.7123368992921,44.6558805819101 21.6965123489606,44.6637080423254 21.6890456543848,44.665265921232 21.6757177566572,44.6649595438125 21.6525448933732,44.6603627675197 21.641152075411,44.6593046607194 21.6326631852164,44.661287391626 21.6200885613695,44.6689284891228 21.611609695817,44.6862762750908 21.6108855780224,44.69968447539 21.615332449673,44.7133551407806 21.6091452516776,44.731588195938 21.6051591641341,44.7380854023697 21.5915145025213,44.7555556286952 21.5877566485934,44.7583960123879 21.5642896955696,44.7669874837639 21.5401460171314,44.7721419993105 21.5310274038477,44.7729556496541 21.5042501583003,44.7711493097231 21.4598406765958,44.7769343388529 21.44624960691,44.7752129599757 21.4353146207498,44.7754002894873 21.4247710840841,44.7733653092024 21.4148038684623,44.7740901337855 21.3991544283431,44.7779666351347 21.3922222684806,44.7829114044288 21.3894864370428,44.7886356812646 21.385155470797,44.8050796160684 21.3764712641816,44.8152729901477 21.3654651515441,44.8199673925765 21.3582625831003,44.8217013518413 21.3564037208827,44.8271382848429 21.3642234829657,44.8292184888135 21.3540506043501,44.8382776414988 21.3582949359521,44.8438245492336 21.3577207550891,44.8498830947711 21.3669239704326,44.8645659584167 21.3710158908696,44.8666562400123 21.3833409942186,44.8653297621488 21.387744072168,44.8697506772423 21.3965598320589,44.8666362858445 21.406708016078,44.866652069628 21.4158327836353,44.872647777023 21.4268446133366,44.8712581353703 21.4314686063893,44.8682936727177 21.4356159432779,44.870995895278 21.4411359335677,44.8696169846398 21.4451816074858,44.8734713595398 21.4544528701471,44.8735167405938 21.4640335435648,44.8674187150125 21.4675703834615,44.8701920235577 21.4795513975061,44.870910628414 21.4849145589872,44.8683946676677 21.488503148861,44.8716101266251 21.4934118018464,44.8712968895961 21.50680457788,44.8762302082832 21.5107655976959,44.8800419902015 21.5326548500728,44.8824919965073 21.5601265435898,44.8890042385679 21.5574058754051,44.904761946181 21.5581789627214,44.9066243163843 21.5507987454099,44.9157758406654 21.55269857005,44.923884235884 21.5466812721743,44.930524764391 21.5255091499917,44.9395244459286 21.5197441537845,44.9379833902084 21.5065847367298,44.9442970059654 21.4896665876947,44.9494774519897 21.4692552327068,44.958458889004 21.4455063705183,44.962199908318 21.4381746377276,44.9605588496286 21.4067572459269,44.9785138760721 21.4147469193737,44.9867868507308 21.4050618865872,44.9898036509655 21.4066137805985,44.9924446500527 21.3884389232391,44.9980573673207 21.3829732377294,45.0018329576849 21.3602408295189,45.0203773867809 21.3740196956319,45.0280513379478 21.3909414125125,45.0269569296524 21.4000555206886,45.0302015450075 21.4050021880084,45.0347235286019 21.4122715233548,45.0363346317067 21.4263117018995,45.0353890600803 21.4561200424121,45.0404317023134 21.4501904345028,45.0520993706502 21.4471642610698,45.0547878438655 21.4506782540127,45.0611046878274 21.4551816916557,45.0631198149211 21.4601633921127,45.0724016753405 21.4733200744376,45.083119176801 21.4747483487753,45.0861992082236 21.4832843835025,45.091302260623 21.4810491039181,45.0954278423449 21.4753556402512,45.0987710906586 21.4697533586993,45.1046780188253 21.4746398755926,45.1117196713961 21.4784163921018,45.1212483398872 21.4875634955263,45.1254429789727 21.4957206130659,45.1245514881607 21.5031776646333,45.1281317480479 21.5274774069357,45.1379249272356 21.5289046898683,45.1473680828151 21.5273172236636,45.1509962292446 21.5235590244976,45.1593559849703 21.5164289289379,45.1688592977056 21.4930229040497,45.1735763692682 21.4833941037805,45.1913559975022 21.4792136831548,45.1930775310554 21.4577798623944,45.1986580904488 21.4387981688441,45.2028034949258 21.4305309425106,45.2132637159608 21.4115483803667,45.2215427874784 21.4108967419165,45.2248193091448 21.4030777654625,45.2291860402225 21.3953595526772,45.2187861159281 21.3697325883729,45.2260546546983 21.3601223030059,45.2220735963925 21.3438399928365,45.2318148415903 21.3394380259258,45.2358379172812 21.3326112572856,45.2345426119963 21.3201530036314,45.2373360639376 21.3052741880108,45.2391681283561 21.2923293944777,45.2422701298126 21.2752026412103,45.2294448533212 21.2570725115923,45.2394146283547 21.2556722164272,45.2413655665353 21.2234111936483,45.2529823647128 21.2185796279402,45.2505485485817 21.2024970974994,45.265193230445 21.2085516799497,45.2750834731495 21.1966319917744,45.2820578439709 21.191096923154,45.2872073304017 21.1894438496719,45.2938553236104 21.1796679448243,45.3124317026412 21.1833563408986,45.3163036159543 21.1833158961294,45.3209441297055 21.1753025760943,45.325251211894 21.1659528845243,45.3196773666331 21.1616198373046,45.3251357883844 21.1495681243199,45.315907701598 21.1541896514983,45.3123794006944 21.1445076348297,45.304794202949 21.1279737340073,45.3046506787344 21.1196425997261,45.3020907386577 21.1097095209035,45.3007164202135 21.0965943749126,45.2958610367667 21.0809930947461,45.3177951184417 21.0711058199163,45.3151600934924 21.0612004696132,45.3158808914545 21.0634470722931,45.3319371696879 21.0296847450031,45.3260475815311 21.0206477172254,45.3250402831823 21.0165407472417,45.3246119550036 21.0098925458653,45.3412727865298 20.9995749502582,45.3416310797575 20.9873812695967,45.3502633195047 20.9816627374156,45.3572658789568 20.9692638672268,45.3639383922743 20.9603195559823,45.3667667998051 20.9508447476794,45.3748134314193 20.9483350147644,45.3855799659293 20.9312299249329,45.3867680329528 20.9300599912262,45.3923115009845 20.9355174775618,45.3927215458229 20.9313994943858,45.4020265574893 20.9239680654347,45.4072396538544 20.9202673280581,45.417215422359 20.9004973859517,45.4168694663747 20.8751361850013,45.4259098906248 20.8647009915036,45.4317656039227 20.8657734957209,45.4352432569108 20.8753700101301,45.4390791221565 20.8741781731681,45.4463445629601 20.8810677831097,45.4461651023453 20.8775573679432,45.4501689215245 20.8788271578461,45.4539363831851 20.8704425339764,45.4558310369708 20.8711979511986,45.4599072200912 20.866126555494,45.4652419015139 20.8597914172239,45.4663720907424 20.8329752591038,45.4799559701324 20.7710799105395,45.4799104462205 20.771103552968,45.4880741931604 20.7770069608731,45.4904714264461 20.7687559828866,45.5001027900356 20.8043017223969,45.5146730693484 20.8070925525017,45.5157942273411 20.8281090520655,45.5339748685894 20.8327490551437,45.5358436625081 20.8195453096879,45.5503696019413 20.8231966672438,45.5518628116751 20.8112767615946,45.5658208592838 20.8134480679673,45.56804319778 20.7954362542106,45.5874502673849 20.7720183638909,45.5828210583714 20.7657531329066,45.612599118722 20.7794480124007,45.6226082342884 20.7888275518213,45.6455386420276 20.8048921815674,45.6572923741427 20.8000358908949,45.6719347635232 20.8030341040127,45.6819986296511 20.7961474777766,45.6870409672343 20.8024432260506,45.6998487070905 20.8010710266087,45.7019297952781 20.8025941374372,45.7377900936204 20.808130927253,45.7484129559835 20.8159667021094,45.7492567149885 20.8175043589576,45.7520726061692 20.8230630771079,45.7750830646744 20.7835581248627,45.7858692579932 20.7741028843692,45.7545146131349 20.7327107375798,45.7558058665797 20.717921611842,45.7519441753636 20.7131689812771,45.7496790258281 20.7074898055247,45.7512833537629 20.7002640189487,45.7506804626776 20.6968513601322,45.7605089095742 20.6929520413397,45.7598208409266 20.6907119471421,45.7662892352491 20.6946535464052,45.7669244398284 20.6906176306036,45.7783247477475 20.6813758191961,45.7973037592702 20.6628350063434,45.7941496701419 20.6570824608627,45.8080250094713 20.6506099703129,45.8116280168755 20.657929814265,45.8245691784744 20.6603675326095,45.829145138052 20.6117452950759,45.863910777169 20.5989111816937,45.8616464502339 20.5944254762254,45.8716400476324 20.5815015316751,45.8693987765336 20.5745843757578,45.8839728957322 20.5787551547821,45.8849610813274 20.5693299000745,45.9101017600173 20.5542811737884,45.9073501989581 20.5465107095238,45.9059062973057 20.549586843847,45.8999121386517 20.5158083702458,45.8920958524327 20.5017659951697,45.9106514976238 20.4829194082937,45.953415450364 20.4475342902419,45.970115050485 20.4054667849409,45.9652369705106 20.3483204240048,45.9996253713611 20.3576246561164,46.0058709672599 20.3406228203643,46.0362615804794 20.3398624973463,46.0392259308817 20.3431993958889,46.0471965091083 20.3292935648752,46.0585803858319 20.3092780627134,46.0720872218078 20.3022052817556,46.0865988668815 20.2732155908033,46.0983025465184 20.2646295740246,46.1090904001738 20.275365845926,46.1125824756419 20.2719483541257,46.1162796198889 20.2630810774032,46.1188160973439 20.2642750623149,46.1263330754103 20.270224915827,46.1271879967449 20.2714182932643,46.132119236259 20.2755079196952,46.1335667349136 20.2831331261601,46.1418065540222 20.2968503934193,46.1522226676239 20.3092075770738,46.1564531523083 20.31264332172,46.1501553599748 20.3556334858633,46.1696595795212 20.3684723134442,46.152912939061 20.3775971048289,46.1577550525666 20.3811374128577,46.1579020659849 20.394286666428,46.1525946091455 20.3975053836295,46.1573738100309 20.4170624747555,46.1484267810907 20.42632265863,46.1451891785797 20.44549335905,46.1417943854201 20.4592124556272,46.1428732074925 20.4728769834992,46.1524137550755 20.4767998334562,46.1564330029695 20.4932566006687,46.1692592643513 20.496339344146,46.177969660683 20.4917867724583,46.1807433023598 20.497511944654,46.1842311996762 20.4965028447414,46.1884244109335 20.5012510852781,46.189970054595 20.5235793296846,46.1812613751899 20.5414401988205,46.1795997110348 20.5494120063446,46.176912038293 20.5536252367475,46.1735663142554 20.5953802591086,46.1501097981481 20.6112438570593,46.1444148163029 20.6162027543811,46.1400000683621 20.6269658561427,46.1314315936164 20.6345689601631,46.1270402545111 20.6425981367235,46.1284622164027 20.649388744592,46.1353073591488 20.6499470639272,46.1427861400414 20.6541538095501,46.1487802478543 20.6681180435557,46.1509035630994 20.6800878565385,46.1451421691242 20.6856082410448,46.1452239151783 20.6912178435382,46.1495091659327 20.6950964068535,46.1586678572634 20.7053042572185,46.1613453473053 20.7139434960235,46.1659305560384 20.7223475693448,46.1874679470692 20.7313779293674,46.1904818390329 20.7336692858552,46.1930879188034 20.7256669326466,46.196481429347 20.7284907900101,46.2050213134932 20.7273556554139,46.2074110582611 20.761844151141,46.20444207051 20.7488299183482,46.250620860606 20.775579736605,46.2759078251208 20.7892225921183,46.2730808912969 20.8733944596514,46.2874165996354 20.8905336263993,46.2713819721898 20.9222129075274,46.2617611169465 20.9250600738588,46.276196472535 20.946666528715,46.2791617989877 20.9524880360298,46.2648395435711 20.961143076879,46.2622561746328 20.9903436463475,46.2595296531243 21.0161902042445,46.2633180470136 21.0249515948236,46.2664922154181 21.0366622096577,46.2478816567654 21.0598229690332,46.2447209084087 21.0660001174566,46.2427546846005 21.0711538241106,46.2538617880892 21.0798241794622,46.2520334891648 21.0906477319146,46.2581332705924 21.0944259078463,46.2623678776627 21.1031520803916,46.2625886461542 21.1091381983373,46.2780332348923 21.1155274721952,46.3016301071977 21.1225725466068,46.3008887578828 21.1453640606822,46.3046916930477 21.1475976761701,46.2992431736138 21.1515360603882,46.2975502809519 21.153621081895,46.2984598783085 21.170035098922,46.2980381277343 21.1756941888649,46.3029259350864 21.180539414573,46.3041082450268 21.1731220700302,46.3183936079973 21.1775126607544,46.3234480402318 21.1761537212754,46.3355600765783 21.1903698821707,46.3391230658128 21.1952615481284,46.3438549850175 21.1994552499601,46.3479051643383 21.1974678901088,46.3697463232708 21.1964809542152,46.370834643294 21.2009892148908,46.3858387721032 21.2062858960302,46.4032296175675 21.2163160657797,46.4018293271124 21.2191046411684,46.4110884031477 21.2253464841351,46.413525831697 21.2396266283201,46.4103339300388 21.2527204498366,46.4096953632551 21.2753903909067,46.4066839250839 21.2832449420355,46.4031730098249 21.2962730478465,46.4066918624256 21.2895297531194,46.4135077328234 21.3033599141187,46.4320624323531 21.3118665868414,46.440479746342 21.313252227506,46.449458549839 21.3174452177169,46.4506539724667 21.2963170090103,46.4761138568943 21.284118370982,46.4772503394611 21.2743269509567,46.4764759467399 21.2727515678548,46.4833627403121 21.2603833865269,46.5019449574358 21.2761310358756,46.5349933930174 21.2741644914803,46.5407391545222 21.2803779171685,46.5449516117354 21.2896743881819,46.5443216811248 21.2936127988635,46.5522299502787 21.2975139604649,46.5534141501656 21.3048163229079,46.561179857524 21.3034508099961,46.5642535209139 21.3144265301048,46.5750162968488 21.3207135259247,46.5827884200415 21.3070460571589,46.5863865850812 21.3011560647473,46.5907709126547 21.3068728452218,46.5989266724046 21.3069110957912,46.6017932284807 21.3141037440916,46.6175558628435 21.3247164885938,46.6281263995937 21.3298743068479,46.6315673502061 21.3346208555603,46.6290773871914 21.34776120776,46.6313809187253 21.353128661614,46.6302652405654 21.3655966397222,46.6378731688017 21.3788613947794,46.6328941865716 21.3815601964299,46.628265954808 21.4093054893392,46.6220976780691 21.4117799576314,46.6255291327417 21.4139420367304,46.6346104623554 21.4164135639269,46.6425093469746 21.4216696222219,46.6464557723697 21.4321253717575,46.6480862166328 21.4414743253344,46.6514439001239 21.4492645338687,46.6514606421739 21.4737957913132,46.6544585039493 21.4646555725348,46.6589804500723 21.4600522064985,46.6551227884775 21.4538503476138,46.6581965586441 21.4590897148442,46.6618655901051 21.4714235897813,46.6607913759338 21.4786128041372,46.6558864502068 21.4810218244923,46.6514351972548 21.489994080136,46.6534027329842 21.4974570317061,46.6612442782075 21.5027851648572,46.6596170548251 21.5101627267775,46.6538469306653 21.5121943782626,46.6466990327059 21.5115245854093,46.6366170101647 21.5333043053723,46.6321364588743 21.5392667849946,46.6292479597672 21.5430659174086,46.6205954711368 21.546789904547,46.601331505429 21.5519997530857,46.6030393890297 21.5677030954292,46.6004107560114 21.5678118553189,46.6128879706988 21.5604068117051,46.6195407147792 21.5687581522926,46.6257148621928 21.5643814001523,46.629924336219 21.5627744084814,46.6396231371912 21.5654493988775,46.6402651654077 21.5717059669373,46.650190764313 21.5846292315968,46.6501974207008 21.5890970295059,46.6478485751184 21.6032692836805,46.6475526553869 21.6097415904764,46.6449022732339 21.6203516017048,46.6461907316961 21.6286398137695,46.6494973888541 21.6305879884729,46.6521527691348 21.6355364240523,46.6551228704083 21.6451299195719,46.6653139287699 21.652021296229,46.6627227444904 21.663719881713,46.6645583309765 21.6701677583717,46.6635080568835 21.6887059751555,46.665122411677 21.6975443225839,46.6597953099328 21.7057992418117,46.6593264132706 21.7139906103002,46.6584740245054 21.7214006626583,46.6619542606003 21.7294407203485,46.6633602650767 21.7314273081855,46.6594851145723 21.7408532429173,46.6619729969893 21.7552414573851,46.6632930791557 21.7728140424837,46.6589802678521 21.7837347803306,46.6541386773629 21.8096138419421,46.655946753092 21.8218980823309,46.6615007885024 21.8290582463436,46.663110165708 21.8390914540385,46.6683551927275 21.8523900252511,46.6689994461724 21.8621117588499,46.6725088315492 21.8693268616355,46.6808748688659 21.8742216302414,46.680049085985 21.8847249729,46.6746879817875 21.8943961652857,46.6726573732439 21.9053718909301,46.6685950142435 21.910479976052,46.6629515949875 21.9073658539566,46.6574469825442 21.895113440769,46.6469086816307 21.886711116039,46.6379910234751 21.8813439664239,46.6311525212633 21.9108022750055,46.6304687025278 21.9104936112164,46.6274958361077 21.9265556008526,46.6226634059676 21.9440060864878,46.6212769315305 21.9522264558312,46.6170802631204 21.9580243959382,46.6170660049641 21.9654273541621,46.6210945057841 21.977187817237,46.6201345444873 21.9889459225063,46.6206782370262 21.9919427422272,46.6238451536933 21.9989084916311,46.6241046825583 22.0066935009821,46.6309120430971 22.0095790384764,46.6371756885343 22.0172072024408,46.6415142396292 22.0213077139399,46.6502653848029 22.0252104579209,46.6497185192206 22.0283543024095,46.6447552572503 22.0419144874386,46.6420413095023 22.0455451051656,46.6370921817162 22.0539190695076,46.6381136924663 22.0783383279388,46.6323216487291 22.0864516876428,46.634936303123 22.0889693270292,46.6295122874968 22.0881874444807,46.6189647200169 22.0941150210737,46.6142781003292 22.1014827787486,46.6135828136414 22.1083654971617,46.6155618716793 22.1096446504275,46.6071770195773 22.1139540257938,46.604393963728 22.122239820378,46.6018962583833 22.130550708943,46.6027048872238 22.1330114805998,46.6066315169204 22.140366442407,46.6027654850169 22.14771106198,46.6028022425071 22.1563595987862,46.6050157072847 22.1683955446037,46.6038726836421 22.1753012777077,46.596287530195 22.1699705000072,46.5833102807361 22.1664742906908,46.5819077188577 22.1644506967533,46.5711973576795 22.1700928439325,46.5647500200376 22.1693103501164,46.5607635801772 22.1748474848628,46.5581952937796 22.1755372701864,46.5533857560187 22.1791361339052,46.5468659536082 22.1797407641008,46.5394823403389 22.1754976430983,46.5364032453948 22.1840376068494,46.5259689793742 22.1896812848599,46.5244289763927 22.1915920837461,46.5207172302322 22.2032907574725,46.51196638278 22.2092882709665,46.5120940590014 22.2180355253023,46.5211698772589 22.2221220079803,46.5160181781078 22.2290048794983,46.5142473009446 22.2289635517517,46.5090300687509 22.2389149805571,46.5083364106174 22.2410345862278,46.5060075447344 22.246070179354,46.5023434637573 22.2508694438256,46.5038756906468 22.2567536310987,46.5070769688821 22.272398809933,46.5008046337215 22.281818146731,46.5026030119642 22.2969034679603,46.5101063304969 22.301956967294,46.5099449749696 22.3148552475659,46.5150901133677 22.3251690662243,46.5145159751894 22.3232868293253,46.5114156007993 22.3274055919969,46.5015499312308 22.3234404023624,46.4954190325841 22.3283784872248,46.4904186175524 22.3233261301033,46.4834751227134 22.3289615509864,46.4784136791573 22.3350033951612,46.4780779357571 22.3393597216827,46.4735529883203 22.3445583401433,46.4616532273661 22.3466822105588,46.4532566489103 22.345406043709,46.4496557645014 22.3518820761908,46.4427487362503 22.360075172352,46.438916511903 22.3739046018148,46.4391304941919 22.3790267880605,46.4341259388792 22.3819538513312,46.4302992152579 22.369175162328,46.4276681821817 22.3772497431622,46.4243673329079 22.4012353087992,46.4096580536717 22.411388158327,46.409171021447 22.4161286183673,46.4013626719956 22.4245265793703,46.397460230293 22.4241370326395,46.3933290113534 22.4306193979267,46.3920197718499 22.4524394714495,46.385046136913 22.4658526755511,46.3868923483007 22.4702153762707,46.3855695365785 22.503757408712,46.3862262144158 22.5184807747622,46.3870020775571 22.5352993601867,46.3897918771289 22.5544269707862,46.3940100089894 22.5657869333195,46.3924384625714 22.5738377787588,46.3977788523292 22.5925077215846,46.3972602333355 22.6066058584727,46.3930638077791 22.6261929254754,46.3900534459803 22.6345724931459,46.3897059910518 22.6493056507668,46.3914876780895 22.6564967443957,46.3970711965385 22.6607801607125,46.3976965986887 22.6663893880113,46.4041459332104 22.6765761490709,46.4058343613381 22.6756285212444,46.3949783745268 22.6806841751979,46.3876989797376 22.6822916340375,46.3851858075275 22.6914922485126,46.3838544521099 22.6987457164725,46.3787336156769 22.6977317111422,46.3710228826962 22.6993130432336,46.3655517791713 22.7138872547368,46.3621867861586 22.7278144252775,46.3636304148527 22.7344165717325,46.3589975933736 22.7431315063228,46.3567022990083 22.7487171832805,46.3512159547953 22.7617923538702,46.3526747603067 22.7662618546317,46.3503134141799 22.7739166777486,46.3503938505536 22.7831364432926,46.3414405929578 22.7896161652813,46.3387373016665 22.7994449236983,46.3388306405151 22.803687423807,46.33441514248 22.8046954440107,46.3297835028166 22.812032512385,46.3260593701164 22.8210554702278,46.3287851692322 22.8346072428399,46.3276595241434 22.8518046409559,46.3295892512266 22.855278884462,46.3355976573641 22.8706225980014,46.3378903705149 22.8781116840541,46.3372906622704 22.8893246830893,46.3333017317962 22.8985692107993,46.3320799010002 22.9164588483262,46.3296659137871 22.9257225310859,46.3305977383434 22.9356147606764,46.3246981624131 22.9353837701177,46.3174376193384 22.9391322885288,46.3105680957948 22.9432985501526,46.3068083651472 22.9434401220366,46.2983012703591 22.9522424953706,46.2964136760468 22.9582243115687,46.2928303563216 22.9600276067087,46.2874379892318 22.9650659124723,46.2823827332301 22.9546293173813,46.2712860688049 22.9477165571912,46.2670231255592 22.9549311196639,46.2605628426892 22.9541191387265,46.2550254018587 22.9569064049755,46.2455199975047 22.9601562297913,46.2441465571754 22.9673222546903,46.2405207408989 22.9678886562112,46.2361800527981 22.9753401028509,46.2339221146731 22.979491269084,46.2275427819831 22.9822491092367,46.2173742925639 22.9910991898645,46.2182138229565 23.0026733760733,46.2116966039429 23.0122178188206,46.2147836191228 23.016425788672,46.2122695865244 23.0250984225167,46.2121490794838 23.0298323530738,46.2095576065433 23.0394465307749,46.2080881226273 23.0505145765548,46.2137945255989 23.0572856751683,46.2093034194097 23.0694326053504,46.2075527372759 23.0694390805851,46.1986871450099 23.0865573399806,46.1890361634362 23.0902171560381,46.184438458157 23.0955360004674,46.1823082389055 23.0913332376882,46.1772070728786 23.0905265892587,46.1659351795762 23.0963810094248,46.162635267092 23.0952948728863,46.1588042922121 23.1037625833407,46.1537392133671 23.1044010832169,46.1499750303566 23.0990169434103,46.1389181083579 23.0856091438448,46.145142455863 23.0800547242955,46.1495851202162 23.0763828454862,46.1451247585162 23.0661369225316,46.1427212461173 23.0588230822327,46.1428217742898 23.0553517989795,46.1406190610087 23.0578652082209,46.1315522698122 23.0678982697416,46.1223376637269 23.0644247167496,46.1167648804849 23.0647934984905,46.1100447076131 23.061987352547,46.1062697446974 23.0753060409482,46.1071760540973 23.089470524393,46.1002113267209 23.0907181715475,46.0948965759871 23.0862901892962,46.0941813911301 23.0871844456543,46.0887229348105 23.0810865121068,46.0814599802816 23.0893562460039,46.0766654646036 23.0862075380411,46.0676672735947 23.0988868402691,46.0640619724474 23.1026637432246,46.0617006595551 23.1035576049563,46.0518478108543 23.1017562412873,46.045527906527 23.1085804070157,46.0467148219248 23.1188128427872,46.0422539756336 23.1293600499403,46.0428143355571 23.1345064148217,46.0388068165594 23.1534247111973,46.0350310639568 23.1628687041821,46.0320313590123 23.1697263130396,46.0328492599561 23.1779159126546,46.031354675921 23.1842445569797,46.0271244111599 23.2000557821768,46.0328177266047 23.204774868018,46.0359734121257 23.2158208464098,46.0352294204099 23.2235565624511,46.0329188862686 23.2301196490025,46.0357498317404 23.2347103980798,46.0401116724437 23.2416816348152,46.0385486485806 23.2348682971244,46.0305091734548 23.2379801046356,46.0201632697259 23.236747297251,46.0161877731747 23.2404210521322,46.0088148204081 23.2376915820095,45.9956696384722 23.2349910986633,45.9894887405103 23.236208784805,45.9849983006085 23.2474569008055,45.9761655529057 23.2523426049778,45.9693311381801 23.2510660290535,45.9617374792294 23.2553807330706,45.9558030871883 23.2591611796049,45.9434851923834 23.2650942327752,45.9336242758365 23.2695461381386,45.9290632181846 23.2807072402172,45.9271920059061 23.2906740550297,45.9200293801243 23.2982941135429,45.9182311895801 23.3126164674167,45.9223829472969 23.3149029370073,45.9195827285779 23.3229239993413,45.9212703906441 23.3286653546514,45.9156256203332 23.3376516260496,45.9180809286566 23.3381588625061,45.9122521604234 23.3338370837895,45.9088380299849 23.3147276743731,45.9045553427428 23.3033458015416,45.8937817979812 23.3084907231289,45.8932029748017 23.3176273508711,45.8893069277526 23.3255748693549,45.8806803657332 23.3316551160892,45.8798104886524 23.3327069137542,45.8710015203037 23.3271587026578,45.8665557383312 23.3301127369317,45.8597603753938 23.3247423063955,45.8517205471098 23.3268481645039,45.8425649195122 23.323715710832,45.8380555302906 23.3292253421163,45.8315169022336 23.3308986607767,45.8239645854256 23.3371160532224,45.8200311991992 23.3397066768225,45.809545755271 23.3437298657797,45.8076129937645 23.343728443775,45.799303079872 23.3529200182086,45.7928400642989 23.3477681012566,45.7878827373334 23.3568542050106,45.7762575377933 23.3657897683878,45.775832337906 23.3754437290176,45.7714705543291 23.3755376510213,45.7649709718028 23.3809975744284,45.759182150801 23.3801492863464,45.7529715833738 23.3750353231382,45.7489683543821 23.37463926892,45.7442520234473 23.3699711627708,45.7381227286537 23.3676867825554,45.7275160283465 23.3601672850014,45.7178749557095 23.3631912953859,45.7149743124232 23.365980801227,45.7074079987123 23.3821388156754,45.6947711471744 23.3949881006404,45.6942205254123 23.404687573095,45.6870305444765 23.4140763924622,45.683831442613 23.4182978456808,45.6840120698253 23.4226542806605,45.6787288100467 23.4220919892433,45.6700701343272 23.4085616410493,45.6683744626036 23.4017925640134,45.658872527908 23.3867195462123,45.6570047478777 23.385055201067,45.6502637351951 23.3719100979035,45.644255541064 23.3657554593382,45.6374564859878 23.3698780271415,45.6261846292586 23.3768956580203,45.6219320929873 23.3943999439823,45.630603374235 23.4090619673278,45.6338085222197 23.4152867532451,45.6313574938678 23.4196072714492,45.6264735566293 23.4266594142761,45.6230626700156 23.4217361070332,45.6180387580618 23.4204429927939,45.6137761465471 23.4242439985568,45.6074168755291 23.4193267929718,45.6020692326347 23.419374722607,45.5918515205643 23.4281950131524,45.5845796309481 23.4406888478276,45.5878773455277 23.4462465433306,45.5857865925573 23.4540957028311,45.5797765265493 23.4651892827702,45.5817736526602 23.4795655614073,45.5787877769868 23.4831931919712,45.5736713114061 23.4890016093073,45.5773546766488 23.5003671289353,45.5790584769258 23.5045415056951,45.5709405342748 23.5033223530244,45.5633203587311 23.5150048566179,45.5526283344513 23.5232688234139,45.5502097612419 23.5365957259423,45.5498102549688 23.5406328202824,45.5447905909825 23.5511043028803,45.5383301477378 23.5540563931081,45.5308160536984 23.5621602904172,45.5286150465597 23.568175920688,45.5252011334176 23.57207572949,45.5205851888946 23.5726028486855,45.5151750367958 23.5777369036768,45.507107089956 23.5828643187286,45.5046729606735 23.5841531195942,45.5000467237745 23.5956227962142,45.4906122211301 23.5919155180241,45.4866255704462 23.5981116094869,45.4779891913483 23.5972777444729,45.473476192853 23.6050217953535,45.4678965571442 23.6095295179082,45.4684435222023 23.6172269307116,45.465825458279 23.6255768752801,45.4686072653162 23.631146633447,45.4655637432439 23.6297738013572,45.4586294487251 23.6402872203904,45.4554412984427 23.6473530037173,45.4600025535687 23.6537085954805,45.4573090353763 23.6592208923724,45.4613570370087 23.6789138331083,45.4648213516838 23.6794034622414,45.4699953079314 23.6892240791558,45.4780437811233 23.6892167481455,45.4833002898824 23.6978114059702,45.4879100133676 23.7036208227138,45.4967767362391 23.7213614586882,45.5023952700997 23.7256399219244,45.5012358253681 23.7414499780606,45.5011957052121 23.7464359928121,45.505597323961 23.7596564447576,45.5083200152457 23.765012590156,45.5110642223098 23.7711681548417,45.5107001480057 23.7908749000646,45.5280801909771 23.794815732792,45.5301611674617 23.8051481989666,45.5319747867411 23.8107420223507,45.5299553685885 23.8197867602081,45.5293463001559 23.8285130156264,45.5311732927273 23.8578487626688,45.5350226327717 23.8672395354605,45.5256466664346 23.8755063929391,45.5228921422307 23.8809049498898,45.5269498662138 23.9046060720251,45.5288641096755 23.9144387203144,45.5318858027316 23.9222798398965,45.535979581378 23.932536044173,45.5354672506345 23.9504215662706,45.5315734136546 23.966536283436,45.530332885751 23.9747842674161,45.5337496566743 23.9811711437148,45.5327550373115 23.9934766904701,45.5317347177519 24.0009709342024,45.5266382276836 24.0114427031111,45.5319202483133 24.0243936491712,45.5286725604735 24.0364545858935,45.5227687131891 24.0425867167592,45.5221848257624 24.0595232730441,45.5189034496442 24.0618193673652,45.5173969850965 24.0697700925773,45.5150861410443 24.0847740510623,45.5124950201636 24.0944706394134,45.5134234096108 24.1027402210764,45.5112179124984 24.1140324257104,45.512413241108 24.1190299418217,45.5088125650843 24.1192893102133,45.5119318965079 24.1363322408823,45.5150638645677 24.1477008613348,45.512547848785 24.1525805728457,45.5165527996997 24.1604324356449,45.5138043317825 24.1722169033732,45.5144072119453 24.1798008886666,45.5207292840192 24.1986205730827,45.5238102438976 24.2041380456045,45.5234106895473 24.2136706043039,45.5286132702064 24.2132505038487,45.531877475504 24.2238879618968,45.5400457765578 24.2283881440113,45.5472859405906 24.2413044903921,45.5433688023211 24.2574588926186,45.5432109674288 24.2668160231531,45.5493750259639 24.2661729753768,45.5557972724121 24.2768379105759,45.5552583187206 24.2841572610409,45.5612581132141 24.2992431759281,45.5636133812885 24.3083073200126,45.5666844657531 24.3243316781194,45.5764415735932 24.3324485773175,45.576979145458 24.3357890736479,45.5725235888893 24.3435726227285,45.5764121656776 24.3485408577281,45.5747848578308 24.3581747354035,45.5763345361969 24.3730245934449,45.5822495592751 24.3798865611027,45.5819923266827 24.3872193246522,45.5838837469676 24.3928259496262,45.582070460846 24.4111676919008,45.5840350735814 24.4212667076511,45.5819137286748 24.4338818833632,45.5824970876509 24.4373159829281,45.5877718026887 24.4461163770006,45.5908480283759 24.458021818874,45.5822263613735 24.4685966670915,45.5810206904879 24.4748334711051,45.5827786501873 24.4814467990541,45.5725160905147 24.484661591604,45.5733541181053 24.5021147422694,45.581611444663 24.5058402405108,45.5853124162778 24.5132967275465,45.5867189501236 24.523144192432,45.5805695296251 24.5312052605961,45.5696739764867 24.5299074108205,45.5614419087671 24.5360864417924,45.5432949744314 24.5404993723325,45.5356260101607 24.5313212402917,45.5288537576164 24.5268434237999,45.5286167086993 24.5228965107178,45.5245326401533 24.5162251153541,45.522481066009 24.5119034418825,45.5175238450837 24.5137381027474,45.5106949137377 24.5199349118131,45.5069736792291 24.5270902520734,45.4978822004612 24.523957828802,45.4821946149829 24.5248549634384,45.4750232575124 24.5154918657532,45.4658564914363 24.5110973561603,45.4634741655331 24.4960333273557,45.4646258676529 24.4855955816701,45.4625963849442 24.4806983052106,45.4492078708443 24.4790413708373,45.4377886820905 24.484799263728,45.4275643753118 24.4835578445452,45.4156249467271 24.489837633694,45.409817228361 24.4915001712138,45.3986158076325 24.5025808765734,45.3891190513608 24.5055264121806,45.3824964515098 24.5043463100018,45.3793495685593 24.4958980914223,45.3799104270271 24.4942743903127,45.377168532734 24.4990974114554,45.3715092331338 24.4968609632127,45.369916375562 24.5004628413568,45.3631378448954 24.5045113533271,45.360398853834 24.5009215639771,45.3530865982267 24.4866692033168,45.3585144298457 24.4727899217493,45.3576792510062 24.4726746265218,45.3524866645981 24.4694772657521,45.3478822949745 24.4731820128158,45.3401114595052 24.4734739807572,45.3299557701448 24.4829497862708,45.3318264624012 24.4912892049135,45.323873772887 24.4891081115129,45.3223396178065 24.4918763375306,45.3145517837339 24.4898375047459,45.3073135074406 24.4812474523732,45.3026540486093 24.481963662299,45.2966343873943 24.4893671822186,45.2926120482656 24.4877204121913,45.2887983674872 24.4922645770214,45.2821386355314 24.4919303764289,45.2778597425471 24.4796445309122,45.2683305620593 24.4838008610316,45.2643507159854 24.4837653898603,45.2585719996813 24.477146101258,45.2447533596633 24.471334672828,45.2410545150924 24.4743067289495,45.2379648912284 24.4667680652175,45.2317360611967 24.4701478139036,45.2281705648922 24.4688815412204,45.2232170345495 24.4727241065199,45.2119139703357 24.4777682849757,45.2083992640806 24.4848028557634,45.2114221957491 24.496580145302,45.2079630509481 24.5012968782858,45.2020843609398 24.4938388157983,45.2009009474323 24.4874835663816,45.1960174891912 24.500066611753,45.1892104168353 24.5133068414394,45.188927910746 24.5219717615911,45.1797942209308 24.5193904552998,45.1765323622326 24.510424118336,45.1749943433256 24.5128829555538,45.1658224957451 24.503162879201,45.1643050444859 24.4979330441331,45.1656141461112 24.5011670526111,45.1564944435804 24.515901003442,45.1436537546212 24.5196384315905,45.1347164946856 24.5162218703033,45.1295496203126 24.5177623689579,45.1270717535416 24.5144609921671,45.1205803113843 24.5159950417271,45.1145429637541 24.5124539435386,45.1082805620703 24.5022366724444,45.1153609468866 24.4926632414972,45.1106102003299 24.4911442657956,45.1026560990653 24.4983060521056,45.100368840973 24.5002568734213,45.0952488804347 24.4974142657217,45.0913845842366 24.5049632002547,45.0892575561732 24.5071362278655,45.0850571239046 24.5026710632757,45.0800084305515 24.4918290669374,45.0765930654613 24.4865946431877,45.0708795955467 24.4846494198949,45.0643131157048 24.4813592319123,45.0609424573378 24.4984816845811,45.0559604197421 24.5120130849588,45.055020894768 24.5145683143695,45.0506001144628 24.5204674716685,45.0489805806421 24.5182883466841,45.0409754807039 24.5086728308833,45.0351059691551 24.496877771099,45.0235146775187 24.4931186757566,45.0238042998205 24.4851919106228,45.016519599232 24.4883771956832,45.0116796202614 24.493269078734,45.0102538816965 24.5089528209366,44.9979115032137 24.5036815203514,44.9968715029728 24.4912393611063,44.987065052236 24.4879273427091,44.9797290732297 24.4810924863021,44.9758958076822 24.4778222887916,44.9713773935916 24.4792303249821,44.9636516715984 24.4686924924526,44.9482059354715 24.4762059848832,44.9493604775696 24.4861481828187,44.953198844209 24.49975610352,44.9454292948285 24.4965605605213,44.9412108631014 24.4861856250381,44.9376409936388 24.4786265583068,44.9288191693858 24.4703289799667,44.9244271407021 24.4707082363685,44.9207138979682 24.4642133294585,44.9144366864239 24.4643167778372,44.9052846162785 24.4671917155576,44.9018164554578 24.4800673597248,44.8991257101945 24.4762110731728,44.8901999802436 24.4678924214816,44.8809002264533 24.4645765642788,44.8737953579613 24.4673507476726,44.8707939968462 24.4631291800666,44.8623425509682 24.4521232539981,44.8538172304304 24.4452158177498,44.8530007195952 24.4381340267794,44.8453771971596 24.4362650599393,44.8415822141899 24.4215131654438,44.82707127892 24.4239707148596,44.8235765205655 24.4329685963255,44.8178361777091 24.44432452973,44.8160229193381 24.4453393703377,44.8107628057955 24.4521942623844,44.8151649417296 24.4650894818119,44.8184632980806 24.4801962985914,44.8217426505118 24.4829670504777,44.8298666820609 24.494630979953,44.8314105107195 24.4940238089346,44.8371343784608 24.4990962022717,44.8452832500047 24.5069448392997,44.8437197173784 24.5094156620474,44.8454977946487 24.5101783964103,44.8567999666325 24.5054652327912,44.8659205614281 24.5136804501152,44.8668311309968 24.5153000063212,44.8721735954835 24.5135237776969,44.8775553412063 24.5178310787717,44.8825463759579 24.5241382042604,44.8944659454286 24.5337673513255,44.8917131793918 24.5407355858957,44.8910417648616 24.5439684920718,44.8784044741451 24.5425444761106,44.8613815577651 24.5504197161389,44.8592345222287 24.5521148035021,44.8525649766791 24.5508066079268,44.8471431473263 24.5538539539267,44.842675477947 24.5550829328599,44.8341012698362 24.5620132300497,44.8226780316469 24.5716042838519,44.8171220295433 24.5720853015018,44.8102505720271 24.5746487330706,44.8085246082795 24.5786825961955,44.7981907853064 24.5885762469828,44.7981546616804 24.5826419201244,44.7750082903774 24.5879092023039,44.7754458570188 24.5888963820742,44.7693007679784 24.5909744072565,44.7581836379854 24.5946437994363,44.7509932958266 24.6000152688436,44.7530509995589 24.6069474004595,44.7538157910899 24.609678938346,44.7495780063455 24.6173908953293,44.7460330322447 24.6313638930458,44.7328821612226 24.6305421994826,44.7298023053669 24.6498633121141,44.7354263832736 24.6634430380535,44.7375975738631 24.6691896689433,44.7360050074738 24.6834060349195,44.7376260958994 24.6882682136007,44.7339341752745 24.7033785362322,44.7324458647557 24.7103622355856,44.7216631674239 24.7217439938709,44.7145980492768 24.7108088771247,44.7144443007354 24.7105549340764,44.7105123012663 24.685680332314,44.7001133259604 24.6911576199666,44.6955287611941 24.7030088573158,44.6605317926818 24.7051569702351,44.6563060263077 24.7013409171589,44.6541740814592 24.7045866876765,44.6487454679882 24.7024544635526,44.6415156731014 24.7074619023769,44.6380460715378 24.7103867215096,44.6282483096728 24.716701341451,44.6261072009968 24.7123648969845,44.622877277371 24.7087506044698,44.6165964186164 24.7105462748976,44.5823009938385 24.7208723266829,44.5810847710126 24.7286643626719,44.5720606153189 24.7301165098413,44.5614569278061 24.7352293819171,44.5581194763001 24.7352935800271,44.552966027675 24.7296680670193,44.5532816238528 24.732546860188,44.5463128690185 24.739978390679,44.5451902996097 24.7425904633011,44.5378361434928 24.7355765617054,44.5278517432006 24.731678654323,44.5196412257947 24.729376971609,44.5114471098483 24.7274120243457,44.4923760910894 24.7347527035501,44.4917668729534 24.7340127032759,44.4652062223168 24.756029964996,44.4650409626389 24.7544386651454,44.4559096948953 24.755946079549,44.4527990330445 24.7525156513404,44.4458486316368 24.7544891655821,44.4349767776266 24.7520034529601,44.4247061267915 24.7440366329989,44.4229362936834 24.7529101889209,44.4051871519425 24.7527294284045,44.4013921108854 24.7464677872047,44.3994292781804 24.7444057404197,44.3962061076934 24.7552223660024,44.3933954817635 24.7548292866603,44.3907247952666 24.7863766851968,44.3982545047437 24.7877667560225,44.3923623091117 24.8047228055874,44.3934254016745 24.8108747972243,44.3870053461479 24.8182394167835,44.3873903402688 24.8182562854833,44.3938488790882 24.8596344960674,44.3944447425373 24.8731871059308,44.3940344309787 24.8802710514142,44.3942357636498 24.8813131122932,44.3873233291997 24.8840355141748,44.3826361739641 24.8865336881746,44.3795841320849 24.8850641283789,44.3733847635937 24.8802250514193,44.3688257345228 24.8659824078164,44.3694018386219 24.8472239717626,44.3683162505136 24.8275204794629,44.3645218350416 24.8173549327638,44.3612652967706 24.8178710359094,44.3551206517503 24.8296144034059,44.3372286070491 24.8280681283098,44.332981354947 24.8378405896592,44.3230200781791 24.8472391824456,44.3195349071999 24.84418692673,44.3141747250186 24.8402224903981,44.3112805161377 24.8310237458931,44.3094899786029 24.8355878816526,44.3018399419458 24.8241997046786,44.2983162661042 24.8215112497457,44.2906007614786 24.8223875120809,44.2828611440137 24.8246403779673,44.2801307737394 24.8291674235891,44.2721394706145 24.827540209514,44.2587434795361 24.8244717123935,44.2440968636122 24.8202183004283,44.2420658318222 24.8280813345288,44.2368208598774 24.8177803975182,44.2331864239466 24.8349368406378,44.2274317186552 24.8371783283878,44.2262777227584 24.8260561614545,44.2175487975463 24.8026936667418,44.2012596196526 24.7935814712044,44.1912529435539 24.8031313539886,44.1766867172294 24.8053306592223,44.1708182366505 24.8080894207889,44.1561961116265 24.8172213307985,44.1488506260011 24.8390907723622,44.1362550175512 24.8441846625972,44.1331686285893 24.8444933269991,44.1252072004287 24.8504352988197,44.1168437359564 24.8535864256791,44.1101455258187 24.8510347362493,44.1019804995318 24.8555119747784,44.0918693583244 24.8438921104688,44.0860491709235 24.8425492372385,44.0898829475875 24.8351247178697,44.088183609798 24.8006084804558,44.0842507535815 24.8031904962313,44.0784701440617 24.7654901272871,44.0744841705348 24.7588673803241,44.0735836290958 24.760517489124,44.0687831713432 24.7223386207545,44.0613525741716 24.7109159077596,44.0591232328996 24.7186008279161,44.0489009378708 24.7127347352218,44.0447087964241 24.7192660982631,44.0432846824218 24.7201945704101,44.0380737897642 24.6596244909969,44.0283147434192 24.6328137553212,44.0201794821294 24.6284030412965,44.0216970028607 24.6131074979897,44.0141529953029 24.6140502818331,44.0124807975566 24.6158375166955,44.0093907104807 24.6108113218031,43.9977719562859 24.6056790026256,43.9931080521253 24.5968970602314,43.9902521652818 24.5980603764729,43.9871103504134 24.6070734749941,43.9912529521022 24.6072005883143,43.9850050902584 24.6042659361424,43.9822193613261 24.5960428832601,43.9799052019564 24.5993353486896,43.976577896184 24.6090927209796,43.9778637093902 24.6069494944264,43.9704126806683 24.6018714252211,43.9701236211361 24.6022839417531,43.9621100322447 24.608495487772,43.9614095074406 24.6179970474258,43.9637908471665 24.6196059924435,43.9604793413289 24.632221998085,43.9616220611317 24.6343308466688,43.9444992647648 24.6471376429674,43.943252275043 24.6482512491708,43.9407804710283 24.627587461067,43.9358702764189 24.630999380518,43.9251619169127 24.6379334420873,43.9264428975729 24.6466070741883,43.9168405059233 24.6481036362326,43.9120013381841 24.6568271792515,43.9003879812586 24.6617526808487,43.8979122020616 24.6755155946899,43.8980600473978 24.6764580770589,43.8922258736218 24.6778482201611,43.8852706209581 24.6624438029329,43.8830808467314 24.6683466497967,43.8666791599484 24.6935493274894,43.8707372355298 24.6951712192546,43.8637355757363 24.7004652104982,43.8605630680579 24.7025885171492,43.8511921637082 24.7128022321352,43.8445288795408 24.7173052924099,43.839568333179 24.7235303059955,43.8357879292963 24.7236652989643,43.832501344003 24.713903968168,43.8287224542279 24.7057658256618,43.8282335089589 24.6982620805655,43.8315808882139 24.6911832083122,43.8281583578079 24.6959157747987,43.8249293306645 24.7087251436612,43.825916470108 24.7153773932469,43.8248760657033 24.7260201591483,43.8260845635198 24.7359546948021,43.8225097992621 24.7434988735115,43.822068771396 24.7438227372299,43.8220913174925 24.7457621640004,43.8193505366807 24.7551119356406,43.8175978259543 24.7549728502843,43.8143501456332 24.7388412694793,43.8145013977569 24.7370521016317,43.8042835811897 24.7467280168706,43.7920218979539 24.714123545871,43.7852183450573 24.6943818502458,43.7818178053413 24.6963254439028,43.7740322453449 24.6839540277321,43.7722867367494 24.6867293642517,43.7597289321865 24.6762087692702,43.7583794967942 24.6746397029636,43.7515164717453 24.6564518249321,43.7546978232666 24.6506487425825,43.7467600244718 24.6652274007774,43.7425897849087 24.657079680613,43.7236355067814 24.6406679448542,43.7341098378543 24.6230899200994,43.7423831637121 24.6107583446789,43.7460980230769 24.5892323708492,43.751196719202 24.5702364787453,43.7548438807639 24.5592243963614,43.7548401346979 24.524189490184,43.759973518902 24.5126585339243,43.7625042728652 24.5129198722236,43.7648481696954 24.4980325086438,43.7614267243257 24.4672531821359,43.7490889217714 24.4460692163607,43.7419279848138 24.4444325926659,43.7445470975709 24.4159183626266,43.7388592185636 24.4059703462484,43.7356757010684 24.3955609007406,43.7274651151647 24.3944902060386,43.7251720055895 24.3828585393538,43.7196165680152 24.3792648173385,43.7158028293719 24.3815712944577,43.7127316711153 24.3698116463256,43.7077700965243 24.3546204180603,43.6996042819972 24.348609991798,43.6973544149104 24.3413304707119,43.6972133638323 24.3177564028456,43.7006130729303 24.2916657845838,43.6979243194859 24.2599683678412,43.6927319861531 24.2554471855238,43.6913879485636 24.2386678096646,43.6901752867951 24.2189449490333,43.6855388978361 24.2070975170423,43.6853172802732 24.195768619375,43.6838958708109 24.186497302806,43.6823550385009 24.1733577410329,43.6826123435803 24.1586709924718,43.6855714647533 24.145623939044,43.6906891345369 24.1235962535203,43.6973071552464 24.1127314240425,43.6995615407224 24.0864340412791,43.7021866988879 24.0721047218359,43.7109301947025 24.0695846652175,43.715011803399 24.0554558651464,43.72059379733 24.0297813942601,43.7271847647471 24.0196667694254,43.7291381686562 23.9886464209286,43.7395894821075 23.9757991768728,43.742398370691 23.9590732411076,43.745076322271 23.9264395718985,43.745036314755 23.9103252731737,43.7481702361297 23.8734969002018,43.7529807355827 23.8562787574411,43.7571686495076 23.8485264582588,43.7606417838556 23.8311057221252,43.7658405404977 23.8321689520705,43.7674864051836 23.8190840023899,43.7713799422842 23.8106802308605,43.7754371694034 23.8030743254014,43.7756953152034 23.7817181696577,43.7796990354423 23.7651515856073,43.7858561737025 23.7498504957274,43.8012181978603 23.7289114880441,43.8015985227145 23.7142899258095,43.8035444504021 23.7007807344866,43.8041055218749 23.6949897453496,43.8026243518738 23.6859935755292,43.8029378700399 23.6639993948769,43.7992804302764 23.6421841983208,43.7940140762344 23.618749241057,43.7913293954525 23.6015138228053,43.7948175323142 23.5936674001496,43.7972504158758 23.5810241050618,43.7970868409137 23.5679245656158,43.8007750574279 23.5623921765044,43.8047736712792 23.5435909687989,43.811949471027 23.5238351380165,43.8231189972553 23.5255913987919,43.8246070423655 23.5152249444135,43.8310691879223 23.5074583754512,43.8338310592413 23.4979753317165,43.8344121055789 23.4806407876825,43.8378364610271 23.4643288514881,43.8400894754897 23.4475464620102,43.8464661594378 23.4332556629978,43.8505624033206 23.4152304659236,43.8527914356341 23.3905906283958,43.8504858638466 23.3734892239256,43.8475286503944 23.3522083020336,43.8490671902809 23.3362174057339,43.8500276082082 23.3209956936506,43.8498848320496 23.2999147075436,43.8480695594556 23.267784882904,43.846807203344 23.2588582997147,43.8444589423308 23.2465230779902,43.8392028098638 23.2389611592915,43.8371207058751 23.2289637003263,43.8373839935327 23.2129238819817,43.8329940596873 23.2031601479527,43.8291684008235 23.1901004567649,43.8254226886026 23.1752666224391,43.8211055852813 23.1381167865982,43.8078130521111 23.1271191613794,43.8046364752975 23.0802576400695,43.7991541663488 23.075220702849,43.7973844718813 23.0568144148768,43.7957973341042 23.0430406528145,43.7962826285361 23.0289856181192,43.8036334971629 23.0075415643254,43.8055372868492 22.985561421971,43.8095170041649 22.984437191249,43.8072980374752 22.975198591988,43.8085201259057 22.9584189945576,43.8131548560979 22.9527947738932,43.8131958405869 22.9484474614974,43.8188039804328</coordinates></LinearRing></outerBoundaryIs></Polygon>
  </Placemark>
</Folder>
</Document></kml>
