{"type":"Topology","arcs":[[[622649,314726],[-1,-1],[-1,-1],[-13,-6],[-6,-4],[-41,-8],[-42,-16],[-16,-6],[-21,-5],[-18,-16],[-21,-27],[-29,-75],[-16,-35],[-13,-19],[-27,-31],[-24,-24],[-47,-55],[-24,-24],[-12,-12],[-13,-7],[-24,-22],[-9,-14],[-8,-28],[-3,-18],[-8,-28],[-11,-19],[-9,-17],[-14,-18],[-13,-8],[-10,-3],[-25,2],[-34,5],[-27,-1],[-39,-7],[-29,-13],[-22,-22],[-9,-26],[5,-25],[9,-27],[1,-16],[-12,-40],[-6,-25],[1,-29],[5,-35],[-4,-48],[-8,-65],[-10,-48],[-1,-20],[4,-25],[1,-13],[-1,-24],[-1,-21],[20,-33],[0,-27],[2,-22],[46,-68],[34,-47],[13,-31],[11,-41],[12,-57],[9,-54],[2,-48],[-4,-22],[-119,-384],[2,-182],[-34,-51],[-6,-62],[-33,-218],[-201,-161],[138,-298],[44,-50],[39,-43],[-12,-80],[-37,-75],[-65,-84],[-17,-135],[75,-75],[-101,3],[-150,-1],[-113,4],[-121,-12],[-195,-48],[-100,-29],[-106,-10],[-28,3],[-69,16],[-50,17],[-34,14],[-38,10],[-25,7],[-28,-8],[-28,-17],[-24,-27],[-14,-91],[-47,-163],[-5,-17],[-27,-105],[-23,-36],[-15,-27],[-15,-15],[-35,-16],[-55,-2],[-61,3],[-92,6],[-219,59],[-23,2],[-61,-10],[-30,-55],[-3,-176],[3,-49],[-10,-65],[-1,-48],[3,-64],[4,-16],[-8,-35],[-26,-42],[-47,-104],[-15,3],[-13,2],[-25,-1],[-32,-7],[-33,-4],[-51,0],[-24,2],[-48,6],[-47,18],[-42,22],[-12,7],[-48,29],[-33,21],[-18,3],[-14,2],[-21,-10],[-24,-16],[-28,-35],[-24,-33],[-10,-12],[-15,-5],[-17,-1],[-13,7],[-20,14],[-25,19],[-56,52],[-20,21],[-16,27],[-21,40],[-14,33],[-14,35],[-17,36],[-19,31],[-40,47],[-33,37],[-52,51],[-41,39],[-20,19],[-7,5],[-24,16],[-21,12],[-25,17],[-22,18],[-30,17],[-21,13],[-16,14],[-16,17],[-16,18],[-30,42],[-27,38],[-38,57],[-85,115],[-42,63],[-25,36],[-13,25],[-7,10],[-12,16],[-7,8],[-19,22],[-14,17],[-26,28],[-20,19],[-20,20],[-32,26],[-20,20],[-22,19],[-47,30],[-31,20],[-15,2],[-16,1],[-18,7],[-23,17],[-20,6],[-23,1],[-5,0],[-21,-1],[-28,-6],[-18,-6],[-7,-3],[-9,-4],[-45,8],[-47,14],[-32,28],[-31,30],[-33,16],[-19,6],[-26,16],[-26,17],[-115,56],[-52,38],[-19,30],[-30,42],[-61,58],[-41,44],[-72,46],[-78,45],[-17,3],[-34,29],[-37,35],[-10,10],[-16,4],[-15,8],[-16,11],[-20,5],[-16,0],[-45,12],[-10,0],[-19,-2],[-14,-8],[-20,-15],[-15,-7],[-30,0],[-14,4],[-20,16],[-6,15],[-28,11],[-89,-7],[-56,2],[-60,14],[-61,22],[-24,8],[-83,-6],[-77,-2],[-32,10],[6,16],[5,29],[-9,51],[-18,57],[-13,72],[0,42],[-6,52],[-20,44],[-55,92],[-14,41],[-16,50],[-3,24],[10,68],[4,48],[8,98],[-6,50],[0,59],[2,19],[23,38],[24,33],[22,37],[7,20],[3,25],[-3,22],[-16,33],[-15,35],[-3,25],[1,9],[-10,6],[-17,10],[-19,20],[-18,32],[-11,34],[-22,29],[-33,52],[-8,28],[5,14],[7,22],[-1,30],[-10,35],[-21,36],[-11,15],[-19,24],[-23,64],[-12,47],[-4,31],[0,31],[2,33],[-4,30],[-10,31],[-11,21],[-19,25],[-30,34],[-5,11],[0,18],[4,9],[11,20],[4,11],[4,14],[1,12],[-1,13],[-6,21],[-9,25],[-19,53],[-13,27],[-23,46],[-21,28],[-15,21],[-8,21],[-8,31],[-8,37],[-7,12],[-7,11],[-12,16],[-7,13],[-11,21],[-6,10],[-11,14],[-15,12],[-25,18],[-11,7],[-9,4],[-36,12],[-6,4],[-3,6],[-10,19],[-18,37],[-18,37],[-7,11],[-9,16],[-8,11],[-35,41],[-23,25],[-21,17],[-19,10],[-8,7],[-8,15],[-6,16],[-6,15],[-11,22],[-5,9],[0,0],[16,-3],[15,-30],[70,-33],[26,38],[-21,42],[-5,24],[-17,19],[-6,17],[-63,73],[-25,21],[-27,33],[-14,9],[-42,42],[-33,35],[-14,30],[-9,10],[-6,19],[-18,7],[-38,36],[-34,16],[-54,29],[-23,6],[-55,27],[-30,12],[-44,42],[26,35],[11,27],[-17,10],[-43,-44],[-18,-6],[-31,5],[-18,20],[-14,11],[-28,9],[-20,-2],[-51,72],[-16,16],[-7,9],[-19,22],[-13,12],[-18,31],[-33,30],[-33,26],[-65,73],[-37,39],[-61,80],[-13,32],[-7,89],[-55,90],[-30,21],[-15,3],[-33,-33],[-19,-13],[-47,-5],[-53,-5],[-101,-47],[-11,-14],[-8,-40],[-14,-4],[-23,12],[-41,-16],[-83,5],[-65,40],[-17,21],[-83,48],[-7,4],[-12,3],[-19,-3],[-19,-8],[-14,-10],[-17,-15],[-15,-26],[-29,-46],[-25,-43],[-32,-28],[-108,-26],[-57,-24],[-79,-13],[-61,-21],[-11,-4],[-26,-15],[-57,-32],[-77,-50],[-73,-16],[-52,-22],[-60,-13],[-73,-4],[-17,-4],[-38,-9],[-8,7],[-8,7],[0,2],[-15,40],[-2,6],[-23,23],[-22,26],[-20,13],[-23,3],[-16,-1],[-18,-3],[-31,-11],[-26,-18],[-27,-13],[-24,-2],[-21,1],[-17,-8],[-14,-3],[-12,2],[-14,1],[-26,-5],[-27,-10],[-24,-6],[-28,-6],[-31,-14],[-25,-16],[-31,-31],[-9,-7],[-44,-4],[-18,-7],[-12,1],[-32,-6],[-33,-7],[-66,-13],[-65,-26],[-54,-43],[-52,-27],[-25,-23],[-37,-63],[-37,-50],[-23,-39],[-11,-39],[-1,-63],[-6,-31],[-22,-20],[-27,-1],[-20,-4],[-20,-7],[-44,-22],[-47,-28],[-51,-22],[-49,-19],[-33,-14],[-20,-21],[-16,-8],[-16,3],[-18,16],[-31,44],[-32,42],[-22,46],[-27,45],[-17,22],[-17,5],[-12,8],[-13,20],[-101,105],[-30,14],[-31,17],[-27,19],[-26,11],[-28,5],[-19,7],[-19,16],[-31,20],[-40,13],[-33,4],[-29,2],[-21,2],[-19,6],[-23,10],[-23,8],[-14,0],[-28,-3],[-35,-13],[-31,-8],[-37,-5],[-54,-4],[-57,6],[-72,4],[-23,0],[-30,2],[-21,0],[-21,3],[-22,7],[-25,5],[-21,2],[-35,15],[-27,10],[-23,3],[-61,-5],[-36,2],[-47,15],[-82,45],[-30,1],[-26,3],[-36,13],[-40,13],[-40,12],[-31,6],[-24,16],[-69,53],[-54,23],[-62,23],[-63,14],[-71,15],[-76,8],[-39,-12],[-31,-24],[-28,-12],[-31,-6],[-42,3],[-56,27],[-37,10],[-55,33],[-53,24],[-60,32],[-36,15],[-61,6],[-32,1],[-21,-8],[-30,-9],[-42,-9],[-28,3],[-18,8],[-41,24],[-46,-1],[-42,-12],[-27,-11],[-35,-17],[-49,-29],[-47,-23],[-30,-10],[-22,1],[-23,22],[-47,52],[-41,52],[-29,31],[-16,28],[-8,23],[5,10],[2,25],[-13,37],[-7,24],[-18,22],[-35,43],[-11,15],[-5,30],[-9,36],[-14,52],[-21,30],[-21,30],[-31,73],[-23,18],[-26,37],[-21,29],[-58,19],[-55,6],[-30,-1],[-19,3],[-67,56],[-25,18],[-10,15],[-3,27],[-8,21],[1,26],[-13,30],[-11,12],[-5,15],[-2,17],[-8,21],[-20,30],[-6,21],[-5,71],[-2,17],[-87,43],[-23,4],[-14,10],[-7,21],[-21,32],[-56,39],[-73,40],[-17,17],[-60,100],[-53,71],[-138,35],[-128,50],[-189,69],[-177,-102],[-102,-208],[-75,-194],[-26,-131],[19,-200],[-138,-578],[-18,-17],[-26,-43],[-170,-191],[-23,-42],[-12,-73],[-19,-42],[-80,-56],[-61,-73],[-47,-66],[-17,-78],[-54,-196],[-41,-91],[-39,-43],[-59,-21],[-47,-23],[-35,-62],[-20,-79],[-4,-126],[-77,-167],[-65,-119],[-75,-112],[-70,-77],[-33,-88],[-12,-83],[4,-99],[2,-86],[-6,-31],[-316,-137],[-140,-88],[-55,-14],[-67,-17],[-89,-19],[-61,-5],[-41,5],[-23,-5],[-67,-78],[-31,-73],[-32,-51],[-30,-39],[0,-47],[-16,-118],[-30,-98],[-23,-35],[-32,-18],[-37,0],[-27,-8],[-75,-74],[-57,-62],[-23,-33],[-14,-35],[-27,-36],[-8,-68],[5,-75],[-19,-28],[-31,-18],[-23,-23],[-12,-29],[-7,-38],[-6,-64],[-13,-14],[-33,-4],[-21,-6],[-16,-22],[14,-71],[22,-31],[2,-38],[-46,-99],[-38,-106],[-98,-72],[-33,-45],[0,-80],[-24,-28],[-50,-39],[-21,-69],[-24,-34],[36,-408],[46,-179],[-3,-53],[47,-36],[61,-66],[31,-36],[22,-5],[105,-35],[98,-45],[47,-31],[8,-50],[37,-167],[97,-164],[9,-75],[0,-46],[7,-46],[13,-46],[17,-137],[-5,-59],[-24,-64],[-8,-33],[-2,-38],[-3,-58],[-6,-26],[-4,-47],[-5,-29],[-44,-122],[-8,-43],[-6,-21],[-24,-45],[-6,-24],[-11,-36],[-18,-21],[-38,-19],[-33,-18],[-15,-30],[-6,-61],[-13,-41],[-25,-44],[-78,-97],[-15,-45],[-38,-72],[-16,-59],[-19,-69],[-29,-57],[-40,-37],[-43,-5],[-38,-8],[-34,-32],[-52,-78],[-79,-101],[-22,-85],[-20,-33],[-60,-54],[-60,-43],[-29,-26],[-66,-88],[-15,-26],[7,-70],[0,-33],[-17,-48],[0,-72],[9,-118],[27,-127],[21,-71],[71,-76],[95,-90],[70,-100],[113,-171],[46,-108],[51,-68],[23,-42],[5,-42],[-17,-50],[7,-125],[2,-44],[-49,-59],[-45,-34],[-32,-33],[-37,-54],[-41,-60],[-3,-65],[16,-67],[-23,-48],[-39,-83],[-23,-31],[-34,-40],[-20,-39],[-5,-67],[8,-139],[22,-116],[1,-73],[-3,-77],[-14,-35],[-37,-63],[-21,-15],[-18,-28],[-12,-51],[5,-92],[15,-85],[61,-170],[34,-110],[11,-75],[21,-42],[-13,-42],[-24,-37],[-9,-34],[-13,-30],[-20,-8],[-46,-47],[-7,-15],[8,-16],[12,-16],[1,-20],[-10,-4],[-28,6],[-44,8],[-40,13],[-30,-6],[-61,-27],[-40,-15],[-51,-32],[-98,-40],[-16,-20],[-28,-21],[-26,-14],[-51,-25],[-19,-14],[-41,-13],[-47,-10],[-22,3],[-21,-5],[-54,-7],[-34,-7],[-19,-9],[-16,-2],[-31,10],[-37,-3],[-29,-24],[-23,-52],[-56,-105],[-48,-37],[-40,-49],[-51,-52],[-32,-39],[-44,-50],[-17,-36],[-49,-54],[-57,-64],[-64,-70],[-46,-49],[-83,-80],[-46,-32],[-29,-23],[-41,-48],[-76,-80],[-89,-110],[-36,-57],[-31,-33],[-51,-64],[-35,-24],[-33,-23],[-27,-17],[-27,-24],[-27,-18],[-35,-25],[-14,-16],[-8,-16],[-11,-40],[-8,-58],[-1,-45],[-7,-50],[-9,-55],[-13,-56],[-7,-43],[-14,-40],[-21,-50],[-11,-54],[-6,-37],[-1,-34],[11,-120],[4,-41],[2,-43],[9,-54],[7,-65],[0,-16],[-10,-58],[2,-21],[4,-63],[2,-125],[1,-56],[-3,-72],[-4,-45],[-2,-50],[12,-45],[-1,-107],[-11,-37],[-10,-48],[-28,-61],[-38,-30],[-35,-33],[-3,-12],[4,-25],[4,-25],[5,-42],[4,-46],[10,-74],[9,-63],[5,-25],[4,-24],[-3,-30],[-37,-24],[-20,-9],[-45,-20],[-74,-28],[-63,-23],[-70,-13],[-149,-26],[-64,-8],[-62,-5],[-78,-12],[-22,-5],[-37,-7],[-48,-8],[-18,-6],[-13,-1],[-9,2],[-3,7],[0,16],[-2,62],[0,36],[0,94],[-7,96],[0,48],[-9,18],[-21,20],[-48,44],[-39,30],[-39,30],[-49,37],[-24,15],[-18,8],[-57,38],[-40,21],[-12,9],[-17,21],[-18,18],[-12,4],[-34,13],[-25,9],[-45,14],[-22,0],[-31,5],[-32,10],[-41,16],[-45,13],[-86,32],[-47,22],[-49,25],[-103,39],[-49,20],[-43,10],[-65,7],[-66,4],[-51,4],[-37,11],[-22,5],[-21,13],[-22,22],[-31,31],[-33,22],[-41,26],[-65,49],[-58,40],[-13,4],[-17,1],[-14,2],[-13,6],[-25,11],[-25,9],[-23,8],[-16,6],[-12,8],[-13,19],[-12,13],[-16,14],[-34,28],[-11,8],[-10,4],[-19,5],[-26,10],[-33,14],[-46,11],[-57,8],[-34,4],[-12,3],[-13,4],[-16,2],[-80,-2],[-35,0],[-39,3],[-61,-2],[-40,3],[-43,6],[-31,4],[-46,2],[-50,9],[-44,2],[-60,6],[-39,0],[-36,-1],[-80,0],[-68,-9],[-59,-1],[-41,-10],[-21,-27],[-28,-36],[-36,-32],[-37,-21],[-33,-2],[-66,3],[-28,3],[-52,10],[-32,9],[-23,12],[-24,18],[-30,20],[-4,4],[-83,105],[-10,9],[-60,32],[-175,94],[-63,23],[-89,-7],[-200,57],[38,22],[7,11],[14,27],[8,28],[8,41],[3,61],[23,100],[8,11],[206,142],[62,49],[26,4],[30,12],[35,14],[39,14],[36,21],[26,47],[28,57],[-8,102],[-16,58],[-7,48],[20,34],[1,4],[2,53],[53,227],[-16,63],[-56,80],[-6,101],[-13,122],[10,56],[-8,152],[-51,38],[-70,51],[-61,18],[-94,16],[-46,19],[-21,35],[-18,91],[-3,46],[-24,78],[-36,66],[-13,36],[-10,48],[-70,119],[-60,128],[-23,23],[-30,30],[-21,29],[-14,41],[-9,90],[-28,68],[-75,63],[-45,47],[-16,32],[-9,94],[-11,75],[-5,49],[17,46],[16,58],[-4,58],[-12,19],[-2,14],[9,9],[2,68],[-1,43],[-14,78],[-2,73],[20,92],[29,76],[-6,86],[-15,88],[-34,50],[-36,7],[-55,-5],[-68,-6],[-34,-6],[-68,-22],[-31,-12],[-14,7],[-83,96],[-40,54],[-19,55],[-15,50],[-35,46],[-15,37],[-27,31],[-37,26],[-119,275],[-99,261],[-72,210],[-54,264],[0,221],[1,44],[-3,39],[-14,46],[-23,76],[-38,80],[-26,56],[-25,38],[-24,33],[-30,33],[-45,37],[-24,23],[-35,37],[-47,44],[-24,16],[-49,25],[-37,16],[-40,13],[-40,9],[-43,15],[-69,19],[-40,10],[-38,6],[-47,1],[-78,-9],[-74,-10],[-93,-21],[-19,-1],[-15,3],[-24,5],[-37,1],[-10,1],[-4,4],[11,29],[15,23],[12,27],[8,15],[-2,14],[-29,20],[-26,15],[-27,20],[-28,13],[-41,30],[-31,17],[-30,12],[-32,17],[-25,8],[-40,10],[-30,6],[-28,1],[-22,6],[-16,11],[-6,16],[-5,17],[-6,12],[-10,13],[-6,17],[-8,19],[-14,52],[-9,32],[-21,50],[-19,38],[-12,30],[-4,26],[1,46],[-4,44],[-5,18],[-13,22],[-11,11],[-18,4],[-14,-1],[-25,-5],[-31,-11],[-23,-7],[-9,-3],[-8,0],[-15,6],[-5,6],[-3,8],[1,7],[5,10],[11,23],[7,18],[1,22],[-6,21],[-12,21],[-13,15],[-15,8],[-15,5],[-21,3],[-18,-2],[-15,-1],[-25,-1],[-25,1],[-14,5],[-17,10],[-12,13],[-8,15],[-12,27],[-10,31],[-7,36],[-3,27],[-16,77],[-14,43],[-16,34],[-22,53],[-52,90],[-39,59],[-57,86],[-28,29],[-37,25],[-40,23],[-45,26],[-34,14],[-36,9],[-56,15],[-52,9],[-69,7],[-8,0],[-1,378],[-223,-314],[-66,-118],[-21,-33],[-17,-24],[-19,-20],[-61,-51],[-34,-24],[-35,-17],[-38,-15],[-100,-36],[-139,-41],[-63,-17],[-35,-14],[-32,-18],[-1,-2],[-39,-28],[-29,-26],[-7,-3],[-18,-15],[-86,-60],[-38,-28],[-36,-31],[-43,-53],[-37,-39],[-23,-39],[-27,-50],[-21,-51],[-14,-31],[-16,-26],[-13,-12],[-14,-5],[-21,-1],[-32,5],[-25,8],[-39,6],[-12,2],[-23,-1],[-24,-10],[-12,-9],[-7,-8],[-14,-23],[-7,-20],[-11,-23],[-20,-55],[-16,-66],[-7,-38],[-9,-64],[1,-10],[-13,-83],[-3,-62],[1,-10],[-2,-38],[2,-5],[0,-16],[-4,-20],[-6,-148],[-9,-66],[-8,-40],[-16,-46],[-14,-22],[-9,-7],[-16,-19],[-26,-22],[-73,-53],[-21,-19],[-18,-13],[-68,-55],[-32,-31],[-28,-34],[-10,-12],[-9,-17],[-7,-20],[-6,-28],[-15,-40],[-5,-28],[-10,-25],[-19,-32],[-39,-57],[-73,-79],[-13,-13],[-8,-4],[-21,-2],[-23,2],[-11,-1],[-69,11],[-28,10],[-14,2],[-18,0],[-68,-15],[-5,2],[-89,-32],[-19,-1],[-27,5],[-41,13],[-31,13],[-19,11],[-32,21],[-41,32],[-92,52],[-57,25],[-43,22],[-12,2],[-26,13],[-39,19],[-40,24],[-45,10],[-40,2],[-15,3],[-28,11],[-11,2],[-23,11],[-5,0],[-14,5],[-10,1],[-24,9],[-86,35],[-36,13],[-65,18],[-35,6],[-80,5],[-74,-4],[-38,-12],[-56,-28],[-36,-13],[-85,-19],[-30,-3],[-43,2],[-3,2],[-7,-1],[-38,5],[-16,4],[-40,16],[-9,5],[-10,3],[-4,2],[-21,2],[-63,11],[-45,4],[-87,18],[-107,14],[-18,1],[-31,5],[-67,2],[-80,9],[-67,0],[-25,-6],[-33,-11],[-28,-5],[-31,-10],[-35,-5],[-21,-8],[-38,-20],[-52,-33],[-58,-19],[-143,-32],[-100,-14],[-68,-7],[-64,-1],[-32,-3],[-49,-9],[-31,-19],[-64,-58],[-24,-9],[-18,-2],[-28,1],[-46,10],[-65,21],[-62,15],[-26,6],[-16,1],[-51,-7],[-43,-20],[-26,-9],[-35,-8],[-28,-12],[-23,-7],[-66,-7],[-65,6],[-30,1],[-25,-4],[-26,-6],[-26,-11],[-21,-15],[-19,-9],[-49,-52],[-12,-11],[-11,-4],[-5,-7],[-29,-14],[-25,-3],[-19,5],[-32,27],[-64,75],[-32,31],[-18,21],[-7,12],[-21,52],[-16,49],[-12,21],[-80,94],[-23,25],[-8,13],[-26,28],[-25,32],[-39,52],[-92,132],[-35,46],[-14,16],[-28,29],[-13,11],[-35,36],[-12,13],[-35,42],[-35,50],[-34,49],[-15,17],[-14,17],[-33,33],[-66,59],[-16,17],[-26,31],[-43,60],[-52,60],[-9,10],[-46,47],[-18,20],[-47,44],[-35,38],[-46,41],[-36,21],[-29,13],[-10,2],[-14,8],[-11,5],[-21,6],[-7,0],[-19,9],[-10,4],[-18,16],[-186,165],[-90,80],[-32,28],[-19,17],[-23,52],[-21,71],[-48,80],[-29,35],[-29,32],[-23,33],[-11,13],[-37,17],[-29,3],[-22,5],[-48,22],[-47,25],[-51,30],[-40,23],[-33,21],[-14,1],[-19,-3],[-23,0],[-18,12],[-30,23],[-4,-4],[-13,3],[-37,17],[-28,19],[-122,136],[-45,52],[-38,36],[-31,43],[-14,61],[-27,60],[-39,85],[-11,29],[-42,58],[-7,19],[-5,27],[-1,23],[-5,15],[-16,19],[-15,21],[-5,14],[1,14],[7,30],[1,25],[-1,18],[-5,45],[7,40],[3,45],[9,122],[1,17],[2,17],[12,27],[23,33],[0,33],[1,32],[4,64],[4,27],[11,25],[13,25],[13,31],[4,24],[0,38],[-4,41],[-11,66],[-10,34],[-2,7],[-24,53],[-17,30],[-5,10],[-17,29],[-4,6],[-23,46],[-13,30],[-18,43],[-30,74],[-281,200],[-76,53],[-65,54],[-67,21],[-142,58],[-68,8],[-80,12],[-4,144],[-3,20],[-21,88],[-91,134],[-282,165],[-206,145],[-74,55],[-91,47],[-72,191],[-132,72],[-177,112],[-48,43],[-268,-155],[-154,-58],[-99,-61],[-140,-163],[-144,30],[-136,-55],[-94,-56],[-121,-83],[-64,-54],[-137,-152],[-269,-83],[-123,-7],[-61,-9],[-86,-23],[-190,4],[-104,-4],[-140,-35],[-129,-46],[-137,-32],[-136,-10],[-85,-37],[-46,-80],[-199,-62],[-199,-62],[-163,-21],[-144,-6],[-134,-10],[-133,1],[-31,-1],[-90,-14],[-142,-76],[16,74],[15,50],[6,71],[1,69],[7,74],[8,21],[3,28],[-10,38],[-12,20],[-20,23],[-17,25],[-8,25],[0,19],[8,13],[-44,13],[-36,12],[-52,5],[-36,1],[-15,1],[-18,6],[-93,48],[-69,46],[-22,9],[-24,1],[-42,4],[-30,1],[-26,8],[-49,6],[-54,3],[-21,-2],[-13,-6],[-16,-9],[-33,-9],[-32,-15],[-30,-8],[-45,-10],[-39,-8],[-38,-1],[-33,-6],[-68,-3],[-57,-7],[-40,-2],[-38,6],[-50,4],[-205,22],[6,-362],[7,-60],[-4,-77],[2,-55],[7,-41],[17,-37],[-8,-54],[-1,-43],[-19,-56],[-22,-46],[-24,-97],[-15,-96],[-22,-28],[-13,-31],[-21,-36],[-16,-14],[-20,-17],[-6,-29],[-32,-35],[-16,-33],[-18,-42],[-7,-22],[-18,-17],[-21,-11],[-62,-97],[-21,-58],[-17,-28],[-30,-34],[-35,-35],[-20,-37],[-19,-19],[-15,-26],[-8,-17],[-32,-33],[-19,-41],[-19,-44],[-16,-22],[-17,-6],[-22,-5],[-78,-1],[-30,-20],[-57,-29],[-67,-29],[-66,-22],[-32,-12],[-45,-67],[-27,-24],[-20,-38],[-27,-31],[-17,-27],[-33,-51],[-15,-19],[-21,-20],[-43,-33],[-42,-35],[-19,-14],[-35,-18],[-22,-23],[-8,-2],[-15,1],[-15,-10],[-17,-35],[-19,-44],[-40,-44],[-24,-21],[-17,-13],[-9,-22],[-8,-31],[-5,-23],[-16,-18],[-13,-11],[-17,-27],[-16,-15],[-43,-32],[-42,-28],[-25,-13],[-26,-16],[-37,-18],[-16,-12],[-32,-41],[-66,-53],[-39,-21],[-31,-14],[-31,-24],[-39,-31],[-29,-26],[-28,-19],[-70,-43],[-34,-30],[-20,-13],[-43,-13],[-30,-6],[-41,-16],[-30,-4],[-17,-13],[-5,-34],[-9,-45],[-21,-31],[-61,-61],[-40,-14],[-4,-29],[4,-87],[11,-52],[0,-24],[-12,-23],[-17,-19],[-22,-24],[-6,-23],[-3,-30],[-18,-25],[-15,-28],[-18,-25],[-12,-32],[-10,-28],[-18,-26],[-10,-27],[3,-25],[8,-22],[-1,-27],[-16,-37],[-33,-69],[-34,-80],[-15,-24],[-9,-26],[-4,-35],[-7,-30],[-33,-74],[-13,-47],[2,-43],[20,-66],[20,-50],[0,-27],[-14,-50],[-29,-63],[-8,-39],[-11,-53],[-4,-40],[-8,-45],[-9,-41],[-2,-39],[9,-103],[0,-28],[-9,-37],[-12,-49],[0,-31],[-7,-41],[-22,-73],[-6,-31],[-3,-64],[-7,-39],[-15,-10],[-14,-8],[1,-24],[5,-19],[-44,-23],[-84,1],[-133,-72],[-144,-60],[-117,13],[-79,0],[-84,0],[-133,-41],[-130,-79],[-159,-60],[-126,-60],[-130,-29],[-139,25],[-129,103],[-182,129],[-43,32],[-87,95],[-141,92],[-114,97],[-123,120],[-139,226],[-139,125],[-147,71],[-138,0],[-120,-36],[-156,29],[-132,17],[-250,-75],[-45,-27],[-129,-83],[-127,-55],[-141,-60],[-96,-13],[-88,5],[-215,13],[-95,30],[-20,-10],[-100,-69],[-25,0],[-17,0],[-14,-6],[-64,-53],[-23,-27],[-27,-27],[-50,-28],[-43,-22],[-72,-26],[-26,-10],[-24,-5],[-30,-5],[-53,-13],[-48,1],[-41,5],[-29,13],[-42,18],[-21,6],[-58,8],[-51,7],[-29,-2],[-51,1],[-95,18],[-37,11],[-22,6],[-7,8],[-40,-36],[-44,-30],[-53,-23],[-37,-30],[-40,-43],[-49,-32],[-24,-15],[-46,-20],[-33,-22],[-51,-35],[-81,-51],[-38,-21],[-18,-3],[-95,2],[-69,7],[-95,17],[-155,-52],[-95,-47],[-67,-32],[-16,-9],[-88,-50],[-151,-98],[-112,-59],[-32,-20],[-260,-216],[-131,-73],[-42,4],[-84,17],[-25,10],[-19,11],[-31,34],[-9,15],[-20,22],[-15,21],[-28,35],[-41,63],[-61,89],[-60,107],[-37,71],[-25,50],[-27,68],[-10,15],[-26,45],[-19,23],[-65,77],[-16,22],[-26,32],[-27,40],[-17,22],[-16,29],[-70,107],[-23,32],[-25,25],[-33,23],[-43,22],[-56,24],[-73,27],[-31,15],[-135,73],[-17,6],[-41,23],[-39,14],[-40,20],[-25,10],[-34,16],[-28,10],[-77,41],[-11,4],[-71,43],[-75,33],[-32,19],[-22,8],[-23,18],[-21,13],[-28,27],[-10,12],[-1,3],[-25,30],[-43,42],[-2,6],[-5,4],[-1,4],[-17,30],[-19,21],[-11,8],[-8,10],[-21,14],[-40,32],[-8,6],[-15,6],[-9,0],[-16,-3],[-14,6],[-91,41],[-64,30],[-29,14],[-20,20],[-76,-46],[-59,-34],[-20,-11],[-43,-29],[-89,-46],[-29,-9],[-40,-18],[-51,-29],[-87,-57],[-54,-44],[-54,-32],[-28,-35],[-15,-11],[-216,-127],[-144,-37],[-140,57],[-12,1],[-3,1],[-34,13],[-30,-1],[-14,3],[-42,-1],[-23,-5],[-41,-2],[-5,-1],[-16,0],[-14,-3],[-23,10],[-23,2],[-14,-1],[-5,-2],[-13,-14],[-7,-14],[-7,-11],[-5,-12],[-3,-6],[-5,-8],[-1,-5],[-9,-27],[-6,-15],[-7,-19],[-6,-20],[-12,-31],[-11,-30],[-7,-17],[-7,-16],[-4,-19],[-11,-29],[-12,-28],[-7,-14],[0,0],[-7,-11],[-19,-30],[-19,-31],[-5,-11],[-4,-6],[-6,-14],[-17,-31],[-17,-26],[-25,-28],[-28,-7],[0,0],[-21,-3],[-7,-6],[-15,-13],[-18,-9],[-32,-10],[-19,-11],[-22,-20],[4,-7],[-90,-49],[-46,-22],[-71,-59],[-59,-72],[-88,-82],[-91,-69],[-45,-38],[-13,-10],[-45,-27],[-10,-5],[-2,-1],[-11,-4],[-6,1],[-7,0],[-12,0],[-9,0],[-57,-7],[-15,0],[-29,4],[-12,7],[-6,9],[-5,12],[-14,15],[-12,1],[-40,-14],[-44,-12],[-95,-27],[-22,-5],[-17,-13],[-48,-53],[-42,-63],[-21,-31],[-17,-24],[-24,-32],[-47,-56],[-88,-90],[-34,-41],[-23,-29],[-24,-30],[-13,-20],[-51,-28],[-34,-96],[-19,-95],[-5,-64],[46,-64],[16,-31],[-45,-81],[-20,-37],[-43,-59],[-63,-48],[-80,-43],[-84,-41],[-66,-61],[-68,-74],[-33,-46],[-102,-23],[-70,-22],[-46,-8],[-31,23],[-46,15],[-40,6],[-70,-24],[-47,7],[-92,-7],[-120,-27],[-59,38],[-39,34],[-37,8],[-60,1],[-128,96],[-25,0],[-43,7],[-19,-10],[-43,-6],[-51,3],[-32,24],[-52,5],[-98,-11],[-57,1],[-139,26],[-30,3],[-19,-29],[-93,-40],[-42,-50],[-42,-113],[-61,-153],[-19,-38],[-132,-105],[-30,-58],[-56,-86],[-118,-126],[-143,-186],[-1,-16],[0,-5],[2,-10],[-2,-8],[2,-5],[1,-13],[11,-51],[11,-39],[10,-10],[29,-35],[58,-61],[13,-22],[8,-12],[17,-87],[3,-18],[3,-11],[-2,-4],[-1,-4],[-18,-9],[-1,-15],[13,-21],[-70,-115],[-40,-65],[-48,-80],[-89,-182],[-19,-89],[-79,-65],[-10,-17],[-3,-4],[-11,-20],[-11,-17],[-4,-4],[-9,2],[-9,2],[-28,-16],[-21,-30],[-23,-22],[-28,-10],[-11,-9],[-11,-9],[-25,-15],[-19,-7],[-33,-8],[-12,-11],[-38,-17],[-45,-8],[-36,-11],[-57,-8],[-49,-9],[-32,1],[-35,-12],[-31,-1],[-35,-2],[-40,-16],[-25,-2],[-15,11],[-3,35],[-13,20],[-10,23],[-24,-1],[-30,-5],[-32,-7],[-21,2],[-16,-7],[-21,-20],[-12,-42],[-34,-33],[-12,-28],[-12,-24],[-18,-22],[-32,-27],[-29,-9],[-22,-8],[-31,-21],[-24,-18],[-45,-20],[-43,-43],[-51,-56],[-22,-15],[-39,-8],[-18,-28],[-22,-15],[-26,13],[-38,20],[-33,-2],[-29,1],[-23,6],[-23,-10],[-10,-23],[-30,-35],[-26,-22],[-37,-8],[-18,-2],[-38,-32],[-14,-13],[-33,19],[-32,2],[-19,-9],[-30,-50],[-23,-25],[-30,-11],[-37,-9],[-29,-12],[-30,0],[-47,12],[-42,14],[-49,19],[-28,14],[-2,-2],[-55,33],[-68,39],[-56,34],[-45,27],[-35,10],[-48,14],[-36,8],[-41,-29],[-24,-24],[-21,-27],[-27,-19],[-33,-19],[-39,-36],[-40,-15],[-23,-25],[-21,-52],[-35,-40],[-12,-38],[-28,-4],[-79,-41],[-27,-14],[-40,20],[-103,2],[-17,-7],[-8,-29],[-5,-42],[-26,-33],[-25,3],[-10,7],[-12,4],[-25,-23],[5,-9],[14,-44],[1,-62],[-7,-42],[-30,-23],[-40,-24],[-33,-23],[-39,-33],[-23,-28],[-3,-27],[-7,-21],[-21,0],[-27,18],[-35,4],[-12,9],[-23,-7],[-8,-23],[-27,-27],[-31,-32],[-46,-42],[-44,-52],[-35,-51],[-13,-35],[-5,-36],[-7,-33],[-44,-61],[-58,-89],[-25,-33],[-68,3],[-101,19],[-67,30],[-30,-12],[-28,-12],[-22,-45],[-25,4],[-36,6],[-35,-7],[-50,-27],[-22,-25],[-21,-30],[-2,-23],[12,-73],[-1,-46],[-2,-54],[-18,-42],[-19,-42],[-14,-27],[-14,-5],[-70,13],[-33,-9],[-19,-46],[-27,-65],[-33,-44],[-18,-53],[-7,-83],[-17,-84],[9,-117],[17,-50],[-6,-40],[1,-10],[0,-18],[1,-14],[-5,-49],[-6,-49],[-5,-24],[-9,-44],[-6,-29],[-1,-9],[-16,-38],[-15,-37],[-33,-45],[-12,-16],[-50,-72],[-15,-27],[-17,-18],[-5,-7],[-21,-30],[-21,-50],[-7,-33],[-3,-18],[-2,-44],[18,-21],[26,-22],[21,-35],[12,-39],[7,-44],[3,-46],[-12,-48],[-11,-35],[-8,-39],[-2,-46],[4,-39],[-4,-40],[1,-50],[5,-58],[2,-34],[-2,-16],[-3,-18],[-8,-13],[-14,-20],[-10,-13],[-9,-17],[-7,-33],[-3,-14],[-2,-20],[-6,-16],[-4,-21],[-4,-21],[0,-22],[0,-28],[1,-12],[-5,-12],[-8,-18],[-5,-32],[-8,-21],[-9,-17],[-5,-10],[1,-10],[8,-7],[11,-2],[13,-1],[21,-16],[10,2],[9,6],[20,8],[13,2],[10,-2],[4,-10],[-4,-14],[-3,-12],[4,-12],[7,-12],[6,-9],[13,-11],[15,-12],[12,-11],[8,-6],[8,-19],[0,-8],[-13,-28],[-5,-10],[-6,-16],[-6,-20],[-11,-22],[-14,-12],[-15,-13],[-14,-7],[-14,-7],[-15,-7],[-11,-12],[-11,-10],[-10,-9],[-7,-14],[-4,-15],[2,-2],[-6,-11],[-1,-26],[-4,-31],[-4,-21],[-1,-34],[2,-29],[3,-17],[0,-28],[1,-37],[-1,-25],[-3,-34],[5,-21],[4,-21],[6,-13],[12,-4],[18,7],[25,11],[23,14],[23,11],[24,7],[18,3],[8,-10],[4,-15],[-6,-25],[-11,-17],[-10,-33],[-9,-23],[-12,-31],[-14,-24],[-18,-32],[-18,-28],[-13,-20],[-13,-24],[-12,-24],[-6,-18],[-2,-23],[1,-15],[4,-22],[4,-12],[1,-24],[4,-21],[6,-24],[6,-25],[0,-20],[5,-12],[2,-26],[2,-17],[1,-24],[2,-22],[2,-24],[3,-11],[18,-16],[12,-12],[13,-6],[15,-7],[8,-12],[-3,-15],[-7,-11],[-6,-13],[-8,-16],[-1,-12],[1,-10],[2,-17],[1,-10],[-5,-16],[-7,-14],[-6,-42],[1,-15],[4,-10],[8,-11],[12,-3],[10,-7],[8,-11],[5,-15],[-4,-19],[-3,-10],[-8,-13],[-4,-18],[-1,-17],[2,-15],[2,-16],[8,-14],[13,-15],[9,-10],[9,-14],[2,-14],[-1,-17],[-4,-21],[2,-19],[7,-18],[14,-25],[23,-33],[8,-14],[12,-37],[13,-32],[6,-31],[18,-52],[12,-40],[11,-58],[10,-55],[2,-58],[-11,-42],[-3,-31],[-2,-24],[-1,-33],[-2,-42],[-8,-32],[-7,-41],[-17,-65],[-9,-33],[-7,-20],[-6,-18],[1,-20],[-2,-16],[-2,-12],[-3,-18],[-1,-20],[-2,-16],[-4,-20],[-4,-26],[-3,-19],[-5,-32],[-6,-32],[-5,-35],[-11,-31],[-12,-43],[-11,-34],[-6,-24],[-2,-27],[-4,-36],[-1,-16],[5,-22],[4,-24],[5,-14],[8,-19],[10,-20],[9,-26],[3,-17],[-1,-28],[-8,-19],[-1,-14],[-13,-25],[-22,-47],[-7,-23],[-6,-28],[0,-19],[-1,-20],[6,-23],[3,-20],[1,-21],[0,-14],[-7,-20],[-12,-24],[-12,-17],[-12,-24],[2,-23],[6,-23],[10,-27],[4,-27],[-3,-28],[-5,-22],[-5,-22],[0,-14],[-8,-20],[-8,-18],[-12,-9],[-14,-9],[-18,-8],[-23,-15],[-23,-12],[-31,-12],[-28,-10],[-16,-6],[-9,-8],[-2,-17],[0,-21],[-3,-12],[-8,-4],[-13,-4],[-12,-3],[-10,-9],[-14,-17],[-12,-17],[-10,-18],[-6,-19],[-4,-16],[-7,-15],[-16,-11],[-16,0],[-17,-7],[-17,-9],[-30,-36],[-7,-18],[-9,-29],[-24,-29],[-22,-20],[-27,-25],[-19,-23],[-21,-20],[-19,-16],[-21,-17],[-19,-15],[-12,-15],[-10,-16],[4,-32],[11,-31],[8,-28],[4,-24],[3,-17],[-11,-8],[-15,1],[-34,9],[-34,-6],[-24,11],[-28,16],[-50,20],[-160,106],[-51,41],[-43,3],[-123,42],[-43,7],[-36,5],[-46,16],[-55,29],[-104,54],[-48,23],[-37,21],[-50,4],[-47,18],[-60,34],[-25,26],[-8,11],[-38,66],[-19,20],[-58,22],[-52,6],[-31,2],[-72,1],[-128,-13],[-118,-12],[-67,-19],[-136,-60],[-60,-17],[-45,-11],[-40,0],[-47,12],[-46,6],[-41,0],[-49,16],[-49,11],[-42,-1],[-25,-9],[-32,1],[-51,-2],[-47,-9],[-35,-12],[-29,5],[-50,14],[-32,10],[-37,0],[-54,-15],[-24,4],[-27,10],[-24,14],[-23,3],[-39,16],[-24,2],[-28,14],[-14,23],[-27,29],[-38,20],[-31,19],[-48,8],[-63,12],[-25,12],[-37,26],[-85,35],[-32,5],[-56,13],[-32,1],[-53,-1],[-113,11],[-31,6],[-39,14],[-31,7],[-49,15],[-37,5],[-38,-5],[-155,-30],[-37,-3],[-31,2],[-45,13],[-33,7],[-38,4],[-39,9],[-28,7],[-58,11],[-26,1],[-12,0],[-52,-1],[-69,-7],[-66,-7],[-43,-9],[-6,-8],[-70,-112],[-25,-22],[-39,-21],[-34,-25],[-20,-19],[-24,-32],[-20,-35],[-18,-18],[-17,-42],[-9,-50],[-2,-49],[-5,-44],[-4,-5],[-34,-7],[-39,-5],[-42,-8],[-77,0],[-95,1],[-31,-12],[-57,-13],[-41,-11],[-88,-21],[-41,-9],[-46,-6],[-61,-2],[-68,-3],[-28,-1],[-56,-16],[-36,-9],[-41,-1],[-26,4],[-21,6],[-30,9],[-51,10],[-49,7],[-8,2],[-18,5],[-43,21],[-13,5],[-24,5],[-28,2],[-13,-11],[-2,-22],[-7,-35],[-15,-23],[-44,-46],[-36,-39],[-22,-13],[-17,-23],[-17,-11],[-11,-13],[-9,-23],[-4,-12],[-18,-26],[-34,-30],[-31,-26],[-91,-50],[-25,-14],[-36,-15],[-34,-7],[-20,-9],[-19,-18],[-18,-6],[-31,2],[-29,5],[-27,-1],[-8,0],[-18,-8],[-32,-20],[-33,-17],[-53,-10],[-48,-7],[-60,-10],[-50,-17],[-48,-20],[-42,-42],[-39,-17],[-82,-2],[-82,8],[-65,-14],[-32,-21],[-39,-14],[-43,-3],[-37,-7],[-44,-25],[-50,-35],[-61,-60],[-68,-72],[-110,-36],[-79,-34],[-27,-10],[-45,13],[-33,17],[-67,17],[-56,26],[-32,-7],[-55,1],[-79,7],[-61,-1],[-47,-7],[-48,14],[-59,7],[-84,-1],[-74,2],[-50,-21],[-24,-23],[-39,-63],[-42,-76],[-5,-10],[-29,-67],[-15,-39],[-7,-19],[-4,-14],[-5,11],[-14,16],[-1,6],[-5,8],[-29,24],[-17,21],[-11,10],[-40,26],[-12,5],[-29,18],[-12,10],[-33,36],[-22,25],[-47,44],[-48,39],[-115,130],[-25,29],[-70,73],[-37,43],[-28,38],[-49,57],[-39,30],[-87,75],[-18,25],[-26,45],[-37,44],[-36,32],[-22,24],[-71,68],[-16,11],[-17,7],[-11,1],[-47,11],[-32,20],[-21,11],[-14,8],[-34,27],[-49,48],[-21,13],[-31,13],[-15,10],[-8,15],[-1,28],[-4,15],[-14,21],[-28,22],[-37,18],[-30,20],[-10,9],[-10,16],[-13,31],[-7,18],[-1,43],[8,44],[0,10],[12,63],[4,50],[4,45],[6,33],[5,22],[16,34],[48,79],[52,62],[48,68],[24,42],[36,71],[6,8],[25,54],[8,8],[12,6],[43,40],[32,34],[3,8],[12,17],[6,18],[4,35],[-2,4],[2,14],[-5,51],[2,130],[1,28],[3,122],[9,32],[31,87],[10,43],[4,5],[-1,7],[3,25],[-1,41],[-6,48],[-3,42],[-7,39],[-7,26],[-14,28],[-16,26],[-12,15],[-45,42],[-21,18],[-26,26],[-11,3],[-30,28],[-8,10],[-114,185],[-5,10],[-9,30],[-10,59],[-12,63],[-12,48],[-12,36],[-38,86],[-10,38],[-4,8],[-5,28],[1,5],[-3,10],[-1,18],[-12,55],[-9,51],[-5,51],[-8,97],[-2,51],[3,137],[6,87],[9,76],[15,97],[3,51],[6,56],[-1,18],[1,23],[-2,15],[-7,25],[-9,18],[-3,18],[0,11],[-3,5],[1,11],[-2,1],[0,13],[-2,29],[2,19],[3,9],[-3,6],[2,49],[-1,2],[1,13],[-1,66],[-6,46],[-13,45],[-11,28],[-6,23],[-12,28],[-37,106],[-24,92],[-28,81],[-48,99],[-16,28],[-1,7],[-14,16],[-40,76],[-20,38],[0,8],[-11,23],[-8,28],[-19,38],[-9,59],[-25,51],[-23,55],[-43,99],[-19,39],[-50,114],[-99,255],[-26,61],[-4,13],[-42,97],[-4,12],[1,8],[-6,56],[-19,87],[-14,48],[-12,28],[-5,11],[-7,15],[-33,57],[-16,17],[-14,10],[-11,6],[-31,7],[-4,4],[-7,-1],[-42,3],[-16,6],[-21,2],[-27,-4],[-11,-7],[-3,-7],[4,-25],[4,-17],[15,-27],[33,-51],[8,-22],[5,-21],[-1,-13],[-12,-22],[-36,-23],[-77,-33],[-19,-5],[-39,-15],[-23,-6],[-5,3],[-7,-3],[-19,3],[-11,5],[-44,33],[-23,22],[-35,17],[-42,12],[-42,-2],[-46,-11],[-45,-18],[-75,-53],[-31,-19],[-19,-7],[-22,-14],[-16,-12],[-11,-11],[-24,-26],[-29,-38],[-27,-38],[-19,-51],[-10,-15],[-17,-41],[-8,-13],[-16,-33],[-19,-28],[-14,-15],[-28,-24],[-8,-1],[-36,-24],[-39,-19],[-33,-24],[-29,-38],[-28,-39],[-29,-32],[-23,-22],[-19,-41],[-4,-18],[-4,-7],[-18,-21],[-16,-28],[-3,-20],[2,-23],[-4,-13],[-11,-17],[-33,-25],[-5,-7],[-9,-21],[-5,-23],[-4,-7],[-4,-8],[0,-5],[-1,-4],[-11,-54],[-19,-36],[-14,-20],[-14,-12],[-28,-3],[-16,-7],[-23,-24],[-18,-28],[-18,-18],[-23,-12],[-21,-6],[-21,-4],[-26,-2],[-25,-7],[-87,-55],[-21,-10],[-42,-9],[-18,1],[-9,4],[-17,5],[-32,18],[-7,2],[-61,35],[-47,24],[-16,5],[-26,3],[-27,-5],[-36,-14],[-106,-63],[-28,-24],[-17,-25],[-28,-69],[-15,-26],[-23,-35],[-54,-61],[-48,-74],[-14,-43],[0,-10],[-6,-31],[-11,-43],[-1,-8],[-8,-18],[-16,-25],[-27,-36],[-40,-43],[-37,-47],[-52,-52],[-23,-29],[-18,-31],[-36,-107],[-21,-59],[-14,-34],[-8,-25],[-14,-31],[-12,-18],[-18,-17],[-14,-9],[-12,-3],[-19,-9],[-26,-19],[-45,-51],[-6,-10],[-31,-42],[-30,-30],[-18,-9],[-14,-4],[-14,-1],[-9,2],[-23,11],[-37,21],[-14,18],[-25,32],[-10,13],[-5,8],[-4,8],[-6,5],[-20,18],[-20,11],[-20,12],[-16,7],[-35,10],[-30,3],[-16,0],[-16,0],[-58,6],[-24,8],[-23,12],[-61,42],[-9,5],[-5,0],[-11,6],[-36,11],[-14,8],[-11,10],[-23,38],[-18,38],[-11,33],[-18,43],[-11,46],[-9,64],[3,91],[-1,26],[-3,23],[-2,2],[1,10],[-4,10],[-4,33],[-10,31],[-3,23],[-12,33],[-22,76],[-20,142],[-6,74],[4,74],[10,66],[16,69],[16,51],[9,38],[-1,41],[-23,34],[-9,11],[-11,10],[-27,31],[-26,30],[-50,48],[-30,36],[-32,48],[-15,28],[-26,77],[-24,89],[-10,23],[-9,15],[-18,24],[-34,37],[-3,5],[-28,34],[-47,52],[-27,35],[-47,51],[-42,40],[-18,25],[-33,59],[-24,31],[-48,60],[-49,56],[-10,9],[-30,17],[-21,5],[-23,1],[-83,-7],[-65,0],[-47,-9],[-23,-7],[-44,-4],[-33,7],[-16,9],[-9,3],[-12,9],[-6,-1],[-2,7],[-23,17],[-9,9],[-3,8],[0,18],[-6,38],[-6,18],[-16,35],[-8,26],[-2,10],[0,13],[6,13],[-2,17],[-23,51],[-8,28],[1,17],[7,15],[23,17],[8,17],[6,8],[7,2],[9,-1],[44,-14],[15,1],[12,11],[3,6],[1,11],[1,30],[12,46],[0,13],[-8,19],[-36,44],[-52,40],[-16,10],[-11,14],[-5,15],[-5,28],[-7,18],[-13,17],[-17,16],[-34,44],[-24,35],[-14,33],[1,3],[-6,51],[-14,104],[-12,56],[-15,54],[29,33],[75,88],[21,19],[28,16],[23,8],[28,6],[30,9],[21,14],[24,23],[14,14],[11,17],[12,28],[18,54],[15,28],[11,20],[17,43],[19,71],[29,88],[12,23],[10,12],[13,13],[34,28],[13,18],[8,22],[8,49],[19,56],[30,72],[29,63],[8,12],[9,9],[7,3],[21,2],[94,-17],[56,-5],[58,4],[25,4],[18,8],[8,5],[15,17],[4,8],[33,38],[12,25],[10,31],[5,38],[-2,2],[0,23],[-7,46],[-14,56],[-2,16],[-11,51],[-6,33],[-29,124],[-1,20],[3,17],[4,8],[8,7],[104,54],[28,8],[29,-2],[51,2],[84,-1],[4,-2],[36,2],[11,-1],[49,2],[17,3],[15,-1],[19,1],[34,6],[21,0],[57,17],[39,26],[69,45],[19,14],[39,40],[31,19],[18,2],[7,-2],[44,-28],[23,-8],[17,0],[11,7],[12,2],[6,7],[5,9],[3,13],[1,23],[9,44],[37,42],[33,47],[14,15],[14,12],[21,12],[29,15],[2,-1],[17,8],[21,13],[25,11],[58,22],[77,33],[25,9],[21,4],[33,13],[11,10],[13,22],[4,4],[4,2],[33,0],[14,10],[17,30],[25,22],[8,13],[6,20],[-30,89],[-51,-3],[-15,23],[-27,74],[-32,45],[-52,52],[-60,54],[-47,52],[-23,37],[-13,51],[-5,34],[3,54],[2,44],[-19,37],[-36,73],[-29,53],[-13,44],[-21,4],[-30,-5],[-26,-4],[-9,-4],[-11,-2],[-40,-16],[-7,-1],[-5,-3],[-4,1],[-26,-6],[-37,-11],[-21,-8],[-17,-4],[-11,-5],[-37,-10],[-25,-5],[-33,-10],[-49,-9],[-62,-4],[-58,5],[-38,10],[-20,10],[-19,15],[-19,11],[-60,27],[-187,166],[-40,63],[-22,249],[-64,70],[-140,172],[-12,-8],[-17,-32],[-50,-96],[-133,98],[4,56],[-58,13],[-21,20],[-103,105],[-3,51],[27,16],[12,20],[7,15],[9,15],[10,21],[15,26],[-2,10],[-4,31],[1,21],[0,49],[66,53],[-63,72],[-4,11],[-17,23],[-5,28],[-4,6],[-2,6],[-6,18],[-2,25],[11,15],[11,15],[10,15],[28,33],[11,8],[21,29],[9,36],[6,23],[3,22],[-1,57],[-9,12],[-30,20],[-38,15],[-43,51],[-30,40],[-56,100],[0,6],[-6,14],[-12,12],[-10,-1],[-18,-10],[-19,-6],[-21,-2],[-18,1],[-23,5],[-13,16],[-29,24],[-28,20],[-32,25],[-24,39],[8,55],[-7,40],[-14,20],[-6,13],[-14,16],[-22,28],[-8,9],[-9,10],[-9,11],[-11,11],[-16,20],[-15,15],[-18,23],[-7,9],[-8,21],[-29,27],[-6,7],[-6,8],[-18,35],[-13,35],[-9,26],[0,10],[-10,35],[-61,127],[-11,12],[-22,12],[-25,10],[-27,14],[-60,24],[-17,22],[-121,302],[-57,157],[-7,16],[-5,11],[-4,25],[-8,28],[-9,58],[-6,23],[-9,26],[-7,28],[-1,25],[2,13],[1,63],[-9,79],[-9,36],[-10,33],[-14,33],[-64,110],[-3,8],[-9,11],[-3,10],[-22,44],[-13,14],[-14,8],[-16,3],[-19,-2],[-16,3],[-68,23],[-25,5],[-135,-8],[-35,24],[-13,10],[-21,12],[-21,13],[-20,36],[-23,26],[-27,22],[-14,18],[-8,15],[-17,58],[-25,127],[-18,135],[-1,53],[-2,0],[14,149],[-3,25],[-51,13],[-62,10],[-67,21],[-49,31],[-33,10],[-14,7],[-30,34],[-21,11],[-13,10],[-4,5],[-6,15],[-36,158],[-13,86],[-15,56],[-5,48],[-4,10],[-2,16],[-3,43],[0,84],[6,69],[5,23],[6,53],[13,77],[2,33],[-5,36],[-12,32],[-8,39],[-10,114],[-13,107],[0,35],[2,16],[14,34],[20,32],[15,17],[17,30],[29,66],[16,46],[17,69],[9,64],[12,97],[20,104],[11,29],[8,30],[26,59],[18,72],[11,58],[37,100],[35,113],[10,48],[3,46],[1,43],[5,64],[-1,36],[-1,10],[-17,53],[-13,61],[-2,92],[-4,35],[-2,38],[-5,44],[-8,38],[-8,71],[0,33],[3,20],[8,25],[20,35],[16,20],[32,25],[42,23],[60,19],[44,18],[-16,51],[-28,65],[-15,43],[-7,13],[-19,58],[-29,99],[-6,36],[2,4],[-2,33],[2,13],[9,19],[23,34],[18,38],[18,30],[19,40],[4,21],[-5,14],[-17,11],[-28,10],[-11,8],[-14,3],[-8,5],[-8,12],[-5,14],[-24,24],[-5,15],[8,23],[1,16],[-10,34],[2,12],[6,8],[26,23],[4,16],[6,4],[15,-2],[13,7],[2,9],[-2,26],[1,28],[8,18],[22,38],[1,45],[-4,14],[-6,13],[-18,19],[-30,18],[-4,5],[-5,10],[-5,23],[-1,18],[4,21],[3,10],[0,13],[-1,13],[-13,33],[-1,13],[3,10],[-1,15],[-26,88],[-10,19],[-16,19],[-37,22],[-12,17],[-10,20],[-9,35],[-13,28],[-12,17],[-21,16],[-26,5],[-15,10],[-17,17],[-31,44],[-23,22],[-28,10],[-11,0],[-8,3],[-9,-1],[-8,4],[-6,0],[-38,21],[-13,13],[-8,16],[-6,19],[-14,22],[-25,17],[-19,3],[-21,7],[-11,14],[-12,22],[-15,56],[-6,3],[3,10],[-25,109],[-5,5],[-1,8],[3,2],[0,5],[-19,120],[-3,33],[-4,18],[-3,18],[-3,17],[1,6],[-2,15],[-22,86],[-1,31],[-4,48],[-1,61],[-3,74],[-17,58],[-10,26],[-7,10],[-14,38],[-5,5],[-16,33],[-36,89],[-13,25],[-2,8],[-9,14],[-8,19],[-37,55],[-21,59],[-2,25],[1,21],[13,59],[15,41],[146,323],[28,50],[52,72],[13,27],[47,130],[44,102],[31,92],[4,20],[1,11],[-3,12],[-9,15],[-18,19],[-14,9],[-31,11],[-32,16],[-43,13],[-21,9],[-17,2],[-4,3],[-3,-3],[-7,5],[-14,1],[-44,-1],[-21,1],[-7,2],[-12,0],[-18,5],[-24,0],[-14,-3],[-34,-17],[-10,-2],[-21,-14],[-25,-11],[-28,-10],[-40,-7],[-32,-9],[-51,-2],[-21,2],[-16,-2],[-6,-5],[-6,-10],[-5,-21],[-16,-41],[-12,-74],[-8,-28],[-16,-30],[-13,-13],[-13,-7],[-15,1],[-13,11],[-15,33],[-10,33],[-6,10],[-25,26],[-31,23],[-37,17],[-59,33],[-16,5],[-9,6],[-5,-1],[-23,12],[-5,0],[-75,25],[-63,17],[-8,4],[-14,5],[-7,6],[-26,16],[-8,8],[-1,8],[0,14],[7,14],[10,8],[25,13],[6,7],[3,8],[1,15],[-1,8],[-5,15],[-9,17],[-60,58],[-54,46],[-37,45],[-14,7],[-17,6],[-37,8],[-32,-3],[-45,-7],[-35,-15],[-18,-6],[-26,-4],[-21,1],[-24,12],[-1,5],[-14,9],[-17,16],[-70,21],[-24,12],[-26,19],[-48,51],[-44,64],[-27,36],[-21,14],[-46,18],[-23,13],[-12,10],[-43,48],[-41,58],[-4,13],[-8,15],[-8,33],[-5,8],[-6,15],[-12,15],[-6,13],[-4,2],[-15,21],[-32,32],[-5,10],[-5,5],[-20,31],[-11,23],[-3,10],[-7,12],[-4,3],[-19,35],[-22,26],[-9,7],[-14,21],[-31,37],[-16,23],[-14,25],[-16,21],[-13,22],[-45,46],[-19,25],[-15,11],[-15,15],[-31,20],[-47,13],[-25,5],[-35,15],[-14,14],[-26,43],[-26,33],[-40,41],[-21,14],[-14,-1],[-30,-9],[-39,-22],[-38,-17],[-35,-21],[-24,-21],[-13,-14],[-19,-28],[-17,-33],[-15,-17],[-20,-18],[-18,-25],[-13,-26],[-13,-33],[-26,-33],[-7,-16],[-4,-25],[-3,-42],[-3,-13],[-10,-20],[-17,-23],[-39,-40],[-9,-14],[-11,-21],[-18,-51],[-8,-18],[-17,-18],[-16,-23],[-15,-25],[-25,-49],[-22,-36],[-32,-39],[-31,-26],[-7,-12],[-9,-13],[-14,-11],[-19,-21],[-12,-23],[-19,-76],[-7,-55],[-5,-9],[-9,-8],[-23,-6],[-19,-12],[-27,-28],[-22,-44],[-20,-28],[-32,-27],[-14,-7],[-1,-1],[-3,6],[0,1],[-4,12],[-33,22],[-45,30],[-32,17],[-26,8],[-23,3],[-59,19],[-47,6],[-51,4],[-98,21],[-55,10],[-45,7],[-21,2],[-43,21],[-68,27],[-14,8],[-136,23],[-25,7],[-23,-27],[-16,11],[-25,8],[-18,35],[-139,43],[-30,0],[-22,27],[-55,33],[-76,9],[-61,30],[-61,-6],[-92,35],[-62,34],[-42,28],[-19,38],[-195,346],[-85,137],[-85,138],[-92,127],[-33,32],[-12,8],[-78,36],[-37,22],[-40,28],[-113,103],[-36,56],[-27,83],[-21,57],[-111,108],[-73,105],[-73,140],[-113,252],[-137,262],[-66,101],[-43,37],[-282,64],[-155,38],[-230,258],[-128,154],[-114,141],[-62,64],[-16,3],[-32,-11],[-87,55],[-66,51],[-51,41],[-30,51],[-3,7],[-71,30],[-18,20],[-39,6],[-40,-16],[-42,13],[-48,-11],[-46,29],[-48,24],[-140,3],[-162,8],[-224,217],[-315,316],[-58,67],[20,320],[71,94],[-73,177],[-237,326],[-26,104],[-72,120],[-66,148],[-33,126],[-46,111],[-44,144],[-68,100],[-72,304],[-10,67],[-204,6],[-63,57],[-56,-3],[-103,68],[-214,69],[-291,84],[-44,20],[-155,111],[-52,98],[-8,20],[-52,65],[-64,68],[-41,51],[-15,14],[-57,43],[-78,55],[-29,15],[-17,24],[-35,25],[-49,60],[-68,114],[-18,69],[36,353],[-23,49],[-67,166],[-78,-5],[-63,5],[-23,31],[21,182],[-105,172],[-105,115],[-110,21],[-164,125],[-51,72],[-245,193],[-150,96],[-147,49],[-115,16],[-162,75],[-103,67],[-72,62],[-48,43],[-17,70],[-40,38],[-24,62],[-17,35],[-27,24],[-33,47],[-4,81],[-23,34],[-19,37],[-47,91],[-47,95],[-93,171],[-257,77],[-159,116],[-70,103],[-114,165],[-57,168],[-163,-32],[-82,-16],[-346,-188],[-322,-85],[-61,-6],[-25,-2],[-17,-8],[-100,-47],[-144,121],[-420,-31],[-201,-55],[-435,-232],[-109,15],[-233,77],[-126,11],[-124,57],[-334,312],[-88,50],[-230,91],[-295,48],[-121,-16],[-200,28],[-70,21],[-77,-3],[-230,63],[-352,-32],[-294,27],[-317,85],[-208,79],[-62,59],[-517,280],[-280,202],[-267,157],[-206,149],[-136,63],[-235,-42],[-372,-204],[-218,-158],[-200,-248],[-71,-60],[-675,-224],[-229,-57],[-127,-34],[-303,-79],[-168,45],[-268,117],[-239,9],[-200,-52],[-466,-27],[-124,14],[-242,62],[-378,191],[-220,7],[-219,7],[-235,-53],[-67,-42],[-239,-221],[-165,-29],[-224,177],[-63,133],[-47,214],[-14,61],[-12,24],[-29,40],[-20,22],[-10,8],[-5,10],[-6,3],[-5,10],[-9,4],[-3,8],[-4,2],[-12,13],[-21,12],[-3,4],[-130,94],[-30,26],[-60,32],[-17,5],[-23,0],[-72,-3],[-17,-3],[-69,-1],[-31,0],[-56,-9],[-35,-1],[-9,2],[-39,-3],[-24,1],[-53,11],[-31,12],[-20,12],[-33,25],[-42,28],[-77,57],[-44,28],[-30,16],[-54,19],[-60,16],[-61,10],[-62,1],[-42,-2],[-63,-15],[-21,-9],[-33,-18],[-26,-9],[-48,-10],[-56,-1],[-34,2],[-34,-11],[-42,-21],[-28,-14],[-16,-4],[-14,-2],[-70,0],[-40,4],[-55,25],[-38,14],[-48,13],[-52,7],[-7,2],[-104,9],[-54,-1],[-44,2],[-33,6],[-28,2],[-31,-5],[-48,-16],[-64,-32],[-39,-25],[-20,-16],[-32,-38],[-81,-120],[-34,-79],[-7,-23],[-18,-45],[-31,-61],[-51,-34],[-7,-6],[-1,-3],[-17,-11],[-32,-30],[-62,-83],[-44,-58],[-24,-21],[-20,-15],[-59,-48],[-24,-22],[-13,-14],[-9,-14],[-21,-25],[-8,-8],[-134,-60],[-52,-26],[-54,-31],[-30,-12],[-37,-20],[-28,-10],[-32,-17],[-62,-46],[-42,-36],[-37,-40],[-48,-73],[-22,-38],[-34,-71],[-16,-28],[-4,-13],[-33,-59],[-21,-48],[-11,-33],[-16,-31],[-2,-7],[-7,-13],[-9,-25],[-8,-13],[-7,-16],[-8,-20],[-11,-8],[-40,-16],[-8,-5],[-15,-16],[-9,-16],[-16,-15],[-38,-29],[-28,-14],[-30,-11],[-12,0],[-2,-2],[-14,-3],[-7,4],[-4,-3],[-24,6],[-21,7],[-20,11],[-8,2],[-24,15],[-12,4],[-21,18],[-14,5],[-12,-2],[-16,-8],[-2,-4],[-12,-1],[-25,-10],[-21,0],[-126,23],[-47,19],[-40,10],[-2,2],[-5,-1],[-35,6],[-73,8],[-16,4],[-16,12],[-33,11],[-30,5],[-51,20],[-13,8],[-36,26],[-32,27],[-19,21],[-24,21],[-14,7],[-17,5],[-17,1],[-29,-12],[-9,-2],[-17,1],[-11,6],[-23,18],[-41,45],[-26,20],[-55,35],[-18,16],[-24,31],[-69,67],[-43,32],[-19,9],[-28,11],[-54,9],[-25,8],[-26,13],[-12,11],[-7,10],[-5,11],[-9,27],[-8,54],[-8,66],[-10,50],[1,10],[-5,11],[-5,25],[-3,5],[1,2],[-12,35],[-18,26],[-50,48],[-23,18],[-47,27],[-54,21],[-52,31],[-16,16],[-12,17],[-23,41],[-8,26],[-12,16],[-19,10],[-19,4],[-50,18],[-17,13],[-6,10],[-6,31],[-6,7],[-10,20],[-4,15],[-4,28],[-1,31],[3,35],[-9,16],[-16,8],[-10,1],[-63,-4],[-19,8],[-23,15],[-21,13],[-14,12],[-105,104],[-40,34],[-43,31],[-38,42],[-14,23],[-10,20],[-11,30],[-13,48],[-8,20],[-9,15],[-20,25],[-16,13],[-50,28],[-11,4],[-14,13],[-14,22],[-12,33],[-10,51],[-5,18],[-8,12],[-23,19],[-19,4],[-14,-1],[-23,-6],[-19,-1],[-9,0],[-290,-161],[-25,-14],[-84,-46],[-308,-102],[-346,75],[-97,68],[-253,178],[-304,94],[-378,-37],[-255,69],[-449,-172],[-79,1],[-216,59],[-82,-7],[-56,-26],[-177,-82],[-98,7],[-202,13],[-117,7],[-155,-169],[-184,-29],[-129,-30],[-202,3],[-65,-27],[-152,93],[-188,148],[-371,-2],[-317,-38],[-151,-21],[-444,94],[-83,-47],[-160,-295],[-197,-204],[-147,-30],[-229,117],[-195,187],[-112,118],[-35,10],[-66,-7],[-382,3],[-56,16],[-72,35],[-38,-12],[-241,-198],[-237,-71],[-172,8],[-45,45],[-314,644],[-100,463],[53,241],[-66,191],[39,209],[-272,628],[-528,-132],[-193,-23],[-275,248],[-287,101],[-216,-107],[-223,100],[-137,203],[-127,182],[-11,92],[-36,33],[-21,4],[-7,-2],[-5,-4],[-7,1],[-23,-11],[-7,-7],[-25,-17],[-20,-19],[-29,-25],[-28,-30],[-25,-37],[-9,-15],[-5,-31],[-1,-15],[2,-28],[-3,-21],[-9,-26],[-13,-28],[-23,-33],[-21,-18],[-19,-7],[-23,-4],[-15,-6],[-18,-15],[-26,-30],[-30,-20],[-26,-7],[-7,2],[-9,6],[-11,2],[-11,-3],[-19,-17],[-22,-31],[-12,-13],[-22,-35],[-12,-6],[-14,-2],[-15,-4],[-6,-4],[-5,-8],[-7,-33],[-24,-31],[-4,-2],[-10,-10],[-10,-8],[-14,-6],[-7,-7],[-13,-5],[-16,-17],[-27,-46],[-16,-19],[-12,-9],[-23,-23],[-12,-15],[-12,-22],[-1,-5],[-13,-22],[-5,-4],[-9,-13],[-30,-23],[-32,-12],[-10,-1],[-13,-8],[-33,-9],[-21,0],[-33,8],[-60,8],[-12,3],[-54,9],[-40,11],[-14,0],[-70,8],[-9,-1],[-18,1],[-19,-7],[-3,-12],[4,-12],[2,-20],[-4,-24],[-5,-11],[0,-7],[-4,-11],[-22,-36],[-13,-16],[-55,-48],[-56,-40],[-14,-16],[-17,-24],[-15,-18],[-13,-14],[-50,-41],[-10,-11],[-6,-3],[-13,-9],[-14,-10],[-20,-11],[-18,-8],[-32,-7],[-3,3],[-23,-3],[-3,2],[-9,-3],[-28,-16],[-6,-4],[-11,-17],[-15,-15],[-19,-9],[-4,2],[-4,-5],[-7,0],[-14,-4],[-21,-15],[-9,-3],[-28,-2],[-12,-6],[-18,-12],[-16,-5],[-28,0],[-2,2],[-17,1],[-44,8],[-22,15],[-32,37],[-7,18],[-4,25],[-10,29],[-4,7],[-4,79],[-10,35],[-7,48],[-6,25],[1,3],[-5,20],[-3,19],[3,19],[3,7],[6,6],[13,9],[6,9],[1,12],[-4,8],[-9,5],[-9,8],[-17,7],[-49,10],[-6,7],[-4,-2],[-9,1],[-42,36],[-17,8],[-16,4],[-17,0],[-37,8],[-26,0],[-16,-3],[-21,-11],[-5,0],[-19,-8],[-6,-5],[-14,-4],[-18,-2],[-20,4],[-24,14],[-12,12],[-7,10],[-30,58],[-5,20],[-6,13],[-33,47],[-17,16],[-32,31],[-25,21],[-31,23],[-16,10],[-15,6],[-20,11],[-19,5],[-14,2],[-24,-3],[-4,-2],[-35,-9],[-21,-1],[-16,4],[-22,9],[-16,10],[-31,24],[-38,37],[-17,9],[-32,10],[-31,0],[-21,3],[-30,13],[-60,47],[-23,21],[-38,22],[-24,11],[-21,15],[-11,12],[-13,29],[-25,24],[-17,7],[-30,0],[-10,3],[-11,8],[-41,33],[-39,21],[-16,16],[-11,18],[-11,6],[-14,36],[-19,20],[-2,5],[0,19],[-8,13],[-20,23],[-14,8],[-21,9],[-75,11],[-10,-3],[-16,-10],[-20,-18],[-23,-12],[-10,2],[-21,17],[-12,3],[-21,-2],[-32,-14],[-16,-6],[-12,0],[-16,4],[-5,3],[-12,0],[-3,9],[-19,19],[-22,16],[-20,34],[-17,16],[-17,11],[-23,8],[-14,9],[-43,33],[-12,6],[-14,5],[-14,2],[-28,-4],[-39,4],[-21,-1],[-61,-9],[-23,-1],[-47,-13],[-6,-4],[-10,-7],[-5,-8],[-10,-27],[-3,-9],[-11,-18],[-36,-32],[-24,-32],[-15,-5],[-68,-5],[-28,3],[-79,20],[-29,1],[-18,-6],[-22,-13],[-24,-19],[-4,-3],[-33,-19],[-16,-6],[-21,-2],[-9,1],[-7,-2],[-14,4],[-45,27],[-14,5],[-5,4],[-14,3],[-14,-1],[-23,-10],[-16,-10],[-24,-10],[0,-5],[-26,-8],[-9,1],[-7,4],[-6,8],[-6,8],[-10,3],[-16,-1],[-30,-6],[-16,0],[-36,9],[-49,16],[-47,2],[-30,-6],[-4,-5],[-10,-3],[-19,-2],[-25,-10],[-39,-13],[-95,-19],[-33,-8],[-14,-5],[-21,-10],[-4,-3],[-7,-2],[-16,-9],[-14,-4],[-41,3],[-8,-5],[-9,-13],[-4,-10],[-8,-9],[-22,-8],[-12,-8],[-11,-9],[-16,-18],[-33,-60],[-43,-55],[-11,-18],[-17,-15],[-9,-5],[-24,-3],[-13,-5],[-11,-8],[-7,-8],[-6,-21],[3,-22],[-2,-8],[-25,-35],[-1,-5],[0,-26],[-3,-9],[-9,-13],[-13,-11],[-30,-14],[-39,-9],[-27,-15],[-16,-13],[-33,-39],[-14,-12],[-38,-47],[-29,-20],[-9,-4],[-30,-6],[-12,-6],[-9,1],[-26,9],[-16,12],[-24,11],[-14,6],[-47,14],[-24,14],[-16,6],[-61,14],[-61,8],[-40,1],[-38,-4],[-22,-5],[-11,-5],[-14,-10],[-21,-21],[-8,-10],[-14,-4],[-13,-10],[-23,-13],[-21,-7],[-77,-6],[-25,-6],[-23,-8],[-9,-6],[-7,-11],[-1,-19],[3,-17],[-3,-8],[-15,-11],[-30,-8],[-34,-17],[-12,-3],[-40,0],[-18,2],[-24,-3],[-25,-13],[-28,-4],[-13,-5],[-21,-17],[-18,-9],[-23,-14],[-17,-8],[-20,-19],[-11,-7],[-14,-3],[-9,1],[-31,9],[-14,-4],[-12,-11],[-10,-14],[-6,-11],[-12,-14],[-14,-6],[-23,1],[-7,-3],[-18,-13],[-18,-21],[-21,-9],[-9,-2],[-21,0],[-71,18],[-30,-3],[-14,-8],[-41,-34],[-23,-14],[-23,-7],[-79,-16],[-36,-15],[-40,-10],[-130,-86],[-56,-2],[-9,-1],[-13,6],[-17,15],[-15,33],[-19,32],[-1,6],[-4,4],[-37,70],[-108,162],[-48,75],[-19,33],[-21,29],[-53,35],[-119,70],[-25,19],[-14,14],[-21,30],[-19,19],[-36,32],[-41,41],[-36,30],[-28,32],[-80,89],[-5,-2],[-15,-17],[-38,-53],[-26,-23],[-15,-17],[-15,-24],[-10,-34],[-7,-7],[-9,-3],[-7,-1],[-12,4],[-12,1],[-23,-8],[-43,-25],[-14,-11],[-25,-29],[-16,-10],[-21,-5],[-33,16],[-21,-1],[-28,13],[-18,2],[-8,-3],[-5,-4],[-17,-22],[-23,-14],[-37,-11],[-23,-2],[-43,27],[-21,10],[-33,1],[-39,-9],[-14,0],[-24,4],[-37,12],[-45,6],[-12,-1],[-16,-4],[-16,-6],[-11,-6],[-16,-5],[-12,-2],[-28,8],[-24,10],[-33,7],[-54,6],[-126,25],[-29,11],[-26,22],[-29,30],[-24,21],[-26,14],[-14,3],[-11,-6],[-18,-15],[-23,-26],[-13,-21],[-4,-11],[0,-10],[-3,-4],[-9,-41],[-17,-34],[-26,-44],[-24,-62],[-4,-18],[-3,-34],[-11,-43],[-22,-47],[-32,-49],[-2,-24],[-6,-18],[-11,-23],[-50,-65],[-38,-36],[-12,-9],[-5,0],[-25,4],[-12,0],[-21,-4],[-43,-21],[-21,-14],[-9,-4],[-14,1],[-12,6],[-50,32],[-88,51],[-69,53],[-12,6],[-12,3],[-10,-1],[-15,-7],[-25,-25],[-20,-16],[-12,-5],[-27,-3],[-11,-6],[-9,-7],[-6,-16],[-4,-4],[-13,-8],[-11,-3],[-8,1],[-18,-4],[-16,-1],[-35,-10],[-16,-1],[-37,-10],[-84,-8],[-9,-4],[-13,-11],[-12,-4],[-19,3],[-9,5],[-22,0],[-11,-5],[-18,-19],[-11,-7],[-23,-5],[-47,1],[-15,-9],[-38,-12],[-21,-4],[-2,3],[-7,-1],[-26,-3],[-37,2],[-7,2],[-94,11],[-49,-5],[-69,-1],[-14,-3],[-27,-12],[-60,-45],[-20,-18],[-6,-12],[-26,-23],[-8,-14],[-14,-15],[-37,-22],[-14,-6],[-10,-2],[-9,6],[-3,5],[-13,45],[-16,28],[-16,14],[-35,14],[-18,5],[-19,14],[-12,17],[-6,38],[-7,21],[-18,28],[-16,21],[-15,16],[-20,15],[-34,22],[-10,12],[-4,10],[-19,75],[-6,16],[-11,17],[-30,32],[-32,39],[-6,13],[-4,-1],[-11,11],[-55,37],[-9,-4],[-2,-4],[-3,2],[-7,-1],[-13,-7],[-8,-9],[-9,-29],[-12,-11],[-30,-9],[-14,-3],[-16,0],[-20,5],[-19,2],[-14,-2],[-21,-10],[-13,-11],[-15,-21],[-9,-5],[-12,-1],[-5,4],[-5,8],[-4,17],[-7,15],[-10,7],[-6,1],[-10,-1],[-18,-8],[-46,-40],[-18,-12],[-9,-1],[-24,6],[-9,0],[-15,-5],[-31,-22],[-23,-22],[-62,-60],[-13,-17],[-34,-35],[-23,-17],[-31,-31],[-30,-15],[-19,-6],[-14,-2],[-6,1],[-25,9],[-14,0],[-11,-4],[-28,-5],[-55,0],[-42,8],[-3,4],[-8,-2],[-9,1],[-21,9],[-8,1],[-8,-2],[-21,4],[-37,11],[-17,9],[-26,33],[-56,23],[-35,10],[-15,9],[-3,-2],[-9,7],[-6,1],[-13,0],[-7,-3],[-7,-11],[-11,-31],[-16,-46],[-16,-33],[-3,-14],[-19,-30],[-6,-22],[4,-26],[14,-30],[1,-11],[-4,-10],[-1,-10],[6,-18],[-1,-7],[-6,-12],[-10,-8],[-40,-19],[-16,-9],[-12,-8],[-9,-3],[-9,-8],[-2,-10],[2,-13],[5,-10],[23,-28],[3,-10],[0,-7],[-11,-14],[-15,-16],[-54,-42],[-15,-14],[-4,-9],[-2,-11],[6,-23],[0,-10],[-3,-13],[-5,-13],[-6,-5],[-7,0],[-11,1],[-16,8],[-10,-1],[-23,-12],[-11,-9],[-8,-11],[-7,-17],[-3,-18],[-4,-86],[-5,-20],[-7,-16],[-73,-79],[-11,-17],[-15,-32],[-14,-21],[-14,-12],[-34,-8],[-9,-5],[-8,0],[-19,-9],[-11,0],[-28,4],[-21,-1],[-8,-1],[-30,-3],[-43,-18],[-19,-32],[-6,-12],[-3,-14],[3,-28],[0,-23],[2,-20],[-2,-10],[3,-28],[-24,-31],[-7,-18],[-3,-12],[-8,-14],[-31,-28],[-22,-25],[-26,-15],[-2,1],[-16,-5],[-23,-11],[-19,-14],[-21,-7],[-7,-5],[-16,-21],[-9,-8],[-14,-7],[-7,-1],[-7,-6],[-14,-6],[-32,-21],[-14,-11],[-16,-20],[-7,-18],[-6,-10],[-11,-12],[-55,-39],[-14,-17],[-48,-33],[-44,-24],[-47,-21],[-19,-5],[-18,0],[-24,-7],[-11,-1],[-12,0],[-11,4],[-12,6],[-16,2],[-14,0],[-19,-5],[-11,0],[-20,9],[-12,2],[-9,-1],[-14,-8],[-28,-5],[-25,2],[-33,9],[-60,-1],[-16,3],[-88,22],[-17,9],[-7,11],[-11,9],[-14,4],[-10,6],[-14,3],[-30,14],[-53,14],[-41,7],[-18,-1],[-24,-8],[-9,-1],[-25,7],[-12,4],[-22,13],[-11,3],[-11,1],[-38,-5],[-69,-21],[-36,7],[-32,0],[-19,3],[-10,3],[-24,14],[-11,11],[-9,19],[-5,17],[-8,13],[-15,14],[-10,13],[-3,10],[-3,31],[-3,13],[-10,21],[-9,10],[-18,12],[-15,7],[-30,2],[-12,5],[-15,18],[-6,18],[-11,11],[-11,4],[-37,0],[-17,6],[-12,8],[-9,10],[-16,25],[-9,28],[-10,48],[-14,37],[-30,37],[-14,19],[-5,16],[2,10],[9,21],[7,30],[4,10],[2,26],[0,14],[1,7],[-1,7],[5,23],[-3,19],[-10,23],[-3,17],[5,16],[26,26],[18,31],[6,23],[2,51],[-5,25],[-7,18],[-19,20],[-8,19],[-6,72],[4,40],[-1,16],[-2,10],[-14,22],[-7,20],[-3,15],[1,33],[-3,15],[-18,31],[-3,15],[-1,47],[-4,10],[-12,15],[-6,2],[-6,-1],[-32,-26],[-32,-38],[-33,-23],[-18,-11],[-7,-13],[0,-8],[-3,-5],[-4,-7],[-5,0],[-12,5],[-7,8],[-13,32],[-20,15],[-6,24],[-1,24],[-21,43],[-8,12],[-14,11],[-22,22],[-9,5],[-5,1],[-18,-11],[-9,0],[-23,6],[-10,-1],[-2,3],[-5,0],[-3,-4],[-4,2],[-16,0],[-23,-7],[-14,-11],[-12,-5],[-6,-2],[-21,1],[-14,-5],[-10,-5],[-11,-12],[-19,-35],[-12,-14],[-17,-7],[-16,0],[-21,-6],[-15,-14],[-12,-25],[-9,-10],[-9,-5],[-9,-2],[-28,-3],[-21,-10],[-30,-30],[-30,-20],[-7,-10],[-8,-35],[-8,-13],[-26,-12],[-51,4],[-14,0],[-11,-4],[-21,-12],[-14,-3],[-59,4],[-15,5],[-14,7],[-49,38],[-14,14],[-18,24],[-21,12],[-20,1],[-24,-7],[-10,2],[-16,7],[-17,10],[-18,14],[-25,14],[-32,9],[-55,19],[-18,11],[-10,9],[-9,13],[-17,18],[-18,19],[-4,8],[-25,25],[-12,8],[-10,4],[-22,18],[-13,17],[-13,17],[-16,35],[-20,35],[-14,14],[-16,6],[-14,-3],[-18,-11],[-33,-10],[-11,-2],[-14,2],[-19,-1],[-43,9],[-13,-3],[-11,-8],[-23,-25],[-13,-10],[-54,-23],[-26,-39],[-9,-24],[-7,-9],[-7,-5],[-17,-4],[-28,-19],[-5,-1],[-2,4],[-35,10],[-10,0],[-15,-6],[-41,-22],[-40,-33],[-9,-11],[-16,-9],[-12,-3],[-14,0],[-119,3],[-26,5],[-47,20],[-10,0],[-10,-5],[-11,-11],[-3,-6],[0,-10],[11,-20],[16,-17],[30,-42],[6,-22],[1,-33],[-3,-23],[-13,-24],[-11,-9],[-10,-2],[-8,1],[-31,14],[-24,-1],[-23,3],[-14,10],[-9,10],[-8,14],[-6,19],[-4,7],[-8,5],[-14,1],[-21,-5],[-37,-22],[-21,-9],[-11,-8],[-22,-23],[-42,-37],[-23,-12],[-44,-13],[-28,0],[-31,4],[0,-2],[-21,-2],[-13,2],[-14,12],[-6,9],[-3,42],[3,36],[6,30],[26,46],[7,21],[0,20],[-3,43],[1,3],[-1,23],[-1,2],[3,10],[-2,8],[1,23],[-3,24],[-5,9],[-31,19],[-58,22],[-28,4],[-7,0],[-11,-3],[-7,-5],[-24,-29],[-11,-7],[-9,-2],[-7,0],[-16,5],[-75,4],[-37,12],[-37,5],[-37,-2],[-33,-9],[-25,-3],[-21,3],[-23,9],[-36,22],[-12,10],[-43,18],[-4,4],[-14,5],[-4,4],[-3,-4],[-5,6],[-27,6],[-18,1],[-10,-4],[-3,2],[1,-2],[-20,-9],[-44,-34],[-5,-10],[-1,-13],[-21,-43],[-4,-2],[-9,-14],[-7,-3],[-7,-11],[-14,-13],[1,-3],[-10,-4],[-12,-14],[-4,-2],[-3,-3],[-4,0],[-7,-3],[-5,-7],[-21,-13],[-26,-24],[-61,-54],[-10,-17],[-13,-14],[-19,-32],[-36,-80],[-6,-24],[-1,-33],[7,-31],[-6,-41],[-16,-60],[-4,-24],[-1,-30],[7,-43],[-2,-13],[-10,-11],[-7,-3],[-32,-2],[-49,-15],[-16,-1],[-17,5],[-9,-1],[-8,-5],[-21,-19],[-5,-2],[-4,1],[-5,5],[-11,21],[-7,4],[-6,-1],[-5,-3],[-5,-10],[-1,-17],[-4,-8],[-17,-8],[-22,6],[-6,3],[-8,11],[-14,2],[-14,-13],[-7,-3],[-17,13],[-6,1],[-12,-5],[-25,-23],[-39,-38],[-30,-35],[-17,-13],[-9,-5],[-32,-6],[-20,1],[-26,16],[-17,3],[-10,-1],[-93,-33],[-72,-36],[-23,-8],[-17,-2],[-23,-2],[-13,2],[-9,5],[-26,25],[-17,7],[-12,0],[-44,-11],[-21,-8],[-35,-10],[-7,1],[-2,-3],[-43,-8],[-12,1],[-12,-1],[-63,-20],[-21,0],[-19,3],[-7,3],[-70,19],[-133,19],[-21,1],[-44,-7],[-11,4],[-15,18],[-8,6],[-21,9],[-15,2],[-19,5],[-22,10],[-27,28],[-26,14],[-16,1],[-28,-2],[-17,-3],[-37,1],[-26,-2],[6,-10],[23,-42],[0,-10],[-1,-8],[-15,-19],[-27,-15],[-13,-15],[-4,-36],[-3,-13],[-3,-10],[-9,-17],[-12,-7],[-32,-5],[-4,-4],[-2,-3],[5,-20],[15,-23],[28,-51],[2,-10],[-1,-5],[-10,-12],[-22,-12],[-12,-12],[-8,-15],[-4,-17],[-16,-39],[-2,-10],[-7,-21],[-13,-22],[-18,-18],[-14,-10],[-32,-20],[-24,-20],[-14,-8],[-35,-8],[-23,0],[-19,3],[-11,-5],[-12,-23],[-12,-16],[-14,-12],[-14,-5],[-8,14],[-3,1],[-6,-3],[-37,-38],[-31,-23],[-36,-27],[-12,22],[-11,33],[-17,31],[-22,-3],[-10,-7],[-17,-20],[-7,-4],[-31,-11],[-21,-12],[-14,-2],[-25,2],[-19,9],[-7,6],[-14,17],[-24,13],[-23,8],[-33,-2],[-13,5],[-5,7],[-2,10],[0,5],[4,13],[0,7],[-5,6],[-10,1],[-52,-14],[-19,2],[-17,7],[-8,9],[-21,29],[-6,5],[-17,4],[-10,5],[-60,73],[-10,7],[-12,2],[-10,-8],[-16,-24],[-25,-28],[-10,-8],[-32,-18],[-14,-12],[-21,-11],[-12,-10],[-25,-28],[-24,-16],[-42,-36],[-15,-22],[-5,-12],[-7,-53],[-11,-33],[-37,-58],[-94,-127],[-46,-64],[-24,-28],[-15,-15],[-29,-24],[-14,-13],[-32,-29],[-30,-32],[-19,-28],[-12,-28],[-13,-60],[1,-41],[2,-13],[11,-33],[5,-23],[-1,-20],[-7,-18],[-18,-25],[-67,-59],[-60,-63],[-32,-23],[-61,-17],[-28,-14],[-24,-23],[-20,-33],[-14,-21],[-18,-20],[-30,-29],[-33,-19],[-37,-16],[-53,-40],[-17,-10],[-46,-13],[-24,-3],[-39,2],[-17,-3],[-39,-15],[-51,-13],[-35,-5],[-28,-9],[-24,-12],[-20,-14],[-40,-26],[-26,-14],[-49,-16],[-45,-7],[-47,-20],[-11,-8],[-20,-24],[-23,-24],[-20,-25],[-45,-44],[-49,-63],[-44,-43],[-35,-25],[-12,-12],[-25,-43],[-15,-18],[-43,-35],[-26,-23],[-56,-77],[-1,-2],[-2,2],[-5,-6],[-35,-52],[-14,-12],[-5,0],[-7,-3],[-14,1],[-14,-5],[-14,-8],[-13,-13],[-21,-35],[-11,-11],[-12,-6],[-14,-4],[-16,0],[-51,14],[-21,2],[-10,-2],[-21,-12],[-7,-2],[-14,1],[-30,8],[-14,0],[-14,-6],[-12,-22],[-27,-18],[-40,4],[-25,-1],[-7,0],[-23,-4],[-16,-8],[-38,-39],[-56,-51],[-25,-18],[-21,-16],[-35,-21],[-8,-8],[-15,-8],[-8,-8],[-3,-5],[-8,-23],[-8,-9],[-32,-9],[-16,-9],[-15,-14],[-19,-10],[-76,-30],[-23,-16],[-16,-9],[-14,-11],[-14,-18],[-10,-25],[-3,-10],[-5,-36],[4,-76],[0,-11],[-3,-6],[-17,-16],[-53,-28],[-54,-34],[-51,-37],[-26,-15],[-14,4],[-80,67],[-23,25],[-52,74],[-62,80],[-30,30],[-25,21],[-24,15],[-32,14],[-28,6],[-49,3],[-9,3],[-44,21],[-28,16],[-26,12],[-11,4],[-7,7],[-10,16],[-7,18],[-6,30],[-1,30],[2,-2],[-4,36],[1,30],[-2,33],[-3,26],[-7,23],[4,13],[-22,111],[-9,25],[-24,25],[-47,39],[-30,33],[-49,63],[-30,48],[-7,7],[-5,2],[-20,-8],[-19,2],[-28,27],[-12,7],[-14,-3],[-10,0],[-10,8],[-30,63],[-16,38],[-15,59],[-4,29],[-1,3],[-6,7],[-16,10],[-28,12],[-18,11],[-14,16],[-18,26],[-21,18],[-35,13],[-51,10],[-23,8],[-22,17],[-30,29],[-30,20],[-19,4],[-17,1],[-29,-7],[-10,-5],[-23,-9],[-39,-24],[-28,-10],[-10,-5],[-67,-8],[-14,-3],[-23,-11],[-30,-22],[-61,-53],[-44,-30],[-14,-7],[-16,-4],[-23,0],[-14,3],[-12,4],[-68,37],[-21,7],[-35,2],[-19,-4],[-15,-6],[-13,-10],[-7,-12],[-8,-18],[-9,-32],[-7,-8],[-15,-12],[-10,-1],[-14,6],[-14,13],[-9,10],[-22,3],[-10,-9],[-12,-29],[-9,-8],[-17,-7],[-35,3],[-18,-5],[-19,0],[-51,9],[-33,0],[-4,-1],[-9,-8],[-8,-15],[-8,-7],[-16,-6],[-22,1],[-5,-4],[-9,-12],[-15,-13],[-21,-7],[-19,-12],[-46,-14],[-40,-6],[-39,-7],[-26,-8],[-53,-33],[-14,-2],[-75,-10],[-11,3],[-19,8],[-19,4],[-21,-2],[-25,-19],[-27,-6],[-7,-4],[-7,-5],[-22,-27],[-21,-11],[-11,-2],[-14,1],[-16,9],[-29,24],[-4,1],[-27,24],[-30,32],[-7,2],[-6,-2],[-12,-8],[-14,-19],[-31,-59],[-13,-14],[-12,-10],[-5,-2],[-19,2],[-21,-2],[-30,-11],[-16,-3],[-14,1],[-40,-3],[-21,-8],[-28,-31],[-11,-9],[-12,-3],[-37,1],[-21,-9],[-11,-7],[-21,-8],[-19,0],[-12,-3],[-15,1],[-14,-6],[-11,-7],[-17,-16],[-17,-26],[-10,-23],[-9,-38],[-11,-21],[-15,-19],[-13,-29],[-15,-24],[-21,-20],[-22,-17],[-20,-30],[-16,-14],[-20,-9],[-29,-24],[-14,-3],[-19,0],[-12,-4],[-14,-11],[-29,-35],[-15,-13],[-32,-13],[-16,-10],[-12,-9],[-22,-24],[-33,-50],[-36,-41],[-18,-20],[-19,-15],[-32,-20],[-38,-27],[-44,-25],[-51,-19],[-21,-2],[-23,4],[-47,1],[-2,-1],[-26,3],[-37,7],[-44,-1],[-37,-8],[-17,0],[-16,3],[-25,9],[-24,15],[-14,6],[-53,19],[-19,9]],[[456602,327199],[-76,55],[-72,46],[-28,24],[-46,34],[-61,37],[-67,32],[-37,23],[-28,23],[-37,27],[-49,46],[-19,25],[-12,29],[-3,9],[-3,11],[-6,12],[-15,20],[-10,7],[-16,12],[-14,7],[-24,6],[-17,2],[-8,1],[-28,9],[-26,15],[-28,20],[-29,28],[-12,15],[-7,15],[-10,31],[-2,18],[-1,10],[-8,22],[-12,21],[-43,40],[-31,46],[-25,53],[-23,66],[-12,22],[-23,26],[-67,60],[-20,21],[-18,10],[-17,3],[-13,6],[-32,12],[-20,1],[-8,-2],[-19,-7],[-37,-1],[-30,-8],[-70,-32],[-39,-24],[-56,-26],[-28,-19],[-37,-36],[-16,-8],[-35,-13],[-21,-4],[-45,-14],[-13,-6],[-30,-20],[-24,-9],[-32,-8],[-33,-4],[-51,-11],[-11,-3],[-52,-8],[-12,-3],[-13,-4],[-15,-9],[-6,-6],[-19,-36],[-20,-26],[-51,-79],[-40,-58],[-20,-22],[-24,-20],[-33,-21],[-38,-33],[-12,-18],[-16,-42],[2,-30],[-16,-40],[-40,-115],[-21,-38],[-17,-21],[-49,-22],[-26,-6],[-32,-5],[-47,-14],[-21,-9],[-74,-43],[-14,-7],[-50,-34],[-23,-13],[-59,-22],[-7,-1],[-16,-15],[-10,-16],[-7,-28],[-3,0],[-10,-13],[-13,-11],[-24,-13],[-18,-16],[-11,-33],[-21,-27],[-8,-21],[-1,-13],[1,-23],[-2,-15],[-2,-16],[-5,-12],[-5,-8],[-7,-6],[-11,-6],[-25,-9],[-12,-9],[-7,-2],[-33,-25],[-38,-44],[-46,-61],[-22,-25],[-26,-22],[-32,-23],[-110,-46],[-69,-27],[-12,-6],[-107,-34],[-19,-3],[-21,-11],[-46,-16],[-126,-33],[-5,0],[-2,-2],[-14,-1],[-30,-7],[-50,-27],[-24,-17],[-30,-30],[-134,-142],[-87,-110],[-10,-12],[-15,-31],[-9,-28],[-3,-34],[-4,-16],[-2,-7],[-6,-5],[-45,-21],[-14,-5],[-13,-5],[-32,-8],[-15,-5],[-63,-26],[-21,-6],[-16,-9],[-82,-56],[-49,-23],[-76,-19],[-21,-2],[-17,1],[-33,19],[-15,13],[-26,30],[-12,18],[-41,51],[-6,10],[-20,26],[-42,73],[-8,21],[-9,28],[-17,101],[-11,44],[0,7],[-13,56],[-11,38],[-12,34],[-1,7],[-20,36],[-18,42],[-9,20],[-8,26],[-5,20],[-3,28],[-5,163],[1,28],[-3,10],[-2,56],[-21,158],[1,12],[-4,36],[-19,104],[-2,38],[0,44],[2,23],[0,33],[-5,45],[-8,17],[-11,8],[-24,8],[-33,5],[-42,6],[-26,7],[-46,26],[-29,19],[-28,26],[-64,92],[-17,16],[-7,4],[-4,0],[-5,5],[-14,4],[-18,-2],[-9,-4],[-18,-14],[-36,-39],[-17,-13],[-21,-12],[-35,-15],[-27,-8],[-42,-1],[-40,-8],[-67,-25],[-63,-35],[-42,-27],[-14,-11],[-98,-58],[-7,-3],[-33,-24],[-35,-23],[-34,-11],[-14,0],[-63,-12],[-73,-11],[-74,-15],[-12,1],[-2,-2],[-19,-3],[-55,-6],[-26,0],[-86,2],[-56,7],[-35,1],[-81,9],[-86,7],[-59,13],[-32,16],[-30,18],[-31,23],[-34,23],[-33,25],[-49,33],[-117,66],[-1,0],[-7,5],[-24,12],[-53,40],[-53,48],[-27,33],[-4,5],[-2,7],[-15,8],[-18,16],[-49,53],[-64,82],[-52,72],[-27,48],[-5,13],[-31,62],[-26,44],[-62,112],[-43,68],[-17,23],[-87,91],[-16,13],[-12,6],[-16,15],[-12,6],[-23,19],[-37,47],[-21,38],[-8,20],[-19,67],[-7,33],[-3,10],[-10,41],[-12,33],[-16,33],[-21,32],[-71,72],[-65,50],[-21,11],[-102,44],[-67,20],[-42,4],[-39,-1],[-43,-9],[-19,-7],[-22,-12],[-47,-25],[-47,-35],[-46,-41],[-17,-12],[-56,-35],[-96,-64],[-47,-36],[-113,-73],[-28,-20],[-4,-5],[-14,-7],[-21,-18],[-15,-8],[-40,-28],[-28,-11],[-30,-4],[-94,3],[-22,-6],[-31,-12],[-16,-8],[-18,-14],[-29,-26],[-15,-20],[-10,-21],[-12,-25],[-4,-23],[-8,-20],[-26,-64],[-15,-45],[-3,-13],[-14,-38],[-13,-28],[-14,-28],[-6,-9],[-4,-3],[-7,-13],[-19,-47],[-27,-59],[-28,-58],[-35,-112],[-34,-68],[-48,-93],[-1,-5],[-4,-8],[-4,-19],[-4,-22],[-10,-28],[-3,-11],[-4,-9],[-3,-14],[-14,-41],[-13,-27],[-6,-10],[-28,-36],[-32,-33],[-21,-22],[-16,-15],[-12,-7],[-11,-4],[-14,-3],[-2,1],[-12,0],[-14,2],[-51,15],[-11,5],[-27,8],[-26,9],[-31,12],[-25,12],[-26,8],[-17,6],[-38,9],[-12,1],[-19,4],[-13,3],[-19,2],[-73,12],[-16,3],[-36,12],[-31,8],[-37,4],[-31,4],[-29,2],[-17,-1],[-25,0],[-40,1],[-28,-2],[-10,1],[-21,-1],[-51,-5],[-81,-2],[-12,-1],[-54,1],[-81,-1],[-25,-2],[-32,0],[-33,-3],[-22,0],[-9,-1],[-2,0],[-2,0],[-37,-2],[-26,4],[-14,4],[-20,7],[-52,24],[-48,28],[-48,31],[-13,10],[-17,14],[-24,28],[-7,5],[-10,3],[-6,4],[-16,3],[-25,-1],[-20,-5],[-8,-1],[-34,-8],[-22,-8],[-7,-4],[-8,-2],[-17,-7],[-10,-2],[-3,-2],[-17,-1],[-17,0],[-18,3],[-19,5],[-14,6],[-15,7],[-44,27],[-7,2],[-9,1],[-4,5],[-2,5],[-3,4],[-1,2],[-25,21],[-33,23],[-20,12],[-9,7],[-72,44],[-27,14],[-19,7],[-31,10],[-49,9],[-1,3],[-37,6],[-23,1],[-48,6],[-24,1],[-39,-1],[-10,-2],[-6,-3],[-8,-2],[-17,-8],[-12,-5],[-31,-16],[-23,-16],[-35,-20],[-18,-9],[-10,-6],[-40,-19],[-21,-6],[-35,-7],[-32,-3],[-74,-12],[-22,-2],[-12,-3],[-39,-5],[-40,-6],[-19,1],[-27,-1],[-51,-1],[-7,-4],[-7,-9],[0,-8],[-21,-19],[-14,-6],[-9,-2],[-26,-3],[-28,11],[-23,7],[-9,4],[-6,5],[-11,9],[-2,4],[-1,3],[-3,-4],[-3,4],[-9,7],[-4,2],[-10,2],[-11,0],[-11,4],[-14,7],[-19,4],[-51,14],[-16,3],[-36,3],[-20,0],[-13,-2],[-13,-3],[-40,-13],[-14,-6],[-9,-2],[-9,-5],[-6,-1],[-9,-6],[-7,-3],[-12,-8],[-12,-1],[0,-2],[-2,-2],[-6,-3],[-23,-5],[-12,-1],[-12,-1],[-5,-1],[-12,-3],[-9,-4],[-16,-4],[-18,-7],[-29,-6],[-27,-1],[-2,-1],[-3,1],[-48,2],[-57,7],[-33,1],[-38,6],[-4,4],[-5,-2],[-17,4],[-19,6],[-12,6],[-3,3],[-2,3],[-15,0],[-3,1],[-17,5],[-5,2],[-11,3],[-12,4],[-24,10],[-63,29],[-41,18],[-14,4],[-7,1],[-11,-3],[-24,-11],[-8,-5],[-3,-3],[-7,-3],[-32,-20],[-15,-12],[-8,-4],[-9,-6],[-18,-10],[-12,-4],[-9,-5],[-6,-7],[-15,-26],[-18,-38],[-8,-27],[-7,-30],[-4,-9],[-8,-9],[-4,-3],[-10,-6],[-7,-1],[-46,14],[-6,3],[-13,3],[-11,5],[-14,4],[-33,13],[-3,2],[-29,12],[-12,3],[-8,0],[-14,4],[-21,8],[-8,5],[-23,9],[-47,24],[-44,31],[-20,16],[-3,5],[-11,4],[-20,12],[-28,16],[-9,6],[-3,1],[-52,38],[-12,9],[-11,5],[-34,19],[-30,18],[-13,6],[-23,7],[-6,2],[-8,2],[-19,1],[-25,-1],[-28,-3],[-47,-9],[-40,-11],[-25,-7],[-10,-5],[-38,-11],[-30,-11],[-65,-19],[-15,-6],[-19,-10],[-44,-18],[-26,-14],[-9,-4],[-4,-3],[-11,-5],[-2,0],[-22,-16],[0,-1],[-4,-4],[-15,-8],[-37,-16],[-17,-6],[-1,0],[-1,2],[-9,-4],[-27,-8],[-18,-6],[-32,-9],[-18,-6],[-16,-7],[-12,-8],[-28,-27],[-21,-27],[-15,-16],[-21,-16],[-13,-6],[-23,-2],[-9,1],[-10,3],[-12,8],[-33,35],[-9,6],[0,2],[-12,7],[-14,5],[-14,2],[-36,5],[-23,1],[-13,-1],[-20,-3],[-50,-13],[-16,-3],[-11,-3],[-52,-14],[-12,-4],[-9,-4],[-14,-3],[-26,-5],[-28,-1],[-19,-2],[-46,-11],[-10,0],[-5,0],[-6,-1],[-14,2],[-11,2],[-35,11],[-16,3],[-17,5],[-29,5],[-11,4],[-13,12],[-21,4],[-11,-1],[-13,-3],[-13,-8],[-15,-10],[-34,-30],[-47,-44],[-21,-17],[-15,-10],[-33,-16],[-13,-8],[-20,-8],[-14,-8],[-15,-7],[-5,-4],[-103,-58],[-27,-18],[-22,-13],[-17,-13],[-18,-14],[-33,-23],[-10,-9],[-5,-8],[-3,-2],[-26,-25],[-18,-14],[-2,-3],[-24,-22],[-23,-23],[-47,-44],[-10,-11],[-15,-17],[-7,-4],[-12,-7],[-28,-7],[-38,-8],[-41,-10],[-63,-14],[-45,-14],[-28,-6],[-9,-3],[-24,-6],[-14,-6],[-29,-7],[-8,-5],[-32,-24],[-37,-23],[-21,-12],[-6,-5],[-23,-15],[-24,-19],[-19,-13],[-53,-30],[-40,-26],[-59,-31],[-50,-31],[-37,-25],[-41,-31],[-17,-12],[-38,-30],[-60,-45],[-18,-16],[-18,-13],[-4,-2],[-13,0],[-17,6],[-8,1],[-6,0],[-17,-4],[-14,0],[-9,2],[-17,7],[-29,11],[-44,14],[-42,6],[-41,1],[-18,-2],[-38,-2],[-60,-11],[-14,1],[-63,-2],[-25,-2],[-35,-8],[-28,-11],[-23,-10],[-10,-4],[-16,-9],[-45,-29],[-44,-22],[-16,-9],[-22,-11],[-2,-2],[-28,-16],[-16,-10],[-3,0],[-2,-1],[-26,-20],[-17,-9],[-75,-37],[-14,-8],[-32,-15],[-51,-27],[-27,-12],[-25,-14],[-2,-1],[-6,3],[-13,9],[-10,9],[-24,26],[-18,9],[-25,6],[-9,3],[-22,11],[-8,3],[-72,22],[-13,7],[-10,6],[-9,8],[-25,24],[-12,16],[-23,32],[-16,19],[-5,6],[-11,4],[-13,3],[-29,1],[-8,3],[-13,8],[-8,4],[-32,5],[-29,9],[-14,1],[-8,2],[-21,8],[-24,5],[-4,0],[-12,-3],[-10,-5],[-14,-4],[-22,-11],[-14,-4],[-7,-2],[-7,1],[-4,-1],[-18,-4],[-21,-1],[-9,2],[-7,0],[-8,1],[-3,-2],[-4,-5],[-6,-11],[-8,-10],[-8,-7],[-31,-23],[-15,-8],[-8,-3],[-10,-1],[-19,-3],[-14,-7],[-7,-7],[-24,-25],[-6,-13],[-4,-23],[-8,-22],[-4,-8],[-14,-21],[-8,-17],[-1,-8],[-3,-6],[-7,-10],[-7,-6],[-8,-4],[-7,0],[-10,2],[-22,7],[-18,8],[-26,8],[-13,-2],[-5,-2],[-4,-3],[-7,-16],[-1,-7],[2,-14],[4,-6],[8,-8],[15,-6],[21,-12],[12,-5],[5,-4],[7,-9],[2,-5],[1,-20],[0,-16],[-2,-12],[0,-8],[-1,-8],[-4,-12],[-6,-6],[-15,-6],[-19,-12],[-44,-35],[-7,-5],[-22,-23],[-31,-29],[-1,-2],[-13,-13],[-15,-17],[-32,-32],[-19,-22],[-10,-9],[-13,-6],[-13,-5],[-13,-2],[-11,0],[-10,2],[-11,1],[-38,9],[-17,5],[-16,7],[-11,0],[-9,-4],[-8,-11],[-4,-3],[-5,6],[-8,14],[-17,24],[-24,33],[-13,20],[-9,18],[-19,42],[-3,10],[-8,19],[-8,25],[-9,21],[-7,21],[-11,20],[-11,21],[-6,15],[-19,35],[-29,46],[-15,25],[-9,13],[-14,17],[-7,6],[-30,23],[-40,27],[-10,9],[-6,8],[-6,9],[-8,17],[-3,7],[-8,35],[-3,33],[-2,57],[2,9],[1,18],[3,25],[4,16],[6,19],[5,19],[15,49],[11,50],[5,20],[18,55],[10,45],[6,15],[5,10],[8,11],[19,12],[16,18],[26,45],[11,22],[12,26],[3,5],[28,81],[19,47],[10,22],[4,6],[9,30],[10,21],[9,16],[9,14],[39,48],[6,11],[21,47],[-37,7],[-22,12],[-23,19],[-22,10],[-13,2],[-9,1],[-9,-2],[-17,-6],[-8,-4],[-6,-6],[-12,-18],[-11,-9],[-12,-10],[-31,-16],[-23,-8],[-14,-8],[-6,-5],[-5,-8],[-2,-8],[-1,-6],[-1,-11],[-5,-16],[-22,-36],[-10,-28],[-16,-33],[-23,-33],[-16,-22],[-41,-50],[-35,-54],[-15,-39],[-18,-60],[-5,-17],[-4,-11],[-4,-6],[-8,-10],[-12,-9],[-24,-14],[-54,-35],[-12,-8],[-8,-9],[-14,-19],[-3,-7],[-2,-5],[0,-10],[-2,-6],[-6,-10],[-5,-5],[-6,-3],[-13,-4],[-8,-4],[-9,-1],[-33,-11],[-45,-17],[-12,-7],[-15,-9],[-7,-6],[-21,-21],[-6,-3],[-8,-6],[-20,-10],[-26,-16],[-34,-15],[-39,-21],[-9,-3],[-15,-3],[-39,-2],[-16,-1],[-41,-10],[-3,-2],[-5,-1],[-11,-6],[-19,-16],[-12,-6],[-22,-6],[-7,0],[-17,-4],[-28,-8],[-7,-1],[-9,-5],[-12,-9],[-12,-9],[-15,-16],[-13,-12],[-34,-41],[-6,-4],[-18,-20],[-14,-13],[-28,-29],[-5,-5],[0,1],[-7,-9],[-32,-36],[-12,-15],[-4,-6],[-28,-41],[-4,-4],[0,-2],[-3,-4],[-16,-21],[-13,-17],[-19,-21],[-9,-10],[-11,-8],[-11,-7],[-14,-6],[-10,-6],[-17,-16],[-6,-8],[-9,-16],[-7,-17],[0,-3],[-8,-7],[-14,-3],[-27,3],[-26,-5],[-5,-2],[-11,-1],[-9,1],[-24,8],[-24,4],[-3,2],[-7,2],[-32,-1],[-19,-3],[-2,2],[-7,-1],[-33,-8],[-16,-6],[-35,-11],[-11,-3],[-11,-4],[-13,-5],[-26,-6],[-29,-9],[-18,-12],[-5,-6],[-7,-13],[-4,-8],[-3,-9],[-3,-30],[-2,-37],[-6,-39],[-4,-20],[-10,-33],[-5,-22],[-8,-43],[-3,-34],[-3,-28],[-6,-30],[-1,-2],[-1,-6],[-8,-25],[-9,-17],[-12,-19],[-30,-33],[-2,-5],[-14,-20],[-13,-16],[-14,-15],[-1,-4],[-33,-33],[-59,-55],[-17,-18],[-13,-17],[-6,-4],[-1,-3],[-2,-2],[-1,-3],[-7,-10],[-21,-26],[-16,-21],[-14,-17],[-11,-11],[-16,-13],[-40,-36],[-17,-14],[-6,-4],[-43,-38],[-14,-11],[-19,-12],[-30,-26],[-14,-16],[-9,-12],[-12,-22],[-7,-10],[-6,-4],[-15,-6],[-13,-3],[-9,1],[-8,-2],[-8,-4],[-18,-6],[-2,0],[-24,-11],[-68,-42],[-17,-10],[-9,-7],[-49,-41],[-57,-41],[-13,-9],[-55,-26],[-26,-16],[-3,-2],[-2,0],[-26,-20],[-27,-19],[-42,-22],[-41,-19],[-17,-10],[-34,-14],[-36,-11],[-17,-7],[-16,-9],[-64,-36],[-54,-25],[-14,-7],[-12,-4],[-14,-8],[-9,-4],[-14,-12],[-11,-4],[-11,-3],[-12,0],[-87,3],[-58,0],[-21,1],[-21,3],[-8,-3],[-7,-6],[-7,-7],[-15,-18],[-17,-25],[-18,-29],[-9,-12],[-16,-17],[-20,-24],[-37,-39],[-34,-30],[-11,-8],[-8,-8],[-21,-15],[-9,-4],[-7,-2],[-14,-1],[-19,-4],[-5,-1],[-2,1],[-17,-5],[-5,0],[-21,-9],[-8,-5],[-6,-2],[-18,-8],[-11,-4],[-15,-4],[-10,-3],[-26,-6],[-9,0],[-12,1],[-34,5],[-17,5],[-13,7],[-18,4],[-13,-2],[-16,-5],[-31,-15],[-35,-14],[-32,-14],[-39,-22],[-24,-16],[-28,-19],[-15,-15],[-3,-2],[-2,1],[-5,-3],[-6,1],[-8,4],[-27,24],[-6,2],[-8,1],[-5,-1],[-11,-8],[-10,-14],[-12,-11],[-8,-3],[-21,-1],[-10,0],[-7,0],[-20,5],[-19,8],[-23,11],[-12,8],[-22,10],[-15,3],[-19,0],[-22,-6],[-11,-5],[-16,-8],[-36,-4],[-18,-6],[-18,-7],[-8,-4],[-11,-8],[-18,-13],[-21,-8],[-23,-4],[-13,-5],[-15,-11],[-22,-20],[-4,-2],[-10,-6],[-2,-3],[-22,-15],[-40,-26],[-16,-10],[-28,-20],[-29,-12],[-10,-5],[-23,-6],[-2,2],[-15,-2],[-22,0],[-9,3],[-11,5],[-28,24],[-5,3],[-4,1],[-10,-1],[-34,-11],[-12,-2],[-15,0],[-17,3],[-19,6],[-14,1],[-15,-1],[-16,-6],[-16,-10],[-50,-43],[-12,-7],[-19,-7],[-15,-10],[-12,-5],[-8,-8],[-4,-10],[-4,-14],[-4,-7],[-12,-15],[-3,-7],[-24,-88],[-6,-12],[-7,-9],[-5,-11],[-3,-14],[-6,-26],[-6,-14],[-8,-14],[-14,-18],[-11,-10],[-28,-30],[-19,-24],[-6,-9],[-6,-14],[-2,-9],[0,-3],[-2,-3],[-1,-16],[-2,-16],[-2,-28],[-3,-10],[-9,-17],[-142,-52],[-23,-7],[-29,-11],[-30,-8],[-13,-6],[-7,-5],[-6,-13],[0,-6],[2,-7],[0,-7],[-4,-20],[-1,-18],[2,-12],[16,-78],[3,-18],[-1,-5],[1,-4],[-5,-25],[-3,-10],[-9,-16],[-5,-6],[-6,-3],[-14,-1],[-14,2],[-5,-1],[-14,0],[-18,10],[-20,15],[-19,6],[-11,0],[-14,-3],[-3,-2],[-14,-5],[-38,-19],[-39,-27],[-16,-5],[-16,-6],[-11,-9],[-5,-7],[-9,-17],[-21,-54],[-3,-14],[-1,-21],[-2,-18],[-4,-18],[-8,-14],[-11,-7],[-11,-7],[-14,-6],[-13,-3],[-69,-10],[-22,0],[-15,2],[-13,4],[-26,4],[-79,9],[-12,0],[-13,2],[-29,0],[-27,0],[-22,2],[-10,-1],[-21,-2],[-26,-7],[-41,-15],[-10,-2],[-13,-5],[-1,0],[-9,-4],[-6,-1],[-11,-5],[-10,-3],[-33,-12],[-12,-3],[-46,-14],[-18,-4],[-22,-8],[-25,-7],[-23,-3],[-21,2],[-13,4],[-13,7],[-22,4],[-13,7],[-19,12],[-17,15],[-21,20],[-29,37],[-10,9],[-7,4],[-12,5],[-17,9],[-12,4],[-53,26],[-29,10],[-30,17],[-15,7],[-12,4],[-12,3],[-10,1],[-10,-2],[-2,1],[-9,-2],[-3,0],[-16,-6],[-3,-2],[-14,-7],[-16,-13],[-12,-13],[-3,-3],[-12,-13],[-5,-7],[-9,-18],[-15,-37],[-12,-33],[-8,-29],[-4,-18],[-1,-10],[-4,-12],[-3,-22],[-4,-94],[1,-15],[-1,-44],[1,-88],[3,-65],[4,-42],[11,-80],[15,-80],[13,-55],[3,-5],[3,-12],[9,-27],[4,-8],[8,-9],[20,-17],[43,-25],[20,-10],[14,-5],[7,-1],[19,0],[9,1],[4,-1],[15,3],[10,3],[0,-4],[0,-13],[-3,-14],[-4,-8],[-14,-16],[-7,-14],[-5,-12],[-4,-18],[-1,-37],[-4,-16],[-2,-4],[0,-4],[-5,-8],[-6,-7],[-6,-10],[-2,-3],[-4,-9],[-5,-16],[-6,-14],[-7,-17],[-7,-10],[-9,-8],[-13,-8],[-14,-6],[-25,-5],[-15,-11],[-13,-13],[-6,-10],[-22,-47],[-4,-5],[-10,-11],[-19,-11],[-15,-12],[-4,-10],[-2,-30],[-5,-19],[-8,-21],[-11,-19],[-6,-9],[-17,-20],[-5,-9],[-10,-21],[-10,-18],[-8,-13],[-15,-20],[-16,-17],[-10,-9],[-10,-7],[-18,-8],[-53,-18],[-15,-5],[-23,-12],[-32,-12],[-47,-26],[-29,-10],[-83,-25],[-9,-3],[-12,-7],[-11,-9],[-36,-41],[-26,-24],[-41,-45],[-9,-7],[-14,-8],[-19,-4],[-15,-1],[-8,1],[-15,3],[-31,9],[-20,4],[-16,1],[-8,-3],[-7,-4],[-27,-14],[-11,-3],[-6,-6],[-5,-11],[-3,-8],[0,-16],[1,-7],[7,-15],[1,-4],[4,-11],[3,-18],[1,-23],[-2,-22],[-7,-25],[-3,-21],[-2,-24],[1,-30],[-1,-12],[-2,-10],[-5,-11],[-6,-9],[-9,-9],[-7,-3],[-17,-3],[-33,0],[-15,2],[-7,2],[-2,-1],[-34,9],[-2,2],[-22,6],[-28,10],[-19,12],[-5,5],[-12,9],[-9,6],[-15,6],[-22,1],[-42,-3],[-31,0],[-37,7],[-10,1],[-23,3],[-17,1],[-38,1],[-7,-1],[-12,-4],[-12,-5],[-8,-8],[-11,-13],[-21,-10],[-9,-2],[-15,-1],[-62,-3],[-38,2],[-61,9],[-113,7],[-42,10],[-38,5],[-15,0],[-10,0],[-30,7],[-6,2],[-4,-1],[-12,0],[-10,4],[-21,4],[-20,6],[-10,1],[-29,9],[-8,0],[-20,-6],[-9,1],[-3,0],[-7,2],[-6,4],[-15,16],[-3,4],[-25,26],[-13,17],[-14,14],[-15,17],[-8,6],[-15,11],[-17,8],[-15,5],[-14,1],[-6,0],[-10,-4],[-29,-16],[-15,-5],[-18,0],[-49,5],[-35,-1],[-5,-1],[-15,-7],[-29,-20],[-15,-12],[-30,-18],[-10,-3],[-33,1],[-8,-1],[-11,-4],[-16,-14],[-27,-25],[-17,-12],[-33,-20],[-11,-7],[-16,-7],[-8,-2],[-8,1],[-9,6],[-5,4],[-26,32],[-7,7],[-8,6],[-11,5],[-5,5],[-4,5],[-4,12],[-3,17],[-2,32],[1,12],[2,13],[3,37],[0,31],[-2,21],[-4,15],[-6,13],[-10,20],[-5,7],[-10,12],[-9,8],[-18,10],[-15,6],[-8,1],[-25,1],[-9,-2],[-29,-10],[-11,-2],[-9,-3],[-3,0],[-23,-7],[-45,-8],[-35,-11],[-27,-11],[-26,-9],[-44,-13],[-22,-1],[-32,1],[-13,-2],[-11,-4],[-31,-9],[-25,-4],[-55,-10],[-33,-1],[-7,2],[-20,8],[-30,15],[-7,3],[-26,6],[-41,13],[-17,7],[-12,6],[-7,4],[-12,8],[-14,11],[-15,16],[-15,20],[-12,20],[-8,17],[-9,24],[-7,17],[-5,14],[-4,10],[-11,17],[-13,12],[-14,8],[-21,6],[-17,-2],[-23,-8],[-9,-4],[-17,-3],[-17,0],[-21,6],[-15,9],[-19,17],[-33,38],[-11,11],[-26,28],[-14,14],[-8,6],[-6,3],[-9,4],[-19,4],[-7,3],[-23,14],[-17,3],[-25,8],[-11,2],[-19,2],[-10,2],[-15,-1],[-34,-5],[-16,-1],[-33,1],[-35,3],[-4,2],[-2,-1],[-16,1],[-16,-2],[-9,-5],[-4,-4],[-4,-6],[-1,-6],[-2,-12],[0,-13],[3,-11],[6,-11],[14,-13],[10,-8],[9,-5],[12,-5],[7,-4],[14,-7],[9,-6],[10,-10],[5,-7],[4,-5],[6,-14],[2,-11],[1,-14],[-2,-20],[-5,-32],[1,-15],[2,-9],[6,-12],[6,-10],[17,-18],[4,-11],[2,-9],[0,-6],[-6,-12],[-10,-12],[-12,-13],[-21,-21],[-9,-14],[-2,-6],[-4,-11],[-4,-14],[0,-10],[1,-12],[-3,-13],[-11,-16],[-9,-8],[-14,-11],[-10,-9],[-7,-9],[-4,-8],[-4,-19],[-14,-34],[-12,-42],[-21,-89],[-12,-35],[-25,-58],[-8,-24],[-7,-36],[-4,-14],[-6,-13],[-13,-18],[-7,-14],[-5,-23],[-1,-42],[2,-7],[-2,-4],[1,-13],[4,-29],[1,-14],[-2,-31],[-2,-6],[-1,-14],[-1,-1],[-2,-19],[-7,-19],[-6,-9],[-8,-7],[-8,-6],[-20,-12],[-33,-12],[-29,-6],[-34,-9],[-14,-6],[-9,-2],[-14,-7],[-8,-8],[-9,-12],[-18,-42],[-13,-22],[-25,-33],[-17,-21],[-30,-30],[-14,-12],[-34,-22],[-12,-8],[-12,-13],[-10,-16],[-7,-20],[-5,-7],[-10,-11],[-15,-13],[-12,-8],[-29,-17],[-41,-30],[-26,-18],[-14,-11],[-15,-15],[-21,-23],[-47,-59],[-18,-27],[-9,-16],[-14,-19],[-21,-22],[-17,-12],[-18,-5],[-12,-6],[-9,-7],[-12,-12],[-9,-8],[-9,-6],[-8,-3],[-8,-1],[-7,0],[-17,-2],[-5,-3],[-9,-4],[-8,-7],[-20,-24],[-3,-5],[-14,-17],[-8,-13],[-3,-4],[-3,-1],[-5,-5],[-2,-12],[-1,-2],[-5,-17],[-4,-22],[-1,-21],[0,-28],[-3,-29],[-2,-9],[-8,-27],[-3,-14],[-7,-22],[-1,0],[-9,-19],[-11,-18],[-30,-27],[-9,-13],[-5,-13],[-13,-18],[-29,-30],[-4,-9],[-3,-17],[-4,-10],[-6,-8],[-6,-6],[-6,-6],[-13,-13],[-42,-33],[-16,-15],[-17,-12],[-16,-13],[-12,-18],[-5,-13],[-1,-10],[3,-22],[5,-24],[7,-17],[7,-11],[11,-12],[21,-15],[12,-22],[2,-17],[0,-21],[-1,-8],[-8,-11],[-11,-3],[-10,3],[-6,0],[-15,-7],[-8,-1],[-6,3],[-13,12],[-6,4],[-2,0],[-5,-1],[-5,-2],[-8,-10],[-7,-2],[-10,2],[-4,1],[-9,5],[-8,9],[-14,14],[-20,15],[-14,6],[-13,3],[-8,-1],[-17,-6],[-6,-3],[-16,-11],[-4,-4],[-5,-3],[-37,-31],[-16,-18],[-5,-8],[-4,-6],[-6,-11],[-2,-6],[-1,-9],[2,-7],[1,-1],[14,-29],[7,-11],[8,-10],[8,-7],[8,-6],[11,-6],[14,-5],[14,0],[11,-2],[5,-1],[6,-7],[11,-18],[8,-21],[7,-29],[0,-5],[7,-34],[4,-25],[2,-10],[1,-7],[2,-5],[2,-13],[3,-28],[0,-29],[3,-21],[10,-44],[8,-27],[4,-8],[4,-14],[2,-10],[0,-14],[-3,-28],[-2,-11],[-6,-15],[-3,-8],[-10,-17],[-11,-15],[-21,-26],[-16,-24],[-10,-9],[-12,-7],[-11,-7],[-7,-8],[-10,-15],[-7,-14],[-4,-18],[-2,-18],[-2,-29],[-5,-27],[-8,-24],[-8,-34],[-8,-19],[-6,-10],[-3,-4],[-8,-5],[-6,-1],[-5,4],[-6,8],[-4,6],[-9,20],[-4,15],[-8,45],[-7,16],[-3,4],[-11,8],[-20,7],[-8,1],[-13,-1],[-14,-8],[-3,-4],[-3,-8],[-2,-11],[0,-36],[-2,-27],[0,-6],[-3,-9],[-3,-8],[-3,-3],[-5,-2],[-14,-1],[-15,0],[-12,2],[-11,4],[-16,9],[-44,35],[-16,15],[-39,27],[-28,22],[-13,5],[-16,3],[-8,-1],[-18,-4],[-8,-4],[-6,-6],[-10,-22],[-2,-8],[-2,-5],[-1,-14],[-1,-17],[-1,-3],[0,-6],[0,-28],[-6,-12],[-10,-17],[-22,-34],[-22,-26],[-14,-13],[-27,-19],[-17,-13],[-26,-28],[-9,-16],[-3,-14],[-6,-24],[-4,-27],[-3,-14],[-7,-21],[-20,-45],[-14,-21],[-12,-15],[-14,-13],[-56,-46],[-28,-20],[-26,-11],[-19,-7],[-17,-3],[-14,-2],[-13,-3],[-9,-1],[-25,1],[-36,5],[-20,4],[-18,6],[-32,9],[-16,-3],[-34,-10],[-2,0],[-14,-4],[-33,-3],[-10,-2],[-18,1],[-10,3],[-20,10],[-11,8],[-6,6],[-15,21],[-17,18],[-23,22],[-14,11],[-24,15],[-21,11],[-19,7],[-6,1],[-5,-1],[-15,0],[-5,-1],[-27,-6],[-19,-9],[-21,-13],[-55,-40],[-24,-42],[-16,-23],[-24,-26],[-13,-13],[-8,-7],[-6,-3],[-19,-7],[-18,-6],[-25,-4],[-37,-12],[-8,-4],[-15,-7],[-12,-6],[-17,-13],[-53,-33],[-30,-22],[-26,-14],[-68,-34],[-14,-12],[-4,-2],[-35,-37],[-7,-5],[-10,-4],[-14,-3],[-15,-2],[-9,0],[-34,2],[-14,2],[-15,5],[-10,5],[-7,3],[-27,13],[-23,15],[-12,4],[-6,2],[-7,0],[-8,-2],[-4,0],[-18,2],[-27,9],[-33,14],[-5,2],[-20,7],[-33,5],[-10,5],[-44,13],[-19,4],[-16,2],[-11,3],[-26,10],[-26,6],[-9,1],[-13,-2],[-17,-7],[-8,-2],[-35,-14],[-24,-11],[-20,-8],[-15,-4],[-29,-1],[-13,1],[-5,1],[-23,9],[-14,3],[-8,-1],[-12,-1],[-18,-3],[-33,-11],[-29,-13],[-51,-20],[-3,0],[-5,0],[-16,-5],[-16,1],[-20,0],[-16,-3],[-21,-6],[-17,-7],[-24,-12],[-21,-13],[-26,-21],[-7,-4],[-7,-1],[-13,5],[-3,5],[-3,9],[-4,8],[-4,5],[-12,2],[-9,0],[-11,-5],[-9,-6],[-9,-7],[-7,-7],[-20,-28],[-2,-2],[-14,-23],[-8,-17],[-7,-22],[-7,-26],[-7,-23],[-5,-35],[-2,-17],[1,-6],[3,-3],[1,-3],[1,-8],[2,-9],[1,-24],[4,-35],[-1,-23],[-2,-19],[-3,-24],[-3,-29],[-3,-13],[-8,-25],[-7,-18],[-14,-8],[-14,-1],[-10,4],[-21,13],[-34,29],[-11,13],[-15,19],[-9,10],[-18,16],[-5,5],[-14,19],[-24,28],[-4,9],[-7,19],[-10,38],[-1,12],[-2,7],[-3,4],[0,4],[-5,4],[-3,3],[-12,9],[-2,2],[-3,1],[-7,4],[-14,5],[-6,3],[-11,2],[-10,0],[-11,-2],[-8,-4],[-9,-8],[-10,-13],[-2,-1],[-6,-7],[-4,-9],[-4,-5],[-9,-16],[-12,-13],[-12,-10],[-23,-13],[-20,-14],[-47,-26],[-8,-7],[-5,-7],[-1,-13],[-12,-20],[-28,-34],[-38,-49],[-24,-22],[-14,-11],[-13,-17],[-28,-18],[-9,-8],[-43,-37],[-19,-12],[-20,-24],[-14,-13],[-9,-6],[-17,-8],[-9,-6],[-6,-7],[-5,-8],[-3,-8],[-11,-47],[-6,-16],[-8,-16],[-17,-29],[-1,-4],[-5,-9],[-21,-34],[-21,-28],[-40,-44],[-37,-33],[-12,-9],[-12,-11],[-7,-10],[-9,-22],[-13,-16],[-5,-9],[-4,-11],[-4,-14],[-4,-19],[-6,-10],[-5,-6],[-5,-8],[-7,-16],[-4,-14],[1,-12],[3,-14],[3,-7],[3,-11],[0,-3],[-2,-8],[-1,-11],[3,-18],[-2,-18],[-4,-7],[-6,-6],[-25,-16],[-10,-7],[-10,-6],[-6,0],[-14,1],[-15,6],[-14,8],[-20,14],[-11,10],[-12,14],[-8,7],[-26,14],[-16,6],[-11,4],[-34,4],[-53,14],[-5,1],[-28,5],[-14,5],[-6,0],[-22,6],[-50,14],[-43,5],[-18,4],[-1,-1],[-7,1],[-13,-3],[-22,-9],[-17,-5],[-24,0],[-24,4],[-14,2],[-38,-8],[-25,-3],[-17,-5],[-3,1],[-17,-3],[-21,4],[-22,10],[-21,5],[-8,0],[-7,-1],[-11,1],[-100,16],[-11,3],[-15,0],[-12,-2],[-19,-8],[-17,-4],[-18,-1],[-36,0],[-17,-3],[-2,2],[-14,-7],[-15,-15],[-19,-21],[-19,-28],[-22,-26],[-36,-37],[-25,-21],[-41,-35],[-20,-13],[-11,-6],[-24,-10],[-21,-12],[-4,-1],[-7,-3],[-27,-5],[-11,-1],[-44,-5],[-40,-8],[-24,-6],[-13,-1],[-7,2],[-20,11],[-21,6],[-4,0],[-19,6],[-20,12],[-25,19],[-21,20],[-15,15],[-14,12],[-36,24],[-2,4],[-7,7],[-6,9],[-8,20],[-2,14],[-1,12],[1,33],[1,23],[-2,11],[-4,16],[-8,17],[-1,9],[1,10],[6,18],[10,25],[26,48],[14,29],[7,19],[8,31],[6,33],[0,17],[-4,12],[-3,8],[-13,18],[-11,12],[-10,8],[-16,15],[-9,6],[-12,5],[-24,5],[-15,0],[-10,-2],[-26,-6],[-23,-9],[-27,-18],[-16,-14],[-14,-15],[-14,-14],[-13,-11],[-14,-8],[-17,-18],[-4,1],[-6,0],[-19,-14],[-18,-6],[-4,0],[-6,2],[-9,0],[-25,9],[-14,8],[-14,2],[-14,5],[-14,1],[-15,-2],[-24,-7],[-10,-5],[-32,-16],[-40,-27],[-40,-33],[-17,-13],[-12,-11],[-34,-44],[-7,-9],[-4,-10],[-9,-16],[-10,-21],[-20,-29],[-29,-30],[-52,-49],[-15,-20],[-63,-67],[-36,-45],[-24,-34],[-3,-7],[-17,-47],[-1,-6],[-7,-23],[-9,-22],[-14,-31],[-24,-39],[-17,-18],[-11,-10],[-6,-4],[-2,-3],[-5,0],[-9,-5],[-27,-8],[-8,-4],[-15,-11],[-10,-11],[-5,-5],[-11,-6],[-11,-4],[-15,-2],[-13,0],[-12,2],[-11,3],[-12,10],[-16,18],[-10,15],[-12,26],[-6,17],[-22,51],[-7,19],[-7,15],[-5,8],[-10,8],[-17,8],[-11,4],[-20,3],[-65,7],[-18,5],[-21,9],[-13,7],[-10,8],[-15,15],[-13,9],[-6,1],[-5,0],[-8,-2],[-7,0],[-3,1],[-29,16],[-41,12],[-22,4],[-7,0],[-9,-3],[-4,0],[-11,5],[-18,5],[-7,1],[-27,0],[-13,2],[-18,5],[-11,2],[-13,0],[-10,1],[-33,-3],[-12,1],[-7,2],[-4,2],[-8,8],[-15,10],[-10,2],[-10,0],[-16,-1],[-17,-3],[-13,-4],[-13,-2],[-3,2],[-8,1],[-14,8],[-40,35],[-30,20],[-25,21],[-51,51],[-18,13],[-4,1],[-2,1],[-4,-1],[-7,2],[-12,-2],[-16,1],[-4,-1],[-1,2],[-2,0],[-9,3],[-17,3],[-12,2],[-9,0],[-7,-1],[-12,-4],[-22,-10],[-21,-19],[-8,-5],[-20,-10],[-20,-16],[-38,-23],[-5,-6],[-5,-7],[-2,-6],[-2,-11],[-2,-5],[-9,-14],[-44,-46],[-6,-4],[-22,-12],[-15,-6],[-4,0],[-2,0],[-7,0],[-9,3],[-14,7],[-11,3],[-8,0],[-13,-3],[-13,-6],[-23,-5],[-29,-4],[-14,-1],[-7,-2],[-8,0],[-21,4],[-22,6],[-16,7],[-11,2],[-9,1],[-18,0],[-25,-3],[-13,1],[-10,-1],[-16,4],[-19,8],[-25,6],[-14,3],[-47,1],[-25,11],[-21,6],[-24,3],[-28,-1],[-12,1],[-24,3],[-23,5],[-6,2],[-28,5],[-28,0],[-7,-1],[-23,-7],[-21,-12],[-28,-11],[-29,-5],[-17,-6],[-7,-4],[-4,-4],[-7,-16],[-3,-3],[-22,-12],[-13,-9],[-14,-8],[-8,-7],[-5,-6],[-10,-7],[-5,-7],[-6,-4],[-18,-9],[-24,-22],[-4,-2],[-21,-5],[-21,-7],[-15,-11],[-9,-4],[-5,-2],[-9,0],[-12,-5],[-32,-8],[-16,-5],[-29,-13],[-13,-5],[-13,-3],[-8,0],[-11,4],[-5,1],[-4,-1],[-17,-11],[-12,-5],[-4,0],[-10,2],[-9,3],[-6,1],[-14,-1],[-8,-4],[-9,-10],[-8,-5],[-10,-4],[-11,-1],[-12,3],[-14,5],[-16,9],[-11,4],[-24,2],[-27,-1],[-8,2],[-8,3],[-4,4],[-5,9],[-3,3],[-3,2],[-6,0],[-5,-4],[-1,-4],[-4,-16],[-7,-9],[-8,-6],[-12,-4],[-7,-1],[-3,1],[-5,2],[-13,11],[-9,1],[-3,-1],[-24,-18],[-9,-11],[-10,-19],[-7,-8],[-10,-9],[-16,-10],[-10,-9],[-15,-17],[-16,-35],[-9,-17],[-1,-10],[1,-2],[1,-8],[1,-4],[0,-13],[-3,-8],[-2,-3],[-6,-6],[-5,-7],[0,-9],[1,-8],[0,-11],[-4,-12],[-7,-14],[-3,-10],[-1,-15],[-1,-23],[-3,-12],[-2,-24],[3,-31],[3,-22],[1,-33],[0,-45],[0,-31],[2,-25],[2,-94],[-2,-27],[-1,-7],[-2,-6],[-1,-3],[-3,-2],[-17,-4],[-15,0],[-15,5],[-39,20],[-5,3],[-9,7],[-31,16],[-26,21],[-28,27],[-18,26],[-45,48],[-23,28],[-29,40],[-1,0],[-10,12],[-12,15],[-14,21],[-21,38],[-11,17],[-17,28],[-18,34],[-8,14],[-11,17],[-19,36],[-24,41],[-10,13],[-18,19],[-11,14],[-18,35],[-9,15],[-9,6],[-11,2],[-11,-2],[-12,-5],[-13,-4],[-75,-6],[-121,-21],[-46,-10],[-39,-3],[-19,-5],[-44,-17],[-25,-8],[-5,1],[-28,-7],[-54,-12],[-50,-3],[-18,-6],[-13,-7],[-5,-4],[-11,-7],[-27,-20],[-17,-10],[-5,-2],[-2,1],[-9,-3],[-28,-3],[-28,-5],[-24,-2],[-18,-2],[-13,-1],[-16,2],[-18,0],[-18,-3],[-12,-6],[-10,-9],[-31,-34],[-16,-15],[-12,-7],[-14,-4],[-26,-1],[-21,2],[-16,-2],[-23,0],[-56,2],[-31,5],[-11,4],[-18,5],[-24,8],[-25,7],[-13,4],[-19,7],[-37,21],[-18,12],[-23,18],[-32,29],[-30,22],[-8,4],[-69,44],[-23,14],[-3,4],[-10,5],[-32,23],[-35,19],[-37,17],[-19,6],[-9,2],[-17,6],[-35,11],[-28,7],[-14,2],[-3,0],[-19,4],[-47,9],[-19,4],[-45,5],[-31,5],[-18,5],[-41,15],[-27,10],[-22,7],[-11,6],[-13,3],[-21,7],[-20,5],[-17,7],[-53,10],[-13,-1],[-22,-4],[-38,-9],[-45,-16],[-36,-11],[-11,-5],[-31,-16],[-25,-10],[-22,-8],[-11,-2],[-31,4],[-3,2],[-2,-1],[-12,1],[-35,1],[-16,2],[-1,-1],[-6,-1],[-25,0],[-23,-2],[-11,0],[-33,-5],[-14,-4],[-66,-19],[-50,-11],[-22,-1],[-71,9],[-48,0],[-22,-3],[-32,-8],[-23,-5],[-134,-10],[-20,-3],[-32,-7],[-53,-11],[-36,-7],[-15,-4],[-39,-8],[-25,-4],[-4,1],[-2,-1],[-37,-4],[-55,-9],[-14,-1],[-11,-3],[-32,-4],[-14,-1],[-44,-1],[-52,2],[-29,2],[-21,3],[-13,0],[-14,2],[-21,5],[-12,5],[-11,2],[-16,7],[-11,4],[-24,7],[-32,13],[-24,13],[-15,11],[-19,17],[-28,21],[-18,14],[-3,2],[-22,19],[-7,5],[-6,5],[-10,6],[-31,22],[-13,7],[-40,18],[-52,34],[-21,10],[-50,16],[-34,6],[-42,4],[-3,2],[-4,0],[-14,4],[-16,5],[-41,17],[-33,11],[-15,2],[-21,2],[-59,-1],[-10,-1],[-41,-6],[-12,-1],[-13,-1],[-8,1],[-10,3],[-20,10],[-8,3],[-14,7],[-9,5],[-31,15],[-16,5],[-24,6],[-17,7],[-25,10],[-23,13],[-16,10],[-22,17],[-29,29],[-5,5],[-13,9],[-17,8],[-2,1],[-16,5],[-36,9],[-3,1],[-1,1],[-90,22],[-7,3],[-15,4],[-21,4],[-113,9],[-17,3],[-14,6],[-13,5],[-19,9],[-18,11],[-32,16],[-14,9],[-45,22],[-4,2],[-3,0],[-31,18],[-22,10],[-46,23],[-67,44],[-16,9],[-31,16],[-14,10],[-10,6],[-22,16],[-28,25],[-53,48],[-12,9],[-17,10],[-9,5],[-17,14],[-45,49],[-3,2],[0,2],[-4,2],[-9,8],[-6,2],[-7,4],[-10,10],[-12,16],[-14,22],[-13,25],[-8,17],[-8,17],[-17,20],[-17,14],[-22,12],[-25,10],[-38,11],[-19,7],[-4,0],[-29,10],[-27,7],[-9,4],[-6,1],[-21,7],[-31,7],[-20,2],[-21,0],[-26,-2],[-15,0],[-23,6],[-44,16],[-18,3],[-48,-2],[-18,-4],[-20,-3],[-22,0],[-23,3],[-29,3],[-8,3],[-20,9],[-21,14],[-22,10],[-32,9],[-76,13],[-38,10],[-30,10],[-41,19],[-21,6],[-12,1],[-22,-1],[-12,-2],[-50,-6],[-14,1],[-45,10],[-14,8],[-12,12],[-9,13],[-8,14],[-17,33],[-6,7],[-5,4],[0,1],[-4,6],[-17,11],[-11,10],[-16,10],[-17,7],[-26,5],[-10,0],[-22,7],[-11,8],[-5,5],[-31,34],[-11,7],[-15,7],[-8,2],[-12,1],[-10,4],[-10,8],[-14,15],[-6,5],[-7,4],[-11,3],[-6,1],[-29,-1],[-11,4],[-6,5],[-10,15],[-9,9],[-16,9],[-53,29],[-29,23],[-11,10],[-7,4],[-7,5],[-5,2],[-30,9],[-14,-1],[-8,-2],[-22,-13],[-11,-7],[-6,-2],[-22,1],[-42,7],[-52,6],[-78,1],[-10,0],[-19,1],[-42,5],[-34,2],[-4,1],[-22,2],[-43,6],[-10,0],[-21,5],[-40,3],[-5,1],[-10,0],[-4,2],[-20,4],[-19,8],[-9,7],[-7,14],[-5,5],[-21,6],[-20,3],[-8,1],[-27,0],[-7,-2],[-14,-9],[-13,-4],[-9,-1],[-2,2],[-10,-1],[-26,1],[-23,-2],[-27,0],[-9,3],[-39,20],[-9,5],[-12,4],[-20,0],[-30,3],[-18,3],[-11,4],[-5,5],[-53,33],[-40,32],[-23,14],[-28,22],[-18,11],[-34,21],[-12,12],[-13,17],[-7,11],[-3,4],[-11,8],[-13,6],[-9,3],[-43,10],[-2,1],[0,1],[-6,1],[-17,9],[-10,7],[-12,10],[-18,18],[-29,31],[-12,15],[-11,16],[-14,28],[-4,15],[-4,9],[-7,21],[-5,22],[-2,18],[0,14],[3,18],[-1,6],[4,21],[-1,10],[-22,12],[-13,5],[-5,2],[-38,9],[-38,5],[-22,5],[-26,9],[-23,12],[-23,16],[-37,23],[-8,-2],[-45,36],[-20,11],[-13,7],[-12,7],[0,1],[-29,18],[-27,13],[-21,12],[-8,6],[-6,2],[-23,13],[-45,19],[-33,19],[-18,14],[-20,19],[-10,8],[-1,2],[-2,0],[-5,5],[-27,14],[-29,20],[-59,52],[-11,7],[-29,24],[-37,27],[-12,11],[-9,5],[-15,13],[-12,12],[-16,17],[-36,51],[-58,89],[-40,67],[-39,54],[-23,31],[-24,28],[-9,10],[-18,15],[-8,4],[-7,2],[-11,1],[-46,-2],[-14,-3],[-8,-4],[-4,0],[-46,-14],[-54,-13],[-34,-10],[-13,-2],[-27,-3],[-18,-1],[0,1],[-4,-2],[-10,0],[-20,-3],[-54,-12],[-40,-12],[-31,-7],[-17,-3],[-20,0],[-44,5],[-48,11],[-48,9],[-32,7],[-40,7],[-12,4],[-17,2],[-6,2],[-33,8],[-19,8],[-7,2],[-10,3],[-5,4],[-9,3],[-10,5],[-15,7],[-45,28],[-32,19],[-14,7],[-33,20],[-15,11],[-58,32],[-25,16],[-13,6],[-25,18],[-12,6],[-14,4],[-21,-10],[-22,-13],[-40,-33],[-35,-30],[-42,-31],[-29,-22],[-43,-30],[-40,-30],[-6,-3],[-27,-17],[-14,-11],[-6,-2],[-24,-16],[-10,-8],[-22,-20],[-29,-22],[-37,-31],[-42,-26],[-32,-22],[-14,-12],[-8,-5],[-37,-37],[-18,-15],[-28,-25],[-26,-27],[-23,-26],[-10,-9],[-31,-19],[-24,-18],[-24,-18],[-29,-22],[-35,-31],[-39,-41],[-48,-39],[-15,-14],[-33,-31],[-2,0],[-8,-8],[-9,-9],[-41,-40],[-34,-28],[-10,-9],[-15,-10],[-21,-12],[-5,-3],[-20,63],[-20,71],[-13,39],[-14,28],[-6,9],[-33,38],[-22,30],[-15,19],[-51,60],[-41,54],[-14,15],[-11,10],[-2,3],[-3,2],[-4,-1],[-4,1],[-8,9],[-6,11],[-8,11],[-27,22],[-24,18],[-9,7],[-12,14],[-14,13],[-27,27],[-25,14],[-32,28],[-30,20],[-29,18],[-22,17],[-13,12],[-14,12],[-25,17],[-38,21],[-29,11],[-34,10],[-6,3],[-21,7],[-7,6],[-4,1],[-11,8],[-8,8],[-14,18],[-19,29],[-14,17],[-17,14],[-20,8],[-6,1],[-7,-2],[-6,-4],[-11,-3],[-7,-1],[-13,0],[-34,16],[-10,4],[-8,1],[-13,0],[-30,-4],[-13,0],[-12,2],[-22,6],[-49,6],[-79,6],[-10,3],[-19,2],[-38,9],[-12,1],[-18,5],[-13,2],[-12,4],[-24,-1],[-19,-1],[-15,2],[-22,5],[-31,5],[-27,7],[-10,3],[-26,10],[-21,13],[-13,10],[-34,22],[-32,18],[-18,5],[-14,2],[-8,2],[-31,1],[-39,-1],[-24,-3],[-32,1],[-18,1],[-35,1],[-29,2],[-37,8],[-17,2],[-33,-2],[-19,-3],[-21,-3],[-26,0],[-88,5],[-34,-4],[-7,-3],[-13,-2],[-22,-7],[-8,-3],[-13,-5],[-8,-2],[-28,-9],[-13,-2],[-22,-2],[-28,0],[-3,-1],[-27,0],[-48,5],[-35,5],[-116,34],[-19,5],[-29,8],[-42,18],[-42,26],[-40,26],[-30,17],[-13,5],[-12,5],[-26,10],[-33,10],[-6,3],[-29,8],[-14,3],[-1,2],[-14,1],[-31,-1],[-29,-4],[-22,-6],[-18,-6],[-7,-3],[-6,-1],[-7,-3],[-14,-8],[-18,-11],[-22,-17],[-54,-38],[-21,-18],[-23,-20],[-23,-17],[-40,-29],[-18,-11],[-4,-1],[-53,-33],[-40,-22],[-13,-9],[-15,-16],[-34,-48],[-5,-8],[-15,-33],[-5,-9],[-20,-21],[-24,-20],[-29,-18],[-43,-23],[-9,-6],[-34,-13],[-16,-8],[-15,-5],[-31,-15],[-24,-7],[-10,-4],[-7,-4],[-4,0],[-2,-2],[-8,-16],[-8,-12],[-3,-4],[-7,-4],[-1,-2],[-2,-1],[-9,-5],[-11,-5],[-16,-4],[-10,-2],[-13,-1],[-2,-1],[-28,1],[-47,6],[-9,4],[-42,6],[-27,3],[-30,-1],[-1,1],[-1,-1],[-26,-3],[-1,-1],[-17,-1],[-36,-1],[-37,0],[-17,1],[-12,3],[-35,4],[-18,4],[-47,6],[-29,6],[-51,15],[-28,12],[-23,14],[-18,14],[-10,8],[-38,29],[-25,21],[-19,14],[-10,7],[-19,10],[-28,4],[-26,2],[-14,2],[-20,7],[-46,23],[-20,7],[-14,3],[-28,2],[-34,-3],[-41,-8],[-38,-10],[-57,-12],[-14,-2],[-20,-4],[-16,-2],[-13,-3],[-8,-1],[-3,-1],[-13,-2],[-20,-4],[-23,-4],[-16,-3],[-29,-4],[-6,-2],[-5,0],[-63,-8],[-45,-1],[-34,3],[-2,1],[-24,1],[-16,2],[-8,0],[-30,4],[-21,1],[-20,3],[-9,1],[-29,5],[-9,2],[-9,1],[-20,4],[-51,13],[-21,4],[-37,9],[-56,31],[-27,13],[-50,18],[-24,10],[-38,20],[-35,16],[-51,30],[-24,11],[-34,15],[-23,11],[-8,3],[-5,0],[-17,7],[-92,33],[-30,9],[-29,12],[-47,13],[-37,12],[-19,10],[-5,5],[-1,3],[-21,19],[-36,31],[-13,10],[-33,23],[-20,8],[-44,16],[-22,7],[-49,10],[-18,5],[-42,9],[-20,3],[-34,6],[-49,5],[-54,1],[-40,-2],[-10,-2],[-18,-5],[-48,-15],[-24,-9],[-36,-8],[-30,-9],[-19,-4],[-22,2],[-17,5],[-19,9],[-30,22],[-88,59],[-32,27],[-10,-7],[-4,1],[-4,4],[-5,9],[-3,3],[-6,4],[-29,16],[-42,20],[-96,38],[-10,3],[-22,9],[-20,6],[-64,22],[-26,7],[-3,0],[-1,1],[-7,2],[-25,6],[-8,0],[-6,2],[-18,3],[-55,4],[-16,0],[-14,-1],[-22,-5],[-17,-6],[-24,-7],[-9,-4],[-17,-4],[-2,-1],[-31,-9],[-8,-1],[-20,-6],[-28,-7],[-13,-2],[-22,-5],[-30,-3],[-2,1],[-17,-3],[-43,-3],[-26,0],[-12,2],[-16,5],[-68,29],[-17,8],[-36,16],[-54,20],[-45,18],[-19,6],[-20,5],[-43,11],[-37,7],[-206,9],[-48,3],[-30,4],[-66,-33],[-4,-3],[-3,0],[-39,-20],[-12,-5],[-89,-45],[-278,-138],[-26,-14],[-4,-3],[-224,-296],[-95,-126],[-92,-50],[-53,-29],[-9,-5],[-3,0],[-151,-84],[-12,-7],[-142,-34],[-71,-17],[-20,-6],[-4,-2],[-2,0],[-176,-96],[-260,-142],[-21,-12],[-3,0],[-15,-9],[-10,-7],[-1,1],[-2,-2],[-7,-3],[-10,1],[-43,7],[-71,15],[-98,21],[-81,14],[-8,2],[-23,3],[-8,2],[-17,-2],[-91,-15],[-126,-18],[-29,-6],[-107,-15],[-141,-21],[-17,-1],[-46,-12],[-65,-17],[-240,-67],[-3,1],[-44,-13],[-141,-37],[-92,-25],[-31,-9],[-34,-18],[-78,-42],[-30,-15],[-87,-17],[-99,-23],[-225,-49],[-118,-25],[-15,-3],[-4,0],[-119,38],[-26,7],[-17,6],[-11,3],[-24,9],[-65,2],[-55,-1],[-4,-2],[-3,-5],[-65,-112],[-9,-15],[-3,-3],[-91,-158],[-27,-34],[-11,-12],[-10,-11],[-354,-322],[-2,-3],[-207,-12],[-14,1],[-8,0],[-1,0],[-4,0],[-3,3],[-5,1],[-11,6],[-13,5],[-37,7],[-43,12],[-40,17],[-29,16],[-19,13],[-28,23],[-19,17],[-53,50],[-43,33],[-8,8],[-11,7],[-18,15],[-13,9],[-49,40],[-31,22],[-61,52],[-46,38],[-28,26],[-28,29],[-10,13],[-6,9],[-23,52],[-12,24],[-11,27],[-40,85],[-22,46],[-9,15],[-17,37],[-5,9],[-33,63],[-8,17],[-2,9],[-3,6],[-10,38],[-10,44],[-3,10],[-4,18],[-2,6],[-2,7],[-5,27],[-9,32],[-3,6],[-21,35],[-23,33],[-34,57],[-86,136],[-2,4],[-3,1],[-1,4],[-52,81],[-66,102],[-16,28],[-8,19],[-11,20],[-25,41],[-11,16],[-19,18],[-18,14],[-23,12],[-26,18],[-265,280],[-63,67],[-23,-6],[-55,-11],[-31,-8],[-10,-1],[-129,-28],[-85,-19],[-14,-3],[-169,-38],[-173,-38],[-42,-10],[-9,-2],[-1,2],[-5,-1],[-106,-23],[-11,-4],[-22,-3],[-5,-2],[-9,-2],[-197,-42],[-151,-33],[-16,-1],[-10,0],[-19,-2],[-28,0],[-27,-4],[-24,-8],[-31,-16],[-20,-12],[-7,-7],[-26,-15],[-10,-4],[-48,-17],[-38,-12],[-31,-4],[-30,0],[-32,5],[-27,8],[-6,-9],[-9,-2],[-4,2],[-14,0],[-31,6],[-41,10],[-34,6],[-8,0],[-40,3],[-17,3],[-25,7],[-40,9],[-12,3],[-15,0],[-7,-1],[-18,-10],[-28,-20],[-16,-13],[-33,-19],[-35,-16],[-19,-4],[-12,-1],[-8,-1],[-8,1],[-44,7],[-62,8],[-34,6],[-73,3],[-14,0],[-81,3],[-2,0],[-30,2],[-29,-12],[-10,-5],[-50,-21],[-90,-39],[-43,-15],[-4,-1],[-16,-6],[-8,-3],[-1,-2],[-3,1],[-7,-3],[-114,-46],[-31,-12],[-11,-5],[-102,-42],[-28,-10],[-7,-4],[-98,-39],[-32,-12],[-7,-4],[-93,-9],[-15,-1],[-191,-19],[-116,-11],[-65,-5],[-12,0],[-55,-14],[-29,-9],[-27,-9],[-58,-24],[-17,-9],[-9,-5],[-8,-5],[-15,-11],[-21,-19],[-31,-33],[-5,-4],[-23,-24],[-56,-59],[-7,-6],[-13,-8],[-14,-5],[-16,0],[-13,1],[-5,2],[-17,2],[-2,0],[-1,1],[-4,1],[-134,9],[-67,6],[-124,68],[-64,34],[-1,0],[-2,1],[-74,40],[-107,-2],[-12,-3],[-14,-1],[-54,-9],[-136,-26],[-104,-18],[-9,-2],[-4,-2],[-12,1],[-10,-1],[-9,2],[-8,4],[-11,8],[-8,7],[-9,10],[-12,7],[-8,3],[-19,-1],[-10,4],[-6,6],[-5,8],[-3,9],[-5,7],[-6,5],[-7,4],[-27,13],[-18,13],[-48,52],[-15,14],[-14,15],[-16,14],[-13,9],[-8,5],[-5,1],[-16,9],[-8,5],[-24,13],[-23,9],[-57,27],[-20,6],[-42,5],[-9,2],[-11,3],[-23,8],[-64,27],[-12,4],[-14,2],[-13,-1],[-4,1],[-21,-1],[-1,-1],[-1,0],[-1,1],[-4,-1],[-15,0],[-24,-3],[-24,-7],[-27,-12],[-22,-13],[-36,-24],[-16,-9],[-21,-14],[-42,-23],[-52,-26],[-58,-20],[-39,-9],[-31,-9],[-16,-4],[-17,-7],[-52,-15],[-4,-2],[-31,-11],[-1,-1],[-9,-2],[-41,-14],[-25,-6],[-15,-6],[-36,-8],[-43,-13],[-38,-9],[-49,-10],[-37,-6],[-87,-9],[-1,-1],[-7,1],[-1,-1],[-26,-3],[-5,1],[-9,-1],[-29,-3],[-62,-4],[-58,-40],[-106,-78],[-52,-45],[-85,-80],[-94,-80],[-20,-19],[-8,-5],[-15,-19],[-55,-85],[-24,-31],[-20,-30],[-15,-18],[-15,-19],[-17,-26],[-20,-32],[-25,-36],[-45,-57],[-27,-39],[-5,-4],[-5,-9],[-159,-213],[-116,-153],[-73,-95],[-80,-109],[-107,-143],[-73,-100],[-24,-32],[-4,-5],[-5,-8],[-1,-2],[-6,-9],[-60,-76],[-4,-4],[-7,-4],[-1,-3],[-1,-6],[-21,-25],[-1,-3],[-4,-2],[-2,-4],[-16,-22],[-104,-134],[-36,-44],[-7,33],[-1,1],[-4,-7],[-3,-6],[-1,-8],[-3,-6],[-15,-29],[-8,-13],[-7,-10],[-6,-10],[-27,-35],[-29,-43],[-66,-102],[-157,-239],[-61,-89],[-17,-30],[-9,-12],[-59,-86],[-55,-78],[-140,-194],[-219,-303],[-22,-29],[-2,-3],[-16,7],[-17,11],[-13,7],[-14,4],[-39,4],[-41,8],[-29,2],[-20,3],[-8,0],[-6,1],[-30,2],[-21,0],[-5,1],[-18,-1],[-103,-3],[-45,-4],[-25,1],[-37,-3],[-12,-2],[-43,-1],[-25,4],[-13,7],[-37,9],[-24,4],[-15,-1],[-4,0],[-39,-4],[-32,-8],[-14,-2],[-51,-5],[-34,-1],[-26,-4],[-12,-3],[-16,-6],[-13,-4],[-23,-3],[-16,-12],[-12,-10],[-7,-10],[-9,-9],[-18,-14],[-39,-24],[-11,-5],[-28,-16],[-19,-13],[-12,-10],[-6,-3],[-11,-14],[-8,-11],[-9,-21],[-9,-17],[-6,-13],[1,-11],[-1,-12],[3,-12],[-2,-5],[-4,-8],[-2,-2],[-18,-12],[-8,-8],[-2,-4],[-3,-13],[-2,-5],[-5,-4],[-7,-2],[-4,-5],[-1,-11],[-4,-8],[-3,-5],[-14,-9],[-9,-8],[-10,-13],[-9,-14],[-2,-9],[0,-9],[6,-9],[9,-6],[1,-4],[0,-3],[-4,-4],[-44,-13],[-255,-75],[-7,-2],[-1,2],[-315,-92],[-118,-35],[-108,-33],[-130,-37],[-3,-1],[0,-1],[-4,0],[-45,-13],[-170,-48],[-6,0],[-2,0],[-28,-15],[-10,-5],[-1,0],[-1,-1],[-3,-2],[-40,-20],[-9,-5],[-8,-3],[-108,-55],[-4,-11],[-29,-126],[-9,-43],[-2,-5],[-23,-108],[-11,-42],[-13,-61],[-14,-60],[-5,-18],[-10,-17],[-36,-47],[-11,-12],[-6,-6],[-2,0],[-1,-2],[-12,-11],[-12,-9],[-7,-3],[-9,-1],[-17,0],[-30,1],[-15,-2],[-16,-5],[-15,-8],[-24,-18],[-42,-27],[-42,-24],[-16,-6],[-30,-16],[-20,-12],[-27,-21],[-13,-9],[-12,-6],[-82,-21],[-18,-3],[-25,-6],[-33,-4],[-42,1],[-32,14],[-46,8],[-14,3],[-11,4],[-13,5],[-49,32],[-16,14],[-13,10],[-18,11],[-14,6],[-6,2],[-34,6],[-38,3],[-36,7],[-7,2],[-29,4],[-13,0],[-62,-12],[-3,-2],[-8,0],[-30,-5],[-32,-1],[-55,-6],[-48,-12],[-30,-10],[-27,-8],[-5,-3],[-42,-15],[-37,-12],[-30,-7],[-9,-4],[-17,-5],[-40,-9],[-51,-16],[-28,-6],[-35,-3],[-7,1],[-9,-1],[-35,3],[-72,1],[-23,-2],[-44,0],[-41,-3],[-28,4],[-10,1],[-41,11],[-34,4],[-3,1],[-56,1],[-24,3],[-24,4],[-65,17],[-24,10],[-2,2],[-5,3],[-28,14],[-44,21],[-21,11],[-12,4],[-2,2],[-21,8],[-39,11],[-14,4],[-16,7],[-11,3],[-82,36],[-100,42],[-9,5],[-28,10],[-133,-62],[-59,-30],[-119,-72],[-80,-50],[-56,-35],[-9,-1],[0,1],[-13,1],[-36,0],[-26,1],[-2,0],[-25,0],[-66,-33],[-147,-74],[-99,-52],[-13,-5],[-62,-31],[-9,-5],[-3,-4],[-11,-6],[-5,-1],[-27,-11],[-119,-45],[-5,-3],[-41,-21],[-159,-86],[-325,-179],[-190,-102],[-16,-8],[-30,-16],[-16,-8],[0,0],[0,0],[0,0],[0,0],[0,0],[0,0],[0,0],[0,0],[0,0],[0,0],[0,0],[0,0],[0,0],[0,0],[0,0],[0,0],[0,0],[0,0],[0,0],[0,0],[0,0],[0,0],[0,0],[0,0],[0,0],[0,0],[0,0],[0,0],[0,0],[0,0],[0,0],[0,0],[0,0],[0,0],[0,-1],[0,0],[0,0],[0,0],[0,0],[0,0],[0,0],[0,0],[0,0],[0,0],[0,0],[-1,0],[0,0],[0,0],[0,0],[0,0],[0,0],[0,-1],[0,0],[0,0],[0,0],[0,0],[0,0],[0,0],[0,0],[0,0],[0,0],[0,-1],[0,0],[0,0],[0,0],[0,0],[0,0],[0,0],[0,-1],[0,0],[0,0],[0,0],[0,0],[0,-1],[0,0],[0,0],[0,0],[0,0],[-1,-1],[0,0],[0,0],[0,0],[0,0],[0,-1],[0,0],[0,0],[0,-1],[0,0],[0,0],[0,0],[0,0],[-1,-1],[0,-1],[0,-1],[-1,-1],[-1,-1],[0,0],[0,0],[0,-1],[-1,-1],[0,-1],[-1,0],[0,0],[0,-1],[0,0],[0,0],[0,-1],[-2,-3],[-1,-2],[-1,-2],[-1,-1],[0,0],[0,-1],[0,0],[-2,-3],[-3,-5],[-1,-3],[-2,-3],[0,-1],[-3,-5],[0,0],[-1,-2],[-2,-4],[-1,-2],[-1,-1],[0,-1],[-2,-4],[-5,-9],[-4,-8],[0,0],[-7,-12],[-1,-2],[-2,-3],[-2,-4],[-4,-8],[-2,-3],[-3,-6],[-1,-2],[-3,-5],[0,-1],[-2,-3],[-10,-19],[-4,-7],[-4,-7],[-1,-3],[-1,-2],[-5,-9],[-14,-26],[-1,-2],[-2,-4],[-18,-33],[-17,-32],[-28,-51],[-11,-22],[-3,-6],[-7,-12],[-6,-11],[-7,-12],[-12,-24],[-15,-28],[-3,-4],[-8,-16],[-2,-3],[-43,-80],[-16,-30],[-4,-7],[-22,-43],[-34,-62],[0,0],[-35,-65],[-49,-91],[-7,-14],[-6,-11],[-1,-3],[-10,-17],[-3,-7],[-26,-42],[-15,-26],[-16,-28],[-32,-54],[-28,-47],[-15,-25],[-15,-26],[4,-62],[0,-16],[1,-10],[3,-52],[1,-22],[-2,-26],[-2,-38],[-2,-50],[-4,-65],[-14,-9],[-38,-24],[-48,-32],[-58,-38],[-23,-14],[-33,-14],[-55,-22],[-11,-5],[-3,-1],[-85,-35],[-77,-45],[-110,-64],[-10,-6],[-4,-3],[-79,-46],[-33,-35],[-3,-3],[-56,-61],[-8,-9],[-20,-34],[-31,-52],[-12,-21],[-33,-71],[-9,-18],[-2,-6],[-19,-28],[-27,-42],[-20,-31],[-5,-18],[-7,-30],[-8,-30],[-7,-24],[-9,-65],[0,0],[-3,-21],[2,-19],[2,-25],[2,-33],[3,-32],[7,-95],[1,-14],[3,-41],[11,-70],[1,-4],[0,-5],[1,-1],[1,-12],[1,-23],[4,-106],[4,-80],[-2,-78],[-1,-44],[0,-7],[0,-1],[-1,-2],[-8,-26],[-3,-10],[-12,-38],[-4,-11],[-4,-14],[-23,-74],[-25,-79],[-9,-30],[-74,-27],[-106,-41],[-32,-12],[-14,-5],[-34,-13],[-8,-3],[-20,-7],[-64,-46],[-5,-10],[-4,-8],[-4,-8],[-34,-69],[-48,-82],[-8,-15],[-15,-26],[-8,-13],[-44,-76],[-39,-69],[-8,-13],[-4,-7],[-41,-72],[-17,-30],[-11,-19],[-59,-71],[-38,-45],[-17,-21],[-7,-9],[-117,-141],[-15,-17],[-20,-24],[-25,-31],[-23,-27],[-2,-24],[-2,-27],[-1,-16],[-2,-34],[-2,-33],[-6,-83],[-2,-36],[0,-7],[-4,-48],[-4,-62],[-3,-49],[-1,-6],[0,-2],[-1,-26],[-2,-28],[-15,-68],[-5,-24],[-3,-10],[-11,-49],[6,-94],[6,-107],[1,-15],[0,-4],[0,-11],[-96,-16],[-19,-3],[-79,-13],[-122,-20],[-173,-28],[-16,-3],[-50,-8],[-23,-3],[-1,0],[-28,-8],[-13,-4],[-47,-13],[-77,-22],[-11,-3],[-242,-68],[-109,-31],[-94,-27],[-55,-15],[-12,-3],[-28,-8],[-70,-20],[-82,-23],[-65,-18],[-16,-5],[-27,-16],[-71,-43],[-4,-1],[-71,-19],[-62,-17],[-17,-7],[-67,-27],[-42,-17],[-4,-1],[-24,-8],[-57,-18],[-47,-14],[-31,-10],[-36,-11],[-18,-6],[-4,-1],[-29,-27],[-13,-12],[-99,-93],[-13,-21],[-2,-3],[-35,-57],[-12,-20],[-43,-52],[-92,-111],[-9,-10],[-21,-23],[-23,-25],[-4,-5],[-130,-144],[-14,-15],[-52,-57],[-44,-3],[-36,-2],[-47,8],[-5,1],[-53,33],[-44,26],[-20,13],[-27,46],[-18,30],[-18,30],[-4,7],[-6,10],[-64,107],[-9,14],[-59,32],[-45,23],[-17,9],[-24,13],[-108,40],[-33,12],[-23,-17],[-78,-54],[-14,-10],[-17,-12],[-80,-56],[-59,-41],[-9,-6],[-29,-21],[-35,-24],[-49,-35],[-24,-41],[-31,-53],[-17,-29],[-21,-36],[-28,-50],[-17,-28],[-27,-46],[-8,-14],[-14,-25],[-27,-25],[-36,-32],[-24,-23],[-2,-2],[-5,-4],[-19,-18],[-6,-6],[-43,-39],[-15,-14],[-46,16],[-77,27],[-19,6],[-34,12],[-67,23],[-24,8],[-56,19],[-58,20],[-107,37],[-92,32],[-52,32],[-28,16],[-31,19],[-16,10],[-7,4],[-41,25],[-57,35],[-24,15],[-141,85],[-3,2],[-24,15],[-115,69],[-7,5],[-1,3],[-29,114],[-1,34],[0,34],[-2,13],[-1,8],[-1,9],[-6,43],[0,1],[-6,50],[-4,27],[-1,11],[1,18],[1,26],[4,70],[3,55],[8,22],[10,26],[30,41],[3,4],[26,35],[17,45],[1,3],[28,75],[19,50],[5,12],[7,18],[32,86],[2,3],[2,7],[0,0],[11,71],[2,16],[1,8],[-4,32],[-9,81],[-1,6],[-22,55],[-29,70],[-16,39],[-3,8],[-3,6],[0,0],[-20,25],[-26,50],[-4,7],[-15,29],[-14,27],[-21,40],[-45,87],[-10,20],[-23,44],[-22,43],[-10,18],[-6,12],[-47,91],[-4,7],[-15,29],[-83,159],[-17,29],[-37,-133],[-4,-14],[-6,-24],[-16,-35],[-45,-105],[-19,-42],[-15,-35],[-7,-6],[-1,-1],[-77,-70],[-32,-30],[-4,-3],[-33,-29],[-3,-3],[-39,-35],[-7,-5],[-7,-7],[-13,-11],[-62,-40],[-25,-16],[-7,-4],[-52,-33],[-20,-13],[-43,-28],[-46,-29],[-1,-1],[-14,-8],[-5,-4],[-15,-9],[-70,-45],[-35,-23],[-24,-1],[-35,-2],[-28,-2],[-18,-1],[-3,0],[-68,-2],[-40,-1],[-45,-1],[-16,-1],[-75,39],[-35,20],[-24,13],[-42,24],[-100,56],[-10,6],[-59,33],[-11,6],[-20,11],[-17,9],[-18,10],[-28,15],[-2,1],[-45,25],[-35,19],[-43,24],[-9,5],[-23,13],[-20,8],[-48,21],[-61,27],[-47,25],[-7,3],[-28,15],[-18,9],[-56,1],[-15,0],[-28,0],[-33,1],[-18,0],[-42,-25],[-12,-7],[-52,-29],[-17,-9],[-35,-19],[-45,-17],[-8,-3],[-22,-1],[-52,-2],[-13,5],[-35,14],[-15,15],[-17,16],[-24,37],[-15,35],[-16,32],[-3,6],[-6,8],[-3,4],[-24,27],[-29,62],[-2,4],[-1,1],[-2,5],[-2,4],[-20,42],[-1,2],[-2,4],[-2,4],[0,0],[-13,28],[-1,2],[-5,9],[-24,26],[-17,12],[-13,9],[-1,0],[-57,23],[-29,15],[-3,2],[-27,13],[-35,18],[-39,25],[-16,10],[-38,23],[-1,1],[-3,2],[-9,6],[-13,8],[-1,0],[-13,8],[-26,15],[-10,6],[-39,24],[-4,2],[-8,4],[-13,8],[-3,4],[-4,3],[-12,12],[-6,7],[0,0],[-3,4],[-1,1],[-2,3],[-20,25],[-9,16],[-23,41],[0,1],[-2,4],[-1,2],[-6,10],[-2,4],[-2,3],[0,0],[-3,5],[-2,3],[0,1],[-14,21],[-3,5],[0,0],[-9,14],[0,1],[-6,10],[-2,3],[-4,6],[0,0],[-1,2],[-1,4],[-1,1],[0,1],[-2,3],[0,0],[-3,8],[0,1],[-1,2],[0,1],[-2,3],[-1,4],[-1,1],[-3,7],[-1,2],[-3,8],[0,1],[-1,2],[-1,2],[0,0],[-1,1],[-3,7],[-1,4],[-3,6],[0,0],[0,1],[-1,1],[-1,3],[-2,4],[0,1],[-1,1],[0,1],[0,1],[-2,3],[0,2],[-1,1],[0,1],[-1,1],[-1,2],[0,0],[0,2],[-1,0],[0,1],[0,1],[-1,1],[0,0],[-1,2],[0,0],[0,2],[0,0],[-1,1],[0,1],[-1,1],[0,1],[-1,1],[0,0],[0,0],[0,1],[0,0],[0,1],[0,0],[0,0],[-1,0],[0,1],[0,0],[0,0],[0,0],[0,1],[0,0],[0,0],[0,0],[0,0],[0,0],[0,0],[0,0],[0,0],[0,0],[0,0],[0,1],[-1,0],[0,0],[0,0],[0,0],[0,0],[0,0],[0,0],[0,0],[0,0],[0,0],[0,1],[0,0],[0,0],[0,0],[0,0],[0,0],[0,0],[0,0],[0,0],[0,0],[0,0],[0,0],[0,0],[0,0],[0,0],[0,0],[0,0],[0,0],[0,0],[0,0],[0,0],[0,0],[0,0],[0,0],[0,0],[0,0],[0,0],[0,0],[0,0],[0,0],[0,1],[0,0],[0,0],[0,0],[0,0],[0,0],[0,0],[0,0],[5,5],[4,11],[2,6],[5,22],[10,31],[12,29],[9,31],[9,32],[7,28],[3,11],[-1,15],[0,11],[-5,0],[-3,20],[-4,28],[-1,13],[-1,13],[-1,8],[0,23],[-2,26],[-5,27],[-5,26],[-3,26],[-2,16],[0,10],[1,7],[4,19],[3,32],[3,32],[6,32],[5,33],[2,10],[4,24],[9,31],[9,29],[9,29],[1,6],[-3,7],[-28,45],[-22,54],[-4,40],[0,8],[10,84],[3,46],[-9,53],[-19,72],[-12,56],[-60,160],[-26,60],[-27,56],[-41,67],[-9,11],[-21,20],[-53,29],[-50,27],[-11,11],[-18,12],[-11,9],[-28,33],[-14,25],[-20,36],[-26,61],[-12,23],[-10,15],[-31,24],[-14,15],[-22,31],[-2,2],[-16,30],[-4,9],[-13,29],[-36,77],[-10,35],[-1,28],[6,41],[28,79],[28,65],[12,20],[2,2],[19,41],[16,34],[29,55],[34,47],[19,33],[27,35],[16,20],[10,15],[34,53],[92,108],[18,30],[9,22],[4,6],[9,28],[3,54],[-1,58],[-3,31],[-5,33],[-5,30],[-17,54],[-8,17],[-23,41],[-27,38],[-14,15],[-30,25],[-56,33],[-37,22],[-68,48],[-19,10],[-21,11],[-9,9],[-28,15],[-56,44],[-6,5],[-19,18],[-47,38],[-30,20],[-56,34],[-34,27],[-35,33],[-71,86],[-66,107],[-25,53],[-19,87],[-11,28],[-11,20],[-14,16],[-16,13],[-21,11],[-79,42],[-38,33],[-31,29],[-28,31],[-25,23],[-20,23],[-61,76],[-11,18],[-8,10],[-5,10],[-2,6],[-25,61],[0,5],[-3,5],[0,8],[-5,17],[0,26],[8,54],[17,29],[37,51],[18,28],[16,48],[11,59],[2,28],[-3,38],[-9,30],[-15,31],[-35,50],[-53,88],[-31,45],[-31,35],[-24,44],[-2,4],[-12,18],[-24,30],[-4,4],[-5,5],[-21,16],[-21,12],[-36,15],[-21,12],[-56,38],[-75,40],[-14,9],[-10,4],[-7,6],[-32,21],[-89,52],[-32,27],[-52,54],[-8,6],[-66,85],[-6,11],[-18,32],[-20,30],[-14,28],[-14,38],[-11,40],[-15,79],[-8,23],[-17,63],[-7,46],[-7,25],[-5,59],[4,86],[-2,31],[-6,40],[-11,46],[-8,15],[-20,23],[-14,20],[-39,83],[-20,53],[-32,55],[-1,5],[-50,76],[-38,70],[-39,66],[-18,22],[-5,6],[-21,27],[-56,65],[-21,43],[-11,40],[-3,38],[-1,61],[-3,15],[-14,89],[0,21],[-3,30],[1,23],[-4,89],[2,71],[4,39],[7,38],[2,18],[-1,18],[5,25],[1,49],[-2,17],[-13,61],[-8,69],[-7,40],[-12,58],[-8,34],[-10,27],[-2,7],[-6,11],[-13,20],[-25,27],[-24,14],[-38,31],[-12,12],[-8,13],[-10,17],[-10,25],[-18,38],[-30,53],[-8,22],[-23,86],[-49,129],[-12,38],[-11,28],[-24,45],[-3,8],[-6,7],[-6,13],[-48,72],[-22,27],[-33,30],[-35,36],[-43,37],[-27,20],[-41,30],[-71,57],[-14,15],[-64,93],[-68,72],[-38,32],[-5,2],[-33,24],[-51,41],[-12,7],[-40,30],[-20,11],[-26,15],[-23,17],[-14,7],[-38,16],[-18,4],[-31,9],[-28,12],[-59,28],[-74,38],[-19,8],[-19,6],[-16,1],[-47,11],[-41,8],[-94,34],[-42,21],[-49,30],[-32,24],[-28,18],[-33,15],[-28,7],[-47,5],[-53,11],[-23,9],[-22,15],[-10,18],[0,1],[-4,11],[0,18],[6,39],[17,68],[6,41],[-1,38],[-8,66],[-12,41],[-14,30],[-10,18],[-15,30],[-10,15],[-27,48],[-30,50],[-5,9],[-25,45],[-9,13],[-32,68],[-22,56],[-16,48],[-6,25],[-5,41],[-3,89],[-4,41],[1,22],[-8,81],[-3,36],[-17,61],[-10,25],[-9,21],[-36,57],[-9,14],[-82,95],[-22,31],[-46,56],[-80,90],[-73,74],[-49,40],[-5,3],[-9,9],[-97,56],[-14,7],[-27,20],[-12,12],[-4,6],[0,4],[-9,9],[-2,2],[-12,10],[-30,16],[-47,36],[-32,20],[-60,56],[-29,23],[-41,41],[-88,100],[-63,91],[-61,75],[-60,50],[-13,9],[-38,27],[-17,9],[-14,15],[-13,20],[-12,56],[-9,26],[-12,25],[-35,61],[-44,59],[-43,61],[-36,56],[-8,18],[-32,49],[-20,32],[-42,82],[-41,79],[-21,46],[-29,76],[-20,70],[-2,7],[-14,-2],[-93,-7],[-81,9],[-89,-4],[-56,3],[-79,8],[-58,0],[-72,8],[-53,2],[-44,7],[-112,28],[-53,10],[-84,16],[-12,-1],[-23,-10],[-30,-8],[-51,2],[-40,-1],[-31,1],[-23,-1],[-32,-7],[-37,-4],[-70,-2],[-47,-6],[-53,1],[-33,4],[-58,20],[-16,4],[-42,20],[-58,25],[-23,9],[-23,5],[-84,4],[-51,9],[-82,17],[-41,5],[-35,-2],[-47,-11],[-38,-5],[-45,36],[-10,10],[-41,43],[-24,21],[-55,43],[-21,18],[-56,65],[-35,37],[-26,21],[-4,5],[-16,13],[-12,12],[-33,43],[-39,62],[-17,22],[-14,15],[-24,17],[-13,11],[-13,18],[-23,56],[-11,33],[-15,61],[-14,38],[-17,26],[-47,56],[-30,41],[-46,49],[-37,32],[-50,47],[-16,18],[-79,127],[-11,26],[-39,69],[-19,38],[-24,66],[-27,53],[-26,39],[-42,51],[-50,68],[-12,26],[-12,18],[-11,30],[-13,26],[-26,43],[-54,72],[-59,69],[-37,38],[-47,42],[-11,12],[-20,18],[-82,85],[-57,71],[-35,51],[-19,41],[-8,23],[-15,58],[-11,56],[-4,16],[-10,61],[-8,81],[-6,61],[-4,15],[-2,28],[-6,43],[-3,19],[-10,112],[-1,63],[4,92],[7,61],[10,37],[12,26],[10,14],[34,40],[35,33],[55,60],[18,18],[19,24],[11,19],[13,33],[6,43],[1,15],[2,41],[1,38],[-4,44],[-15,86],[-22,88],[-1,4],[-21,102],[-5,27],[-12,41],[-3,23],[-8,33],[-20,69],[-12,36],[-14,35],[-19,41],[-42,66],[-17,31],[-12,30],[-38,82],[-38,112],[-53,137],[-41,138],[-31,86],[-20,43],[-17,28],[-23,31],[-50,57],[-16,11],[-7,3],[-22,0],[-22,-2],[-26,-2],[-23,-12],[-23,-6],[-154,-72],[-35,-12],[-37,-15],[-19,-6],[-46,-20],[-49,-15],[-42,-20],[-70,-28],[-24,-10],[-7,-5],[-205,-87],[-40,-15],[-55,-20],[-14,-3],[-28,-11],[-71,-21],[-20,-11],[-31,-7],[-42,-14],[-19,-15],[-23,-24],[-26,-26],[-113,-116],[-28,-27],[-36,-28],[-34,-32],[-9,-12],[-63,-65],[-16,-18],[-27,-25],[-65,-65],[-107,-98],[-45,-52],[-9,-7],[-2,-4],[-9,-5],[-11,-2],[-9,6],[-11,18],[-28,69],[-17,51],[-6,8],[-15,40],[-18,59],[-26,59],[-15,56],[-24,71],[-1,13],[-5,18],[-50,114],[-10,26],[-53,125],[-20,40],[-1,3],[-23,38],[-37,46],[-41,40],[-17,13],[-23,18],[-62,41],[-24,18],[-14,8],[-20,16],[-26,28],[-14,18],[-46,69],[-9,9],[-16,9],[-14,2],[-14,-3],[-54,-18],[-56,-12],[-82,-25],[-6,-4],[-21,-4],[-47,-2],[-51,2],[-28,5],[-40,1],[-49,7],[-141,34],[-70,17],[-53,17],[-14,7],[-105,36],[-74,33],[-5,2],[-90,35],[-5,4],[-14,5],[-28,14],[-56,25],[-46,16],[-65,17],[-58,-1],[-56,-10],[-82,-22],[-35,-8],[-15,-5],[-6,-2],[-112,-32],[-39,-14],[-7,0],[-28,-6],[-5,-2],[-56,-19],[-35,-9],[-128,-38],[-47,-17],[-65,-19],[-14,-6],[-16,-4],[-38,-14],[-77,-23],[-44,-16],[-102,-31],[-56,-20],[-54,-13],[-14,-2],[-1,0],[-11,1],[-7,4],[-18,16],[-62,72],[-42,45],[-14,19],[-115,124],[-45,54],[-18,23],[-23,38],[-14,20],[-59,85],[-5,12],[-14,23],[-2,5],[-11,21],[-56,85],[-19,36],[-47,68],[-32,41],[-7,6],[-21,22],[-79,67],[-53,51],[-6,6],[-21,16],[-39,43],[-14,27],[-6,34],[-2,10],[2,5],[-3,7],[1,13],[-2,38],[-4,34],[-1,4],[-6,28],[-5,28],[-22,89],[-10,22],[-9,7],[-21,2],[-28,-3],[-56,1],[-4,-2],[-39,3],[-120,8],[-44,0],[-54,-9],[-79,1],[-18,-2],[-52,3],[-98,18],[-139,25],[-222,-28],[-148,-416],[-151,5],[-514,15],[-22,0],[-1,-2],[-43,-167],[-97,-35],[-477,1021],[-371,227],[-86,625],[80,1080],[527,892],[-211,163],[23,382],[-219,516],[139,711],[527,838],[-123,386],[-633,183],[-199,216],[-263,598],[-668,409],[-344,-90],[-1227,-445],[-237,-252],[-882,-727],[-756,-467],[-317,268],[-435,441],[21,213],[-148,509],[-95,781],[-220,378],[238,455],[85,409],[337,270],[519,415],[583,345],[306,242],[-21,448],[68,416],[131,260],[338,70],[581,261],[376,-42],[321,23],[162,274],[185,549],[-3,264],[127,268],[254,230],[384,81],[685,155],[381,47],[53,710],[7,734],[-93,341],[-374,540],[-452,-30],[-1006,534],[-219,240],[-714,740],[-107,219],[-652,130],[-724,-38],[-157,364],[-258,231],[-255,350],[-310,191],[-417,582],[-335,390],[24,423],[-121,131],[-91,276],[-111,432],[-201,265],[-123,219],[265,278],[37,528],[175,308],[354,235],[-25,259],[1,2],[5,9],[10,17],[7,16],[7,16],[7,13],[8,14],[9,22],[66,143],[22,57],[15,43],[5,28],[4,63],[4,64],[-5,66],[-11,97],[-12,63],[2,23],[6,28],[18,44],[6,23],[6,38],[0,23],[-3,43],[-6,53],[-18,72],[-5,43],[-7,38],[-5,56],[5,29],[17,54],[4,6],[20,55],[28,52],[8,23],[3,18],[2,31],[0,38],[2,55],[1,46],[2,15],[4,69],[13,61],[4,13],[10,20],[33,51],[15,20],[30,35],[31,42],[33,61],[23,53],[7,23],[18,77],[3,5],[11,41],[5,25],[15,54],[3,17],[12,39],[18,51],[17,38],[14,25],[10,13],[36,39],[13,11],[9,4],[20,18],[21,26],[30,54],[33,76],[8,23],[-1,3],[8,20],[11,46],[8,71],[1,25],[1,26],[3,38],[-1,92],[1,31],[9,31],[16,25],[16,35],[8,30],[6,34],[1,51],[-2,10],[-8,30],[-12,27],[-13,32],[-16,64],[-4,25],[0,33],[7,33],[7,19],[14,24],[27,34],[21,15],[47,30],[12,10],[6,13],[-1,41],[-3,60],[1,13],[6,21],[6,12],[15,15],[41,60],[18,24],[7,6],[26,28],[28,24],[67,44],[20,10],[35,31],[62,45],[11,11],[3,0],[18,15],[45,49],[19,29],[11,28],[27,90],[5,26],[5,46],[8,38],[14,95],[7,23],[15,31],[4,12],[25,116],[6,18],[5,28],[9,31],[9,46],[-1,51],[-7,58],[-6,18],[-20,42],[-28,50],[-2,11],[-1,30],[0,23],[15,115],[2,38],[-3,26],[-10,27],[-31,50],[-14,16],[-16,14],[-29,15],[-42,26],[-48,51],[-12,18],[-29,58],[-7,20],[-16,66],[-21,131],[-12,46],[-8,15],[-32,42],[-36,35],[-90,77],[-14,14],[-28,33],[-34,47],[-23,38],[-12,25],[-12,40],[-6,36],[3,63],[6,62],[18,84],[12,65],[3,9],[4,29],[11,43],[5,31],[2,30],[-13,107],[-6,28],[-1,13],[-4,15],[-7,48],[-3,43],[-1,54],[2,25],[-1,158],[-13,96],[-9,41],[-7,20],[-11,20],[-14,20],[-16,21],[-45,46],[-18,22],[-22,23],[-21,22],[-30,35],[-31,35],[-17,-42],[0,-1],[-1,0],[-28,23],[-33,23],[-28,14],[-13,11],[-13,10],[-70,34],[-69,36],[-58,27],[-78,30],[-74,26],[-41,27],[-32,18],[-46,45],[-42,20],[-46,20],[-37,27],[-47,52],[-35,53],[-29,51],[-13,7],[-45,-4],[-44,-14],[-35,-20],[-25,-15],[-20,0],[-24,8],[-54,43],[-22,-1],[-29,-14],[-37,-23],[-49,-15],[-41,-3],[-36,1],[-38,17],[-54,7],[-50,10],[-39,24],[-52,14],[-79,19],[-68,14],[-32,-1],[-34,6],[-38,10],[-37,21],[-42,21],[-40,23],[-33,23],[-40,45],[-54,56],[-39,23],[-45,16],[-35,14],[-24,22],[-8,20],[0,30],[1,34],[5,55],[-1,35],[0,36],[4,30],[11,40],[22,71],[10,78],[1,70],[-12,80],[-20,67],[-13,35],[-13,36],[-30,60],[-22,17],[-30,8],[-51,5],[-9,12],[-1,34],[-12,45],[-17,61],[-33,71],[-46,81],[-64,94],[-15,35],[-1,29],[13,23],[1,24],[-8,26],[-14,38],[-20,26],[-33,27],[-25,36],[-19,42],[-24,43],[-55,57],[-38,35],[-18,30],[-6,48],[4,84],[15,70],[12,42],[3,57],[-4,54],[10,45],[17,51],[23,39],[68,63],[25,14],[36,4],[40,-2],[51,-23],[44,-28],[30,-8],[27,-3],[23,4],[30,17],[23,22],[4,29],[2,13],[1,28],[5,21],[7,21],[9,18],[14,31],[11,35],[3,10],[4,8],[5,10],[9,16],[5,11],[2,12],[0,14],[-15,37],[-15,37],[-6,12],[-7,14],[-6,11],[-33,30],[-12,11],[-30,26],[-34,25],[-19,16],[-15,11],[-8,5],[-12,8],[-10,8],[-5,9],[-4,8],[-3,9],[-6,23],[-9,39],[-4,13],[-13,31],[-6,12],[-11,14],[-16,12],[-20,6],[-18,3],[-27,3],[-21,6],[-12,6],[-27,15],[-16,8],[-16,9],[-14,13],[-10,13],[-9,10],[-13,23],[-5,5],[-14,15],[-12,13],[-11,9],[-16,14],[-14,14],[-14,14],[-20,29],[-11,17],[-8,17],[-6,16],[-2,19],[-2,14],[1,27],[0,15],[-4,26],[-4,17],[-9,23],[-4,9],[-8,11],[-17,18],[-13,11],[-26,23],[-36,33],[-12,12],[-24,28],[-17,18],[-15,13],[-14,11],[-11,7],[-17,5],[-15,4],[-27,4],[-24,5],[-14,4],[-12,5],[-14,8],[-12,9],[-9,8],[-10,12],[-10,15],[-9,19],[-10,25],[-7,37],[-7,37],[-2,20],[-3,17],[-6,19],[-5,20],[-8,13],[-10,21],[-5,10],[-3,13],[-1,16],[-1,38],[-2,37],[-1,13],[0,17],[-2,11],[-3,14],[-2,16],[1,16],[2,17],[5,23],[1,16],[-4,21],[-5,23],[-4,17],[-5,11],[-14,28],[-5,11],[-5,18],[1,13],[-9,2],[6,17],[11,36],[2,12],[8,25],[-1,4],[-3,7],[1,7],[0,12],[4,10],[5,11],[7,10],[5,5],[11,12],[7,8],[4,8],[4,11],[3,23],[2,12],[0,11],[-4,6],[2,9],[5,21],[4,10],[4,13],[8,2],[4,4],[6,8],[4,9],[5,12],[4,14],[3,11],[-9,22],[-6,12],[-4,20],[-3,11],[-12,21],[-11,15],[-11,21],[-9,17],[-4,17],[-3,13],[2,11],[5,13],[8,13],[18,22],[32,34],[13,13],[14,17],[8,12],[12,17],[5,10],[1,11],[-5,9],[-5,11],[-14,9],[-16,9],[-5,5],[-9,8],[-13,16],[-28,25],[-29,23],[-21,14],[-31,23],[-33,14],[-36,29],[-35,31],[-27,30],[-26,27],[-41,27],[-31,12],[-36,20],[-29,28],[-1,14],[3,14],[11,12],[19,12],[38,31],[29,39],[34,65],[11,54],[10,26],[11,25],[7,12],[-48,86],[-14,23],[0,8],[-2,8],[-2,9],[-4,18],[-2,9],[-1,6],[0,15],[3,27],[4,28],[6,27],[4,11],[4,19],[1,12],[1,6],[-1,4],[-12,10],[-14,6],[-19,5],[-19,9],[-14,14],[-16,18],[-12,22],[-6,27],[-2,23],[1,26],[4,25],[8,26],[-1,8],[-2,7],[-10,8],[-11,5],[-11,4],[-15,15],[-7,3],[-8,-1],[-6,-1],[-20,-16],[-14,-6],[-18,-2],[-17,1],[-22,5],[-16,6],[-8,6],[-36,33],[-15,18],[-34,42],[-9,14],[-9,14],[-13,27],[-10,23],[-13,37],[-10,35],[-9,29],[-19,46],[-5,10],[-16,43],[-1,10],[-1,9],[4,9],[14,21],[11,14],[27,37],[17,27],[12,21],[17,27],[6,14],[2,19],[3,19],[5,40],[0,19],[1,42],[-2,22],[-2,35],[1,15],[2,14],[1,30],[0,18],[-2,15],[-7,15],[-8,15],[-28,35],[-15,14],[-13,1],[-10,2],[20,21],[4,6],[0,2],[-21,16],[-13,11],[-22,16],[-20,13],[-20,8],[8,9],[-11,2],[-10,4],[-18,8],[-13,7],[-22,6],[-26,6],[-15,5],[-5,8],[-9,17],[-8,16],[-9,15],[-10,11],[-13,10],[-14,6],[-22,15],[-19,15],[-23,21],[-10,10],[-8,8],[-14,20],[-13,16],[-9,12],[-5,15],[-6,9],[-6,8],[-8,8],[-11,11],[-11,7],[-17,15],[-11,10],[-11,15],[-7,6],[-34,32],[-13,10],[-24,27],[-8,9],[-31,34],[-17,18],[-19,25],[-7,12],[-8,11],[-2,7],[-2,7],[-1,9],[2,10],[6,32],[3,40],[-1,36],[-6,30],[-5,23],[-5,25],[-6,26],[-11,23],[-7,18],[-5,26],[-5,26],[-3,42],[-1,32],[1,33],[3,24],[5,44],[-3,4],[-36,2],[2,8],[6,44],[10,41],[3,18],[9,29],[9,24],[21,41],[10,24],[2,7],[-2,8],[-6,5],[-26,6],[-33,5],[-2,-5],[-5,-7],[-7,-3],[-16,9],[-10,6],[-10,6],[-13,9],[-14,5],[-12,7],[-14,14],[-5,14],[-3,10],[-13,13],[-13,14],[-4,7],[-2,14],[-7,14],[-7,10],[-9,0],[-32,3],[-19,6],[-11,15],[-4,13],[-1,16],[1,11],[15,19],[9,13],[6,14],[7,24],[13,1],[2,9],[6,10],[9,12],[13,14],[11,6],[7,5],[5,2],[4,8],[3,10],[5,9],[4,3],[10,4],[6,3],[3,3],[-1,3],[-5,5],[-9,10],[-3,6],[2,6],[4,5],[16,10],[12,11],[7,7],[2,11],[-2,8],[-3,9],[-9,18],[-2,11],[-16,16],[-15,16],[-19,29],[-5,64],[-19,34],[-50,36],[-46,16],[-86,41],[-78,50],[-35,38],[-25,39],[-8,32],[-10,33],[-17,34],[-24,37],[-21,32],[-13,27],[-13,39],[-14,45],[-17,29],[-26,39],[-5,15],[-2,50],[0,62],[-12,57],[-7,76],[3,24],[3,24],[12,32],[16,33],[16,26],[14,28],[6,40],[9,46],[5,27],[11,32],[11,24],[24,31],[52,62],[28,35],[20,26],[12,20],[11,28],[10,31],[15,58],[11,38],[12,27],[13,24],[15,34],[5,13],[0,12],[6,14],[2,11],[-2,13],[-5,17],[-14,35],[-22,32],[-16,34],[-18,43],[-10,46],[-7,44],[-1,48],[-7,42],[-15,68],[-4,38],[-1,38],[-13,64],[-20,93],[-1,37],[0,45],[5,38],[13,46],[10,44],[5,50],[-2,42],[6,65],[21,87],[7,24],[7,24],[12,36],[2,27],[-6,30],[-10,37],[-9,36],[-10,35],[-15,35],[-24,44],[-27,41],[-25,25],[-30,24],[26,48],[22,39],[29,38],[14,19],[6,15],[28,46],[2,19],[-5,20],[-1,31],[12,31],[29,69],[13,42],[12,23],[12,12],[16,13],[24,12],[21,12],[11,7],[13,15],[20,33],[20,39],[21,46],[24,68],[10,35],[12,49],[23,65],[27,68],[11,34],[10,59],[10,44],[20,63],[31,71],[30,75],[15,44],[8,37],[2,45],[10,176],[8,99],[9,107],[-1,29],[-5,31],[-25,70],[-18,58],[-4,50],[0,27],[3,17],[13,20],[20,24],[8,71],[6,34],[-251,8],[-41,107],[-51,161],[230,219],[18,50],[-67,34],[26,70],[117,-48],[146,135],[111,-25],[9,26],[22,98],[0,71],[0,10],[-10,58],[-7,43],[-20,67],[-34,115],[-21,71],[-20,71],[-54,154],[-13,138],[10,84],[22,90],[9,48],[4,54],[52,92],[-34,235],[-14,251],[-91,46],[-245,57],[-79,14],[-72,-1],[-13,-44],[9,-51],[66,-180],[-52,67],[-90,125],[-85,112],[-26,38],[-49,67],[-27,39],[-55,84],[-76,97],[-71,101],[-70,93],[-70,99],[-69,102],[-74,97],[-29,47],[-59,76],[-13,21],[-13,20],[-18,45],[26,23],[-5,-1],[-10,7],[-5,9],[-26,48],[-14,38],[-8,10],[-7,9],[-32,53],[-5,18],[-27,53],[-3,15],[11,3],[-18,32],[-5,22],[1,31],[-5,43],[-15,42],[-21,33],[-25,20],[-30,-13],[-28,1],[-26,13],[-17,18],[-22,29],[-28,26],[-34,25],[-17,18],[-20,24],[-28,43],[-36,57],[-24,21],[-39,19],[-34,10],[-9,19],[-10,11],[-33,18],[-25,15],[-22,18],[-18,10],[-31,13],[-28,11],[-28,19],[-29,7],[-27,17],[-21,33],[-33,33],[-38,10],[-30,3],[-49,-15],[-31,-7],[-14,3],[-26,19],[-33,27],[-11,-1],[-19,-10],[-29,-14],[-28,-13],[-33,-2],[-22,-5],[-34,-15],[-20,-3],[-20,-3],[-72,-5],[-25,3],[-27,9],[-15,-7],[-18,-17],[-21,23],[-38,39],[-37,40],[-82,77],[208,274],[408,548],[257,395],[196,370],[49,76],[3,5],[98,129],[144,170],[34,34],[39,57],[81,96],[61,72],[50,47],[56,53],[48,-88],[3,-3],[37,-71],[25,-45],[21,-39],[17,-33],[1401,453],[31,12],[-92,192],[4,1],[4,1],[97,32],[121,37],[96,32],[136,42],[3,82],[59,12],[17,45],[11,40],[7,53],[-6,54],[-2,28],[-11,119],[7,95],[9,56],[-1,15],[-7,36],[-4,16],[-1,8],[-10,24],[0,4],[-9,20],[-39,94],[0,3],[-12,26],[-4,11],[-2,8],[0,10],[-2,7],[2,12],[3,11],[13,28],[3,12],[12,22],[9,20],[7,20],[3,13],[2,14],[1,40],[-1,19],[-1,5],[2,5],[-1,21],[-2,14],[0,11],[-3,42],[-4,26],[-3,4],[-2,0],[-109,-45],[-122,-48],[-12,-4],[-40,-17],[-47,-18],[-45,-20],[-9,-2],[-114,-50],[-91,-38],[-18,-7],[-11,-5],[-10,-4],[-10,-4],[-55,-23],[-14,-3],[-5,-4],[-5,-3],[-82,-41],[-69,-30],[-95,-44],[-24,-21],[-19,-33],[-4,-10],[-3,-2],[-2,-1],[-3,1],[-2,4],[-2,6],[0,5],[-5,14],[-3,12],[-4,8],[-5,15],[-15,30],[-26,46],[-16,35],[-6,11],[-2,15],[-13,29],[-25,46],[-24,45],[-6,13],[-9,13],[-11,20],[-22,48],[-26,47],[-5,11],[-11,13],[-6,8],[-4,11],[-5,16],[-4,12],[-11,26],[-23,45],[-9,19],[-17,26],[-9,12],[-7,7],[-16,14],[-4,7],[-4,20],[-2,11],[-17,21],[-14,17],[-19,27],[-29,47],[-33,46],[-58,87],[-32,43],[-114,-37],[-154,-50],[-152,-50],[-179,-60],[-120,-40],[-99,-33],[-41,-12],[-22,42],[-23,43],[-24,42],[-21,44],[-23,42],[-46,87],[-22,43],[-23,42],[-22,43],[-19,39],[-18,-5],[-34,-12],[-34,-11],[-33,-13],[-32,-15],[-30,-10],[-24,-12],[-35,-15],[-11,-7],[-24,-9],[-39,-18],[-38,-18],[-41,-16],[-42,-15],[-41,-16],[-38,-17],[-42,-20],[-40,-16],[-44,-14],[-44,-17],[-44,-17],[-45,-18],[-44,-18],[-46,-17],[-32,-11],[-16,31],[-44,-15],[-6,-5],[-33,-19],[-34,-15],[-18,-12],[-16,-11],[-25,-19],[-15,-8],[-34,-24],[-76,102],[-26,-29],[-88,-90],[-84,-89],[-41,-44],[-41,-44],[-43,-44],[-7,10],[-26,36],[-55,69],[-195,246],[-83,-82],[-94,-88],[-44,-44],[-24,-9],[2,9],[-4,10],[-18,27],[-7,7],[-11,7],[-11,5],[-12,1],[-10,-1],[-5,0],[-5,4],[-3,6],[-4,23],[-10,29],[-8,23],[-16,32],[-9,31],[-12,21],[-31,49],[-7,2],[-7,-3],[-23,-22],[-77,-98],[-86,85],[-122,128],[-129,128],[-181,181],[-169,163],[-123,115],[49,44],[17,25],[92,94],[62,72],[111,115],[-56,-10],[-108,4],[-95,13],[-88,27],[-42,6],[-53,-4],[-66,-1],[-48,9],[-33,0],[-1,124],[-110,-3],[-73,10],[-83,7],[-145,13],[-109,12],[-119,23],[-92,22],[-77,24],[-81,23],[-82,22],[-79,16],[-83,13],[-62,6],[-9,87],[6,0],[0,16],[-6,26],[-7,23],[-8,20],[-11,25],[-11,17],[-15,14],[-31,29],[-25,16],[-26,16],[-8,15],[-6,14],[-12,18],[-21,24],[-30,24],[-6,7],[-7,20],[-7,16],[-11,11],[-11,7],[-14,5],[-13,6],[-12,14],[-6,9],[-6,20],[-4,24],[-7,13],[-13,13],[-7,14],[-3,19],[-7,12],[-16,9],[-12,10],[-14,14],[-9,13],[-11,22],[-11,25],[-8,22],[-13,20],[-16,19],[-13,13],[-3,28],[-4,22],[-3,13],[-3,11],[0,8],[2,16],[-1,14],[-9,24],[-8,21],[-1,20],[-2,16],[-14,19],[-8,17],[-14,27],[-8,12],[-8,26],[-11,36],[-1,25],[-4,25],[-12,15],[-2,10],[4,33],[-6,17],[-21,18],[-8,11],[-28,116],[-5,11],[-9,10],[2,9],[-4,16],[-7,10],[-11,5],[-16,0],[-18,-3],[-9,3],[-7,13],[-5,2],[-8,17],[-26,74],[-25,50],[-42,130],[-56,176],[-35,91],[-33,89],[-34,90],[-32,85],[-50,89],[-33,78],[-20,85],[-19,84],[-7,85],[-26,90],[-19,68],[-22,29],[-6,49],[-5,13],[-13,31],[-17,53],[-7,28],[-5,29],[3,27],[7,49],[-1,19],[-7,24],[-11,34],[-4,19],[2,32],[9,69],[1,72],[-3,18],[-8,23],[-17,25],[-15,19],[-27,26],[-31,37],[-14,19],[-29,79],[-25,83],[-24,88],[-27,86],[-10,33],[-6,32],[-2,27],[2,87],[-1,32],[6,23],[3,30],[0,18],[0,18],[-3,53],[-3,83],[-2,38],[-1,50],[0,20],[-1,19],[-3,13],[-9,22],[-11,2],[-12,1],[-11,4],[-13,10],[-10,13],[-4,11],[-5,33],[0,32],[-3,31],[-5,15],[-5,1],[-7,4],[-8,9],[-9,7],[-13,0],[-18,-10],[-26,-7],[-16,31],[-1,12],[1,23],[-5,12],[-17,15],[-12,15],[-10,34],[-4,27],[-5,23],[-7,18],[-12,19],[-22,22],[-20,17],[-14,14],[-15,26],[-11,23],[-16,23],[-18,20],[-14,19],[-5,13],[-13,37],[-5,32],[-7,57],[-7,30],[-16,56],[-8,37],[-9,48],[-8,52],[6,44],[0,0],[0,0],[0,0],[-1,0],[0,0],[0,0],[0,0],[0,0],[0,0],[0,0],[0,0],[0,0],[0,0],[0,0],[0,0],[0,0],[0,0],[0,1],[0,0],[0,0],[0,0],[0,0],[0,0],[0,0],[0,0],[0,1],[0,0],[0,0],[0,0],[0,0],[0,0],[0,0],[0,0],[0,1],[0,0],[0,0],[0,1],[0,0],[-1,1],[0,0],[0,0],[0,1],[0,0],[0,0],[0,2],[0,0],[0,0],[-1,0],[0,1],[-1,4],[-1,3],[0,0],[0,3],[0,0],[0,1],[-3,9],[0,1],[0,2],[0,0],[-2,5],[0,1],[0,0],[-1,5],[-2,6],[0,3],[-1,2],[-2,8],[-1,7],[-1,7],[-2,10],[0,3],[0,1],[-1,8],[-1,2],[0,1],[-1,9],[-1,6],[0,2],[-1,21],[-1,20],[0,3],[-2,44],[2,14],[0,5],[3,21],[2,14],[0,5],[0,1],[3,23],[2,11],[5,22],[9,40],[0,2],[1,4],[2,9],[5,14],[1,6],[4,11],[1,5],[9,37],[1,22],[0,6],[-1,24],[0,5],[-1,8],[0,2],[-1,13],[-1,13],[-1,6],[-16,69],[0,5],[-3,18],[-3,28],[-5,33],[3,33],[-1,11],[-3,20],[1,11],[4,45],[0,0],[2,8],[11,33],[1,3],[19,54],[14,35],[5,11],[21,54],[22,64],[2,9],[1,0],[10,21],[6,11],[3,6],[3,8],[11,22],[3,25],[11,40],[0,2],[0,4],[-2,28],[-1,6],[-1,2],[-6,14],[-8,11],[-4,4],[-13,18],[-28,41],[-20,35],[-10,18],[-3,4],[-28,42],[-7,11],[-21,29],[-16,22],[-10,22],[-7,14],[-4,19],[-1,11],[-2,31],[-1,5],[-3,26],[-1,4],[-3,27],[-8,22],[-11,26],[-2,6],[-1,2],[-5,31],[-3,13],[-6,39],[-27,-5],[-50,-14],[-29,-32],[-47,-44],[0,0],[-87,-14],[-19,12],[-19,11],[-27,33],[-30,32],[-27,20],[-26,17],[-20,14],[-58,33],[-27,10],[-39,13],[-27,18],[31,27],[34,31],[6,12],[1,0],[16,28],[18,32],[5,8],[6,60],[1,12],[17,20],[10,11],[17,20],[29,35],[7,8],[20,41],[7,14],[7,15],[20,61],[0,1],[17,51],[-18,19],[-37,35],[-5,6],[-7,5],[-34,27],[-14,11],[-14,11],[-22,19],[-14,19],[-13,8],[-16,11],[-18,11],[-5,3],[-14,14],[-11,8],[-25,22],[-12,13],[-18,11],[-9,3],[-10,15],[-14,15],[-5,8],[-2,3],[-12,22],[-11,28],[-10,42],[-7,36],[1,22],[0,8],[0,7],[0,9],[7,22],[13,17],[6,42],[1,25],[-8,36],[-5,17],[-1,3],[-1,4],[-2,8],[-13,19],[-12,9],[-6,4],[-11,4],[-22,8],[-4,3],[-25,12],[-32,17],[-20,12],[-28,12],[-26,12],[-21,11],[-22,24],[-4,4],[-32,42],[-7,12],[-10,15],[-10,15],[-29,47],[-5,8],[-2,4],[-20,33],[-13,16],[-7,10],[-2,2],[-21,24],[-32,33],[-21,25],[-3,2],[-3,4],[-25,19],[-17,10],[-18,10],[-28,16],[-19,9],[-17,8],[-5,3],[-25,18],[-27,21],[-11,8],[-3,2],[-20,13],[-18,12],[-14,7],[-14,21],[-16,40],[-2,5],[-5,13],[-10,23],[-16,29],[-1,3],[-11,18],[-30,44],[-28,32],[3,2],[-16,116],[-1,7],[-1,45],[0,7],[0,3],[0,4],[0,8],[4,40],[-2,43],[0,6],[-3,25],[-16,32],[-3,6],[-11,15],[-22,31],[-15,31],[-1,7],[-10,40],[-6,45],[0,4],[-2,22],[0,0],[-1,10],[-1,5],[-9,71],[0,3],[0,36],[-4,14],[-7,26],[-3,47],[1,8],[1,10],[1,4],[6,43],[1,23],[1,24],[11,48],[0,4],[8,35],[4,12],[1,5],[15,57],[14,38],[8,18],[3,6],[6,12],[4,8],[8,17],[2,5],[15,28],[9,38],[3,10],[2,6],[9,31],[1,15],[0,4],[0,20],[1,30],[0,3],[0,1],[1,3],[4,31],[11,28],[13,42],[1,5],[19,59],[4,24],[5,21],[1,6],[19,34],[14,49],[6,17],[9,26],[3,8],[14,24],[10,17],[8,29],[4,14],[8,31],[5,48],[1,10],[0,42],[-4,21],[-2,7],[-2,15],[-3,11],[-10,41],[-6,33],[-5,21],[-4,21],[-1,4],[0,5],[-1,5],[-5,38],[-2,32],[5,29],[0,0],[8,34],[8,29],[6,27],[1,6],[0,2],[10,29],[2,6],[7,42],[9,59],[3,25],[2,9],[1,2],[3,14],[1,2],[6,12],[8,14],[15,27],[11,21],[2,4],[4,8],[6,17],[1,4],[5,32],[3,18],[7,44],[3,31],[2,15],[7,19],[7,33],[4,10],[14,37],[1,3],[6,25],[9,41],[7,29],[7,38],[0,2],[2,10],[9,46],[9,57],[10,17],[5,11],[2,2],[1,3],[4,8],[2,9],[3,18],[4,27],[0,3],[-4,21],[0,2],[-6,12],[-6,27],[0,28],[-1,21],[0,8],[0,1],[-5,28],[-1,32],[-3,18],[-3,16],[-1,12],[-2,29],[0,23],[0,5],[-1,34],[-5,52],[0,1],[-3,35],[-1,19],[4,37],[0,1],[3,21],[6,41],[1,5],[0,3],[12,57],[10,29],[9,24],[8,21],[25,63],[3,8],[39,90],[2,5],[-1,12],[-2,9],[-4,13],[0,1],[-10,47],[-4,20],[-4,21],[-3,11],[-5,26],[-3,15],[-22,98],[-2,10],[-27,130],[-3,12],[-4,18],[-5,13],[-8,19],[-1,5],[-9,51],[-8,31],[-9,33],[0,3],[-2,4],[-20,65],[-4,13],[-5,16],[-20,71],[-1,2],[-7,12],[-4,6],[-6,10],[-30,52],[-26,61],[-5,12],[-5,15],[-8,19],[-4,11],[-3,7],[-20,33],[-19,30],[-11,43],[-11,31],[-1,2],[-5,14],[-14,19],[0,1],[-5,13],[0,1],[-7,19],[-4,13],[-13,36],[1,35],[4,24],[-2,41],[-2,17],[-2,12],[-1,7],[-2,19],[-11,43],[-8,33],[-8,55],[-11,52],[-1,7],[-4,32],[2,14],[0,3],[2,11],[1,13],[4,37],[21,35],[13,19],[4,6],[15,17],[6,7],[6,7],[32,26],[5,4],[22,16],[20,25],[9,11],[10,20],[7,16],[1,29],[0,11],[0,3],[0,0],[-5,28],[-1,10],[-3,34],[-12,33],[-9,19],[-10,21],[-2,5],[-16,38],[-6,14],[-7,16],[-3,10],[-9,23],[-1,2],[-14,40],[-2,6],[-2,9],[-4,25],[-5,47],[-1,3],[-1,16],[-2,24],[-12,18],[-26,21],[-16,28],[-1,14],[-1,15],[-4,16],[-7,24],[-7,26],[-6,23],[-17,66],[-8,29],[-2,10],[1,5],[3,16],[7,27],[16,68],[0,1],[25,104],[12,51],[5,21],[24,101],[-7,18],[-5,16],[-9,24],[-4,11],[-7,19],[-8,24],[-7,18],[-21,60],[-9,25],[-19,53],[-4,13],[-29,81],[-9,26],[-21,57],[-11,31],[-6,17],[-5,15],[-3,9],[-21,58],[10,26],[19,47],[19,46],[13,32],[6,15],[15,37],[1,3],[33,51],[1,2],[7,10],[9,15],[39,59],[2,3],[37,57],[10,16],[17,26],[85,92],[10,11],[27,29],[7,7],[5,6],[8,9],[13,14],[15,16],[18,19],[48,53],[49,52],[7,13],[1,3],[17,32],[24,45],[7,13],[5,9],[5,9],[46,88],[10,18],[5,10],[12,22],[5,10],[7,13],[20,37],[2,5],[11,20],[0,1],[2,3],[9,17],[12,22],[9,18],[1,2],[3,5],[1,2],[1,2],[-2,20],[-1,7],[-1,15],[-1,10],[0,0],[0,1],[0,5],[-1,3],[0,1],[-1,10],[0,3],[0,1],[-1,6],[0,3],[-2,20],[0,0],[0,8],[0,1],[0,2],[0,0],[-1,7],[0,2],[0,2],[-1,3],[0,2],[0,3],[0,4],[-1,1],[0,1],[0,1],[0,1],[0,1],[0,3],[-1,9],[0,1],[0,1],[0,1],[0,0],[0,0],[0,2],[0,0],[0,2],[-1,1],[0,0],[0,0],[0,1],[0,0],[0,0],[0,0],[0,1],[0,0],[0,1],[0,0],[0,1],[0,0],[0,0],[0,0],[0,1],[0,0],[0,0],[0,0],[0,0],[0,0],[0,0],[0,0],[-205,213],[-87,193],[-32,10],[-51,15],[-201,-35],[-71,-47],[-72,-47],[-9,-13],[-19,-28],[-15,-28],[-2,-4],[-36,-60],[-16,-18],[-30,-34],[-22,-37],[-12,-39],[-19,-38],[-17,-22],[-47,-82],[-24,-47],[-27,-43],[-20,-24],[-28,-38],[-17,-17],[-16,-14],[-21,-23],[-21,-22],[-49,-64],[-24,-40],[-29,-34],[-82,-52],[-40,-29],[-28,-36],[-67,-56],[-57,-47],[-30,-24],[-14,-8],[-32,-26],[-11,-11],[-104,-75],[-98,-57],[-30,-15],[-77,-32],[-33,-4],[-34,25],[-16,12],[-28,23],[-37,22],[-36,13],[-42,18],[-21,3],[-22,0],[-29,-5],[-43,-10],[-36,-34],[-35,-73],[-12,-10],[-5,-1],[-10,13],[-4,3],[-8,13],[-28,60],[-10,18],[-53,96],[-17,26],[-24,22],[-53,39],[-64,37],[-68,30],[-24,13],[-70,33],[-92,27],[-40,7],[-54,-1],[-83,15],[-41,8],[-24,4],[-56,10],[-58,15],[-56,5],[-41,-4],[-55,0],[-56,12],[-38,17],[-20,17],[-28,12],[-32,11],[-46,1],[-71,-26],[-33,-7],[-62,-12],[-78,-4],[-25,-3],[-16,-3],[-24,4],[-55,19],[-15,-18],[-23,-39],[-17,-25],[-22,-25],[-17,-26],[-17,-13],[-18,-23],[-15,-13],[-63,-23],[-14,-6],[-12,-1],[-16,-8],[-20,-14],[-15,-15],[-18,-31],[-15,-39],[-11,-38],[-16,-25],[-22,-22],[-58,-50],[-35,-34],[-46,-39],[-46,-27],[-23,-11],[-29,-9],[-152,-70],[-3,-13],[-96,-12],[-30,-14],[-44,-20],[-27,-12],[-17,-11],[-16,-12],[-36,-37],[-51,-52],[-21,-31],[-21,-25],[-13,-11],[-28,-16],[-33,-6],[-51,-2],[-26,-8],[-53,-24],[-12,-8],[-16,-13],[-22,-24],[-16,-22],[-16,-12],[-18,-8],[-24,-3],[-23,-11],[-26,-22],[-51,-31],[-21,-9],[-16,-5],[-65,-9],[-54,-14],[-26,-9],[-29,-19],[-13,-16],[-24,-36],[-11,-12],[-22,-20],[-21,-13],[-23,-10],[-29,-2],[-14,5],[-23,11],[-17,1],[-14,-4],[-11,-6],[-31,-42],[-19,-21],[-21,-18],[-23,-20],[-32,-43],[-29,-37],[-27,-23],[-19,-6],[-21,5],[-10,7],[-25,28],[-14,12],[-11,6],[-28,11],[-49,29],[-13,12],[-65,71],[-44,54],[-18,39],[-10,15],[-25,23],[-9,11],[-9,6],[-10,13],[-15,31],[-27,46],[-23,30],[-11,16],[-10,20],[-25,33],[-21,15],[-14,3],[-20,-1],[-18,-11],[-43,-27],[-42,-17],[-41,74],[-11,93],[-6,33],[-11,30],[-16,28],[-11,13],[-17,11],[-44,13],[-7,0],[-9,4],[-12,-1],[-45,5],[-42,-2],[-23,-4],[-33,-1],[-57,1],[-9,-1],[-9,2],[-21,6],[-28,-9],[-44,5],[-37,55],[-19,17],[-15,2],[-49,-12],[-17,1],[-22,-14],[-30,4],[-47,24],[-25,-1],[-42,14],[-33,23],[-47,31],[-67,36],[-40,6],[-26,2],[-54,-5],[-14,-2],[-14,-3],[-45,-12],[-26,-10],[-56,-18],[-9,-6],[-17,-5],[-19,-10],[-51,-22],[-15,-9],[-42,-22],[-23,-7],[-31,-14],[-23,-6],[-31,-4],[-21,-6],[-35,-7],[-24,-1],[-21,1],[-37,6],[-61,17],[-53,7],[-156,214],[-150,20],[-347,-40],[-47,6],[-259,294],[-395,12],[-119,44],[-141,52],[-147,54],[-5,2],[-35,-23],[-151,-63],[-146,154],[-87,91],[-27,-38],[-72,39],[-13,106],[-39,-71],[-90,48],[-78,-19],[-99,-119],[-75,-8],[-92,-16],[-75,-168],[3,-46],[-66,-53],[-53,18],[-65,51],[25,278],[-16,58],[31,246],[-32,64],[-29,44],[-56,-2],[-16,83],[-26,28],[-88,-45],[-48,89],[-46,266],[-126,20],[-85,122],[-195,-34],[-112,-125],[-492,123],[-137,-73],[-194,15],[-62,87],[-114,-2],[-332,138],[-484,434],[-104,88],[-133,-23],[-248,22],[-160,-70],[-127,-117],[-64,-10],[-83,83],[-15,31],[81,403],[-12,43],[63,76],[93,222],[0,80],[67,82],[-1,34],[-80,129],[7,97],[-47,99],[-62,23],[-46,17],[-54,21],[157,188],[123,134],[6,47],[-29,272],[18,223],[-42,217],[-46,176],[-46,-24],[-30,0],[-90,156],[-150,162],[-89,100],[-65,37],[-115,-90],[-198,42],[-145,99],[-348,168],[-307,66],[-31,40],[-31,40],[-16,72],[-17,73],[-86,55],[18,281],[64,201],[-5,54],[26,130],[91,70],[52,91],[10,90],[-8,249],[32,80],[-5,135],[36,88],[27,31],[-182,329],[-59,22],[-136,166],[-110,103],[3,91],[-235,76],[-100,-19],[-68,32],[-32,49],[-112,109],[58,91],[310,175],[-1,279],[431,509],[29,392],[-104,73],[-46,68],[-61,18],[-110,13],[-81,95],[148,152],[129,99],[272,49],[82,-1],[121,72],[-170,598],[36,288],[-126,162],[-306,221],[-197,215],[-543,186],[-165,313],[-181,65],[-360,-31],[-91,-142],[-222,109],[-348,-36],[-206,-114],[-122,-44],[-93,26],[15,81],[61,90],[176,231],[46,132],[18,176],[-30,336],[8,270],[-42,199],[24,316],[87,212],[-9,211],[35,91],[162,190],[87,117],[10,109],[-114,120],[-14,66],[-168,291],[-105,50],[-205,428],[-86,100],[-218,94],[-76,184],[-10,148],[-79,56],[-17,197],[12,87],[-32,50],[-51,163],[30,114],[-24,257],[6,231],[-193,413],[-13,28],[51,38],[61,61],[74,-12],[40,18],[39,76],[67,65],[53,94],[201,-16],[64,38],[172,-30],[347,-9],[188,174],[289,143],[139,-10],[481,94],[7,88],[47,82],[-15,221],[107,384],[248,-31],[214,-343],[166,-136],[3,-102],[88,-110],[124,-50],[110,-388],[193,158],[163,-5],[176,-288],[108,-99],[687,-416],[-2,351],[42,81],[42,80],[38,72],[122,234],[4,317],[115,336],[31,41],[16,83],[169,249],[-7,238],[-77,112],[3,117],[15,53],[-3,108],[-42,80],[-109,124],[-111,70],[-182,63],[-38,4],[-61,1],[-58,40],[-76,105],[-105,199],[-125,159],[-55,197],[-9,22],[3,81],[-12,66],[10,132],[179,141],[-53,48],[-83,124],[-102,95],[-146,96],[-243,187],[-46,96],[19,57],[28,31],[27,44],[16,24],[8,20],[7,25],[-4,44],[3,90],[10,57],[5,42],[-1,31],[-10,33],[-14,76],[-19,37],[-7,25],[-4,39],[11,40],[3,44],[-7,32],[-14,26],[-9,38],[-11,48],[-2,42],[-8,46],[10,34],[6,32],[14,43],[7,46],[20,31],[-3,39],[17,64],[5,47],[2,64],[-1,28],[8,40],[13,50],[14,73],[-4,54],[0,55],[-3,53],[0,40],[11,43],[26,51],[31,55],[39,40],[17,16],[61,12],[53,-17],[32,-28],[39,-12],[46,13],[24,2],[94,182],[4,214],[-8,84],[-18,196],[-71,49],[-129,157],[-269,145],[-101,5],[-199,345],[-179,257],[-14,165],[-414,255],[-201,38],[-126,199],[-105,292],[-310,176],[-179,322],[-182,159],[-177,41],[-141,127],[-71,305],[109,211],[-38,295],[-51,95],[-121,138],[258,390],[-86,45],[-53,-16],[-65,10],[-30,7],[-22,5],[-1,0],[-16,4],[-39,5],[-19,2],[-76,-14],[-40,-3],[-69,2],[-22,0],[-27,6],[-5,1],[-8,2],[-24,5],[-58,18],[-45,17],[-3,1],[-21,10],[-26,12],[-57,36],[-9,7],[-31,22],[-39,25],[-48,4],[-12,1],[-28,9],[-2,0],[-40,13],[-19,5],[-64,19],[-64,21],[-60,12],[-39,9],[-40,5],[-24,8],[-19,6],[-19,8],[-19,8],[-36,43],[-37,52],[-10,15],[-36,40],[-35,40],[-24,37],[-8,13],[-20,17],[-32,9],[-57,14],[-30,15],[-23,24],[-21,29],[-16,35],[-24,38],[-30,41],[-27,33],[-19,30],[-4,4],[-19,46],[-16,37],[-26,30],[-20,14],[-26,9],[-34,11],[-42,18],[-22,18],[-17,18],[-14,19],[-70,-18],[-70,-25],[-11,-6],[-34,-18],[-49,-26],[-37,-12],[-41,-12],[-52,-29],[-28,-28],[-17,-6],[-22,-5],[-21,-9],[-27,-20],[-22,-22],[-22,-14],[-34,-14],[-25,-7],[-22,-8],[-13,-7],[-15,-29],[-17,-39],[-31,-40],[-7,-13],[-10,-20],[-20,-30],[-18,-22],[-49,-45],[-29,-33],[-31,-41],[-19,-24],[-2,-4],[-44,-35],[-56,-47],[-22,-15],[-8,-6],[-37,-25],[-2,-2],[-26,-28],[-33,-48],[-24,-35],[-27,-39],[-20,-24],[-22,-21],[-29,4],[-20,9],[-2,1],[-13,6],[-18,9],[-21,1],[-31,-6],[-70,17],[-29,6],[-80,17],[-75,0],[-58,9],[-111,45],[-65,32],[-43,32],[-89,41],[-58,36],[-44,15],[-33,5],[-86,-25],[-42,-6],[-14,-3],[-37,42],[-42,52],[-44,55],[-21,27],[-39,48],[-21,27],[-6,7],[-18,21],[-13,15],[-32,38],[-60,26],[-108,46],[-66,28],[-43,7],[-62,-13],[-39,-5],[-27,0],[-20,-6],[-35,-17],[-20,-9],[-30,5],[-54,38],[-33,12],[-60,7],[-66,5],[-55,-4],[-7,-1],[-61,-14],[-3,0],[-46,-10],[-38,-2],[-32,4],[-77,7],[-53,6],[-8,1],[-12,1],[-21,3],[-1,0],[-26,5],[-17,14],[-36,50],[-13,23],[-71,65],[-17,19],[-43,46],[-14,16],[-44,46],[-47,42],[-26,25],[-41,28],[-23,17],[-41,24],[-18,4],[-33,-28],[-39,-37],[-48,-30],[-16,-8],[-26,-14],[-59,-20],[-43,-11],[-38,-10],[-37,-15],[-34,-29],[-66,-40],[-95,-52],[-186,-85],[-176,-85],[-14,-6],[0,0],[-70,-30],[-43,-14],[-52,0],[-11,2],[-34,5],[-57,33],[-133,104],[-40,35],[-29,20],[-32,32],[-101,102],[-11,11],[-79,71],[-77,53],[-39,26],[-8,13],[-81,129],[-32,51],[-37,58],[-72,113],[-97,71],[-58,42],[-160,116],[-44,-18],[-9,-4],[-133,-62],[-64,-27],[-16,-8],[-54,-29],[-90,-63],[-69,-40],[-145,47],[-45,13],[-86,26],[-51,7],[-40,5],[-33,5],[-69,8],[-38,48],[-8,21],[-22,56],[-24,51],[-7,16],[-11,26],[-17,30],[-8,26],[-4,11],[-6,39],[1,22],[7,15],[3,6],[11,21],[15,28],[11,34],[10,35],[15,35],[10,17],[-1,20],[-3,35],[-1,32],[0,28],[-4,19],[-7,17],[-2,29],[-3,27],[-1,16],[-3,15],[-1,21],[1,11],[1,19],[-2,20],[-3,24],[-2,22],[-10,22],[-1,4],[-14,27],[-3,20],[-11,21],[-5,16],[0,7],[0,8],[4,24],[1,21],[-2,28],[-1,23],[-7,28],[-4,29],[0,39],[5,53],[6,34],[5,24],[5,23],[6,13],[26,30],[17,31],[9,15],[-1,43],[-16,41],[-24,36],[-48,33],[-51,31],[-6,3],[-40,37],[-43,40],[-7,49],[-12,83],[-17,53],[-22,42],[-27,42],[-6,21],[-5,14],[9,11],[-11,9],[-14,11],[-4,4],[-12,12],[-13,9],[7,13],[0,10],[0,4],[-3,10],[-6,14],[-10,19],[-12,18],[-7,24],[-5,9],[-16,21],[-9,5],[-52,23],[-5,3],[-14,10],[-5,14],[-3,32],[0,22],[-9,27],[-26,29],[-17,29],[-13,27],[-5,13],[-4,19],[-11,25],[-11,25],[-7,13],[-16,18],[-14,13],[-17,10],[-11,6],[-22,10],[-24,11],[-20,5],[-10,2],[-22,-1],[-23,-6],[-18,1],[-42,8],[-1,25],[5,15],[14,12],[14,12],[22,19],[26,13],[10,8],[9,8],[22,19],[57,38],[-19,16],[-8,14],[-7,5],[-13,7],[-14,8],[-5,5],[-22,10],[-26,7],[-6,2],[-20,7],[-28,12],[-37,27],[-14,9],[-26,7],[-9,1],[-29,4],[-36,-1],[-35,-6],[-29,-9],[-28,-3],[-11,5],[-19,-4],[-25,-9],[-10,-2],[-20,4],[-13,7],[-1,7],[-7,12],[-1,9],[6,18],[2,43],[0,1],[9,28],[6,18],[3,9],[4,-1],[11,43],[6,28],[-2,28],[2,22],[-6,20],[-2,14],[-7,25],[-13,27],[-5,17],[-6,20],[10,5],[-8,7],[-9,-3],[-40,-57],[-15,-8],[0,-5],[-36,-11],[-40,-23],[-70,-42],[-38,-45],[-43,-39],[-16,-14],[-33,-29],[50,130],[-9,90],[3,108],[-1,35],[-8,44],[-5,26],[-4,55],[14,18],[9,11],[4,67],[-18,64],[-2,31],[-2,21],[-7,86],[-57,37],[22,31],[6,2],[-17,3],[-37,3],[-52,15],[-37,6],[-11,3],[-32,21],[-23,21],[-11,18],[-11,24],[-5,21],[-6,15],[0,8],[-9,28],[-6,14],[-28,45],[-31,32],[-15,14],[-22,19],[-11,15],[-4,3],[-4,3],[-17,14],[-12,10],[-2,2],[-15,10],[-12,6],[-16,9],[-16,8],[-27,22],[-57,59],[-17,18],[-16,22],[-8,9],[-1,1],[-7,8],[-14,15],[-18,20],[-1,1],[-12,12],[-1,2],[-5,6],[-18,27],[-4,6],[-3,4],[-8,13],[-6,11],[-7,14],[-1,2],[-10,23],[-4,9],[-3,2],[-4,0],[-9,-20],[-2,-3],[-2,-7],[-17,-20],[-5,-7],[-14,-24],[-1,-1],[-10,-12],[-28,-18],[-43,-8],[-51,6],[-26,10],[-27,10],[-86,114],[-87,116],[-61,106],[-43,120],[-16,83],[-24,123],[-5,107],[-15,192],[-30,366],[-44,232],[-61,256],[8,29],[54,209],[2,77],[1,170],[-24,73],[-9,40],[4,110],[65,101],[-14,115],[-29,46],[-145,196],[-102,162],[-37,79],[-59,70],[-53,48],[-99,44],[-96,64],[-101,108],[-73,89],[-1,98],[22,73],[60,87],[96,99],[81,77],[170,152],[112,91],[106,117],[116,88],[27,69],[59,164],[108,161],[106,137],[68,97],[135,130],[43,66],[50,74],[63,88],[17,91],[16,106],[28,48],[80,65],[103,92],[108,119],[23,39],[11,49],[16,78],[11,53],[14,80],[4,21],[28,24],[-27,25],[-27,25],[-15,57],[-20,54],[-36,61],[-28,51],[-23,26],[-14,10],[-22,17],[-15,28],[-134,237],[-59,157],[-120,96],[-26,42],[-23,74],[-47,137],[-7,77],[-12,88],[-14,105],[-8,120],[-4,51],[-22,51],[-8,56],[-6,52],[-16,46],[-74,37],[-44,43],[-66,70],[-62,53],[-51,29],[-86,26],[-55,20],[-69,29],[-30,1],[-19,7],[-43,75],[-44,45],[-3,27],[-36,46],[8,25],[16,32],[17,33],[-81,26],[-53,14],[-51,16],[-28,3],[-27,3],[-43,-7],[-45,20],[-64,34],[-61,48],[-86,73],[-67,17],[-76,-3],[-111,23],[-43,18],[-107,30],[-30,50],[7,70],[5,50],[33,105],[2,81],[-49,143],[-17,223],[32,139],[21,166],[2,124],[14,85],[-3,61],[-32,122],[-181,322],[-92,132],[-174,173],[-91,315],[-67,125],[79,57],[29,22],[-30,35],[-38,58],[-26,60],[-5,53],[2,38],[10,70],[7,68],[-1,23],[-15,42],[-35,83],[-31,-22],[-31,24],[-31,19],[-40,26],[-45,27],[-42,23],[15,15],[10,5],[-18,16],[-14,48],[1,40],[8,52],[7,37],[12,34],[-36,2],[-16,51],[-15,29],[36,32],[42,33],[24,15],[23,14],[33,41],[20,53],[12,27],[-3,42],[-2,24],[-28,36],[-25,17],[-39,4],[-20,11],[-22,22],[-27,48],[-7,30],[-1,26],[9,29],[17,18],[24,19],[23,32],[14,52],[11,34],[-4,30],[-10,57],[-12,50],[-12,42],[-6,44],[-20,5],[-21,6],[-27,10],[-19,21],[-7,25],[-24,28],[-44,47],[-28,23],[-29,26],[-15,24],[-5,31],[-15,55],[-13,19],[-68,39],[-80,38],[-97,48],[-15,19],[-53,65],[-108,83],[-100,77],[-77,92],[-22,24],[-52,57],[-65,70],[-56,52],[-119,73],[-222,-115],[-194,35],[-457,-148],[-533,56],[-529,87],[-445,184],[-410,75],[-586,108],[-405,96],[-330,209],[-871,456],[-604,87],[-199,13],[-83,7],[-44,4],[-51,4],[-140,-157],[-56,-34],[-56,-34],[-80,-12],[-315,81],[-187,-125],[-128,-28],[-101,-55],[-173,45],[-93,-103],[-137,25],[-95,-349],[-24,-413],[-58,-139],[-195,-101],[-271,138],[-108,-168],[-205,-71],[-180,-35],[-144,-153],[-85,-14],[-134,37],[-105,1],[-153,94],[-458,-151],[-559,71],[-244,102],[-189,39],[-242,-1],[-218,-23],[-152,-125],[-388,-76],[-99,-107],[-86,-53],[-167,-76],[-75,-18],[-786,621],[-97,405],[-11,368],[-183,130],[-272,606],[-472,-78],[-581,63],[-323,135],[-117,84],[-254,232],[-315,443],[-95,155],[-62,162],[19,160],[-20,165],[-92,150],[-88,80],[-121,49],[-88,64],[-126,65],[-820,-13],[-251,133],[-228,261],[-176,-37],[-176,-37],[-61,12],[-66,-29],[-124,-33],[-142,-30],[-236,-9],[-90,-16],[-75,-16],[-74,-16],[-126,-31],[-46,-11],[-5,5],[-4,4],[-15,15],[-31,30],[-125,158],[-96,135],[-28,79],[-31,117],[-90,168],[-87,120],[-41,44],[-44,40],[-11,9],[-57,27],[-19,9],[-52,32],[-115,70],[-81,36],[-91,43],[-91,43],[-102,16],[-74,-1],[-72,28],[-72,28],[-108,52],[-61,98],[-130,104],[-39,44],[-56,55],[-134,109],[-78,64],[-65,103],[-144,196],[-157,-70],[-182,-62],[-43,28],[-83,18],[-52,3],[-71,-37],[-123,-63],[-58,-2],[-98,32],[-60,29],[-52,24],[-133,9],[-112,-26],[-69,-21],[-200,-103],[-76,9],[-140,62],[-82,45],[-45,29],[-72,24],[-69,20],[-69,15],[-60,21],[-51,27],[-48,31],[-58,59],[-43,47],[-20,16],[-27,5],[-39,4],[-36,9],[-40,-14],[-85,-12],[-240,23],[-45,14],[-136,50],[-40,39],[-40,39],[-27,155],[-35,192],[-35,165],[-42,140],[-3,122],[2,76],[-30,62],[55,134],[80,180],[60,146],[-5,90],[-12,63],[0,96],[-17,84],[13,97],[-20,40],[-9,50],[-6,95],[-6,38],[-5,87],[3,42],[-22,44],[-40,28],[-99,81],[-114,108],[-128,65],[-36,19],[-90,104],[-55,65],[-54,79],[-24,113],[-91,116],[-46,77],[-66,33],[-52,13],[-61,-13],[-58,-15],[-58,6],[-64,0],[-55,-13],[-51,4],[-94,40],[-62,27],[-57,42],[-58,24],[-32,22],[-163,40],[-55,12],[-44,22],[-13,45],[-26,38],[-18,66],[-10,41],[-7,25],[-3,55],[-8,45],[-1,3],[-14,25],[-28,54],[-4,7],[-3,7],[-32,78],[-32,79],[-19,113],[-34,227],[-35,102],[-26,71],[-90,111],[-127,117],[-36,54],[-27,94],[-77,154],[45,296],[-1,337],[10,341],[4,162],[15,229],[14,170],[-5,118],[19,158],[-99,-11],[-146,-44],[-224,-47],[-115,-31],[-114,-31],[-262,-97],[-71,-6],[-60,-15],[-29,-41],[-55,-46],[-82,-72],[-61,-53],[-54,-75],[-18,-53],[-16,-79],[-10,-70],[-24,-55],[-54,-81],[-22,-37],[-34,-43],[-25,-84],[-13,-80],[-13,-56],[-26,-63],[-33,-48],[-32,-39],[-57,-29],[-69,-26],[-111,-18],[-86,-2],[-27,-6],[-51,-8],[-58,-16],[-60,-30],[-34,-33],[-18,-47],[-27,-67],[-29,-89],[-16,-36],[-28,-26],[-42,-25],[-31,-25],[-34,-27],[-32,-14],[-45,-3],[-21,-17],[-18,-36],[-18,-49],[-32,-56],[-36,-50],[-45,-51],[-56,-41],[-73,-57],[-35,-55],[-20,-46],[-21,-51],[-41,-27],[-57,-25],[-80,-30],[-111,-28],[-114,-34],[-56,-16],[-53,-22],[-64,-14],[-49,-9],[-59,-6],[-29,-9],[-78,1],[-84,-2],[-87,0],[-28,-13],[-54,-18],[-84,-20],[-65,-4],[-78,2],[-52,0],[-43,-5],[-44,-19],[-41,-12],[-41,-3],[-44,8],[-43,8],[-29,23],[-33,33],[-29,29],[-31,28],[-38,20],[-18,10],[-7,20],[-7,25],[-7,22],[-22,13],[-27,12],[-28,0],[-37,-1],[-30,-1],[-30,19],[-17,29],[-22,30],[-19,14],[-23,9],[-14,-6],[-17,-15],[-13,-20],[-12,-26],[-13,-37],[-18,-30],[-22,-9],[-37,-20],[-10,-20],[-21,-20],[-23,-14],[-30,-17],[-24,-6],[-24,-2],[-20,7],[-24,15],[-14,7],[-28,-3],[-23,-16],[-15,-21],[-14,-20],[-27,-3],[-41,18],[-52,32],[-51,29],[-44,11],[-27,8],[-32,1],[-10,-13],[-20,-8],[-30,-6],[-36,-5],[-10,-12],[-11,-16],[-27,-5],[-33,12],[-31,11],[-26,7],[-67,7],[-77,10],[-60,14],[-60,7],[-53,1],[-46,10],[-44,25],[-40,34],[-31,38],[-20,45],[-19,21],[-19,10],[-46,8],[-43,1],[-33,8],[-67,21],[-48,18],[-52,23],[-41,10],[-43,7],[-38,0],[-35,-8],[-38,-13],[-53,-9],[-37,-2],[-39,10],[-28,18],[-29,24],[-29,39],[-19,20],[-19,-2],[-39,-14],[-38,-10],[-51,-2],[-32,17],[-24,-1],[-41,7],[-58,19],[-62,27],[-64,36],[-58,33],[-43,30],[-33,38],[-30,40],[-39,26],[-53,37],[-60,37],[-57,22],[-32,21],[-29,31],[-27,40],[-20,23],[-23,13],[-50,7],[-35,-2],[-23,-4],[-18,-11],[-22,-14],[-28,-1],[-41,18],[-30,21],[-22,30],[-22,20],[-30,8],[-49,8],[-53,20],[-46,19],[-44,3],[-42,5],[-43,24],[-26,6],[-23,-5],[-15,-11],[-4,-13],[-13,-16],[-20,-6],[-35,4],[-27,12],[-42,36],[-29,42],[-26,29],[-31,28],[-22,11],[-32,5],[-27,-9],[-44,-13],[-32,-7],[-25,-12],[-76,-35],[-18,-12],[-25,-6],[-21,0],[-12,7],[-38,75],[-18,46],[-17,29],[-18,14],[-17,1],[-26,-5],[-21,5],[-18,18],[-16,14],[-22,-3],[-23,-15],[-26,-11],[-37,-7],[-39,3],[-53,3],[-58,1],[-36,1],[-41,-2],[-41,-12],[-36,-8],[-56,-1],[-43,12],[-63,25],[-18,11],[-45,5],[-48,-9],[-52,-12],[-86,-5],[-31,19],[-47,7],[-33,5],[-52,-15],[-33,-2],[-30,4],[-55,-12],[-20,9],[-17,15],[-22,0],[-20,-9],[-20,-18],[-56,-54],[-40,-3],[-45,-1],[-45,1],[-55,14],[-45,14],[-25,19],[-18,7],[-22,-10],[-66,-37],[-39,-33],[-74,-61],[-66,-49],[-56,-47],[-28,-60],[-19,-26],[-16,-27],[-21,-24],[-29,-13],[-28,-18],[-6,-24],[-3,-21],[1,-18],[-8,-23],[-22,-33],[-35,-47],[-29,-35],[-45,-37],[-15,-26],[-11,-46],[-24,-34],[-23,-18],[-178,-124],[-61,13],[-41,22],[-54,41],[-39,49],[-39,34],[-65,17],[-43,9],[-40,-6],[-143,-39],[-58,1],[-55,11],[-55,17],[-32,-5],[-54,-11],[-60,18],[-78,30],[-39,16],[-89,32],[-102,13],[-71,1],[-60,-14],[-69,-39],[-63,-59],[-68,-36],[-81,-27],[-80,-13],[-121,-4],[-96,-12],[-156,-44],[-94,-35],[-72,-34],[-119,-62],[-115,-41],[-117,-39],[-104,-44],[-221,-81],[-187,-61],[-118,-39],[-108,-20],[-107,20],[-70,6],[-114,-7],[-91,-14],[-74,-26],[-66,-57],[-92,-56],[-92,-40],[-89,-22],[-72,-9],[-194,4],[-126,-20],[-149,-69],[-344,-132],[-122,-43],[-117,-33],[-108,-16],[-64,-10],[-146,-29],[-129,-34],[-241,-35],[-129,7],[-205,32],[-99,34],[-2,0],[-10,-1],[-45,-5],[-21,-3],[-165,-29],[-23,-2],[-74,-6],[-292,-19],[-135,3],[-185,-48],[-160,2],[-77,-11],[-51,-7],[-55,21],[-583,-22],[-583,-22],[-439,-48],[-46,15],[-40,30],[-63,18],[-29,25],[-369,-62],[-487,16],[-16,15],[-102,104],[-105,48],[-127,51],[-50,8],[-68,-6],[-312,-184],[-384,-124],[-188,258],[-276,-167],[-72,-38],[-126,-41],[-79,-12],[-125,58],[-231,153],[-78,59],[-90,38],[-147,31],[-157,37],[-181,62],[-176,82],[-161,110],[-128,87],[-261,144],[-65,68],[-109,110],[-54,18],[-367,104],[-8,3],[-30,8],[-47,-10],[-172,-34],[-73,18],[-182,136],[-31,20],[-31,19],[-129,61],[-14,47],[0,90],[20,199],[20,212],[16,99],[0,42],[-22,58],[-24,90],[-40,74],[-56,74],[-54,55],[-70,48],[-141,127],[-137,58],[-140,44],[-124,1],[-92,22],[-31,99],[-36,82],[-118,164],[-66,131],[-56,180],[-62,117],[-66,205],[-73,325],[-1088,81],[-835,784],[-394,370],[-437,407],[-124,98],[-140,127],[-157,204],[-107,96],[-130,48],[-45,37],[-77,125],[-124,157],[-145,-140],[-12,-82],[-8,49],[-12,42],[-20,54],[-43,76],[-18,34],[-33,18],[-26,0],[-38,-19],[-22,-21],[-14,-13],[-8,22],[-1,74],[-12,76],[-27,45],[-32,24],[-38,28],[-49,22],[-56,25],[-54,-1],[-63,12],[-29,60],[-68,81],[-37,85],[1,0],[81,27],[523,171],[8,3],[383,131],[213,65],[160,42],[32,131],[-5,81],[-32,88],[-25,58],[-39,56],[-113,55],[-38,34],[-39,34],[-20,41],[-21,41],[-13,19],[-1,1],[-33,52],[-44,80],[-30,30],[-53,73],[-26,34],[-29,20],[-14,15],[-14,14],[-22,31],[-42,51],[-39,53],[-32,45],[-24,36],[-39,70],[-27,51],[-9,26],[-26,62],[-45,91],[-232,-7],[-204,-4],[-90,-3],[-89,-2],[-151,-4],[-240,-8],[-84,0],[-147,4],[-245,-12],[7,119],[1,19],[-6,42],[-2,4],[-5,13],[-12,22],[-14,25],[-27,43],[-5,9],[-19,15],[-21,1],[-27,12],[-36,22],[-39,24],[-20,17],[-17,21],[-29,30],[-28,35],[-23,13],[-47,18],[-18,18],[-7,10],[-11,11],[-13,2],[-16,-2],[-18,-9],[-18,-10],[-13,-10],[-26,-19],[-48,-9],[-39,6],[-95,53],[-46,8],[-15,1],[-33,11],[-20,13],[-32,26],[-25,21],[-16,15],[-24,31],[-36,76],[-94,116],[-119,173],[-76,110],[-48,75],[-21,33],[-20,33],[-19,22],[-336,164],[84,248],[13,37],[2,34],[5,55],[8,120],[32,79],[2,7],[23,82],[46,102],[5,36],[16,119],[-36,209],[-12,71],[-103,513],[-14,74],[-10,256],[-26,139],[-27,139],[-27,54],[-157,310],[-56,284],[-56,284],[-75,294],[-66,272],[-55,258],[-65,229],[4,181],[-17,248],[-132,0],[-94,-1],[-30,54],[-53,97],[-43,71],[-54,56],[-48,49],[-37,11],[-88,15],[-57,9],[-72,11],[-70,7],[-83,5],[-86,2],[-95,-1],[-59,-3],[-31,7],[-20,29],[-48,44],[-66,58],[-34,47],[-47,38],[-31,31],[-17,56],[-29,84],[-23,72],[-13,48],[1,46],[-9,48],[-15,28],[-55,31],[-44,22],[-57,25],[-41,15],[-115,13],[26,27],[64,75],[94,78],[40,33],[52,41],[54,87],[131,181],[54,84],[27,65],[20,63],[18,41],[9,56],[-10,45],[-11,46],[1,32],[18,24],[15,25],[21,33],[17,52],[14,47],[3,27],[-11,50],[-15,48],[-45,61],[-27,46],[-26,43],[-39,58],[-35,41],[-12,44],[-35,71],[-38,58],[-44,49],[-32,41],[-22,40],[-32,46],[-37,38],[-31,35],[-23,34],[-25,41],[-15,36],[-11,52],[14,73],[21,38],[30,22],[43,32],[13,21],[-9,48],[-19,60],[-17,62],[-13,61],[-18,42],[-22,48],[-15,48],[14,44],[52,27],[49,41],[41,56],[48,53],[70,67],[75,81],[68,99],[3,53],[-21,58],[-26,81],[-20,39],[-36,38],[-11,40],[-15,69],[-13,36],[-28,34],[-30,47],[-5,34],[2,41],[29,66],[16,57],[-3,44],[-18,59],[-9,84],[-7,55],[-35,65],[-36,36],[-61,73],[-33,43],[-46,91],[-19,65],[-10,85],[-2,62],[8,43],[0,91],[-15,57],[31,98],[20,54],[21,54],[11,73],[20,85],[4,9],[14,31],[10,20],[41,35],[18,35],[11,23],[-180,11],[-63,4],[-91,-19],[-78,-5],[-7,-1],[-43,-1],[-47,-2],[-106,3],[-156,31],[-116,13],[-130,26],[-88,36],[-52,-58],[-66,-72],[-234,-217],[-132,-98],[-52,-27],[-51,-28],[-135,-48],[-149,-46],[-88,-26],[-119,-48],[-72,-21],[-55,-61],[-95,-64],[-82,-45],[-101,7],[-109,17],[-106,17],[-116,5],[-109,-19],[-53,-36],[-52,-56],[-48,-59],[-32,-97],[-111,-54],[-191,-55],[-107,-28],[-144,-78],[-153,-105],[-119,-116],[-140,-103],[-148,-170],[-179,-161],[-140,-133],[-144,-54],[-93,-23],[-156,-3],[-141,2],[-137,-52],[-127,-75],[-109,-62],[-102,-33],[-58,20],[-230,141],[-75,55],[-22,16],[-124,115],[-127,167],[-113,93],[-90,40],[-108,-8],[-99,-4],[-59,53],[-90,56],[-148,95],[-54,56],[-126,79],[-29,17],[-87,51],[-38,4],[-5,-24],[-5,-17],[-2,-11],[0,-41],[-1,-36],[-28,-7],[-41,16],[-32,13],[-91,1],[-66,11],[-27,-18],[-8,-77],[-7,-61],[9,-56],[19,-34],[46,-20],[1,-24],[-27,-25],[-39,-18],[-86,-42],[-94,-27],[-71,-41],[-41,1],[-34,3],[-2,-17],[-1,-18],[-150,-69],[-17,-8],[-309,-140],[-35,-4],[-69,44],[-80,47],[-87,67],[-64,79],[-92,87],[-54,63],[-46,76],[-17,43],[-7,18],[-10,38],[-14,50],[0,1],[-9,33],[-21,82],[-2,8],[-16,108],[-59,70],[-120,86],[-131,40],[-171,8],[-223,66],[-53,-5],[-97,-73],[-65,-23],[-104,5],[-99,31],[-94,43],[-29,24],[15,28],[64,134],[53,134],[-10,56],[-12,38],[71,142],[-14,51],[-49,127],[-27,65],[-34,52],[-53,43],[-68,16],[-75,-5],[-57,-1],[-48,17],[-47,23],[-35,-3],[-36,-11],[-43,-21],[-55,-3],[-52,11],[-39,17],[-35,18],[-41,-2],[-23,-12],[-11,-44],[-11,-57],[-13,-64],[-9,-56],[-35,-22],[-55,11],[-24,31],[-42,39],[-44,18],[-29,11],[-92,165],[63,49],[50,56],[19,41],[150,73],[-23,155],[8,66],[13,89],[-36,18],[-121,24],[-123,57],[-73,56],[-71,81],[-50,79],[-8,129],[46,106],[-34,56],[-121,51],[-112,-131],[-49,-29],[-118,-7],[-17,-53],[-54,-122],[-47,-119],[-2,-113],[63,-32],[0,-110],[94,-156],[-104,-164],[-83,-169],[-55,-134],[-89,-106],[-130,-112],[-80,-64],[-263,-10],[-190,-7],[-189,-4],[-136,61],[-150,86],[-226,74],[-108,90],[4,114],[25,131],[7,141],[-82,48],[-73,182],[-52,101],[-100,18],[-113,64],[-144,183],[-106,166],[-33,138],[-20,116],[-35,164],[-45,132],[-72,69],[-71,2],[-129,38],[-125,62],[-120,81],[-159,74],[-99,154],[-36,53],[-51,90],[-44,111],[-34,83],[-33,121],[-25,100],[-32,136],[-60,79],[-42,78],[-49,112],[-127,186],[-120,188],[-39,62],[-115,150],[-10,38],[102,75],[106,70],[23,23],[70,69],[67,66],[68,113],[5,24],[14,73],[-3,31],[-3,31],[17,77],[10,59],[10,58],[3,98],[-10,88],[-17,74],[-10,74],[-5,121],[-1,95],[-28,126],[-11,94],[-11,107],[-6,99],[-30,66],[-32,85],[-8,65],[-13,90],[-35,108],[-35,136],[-39,118],[-2,8],[-15,40],[-23,64],[-53,104],[-63,116],[-7,11],[-18,45],[-12,32],[-7,25],[-10,27],[-10,27],[-8,73],[-4,26],[-8,62],[-29,64],[-18,74],[-4,90],[20,98],[11,111],[3,63],[-10,62],[-30,44],[-44,64],[-52,66],[-91,82],[-65,64],[-47,52],[-85,20],[-60,6],[-120,30],[-26,85],[-3,89],[10,71],[36,102],[39,114],[4,57],[5,57],[19,90],[-19,36],[-66,83],[-65,104],[-69,81],[-50,71],[-39,159],[-41,183],[-50,114],[-76,81],[-86,89],[-43,75],[45,128],[142,275],[-21,48],[-14,66],[3,80],[10,115],[10,78],[-24,57],[-8,51],[-2,81],[2,86],[-22,116],[-16,94],[21,103],[58,154],[42,99],[-11,62],[-10,58],[12,35],[67,14],[55,5],[121,30],[99,97],[32,88],[13,169],[24,127],[67,169],[51,59],[2,108],[12,108],[8,102],[53,25],[49,35],[22,83],[34,92],[-24,102],[-17,102],[-2,85],[22,94],[37,95],[42,115],[18,100],[19,101],[80,221],[25,30],[36,43],[-173,-38],[-27,-6],[-102,214],[-115,191],[-27,44],[3,33],[10,137],[6,85],[-135,232],[-180,373],[-305,28],[-426,52],[-337,91],[-221,20],[-247,-107],[-274,-111],[-406,-151],[-378,-70],[-217,3],[-130,34],[-62,26],[-117,155],[-62,110],[-46,124],[-39,134],[-12,44],[-202,106],[-210,57],[-100,-85],[-132,-323],[-132,-332],[-108,-14],[-165,33],[-159,-29],[-145,-72],[-197,-67],[-116,14],[-34,36],[-49,38],[-85,101],[-102,44],[-109,-54],[-64,-37],[-57,-2],[-96,12],[-40,27],[-51,43],[-123,105],[-71,95],[-7,9],[-33,99],[-38,133],[-102,51],[-103,51],[-47,33],[-34,23],[-105,74],[-15,196],[13,288],[1,38],[23,535],[-96,273],[-63,69],[-181,-82],[-253,-118],[-108,3],[-108,-47],[-88,-86],[-103,6],[-79,37],[-184,28],[-175,12],[-248,33],[-124,214],[-204,289],[-253,170],[-54,109],[9,115],[41,64],[39,177],[-11,175],[-11,152],[-20,209],[11,288],[16,321],[27,99],[1,74],[-18,85],[16,68],[57,157],[46,54],[13,59],[-72,114],[-22,81],[2,61],[-45,71],[-66,69],[-57,35],[-70,54],[-54,62],[-18,20],[-62,17],[-34,12],[-34,11],[-56,10],[-70,-2],[-55,-14],[-88,-42],[-63,-54],[-80,-87],[-98,-88],[-73,-78],[-77,-57],[-80,-64],[-108,-23],[-187,-15],[-90,46],[13,90],[16,91],[34,70],[35,55],[70,56],[173,134],[235,179],[-1,76],[35,51],[32,33],[1,34],[-26,21],[-58,-24],[-91,-21],[-171,-31],[-209,-35],[-42,-7],[-193,-48],[-20,198],[-16,139],[-42,-27],[-81,-133],[-105,-205],[1,-115],[17,-64],[-9,-112],[-8,-83],[-404,127],[-202,76],[-405,117],[-48,-59],[-77,-77],[-105,-72],[-93,-63],[-61,-34],[-55,-86],[-60,-78],[-88,-214],[-52,91],[-39,103],[-88,62],[-41,173],[-22,179],[-7,158],[27,154],[-1,79],[-73,20],[-197,-36],[-224,-84],[-156,-28],[-134,-13],[-114,-30],[-108,46],[-54,87],[-81,68],[-94,313],[-58,130],[4,50],[4,54],[-2,78],[-272,8],[-317,23],[-353,78],[-665,185],[-28,30],[24,31],[43,36],[82,40],[33,22],[20,24],[-3,13],[6,28],[5,35],[-3,15],[14,16],[31,14],[13,19],[9,32],[-72,-13],[-44,8],[-69,30],[-20,37],[-47,80],[-34,84],[-31,76],[-15,55],[-1,29],[-2,31],[-5,43],[-32,70],[-31,53],[-25,48],[-4,43],[8,25],[15,79],[12,55],[3,43],[7,80],[16,175],[10,137],[11,118],[-24,2],[-42,3],[-64,0],[-74,-3],[-66,0],[-92,1],[-139,-9],[-50,-5],[-1,-31],[-9,-119],[-16,-192],[-2,-69],[82,-241],[-20,-132],[-24,-63],[-46,-115],[-47,-77],[-58,-80],[-92,-127],[-57,-121],[-31,-91],[-17,-76],[3,-42],[14,-59],[9,-117],[11,-134],[-12,-80],[-39,-95],[-33,-51],[-46,-42],[-60,-38],[-33,-44],[-59,-88],[-97,-110],[-109,-122],[-98,-97],[-73,-52],[-160,-88],[-82,-43],[-46,-50],[-40,-67],[-85,-152],[-62,-92],[-20,-81],[-21,-102],[-9,-126],[-8,-125],[-10,-147],[-9,-103],[-39,-82],[-36,-52],[-33,-29],[-120,-80],[-98,-81],[-34,-45],[3,-34],[-11,-55],[-12,-49],[-30,-83],[-14,-106],[-17,-87],[-90,-129],[-70,-100],[-72,-63],[-63,-40],[-98,-20],[-104,24],[-88,38],[-99,28],[-75,3],[-122,-51],[-137,-40],[-121,-45],[-111,-91],[-67,-77],[-66,-126],[-37,-81],[-40,-154],[-230,-19],[-686,-56],[-344,-15],[-33,98],[-32,23],[-29,26],[-45,18],[-53,56],[-62,-27],[-97,-50],[-58,-32],[-70,-15],[-39,11],[-92,15],[-81,3],[-102,-4],[-77,-2],[-73,9],[-67,13],[-65,29],[-41,18],[-58,1],[-38,-10],[-48,-20],[-47,-29],[-44,-29],[-85,-65],[-112,-48],[-78,-35],[-69,-37],[-13,-39],[-4,-31],[-44,-7],[-40,-11],[-18,-19],[-28,-38],[-13,-24],[-26,-7],[-22,-19],[-27,-23],[-2,-43],[4,-48],[-3,-36],[-49,-25],[-45,-31],[-29,-28],[-43,14],[-62,20],[-44,12],[-30,-21],[-37,25],[-45,9],[-20,35],[-38,-15],[-28,-5],[-36,8],[-55,-6],[-50,-7],[-14,-26],[-17,-22],[-36,-3],[-44,-2],[-22,-14],[-50,33],[-55,17],[-117,102],[-100,132],[-47,116],[-84,73],[-103,75],[-139,33],[-62,26],[-22,40],[-45,35],[-57,18],[-77,-4],[-83,-9],[-45,4],[-68,11],[-89,37],[-94,28],[-86,18],[-38,-12],[-24,-3],[-27,-12],[-33,15],[-30,15],[-45,13],[-34,9],[-129,20],[-53,23],[-21,9],[-175,63],[-43,20],[-44,1],[-35,-7],[-42,11],[-30,28],[-34,40],[-23,7],[-16,-31],[-11,-29],[-40,-33],[-60,-18],[-46,0],[-46,12],[-18,11],[-14,25],[-49,18],[-57,10],[-50,-18],[-9,-28],[-25,-10],[-27,-2],[-69,39],[-55,39],[-50,45],[-38,20],[-34,-3],[-23,6],[-31,23],[-52,29],[-52,16],[-20,-6],[-24,3],[-10,18],[-25,18],[-34,10],[-80,48],[-23,53],[-46,32],[-77,50],[-88,32],[-103,17],[-101,4],[-41,0],[-50,9],[-99,68],[-93,59],[-74,41],[-235,119],[-39,19],[-33,5],[-22,-7],[-1,52],[15,96],[12,223],[7,124],[-128,5],[-148,2],[-204,1],[-155,1],[-341,9],[-239,9],[-229,8],[-285,9],[-249,13],[-224,10],[-89,1],[-149,9],[-243,17],[-220,10],[-253,11],[5,33],[12,32],[32,72],[19,46],[23,43],[17,27],[61,70],[66,79],[101,121],[88,99],[38,53],[14,30],[11,63],[16,80],[25,102],[19,83],[26,99],[2,8],[37,80],[59,74],[33,45],[32,46],[58,61],[79,66],[103,74],[24,40],[44,89],[54,105],[27,73],[38,65],[16,73],[21,97],[22,98],[7,64],[30,46],[37,116],[16,47],[7,29],[8,21],[18,12],[23,15],[28,16],[44,19],[35,17],[15,19],[32,38],[41,50],[20,37],[33,43],[42,46],[27,43],[49,64],[143,172],[154,204],[149,203],[198,301],[33,35],[28,38],[134,175],[127,178],[88,112],[91,159],[89,168],[67,121],[24,54],[13,64],[-2,89],[7,44],[12,41],[13,21],[32,61],[-5,24],[-3,45],[-4,27],[-10,20],[-10,8],[-23,9],[-26,-1],[-30,4],[-19,4],[-27,25],[-7,20],[-4,36],[-2,35],[1,42],[-8,24],[-5,25],[5,25],[7,53],[-1,50],[-13,59],[-17,43],[-21,39],[-40,51],[-61,75],[-44,54],[-11,16],[-33,36],[-27,20],[-48,-33],[-45,52],[-11,0],[-33,-14],[13,45],[26,36],[-24,83],[-14,6],[-94,38],[-101,34],[-116,41],[-62,22],[-56,25],[-37,21],[-127,81],[-108,70],[-58,41],[-65,42],[-46,32],[-41,41],[-48,48],[-36,30],[-46,30],[-47,33],[-48,32],[-26,11],[-46,5],[-56,13],[-51,3],[-105,-4],[-84,26],[-70,14],[-74,22],[-69,18],[-34,18],[-45,16],[-41,25],[-40,30],[-60,34],[-93,45],[-118,49],[-50,25],[-24,18],[-68,56],[-81,70],[-83,69],[-93,72],[-39,31],[-85,66],[-110,84],[-23,18],[-41,28],[-53,36],[-72,49],[-78,51],[-76,51],[-37,29],[-30,31],[-33,43],[-45,60],[-26,22],[-29,10],[-22,-1],[-35,-4],[-32,-10],[-40,1],[-91,39],[-75,30],[-99,27],[-99,39],[-31,17],[-195,-396],[-72,-146],[-88,-148],[-138,-197],[-102,-309],[-7,-18],[-5,-10],[-166,-172],[-55,-34],[-250,-148],[-205,-119],[-326,-177],[-206,-107],[-75,1],[-85,1],[-147,-2],[-133,-3],[-98,-46],[-24,-15],[-147,14],[-65,-43],[-125,-44],[-27,-9],[-38,-2],[-53,6],[-85,27],[-68,23],[-23,1],[-38,-4],[-38,1],[-118,-10],[-38,-4],[-46,-20],[-63,-52],[-71,-60],[-128,-123],[-88,-83],[-64,-54],[-291,-225],[-170,-134],[-154,-124],[-85,-57],[-99,-65],[-48,-26],[-34,-13],[-76,-2],[-62,-2],[-54,-2],[-58,-16],[-127,-37],[-74,-25],[-50,-23],[-87,-58],[-124,-85],[-117,-96],[-128,-111],[-50,-46],[-20,-28],[-12,-35],[-12,-38],[-15,-30],[-59,-9],[-241,-14],[-116,-5],[-33,-5],[-27,-10],[-40,-31],[-30,-30],[-30,-36],[-56,-72],[-24,-25],[-31,-21],[-19,-31],[-14,-34],[-10,-38],[-8,-27],[-14,-12],[-76,-17],[-41,-10],[-39,-7],[-44,-2],[-43,3],[-22,-1],[-35,-11],[-42,-13],[-47,-17],[-58,-11],[-99,-7],[-241,-2],[-107,2],[-91,-16],[-142,-38],[-68,-16],[-123,-16],[-76,-8],[-189,-23],[-230,-20],[-190,-16],[-228,-16],[-148,-8],[-118,1],[-84,0],[-34,-1],[-32,-8],[-59,-16],[-67,-7],[-56,8],[-46,24],[-63,40],[-69,56],[-62,47],[-108,83],[-84,62],[-51,40],[-27,6],[-29,4],[-37,16],[-37,25],[-41,38],[-85,73],[-45,35],[-37,23],[-45,27],[-26,18],[-33,37],[-27,38],[-27,21],[-49,30],[-86,56],[-53,15],[-120,5],[-59,3],[-42,23],[-45,34],[-36,19],[-83,11],[-91,14],[-89,33],[-204,71],[-26,29],[-28,19],[-50,9],[-100,22],[-62,26],[-114,62],[-90,52],[-57,43],[-118,108],[-196,81],[-106,30],[-114,11],[-132,-7],[-99,-1],[-123,12],[-93,-8],[-96,-17],[-153,-51],[-53,-16],[-92,-25],[-106,-18],[-120,-8],[-152,-6],[-102,-10],[-74,-11],[-86,-30],[-61,-24],[-146,-111],[-94,-76],[-112,-90],[-70,-15],[-112,8],[-62,-13],[-62,-12],[-145,-43],[-207,-63],[-33,99],[-59,180],[-121,367],[-13,30],[-81,-12],[-202,-78],[-109,-21],[-109,-21],[-119,-102],[-61,-14],[-144,-14],[-23,-3],[-44,-15],[-34,-13],[-66,-36],[-84,-45],[-169,-89],[-206,-145],[-42,-82],[-31,-45],[-31,-26],[-25,-26],[-35,-39],[-27,-19],[-46,97],[-35,69],[-34,69],[-116,-72],[-171,-111],[-374,-35],[-61,81],[-20,22],[-21,22],[-12,-7],[-138,-39],[-4,-1],[-47,-3],[-48,-4],[-238,69],[-20,5],[-251,13],[-126,45],[-84,90],[-57,76],[-35,83],[-75,121],[-182,132],[-86,52],[-144,98],[-87,82],[-48,80],[-43,40],[-42,23],[-64,12],[-65,-13],[-75,-20],[-64,-27],[-68,-31],[-66,-31],[-48,-11],[-83,-8],[-94,7],[-70,5],[-84,-7],[-109,-10],[-86,-14],[-39,-7],[-56,11],[-92,30],[-73,5],[-102,5],[-83,7],[-84,4],[-47,-1],[-58,-21],[-74,-38],[-99,-55],[-39,-23],[-52,-15],[-65,-13],[-54,-1],[-58,3],[-64,16],[-61,40],[-47,55],[-42,51],[-39,30],[-37,15],[-56,11],[-57,3],[-82,1],[-70,0],[-81,-18],[-55,-29],[-53,-67],[-31,-51],[-51,-70],[-48,-46],[-72,-31],[-93,-30],[-49,-20],[-40,-22],[-41,-9],[-88,-6],[-123,16],[-162,21],[-100,11],[-80,13],[-82,-1],[-81,-10],[-59,-4],[-66,24],[-77,62],[-35,53],[-15,49],[-9,49],[-15,48],[-59,52],[-81,26],[-170,139],[-32,2],[-66,-13],[-76,-25],[-38,-34],[-296,-450],[-138,-196],[-35,-35],[-104,-95],[-49,-62],[-67,-137],[-299,-640],[-40,-85],[-38,-50],[-228,-116],[-71,-66],[-182,-248],[-11,-15],[-76,-284],[-133,-159],[-63,-39],[-174,-109],[-651,-404],[-57,-13],[-154,53],[-63,7],[-66,-14],[-253,-139],[-75,-33],[-359,-72],[-57,-6],[-53,2],[-125,36],[-203,74],[-59,33],[-60,49],[-45,42],[-176,184],[-25,24],[-72,31],[-158,51],[-114,23],[-296,29],[-51,-1],[-69,-7],[-169,-30],[-149,-34],[-165,-36],[-116,-14],[-59,-4],[-27,4],[-74,38],[-267,211],[-212,180],[-46,7],[-83,-9],[-146,-20],[-20,-1],[-159,38],[-265,82],[-52,1],[-89,14],[-86,-12],[-342,-63],[-42,-10],[-32,-12],[-23,-16],[-168,-191],[-25,-41],[-29,-77],[-9,-39],[-2,-63],[16,-135],[0,-59],[-22,-86],[-122,-189],[-29,-55],[-28,-55],[-67,-161],[-52,-190],[-18,-66],[-16,-57],[-17,-59],[-24,-58],[-29,-42],[-29,-32],[-38,-31],[-59,-29],[-120,-35],[-70,-13],[35,-210],[-19,-184],[-27,-122],[-6,-51],[1,-24],[6,-31],[19,-71],[32,-92],[85,-204],[35,-114],[-4,-28],[-18,-26],[-68,-15],[-21,-20],[-29,-35],[-10,-34],[-7,-24],[-3,-64],[11,-55],[20,-72],[17,-45],[20,-30],[29,-37],[25,-13],[50,-16],[75,-6],[52,9],[102,54],[43,20],[41,8],[53,-2],[35,-12],[35,-28],[11,-34],[-8,-51],[-20,-69],[-25,-48],[-76,-66],[-72,-66],[-55,-55],[42,-17],[42,-19],[17,-13],[83,7],[85,16],[68,-9],[45,-20],[65,-45],[1,1],[55,-27],[67,-23],[51,-31],[49,-60],[43,-72],[47,-51],[-14,-46],[-76,-88],[-56,-87],[-40,-43],[-37,1],[-40,19],[-39,30],[-29,43],[-35,50],[-36,67],[-39,48],[-41,13],[-31,-6],[-68,-17],[-102,-39],[-93,-45],[12,-7],[26,-25],[51,-31],[29,-1],[56,-10],[58,-27],[6,-20],[-2,-22],[-7,-33],[-18,-43],[-15,-72],[-2,-50],[16,-78],[13,-49],[59,-131],[54,-102],[-86,110],[-55,67],[-185,247],[-13,-10],[-294,-313],[-53,-57],[-35,-37],[-35,-37],[-120,-128],[-61,-64],[159,-209],[112,-144],[90,-112],[100,-136],[114,-164],[89,-119],[76,-107],[30,-49],[13,-40],[10,-30],[4,-20],[2,-15],[2,-22],[2,-25],[2,-40],[2,-36],[0,-10],[1,-46],[2,-115],[3,-125],[2,-92],[2,-65],[1,-97],[0,-22],[-9,-9],[-4,-183],[-4,-166],[6,-101],[9,-145],[11,-109],[5,-126],[-9,-106],[-7,-112],[-14,-163],[-20,-131],[-14,3],[-416,106],[-891,235],[-190,49],[-172,45],[54,-292],[10,-82],[-37,10],[-81,12],[-271,36],[-233,31],[-116,897],[-208,1618],[-75,699],[-195,-25],[-52,407],[-72,484],[-28,191],[-38,234],[-13,96],[-10,56],[-13,44],[-9,11],[-21,25],[-34,27],[-115,74],[-165,108],[-178,126],[-74,54],[-29,13],[-221,12],[-466,110],[76,782],[12,82],[-443,111],[-180,46],[-53,8],[-5,-90],[-34,-584],[-216,23],[-177,20],[-98,10],[-24,11],[-182,95],[-119,57],[-46,15],[-158,39],[64,1504],[8,178],[-315,83],[14,98],[7,186],[6,163],[5,92],[17,140],[27,192],[15,124],[6,114],[-37,44],[-55,47],[-64,47],[-54,33],[-29,13],[-49,7],[-37,1],[-23,-8],[-33,-21],[-14,-17],[-10,-19],[-5,-20],[-22,-92],[-23,-80],[-13,-24],[-24,-13],[-32,-12],[-39,-10],[-20,0],[-24,4],[-12,13],[-12,16],[-8,15],[-4,14],[-2,16],[0,26],[1,36],[-6,44],[-16,60],[-15,59],[-12,42],[-6,34],[3,41],[8,28],[10,14],[20,22],[27,26],[27,36],[14,32],[0,29],[0,19],[-13,31],[-15,29],[-13,27],[-23,40],[-32,60],[-14,35],[-6,26],[-13,66],[-10,40],[-14,29],[-14,27],[-15,26],[-19,25],[-11,9],[-20,12],[-12,9],[-24,19],[-23,24],[-18,15],[-52,24],[-42,18],[-91,48],[-34,17],[-34,18],[-41,22],[-31,12],[-25,7],[-26,5],[-29,6],[-38,9],[-15,1],[-5,-4],[-58,-87],[-178,-258],[-120,-169],[-73,-101],[-70,-99],[-61,-90],[-10,-20],[-16,-51],[-21,-76],[-18,-70],[-25,-56],[-26,-46],[-47,-77],[-48,-74],[-28,-34],[-214,-181],[-147,-118],[-57,-33],[-28,-19],[-25,-19],[-38,-14],[-38,0],[-233,32],[-182,24],[-18,20],[-152,200],[44,17],[60,25],[109,46],[66,35],[21,55],[0,81],[-14,61],[-36,63],[-52,22],[-153,54],[-133,63],[-99,73],[-98,73],[-77,91],[-71,58],[-90,75],[-49,54],[-63,73],[-66,103],[-84,137],[-73,81],[-53,27],[-44,17],[-96,32],[-168,62],[-201,73],[-100,39],[-262,-388],[-120,90],[-151,123],[-127,105],[-218,-246],[-343,-366],[154,-123],[510,-390],[494,643],[225,-170],[477,-370],[277,-214],[1,-287],[-89,10],[-187,24],[-199,23],[-26,4],[-31,7],[-40,10],[-39,8],[-23,1],[-83,-1],[-91,-2],[-45,0],[-38,-1],[-88,0],[-55,-1],[-66,-2],[-50,-1],[-58,0],[-26,-2],[-29,-7],[-87,-20],[-162,-34],[-93,-21],[-93,-20],[-154,-32],[-213,-49],[-228,-51],[-163,-33],[-67,-9],[-18,-2],[-89,-12],[-7,0],[-106,-1],[-196,-3],[-212,-3],[-292,-6],[-21,10]],[[126388,505828],[0,1],[135,171],[279,353],[137,190],[140,188],[140,189],[249,236],[310,203],[27,34],[98,926],[1,10],[4,94],[-3,24],[-271,-78],[-55,-8],[-67,-3],[-121,18],[-44,13],[-27,0],[-28,3],[-36,-7],[-121,-55],[-53,-37],[-52,-29],[-69,-13],[-69,-2],[-88,14],[-118,14],[-88,22],[-77,26],[-40,26],[-28,36],[-18,47],[-10,65],[-21,85],[-23,38],[-36,75],[-33,53],[-35,38],[-69,31],[-73,37],[-52,22],[-33,41],[-34,47],[-43,90],[-44,117],[-36,101],[-44,123],[-49,93],[-32,95],[-44,99],[-23,42],[-24,49],[-20,44],[-43,73],[-26,34],[-44,59],[-93,82],[-65,57],[-55,45],[-23,16],[-37,68],[-30,60],[-25,129],[-22,88],[-13,52],[-6,52],[6,34],[10,33],[25,43],[44,47],[28,28],[20,35],[9,19],[8,27],[9,35],[-10,36],[-31,63],[-29,41],[-65,81],[-35,60],[-24,42],[-28,57],[-14,78],[-70,119],[-21,48],[-13,46],[-7,38],[-2,18],[-1,43],[0,40],[9,36],[12,44],[8,43],[-10,29],[-24,58],[-22,34],[-31,48],[-11,28],[-5,11],[-3,38],[15,60],[46,94],[60,112],[116,271],[31,76],[9,34],[4,66],[-4,40],[-26,32],[9,8],[61,40],[21,19],[27,24],[57,47],[60,4],[97,58],[109,86],[32,16],[25,-14],[127,-84],[90,-66],[239,-154],[218,-141],[246,-168],[153,-96],[153,-101],[178,-123],[171,-113],[193,-127],[85,48],[168,96],[200,108],[183,99],[170,97],[20,12],[218,126],[160,100],[164,105],[163,95],[106,67],[24,16],[100,59],[70,41],[149,84],[58,-135],[92,61],[80,57],[131,54],[55,-55],[51,-144],[59,-40],[57,-12],[53,-8],[141,25],[57,-31],[26,-39],[26,-131],[24,-44],[58,-63],[145,-66],[90,-15],[118,20],[52,8],[64,-25],[120,-94],[87,-123],[76,-143],[75,-125],[87,-121],[107,-106],[76,-104],[42,-126],[43,-52],[68,-34],[91,-4],[105,39],[86,79],[88,37],[48,0],[136,174],[61,230],[28,56],[60,264],[91,261],[70,227],[6,10],[5,13],[21,12],[21,17],[19,36],[20,33],[59,82],[45,58],[36,34],[47,38],[44,49],[17,21],[23,21],[59,48],[21,12],[36,9],[39,7],[33,13],[51,22],[55,18],[31,11],[68,5],[34,-5],[29,12],[21,15],[41,33],[45,28],[60,36],[11,24],[-8,44],[-6,46],[-18,220],[-10,47],[16,15],[22,11],[18,16],[39,22],[24,14],[59,26],[22,13],[9,17],[6,15],[-21,100],[-78,205],[-32,82],[-19,59],[-23,121],[4,36],[37,43],[95,99],[100,108],[113,110],[54,55],[75,48],[31,30],[-37,30],[-33,25],[1,22],[2,49],[4,94],[7,64],[-14,151],[-25,73],[-45,95],[-2,43],[28,21],[47,0],[59,-3],[68,-3],[102,16],[104,18],[49,6],[50,20],[29,19],[20,23],[35,35],[57,69],[161,76],[91,48],[78,59],[50,44],[15,17],[114,124],[123,124],[159,158],[6,12],[96,114],[96,131],[71,109],[90,107],[62,67],[92,102],[18,156],[16,45],[32,118],[55,225],[-12,213],[-8,127],[10,209],[-38,109],[-20,146],[-40,203],[-32,137],[-8,117],[-2,28],[-3,43],[-11,30],[-5,15],[-30,90],[4,113],[-25,56],[-26,55],[5,115],[-26,36],[-3,49],[7,63],[0,144],[-6,112],[-51,115],[-43,102],[-42,103],[-8,8],[-11,7],[-39,24],[-50,30],[-94,54],[-81,52],[-28,18],[-257,157],[-277,174],[-323,198],[-316,193],[-118,73],[-86,90],[-151,163],[-493,508],[-38,43],[-190,214],[-155,152],[-102,108],[-87,89],[-32,34],[-70,70],[-26,36],[-68,69],[-166,174],[-194,204],[-35,5],[-95,102],[-229,45],[-277,50],[-197,32],[-198,36],[46,245],[-3,30],[-3,18],[-27,120],[-39,144],[-65,229],[-67,223],[-9,33],[94,30],[85,238],[83,230],[58,166],[87,233],[29,73],[63,157],[85,235],[69,213],[101,277],[207,-86],[143,-56],[130,120],[133,117],[137,123],[122,103],[211,164],[226,180],[134,114],[171,123],[171,137],[113,85],[150,140],[76,206],[28,101],[4,121],[12,72],[47,269],[33,136],[57,195],[185,286],[77,98],[8,28],[7,31],[20,39],[19,32],[12,39],[11,31],[5,33],[-11,34],[-30,52],[-38,81],[-37,90],[-13,50],[25,33],[29,45],[27,38],[49,47],[57,80],[26,56],[29,34],[29,29],[27,26],[31,31],[28,41],[19,41],[19,29],[19,27],[45,63],[59,101],[10,31],[-3,74],[-10,80],[-8,71],[-3,50],[-3,72],[25,64],[11,46],[26,62],[6,43],[12,79],[9,38],[-5,57],[7,90],[1,71],[24,80],[50,89],[63,63],[47,39],[45,66],[16,35],[13,47],[8,62],[0,39],[6,53],[8,55],[8,81],[3,56],[-9,110],[-47,98],[-61,99],[39,59],[51,69],[16,27],[15,27],[32,54],[7,22],[16,81],[-14,114],[-8,51],[-3,34],[-2,13],[-28,48],[-21,44],[-52,119],[-8,22],[-26,72],[32,44],[-4,193],[-20,243],[-89,74],[-133,107],[-11,207],[-4,164],[-5,81],[26,100],[42,148],[39,181],[34,124],[17,70],[-24,66],[-31,78],[-60,176],[-19,55],[-11,29],[40,181],[8,48],[13,51],[24,114],[23,121],[13,62],[-79,227],[-27,77],[-6,142],[28,59],[53,116],[25,62],[26,13],[56,36],[96,55],[82,40],[31,52],[7,49],[13,26],[40,12],[88,28],[62,18],[72,23],[63,-8],[115,11],[63,-10],[98,29],[113,-9],[48,-11],[82,-26],[126,-42],[124,52],[76,25],[67,9],[72,161],[19,43],[67,144],[68,123],[31,49],[42,80],[18,49],[23,57],[16,43],[3,43],[3,131],[3,36],[4,167],[-3,183],[116,4],[112,18],[133,20],[101,11],[217,22],[165,114],[69,15],[176,27],[228,166],[84,66],[164,122],[160,152],[151,147],[113,110],[60,56],[51,6],[91,17],[83,13],[186,-6],[57,0],[92,-5],[131,8],[106,6],[63,0],[172,12],[92,-2],[49,-2],[68,-2],[46,-4],[29,17],[28,53],[12,45],[10,41],[2,45],[3,30],[27,18],[116,27],[36,33],[131,104],[78,-11],[112,54],[187,64],[149,28],[169,29],[184,9],[25,157],[229,161],[118,79],[218,68],[139,40],[107,-9],[174,-30],[265,17],[145,17],[23,4],[86,3],[93,77],[80,58],[75,150],[22,76],[1,45],[0,46],[-2,67],[1,65],[-1,41],[0,40],[-1,28],[15,8],[88,51],[15,9],[53,31],[13,7],[33,25],[38,10],[61,15],[23,8],[34,18],[18,21],[18,22],[49,104],[58,141],[57,141],[25,66],[0,10],[0,9],[-5,48],[-29,215],[-35,242],[-32,214],[-36,256],[-39,286],[-14,99],[-21,152],[-14,91],[-11,75],[46,175],[45,167],[42,163],[67,251],[57,230],[283,189],[178,20],[23,2],[123,11],[358,41],[183,21],[-12,79],[-23,140],[-17,106],[-28,112],[-7,27],[-4,15],[-44,169],[-56,224],[-7,30],[-6,31],[-35,122],[-56,-4],[-67,144],[-15,40],[-25,51],[-4,23],[-21,68],[-13,107],[-50,280],[-26,109],[-41,183],[-75,287],[-26,108],[-23,82],[-21,73],[-11,83],[5,95],[-37,226],[-176,-28],[-299,-29],[-162,193],[-74,182],[-25,131],[-6,145],[7,91],[10,100],[-153,-13],[6,232],[5,186],[9,185],[3,81],[5,156],[7,151],[5,158],[-12,21],[-18,25],[-64,74],[-31,39],[-33,34],[-35,60],[-15,31],[-22,41],[1,36],[-2,39],[3,55],[4,58],[7,57],[19,173],[19,283],[63,315],[28,263],[19,244],[14,53],[114,193],[154,210],[144,194],[-4,12],[69,92],[49,66],[21,22],[30,9],[186,32],[16,9],[170,11],[92,-3],[235,3],[109,4],[129,3],[231,6],[200,1],[226,9],[233,5],[442,10],[24,0],[323,8],[329,10],[5,0],[172,-6],[173,-6],[97,5],[257,11],[69,254],[53,225],[68,261],[60,226],[7,29],[150,111],[47,34],[224,166],[137,100],[50,39],[177,127],[115,103],[28,37],[27,36],[23,33],[26,37],[14,18],[2,15],[-3,65],[-2,33],[-2,26],[-6,114],[12,97],[1,9],[24,94],[54,127],[24,44],[187,123],[106,104],[13,14],[19,13],[167,116],[10,7],[-25,105],[-15,64],[-5,34],[-6,61],[-1,30],[4,29],[9,34],[27,25],[39,24],[36,33],[116,271],[80,140],[-38,185],[235,-44],[108,-69],[162,-35],[93,-74],[148,9],[250,-59],[125,-29],[168,-42],[211,-29],[78,-23],[31,-9],[17,-2],[18,13],[16,27],[8,60],[15,0],[7,27],[32,165],[19,44],[36,61],[24,57],[21,88],[39,178],[43,171],[197,133],[137,91],[39,123],[33,63],[86,214],[61,162],[22,58],[49,135],[15,121],[13,120],[4,92],[-34,16],[-53,35],[-67,42],[-66,41],[-87,64],[-29,24],[-67,61],[-142,85],[-35,21],[-20,4],[-44,6],[-100,17],[-160,35],[-95,-1],[-73,1],[-50,9],[-40,7],[-74,15],[-65,10],[-193,57],[23,120],[35,141],[14,67],[10,116],[22,91],[12,35],[32,66],[26,55],[25,127],[52,142],[32,115],[21,150],[-24,133],[14,24],[-14,61],[-8,64],[0,28],[-10,120],[32,29],[50,43],[80,43],[58,37],[19,16],[10,21],[14,26],[12,33],[6,24],[4,22],[-4,148],[2,25],[9,32],[21,40],[21,42],[76,93],[42,53],[64,82],[110,142],[18,43],[53,184],[19,96],[62,134],[15,93],[-104,253],[-82,319],[88,181],[81,225],[124,322],[63,177],[98,-15],[79,34],[96,41],[49,12],[75,19],[26,26],[65,61],[36,30],[37,9],[33,15],[43,13],[42,1],[97,-14],[90,-4],[13,37],[6,15],[42,127],[6,19],[91,177],[6,41],[-21,72],[-36,69],[-25,57],[-56,26],[-227,66],[-297,99],[-136,293],[-89,258],[-86,293],[-89,297],[-68,245],[-8,96],[-26,183],[2,173],[1,140],[2,195],[5,90],[-29,108],[-61,27],[-274,44],[-845,170],[-129,22],[-117,23],[-136,13],[-152,19],[-34,25],[-33,36],[-30,40],[-6,87],[-110,89],[-124,200],[-62,139],[-182,347],[-166,345],[-127,279],[-88,203],[-105,83],[-151,273],[-64,112],[-25,208],[-30,235],[-47,10],[-4,95],[-9,130],[-12,146],[1,69],[6,49],[-10,60],[-6,48],[-3,36],[25,24],[68,24],[100,37],[182,-6],[96,-9],[229,-12],[151,0],[44,1],[92,25],[94,49],[77,37],[52,23],[58,16],[48,-5],[86,-17],[55,14],[28,27],[147,175],[58,85],[109,36],[125,36],[57,32],[81,41],[96,-19],[60,-14],[33,16],[64,65],[61,1],[70,9],[80,14],[62,4],[58,-3],[39,7],[49,36],[28,5],[31,-15],[34,-18],[49,-4],[83,-10],[43,6],[26,28],[50,66],[21,11],[29,0],[73,-37],[59,-25],[128,-33],[36,2],[39,17],[29,40],[72,65],[89,50],[19,214],[30,188],[27,184],[31,167],[-25,66],[-3,36],[0,43],[15,34],[37,43],[58,64],[25,38],[6,22],[85,37],[186,61],[259,108],[-74,204],[-51,129],[232,94],[280,113],[293,121],[149,81],[-95,200],[-96,198],[16,19],[333,169],[224,115],[357,168],[47,28],[-87,180],[-92,193],[-83,200],[-92,200],[-13,37],[23,27],[289,150],[216,112],[-79,168],[-30,68],[6,23],[49,33],[79,33],[29,9],[40,-12],[113,-78],[50,27],[152,105],[258,168],[261,172],[151,105],[-67,196],[-68,195],[-62,193],[-52,158],[-36,47],[-101,96],[-21,37],[1,95],[6,72],[7,187],[51,123],[55,86],[132,191],[73,117],[48,97],[86,141],[100,178],[1,85],[17,118],[13,76],[39,63],[39,38],[37,37],[36,37],[16,68],[55,38],[68,45],[15,166],[60,60],[63,57],[48,12],[133,69],[25,61],[24,147],[42,130],[61,135],[28,94],[28,94],[43,97],[566,237],[548,216],[546,230],[97,40],[447,181],[180,77],[305,121],[58,87],[286,9],[172,58],[149,51],[92,33],[114,24],[212,84],[91,34],[167,48],[173,45],[154,38],[157,17],[83,8],[83,8],[51,36],[61,49],[81,12],[81,11],[66,-19],[131,-45],[114,-36],[83,-13],[89,-26],[133,-32],[162,-31],[191,-27],[74,-5],[142,-42],[138,-46],[139,-45],[196,-54],[183,-57],[139,-36],[81,24],[77,51],[30,39],[17,66],[2,9],[0,20],[0,97],[-1,22],[-4,10],[-4,10],[-89,40],[-66,189],[123,255],[44,66],[-389,272],[165,245],[146,200],[-309,170],[106,165],[106,160],[108,205],[-76,246],[-24,134],[-4,115],[22,210],[55,114],[21,57],[74,124],[63,71],[142,155],[108,93],[95,71],[56,12],[145,-47],[18,16],[68,178],[116,258],[38,266],[32,199],[82,211],[117,283],[-263,134],[41,172],[76,272],[55,220],[58,237],[69,273],[64,220],[82,326],[74,290],[75,288],[38,154],[55,216],[56,208],[96,377],[53,212],[54,203],[42,166],[29,110],[29,110],[47,178],[26,86],[42,149],[91,295],[58,-13],[50,120],[81,178],[177,427],[196,461],[21,13],[201,-55],[39,2],[255,198],[40,6],[164,-37],[75,-23],[28,1],[84,91],[69,37],[251,92],[59,29],[16,27],[56,223],[97,415],[20,5],[499,-243],[316,-34],[182,236],[67,88],[147,190],[199,256],[202,259],[163,191],[283,85],[283,84],[80,67],[192,116],[16,15],[72,67],[119,-8],[65,-11],[3,97],[6,81],[23,294],[33,333],[16,160],[6,52],[17,163],[3,74],[8,240],[3,67],[19,373],[30,398],[18,272],[12,158],[-19,311],[-18,197],[-7,18],[-30,78],[-15,137],[-2,87],[9,181],[14,123],[-25,235],[-31,329],[-17,209],[-5,136],[-8,178],[-8,179],[-35,359],[-254,22],[-100,11],[-45,11],[-23,13],[-36,59],[-22,41],[-49,6],[-116,13],[-36,8],[-44,23],[-70,41],[-77,37],[-94,9],[-50,6],[-32,23],[-64,117],[-93,168],[3,78],[59,299],[56,298],[49,270],[20,109],[85,46],[26,170],[63,345],[58,342],[60,365],[37,242],[98,118],[250,296],[208,269],[85,52],[12,17],[16,62],[30,65],[16,85],[-13,65],[-33,69],[-6,26],[15,24],[15,57],[7,24],[24,7],[9,45],[112,233],[84,163],[77,85],[193,206],[157,320],[25,187],[34,257],[28,218],[85,173],[49,82],[105,183],[58,76],[58,75],[79,131],[75,96],[111,123],[68,106],[49,62],[176,58],[68,23],[24,1],[24,1],[13,30],[12,9],[76,57],[93,69],[31,8],[6,-1],[32,-2],[13,-1],[53,11],[42,-1],[52,-14],[53,4],[97,-25],[96,190],[42,88],[255,295],[56,69],[135,165],[123,144],[64,109],[65,156],[-16,83],[-144,437],[19,29],[178,414],[-92,65],[-203,131],[-140,141],[-148,140],[-143,142],[-146,175],[-74,118],[-71,119],[-35,88],[-19,97],[-3,61],[9,102],[21,94],[34,109],[49,55],[50,37],[92,42],[127,78],[67,31],[100,34],[100,34],[169,16],[34,69],[-139,243],[8,29],[54,187],[7,31],[14,64],[17,31],[3,7],[2,24],[9,18],[40,27],[26,20],[16,11],[150,125],[15,21],[-4,19],[16,22],[18,55],[29,75],[23,61],[14,35],[17,43],[-6,39],[31,133],[3,48],[79,264],[98,342],[29,106],[65,233],[35,134],[61,207],[37,111],[37,261],[57,351],[24,172],[20,118],[34,214],[11,84],[11,84],[21,133],[89,248],[111,90],[178,122],[101,112],[96,170],[73,100],[96,138],[123,137],[111,124],[85,118],[43,140],[35,119],[86,185],[70,108],[32,89],[25,141],[6,195],[212,132],[81,74],[55,69],[100,140],[135,150],[65,93],[21,61],[50,165],[108,229],[161,190],[74,70],[80,105],[30,81],[91,183],[112,232],[89,142],[33,147],[69,185],[82,119],[-7,199],[-5,157],[38,310],[13,274],[88,325],[5,38],[93,256],[171,165],[178,164],[167,171],[110,131],[110,148],[105,149],[166,196],[100,230],[25,130],[6,51],[47,200],[58,178],[88,191],[80,105],[124,148],[-35,326],[-105,290],[4,265],[38,15],[61,26],[109,60],[175,86],[127,79],[52,35],[65,29],[100,37],[126,3],[155,-31],[266,36],[55,-63],[42,-46],[135,3],[43,6],[97,63],[227,180],[46,46],[201,200],[113,131],[89,93],[98,114],[52,133],[-6,146],[213,-56],[238,-36],[151,-23],[150,-22],[280,-18],[211,-17],[189,-20],[23,-140],[7,-163],[138,-18],[79,-8],[143,25],[204,104],[145,35],[122,43],[35,17],[44,40],[143,85],[191,214],[131,-78],[119,-27],[108,67],[41,25],[77,-21],[207,-59],[185,-9],[128,-150],[31,-159],[18,-76],[18,-76],[45,-60],[60,-44],[44,-14],[20,-11],[59,-34],[63,-12],[125,-26],[233,17],[73,11],[73,11],[202,-6],[263,-13],[-4,-30],[150,-56],[127,-53],[104,-65],[21,68],[46,142],[41,131],[8,27],[43,77],[50,55],[51,148],[47,179],[65,207],[156,325],[112,295],[105,233],[145,197],[126,127],[131,184],[73,184],[16,40],[99,269],[47,319],[66,211],[4,10],[33,90],[15,42],[44,99],[68,153],[24,69],[55,158],[23,67],[68,182],[51,134],[52,133],[89,228],[86,205],[114,288],[56,172],[52,129],[52,130],[83,220],[22,48],[80,301],[-16,218],[-14,219],[-23,54],[-53,132],[-73,193],[-55,93],[-55,92],[-93,177],[-126,175],[-110,190],[223,123],[232,128],[-110,186],[-104,156],[181,97],[188,105],[-126,311],[-76,198],[-11,38],[-68,193],[-77,218],[-81,247],[-55,160],[-55,82],[-27,79],[-168,172],[-55,99],[11,140],[-55,189],[-80,167],[-68,136],[-15,20],[-13,44],[158,162],[161,183],[77,204],[94,233],[86,206],[116,316],[40,131],[-191,96],[-227,103],[-209,109],[-203,83],[-223,100],[-209,112],[-44,119],[-79,188],[-77,186],[-26,79],[-42,113],[-101,258],[-6,25],[-97,225],[-104,284],[-64,176],[-37,62],[-72,110],[-33,137],[-46,205],[41,152],[-73,234],[-15,126],[-41,78],[-109,159],[-135,178],[-132,184],[-115,189],[-42,80],[18,193],[-2,165],[8,151],[-15,206],[-23,181],[-17,191],[-6,160],[77,319],[60,180],[93,235],[71,172],[58,156],[44,175],[13,157],[36,257],[37,284],[40,176],[31,199],[13,249],[-25,169],[0,53],[45,224],[95,179],[117,160],[119,175],[65,109],[96,280],[46,257],[46,224],[32,113],[42,227],[28,78],[53,122],[67,160],[145,304],[113,257],[64,147],[58,177],[40,118],[171,133],[46,57],[119,202],[151,163],[44,75],[85,47],[90,155],[16,46],[7,34],[50,94],[204,220],[158,166],[128,155],[156,283],[158,198],[95,140],[91,184],[127,238],[175,318],[88,234],[130,177],[172,-174],[435,-453],[209,-212],[202,-213],[142,-162],[238,-224],[215,-234],[35,-42],[75,-84],[129,179],[122,179],[109,148],[91,143],[184,244],[58,83],[198,292],[136,202],[30,39],[-37,33],[-255,189],[-193,150],[-211,184],[-42,37],[-190,140],[-83,63],[10,62],[-114,91],[-27,20],[-28,21],[-192,140],[-156,132],[-112,90],[-157,139],[64,253],[202,229],[84,126],[3,60],[81,74],[189,163],[55,47],[205,188],[115,74],[56,29],[168,44],[149,110],[-7,90],[107,3],[199,101],[77,61],[153,121],[143,210],[30,170],[31,159],[60,-17],[119,84],[196,94],[147,93],[126,-72],[209,-92],[196,-34],[180,-33],[94,28],[152,-170],[63,-85],[64,-85],[90,-173],[29,-53],[27,-51],[102,36],[86,31],[128,49],[170,241],[219,223],[138,200],[55,80],[83,140],[105,191],[74,213],[100,181],[31,104],[1,105],[34,225],[64,251],[26,98],[125,191],[152,96],[198,48],[89,100],[38,39],[80,66],[120,21],[180,-36],[131,71],[101,116],[4,148],[83,131],[63,41],[112,55],[63,95],[75,55],[144,244],[131,271],[13,112],[-1,38],[-1,53],[24,131],[149,255],[14,17],[42,66],[92,148],[48,76],[90,45],[135,32],[81,37],[127,186],[-20,147],[-53,267],[55,189],[33,114],[53,177],[-2,93],[-56,333],[-60,80],[-53,65],[212,19],[252,-2],[312,-40],[106,-7],[321,29],[209,-185],[233,-179],[125,-87],[119,-100],[309,-101],[217,-47],[81,-9],[153,-23],[329,-18],[191,-86],[249,-115],[255,4],[158,5],[245,27],[91,-23],[90,-24],[155,-88],[85,-17],[53,1],[42,1],[68,40],[72,61],[71,61],[67,-49],[138,231],[19,87],[160,17],[36,291],[39,154],[57,188],[71,184],[137,-1],[23,1],[64,2],[10,42],[13,58],[8,33],[83,359],[69,336],[78,353],[259,162],[25,125],[26,21],[66,45],[71,54],[93,62],[37,41],[12,29],[6,20],[2,26],[-1,31],[5,29],[13,14],[23,17],[11,17],[29,56],[16,51],[35,82],[12,32],[10,37],[0,39],[-12,71],[11,75],[24,59],[4,34],[-20,201],[74,288],[52,224],[86,354],[38,111],[33,157],[15,323],[19,152],[2,18],[17,197],[16,184],[40,198],[45,186],[42,221],[21,51],[39,94],[24,135],[67,165],[62,159],[45,107],[232,228],[17,96],[47,319],[11,98],[53,352],[27,200],[42,274],[22,156],[48,315],[35,250],[7,59],[37,198],[6,67],[17,122],[25,182],[29,212],[32,208],[101,-17],[221,-27],[232,-40],[223,-28],[108,-48],[64,85],[111,155],[95,124],[85,118],[164,258],[196,94],[118,185],[157,77],[74,139],[67,137],[-82,70],[-46,48],[-90,147],[16,52],[99,227],[72,162],[19,59],[96,215],[25,59],[-8,55],[-26,276],[-22,221],[-28,222],[45,185],[50,221],[41,181],[66,292],[66,294],[27,109],[-115,151],[-138,165],[106,295],[83,217],[150,391],[36,66],[91,142],[148,246],[80,126],[187,304],[142,50],[90,28],[232,90],[74,16],[168,62],[130,21],[140,27],[101,13],[61,11],[263,-5],[113,1],[165,-15],[107,1],[76,13],[15,3],[209,-4],[44,2],[264,-19],[67,3],[151,163],[52,101],[33,141],[6,94],[147,18],[128,-4],[0,0],[21,34],[13,67],[31,237],[23,175],[15,110],[27,177],[24,189],[26,190],[21,161],[29,168],[6,66],[11,73],[16,101],[13,102],[16,80],[8,98],[9,64],[16,130],[7,73],[8,67],[15,119],[17,112],[-37,126],[16,80],[15,85],[4,108],[1,103],[-98,33],[-71,23],[-146,53],[40,174],[59,222],[35,171],[59,226],[70,282],[44,175],[61,265],[39,179],[29,118],[78,294],[47,193],[84,-10],[134,-16],[45,-5],[94,-12],[87,-15],[114,-16],[338,-44],[232,-26],[212,-33],[200,-25],[231,-37],[189,-27],[137,-17],[135,-18],[61,57],[175,167],[91,86],[161,154],[145,138],[206,194],[135,129],[136,130],[33,39],[117,-71],[73,104],[114,175],[103,-22],[88,-11],[141,-18],[137,42],[46,137],[48,74],[36,69],[81,128],[27,59],[58,145],[7,98],[110,31],[117,35],[131,46],[155,35],[42,21],[50,-29],[148,51],[284,71],[182,56],[9,44],[36,186],[29,136],[10,31],[39,186],[46,214],[43,219],[14,59],[6,12],[34,170],[42,210],[15,78],[27,266],[16,141],[-41,178],[-20,149],[-36,158],[-11,109],[-26,224],[-31,138],[-14,114],[-53,182],[-58,214],[-39,159],[-16,78],[-32,89],[-11,36],[182,40],[175,35],[223,41],[165,28],[165,-68],[303,-127],[194,-83],[193,-155],[99,-82],[107,-111],[127,-135],[113,-139],[180,-191],[103,-123],[76,-92],[54,-134],[70,-172],[229,-179],[78,-56],[102,-70],[76,-50],[40,-111],[12,-65],[20,-91],[16,-54],[10,-27],[167,-108],[165,-118],[156,-127],[167,-13],[222,-127],[46,-40],[78,-35],[121,-78],[29,-10],[55,37],[53,-1],[32,-2],[177,-17],[100,-26],[245,-70],[97,-24],[227,-73],[140,-44],[122,-49],[60,-10],[141,-26],[217,-31],[85,-15],[98,-25],[205,23],[222,21],[72,8],[111,-19],[161,-93],[177,-100],[193,-50],[185,-33],[82,-3],[166,27],[62,57],[98,79],[87,49],[104,29],[54,43],[23,21],[18,26],[62,55],[208,-17],[41,30],[34,16],[267,-37],[123,-48],[76,-20],[108,-24],[104,-22],[219,-38],[141,15],[55,-4],[83,10],[134,-7],[193,0],[9,-63],[44,-328],[26,-152],[41,-174],[78,-8],[195,-18],[267,-22],[170,-19],[169,-15],[80,-8],[233,-29],[222,-26],[122,-26],[129,-30],[219,-25],[111,-10],[26,26],[2,59],[-13,161],[2,30],[-5,110],[-13,180],[-14,102],[-12,45],[-72,82],[-127,66],[-94,134],[17,81],[47,234],[28,129],[-32,18],[-79,28],[-123,36],[20,77],[25,121],[47,243],[42,192],[4,28],[-7,79],[112,226],[113,249],[85,187],[80,181],[101,199],[101,208],[2,105],[1,64],[1,147],[64,214],[58,223],[43,158],[64,234],[29,178],[15,39],[-3,48],[51,204],[30,170],[25,129],[56,303],[45,290],[47,291],[52,299],[55,301],[49,291],[21,126],[26,136],[22,154],[34,173],[53,290],[38,233],[12,97],[13,80],[112,275],[105,277],[114,293],[105,259],[120,290],[92,238],[99,247],[288,48],[277,41],[122,24],[293,50],[207,37],[187,25],[280,46],[211,34],[180,28],[13,27],[178,122],[190,127],[189,125],[193,127],[47,32],[147,83],[183,98],[200,117],[212,115],[197,-219],[191,-216],[144,-163],[215,-245],[239,-166],[238,-168],[171,-132],[194,-136],[88,-64],[128,-86],[116,-95],[293,-216],[267,-187],[245,-179],[242,-173],[236,-171],[278,-201],[234,-170],[242,-171],[147,-107],[88,-54],[228,-164],[147,-106],[39,-28],[137,-95],[167,-118],[161,-128],[286,-206],[236,-175],[211,-161],[234,-166],[219,-162],[158,-239],[169,-253],[114,-173],[107,-157],[161,-243],[161,-249],[159,-245],[479,9],[166,-7],[280,5],[290,-17],[13,0],[227,3],[499,-9],[135,0],[300,-4],[284,-4],[289,-6],[289,-5],[285,-10],[289,-6],[283,-5],[294,-6],[278,-6],[291,-11],[275,-1],[289,-7],[327,-8],[291,-4],[218,-1],[275,-11],[13,152],[67,90],[22,73],[57,108],[117,104],[79,206],[21,94],[48,53],[143,41],[58,1],[242,-61],[275,-53],[124,-18],[109,-28],[61,-7],[176,-71],[44,0],[60,23],[65,29],[4,66],[-9,100],[180,38],[-9,136],[130,79],[167,110],[157,88],[136,-11],[169,115],[108,-27],[98,-57],[90,-54],[63,-38],[208,-44],[137,-30],[182,-42],[87,-1],[84,13],[161,67],[177,59],[24,9],[162,61],[151,45],[72,21],[201,60],[119,40],[123,42],[179,58],[68,8],[157,103],[171,125],[61,49],[41,130],[59,137],[99,124],[61,175],[205,-27],[131,36],[70,94],[84,114],[216,-17],[68,-9],[37,1],[18,-2],[199,-23],[219,-17],[64,-2],[200,-11],[71,179],[49,110],[8,30],[29,68],[141,75],[70,86],[38,58],[18,50],[86,-14],[60,196],[34,47],[37,97],[114,201],[48,116],[24,6],[26,210],[20,135],[107,207],[68,134],[82,202],[150,345],[72,199],[100,291],[101,279],[54,144],[156,256],[155,241],[91,136],[22,35],[106,196],[133,231],[-59,165],[-46,144],[-82,252],[96,132],[92,144],[173,41],[85,26],[70,190],[62,161],[69,174],[205,30],[186,29],[10,211],[10,215],[9,184],[24,155],[1,2],[29,184],[21,133],[66,399],[9,78],[-6,86],[16,-3],[-20,74],[-3,43],[55,67],[117,96],[113,91],[120,96],[106,87],[154,64],[192,77],[91,38],[281,32],[37,-4],[102,0],[213,-35],[106,-14],[65,-12],[18,-15],[125,-50],[15,-15],[11,-36],[0,-30],[-5,-90],[21,-26],[92,-32],[48,-23],[55,-35],[25,-14],[26,-8],[25,8],[79,45],[38,3],[43,-11],[36,-5],[24,-1],[26,15],[75,58],[20,4],[38,-14],[25,-26],[49,-57],[101,-116],[60,-6],[91,10],[21,-8],[33,-42],[15,-8],[38,-1],[84,18],[25,22],[17,24],[19,44],[17,17],[70,-8],[58,-17],[56,4],[10,-5],[17,-14],[13,-31],[31,-21],[65,-13],[56,-8],[22,-11],[30,-34],[18,-10],[15,-4],[41,1],[39,15],[46,2],[38,1],[60,-11],[38,-11],[23,-29],[24,5],[47,4],[17,4],[37,0],[33,-4],[87,-13],[75,11],[61,-13],[51,3],[34,-2],[57,43],[16,38],[20,27],[140,44],[49,-15],[31,-19],[46,-39],[75,1],[30,18],[15,25],[22,42],[2,41],[10,24],[21,14],[25,12],[32,34],[26,17],[32,8],[48,17],[174,195],[134,151],[28,32],[16,154],[140,84],[105,66],[140,93],[24,14],[34,30],[16,10],[5,34],[-5,56],[14,19],[47,11],[134,-5],[61,5],[97,-7],[59,6],[50,16],[28,9],[132,36],[162,58],[88,25],[30,-3],[59,-35],[103,3],[110,8],[-9,101],[-13,173],[-18,199],[-11,116],[21,64],[36,102],[48,123],[19,152],[-3,104],[-1,118],[-10,169],[1,150],[-23,79],[-23,76],[-15,26],[-99,170],[-31,49],[-63,111],[5,104],[-1,10],[-4,7],[-66,37],[8,101],[11,121],[13,120],[9,98],[-1,8],[-49,14],[-72,15],[-31,18],[-38,29],[-46,43],[12,49],[45,142],[-8,94],[-14,312],[-62,46],[-56,64],[-90,98],[-110,-109],[-78,14],[-175,29],[-163,36],[-30,13],[-118,62],[-131,84],[-104,189],[-56,133],[45,126],[31,92],[53,138],[59,169],[232,658],[75,218],[90,252],[102,274],[-37,44],[-163,179],[-171,191],[-217,244],[-196,225],[-76,81],[-75,93],[-162,181],[40,67],[11,34],[41,55],[43,58],[18,5],[-40,92],[-78,91],[-65,141],[-112,181],[40,103],[26,161],[60,43],[37,84],[-24,126],[161,165],[72,63],[98,-71],[53,-40],[2,-24],[7,-18],[5,-80],[64,-42],[58,-50],[17,-23],[16,-2],[8,6],[7,13],[49,41],[61,-19],[24,43],[42,56],[10,55],[-22,78],[32,45],[82,34],[64,-18],[94,-101],[31,-153],[95,-4],[45,-63],[39,13],[108,15],[9,-5],[11,4],[237,-19],[334,-22],[276,-20],[63,26],[145,46],[189,69],[97,61],[280,-92],[321,-110],[110,-39],[37,-10],[62,-85],[24,-20],[212,-119],[99,146],[81,119],[63,67],[68,69],[13,-16],[191,187],[181,150],[243,154],[82,17],[82,12],[139,44],[-14,40],[71,36],[8,6],[2,7],[12,17],[32,58],[22,55],[14,43],[25,16],[81,28],[112,41],[15,7],[34,4],[23,13],[73,29],[35,20],[8,1],[23,16],[17,27],[33,28],[91,47],[42,25],[32,16],[32,9],[61,8],[110,11],[35,13],[21,12],[48,58],[11,27],[44,88],[59,105],[40,59],[39,65],[63,82],[130,80],[122,37],[15,15],[64,23],[70,10],[15,17],[42,43],[19,26],[59,88],[73,95],[34,57],[30,44],[36,37],[39,56],[149,95],[114,40],[99,25],[241,78],[168,77],[118,51],[5,-13],[7,-8],[18,-42],[31,-84],[151,-23],[213,-34],[235,-36],[182,-28],[27,0],[160,109],[32,9],[139,29],[351,-83],[40,76],[26,71],[58,82],[103,104],[71,72],[47,59],[46,-7],[46,92],[38,74],[55,81],[37,25],[11,54],[28,125],[109,128],[100,121],[77,93],[111,132],[35,38],[31,8],[-37,162],[27,124],[31,105],[69,126],[8,69],[115,108],[122,25],[107,25],[51,53],[65,44],[111,88],[63,148],[84,138],[88,118],[12,16],[43,41],[48,-11],[-1,79],[11,76],[6,29],[-2,29],[-2,228],[3,175],[1,61],[100,39],[38,75],[62,82],[57,80],[26,28],[63,48],[26,22],[59,78],[216,114],[-59,166],[23,14],[54,39],[-15,77],[-2,107],[8,116],[7,40],[9,81],[-4,24],[112,188],[120,186],[122,186],[121,186],[81,127],[82,128],[122,189],[43,63],[82,-6],[81,11],[46,10],[61,19],[53,32],[67,45],[33,12],[87,19],[4,38],[0,51],[7,25],[14,36],[13,22],[17,36],[15,25],[7,11],[5,26],[6,54],[4,59],[-5,59],[-11,76],[2,24],[-9,84],[-19,73],[59,189],[51,136],[14,36],[7,70],[36,25],[150,112],[99,65],[113,72],[29,19],[30,10],[30,-1],[26,-9],[35,-27],[75,-58],[45,-16],[45,3],[23,0],[28,-23],[18,-29],[8,-35],[22,-32],[25,-13],[23,3],[34,30],[42,48],[37,30],[29,7],[25,16],[16,30],[1,33],[-4,22],[-16,22],[-21,21],[-24,41],[-3,42],[19,15],[133,2],[252,51],[44,19],[79,6],[56,21],[31,21],[10,66],[-61,310],[-29,119],[20,24],[33,6],[28,-22],[51,-35],[37,-36],[83,-59],[14,-37],[24,-98],[46,-31],[85,120],[44,21],[36,9],[64,23],[16,26],[-19,105],[-9,42],[-7,24],[-10,36],[-5,36],[13,42],[18,40],[36,38],[29,47],[59,52],[60,24],[75,27],[39,-21],[19,-57],[-3,-54],[-22,-61],[-26,-73],[-7,-35],[9,-26],[17,-39],[15,-32],[47,-18],[28,-15],[38,-57],[25,-24],[46,-8],[60,2],[79,26],[36,-2],[-15,62],[-27,32],[-70,23],[-1,11],[-14,19],[-24,9],[-23,9],[-15,22],[-11,46],[4,42],[8,35],[16,55],[0,47],[8,86],[25,41],[38,14],[77,-5],[105,-49],[47,-35],[21,-43],[15,-65],[-2,-59],[-12,-39],[-21,-53],[-6,-26],[-2,-24],[-2,-27],[3,-58],[27,-32],[35,-31],[62,-16],[45,13],[22,27],[11,97],[8,32],[8,43],[13,41],[3,42],[-1,72],[10,53],[14,54],[21,34],[52,32],[47,12],[30,-11],[23,-46],[-6,-33],[-29,-40],[-32,-51],[-18,-36],[-5,-29],[-2,-34],[16,-42],[17,-35],[16,-25],[-5,-33],[6,-49],[17,-42],[28,-37],[45,-39],[80,-33],[41,-7],[40,10],[30,27],[34,29],[6,53],[-10,49],[-12,39],[-9,28],[-25,25],[-31,32],[-20,28],[27,36],[31,-13],[51,-41],[56,-36],[49,-18],[41,-5],[31,10],[7,26],[-19,23],[-30,26],[-37,38],[-39,48],[-19,44],[9,21],[31,-3],[69,-32],[37,12],[43,22],[30,11],[53,25],[36,21],[14,28],[2,50],[22,36],[54,-9],[38,-19],[47,-66],[24,-35],[23,-80],[22,-25],[43,-16],[29,1],[35,0],[47,-6],[59,-14],[23,8],[49,18],[24,16],[33,3],[51,-3],[46,-9],[46,7],[32,18],[232,164],[257,205],[92,137],[13,16],[40,81],[26,40],[57,81],[155,-6],[276,28],[114,36],[50,105],[8,51],[-62,88],[62,29],[131,47],[127,62],[41,19],[179,69],[82,20],[22,37],[-28,36],[-64,69],[-75,113],[-98,-43],[-94,107],[-27,41],[-60,131],[-25,96],[-29,91],[14,47],[-43,50],[-24,45],[-16,46],[-7,58],[1,85],[16,42],[25,43],[11,95],[26,103],[8,51],[-15,70],[-34,119],[-35,103],[-22,90],[-13,63],[-25,84],[-12,43],[-14,47],[-70,131],[-98,365],[-38,226],[0,197],[28,455],[-23,352],[-41,191],[-55,116],[-30,132],[-33,181],[-32,246],[-70,196],[-83,187],[-104,332],[-30,59],[-47,14],[-50,8],[-196,20],[-99,-3],[-98,5],[-49,-1],[-49,6],[-99,23],[-42,18],[-45,29],[-91,78],[-48,44],[-61,57],[-110,106],[-73,50],[-53,26],[-63,32],[-63,14],[-20,34],[5,28],[-11,14],[-23,16],[0,74],[-11,94],[-14,90],[-22,97],[-21,46],[-53,96],[-65,108],[-49,62],[-37,26],[15,1],[21,10],[31,16],[39,36],[18,7],[13,11],[-22,37],[11,84],[17,84],[15,54],[15,79],[20,91],[10,82],[0,51],[-21,132],[-2,71],[-6,132],[-1,97],[5,79],[3,66],[11,55],[19,23],[5,23],[10,25],[41,55],[39,28],[74,73],[47,41],[40,33],[59,69],[66,83],[55,73],[47,82],[22,59],[11,54],[-3,34],[11,21],[50,-7],[52,-6],[58,-16],[81,-16],[120,-27],[107,-21],[98,-23],[123,-40],[70,-11],[67,-10],[64,-15],[62,-15],[67,-27],[202,-33],[68,-15],[73,-31],[69,-14],[60,-8],[121,-29],[119,-30],[120,-39],[-2,-82],[-15,-72],[7,-44],[64,-74],[101,-96],[76,-62],[104,-88],[125,-104],[81,-68],[84,-62],[18,34],[47,81],[24,26],[38,-22],[67,-53],[73,-67],[53,-34],[47,-43],[66,-58],[66,-49],[46,-27],[56,-45],[61,-56],[76,-62],[89,-74],[79,-70],[98,-74],[72,-56],[45,-41],[27,-32],[19,-32],[29,-13],[29,32],[30,50],[29,56],[39,49],[46,51],[17,43],[0,49],[-11,55],[-20,64],[-19,54],[-9,38],[-2,53],[1,55],[19,33],[31,9],[70,-17],[80,-14],[75,-16],[76,-15],[73,-9],[114,-21],[54,-15],[72,-11],[73,-11],[66,-13],[71,-16],[84,-12],[94,-12],[140,-27],[64,-8],[115,-18],[101,-20],[85,-12],[51,-5],[31,-11],[-9,-42],[-20,-68],[-13,-76],[-11,-77],[-15,-81],[-5,-62],[-9,-45],[-15,-33],[-2,-32],[38,-1],[52,1],[63,-19],[80,-25],[94,-17],[100,-26],[68,-17],[65,-23],[72,-12],[94,-23],[64,-17],[37,2],[59,-20],[64,-17],[65,-7],[31,-14],[28,-14],[2,-32],[-12,-59],[-13,-67],[-17,-46],[5,-22],[18,-15],[47,-8],[56,-14],[77,-19],[56,-10],[58,-12],[59,-14],[77,-18],[113,-39],[29,-1],[5,24],[8,74],[3,73],[2,67],[27,11],[16,-19],[20,-45],[42,-82],[35,-59],[31,-48],[37,-64],[43,-57],[38,-50],[34,-54],[27,-51],[25,-36],[15,-49],[20,-64],[31,-72],[22,-57],[8,-36],[4,-52],[14,-80],[12,-72],[12,-62],[7,-37],[-1,-48],[-5,-60],[-14,-75],[-13,-61],[-5,-26],[1,-11],[1,-6],[132,-1],[44,4],[10,-1],[41,0],[270,-16],[33,-5],[477,-36],[20,-27],[509,-261],[254,-544],[21,-31],[15,38],[108,156],[25,25],[21,8],[83,-10],[26,-65],[35,-63],[39,-47],[31,-29],[37,-4],[36,15],[52,45],[15,45],[6,50],[-6,56],[-18,36],[-11,20],[22,7],[28,-3],[29,-15],[57,-45],[38,-10],[116,7],[120,4],[87,1],[81,-7],[49,-13],[22,8],[-3,25],[14,100],[21,103],[19,87],[14,88],[16,49],[27,50],[34,47],[77,79],[56,65],[64,70],[48,45],[25,39],[31,60],[24,55],[32,67],[29,74],[23,92],[13,70],[15,26],[11,22],[14,22],[11,25],[15,27],[23,25],[13,19],[0,21],[37,-11],[64,0],[197,38],[386,69],[1101,198],[360,65],[111,18],[309,59],[274,54],[277,220],[105,79],[32,29],[8,4],[503,405],[955,142],[104,-42],[96,-34],[94,-32],[92,-33],[76,-60],[75,-65],[75,-65],[65,-69],[109,-104],[68,-71],[73,-67],[49,-5],[38,-24],[97,14],[43,10],[92,51],[43,-10],[45,-19],[76,45],[30,-17],[47,2],[27,13],[45,-8],[39,-34],[48,2],[37,32],[39,29],[45,16],[24,95],[8,50],[30,95],[31,95],[14,92],[2,56],[-5,53],[-3,98],[-1,81],[-6,50],[6,32],[2,19],[23,22],[309,601],[301,301],[-621,87],[-27,12],[-160,15],[4,143],[-58,357],[45,32],[37,36],[28,29],[43,38],[41,25],[21,6],[20,11],[38,48],[-30,43],[60,61],[24,114],[328,128],[174,119],[116,130],[290,268],[29,176],[179,355],[253,206],[125,325],[250,493],[-22,73],[26,423],[-224,134],[-71,44],[-187,87],[-115,131],[-278,40],[-68,80],[-4,6],[-15,16],[-17,27],[-29,63],[-25,47],[-52,82],[-50,85],[-18,40],[-13,57],[-26,46],[381,362],[869,844],[127,228],[76,123],[51,84],[28,68],[-22,17],[-142,189],[6,103],[-26,53],[-14,41],[-78,58],[-21,51],[-22,47],[-16,42],[3,149],[10,37],[276,365],[45,78],[-183,20],[-36,13],[-26,15],[-15,13],[-67,53],[-40,24],[-249,149],[25,284],[-45,110],[91,195],[63,33],[56,16],[97,9],[38,-29],[52,8],[-12,46],[-18,45],[-15,60],[19,33],[75,66],[20,49],[24,30],[55,59],[53,-10],[39,-17],[37,-45],[36,-11],[43,16],[29,35],[10,25],[446,1179],[292,-117],[29,25],[249,220],[-159,202],[53,163],[69,180],[33,78],[9,37],[16,34],[10,23],[1,7],[-3,6],[-24,17],[-15,13],[-37,25],[-211,156],[-54,32],[-48,32],[-235,174],[-352,250],[-54,41],[57,100],[39,32],[46,20],[135,35],[38,13],[47,27],[53,10],[43,26],[7,39],[-17,45],[-5,28],[22,60],[29,46],[30,43],[-22,45],[-4,30],[-11,50],[24,4],[49,24],[46,22],[84,33],[42,28],[36,18],[57,8],[85,30],[55,23],[32,14],[9,4],[409,159],[331,559],[649,99],[131,-241],[162,-17],[172,439],[238,136],[373,267],[264,1109],[218,879],[13,156],[297,150],[228,-66],[114,251],[924,110],[110,790],[182,-9],[40,-151],[339,-205],[240,369],[322,-48],[439,-414],[56,-238],[-4,-651],[450,-43],[49,-9],[238,-489],[-196,-45],[17,-63],[123,-622],[-67,7],[2,-79],[-36,-11],[-46,-5],[-47,-11],[-31,-4],[-6,-5],[-23,-1],[-27,-4],[-10,-8],[-5,-15],[8,-18],[25,-53],[16,-23],[16,-20],[6,-11],[6,-21],[11,-26],[2,-78],[44,-51],[339,-323],[-53,-339],[359,-46],[512,-18],[-13,-191],[77,14],[79,0],[66,-5],[45,16],[77,48],[44,13],[46,-18],[39,-15],[45,-17],[42,4],[141,-28],[40,-19],[118,-76],[137,-25],[43,3],[46,17],[47,9],[30,14],[37,-7],[99,-29],[85,-36],[59,-15],[85,-45],[40,-7],[46,3],[45,0],[43,-3],[97,-12],[47,-17],[44,-19],[47,-8],[133,-48],[56,-20],[15,-1],[24,-5],[41,-9],[55,25],[70,66],[43,-20],[27,-60],[100,-36],[349,-83],[65,-32],[450,-54],[80,44],[115,-4],[264,-104],[291,-108],[65,60],[61,71],[72,61],[22,33],[35,37],[83,49],[41,29],[44,15],[68,31],[111,-22],[52,-5],[31,4],[132,-126],[185,-109],[48,-41],[111,-95],[29,37],[32,67],[25,39],[34,90],[61,122],[8,58],[6,35],[15,0],[221,576],[112,236],[28,114],[10,105],[435,38],[144,-30],[249,-34],[132,-12],[83,-16],[220,66],[189,-41],[170,-46],[92,-33],[32,-366],[-7,-393],[68,-555],[-8,-175],[49,-92],[-35,-614],[81,-304],[181,-163],[434,-185],[188,-61],[363,-92],[67,-40],[104,-92],[46,-204],[107,-143],[116,-131],[81,-132],[222,-372],[79,-43],[166,-88],[95,-22],[92,-68],[74,-108],[16,-63],[-5,-144],[-32,-67],[-131,-174],[-100,-48],[-403,-1],[-78,-213],[-52,-126],[-61,-101],[-52,-55],[-27,-63],[-49,-176],[-2,-101],[25,-200],[-7,-89],[-130,-209],[-107,-70],[-88,-23],[-58,-80],[-95,-63],[-143,-113],[-45,-26],[-39,-92],[47,-106],[-17,-241],[65,-54],[78,-39],[74,-19],[49,-55],[40,-193],[139,-262],[73,-97],[98,-124],[81,-112],[48,-139],[44,-111],[46,-7],[71,10],[153,-17],[120,-68],[-7,-166],[-19,-121],[0,-149],[43,-87],[88,4],[165,-85],[112,-95],[6,-8],[64,-89],[203,-128],[58,-8],[159,18],[363,-58],[114,-13],[112,-91],[146,-232],[145,29],[58,124],[51,-5],[132,9],[175,10],[229,78],[74,50],[33,29],[87,118],[84,37],[179,-48],[58,-47],[62,-30],[87,-57],[39,-48],[35,-61],[102,-104],[157,-161],[31,-39],[154,-109],[121,-84],[31,-58],[122,-195],[72,-335],[69,-104],[155,-55],[140,69],[101,55],[52,48],[68,106],[206,150],[79,13],[148,-46],[104,-78],[54,-58],[58,-9],[166,-144],[140,-165],[-25,-93],[-306,-89],[-67,-13],[-156,-93],[-145,-39],[-155,-146],[-17,-144],[26,-161],[-4,-68],[-55,-84],[-2,-41],[-31,-124],[-42,-78],[46,-84],[19,-104],[-104,-146],[-87,-44],[12,-300],[94,-49],[29,-93],[57,-149],[60,-99],[68,-92],[44,-142],[247,142],[47,-89],[70,25],[114,-257],[89,-6],[40,-53],[21,-53],[76,-100],[118,4],[67,2],[305,36],[126,60],[165,80],[96,81],[133,104],[87,46],[103,-57],[97,-16],[177,-92],[61,-76],[25,-70],[62,-228],[77,-77],[119,-168],[47,-82],[153,-199],[165,7],[107,-20],[267,14],[110,-59],[56,-59],[-79,-154],[140,-163],[187,-129],[121,-42],[45,4],[100,91],[29,-58],[127,-104],[45,-25],[218,-64],[70,27],[14,-11],[180,-270],[158,-130],[25,-90],[-6,-163],[-37,-210],[-23,-110],[-31,-72],[138,-54],[151,-18],[276,73],[225,41],[129,84],[214,15],[123,-5],[92,-30],[65,-82],[35,-36],[267,-159],[179,-195],[145,-105],[263,29],[218,47],[89,-88],[98,-159],[27,-14],[221,-113],[-98,-392],[-94,-266],[194,-273],[163,-259],[101,-27],[110,-37],[85,-74],[142,-133],[83,-80],[100,-15],[91,30],[132,-101],[160,-167],[303,-245],[28,-17],[117,62],[101,90],[50,3],[211,39],[120,192],[49,-8],[165,-29],[153,17],[124,-17],[228,68],[103,2],[146,98],[53,54],[110,74],[100,-157],[-28,-119],[106,-150],[69,-166],[86,-211],[67,-236],[-82,-207],[290,-112],[118,13],[73,-51],[78,-50],[167,-2],[185,-38],[126,-59],[31,-102],[115,-252],[44,-82],[104,-139],[100,-200],[-18,-65],[140,-20],[147,-31],[148,17],[53,29],[89,-102],[257,-38],[300,-215],[137,-36],[114,15],[585,49],[174,-46],[239,-42],[173,53],[103,8],[31,1],[237,-130],[229,30],[136,-34],[327,-186],[298,-102],[81,-97],[109,-35],[97,-264],[245,-101],[154,-42],[100,-80],[96,33],[98,41],[70,41],[57,3],[67,5],[122,32],[142,-2],[146,-9],[267,281],[42,120],[93,88],[9,66],[-111,108],[-97,160],[-17,105],[58,149],[8,149],[54,241],[54,179],[21,90],[9,44],[50,171],[10,36],[228,234],[115,60],[129,154],[168,198],[117,182],[36,157],[107,298],[58,59],[83,134],[87,182],[93,241],[48,108],[212,96],[72,47],[60,60],[56,64],[35,37],[13,38],[-13,81],[-10,77],[-13,88],[-10,77],[0,50],[17,50],[42,76],[16,57],[-2,71],[3,65],[5,62],[5,36],[-16,52],[26,80],[33,101],[34,97],[46,123],[42,120],[35,93],[35,75],[38,38],[72,51],[88,65],[6,76],[0,85],[-2,90],[-18,65],[0,76],[6,98],[9,92],[17,91],[14,80],[16,54],[17,51],[8,104],[7,86],[3,92],[-4,99],[-17,36],[-40,46],[229,629],[110,558],[55,-14],[30,-4],[21,-9],[94,-52],[44,-22],[72,-62],[138,-144],[93,-118],[213,-305],[132,-251],[123,-226],[48,-87],[115,-221],[70,-143],[97,-115],[40,-35],[95,-32],[94,-34],[47,-8],[97,0],[152,10],[187,29],[48,3],[94,-6],[96,-19],[47,-11],[97,-18],[97,-26],[88,-30],[142,-43],[88,-41],[126,-74],[84,-47],[81,-51],[87,-53],[89,-44],[76,-38],[11,6],[11,-5],[34,-27],[32,-27],[88,-81],[79,-62],[72,-57],[45,-32],[67,-55],[51,-29],[57,-45],[50,-39],[41,-16],[77,-17],[79,-16],[82,-6],[104,5],[80,22],[108,39],[42,13],[97,7],[71,54],[71,62],[70,60],[111,61],[120,73],[74,42],[36,11],[54,-16],[93,-55],[82,-62],[76,-43],[95,-40],[190,-32],[63,-20],[101,-26],[86,2],[70,16],[41,24],[41,46],[53,73],[46,73],[27,61],[40,63],[68,98],[46,75],[50,57],[48,38],[47,41],[35,25],[23,13],[19,7],[97,51],[55,16],[58,-2],[107,-16],[81,-36],[84,-35],[75,-45],[174,-76],[67,-46],[186,-64],[138,-31],[94,5],[96,8],[87,26],[43,18],[106,60],[173,79],[131,56],[104,52],[106,14],[133,-29],[164,-72],[142,-86],[108,-94],[75,-91],[79,-106],[92,-123],[97,-107],[90,-57],[130,-69],[84,-47],[62,-24],[31,-7],[5,-9],[30,0],[70,26],[141,57],[144,63],[120,39],[122,24],[69,1],[167,-27],[116,-34],[101,-44],[138,-48],[129,-65],[133,-78],[128,-80],[102,-62],[101,-67],[136,-110],[28,-26],[27,-27],[16,-24],[14,-34],[53,-127],[24,-62],[26,-99],[32,-130],[37,-160],[29,-151],[17,-126],[20,-155],[20,-82],[10,-46],[44,-83],[60,-91],[61,-72],[53,-45],[72,-43],[176,-82],[101,-41],[80,-57],[107,-46],[182,-51],[17,-5],[67,-21],[87,-30],[79,-27],[159,-63],[162,-71],[108,-60],[58,-43],[44,-49],[42,-69],[10,-21],[43,-96],[36,-80],[31,-48],[46,-57],[58,-53],[78,-54],[65,-39],[60,-5],[81,-9],[84,13],[68,19],[103,24],[78,27],[59,11],[42,22],[38,38],[28,37],[41,82],[39,60],[61,53],[103,63],[103,19],[80,6],[109,-7],[142,-5],[144,13],[234,30],[222,33],[206,21],[72,5],[47,9],[28,6],[67,14],[91,28],[108,38],[79,36],[69,55],[74,74],[82,82],[105,75],[75,34],[92,20],[168,9],[68,-5],[60,18],[124,73],[119,84],[118,91],[88,53],[94,38],[98,36],[124,46],[96,37],[77,44],[90,70],[76,67],[90,79],[88,18],[111,-8],[85,-17],[67,-30],[40,-22],[66,-80],[30,-41],[63,-162],[52,-123],[31,-150],[27,-123],[24,-93],[38,-68],[51,-58],[56,-37],[59,-32],[52,-14],[45,1],[55,14],[86,57],[70,71],[56,63],[21,43],[10,63],[-18,149],[-25,105],[-7,84],[-9,77],[-31,84],[-24,102],[5,76],[21,51],[47,44],[61,37],[91,30],[141,6],[102,-9],[107,-38],[48,-17],[90,-17],[53,-10],[57,1],[72,-4],[56,-16],[45,-34],[32,-50],[30,-36],[31,-21],[39,-2],[44,8],[58,34],[41,24],[97,31],[88,21],[98,-2],[152,-7],[107,-10],[122,17],[101,10],[39,8],[44,16],[90,62],[91,76],[83,47],[104,40],[87,31],[58,8],[68,-32],[79,-34],[109,-30],[108,-21],[103,-10],[59,15],[38,14],[32,19],[83,45],[87,58],[81,62],[61,33],[76,15],[83,-10],[45,-24],[48,-59],[46,-95],[19,-68],[49,-141],[48,-101],[39,-49],[53,-32],[80,-34],[72,-14],[165,-11],[137,-15],[109,5],[78,5],[74,19],[70,24],[91,43],[114,81],[47,56],[59,57],[79,51],[79,31],[75,16],[187,1],[146,-39],[55,-28],[49,-59],[88,-154],[50,-88],[31,-43],[55,-46],[84,-51],[70,-24],[78,-7],[77,8],[89,28],[43,2],[43,-16],[45,-32],[78,-57],[135,-88],[191,-123],[126,-78],[60,-23],[92,-61],[68,-61],[40,-58],[40,-95],[48,-80],[60,-76],[69,-70],[65,-43],[75,-31],[83,-26],[44,-11],[90,3],[144,22],[132,36],[129,38],[132,31],[99,2],[95,-8],[94,-19],[97,-35],[69,-43],[71,-46],[69,-74],[71,-67],[81,-47],[59,-26],[82,-16],[124,-21],[143,-25],[91,-21],[54,-9],[92,-8],[36,1],[79,-25],[33,-11],[76,-29],[82,-39],[70,-46],[91,-40],[43,-22],[51,-25],[53,-38],[92,-64],[16,-12],[152,-149],[100,-91],[86,-114],[54,-81],[66,-51],[-140,-59],[-179,-60],[-82,-124],[-35,-69],[-15,-60],[1,-73],[21,-77],[36,-81],[44,-71],[65,-71],[79,-51],[81,-49],[42,-23],[89,-23],[44,-18],[83,-45],[81,-50],[160,-112],[235,-163],[72,-60],[108,-94],[67,-71],[136,-143],[100,-110],[202,-125],[39,-27],[32,-90],[-37,-139],[-48,-137],[-60,-191],[-21,-147],[-21,-146],[1,-151],[5,-143],[54,-67],[78,-130],[56,-131],[31,-89],[4,-21],[24,-71],[59,-142],[82,-177],[43,-85],[49,-69],[47,-55],[101,-90],[137,-133],[66,-68],[119,-149],[24,-38],[26,-43],[15,-22],[27,-38],[23,-39],[17,-44],[35,-112],[17,-82],[22,-95],[2,-29],[3,-28],[-6,-86],[-2,-53],[-4,-50],[-28,-92],[-31,-144],[-11,-100],[-11,-49],[-19,-43],[0,-50],[-2,-51],[2,-46],[51,-134],[42,-91],[54,-80],[19,-51],[58,-59],[37,-38],[30,-38],[39,-30],[60,-18],[124,-18],[84,-18],[25,-21],[44,-66],[35,-73],[43,-90],[46,-87],[41,-83],[48,-86],[41,-76],[32,-25],[42,-28],[83,-24],[98,-17],[46,-11],[89,-36],[70,-34],[87,-53],[117,-95],[108,-91],[123,-101],[134,-113],[75,-61],[67,-52],[52,-33],[85,-47],[47,-19],[53,-19],[77,-2],[94,1],[55,10],[64,24],[60,32],[71,62],[44,55],[42,60],[84,122],[32,52],[74,94],[67,66],[46,38],[45,42],[48,54],[61,68],[26,21],[186,212],[102,128],[26,45],[43,88],[34,97],[46,131],[27,65],[37,73],[84,110],[44,50],[65,55],[110,78],[62,43],[73,36],[73,23],[93,36],[76,14],[52,-31],[38,-35],[79,-42],[48,-39],[59,-55],[34,-26],[52,-7],[46,16],[67,8],[112,0],[134,-15],[94,-18],[92,-25],[59,-2],[56,20],[58,27],[72,65],[48,47],[80,85],[76,62],[71,49],[94,37],[152,43],[120,33],[147,41],[155,33],[43,15],[67,7],[644,103],[77,23],[92,38],[46,20],[46,3],[147,-113],[76,-61],[162,-79],[91,-29],[181,-25],[95,-7],[78,3],[52,11],[48,21],[79,58],[80,58],[158,98],[246,137],[161,101],[76,53],[22,23],[44,27],[49,9],[65,-7],[91,-25],[176,-53],[86,-34],[111,-25],[33,-4],[131,-59],[83,-6],[82,-7],[48,7],[42,14],[59,29],[209,109],[28,28],[28,58],[42,106],[15,69],[15,64],[55,101],[77,123],[60,90],[9,9],[64,70],[37,53],[126,260],[72,184],[52,150],[28,112],[24,125],[-27,123],[-15,133],[1,194],[17,127],[54,127],[83,95],[138,106],[130,92],[239,102],[144,40],[142,19],[75,-2],[102,-18],[75,-30],[117,-66],[189,-104],[241,-123],[136,-60],[61,-6],[67,10],[57,30],[55,55],[37,70],[43,151],[93,229],[66,100],[127,116],[205,125],[153,13],[102,-9],[87,-30],[102,-60],[73,-78],[67,-87],[55,-88],[38,-87],[15,-82],[4,-106],[-14,-91],[-52,-232],[-11,-94],[-3,-78],[21,-97],[33,-79],[55,-75],[70,-39],[84,-21],[98,4],[159,46],[141,125],[124,149],[156,164],[118,94],[95,52],[78,13],[76,0],[84,-11],[71,-33],[70,-66],[44,-49],[67,-39],[69,-11],[70,-3],[87,3],[112,28],[61,23],[44,21],[45,30],[166,147],[80,107],[127,205],[141,186],[49,34],[59,42],[37,29],[66,35],[80,21],[86,-2],[91,-7],[73,-19],[87,-49],[72,-58],[147,-155],[208,-195],[315,-290],[248,-197],[173,-146],[126,-132],[70,-96],[176,-214],[7,-17],[130,-160],[165,-273],[103,-194],[110,-221],[61,-137],[53,-122],[40,-105],[38,-85],[41,-79],[40,-48],[33,-27],[53,-8],[66,-11],[41,-3],[66,4],[130,35],[295,143],[183,95],[227,121],[270,112],[168,51],[223,72],[192,78],[73,24],[57,12],[71,-4],[97,-27],[175,-56],[117,-8],[111,4],[97,5],[55,11],[46,23],[29,23],[28,15],[51,4],[189,-11],[23,-8],[119,-7],[55,-19],[154,-78],[108,-95],[82,-101],[110,-157],[85,-157],[90,-172],[39,-55],[58,-72],[54,-57],[38,-37],[80,-65],[272,-127],[223,-83],[210,-93],[254,-137],[278,-166],[231,-160],[173,-149],[83,-78],[368,-281],[285,-260],[169,-99],[128,-43],[107,-18],[82,-21],[44,-15],[40,-23],[22,-29],[23,-36],[8,-36],[8,-42],[11,-131],[-4,-141],[0,-181],[4,-114],[-1,-196],[16,-106],[16,-106],[5,-32],[33,-150],[30,-117],[46,-108],[83,-141],[169,-254],[102,-126],[79,-111],[25,-45],[28,-63],[34,-82],[70,-157],[111,-264],[205,-382],[39,-112],[16,-92],[10,-36],[13,-33],[30,-38],[21,-33],[45,-43],[40,-21],[34,-22],[28,-12],[111,-29],[57,-2],[105,0],[337,24],[79,7],[16,1],[83,13],[269,36],[199,101],[5,-1],[59,-12],[66,-9],[131,-15],[79,-20],[54,-20],[45,-12],[44,3],[161,66],[52,27],[46,7],[56,-15],[52,-18],[68,-45],[65,-56],[116,-110],[289,-237],[124,-88],[78,-68],[35,-22],[47,-6],[57,1],[143,24],[116,25],[144,39],[131,44],[60,28],[86,120],[41,51],[32,51],[29,61],[20,60],[29,47],[54,57],[87,87],[25,25],[18,19],[44,40],[36,22],[52,14],[56,14],[93,10],[82,9],[68,6],[40,-5],[139,-30],[34,0],[31,-6],[55,-9],[74,-26],[34,-17],[47,-22],[54,-29],[38,-22],[43,-30],[46,-41],[50,-57],[56,-53],[28,-23],[43,-16],[36,2],[48,23],[39,29],[35,40],[54,71],[29,46],[18,27],[18,33],[44,109],[45,134],[20,61],[53,206],[17,70],[27,64],[47,-3],[11,0],[7,-2],[5,-2],[9,-8],[9,-8],[10,-7],[8,-2],[9,0],[7,0],[6,-2],[6,-4],[10,-9],[31,-37],[14,-8],[30,-13],[47,-21],[23,-12],[13,-9],[12,-7],[17,-18],[14,-22],[12,-17],[9,-18],[8,-12],[11,-12],[14,-8],[18,-13],[18,-10],[22,-11],[17,-5],[17,-7],[28,-5],[30,-4],[69,-8],[58,-9],[25,-7],[19,-8],[17,-12],[50,-24],[24,-17],[9,-7],[23,-21],[12,-9],[15,-11],[24,-14],[14,-5],[18,-9],[22,-7],[31,-7],[26,-4],[22,-2],[11,-2],[35,-8],[42,-11],[27,-11],[21,-8],[16,-5],[17,-5],[23,-1],[18,-1],[42,-4],[45,-15],[14,-9],[8,-10],[10,-14],[24,-44],[20,-15],[10,-9],[5,-12],[11,-14],[18,-22],[13,-16],[30,-23],[23,-15],[23,-13],[19,-11],[22,-11],[15,-7],[23,-9],[24,-6],[19,-5],[23,-1],[18,-4],[13,-5],[11,-6],[8,-10],[6,-12],[4,-7],[13,-7],[9,0],[15,8],[9,11],[15,15],[10,4],[9,3],[15,-2],[29,-4],[28,-4],[15,-7],[23,-4],[22,-2],[29,3],[20,3],[16,0],[15,0],[12,5],[45,20],[39,15],[31,9],[16,5],[17,1],[21,3],[17,8],[77,-12],[57,5],[68,-2],[48,-6],[47,-11],[41,8],[49,3],[46,-6],[41,12],[89,-3],[9,0],[6,3],[13,20],[11,20],[24,21],[21,14],[57,27],[24,13],[28,22],[31,22],[40,7],[68,-7],[29,-8],[26,-15],[42,-14],[63,-4],[102,-15],[35,-30],[45,-60],[39,-68],[46,-62],[45,-81],[35,-68],[155,-58],[10,-96],[21,-71],[72,-173],[17,-28],[85,-89],[244,-47],[201,-102],[91,-97],[120,-40],[42,-26],[132,-147],[199,-236],[108,-40],[38,-36],[46,-65],[28,-46],[152,-233],[86,-91],[131,-130],[-15,-148],[34,-64],[76,-63],[0,-197],[-8,-135],[33,-258],[28,-27],[259,-84],[244,118],[57,0],[17,-60],[49,-5],[87,-118],[164,0],[137,-6],[74,72],[182,119],[91,92],[155,24],[232,73],[143,-12],[163,77],[262,30],[197,267],[45,85],[266,-25],[118,142],[219,135],[8,8],[63,48],[137,148],[159,77],[80,87],[70,103],[142,87],[115,71],[107,21],[519,93],[253,-13],[88,33],[100,0],[114,-65],[79,3],[226,-110],[425,-2],[54,14],[116,3],[128,-73],[373,-23],[78,96],[179,170],[463,244],[109,110],[536,239],[193,42],[164,4],[223,6],[132,186],[31,62],[237,259],[39,41],[162,276],[49,111],[340,84],[246,124],[89,127],[79,121],[75,119],[468,446],[446,34],[514,417],[323,-438],[-10,-67],[741,-847],[413,78],[316,-309],[55,-50],[276,-227],[33,0],[558,132],[51,45],[61,28],[68,29],[101,43],[76,36],[361,313],[304,156],[138,46],[159,155],[87,30],[232,178],[338,229],[401,122],[112,52],[409,167],[437,194],[35,20],[8,81],[-69,507],[11,115],[-54,126],[2,93],[-33,294],[121,359],[124,308],[55,348],[286,167],[107,186],[140,387],[294,349],[54,144],[84,177],[5,731],[184,251],[242,166],[53,60],[98,60],[245,3],[107,-21],[35,-11],[253,276],[150,97],[19,17],[108,98],[138,104],[243,114],[405,5],[244,-62],[18,15],[125,-28],[14,0],[48,50],[63,72],[91,93],[49,71],[86,96],[60,86],[120,145],[325,289],[415,443],[186,134],[170,116],[239,127],[127,75],[21,14],[64,-54],[1112,-1003],[409,-211],[400,25],[664,-96],[361,-132],[100,8],[82,47],[145,27],[507,145],[292,-126],[63,-72],[33,-97],[593,-252],[357,-283],[28,-34],[128,-96],[185,-236],[34,-3],[719,-69],[422,-227],[86,-47],[303,-255],[1110,-73],[147,75],[-28,231],[81,69],[135,112],[209,241],[286,221],[120,91],[58,60],[98,89],[134,166],[328,262],[54,7],[223,-122],[157,-33],[631,213],[1356,-333],[71,-208],[228,-7],[400,444],[1,430],[87,95],[75,82],[64,73],[154,232],[129,113],[96,69],[101,90],[16,32],[1343,-201],[847,-421],[85,-689],[584,-443],[337,-241],[315,-370],[22,-275],[283,-424],[-89,-295],[-190,-225],[112,-126],[512,-170],[102,202],[261,327],[141,130],[28,22],[446,405],[244,-68],[47,-16],[127,-74],[927,146],[20,-11],[517,-627],[193,-649],[-19,-251],[58,-244],[192,-218],[-269,-895],[274,-156],[444,-616],[-160,-870],[582,-307],[686,-315],[504,-288],[117,-451],[90,-311],[34,-125],[-133,-524],[634,-281],[264,-19],[66,-215],[240,-402],[434,-450],[79,-349],[133,-267],[421,-399],[-60,-484],[-171,-332],[-77,-301],[-138,-234],[-75,-163],[-175,-266],[97,-749],[-257,-786],[120,-293],[97,-249],[-11,-321],[224,-241],[73,-513],[-13,-21],[-7,-28],[6,-34],[11,-57],[11,-39],[7,-30],[18,-30],[11,-15],[11,-14],[35,-39],[16,-40],[13,-27],[17,-29],[16,-37],[12,-53],[8,-44],[13,-49],[10,-31],[27,-30],[28,-18],[32,-17],[58,-2],[54,2],[44,4],[47,4],[49,-12],[23,-12],[39,-19],[40,-20],[34,-20],[48,-43],[53,-41],[55,-50],[45,-35],[56,-28],[39,-14],[56,-10],[48,-9],[51,-29],[45,-30],[22,-22],[23,-24],[14,-36],[11,-31],[15,-51],[7,-57],[0,-2],[8,-30],[14,-38],[25,-44],[23,-19],[37,-29],[56,-39],[18,-22],[21,-17],[7,-24],[3,-28],[5,-36],[-5,-35],[-6,-29],[-11,-40],[5,-20],[16,-38],[14,-28],[18,-30],[12,-25],[9,-24],[11,-33],[8,-21],[12,-31],[19,-13],[33,-6],[28,-1],[18,5],[272,-18],[183,-29],[157,-29],[152,-14],[159,-24],[157,-15],[95,-16],[151,-39],[170,-99],[323,-146],[163,-569],[-29,-1000],[174,-490],[593,36],[308,-33],[148,-11],[451,-125],[453,335],[418,-59],[293,216],[402,263],[523,-453],[62,-402],[98,-306],[560,-313],[255,-290],[22,-33],[469,-557],[274,557],[193,380],[114,289],[739,375],[747,-343],[628,20],[60,-720],[21,-305],[315,-520],[34,-388],[214,-397],[552,263],[546,9],[338,-63],[415,-274],[343,-109],[406,134],[267,-75],[29,-2],[204,-2],[304,-113],[106,-42],[650,-81],[514,-138],[35,-368],[4,-33],[-3,-14],[-154,-150],[-31,-24],[-77,-136],[-95,-184],[-91,-157],[-58,-164],[-21,-63],[56,-230],[-100,-372],[-86,-318],[-40,-135],[-7,-16],[2,-16],[257,-329],[277,-358],[141,-182],[126,-160],[20,-21],[267,-220],[186,-155],[6,-8],[41,-82],[76,-153],[81,-160],[136,-276],[8,-24],[6,-78],[18,-153],[11,-109],[73,-838],[-187,-750],[0,-19],[42,-350],[10,-15],[12,-12],[760,-388],[832,-420],[106,-412],[14,-22],[252,-228],[46,-822],[604,-513],[728,-613],[318,-329],[290,-268],[515,-466],[-52,-486],[-15,-147],[324,-482],[-22,-363],[108,-808],[147,-463],[393,-377],[-55,-325],[-39,-233],[-258,-1034],[284,9],[689,25],[961,27],[178,28],[1156,179],[27,4],[736,115],[1328,197],[83,10],[209,35],[1104,166],[98,0]],[[502032,685595],[2,-12],[6,-10],[5,-7],[3,-8],[9,-27],[4,-9],[3,-8],[5,-18],[8,-31],[4,-14],[9,-27],[8,-27],[5,-15],[2,-7],[3,-11],[3,-15],[6,-21],[2,-13],[7,-28],[5,-21],[5,-22],[8,-33],[4,-18],[8,-37],[5,-40],[7,-36],[4,-19],[7,-43],[4,-37],[5,-48],[3,-33],[2,-21],[1,-30],[-2,-17],[-8,-34],[-6,-18],[-4,-17],[-3,-16],[-9,-28],[-10,-25],[-10,-32],[-13,-25],[-10,-18],[-4,-10],[-3,-8],[-5,-11],[-4,-13],[-9,-28],[-9,-30],[-10,-29],[-5,-19],[-6,-18],[-4,-16],[-8,-21],[-4,-16],[-2,-10],[-4,-13],[-1,-16],[-2,-23],[3,-18],[1,-24],[3,-20],[3,-15],[2,-10],[15,-65],[17,-65],[15,-55],[9,-38],[9,-40],[3,-22],[3,-23],[4,-28],[0,-54],[-2,-71],[-7,-43],[-4,-16],[-5,-19],[-3,-16],[-3,-13],[0,-27],[2,-20],[3,-9],[5,-10],[8,-15],[10,-14],[28,-40],[23,-31],[24,-28],[6,-8],[5,-8],[5,-9],[5,-7],[5,-12],[8,-14],[5,-7],[5,-10],[8,-11],[7,-8],[16,-19],[15,-14],[12,-11],[14,-11],[12,-12],[28,-29],[14,-14],[40,-42],[25,-32],[63,-65],[22,-22],[48,-52],[25,-32],[29,-35],[25,-32],[17,-24],[6,-10],[10,-17],[8,-15],[7,-17],[12,-25],[8,-27],[4,-16],[3,-12],[6,-26],[2,-14],[4,-33],[3,-31],[-3,-87],[-5,-56],[-3,-22],[-10,-41],[-8,-29],[-5,-19],[-2,-15],[-4,-16],[-1,-11],[-4,-17],[-2,-9],[-6,-34],[-9,-26],[-5,-15],[-8,-19],[-8,-17],[-11,-18],[-10,-21],[-12,-27],[-4,-11],[-3,-12],[-5,-14],[-2,-18],[-12,-69],[10,-41],[2,-69],[-6,-22],[-15,-30],[-7,-24],[-2,-41],[1,-71],[-4,-18],[-14,-40],[-3,-10],[0,-16],[8,-20],[15,-23],[26,-23],[10,-6],[22,-4],[24,3],[24,10],[19,13],[17,8],[20,5],[41,3],[26,6],[29,10],[39,22],[15,4],[14,-1],[29,-12],[17,-4],[19,0],[39,6],[32,-3],[121,3],[111,-11],[46,-12],[12,-2],[29,2],[29,-6],[29,-4],[27,-9],[24,-12],[17,-13],[9,-15],[5,-23],[8,-13],[9,-10],[20,-13],[12,-10],[24,-31],[22,-5],[46,-1],[9,-3],[29,-17],[16,-18],[11,-25],[24,-20],[10,-14],[23,-23],[3,-7],[3,-12],[0,-13],[5,-13],[20,-14],[37,-17],[19,-14],[9,-10],[5,-11],[3,-10],[-1,-23],[2,-10],[16,-20],[11,-23],[15,-17],[44,-30],[16,-23],[18,-7],[34,2],[17,-8],[19,-15],[51,-46],[63,-42],[60,-68],[20,-14],[26,-14],[17,-12],[15,-8],[29,-8],[31,-12],[49,-15],[26,-4],[36,2],[20,0],[29,7],[14,0],[17,-3],[17,-6],[36,-22],[37,-28],[36,-35],[10,-5],[60,-20],[51,-25],[60,-45],[49,-33],[65,-41],[29,-26],[107,-108],[44,-56],[32,-29],[19,-10],[41,-17],[92,-18],[27,-13],[21,-20],[9,-18],[13,-40],[8,-36],[8,-15],[47,-32],[44,-38],[18,-22],[21,-31],[45,-50],[14,-16],[24,-19],[68,-41],[33,-40],[14,-19],[8,-19],[2,-28],[-4,-20],[-7,-20],[-9,-38],[0,-26],[5,-20],[8,-16],[21,-22],[45,-28],[14,-14],[19,-32],[14,-28],[0,-8],[3,-2],[7,-21],[20,-38],[24,-33],[31,-26],[17,-4],[58,-28],[24,-6],[53,-32],[61,-26],[4,0],[8,-4],[7,-1],[12,-10],[10,-9],[12,-19],[14,-11],[28,-32],[7,-10],[7,-21],[13,-23],[15,-14],[11,-7],[15,-13],[13,-17],[17,-21],[18,-17],[12,-19],[10,-10],[16,-13],[28,-13],[36,-42],[36,-25],[7,-8],[5,-12],[17,-33],[24,-35],[9,-18],[7,-7],[19,-12],[15,-14],[12,-8],[4,-6],[51,-60],[24,-38],[18,-21],[10,-17],[13,-33],[9,-13],[11,-26],[7,-6],[27,-19],[10,-3],[7,1],[12,-1],[13,-17],[6,-13],[3,-18],[6,-15],[11,-59],[14,-50],[6,-16],[3,-17],[19,-36],[22,-31],[29,-25],[51,-34],[36,-22],[32,-21],[70,-39],[24,-19],[12,-12],[10,-14],[13,-12],[14,-23],[22,-25],[16,-23],[6,-4],[46,-19],[26,-7],[29,-4],[20,-5],[53,-8],[70,-34],[14,-5],[16,-3],[46,-2],[60,-16],[20,-14],[31,-10],[62,-44],[12,-17],[11,-28],[11,-63],[17,-64],[20,-41],[14,-25],[29,-53],[30,-39],[66,-72],[25,-25],[25,-30],[17,-24],[53,-56],[30,-20],[57,-26],[16,-11],[13,-12],[19,-27],[8,-23],[11,-48],[11,-22],[18,-29],[35,-49],[88,-114],[54,-77],[24,-31],[22,-22],[18,-10],[12,-1],[4,-3],[44,-13],[53,-4],[23,-6],[41,-27],[18,-16],[61,-58],[92,-76],[34,-24],[31,-12],[21,-11],[15,-6],[24,-3],[39,5],[36,12],[8,-1],[51,30],[27,14],[22,9],[12,1],[21,-4],[20,-7],[16,-10],[64,-51],[46,-42],[12,-7],[69,-31],[24,-6],[42,-4],[11,-3],[19,-8],[20,-18],[9,-15],[5,-15],[5,-23],[4,-33],[0,-26],[3,-12],[15,-54],[19,-31],[11,-19],[23,-30],[17,-33],[24,-66],[12,-44],[14,-63],[15,-36],[8,-11],[2,-5],[80,-82],[8,-12],[11,-25],[8,-33],[7,-51],[1,-51],[-2,-33],[-1,-46],[2,-20],[3,-28],[10,-46],[17,-44],[48,-81],[16,-35],[10,-33],[9,-44],[15,-37],[29,-46],[49,-54],[5,-8],[49,-12],[12,0],[8,3],[29,0],[28,6],[7,6],[18,-7],[17,2],[5,-2],[18,-7],[39,-11],[52,-28],[33,-23],[54,-16],[29,1],[27,9],[29,5],[24,8],[36,22],[12,4],[15,1],[31,10],[29,3],[17,-2],[20,0],[31,-19],[33,-24],[63,-53],[48,-29],[33,-11],[12,3],[19,0],[45,5],[26,-20],[17,-15],[33,-24],[12,-11],[8,-10],[11,-10],[11,-7],[18,-7],[18,-3],[22,1],[56,12],[29,9],[21,2],[10,-1],[27,-7],[18,-6],[68,-38],[33,-11],[18,-4],[17,0],[19,6],[43,0],[65,-19],[72,-17],[75,-29],[39,-7],[27,-7],[24,-12],[30,-26],[19,-39],[7,-25],[0,-26],[-7,-28],[-8,-58],[0,-28],[1,-8],[-1,-9],[5,-44],[8,-24],[6,-13],[21,-32],[68,-72],[15,-22],[10,-22],[5,-18],[12,-14],[20,-13],[19,-9],[20,-13],[20,-10],[27,-20],[35,-21],[18,-7],[36,-20],[27,-29],[40,-58],[47,-33],[28,-13],[31,-19],[32,-16],[25,-3],[46,2],[70,14],[22,10],[34,2],[26,7],[46,3],[16,3],[21,0],[8,-2],[40,-3],[22,-4],[32,-6],[20,-1],[23,-3],[45,-1],[26,-13],[21,-6],[20,-11],[27,-9],[36,-2],[27,-6],[19,-1],[17,-4],[34,-13],[18,-8],[47,-28],[15,-10],[21,-19],[35,-38],[20,-15],[26,-25],[33,-42],[17,-42],[12,-69],[14,-51],[10,-23],[12,-36],[10,-12],[16,-15],[38,-28],[17,-15],[28,-17],[17,-18],[16,-32],[8,-24],[11,-38],[3,-25],[8,-32],[7,-27],[14,-34],[25,-43],[0,-38],[-7,-18],[-12,-20],[-64,-70],[-63,-57],[-9,-13],[-9,-18],[-5,-23],[-2,-23],[3,-28],[7,-33],[3,-23],[7,-30],[5,-59],[0,-12],[-14,-61],[1,-51],[5,-28],[5,-13],[1,-11],[18,-45],[26,-55],[22,-41],[20,-50],[12,-22],[10,-23],[34,-64],[13,-17],[3,-10],[24,-33],[5,-2],[12,-20],[7,-15],[13,-20],[4,-11],[20,-41],[4,-18],[2,-33],[-2,-15],[-15,-29],[-15,-13],[-24,-16],[-39,-19],[-34,-13],[-36,-8],[-31,-10],[-20,-11],[-30,-22],[-27,-27],[-59,-76],[-29,-62],[-17,-43],[-17,-79],[0,-9],[-3,-13],[-14,-40],[-3,-21],[-4,-41],[0,-30],[-3,-28],[1,-38],[-3,-31],[6,-119],[9,-46],[7,-61],[19,-58],[11,-21],[12,-26],[-4,-14],[-7,-7],[-4,-7],[-13,-14],[-14,-20],[-27,-23],[-9,-10],[-30,-21],[-13,-9],[-16,-13],[-50,-23],[-114,-28],[-63,-21],[-48,-11],[-60,-9],[-61,-17],[-87,-11],[-45,-2],[-32,2],[-31,-3],[-32,3],[-5,3],[-77,3],[-65,10],[-63,4],[-44,8],[-12,-1],[-94,-18],[-72,-25],[-49,-11],[-50,-14],[-45,-24],[-6,-5],[-19,-9],[-17,-5],[-54,-25],[-70,-41],[-28,-22],[-24,-11],[-51,-14],[-24,-4],[-30,-10],[-40,-23],[-34,-16],[-60,-39],[-29,-14],[-63,-16],[-19,-2],[-10,1],[-48,14],[-29,6],[-80,-1],[-31,-4],[-29,-11],[-19,-3],[-23,-6],[-14,-7],[-55,-37],[-21,-19],[-44,-33],[-33,-30],[-34,-22],[-43,-31],[-28,-24],[-1,-3],[-27,-19],[-19,-25],[-14,-9],[-42,-40],[-12,-9],[-18,-20],[-20,-15],[-43,-25],[-46,-33],[-14,-8],[-56,-16],[-24,-13],[-18,-16],[-3,0],[-3,-7],[-1,-26],[-2,-10],[-19,-36],[-18,-18],[-41,-20],[-6,-8],[-24,-49],[-18,-12],[-46,-10],[-12,1],[-19,9],[-8,-2],[-11,-6],[-21,0],[-11,-6],[-10,-15],[-4,-2],[-15,-3],[-14,2],[-20,12],[-50,9],[-23,-7],[-14,-9],[-36,-10],[-65,-5],[-60,-1],[-39,-6],[-54,-1],[-14,-4],[-14,-6],[-71,-17],[-11,-5],[-44,-7],[-29,-7],[-29,-2],[-36,5],[-68,15],[-17,-1],[-19,-5],[-27,-13],[-12,-4],[-14,-2],[-27,0],[-50,8],[-22,7],[-27,5],[-31,9],[-22,9],[-49,25],[-17,11],[-29,14],[-46,13],[-20,2],[-2,3],[-10,0],[-89,-14],[-21,-9],[-44,-10],[-24,-8],[-38,-18],[-24,-15],[-61,-53],[-24,-24],[-31,-17],[-12,-5],[-29,-8],[-22,-12],[-31,-30],[-21,-13],[-27,-37],[-12,-23],[-16,-16],[-10,-9],[-34,-39],[-23,-20],[-27,-35],[-7,-6],[-9,-7],[-29,-16],[-27,-11],[-40,-33],[-26,-28],[-26,-38],[-59,-66],[-49,-41],[-30,-33],[-37,-28],[-28,-31],[-23,-33],[-16,-28],[-14,-21],[-32,-31],[-29,-19],[-12,-12],[-45,-55],[1,-3],[-5,-2],[-3,-10],[-19,-28],[-21,-17],[-19,-18],[-11,-18],[-11,-12],[-24,-25],[-9,-8],[-19,-21],[-35,-26],[-23,-14],[-61,-47],[-24,-8],[-17,0],[-24,-3],[-22,-9],[-57,-40],[-37,-31],[-26,-33],[-11,-8],[-63,7],[-75,26],[-105,14],[-63,18],[-21,9],[-12,3],[-14,0],[-15,-10],[-9,-12],[-10,-18],[-9,-26],[-11,-41],[-9,-23],[-7,-9],[-2,-9],[-10,-16],[-2,-3],[-13,-15],[-16,-11],[-46,-20],[-20,-4],[-17,-8],[-9,-9],[-24,-34],[-9,-20],[-7,-10],[0,-9],[-12,-26],[-5,-24],[-1,-51],[-8,-72],[0,-22],[6,-23],[30,-79],[10,-41],[10,-66],[0,-51],[-2,-21],[-8,-33],[-17,-29],[-17,-16],[-36,-21],[-39,-27],[-14,-12],[-7,-11],[-14,-33],[-43,-67],[-20,-12],[-37,-12],[-21,-5],[-22,0],[-73,11],[-31,9],[-36,14],[-41,10],[-70,10],[-97,2],[-38,2],[-53,4],[-41,0],[-92,-13],[-53,-13],[-22,-9],[-15,-9],[-21,-18],[-59,-66],[-39,-51],[-17,-32],[-25,-38],[-14,-27],[-14,-19],[-9,-21],[-9,-41],[-10,-23],[-22,-35],[-22,-24],[-37,-28],[-150,-92],[-43,-21],[-22,-8],[-22,-12],[-52,-55],[-29,-17],[-18,-19],[-5,-9],[2,-12],[3,-7],[30,-41],[24,-38],[3,-8],[-8,-11],[-25,-19],[-31,-17],[-17,-11],[-18,-19],[-83,-76],[-19,-21],[-60,-46],[-12,-12],[-53,-35],[-27,-23],[-50,-32],[-13,-5],[-70,-19],[-31,0],[-27,-4],[-55,0],[-70,6],[-19,-3],[-44,-14],[-34,-2],[-41,3],[-44,5],[-39,1],[-19,7],[-32,6],[-13,5],[-29,19],[-35,24],[-45,36],[-17,16],[-45,53],[-23,25],[-30,24],[-27,20],[-18,17],[-70,76],[-36,46],[-16,15],[-19,12],[-13,6],[-68,20],[-36,2],[-19,-3],[-15,0],[-21,4],[-24,1],[-29,-8],[-37,-21],[-15,-16],[-27,-17],[-63,-27],[-44,-17],[-65,-9],[-24,-1],[-36,10],[-15,1],[-70,-14],[-12,-1],[-27,1],[-27,-3],[-24,-6],[-49,-16],[-41,-26],[-22,-25],[-4,-12],[-3,-15],[-44,-89],[-7,-13],[-14,-18],[-27,-28],[-20,-33],[-7,-20],[-1,-15],[1,-10],[12,-18],[4,-15],[0,-11],[-8,-17],[-18,-26],[-49,-58],[-7,-15],[-4,-13],[-2,-28],[6,-43],[20,-51],[29,-39],[13,-11],[20,-10],[7,-7],[10,-17],[13,-18],[28,-31],[34,-48],[14,-23],[7,-16],[3,-12],[0,-18],[-6,-21],[-3,-25],[-20,-69],[-8,-43],[4,-46],[6,-20],[14,-87],[0,-25],[-5,-31],[-3,-12],[-11,-24],[-5,-20],[-1,-38],[4,-20],[25,-54],[15,-41],[9,-25],[9,-36],[10,-28],[30,-101],[18,-46],[11,-46],[7,-51],[0,-26],[-5,-25],[-19,-40],[-29,-48],[-5,-21],[4,-77],[16,-53],[8,-51],[7,-23],[29,-46],[7,-23],[3,-25],[-2,-49],[4,-25],[4,-15],[7,-18],[22,-38],[17,-54],[2,-36],[-7,-43],[1,-33],[30,-130],[11,-36],[19,-66],[15,-40],[19,-41],[19,-31],[9,-18],[4,-17],[3,-31],[-3,-36],[-4,-23],[-14,-58],[-12,-29],[23,14],[19,6],[40,-3],[8,4],[6,0],[8,-4],[4,-20],[2,-12],[11,-23],[2,-6],[35,-24],[37,-11],[20,-7],[18,-6],[13,-7],[17,-11],[10,-7],[17,-14],[13,-16],[9,-14],[5,-12],[5,-11],[7,-13],[9,-11],[13,-11],[22,-7],[21,1],[43,10],[21,6],[28,-3],[15,-2],[16,-1],[36,1],[12,0],[32,-17],[35,-22],[44,-39],[36,-27],[21,-21],[24,-21],[17,-18],[14,-12],[19,-14],[14,-9],[13,-6],[18,-8],[21,-4],[19,-2],[11,0],[16,-5],[24,-5],[15,-4],[15,-5],[15,-7],[25,-14],[22,-15],[19,-14],[19,-13],[18,-5],[18,-12],[20,-13],[14,-12],[15,-11],[19,-12],[17,-6],[21,-4],[7,0],[26,-17],[26,-13],[26,-14],[25,-10],[38,-16],[28,-12],[36,-17],[28,-13],[55,-21],[16,-10],[14,-13],[25,-17],[41,-26],[10,-2],[39,-28],[2,-6],[53,-46],[34,-38],[15,-18],[19,-16],[9,-5],[11,-15],[32,-32],[14,-16],[26,-29],[21,-26],[28,-31],[25,-30],[21,-29],[8,-15],[-3,-35],[-16,-31],[-13,-27],[-9,-17],[-6,-17],[0,-9],[7,-14],[11,-6],[18,-9],[16,-11],[41,-22],[30,-19],[41,-20],[47,-27],[35,-18],[37,-23],[40,-19],[22,-16],[21,-18],[28,-17],[38,-22],[30,-19],[18,-7],[31,-16],[42,-15],[47,-14],[37,-12],[41,-13],[21,-5],[67,-23],[37,-12],[50,-18],[48,-19],[40,-17],[47,-25],[20,-12],[37,-19],[22,-11],[25,-9],[27,-12],[37,-11],[26,-4],[38,-4],[48,8],[41,0],[42,1],[33,0],[26,-13],[19,-11],[0,-19],[-19,-25],[-27,-34],[-23,-29],[-8,-29],[-12,-19],[-35,-24],[-37,-16],[-20,-13],[-17,-15],[-18,-20],[-12,-21],[-21,-27],[-10,-20],[-6,-20],[-3,-21],[2,-19],[8,-20],[20,-31],[11,-15],[11,-21],[9,-28],[10,-26],[13,-42],[6,-37],[3,-43],[9,-46],[7,-35],[8,-28],[12,-37],[4,-17],[11,-36],[7,-19],[13,-18],[20,-26],[14,-16],[23,-19],[20,-18],[22,-24],[16,-16],[15,-16],[17,-17],[14,-13],[13,-8],[15,-14],[19,-18],[11,-28],[22,-44],[18,-40],[12,-36],[14,-50],[7,-30],[14,-46],[18,-52],[12,-17],[11,-14],[27,-17],[65,-24],[43,-14],[54,-6],[31,-3],[65,-1],[32,-1],[29,3],[25,-3],[14,-4],[16,-6],[24,-7],[19,-9],[12,-8],[27,-27],[24,-30],[21,-22],[18,-14],[17,-11],[17,-4],[21,13],[15,17],[18,12],[19,3],[12,1],[15,-7],[19,-16],[7,-14],[10,-31],[6,-32],[10,-37],[12,-23],[22,-43],[23,-36],[18,-34],[20,-36],[15,-46],[27,-86],[22,-70],[17,-50],[14,-40],[17,-39],[32,-41],[45,-57],[26,-32],[26,-25],[22,-22],[16,-24],[12,-24],[16,-33],[7,-40],[9,-38],[10,-21],[20,-28],[29,-20],[28,-13],[27,-7],[27,-16],[19,-17],[15,-13],[34,-23],[25,-13],[14,-7],[9,-24],[25,-22],[38,-9],[45,-9],[52,-5],[43,-6],[49,-2],[46,-6],[68,0],[54,4],[73,12],[44,9],[44,4],[39,7],[43,2],[30,1],[32,-5],[33,-3],[22,-7],[33,-16],[19,-22],[5,-20],[1,-28],[-1,-17],[-9,-28],[-7,-47],[-8,-56],[-9,-42],[-5,-29],[0,-33],[10,-15],[29,-6],[44,10],[22,12],[32,9],[32,4],[22,10],[25,25],[19,45],[13,34],[25,33],[18,21],[21,12],[25,10],[25,13],[7,9],[18,1],[38,-1],[13,-6],[31,-27],[32,-33],[10,-11],[18,-22],[15,-24],[32,-41],[20,-30],[16,-14],[31,-21],[21,-20],[17,-17],[36,-24],[20,-19],[25,-30],[11,-15],[20,-18],[6,-22],[18,-11],[28,-8],[60,-19],[50,-24],[35,-17],[41,-3],[61,8],[22,1],[46,-13],[32,-13],[30,-10],[37,-23],[25,-9],[25,-10],[36,-26],[64,-37],[59,-31],[56,-25],[45,-22],[33,-19],[30,-16],[32,-23],[36,-28],[44,-28],[39,-32],[32,-19],[34,-36],[37,-26],[57,-28],[56,-8],[56,-12],[54,-16],[48,-8],[27,-6],[17,-9],[28,-29],[27,-21],[16,-19],[23,-19],[22,-5],[31,-1],[19,0],[52,6],[39,8],[52,17],[30,9],[38,5],[26,-2],[54,-16],[28,-12],[27,-13],[19,-9],[34,-23],[24,-19],[37,-27],[41,-32],[49,-35],[32,-17],[25,-13],[12,-1],[83,-45],[18,-13],[16,-15],[26,-17],[18,-8],[15,-1],[20,7],[25,9],[26,9],[23,12],[27,10],[36,14],[34,10],[40,20],[53,25],[50,19],[28,14],[20,5],[21,5],[19,0],[24,2],[28,-4],[18,-2],[20,-7],[41,-16],[47,-32],[16,-14],[29,-8],[16,-3],[37,-2],[48,7],[32,10],[20,4],[11,-16],[2,-57],[8,-32],[24,-56],[11,-9],[20,-7],[23,-52],[7,-25],[16,-37],[21,-44],[18,-38],[19,-37],[49,-69],[19,-33],[4,-14],[24,-41],[5,-56],[4,-18],[22,-34],[11,-25],[25,-79],[17,-57],[42,-113],[24,-68],[4,-48],[11,-70],[9,-82],[14,-38],[12,-22],[13,-34],[5,-15],[-2,-48],[-7,-34],[-11,-27],[-11,-21],[0,-24],[0,-14],[9,-37],[8,-30],[7,-18],[0,-27],[4,-15],[7,-20],[5,-15],[-1,-11],[-6,-18],[-13,-24],[-10,-16],[-15,-17],[-33,-24],[-15,-13],[-5,-3],[-7,-42],[-5,-27],[-7,-41],[-4,-17],[2,-22],[8,-26],[10,-24],[4,-14],[3,-29],[10,-45],[19,-53],[33,-68],[64,-102],[-13,-70],[-14,-96],[0,-54],[-1,-47],[1,-18],[4,-17],[13,-22],[38,-51],[35,-71],[34,-115],[33,-54],[20,-34],[24,-35],[12,-8],[15,-10],[8,-15],[5,-15],[-1,-10],[0,-15],[0,-14],[6,-12],[14,-19],[10,-17],[7,-17],[3,-18],[-1,-25],[-4,-15],[-10,-14],[7,-22],[8,-26],[14,-25],[6,-17],[18,-29],[11,-24],[18,-35],[8,-11],[8,-3],[2,-10],[-2,-7],[-6,-8],[-5,-8],[-6,-11],[-1,-10],[6,-27],[4,-28],[13,-29],[16,-28],[14,-23],[14,-35],[14,-24],[14,-24],[4,-24],[0,-26],[-5,-36],[1,-64],[-4,-16],[-3,-13],[7,-7],[12,0],[6,-9],[3,-14],[0,-14],[0,-15],[0,-19],[6,-9],[17,-15],[10,-8],[9,-16],[14,-19],[14,-14],[17,-13],[13,-33],[9,-23],[5,-19],[13,-21],[15,-19],[5,-15],[2,-17],[12,-17],[13,-12],[9,-11],[7,-11],[3,-13],[3,-18],[8,-16],[5,-7],[11,-7],[4,-12],[12,-18],[11,-12],[5,-8],[10,-7],[10,-3],[10,-8],[3,-21],[7,-19],[8,-16],[9,-10],[15,-11],[12,-7],[12,-15],[8,-13],[13,-14],[11,-10],[12,-15],[9,-17],[12,-22],[9,-16],[3,-19],[5,-26],[2,-11],[13,-9],[13,-8],[7,-32],[8,-7],[36,-28],[17,-16],[15,-23],[2,-18],[-1,-15],[3,-18],[7,-14],[12,-22],[9,-17],[6,-19],[0,-24],[-1,-20],[2,-24],[-1,-23],[6,-31],[4,-47],[-1,-2],[48,-31],[25,-10],[14,-13],[3,-16],[9,-14],[8,-9],[10,-6],[18,-1],[17,1],[28,2],[18,-6],[26,-14],[23,-12],[15,-7],[11,-12],[10,-14],[16,-16],[19,-1],[30,8],[27,-1],[25,-13],[22,-6],[23,-3],[18,-4],[16,-5],[15,-8],[10,-11],[20,-15],[29,-21],[17,-15],[25,-20],[11,-4],[10,-3],[23,-23],[52,-33],[47,-28],[19,-16],[23,-14],[3,-13],[13,-8],[11,-1],[16,-8],[17,-14],[15,-16],[14,-22],[8,-9],[42,-20],[162,-45],[23,-4],[22,-7],[14,-9],[8,-13],[6,-8],[16,-5],[19,-2],[18,-6],[12,-6],[13,-5],[26,-14],[15,-23],[25,-15],[34,-6],[48,-7],[44,-1],[45,1],[34,5],[25,4],[23,8],[42,-19],[72,-121],[42,-104],[69,-110],[25,-36],[21,-31],[25,-27],[55,-51],[117,-21],[89,-27],[93,-55],[100,-71],[91,-79],[18,-17],[44,-61],[19,-26],[56,-63],[12,-11],[80,-55],[40,-35],[52,-42],[27,-42],[13,-19],[34,-74],[21,-38],[18,-31],[37,-91],[24,-59],[25,-60],[42,-39],[46,-53],[43,-56],[17,-52],[-1,-60],[-33,-276],[-28,-178],[-22,-72],[-11,-12],[-40,-49],[-15,-18],[-30,-206],[-1,-10],[-1,-20],[8,-27],[11,-33],[1,-8],[1,-13],[-9,-41],[-7,-35],[-3,-33],[-6,-13],[-9,-23],[-7,-114],[-7,-95],[-34,-138],[-24,-95],[-14,-60],[-9,-90],[-3,-31],[34,-71],[53,-92],[71,-129],[-44,-23],[-195,-137],[-154,-137],[-89,-127],[-192,-172],[-86,-45],[-66,-60],[-67,-29],[-78,-23],[-44,-21],[-27,-24],[-18,-83],[-14,-66],[-11,-67],[-175,-162],[-172,-93],[-71,-9],[-69,1],[-87,-31],[-64,-24],[-61,-55],[-115,-109],[-16,-39],[-15,-39],[-76,-76],[-74,-42],[-76,-27],[-59,-45],[-39,-48],[-18,-66],[-5,-106],[15,-65],[4,-178],[-9,-73],[9,-30],[-8,-61],[-31,-98],[-33,-46],[-55,-43],[-50,-44],[-39,-52],[-39,-55],[-27,-55],[-59,-22],[-80,-16],[-66,-14],[-54,-9],[-45,-21],[-31,-41],[-18,-38],[-5,-29],[-19,-73],[-7,-50],[-41,-29],[-39,-28],[-76,-53],[-62,-39],[-74,-24],[-62,-5],[-67,-31],[-45,-28],[-54,-24],[-19,-21],[14,-23],[27,-28],[24,-43],[18,-47],[5,-37],[-16,-86],[-20,-74],[-52,-69],[-55,-5],[-40,2],[-48,32],[-39,40],[-41,56],[-33,47],[-7,26],[-44,50],[-37,12],[-52,10],[-48,20],[-55,1],[-58,-18],[-72,-44],[-45,-21],[-58,-4],[-57,-25],[-33,-44],[-33,-58],[-42,-50],[-35,-34],[-14,-22],[-58,-51],[-29,13],[-46,7],[-41,6],[-41,13],[-26,-9],[-34,3],[-37,-11],[-10,-12],[-19,-23],[-22,-14],[-29,4],[-42,7],[-45,4],[-30,-6],[-25,-4],[-25,11],[-39,24],[-41,14],[-76,10],[-64,4],[127,-759],[46,-1044],[115,-27],[26,-8],[53,-6],[40,-4],[65,-15],[29,-6],[38,1],[27,-3],[25,-27],[26,-13],[20,-27],[28,-24],[16,-34],[25,-30],[61,-61],[66,-77],[19,-20],[30,-30],[55,-43],[51,-30],[49,-21],[61,-29],[50,-46],[19,-199],[10,-89],[44,-162],[29,-68],[35,-58],[28,-32],[43,-23],[44,-3],[46,-11],[48,-11],[76,-24],[24,-26],[12,-24],[1,-18],[18,-109],[4,-26],[-5,-35],[11,-48],[16,-48],[33,-74],[64,-129],[23,-24],[41,-46],[22,-52],[15,-86],[24,-80],[18,-267],[13,-86],[21,-156],[33,-35],[70,-37],[31,-29],[105,-73],[67,13],[55,-25],[68,-45],[63,-48],[5,-33],[-14,-35],[-12,-49],[-9,-39],[-32,-57],[-15,-14],[-19,-27],[-36,-50],[-40,-56],[-8,-42],[-5,-42],[0,-23],[43,-3],[54,2],[85,-6],[100,10],[110,14],[40,8],[63,38],[56,8],[44,17],[22,30],[31,17],[55,13],[31,30],[67,45],[37,26],[48,65],[64,80],[44,64],[44,35],[57,34],[55,10],[87,-8],[64,6],[62,-16],[55,11],[59,34],[54,24],[47,20],[24,20],[50,-20],[97,-75],[85,-84],[42,-63],[40,-78],[36,-54],[30,-34],[23,-27],[29,-33],[27,-24],[22,-14],[25,-25],[23,-19],[27,-18],[31,-39],[17,-16],[31,-25],[46,-25],[36,-17],[67,-17],[38,-10],[55,-20],[23,-9],[29,-8],[32,-2],[23,-1],[17,-9],[22,-35],[6,-20],[15,-19],[-22,-25],[-57,-82],[-49,-94],[-36,-96],[-50,-83],[-63,-47],[-97,-71],[-70,-53],[-65,-40],[-55,-56],[-37,-43],[-33,-68],[-4,-40],[-9,-51],[-45,-44],[-67,-70],[-49,-46],[-26,-24],[-24,-51],[-42,-58],[-35,-37],[-58,-71],[-32,-50],[-37,-34],[-61,-70],[-64,-52],[-80,-45],[-66,-64],[-26,-43],[-20,-41],[1,-65],[-9,-35],[-43,-37],[-46,-28],[-68,-51],[-61,-27],[-75,-18],[-69,-17],[-69,-44],[-49,-38],[-21,-3],[-39,-3],[-47,1],[-87,-12],[-78,-21],[-85,-20],[-88,-4],[-29,-6],[-48,14],[-113,30],[-76,33],[-75,12],[-88,17],[-89,-2],[-74,-14],[-26,-15],[-133,2],[-7,-12],[-2,-62],[-7,-90],[-4,-104],[1,-50],[18,-32],[-5,-50],[-76,-184],[-71,-50],[-125,-68],[-138,-102],[-157,-40],[-180,-10],[-117,-17],[-153,-73],[-41,-45],[16,-70],[34,-170],[21,-98],[10,-57],[-8,-28],[-34,-32],[-61,-45],[-56,-31],[-47,-65],[-44,-81],[-38,-75],[-8,-119],[-7,-55],[31,-58],[16,-69],[20,-103],[27,-33],[58,-53],[51,-57],[48,-67],[47,-73],[63,-45],[65,-56],[62,-61],[34,-44],[71,-24],[66,-18],[72,-16],[102,-21],[108,16],[-23,-184],[-8,-126],[-36,-140],[-19,-101],[-1,-83],[0,-72],[-166,32],[-114,34],[-64,11],[-51,26],[-110,46],[-230,75],[-148,78],[-42,194],[-90,155],[-34,33],[-149,146],[-52,53],[-232,167],[-79,-7],[-147,239],[-55,168],[-43,103],[-71,185],[-273,147],[-275,231],[-114,206],[-101,131],[-125,338],[-180,176],[-183,109],[-255,137],[-280,-39],[-202,-71],[-220,-109],[-79,-42],[-81,-12],[-136,8],[-156,-44],[-71,-38],[-67,-50],[-126,-375],[-24,-82],[-47,-157],[-53,-162],[-22,-65],[-78,-79],[-68,-65],[-77,-97],[-70,-86],[-285,-231],[-202,-164],[-6,-6],[-41,-42],[-6,-9],[-30,-42],[-63,-86],[-32,-58],[-37,-51],[-43,-30],[-38,-36],[-28,-43],[-9,-12],[-67,-64],[-14,-13],[-63,-55],[-44,-54],[-54,-40],[-57,-20],[-85,-6],[-24,-2],[-97,-34],[-133,-2],[-123,39],[-183,129],[-49,65],[-113,103],[-117,128],[-48,38],[-48,38],[-72,58],[-71,32],[-79,29],[-71,97],[-21,40],[-140,-35],[-122,-38],[-52,-18],[-22,-1],[-54,-3],[21,-61],[-5,-38],[-10,-87],[17,-125],[16,-90],[102,-192],[45,-80],[14,-82],[74,-184],[22,-55],[43,-9],[44,-8],[139,43],[214,66],[100,-40],[71,-55],[62,-109],[123,-215],[0,-22],[24,-37],[64,-119],[47,-85],[25,-37],[107,-165],[20,-14],[48,-6],[161,123],[172,71],[63,7],[41,-6],[57,-8],[61,-12],[68,-53],[55,-44],[98,-91],[21,-69],[98,-102],[60,-63],[25,-33],[29,-38],[49,-66],[78,-108],[23,-32],[47,-10],[3,0],[30,-7],[74,-15],[57,-37],[136,-72],[91,-48],[58,-75],[34,-55],[40,-34],[53,-49],[47,-60],[25,-30],[64,-84],[51,-75],[56,-53],[15,-7],[15,-8],[35,-9],[44,-12],[79,-20],[58,-30],[25,-12],[22,-5],[63,-34],[66,-47],[19,-23],[8,-10],[63,-129],[63,-149],[26,-61],[43,-38],[153,-137],[8,-7],[129,-161],[60,-147],[124,-198],[148,-259],[54,0],[145,7],[83,-24],[52,-50],[52,-94],[95,-100],[126,-96],[85,-63],[91,-127],[98,-124],[33,-64],[20,-36],[19,-117],[-79,-136],[-58,-71],[-72,-82],[-27,-73],[-4,-49],[3,-7],[22,-68],[25,-39],[48,-118],[18,-51],[16,-108],[3,-15],[10,-175],[-18,-99],[78,-59],[8,-6],[70,-65],[64,-45],[35,-27],[20,-16],[10,-7],[71,-49],[10,-11],[38,-42],[24,-46],[5,-9],[6,-11],[34,-111],[15,-50],[15,-45],[32,-62],[3,-7],[15,-45],[10,-43],[22,-16],[55,-42],[60,-35],[55,-30],[137,-47],[199,32],[106,-17],[71,-12],[67,-57],[33,-40],[65,-63],[71,-51],[76,-52],[49,-27],[74,-34],[130,-23],[105,-16],[79,23],[94,29],[47,15],[73,52],[101,92],[94,66],[80,45],[51,30],[193,-7],[109,-4],[70,-10],[64,-9],[8,-25],[45,-120],[12,-101],[15,-47],[17,-53],[53,-169],[33,-171],[11,-37],[59,-39],[126,-69],[88,-92],[61,-64],[25,-47],[60,-148],[51,-115],[34,-112],[28,-135],[-7,-76],[-24,-67],[-45,-40],[-111,-123],[-168,-108],[-116,-107],[-81,-70],[-7,-89],[-23,-212],[-32,-82],[-68,-127],[-1,-86],[-14,-154],[-8,-67],[5,-134],[-55,-128],[-9,-27],[-7,-60],[17,-101],[12,-96],[19,-97],[-2,-77],[-11,-80],[-17,-74],[-30,-74],[-42,-110],[-73,-151],[-50,-115],[2,-45],[-9,-64],[21,-47],[12,-28],[61,-92],[26,-102],[26,-173],[49,-193],[90,-130],[39,-100],[23,-25],[52,-56],[33,-52],[54,-80],[153,-152],[39,-38],[134,-128],[127,-118],[26,-20],[21,-24],[44,-31],[-3,-12],[50,-45],[38,-28],[20,-14],[29,-16],[21,-14],[12,-11],[16,-24],[17,-26],[28,-28],[19,-4],[23,-7],[22,-9],[14,-6],[55,22],[89,-49],[88,-36],[42,-27],[55,-14],[6,-2],[36,-9],[-3,-12],[-5,-22],[0,-12],[9,1],[28,19],[15,-1],[14,-24],[13,-25],[-7,-16],[-24,-8],[-18,-15],[0,-13],[8,-22],[9,-9],[1,-10],[-12,-7],[-13,-9],[-15,-2],[-19,-15],[0,-9],[16,-23],[0,-30],[-3,-16],[-6,-26],[-9,-36],[-5,-22],[3,-8],[7,-11],[11,-21],[1,-9],[-16,-17],[2,-13],[23,-12],[21,-22],[-1,-11],[-7,-11],[-37,-7],[-31,-21],[-12,-21],[-4,-35],[-4,-18],[-3,-16],[2,-19],[-1,-17],[-9,-14],[-10,-11],[-22,-9],[7,-34],[14,-36],[-21,-29],[-32,-28],[-50,-57],[-27,-22],[-23,-16],[-23,-22],[-19,-18],[-21,-31],[-14,-7],[-28,-16],[-21,-19],[-12,-11],[1,-8],[11,-11],[38,-23],[22,-21],[12,-17],[10,-34],[4,-38],[-4,-35],[-12,-31],[-31,-49],[-11,-23],[-2,-27],[-1,-17],[12,-40],[2,-6],[2,-41],[-5,-32],[-5,-13],[-1,-13],[0,-8],[13,-23],[1,-25],[-14,-40],[-15,-34],[0,-41],[13,-37],[1,-23],[-4,-10],[0,-15],[1,-17],[-4,-39],[-16,-42],[-25,-52],[-10,-19],[-2,-22],[18,-40],[24,-55],[3,-42],[-6,-44],[-2,-21],[-1,-9],[12,-16],[23,-27],[12,-11],[25,-9],[48,-13],[51,-12],[25,-7],[12,-14],[2,-16],[-4,-19],[0,-13],[9,-16],[21,-10],[32,-6],[35,-2],[30,-2],[20,-10],[11,-12],[-2,-7],[-9,-11],[-11,-9],[-7,-6],[0,-16],[-6,-9],[-28,-23],[-6,-8],[-1,-9],[2,-10],[15,-27],[11,-36],[2,-39],[-3,-36],[-2,-13],[-3,-39],[-7,-27],[-10,-15],[-15,-16],[-21,-51],[-22,-51],[-7,-7],[-26,-13],[-16,-10],[-11,-16],[0,-6],[7,-9],[25,-25],[22,-26],[9,-10],[5,-11],[-1,-18],[-9,-19],[-22,-16],[-29,-15],[-15,-13],[-1,-7],[8,-9],[10,-7],[6,-9],[-3,-13],[-9,-10],[3,-20],[6,-25],[-8,-28],[10,-15],[8,-24],[-3,-16],[-5,-14],[-15,-34],[-2,-21],[4,-44],[12,-57],[7,-42],[1,-23],[-1,-54],[3,-23],[6,-18],[13,-26],[22,-41],[10,-26],[10,-33],[18,-62],[26,-69],[26,-66],[24,-39],[26,-36],[16,-27],[7,-19],[5,-39],[9,-29],[22,-40],[22,-27],[42,-38],[45,-38],[17,-25],[26,-50],[14,-42],[-1,-27],[-4,-12],[-16,-18],[-23,-29],[-29,-31],[-10,-12],[-8,-18],[-9,-22],[-15,-14],[-11,-9],[-25,-17],[-15,-12],[-7,-15],[-1,-17],[8,-31],[10,-38],[9,-46],[9,-60],[3,-24],[-4,-17],[1,-17],[9,-23],[3,-52],[0,-28],[-15,-29],[-20,-26],[-50,-39],[-40,-34],[-15,-6],[-26,-7],[-36,-14],[-17,-5],[-25,-2],[-25,2],[-16,0],[-19,-8],[-25,-18],[-34,-8],[-31,-1],[-52,3],[-33,-1],[-70,-8],[-79,-9],[-36,0],[-22,-1],[-84,-22],[-50,-12],[-47,-4],[-44,-9],[-43,-17],[-17,-15],[-12,-7],[-20,-4],[-17,-5],[-41,-15],[-42,-17],[-40,-18],[-22,-9],[-19,-7],[-23,-3],[-20,2],[-9,1],[-11,-5],[-8,-5],[-14,5],[-10,5],[-11,-1],[-14,-13],[-11,-7],[-8,-1],[-12,6],[-18,25],[-16,13],[-11,4],[-28,0],[-33,8],[-23,2],[-75,4],[-31,6],[-48,3],[-25,-1],[-16,-10],[-15,-15],[-26,-33],[-31,-40],[-21,-18],[-22,-23],[-46,-49],[-41,-36],[-46,-39],[-22,-17],[-27,-25],[-24,-29],[-32,-51],[-26,-36],[-29,-30],[2,-29],[10,-7],[15,-10],[5,-9],[7,-24],[5,-18],[10,-8],[21,-7],[23,-5],[11,-10],[1,-10],[0,-37],[-2,-38],[-10,-23],[-4,-12],[-2,-31],[-10,-19],[-7,-11],[0,-31],[-2,-20],[-12,-8],[-22,-17],[-3,-8],[2,-16],[3,-12],[1,-5],[-9,-7],[-16,-2],[-9,-5],[-12,1],[-9,4],[-5,1],[-11,-4],[-8,-1],[-9,4],[-18,5],[-12,2],[-13,-1],[-12,-2],[-12,-6],[-8,-10],[-21,-31],[-6,-9],[-6,-2],[-6,1],[-3,3],[2,20],[-1,8],[-4,5],[-4,3],[-5,-1],[-4,-1],[-2,-3],[-1,-8],[-1,-7],[-3,-6],[-6,-5],[-6,1],[-7,3],[-12,6],[-4,1],[-4,-4],[-2,-6],[-4,-7],[-3,-4],[-6,-1],[-4,3],[-7,9],[-2,2],[-3,0],[-4,-2],[-2,-1],[-1,-4],[0,-10],[0,-5],[-3,-5],[-4,-1],[-5,-1],[-4,1],[-5,5],[-8,2],[-8,0],[-2,-3],[2,-8],[5,-8],[1,-7],[-2,-4],[-6,-4],[-4,0],[-11,3],[-11,1],[-9,0],[-9,-3],[-7,-3],[0,-5],[2,-6],[4,-9],[1,-10],[-3,-10],[-5,-7],[-9,-6],[-5,0],[-10,3],[-7,1],[-9,-1],[-9,-6],[-10,-4],[-10,1],[-9,5],[-14,9],[-14,0],[-10,-1],[-8,3],[-8,0],[-6,-5],[-2,-7],[-2,-8],[-3,-3],[-9,-2],[-6,-6],[-4,0],[-3,6],[-2,4],[-5,-1],[-2,-2],[-2,-4],[-2,-10],[-3,-4],[-5,0],[-12,-1],[-5,3],[-3,5],[-1,7],[3,7],[1,5],[-3,6],[-4,1],[-7,0],[-8,-2],[-6,-4],[-1,-4],[-9,-14],[-11,-12],[-13,-7],[-19,-4],[-31,-4],[-11,-3],[-20,-2],[-12,15],[-9,16],[-7,5],[-12,6],[-8,14],[-3,10],[0,16],[-1,5],[-8,3],[-14,0],[-13,4],[-16,10],[-9,4],[-9,-1],[-13,-4],[-12,-4],[-18,1],[-20,2],[-20,-2],[-23,-10],[-20,-9],[-20,-5],[-14,0],[-13,5],[-8,5],[-9,-1],[-9,-6],[-7,-5],[-17,-1],[-19,3],[-10,5],[-14,13],[-7,5],[-8,3],[-9,0],[-10,-3],[-14,-6],[-14,-8],[-10,-8],[-15,-17],[-5,-13],[-11,-20],[-10,-24],[-9,-8],[-14,-14],[-9,-8],[-6,0],[-11,4],[-9,1],[-11,-4],[-4,-6],[-10,-11],[-9,-7],[0,-8],[4,-17],[4,-38],[-2,-34],[24,-68],[-23,-16],[0,-11],[12,-28],[2,-12],[-6,-18],[-7,-12],[-4,-25],[-11,-10],[-14,-1],[-4,-4],[1,-23],[-12,-31],[-7,-21],[-5,-28],[-26,-33],[-21,-32],[-14,-9],[-16,-6],[-12,-1],[-25,-11],[-47,-31],[-31,-18],[-27,-17],[-24,-19],[-37,-35],[-41,-41],[-42,-43],[-20,-22],[-12,-19],[-9,-19],[-10,-33],[-11,-23],[-12,-17],[-18,-17],[-27,-29],[-12,-13],[-7,-18],[-7,-16],[-7,-23],[-6,-11],[-5,-5],[-9,-8],[-10,-14],[-8,-9],[-12,-4],[-13,-1],[-9,-4],[-7,-8],[-4,-8],[-6,-22],[-4,-26],[-5,-14],[-6,-10],[-15,-17],[-9,-7],[-13,-6],[-23,-13],[-26,-24],[-29,-27],[-32,-26],[-56,-45],[-7,-7],[-19,-23],[-49,-43],[-45,-34],[-25,-15],[-34,-13],[-29,-10],[-4,-23],[-4,-35],[-5,-22],[-10,-16],[-26,-17],[-29,-13],[-22,-15],[-17,-3],[-17,-2],[-10,-3],[-8,-25],[-14,-24],[-14,-16],[-10,-6],[-11,-3],[-24,-3],[-14,-3],[-21,-9],[-12,-10],[-15,-15],[-13,-15],[-10,-22],[-6,-28],[-9,-22],[-8,-23],[-18,-35],[-15,-21],[-22,-23],[-6,-9],[-5,-16],[-6,-15],[-13,-13],[-8,-13],[-11,-31],[-17,-30],[-19,-17],[-25,-32],[-14,-24],[-16,-37],[-26,-51],[-20,-40],[-50,-70],[-16,-32],[-21,-33],[-19,-38],[-15,-24],[-10,-13],[-2,-16],[-1,-17],[-3,-7],[-12,-7],[-2,-11],[-1,-6],[-11,-9],[-10,-9],[-12,-4],[-13,-14],[-6,-10],[1,-17],[5,-15],[-2,-5],[-12,-18],[-4,-13],[-6,-18],[-14,-16],[-11,-9],[-7,-10],[-5,-20],[-4,-9],[-10,-9],[-8,-7],[-7,-12],[0,-11],[0,-11],[27,-27],[24,-25],[36,-24],[43,-26],[30,-15],[33,-13],[48,-17],[21,-13],[19,-24],[17,-26],[12,-23],[6,-23],[13,-50],[11,-39],[14,-28],[19,-23],[34,-37],[15,-16],[14,-16],[19,-16],[35,-22],[21,-20],[20,-7],[47,-8],[46,-19],[23,-5],[28,-37],[38,-38],[22,-19],[25,-9],[14,-14],[20,-20],[18,-10],[26,0],[18,-5],[12,-7],[6,-2],[4,26],[2,49],[10,19],[2,16],[22,18],[22,15],[29,26],[30,34],[25,-24],[46,-33],[40,-33],[29,-42],[66,-98],[386,-584],[65,-102],[84,-132],[230,-357],[81,-124],[81,-123],[127,-202],[142,-221],[54,-80],[43,-66],[54,-22],[48,-41],[181,-153],[109,-97],[83,-89],[122,-89],[69,-55],[106,-80],[68,-46],[67,-60],[141,-104],[75,-57],[32,-33],[160,-132],[64,-49],[127,-100],[102,-79],[150,-108],[92,-67],[72,-56],[26,-29],[60,-31],[30,-18],[46,-10],[26,-10],[34,-21],[41,-13],[51,-8],[59,-19],[37,-20],[37,-17],[51,-15],[54,-17],[37,-14],[33,-18],[37,-11],[71,-22],[52,-17],[79,-35],[68,-28],[33,-14],[41,-8],[49,-9],[53,-13],[4,-31],[2,-49],[-2,-68],[-6,-43],[-12,-86],[-9,-28],[-23,-57],[-3,-18],[0,-19],[-3,-25],[-11,-47],[-29,-79],[-12,-51],[-11,-28],[-29,-43],[-15,-27],[-16,-33],[-9,-22],[-7,-39],[-3,-23],[-5,-57],[-5,-36],[-10,-26],[-15,-32],[-13,-30],[-9,-25],[-5,-18],[-3,-37],[-3,-13],[-9,-19],[-11,-15],[-6,-18],[-2,-29],[11,-31],[3,-19],[-4,-38],[-9,-22],[-31,-56],[-15,-23],[-22,-27],[-32,-30],[-22,-19],[-1,-8],[2,-22],[11,-9],[14,-28],[10,-39],[7,-65],[-8,-111],[-43,-169],[-88,-192],[-129,-112],[-131,-120],[-145,-86],[-96,-74],[-16,-109],[-75,-99],[-31,-56],[-18,-86],[-36,-90],[-64,-116],[-83,-102],[-54,-111],[-73,-72],[-125,-123],[-140,-139],[-102,-100],[-75,-45],[-67,-26],[-53,-60],[-26,-66],[-7,-61],[-67,-87],[-55,-8],[-16,-100],[-27,-37],[-24,-82],[-88,-84],[-42,-73],[-57,-81],[-88,-100],[-69,-127],[-97,-127],[-100,-169],[-32,-84],[-37,-155],[-31,-100],[-99,-187],[-64,-100],[-72,-128],[-47,-22],[-5,-75],[-78,-74],[-103,-81],[-96,-96],[-80,-67],[23,-35],[13,-61],[-22,-69],[-29,-86],[-29,-67],[-10,-126],[-76,-132],[-64,-171],[-34,-104],[-30,-71],[79,-137],[68,-88],[65,-183],[44,-135],[59,-95],[51,-23],[51,-113],[26,-106],[-8,-120],[16,-49],[49,-52],[44,-45],[101,-14],[22,-40],[44,-111],[70,-131],[138,-215],[70,-106],[37,-82],[65,-30],[72,-60],[65,-109],[72,-91],[20,-4],[-3,-53],[8,-69],[14,-55],[42,-30],[65,-38],[43,-27],[13,-38],[-27,-22],[-87,-38],[23,-45],[31,-68],[49,-71],[54,-80],[42,-57],[-2,-20],[-36,-85],[-21,-71],[-45,-104],[-46,-92],[-41,-88],[-12,-108],[-40,-88],[-29,-85],[-3,-74],[-14,-54],[-17,-77],[-14,-54],[4,-94],[10,-90],[17,-99],[7,-61],[-4,-122],[4,-92],[2,-60],[-2,-63],[9,-54],[9,-53],[1,-65],[26,-82],[28,-57],[43,-67],[56,-92],[72,-11],[74,9],[59,31],[113,-126],[27,-54],[24,-140],[10,-211],[17,-237],[9,-188],[46,-184],[49,-123],[49,-123],[54,-110],[64,-190],[40,-132],[22,-122],[-18,-37],[-2,-58],[-3,-103],[-13,-106],[-32,-92],[-1,-58],[0,-25],[0,-24],[11,-73],[19,-42],[40,-36],[39,-79],[23,-32],[-1,-70],[7,-24],[21,-81],[-1,-20],[-3,-59],[4,-56],[1,-44],[36,-30],[18,-16],[82,-75],[4,-27],[19,-69],[-1,-35],[-8,-27],[-2,-5],[-14,-50],[-9,-39],[-6,-36],[-13,-100],[-10,-10],[-9,-10],[-27,-32],[-52,-63],[-47,-54],[-39,-48],[-40,-53],[-31,-44],[-8,-18],[8,-45],[13,-31],[31,-67],[25,-54],[24,-52],[26,-65],[6,-31],[6,-51],[2,-32],[-8,-25],[-31,-49],[-28,-39],[-32,-29],[-37,-27],[-22,-18],[-11,-47],[-13,-44],[-12,-14],[-19,-25],[-7,-27],[-11,-69],[-16,-37],[-17,-28],[-4,-42],[-19,-53],[-21,-44],[-7,-54],[-18,-58],[-12,-25],[-10,-29],[-10,-39],[-14,-53],[-12,-23],[-21,-25],[-15,-42],[-36,-87],[-21,-15],[-37,-14],[-38,-29],[-57,-54],[-45,-35],[-38,-37],[-18,-34],[-8,-28],[14,-50],[23,-48],[-13,-14],[-12,-10],[-13,-4],[-36,-18],[-21,-17],[-10,-17],[-4,-31],[-4,-21],[-16,-48],[-21,-45],[-14,-24],[5,-26],[8,-19],[46,-30],[55,-30],[36,-22],[28,-21],[10,-18],[10,-55],[11,-27],[22,-91],[25,-86],[7,-17],[8,-9],[27,-11],[29,-10],[18,-16],[7,-14],[11,-27],[13,-29],[17,-26],[21,-30],[24,-38],[11,-17],[12,-17],[9,-19],[3,-29],[-1,-16],[102,-83],[41,-29],[20,-17],[40,-61],[25,-33],[26,-39],[40,-68],[34,-36],[49,-52],[21,-33],[24,-47],[13,-45],[4,-27],[5,-50],[-2,-15],[-15,-13],[-50,-41],[-38,-24],[-33,-24],[-23,-30],[-12,-18],[-24,-42],[-21,-34],[-7,-39],[-16,-44],[-10,-26],[-14,-45],[-20,-58],[-18,-37],[-8,-56],[-2,-24],[-5,-61],[-6,-66],[-3,-55],[3,-39],[2,-19],[-2,-20],[1,-5],[4,-39],[2,-34],[3,-7],[11,-32],[7,-25],[21,-30],[52,-15],[149,-23],[168,-46],[98,-57],[103,-55],[159,-78],[57,-32],[8,-8],[9,-3],[31,-30],[16,-24],[76,-160],[17,-31],[0,-7],[12,-19],[16,-36],[99,-196],[92,-171],[111,-179],[26,-25],[38,-22],[59,-27],[5,-6],[28,-19],[97,-90],[34,-37],[7,-23],[9,-45],[14,-32],[27,-51],[34,-134],[228,37],[151,19],[50,0],[10,-3],[29,-13],[67,-39],[64,-42],[18,-13],[65,-55],[64,-59],[74,-90],[42,-52],[16,-33],[33,-45],[19,-21],[14,-9],[51,-22],[17,-14],[78,-82],[70,-81],[21,-16],[142,-87],[127,-82],[33,-22],[14,-12],[10,-13],[27,-44],[25,-25],[31,-24],[61,-31],[44,-18],[144,-42],[35,-8],[33,0],[76,6],[68,-4],[61,-8],[60,-16],[30,-6],[38,-1],[118,2],[206,10],[20,-1],[26,0],[18,-2],[99,-21],[21,10],[19,13],[24,11],[10,4],[21,2],[12,-3],[45,-19],[26,-8],[102,-22],[108,4],[46,-6],[90,-16],[41,4],[69,17],[29,9],[26,12],[94,54],[23,17],[108,95],[26,21],[29,16],[43,14],[55,13],[23,-1],[53,-12],[96,-26],[58,-9],[26,-6],[24,-10],[11,-2],[24,1],[17,5],[19,11],[31,25],[87,102],[26,27],[16,12],[32,11],[19,6],[42,-4],[51,-11],[88,-27],[10,-2],[48,1],[25,7],[12,6],[8,9],[13,18],[11,23],[8,31],[12,66],[15,50],[7,16],[23,29],[31,14],[34,-13],[124,-19],[21,-10],[17,-12],[11,-13],[7,-15],[10,-38],[5,-41],[4,-94],[3,-167],[4,-25],[11,-24],[0,-3],[14,-20],[62,-66],[5,-8],[7,-5],[10,-13],[132,-145],[47,-50],[49,-61],[22,-28],[9,-16],[9,-23],[5,-23],[6,-38],[9,-150],[3,-23],[8,-18],[6,-6],[13,-8],[34,-1],[84,5],[12,3],[12,0],[2,-4],[5,4],[9,2],[32,3],[12,-2],[4,-2],[5,3],[7,1],[46,2],[36,5],[5,-3],[1,2],[18,3],[8,-2],[15,0],[16,4],[17,0],[5,-2],[12,5],[19,-1],[17,3],[5,-2],[21,3],[9,-2],[17,5],[21,-1],[19,3],[7,0],[2,1],[30,0],[13,2],[9,-2],[17,5],[17,11],[22,10],[85,23],[35,2],[2,-2],[30,-2],[4,-3],[1,2],[18,-2],[24,-6],[9,2],[3,-1],[3,-6],[7,0],[19,-8],[17,0],[3,-6],[7,1],[15,-1],[3,-4],[6,-2],[19,-7],[59,-39],[47,-52],[44,-55],[22,-25],[8,-10],[8,-16],[46,-120],[23,-47],[17,-25],[14,-18],[38,-41],[47,-39],[46,-24],[42,-16],[115,-36],[17,-3],[7,0],[12,4],[17,8],[4,4],[32,26],[137,141],[33,37],[12,17],[4,3],[1,5],[5,7],[2,0],[5,12],[11,16],[3,9],[17,24],[8,18],[31,40],[31,21],[5,7],[12,5],[7,5],[15,20],[14,25],[10,19],[-1,3],[19,30],[33,66],[40,68],[16,33],[4,2],[0,5],[3,3],[24,44],[45,119],[5,5],[47,71],[20,25],[25,25],[142,132],[3,5],[33,28],[78,54],[11,11],[8,0],[11,10],[73,48],[34,22],[14,13],[0,3],[19,14],[10,9],[31,26],[1,4],[3,0],[5,7],[32,25],[26,23],[6,4],[5,7],[5,1],[76,66],[42,29],[20,17],[172,227],[52,69],[62,78],[9,15],[7,8],[12,23],[14,46],[6,12],[32,92],[23,61],[23,49],[16,28],[5,13],[4,5],[29,56],[133,201],[5,12],[5,4],[9,12],[80,97],[68,102],[9,9],[11,7],[57,30],[31,6],[115,19],[107,29],[35,5],[63,3],[177,12],[53,10],[9,1],[3,-1],[18,6],[42,6],[111,23],[42,1],[33,-3],[24,-6],[31,-15],[3,-2],[19,-18],[34,-36],[7,-6],[2,0],[21,-25],[26,-24],[94,-72],[115,-86],[41,-34],[33,-30],[41,-42],[34,-48],[5,-4],[14,-3],[41,12],[19,9],[100,59],[27,15],[40,18],[19,5],[29,-2],[33,-7],[34,-16],[43,-24],[60,-43],[24,-21],[19,-22],[32,-42],[40,-63],[41,-59],[54,-68],[79,-91],[27,-38],[45,-71],[20,-28],[15,-25],[5,-8],[9,-10],[5,25],[3,-1],[11,-10],[7,-25],[3,-35],[8,-6],[0,-5],[3,-6],[44,-68],[51,-70],[29,-50],[69,-99],[12,-15],[5,-2],[25,-36],[40,-65],[12,-26],[10,-16],[55,-69],[32,-50],[41,-76],[15,-27],[43,-69],[14,-30],[3,-22],[-4,-33],[-16,-41],[-16,-26],[-3,-12],[8,-19],[24,-30],[12,-11],[6,-9],[27,-25],[14,-17],[49,-39],[12,-5],[61,-37],[56,-39],[35,-16],[31,-18],[5,-5],[25,-17],[24,-27],[8,-6],[72,-71],[29,-23],[69,-59],[65,-49],[28,-18],[49,-38],[7,-4],[45,-44],[28,-37],[18,-29],[32,-40],[63,-68],[40,-60],[53,-45],[16,-8],[91,-22],[31,-10],[86,-17],[4,-1],[2,-4],[53,-12],[38,-6],[59,-19],[57,-14],[15,-6],[34,-11],[95,-31],[66,-19],[50,-19],[56,-17],[29,-12],[70,-16],[56,-7],[60,-2],[54,-4],[65,1],[71,9],[20,-1],[18,-4],[18,-6],[21,-9],[67,-40],[135,-64],[64,-37],[104,-39],[13,-5],[69,-20],[67,-12],[32,-7],[78,-23],[17,-7],[58,-22],[43,-24],[15,-11],[28,-35],[14,-14],[53,-35],[27,-13],[136,-45],[58,-8],[49,-3],[102,-26],[38,-12],[36,-7],[38,-13],[45,-18],[65,-18],[21,-5],[19,-9],[40,-26],[18,-7],[16,-10],[42,-32],[78,-71],[34,-36],[32,-40],[30,-55],[23,-61],[22,-69],[10,-46],[14,-81],[8,-76],[0,-122],[-5,-72],[-6,-25],[-3,-23],[0,-38],[10,-56],[8,-23],[4,-18],[10,-25],[9,-16],[5,-4],[16,-28],[7,-6],[17,-27],[101,-149],[72,-116],[40,-69],[28,-38],[67,-87],[40,-62],[51,-65],[15,-22],[10,-10],[39,-21],[105,-65],[40,-21],[9,-3],[4,-3],[14,-4],[10,-6],[68,-22],[11,-3],[5,1],[2,-3],[15,-6],[33,-18],[62,-25],[36,-12],[16,-11],[23,-13],[29,-10],[78,-20],[12,-7],[15,-5],[24,-4],[25,0],[50,8],[6,0],[46,9],[47,12],[24,8],[36,19],[84,33],[39,18],[98,35],[19,11],[43,34],[29,19],[36,17],[41,14],[16,3],[17,0],[38,-5],[17,0],[45,-9],[25,-8],[13,6],[24,-4],[9,1],[101,17],[35,1],[7,-3],[16,-9],[29,-8],[57,-22],[48,-11],[31,-4],[53,0],[24,6],[19,-1],[26,4],[22,8],[35,28],[33,31],[43,36],[87,55],[117,90],[127,108],[37,35],[37,28],[28,21],[87,54],[44,31],[85,64],[103,64],[31,20],[74,55],[74,51],[297,190],[32,16],[31,8],[20,1],[12,-1],[55,-12],[31,-4],[4,-3],[5,-2],[58,-4],[31,-5],[19,-6],[33,-2],[65,-15],[17,-7],[81,-10],[122,-4],[101,-8],[67,-6],[52,-2],[48,-6],[89,-1],[16,2],[24,9],[22,5],[112,16],[51,15],[33,16],[36,10],[29,5],[28,-3],[34,-7],[14,-6],[36,-11],[31,-3],[82,2],[57,12],[67,29],[6,6],[11,5],[23,16],[29,25],[81,82],[37,54],[39,64],[33,53],[15,18],[52,77],[34,53],[40,46],[39,41],[27,38],[66,83],[60,64],[24,23],[44,32],[6,1],[32,18],[26,11],[84,43],[67,42],[50,47],[49,50],[24,27],[29,28],[5,9],[68,72],[179,195],[32,30],[117,100],[1,3],[43,46],[89,111],[52,71],[59,92],[76,107],[28,46],[17,36],[16,43],[9,36],[8,40],[-3,7],[8,38],[5,53],[-1,10],[3,16],[-9,66],[0,13],[3,10],[17,38],[31,41],[4,10],[2,0],[2,5],[14,60],[2,33],[-4,38],[0,18],[8,36],[2,18],[3,10],[3,58],[-3,46],[-9,67],[-13,57],[-3,11],[-11,48],[-8,32],[-8,33],[-17,46],[-17,31],[-32,49],[-36,46],[-17,17],[-24,19],[-33,34],[-30,25],[-32,33],[-21,25],[-21,31],[-13,29],[-4,14],[-22,55],[-1,17],[-4,3],[-1,4],[0,4],[-2,8],[-3,8],[-6,24],[-10,27],[0,5],[-25,71],[-17,35],[-51,69],[-18,22],[-27,36],[-25,29],[-15,16],[-29,21],[-46,47],[-12,23],[-15,28],[-9,13],[-33,79],[-11,34],[-39,88],[-20,63],[-24,57],[-18,33],[-32,77],[-20,58],[-8,17],[-11,16],[-14,33],[-26,84],[-15,60],[-12,41],[-20,33],[-4,12],[-42,84],[-7,17],[-12,43],[-13,54],[-2,25],[6,36],[28,87],[30,66],[8,13],[31,39],[6,10],[16,18],[25,41],[64,81],[14,31],[22,36],[2,8],[17,31],[44,115],[37,117],[16,62],[15,74],[21,87],[6,20],[8,46],[11,89],[7,89],[1,54],[12,107],[9,48],[5,56],[1,28],[-1,13],[3,15],[-1,11],[9,53],[19,59],[12,23],[4,13],[21,36],[108,130],[86,93],[49,67],[19,36],[3,12],[7,8],[8,17],[6,18],[14,61],[35,138],[18,51],[16,33],[16,41],[5,18],[7,16],[6,7],[14,34],[5,30],[-8,61],[-13,64],[-13,50],[-20,63],[-17,65],[-20,62],[-31,122],[-23,72],[-14,41],[-25,82],[-19,33],[-7,20],[-7,14],[-10,29],[-6,18],[-5,22],[-3,34],[12,56],[6,48],[3,145],[3,23],[17,72],[14,41],[5,9],[0,8],[7,11],[3,7],[28,44],[18,23],[45,46],[115,100],[23,23],[165,184],[15,14],[10,2],[15,13],[60,60],[45,51],[43,43],[130,149],[12,18],[21,41],[14,20],[40,77],[31,75],[8,18],[17,53],[19,62],[10,28],[18,38],[23,39],[32,66],[24,44],[14,31],[25,43],[14,21],[81,90],[14,12],[47,31],[18,13],[21,12],[45,18],[19,4],[48,10],[6,1],[6,1],[53,2],[29,-3],[38,-7],[67,-19],[53,-6],[48,-10],[29,-7],[48,-5],[53,-9],[85,-24],[50,-10],[19,-1],[38,-10],[31,-4],[36,-2],[60,4],[26,-5],[29,-1],[43,4],[5,-2],[28,-7],[69,-12],[34,-3],[24,1],[15,-1],[16,-1],[81,4],[75,-3],[36,4],[59,1],[44,8],[103,52],[18,6],[38,14],[24,4],[23,1],[32,2],[60,17],[73,24],[101,26],[24,4],[63,20],[12,5],[139,81],[13,9],[40,16],[38,31],[48,34],[49,41],[9,3],[89,79],[19,24],[22,39],[10,12],[35,40],[57,70],[8,13],[130,128],[34,36],[35,28],[40,22],[34,12],[55,13],[103,20],[38,12],[76,35],[65,25],[52,18],[47,20],[93,39],[63,21],[76,38],[81,28],[67,37],[145,49],[108,46],[40,12],[72,18],[81,34],[62,16],[9,4],[70,15],[110,18],[45,12],[31,12],[35,18],[48,23],[40,22],[53,37],[24,14],[12,1],[14,4],[26,5],[48,0],[20,3],[33,10],[19,7],[55,14],[76,27],[17,9],[68,44],[18,7],[16,9],[35,25],[17,18],[20,26],[10,15],[11,23],[12,18],[12,12],[25,18],[25,21],[22,26],[21,19],[15,18],[14,23],[30,72],[18,53],[19,77],[10,53],[4,34],[6,12],[4,23],[14,24],[33,28],[22,31],[9,18],[9,7],[31,14],[24,6],[19,10],[23,19],[14,19],[12,8],[25,9],[36,-1],[26,-4],[70,-30],[89,-24],[34,-16],[26,-8],[29,-13],[24,-15],[5,0],[48,-21],[50,-16],[63,-15],[10,-5],[9,-9],[3,-6],[1,-10],[4,-8],[76,-45],[53,-41],[14,-8],[198,-89],[86,-46],[8,-3],[24,-16],[43,-37],[37,-25],[16,-9],[65,-26],[25,-14],[76,-27],[25,-11],[48,-15],[9,-5],[17,-3],[75,-31],[29,-14],[21,-4],[34,-18],[41,-27],[17,-9],[7,0],[28,-10],[37,-1],[45,2],[3,-1],[51,6],[27,7],[2,2],[21,2],[125,26],[64,16],[45,15],[17,6],[24,12],[31,21],[8,9],[19,13],[23,20],[40,39],[35,35],[35,41],[19,27],[38,62],[18,24],[14,17],[21,18],[31,17],[24,11],[57,21],[110,46],[50,29],[27,26],[11,16],[2,16],[-1,5],[-7,7],[-9,18],[-2,10],[6,15],[14,16],[47,25],[26,9],[45,24],[48,30],[28,13],[47,17],[31,8],[60,10],[28,6],[43,19],[38,25],[45,23],[43,16],[38,10],[84,22],[43,7],[48,2],[36,4],[14,1],[1,-3],[10,0],[29,3],[69,2],[107,-5],[125,-16],[98,-4],[31,-5],[55,-12],[31,-2],[32,3],[7,-2],[139,2],[68,5],[38,-1],[81,6],[19,-12],[22,-17],[4,-6],[9,-4],[18,-16],[113,-110],[63,-78],[66,-70],[37,-30],[18,-12],[23,-16],[42,-21],[36,-2],[12,6],[59,54],[79,61],[139,93],[180,111],[67,44],[45,27],[93,68],[33,19],[38,28],[66,54],[45,29],[38,27],[36,21],[88,68],[21,13],[34,14],[52,21],[29,8],[43,7],[24,2],[97,-8],[117,14],[81,14],[72,7],[10,3],[7,0],[8,3],[46,6],[123,8],[55,15],[48,20],[35,12],[55,10],[8,-3],[28,-2],[22,-6],[43,-20],[40,-26],[17,-3],[10,2],[28,17],[20,42],[58,17],[37,6],[0,-14],[5,-25],[10,-27],[24,-44],[23,-40],[16,-37],[9,-46],[13,-76],[15,-67],[14,-74],[-2,-60],[-3,-46],[3,-34],[16,-16],[28,-5],[24,11],[12,14],[2,43],[-8,41],[-6,38],[1,16],[6,14],[16,6],[10,-2],[7,-25],[8,-14],[13,-16],[10,-16],[4,-15],[1,-28],[-2,-23],[-8,-48],[-11,-44],[-7,-81],[-2,-13],[0,-38],[-3,-31],[7,-43],[4,-42],[9,-52],[2,-25],[-5,-64],[0,-66],[-8,-86],[1,-44],[8,-100],[-3,-38],[-7,-23],[-25,-49],[-31,-35],[-17,-25],[-15,-26],[-6,-19],[-18,-77],[-1,-38],[-4,-51],[-7,-61],[2,-41],[-6,-43],[-22,-43],[-24,-29],[-36,-30],[-2,-3],[-6,-15],[-8,-30],[1,-43],[7,-33],[5,-13],[30,-64],[14,-24],[26,-55],[21,-37],[6,-21],[7,-28],[8,-22],[14,-23],[8,-14],[13,-15],[23,-24],[18,-14],[26,-24],[10,-12],[10,-13],[25,-42],[18,-23],[27,-26],[14,-19],[17,-16],[12,-10],[8,-8],[7,-5],[9,-3],[12,0],[18,1],[13,-5],[11,-5],[12,1],[7,-1],[7,-2],[12,1],[9,-4],[5,-5],[3,-6],[12,-12],[13,-8],[19,-6],[10,-3],[4,-3],[7,-5],[5,-5],[6,-5],[1,3],[1,4],[-1,4],[5,3],[5,-2],[1,-3],[2,-4],[3,-4],[3,-4],[6,-3],[4,-2],[3,-3],[1,-4],[2,-6],[3,-5],[3,-7],[4,0],[2,-5],[7,-6],[12,-6],[6,0],[2,-1],[9,-6],[4,-4],[3,-5],[3,-9],[5,-7],[4,-5],[0,-7],[0,-5],[1,-4],[3,-5],[2,-7],[5,-14],[14,-27],[12,-14],[24,-9],[10,-10],[14,-12],[16,-13],[17,-16],[16,-13],[12,-9],[7,-11],[6,-15],[4,-12],[3,-4],[3,-2],[2,0],[2,2],[2,2],[4,0],[2,-1],[2,-2],[0,-3],[0,-8],[1,-4],[2,-2],[5,0],[9,-2],[11,-8],[7,-5],[2,-2],[4,-3],[3,0],[6,2],[5,0],[3,-3],[1,-3],[-1,-6],[-2,-7],[1,-7],[4,-4],[9,-3],[9,-2],[8,-4],[8,-4],[5,-3],[2,-3],[-1,-1],[-3,1],[-1,-2],[1,-3],[1,-1],[3,-5],[3,-4],[4,-3],[4,-5],[-1,-4],[-2,-3],[0,-3],[2,-6],[6,-14],[5,-4],[5,-7],[2,-7],[6,-19],[6,-12],[5,-21],[1,-18],[6,-7],[9,-11],[5,-8],[3,-16],[6,-12],[13,-16],[12,-15],[8,-13],[11,-15],[4,-9],[4,-3],[4,-8],[6,-4],[4,-8],[10,-14],[11,-8],[2,-10],[5,-8],[8,-2],[14,-5],[12,-8],[7,-2],[5,-1],[4,-1],[3,-3],[1,-3],[0,-6],[5,-3],[5,-4],[4,-3],[0,-4],[0,-3],[2,-4],[3,-3],[5,0],[2,2],[1,4],[1,1],[4,0],[1,-2],[4,-1],[2,-1],[2,-4],[7,-5],[8,-3],[4,-3],[5,-2],[2,-4],[3,-4],[5,-3],[4,-1],[2,-2],[4,-5],[1,-8],[-1,-8],[0,-11],[12,-4],[8,-7],[2,-10],[8,-10],[3,-14],[2,-18],[6,-7],[19,-14],[20,-11],[23,-6],[22,-11],[4,-10],[7,-19],[8,-15],[9,-23],[10,-18],[6,-15],[-3,-20],[-4,-21],[-1,-18],[7,-18],[8,-6],[18,-8],[23,-10],[42,-18],[8,-4],[8,-5],[13,-11],[16,-18],[14,-18],[21,-33],[20,-28],[11,-22],[8,-26],[14,-51],[3,-16],[3,-10],[1,-27],[-9,-35],[-1,-10],[9,-21],[9,-11],[7,-9],[8,-24],[10,-13],[12,-6],[15,-7],[8,-7],[10,-13],[13,-8],[20,-13],[14,-21],[20,-31],[16,-21],[12,-14],[3,-8],[-1,-17],[-1,-21],[1,-23],[6,-16],[5,-6],[11,-15],[7,-5],[9,-7],[10,-3],[6,1],[4,4],[4,4],[6,-6],[3,-15],[6,-17],[2,-8],[2,-10],[-2,-11],[3,-9],[5,-1],[10,3],[8,2],[4,-1],[3,-5],[2,-5],[-1,-3],[-5,-6],[0,-5],[-1,-8],[-8,-9],[-9,2],[0,-3],[-5,-11],[2,-17],[4,-7],[6,-4],[10,0],[5,-3],[4,-7],[1,-6],[2,-14],[8,-8],[12,-1],[14,1],[6,-1],[5,-5],[11,-6],[10,-2],[5,-5],[5,-4],[4,-5],[3,-5],[2,-3],[4,-2],[5,2],[2,4],[2,3],[4,2],[7,1],[4,-2],[5,-8],[8,-12],[6,-4],[7,-3],[10,-8],[10,-11],[13,-28],[5,-23],[0,-15],[-5,-13],[-4,-13],[1,-13],[-2,-13],[-9,-18],[-5,-21],[-1,-21],[-6,-26],[3,-24],[6,-24],[8,-12],[13,-10],[16,-14],[14,-20],[10,-10],[19,-1],[27,6],[13,-2],[43,7],[33,1],[75,-4],[40,0],[39,3],[24,6],[36,0],[45,-2],[36,2],[24,4],[27,1],[38,8],[15,6],[14,13],[13,5],[9,0],[15,-10],[5,-4],[4,-4],[39,-68],[17,-43],[3,-15],[6,-42],[-1,-39],[2,-33],[-7,-76],[-2,-51],[2,-77],[3,-46],[-8,-35],[5,-21],[12,-18],[16,-15],[17,-8],[20,-8],[7,-5],[8,-10],[20,-31],[25,-27],[17,-8],[5,1],[14,-8],[25,-2],[20,-7],[32,-6],[25,-9],[26,-6],[23,-1],[37,-22],[15,-16],[19,-45],[15,-44],[22,-95],[9,-55],[12,-50],[5,-39],[2,-6],[1,-20],[4,-25],[5,-20],[20,-53],[16,-52],[19,-43],[19,-34],[35,-46],[21,-21],[7,-10],[54,-64],[7,-13],[18,-27],[8,-7],[12,-5],[9,2],[12,0],[12,-3],[16,-8],[14,-11],[39,-34],[66,-82],[10,-8],[29,-16],[18,-7],[81,-12],[91,0],[29,2],[24,4],[34,13],[14,4],[36,1],[35,-3],[31,-6],[26,-8],[22,-8],[45,-33],[11,-19],[69,-77],[23,-36],[11,-24],[8,-11],[27,-32],[28,-27],[20,-10],[12,-1],[56,-12],[17,-1],[18,-4],[31,0],[12,-6],[5,-7],[4,-18],[5,-10],[1,-13],[9,-25],[20,-34],[20,-21],[13,-7],[22,-5],[7,-4],[11,-18],[10,-11],[12,-8],[67,-16],[12,-10],[9,-16],[6,-5],[18,-8],[43,-13],[57,-23],[17,-12],[38,-44],[17,-22],[15,-32],[2,-32],[-4,-18],[0,-9],[5,-27],[16,-40],[29,-49],[15,-32],[7,-19],[20,-68],[14,-82],[10,-36],[5,-11],[10,-15],[21,-24],[22,-22],[25,-16],[4,-6],[14,-14],[5,-2],[16,-17],[44,-35],[85,-80],[76,-61],[64,-44],[46,-39],[41,-43],[26,-36],[17,-19],[37,-34],[19,-12],[10,-4],[12,-4],[34,-3],[6,2],[10,8],[7,17],[3,16],[2,26],[4,14],[14,30],[11,34],[22,34],[23,13],[12,1],[47,13],[17,1],[22,-3],[15,-7],[24,-15],[18,-17],[71,-92],[17,-11],[21,-7],[11,-6],[15,-22],[64,-80],[17,-24],[7,-7],[10,-6],[17,-7],[17,1],[4,-1],[46,7],[29,10],[22,11],[53,14],[34,15],[36,7],[12,1],[10,-1],[16,-13],[22,-28],[13,-21],[18,-35],[4,-3],[3,-8],[7,-9],[1,-10],[-5,-10],[-12,-12],[-14,-8],[-19,-13],[-21,-18],[-33,-43],[-5,-10],[-2,-24],[2,-8],[17,-41],[18,-28],[41,-35],[34,-22],[43,-33],[19,-17],[14,-8],[23,-5],[37,-2],[82,12],[21,0],[20,-4],[32,-49],[19,-36],[22,-36],[14,-14],[22,-16],[54,-26],[11,-3],[26,-1],[18,6],[18,6],[27,16],[19,6],[19,0],[27,-2],[29,-9],[15,-21],[6,-14],[6,-25],[1,-39],[5,-16],[11,-17],[21,-17],[32,-15],[17,-5],[17,-5],[21,-1],[10,0],[45,11],[10,1],[5,1],[5,2],[15,9],[11,6],[6,-1],[7,-5],[7,-17],[0,-23],[-3,-26],[2,-12],[6,-8],[13,-5],[8,0],[33,11],[20,1],[29,-7],[11,-6],[12,-19],[9,-28],[2,-15],[-4,-53],[-19,-60],[1,-2],[-7,-15],[1,-4],[-4,-5],[-4,-9],[0,-15],[-4,-12],[2,-5],[5,-13],[26,-42],[14,-36],[0,-8],[-7,-10],[-2,0],[-3,-7],[-9,-13],[-4,-10],[-3,-2],[-2,-7],[2,-17],[2,-11],[7,-14],[24,-26],[13,-8],[37,-44],[23,-15],[19,-17],[16,-19],[-80,-9],[6,-12],[52,-90],[19,-32],[29,-57],[14,-30],[19,-46],[6,-20],[0,-5],[3,-5],[6,-9],[7,-6],[13,158],[12,-19],[50,-121],[35,-56],[8,-15],[23,-34],[34,-43],[21,-31],[44,-59],[37,-40],[92,-104],[70,-113],[46,-52],[11,-13],[28,-21],[17,-15],[14,-19],[25,-49],[24,-33],[52,-59],[11,-9],[17,-20],[21,-17],[24,-18],[26,-13],[13,-4],[38,-5],[24,0],[12,-2],[14,-7],[26,-19],[19,-20],[25,-30],[42,-38],[72,-46],[21,-7],[25,-7],[14,-1],[36,-1],[9,2],[41,19],[60,40],[39,23],[43,12],[14,9],[24,8],[29,15],[67,26],[53,21],[33,11],[53,24],[48,14],[64,28],[8,2],[2,-2],[10,4],[38,16],[108,53],[48,19],[38,11],[29,-1],[17,-9],[13,-13],[6,-9],[17,-41],[18,-33],[19,-27],[51,-63],[17,-18],[22,-21],[41,-23],[23,-7],[43,-2],[43,-10],[34,-23],[26,-23],[42,-54],[6,-12],[7,-32],[10,-15],[7,-8],[6,-12],[11,-11],[37,-28],[8,-9],[24,-34],[31,-34],[27,-23],[14,-8],[24,-10],[21,-7],[29,5],[12,0],[24,3],[66,0],[21,2],[18,-2],[9,-5],[60,-72],[51,-75],[39,-73],[5,-13],[20,-38],[6,-14],[28,-56],[24,-34],[31,-33],[31,-47],[68,-91],[44,-50],[46,-52],[38,-52],[27,-32],[19,-22],[29,-23],[15,-18],[8,-22],[11,-53],[1,-31],[-4,-17],[-10,-18],[-13,-21],[-28,-35],[-53,-83],[-38,-76],[-24,-41],[-17,-38],[-12,-40],[-17,-39],[-52,-88],[-53,-100],[-9,-12],[-27,-49],[-18,-66],[-5,-12],[-9,-16],[-4,-15],[1,-35],[17,-53],[4,-15],[11,-43],[13,-64],[14,-45],[14,-39],[17,-56],[41,-86],[11,-48],[1,-13],[3,-15],[3,-44],[-1,-28],[-4,-23],[-18,-63],[-16,-38],[0,-4],[-4,-4],[-12,-23],[-18,-38],[-10,-25],[-6,-33],[-1,-26],[3,-12],[17,-28],[13,-25],[28,-45],[53,-61],[19,-16],[21,-14],[19,-17],[22,-16],[7,-7],[11,-6],[37,-35],[53,-39],[70,-76],[20,-29],[35,-65],[16,-38],[9,-32],[4,-28],[1,-46],[4,-53],[8,-135],[18,-128],[10,-55],[3,-46],[7,-44],[0,-16],[10,-83],[6,-98],[-2,-87],[-5,-63],[-8,-41],[-24,-99],[-5,-31],[-4,-12],[-6,-36],[-3,-46],[-3,-10],[4,-58],[7,-52],[7,-35],[1,-43],[-3,-10],[0,-27],[0,-27],[2,-59],[-2,-46],[3,-31],[1,-66],[3,-37],[5,-25],[15,-42],[10,-43],[12,-23],[3,-1],[21,-25],[29,-44],[8,-19],[10,-18],[14,-41],[2,-15],[10,-20],[29,-26],[23,-27],[27,-23],[20,-25],[24,-24],[31,-20],[27,-22],[17,-26],[18,-22],[6,-4],[4,-7],[33,-31],[21,-11],[84,-22],[45,-6],[36,1],[22,-4],[23,-14],[5,-8],[25,-10],[4,-7],[52,-49],[131,-74],[12,-5],[21,-5],[26,-6],[10,0],[45,-13],[24,-4],[34,-12],[38,-3],[19,3],[14,0],[9,4],[27,1],[82,11],[21,0],[28,-6],[12,-7],[6,-4],[6,-2],[7,-3],[10,-1],[9,-2],[6,-1],[4,0],[8,3],[27,14],[13,7],[4,1],[3,0],[4,-1],[15,-6],[13,-5],[13,-4],[10,-2],[8,-1],[11,-1],[9,1],[11,2],[15,3],[7,0],[34,-3],[5,-2],[16,-6],[8,-3],[16,-4],[27,-9],[9,-2],[7,-2],[6,-1],[12,-1],[21,-1],[22,-1],[9,-1],[8,-1],[7,-2],[18,-6],[36,-14],[18,-6],[7,-2],[8,-1],[21,-2],[13,-2],[13,-3],[6,-2],[15,-7],[11,-6],[8,-4],[13,-4],[10,-3],[23,-3],[26,-5],[24,-4],[9,-1],[6,0],[10,1],[16,5],[3,0],[70,6],[20,0],[40,-4],[31,-11],[19,-5],[48,19],[75,40],[31,9],[45,19],[53,30],[41,15],[26,15],[31,15],[46,18],[17,5],[14,8],[101,27],[53,9],[53,7],[19,5],[45,17],[41,23],[24,8],[25,18],[4,9],[10,9],[23,15],[36,13],[36,14],[22,8],[24,6],[21,4],[21,2],[14,1],[16,-2],[14,-2],[22,-9],[19,-8],[19,-5],[10,-1],[17,1],[14,3],[14,5],[46,13],[27,10],[34,12],[15,4],[17,3],[16,1],[14,2],[40,-2],[18,2],[28,6],[27,4],[29,6],[31,8],[26,10],[32,15],[20,5],[34,9],[23,5],[19,4],[27,9],[21,6],[18,3],[28,3],[17,0],[20,1],[13,0],[61,-2],[28,0],[38,6],[24,2],[22,5],[32,9],[25,5],[31,6],[28,3],[22,4],[17,5],[22,6],[25,9],[13,4],[10,-2],[22,-6],[18,-2],[17,-2],[11,0],[18,2],[29,7],[17,6],[12,2],[13,2],[15,-1],[11,-1],[11,-3],[14,-8],[40,-35],[10,-7],[13,-7],[18,-6],[26,-7],[24,-9],[17,-7],[18,-12],[14,-10],[28,-12],[32,-12],[30,-14],[62,-33],[12,-10],[48,-31],[18,-10],[3,-4],[9,-3],[30,-5],[11,-9],[11,-3],[10,-14],[15,-7],[13,-6],[62,-16],[4,0],[3,-3],[40,-14],[46,-23],[33,-3],[33,1],[34,-15],[2,2],[5,-1],[12,3],[17,-3],[25,-12],[25,-12],[75,-42],[129,-51],[28,-15],[45,-30],[19,-15],[7,-3],[10,-11],[21,-18],[6,-7],[42,-20],[35,-24],[28,-23],[29,-29],[35,-30],[19,-19],[26,-21],[12,-6],[19,-1],[10,-3],[9,-7],[15,-17],[28,-16],[16,-9],[29,-8],[42,-22],[34,-12],[62,-8],[76,-7],[34,1],[40,-4],[81,-22],[15,-7],[11,-5],[24,-6],[36,-4],[31,1],[28,10],[11,1],[50,-3],[33,-6],[17,-7],[47,-28],[36,-17],[45,-19],[21,-11],[24,-18],[21,-22],[24,-16],[21,-7],[70,-13],[47,-15],[55,-28],[68,-45],[10,-9],[9,-5],[29,-11],[12,-8],[43,-19],[23,-6],[19,-9],[27,-8],[33,-7],[14,-2],[19,0],[65,16],[31,12],[38,24],[25,21],[25,31],[26,38],[27,38],[37,41],[10,13],[0,2],[20,24],[10,19],[7,7],[5,9],[32,36],[43,38],[22,28],[28,53],[16,25],[15,31],[20,33],[16,16],[47,35],[10,18],[14,17],[28,28],[31,35],[26,25],[29,25],[14,8],[22,7],[29,5],[22,6],[18,9],[8,9],[9,21],[9,10],[2,7],[44,44],[16,13],[24,16],[68,31],[46,8],[39,17],[4,3],[36,5],[1,8],[4,8],[6,3],[2,6],[9,8],[20,13],[22,5],[10,-1],[24,3],[31,13],[11,10],[10,11],[9,6],[27,25],[8,10],[61,100],[30,76],[19,41],[21,42],[37,61],[28,41],[37,46],[66,93],[46,56],[56,77],[12,25],[10,13],[36,79],[18,25],[9,9],[19,14],[52,45],[21,24],[19,34],[21,58],[16,46],[20,66],[28,150],[12,38],[9,18],[14,66],[5,21],[14,38],[16,66],[8,33],[4,46],[6,28],[31,74],[33,53],[7,8],[16,11],[23,9],[38,10],[26,13],[40,36],[17,19],[24,13],[5,1],[7,6],[23,30],[13,8],[18,1],[36,-12],[47,-18],[33,-14],[23,-13],[45,-18],[26,-8],[17,-6],[16,-7],[44,-13],[32,-10],[37,-8],[27,-6],[22,-3],[23,-2],[10,1],[15,2],[12,2],[9,2],[8,3],[18,3],[10,4],[12,5],[12,8],[11,8],[15,9],[17,11],[37,27],[20,15],[10,9],[8,9],[12,5],[6,2],[3,0],[17,-11],[17,-13],[21,-21],[11,-8],[11,-8],[12,-6],[16,-8],[19,-8],[17,-7],[29,-11],[13,-5],[22,-6],[12,-1],[21,-3],[25,-1],[13,1],[10,-1],[19,0],[14,2],[10,-1],[12,-2],[8,-1],[10,-1],[10,-3],[10,-6],[18,-11],[23,-21],[27,-24],[19,-17],[12,-13],[14,-10],[21,-14],[28,-18],[13,-8],[9,-4],[15,-5],[13,-6],[8,-1],[18,-1],[20,-1],[13,0],[17,1],[13,1],[12,5],[14,4],[11,4],[15,4],[11,2],[11,3],[11,1],[14,2],[10,0],[11,-1],[11,-3],[21,-7],[16,-6],[18,-5],[16,-4],[16,-1],[17,0],[27,3],[18,4],[18,4],[19,1],[18,2],[16,-1],[12,-2],[10,-3],[13,-7],[20,-11],[8,-8],[8,-8],[13,-15],[21,-27],[22,-22],[23,-27],[23,-24],[13,-16],[17,-18],[16,-17],[16,-13],[18,-15],[19,-14],[19,-13],[11,-5],[24,-8],[26,-7],[28,-7],[27,-6],[34,-8],[28,-10],[18,-8],[19,-6],[18,-8],[18,-6],[44,-17],[28,-12],[16,-7],[16,-8],[34,-18],[18,-12],[24,-20],[16,-12],[11,-8],[15,-10],[21,-14],[12,-11],[7,-9],[12,-17],[8,-10],[13,-12],[23,-20],[17,-21],[9,-12],[9,-13],[12,-18],[17,-22],[11,-15],[14,-15],[10,-12],[19,-24],[13,-17],[16,-19],[47,-43],[26,-23],[15,-15],[13,-10],[20,-16],[14,-15],[28,-27],[11,-11],[11,-10],[8,-10],[24,-21],[47,-41],[24,-20],[10,-8],[6,-4],[5,-1],[44,22],[199,103],[50,30],[40,25],[22,18],[17,14],[9,18],[4,22],[124,155],[5,7],[52,60],[34,36],[52,43],[75,60],[100,52],[66,25],[33,13],[51,19],[30,15],[5,2],[7,-13],[54,-77],[34,-43],[24,-43],[29,-54],[47,-88],[25,-30],[27,-30],[35,-45],[52,-64],[72,-37],[38,-9],[52,-9],[58,1],[28,-9],[31,-12],[48,0],[134,-6],[13,3],[132,50],[113,41],[57,17],[39,0],[90,-5],[21,3],[58,37],[82,53],[81,34],[153,0],[23,-6],[103,-158],[35,-42],[39,-24],[38,-29],[32,-30],[13,-14],[56,-89],[54,-44],[49,-67],[27,-39],[53,-72],[6,6],[15,-9],[51,-10],[49,-8],[73,-8],[41,-9],[29,-12],[29,-18],[79,-47],[32,-18],[32,-17],[45,-20],[37,49],[32,16],[48,15],[24,0],[94,-5],[18,-4],[69,-17],[31,-13],[53,-19],[105,-44],[27,-15],[22,-18],[22,-20],[38,-38],[43,-46],[13,-19],[41,-66],[18,-20],[55,-41],[76,-38],[39,-21],[51,-39],[17,-1],[24,-11],[12,6],[29,-9],[51,-20],[35,-6],[79,-20],[46,0],[30,-9],[37,-6],[96,-24],[63,-32],[62,-43],[46,-50],[41,-52],[24,-22],[53,-20],[57,-27],[17,-14],[55,-52],[74,-46],[49,-15],[14,-3],[70,15],[52,9],[103,14],[52,18],[82,50],[9,3],[28,14],[19,28],[22,27],[40,43],[14,12],[13,12],[28,63],[33,-24],[44,-39],[48,-55],[47,-58],[30,-46],[19,-18],[14,-36],[19,-55],[29,-63],[26,-32],[83,-137],[48,-82],[59,-63],[20,-12],[25,-10],[24,-16],[61,-51],[20,-9],[63,-30],[21,0],[31,2],[48,6],[21,13],[24,7],[29,1],[13,0],[72,12],[50,-2],[80,-8],[52,-11],[26,-12],[28,8],[26,-3],[60,0],[47,-30],[26,-1],[70,-18],[43,-8],[31,13],[28,-1],[36,-15],[72,-22],[61,-1],[22,-11],[20,-22],[19,-30],[20,-34],[41,-53],[32,-31],[34,-10],[23,-9],[43,-25],[65,-42],[30,-8],[53,-11],[22,-3],[22,-3],[44,0],[45,0],[58,5],[46,-7],[20,-9],[23,1],[22,0],[22,0],[31,-13],[4,-1],[62,-14],[1,0],[4,-2],[9,-3],[68,-23],[48,-16],[2,-1],[23,-31],[37,-50],[15,-45],[21,-29],[32,-35],[28,-23],[24,-33],[20,-43],[7,-27],[30,-32],[47,-33],[26,-12],[64,-29],[26,-24],[42,-60],[43,-68],[40,-59],[5,-8],[33,-74],[25,-63],[5,-40],[9,-34],[28,-77],[26,-57],[41,-94],[21,-44],[5,-11],[22,-67],[12,-91],[-2,-91],[-14,-62],[-6,-84],[-25,-187],[-12,-99],[-3,-54],[-1,-62],[6,-8],[37,-21],[50,-28],[26,-24],[48,-98],[16,-34],[11,-66],[4,-56],[3,-42],[15,-68],[26,-79],[20,-40],[22,-42],[8,-32],[8,-36],[-2,-40],[-11,-57],[-35,-102],[-7,-60],[-4,-32],[-8,-36],[-21,-86],[-11,-58],[0,-44],[-7,-30],[-21,-82],[6,-23],[17,-79],[15,-88],[12,-40],[42,-68],[47,-101],[22,-37],[44,-22],[29,-7],[46,-20],[74,-40],[12,-7],[16,-11],[47,-71],[20,-44],[31,-58],[0,-32],[-1,-37],[9,-56],[12,-26],[14,-15],[21,-37],[21,-87],[30,-85],[43,-123],[40,-39],[19,-24],[34,-16],[60,-8],[49,-22],[101,-50],[49,-38],[51,-47],[68,-97],[30,-36],[62,-94],[80,-54],[58,-33],[42,-39],[46,-45],[44,-22],[64,-20],[76,-15],[38,-27],[56,-46],[36,-31],[32,-54],[16,-38],[44,-26],[52,-34],[30,-27],[56,-63],[66,-61],[75,-47],[79,-54],[35,-39],[52,-54],[31,-41],[55,-41],[76,-58],[41,-54],[66,-69],[67,-58],[43,-54],[17,-15],[17,-15],[39,-43],[40,-65],[20,-28],[47,-31],[21,-23],[26,-40],[15,-55],[-4,-31],[-4,-171],[-10,-27],[-4,-99],[27,-286],[2,-24],[9,-72],[8,-16],[125,-95],[105,-86],[75,-66],[29,-103],[-7,-11],[18,-23],[7,-20],[5,-47],[19,-54],[0,-47],[0,-98],[5,-44],[12,-73],[0,-38],[-8,-34],[-13,-37],[-5,-40],[-5,-100],[1,-63],[-9,-15],[-57,-102],[-20,-28],[-31,-37],[-99,-99],[-85,-90],[-12,-19],[-6,-29],[-24,-125],[-6,-51],[-7,-41],[-8,-41],[-16,-41],[-25,-51],[-7,-62],[1,-22],[-1,-73],[-1,-14],[-3,-66],[-3,-66],[-2,-17],[0,-21],[1,-45],[6,-14],[5,-11],[1,-4],[30,-105],[5,-23],[11,-48],[18,-31],[21,-44],[88,-174],[14,-23],[46,-78],[20,-38],[20,-37],[58,-132],[31,-53],[72,-103],[67,-49],[68,-40],[71,-28],[72,-50],[79,-50],[49,-29],[27,-32],[15,-9],[22,-18],[42,-43],[32,-42],[65,-91],[66,-90],[30,-25],[49,-30],[46,-34],[18,-31],[31,-43],[29,-63],[13,-39],[21,-28],[25,-51],[29,-80],[26,-131],[11,-66],[8,-83],[6,-20],[64,-61],[65,-62],[18,-23],[28,-53],[66,-152],[49,-143],[163,-226],[-19,-31],[44,-118],[52,-80],[24,-72],[39,-57],[44,-76],[45,-62],[45,-41],[22,-47],[-11,-93],[4,-47],[30,-73],[31,-64],[11,-82],[12,-65],[-5,-68],[-17,-47],[-40,-31],[-23,-41],[6,-73],[24,-87],[25,-80],[27,-84],[0,-60],[-10,-83],[1,-48],[1,-48],[-29,-61],[0,-14],[2,-72],[16,-61],[17,-61],[-1,-99],[6,-115],[2,-25],[19,-26],[7,-66],[21,-44],[23,-63],[21,-44],[39,-63],[10,-39],[-1,-94],[-1,-66],[-13,-83],[-13,-77],[11,-71],[9,-47],[14,-50],[6,-33],[28,-54],[-1,-36],[16,-23],[-4,-48],[7,-18],[26,-26],[0,-25],[26,-30],[-6,-28],[6,-15],[33,-29],[-14,-28],[4,-14],[9,-19],[25,-12],[27,-20],[30,-25],[38,-12],[11,-18],[28,-31],[61,-85],[23,-30],[30,-17],[20,-22],[13,-18],[22,-24],[43,-17],[32,-24],[4,-42],[-10,-26],[3,-22],[15,-40],[3,-44],[-1,-48],[-3,-22],[-15,-32],[-5,-19],[4,-17],[-6,-20],[0,-24],[-6,-23],[0,-18],[7,-11],[3,-10],[-2,-9],[0,-10],[6,-6],[-1,-12],[0,-13],[11,-7],[11,-15],[-11,-13],[-12,-9],[-5,-8],[14,-18],[15,-20],[0,-14],[9,-36],[17,-22],[10,-7],[20,-15],[2,-17],[6,-17],[20,-34],[27,-20],[23,-13],[10,-27],[-2,-36],[4,-23],[21,-41],[2,-36],[4,-12],[20,-11],[11,-21],[22,-35],[27,-37],[0,-35],[-9,-28],[-1,-16],[5,-12],[16,-10],[32,-24],[23,-37],[23,-24],[21,-12],[17,-20],[16,-35],[9,-21],[6,-20],[21,-19],[9,-17],[-4,-20],[-8,-23],[9,-17],[23,-30],[5,-26],[19,-25],[6,-16],[-11,-29],[-14,-24],[6,-117],[53,6],[43,-23],[34,-22],[36,-25],[41,-38],[15,-28],[23,-28],[28,-30],[26,-25],[28,-20],[32,-15],[53,-17],[40,-1],[25,4],[32,26],[34,32],[36,27],[44,33],[41,34],[48,36],[30,29],[26,27],[23,24],[32,24],[18,23],[20,26],[12,19],[27,84],[6,58],[12,98],[9,17],[18,24],[29,28],[27,25],[53,58],[43,41],[34,11],[34,8],[10,22],[7,47],[10,43],[15,59],[29,75],[31,53],[33,44],[23,43],[28,64],[47,53],[45,45],[32,47],[53,45],[65,55],[48,53],[25,40],[18,56],[24,68],[32,84],[26,85],[4,49],[21,-6],[29,-3],[16,13],[17,27],[5,-6],[13,-40],[24,-36],[26,10],[47,20],[31,0],[24,-29],[40,-35],[20,-19],[22,-41],[27,-30],[23,-31],[34,-42],[28,-33],[50,-38],[45,-22],[29,-14],[23,-19],[6,-27],[22,-11],[13,-15],[6,-15],[2,-25],[15,-36],[18,-14],[24,-3],[20,17],[29,3],[24,-9],[36,-22],[17,-5],[46,0],[7,-1],[10,9],[20,26],[13,35],[13,25],[4,-5],[23,-33],[13,-40],[16,-37],[28,-25],[25,-5],[12,-7],[7,-23],[23,-29],[17,-17],[27,-25],[24,-26],[7,-36],[10,-21],[23,-19],[18,-45],[9,-35],[-14,-72],[0,-37],[15,-56],[25,-60],[42,-38],[35,-20],[22,-23],[0,-27],[-9,-24],[3,-15],[17,-16],[25,-18],[37,-21],[5,-32],[9,-30],[16,-12],[10,-11],[8,-22],[18,-17],[16,-22],[1,-20],[9,-26],[0,-24],[9,-16],[0,-23],[7,-18],[19,-28],[5,-35],[-9,-42],[-11,-43],[3,-38],[-13,-27],[-2,-35],[-9,-12],[-22,-12],[-4,-19],[15,-23],[21,-32],[27,-30],[36,-39],[27,-16],[9,1],[28,8],[13,11],[19,6],[14,18],[6,28],[17,19],[29,5],[22,-5],[18,-13],[27,-22],[19,-36],[37,-39],[28,-44],[0,-26],[-8,-31],[2,-25],[16,-13],[18,-14],[27,-31],[21,-28],[17,-13],[11,6],[6,10],[9,31],[12,8],[20,-8],[25,-21],[23,-22],[19,-43],[16,-17],[27,-5],[33,-9],[24,0],[10,-5],[2,-23],[-4,-20],[-20,-15],[-15,-13],[-1,-11],[10,-16],[7,-21],[-1,-15],[0,-15],[-5,-7],[-19,-7],[-3,-15],[14,-34],[-4,-32],[-5,-26],[-5,-45],[5,-8],[5,-32],[28,-14],[33,4],[20,2],[16,-11],[6,-37],[20,-28],[1,-20],[-13,-24],[0,-35],[11,-48],[-11,-31],[-24,-28],[0,-44],[13,-29],[17,-4],[20,26],[33,6],[29,2],[15,-42],[12,-28],[-11,-55],[-34,-55],[-9,-18],[-1,-25],[5,-13],[13,-24],[2,-17],[-9,-35],[-9,-42],[-4,-26],[-4,-39],[-9,-22],[-16,-36],[-2,-28],[10,-33],[29,-53],[23,-73],[10,-34],[4,-36],[14,-30],[4,-29],[6,-23],[11,-14],[18,-7],[17,-17],[2,-14],[-12,-21],[-9,-23],[0,-26],[10,-17],[23,-8],[23,-8],[17,-16],[15,-22],[11,-17],[9,-25],[11,-25],[9,-29],[20,-42],[1,-39],[-13,-22],[-2,-23],[-4,-20],[-2,-30],[-1,-52],[-4,-36],[-15,-45],[-7,-28],[6,-34],[3,-26],[-5,-25],[-15,-32],[-5,-27],[4,-58],[-3,-31],[-9,-16],[-15,-13],[-36,-33],[-14,-18],[-12,-30],[3,-19],[19,-39],[13,-35],[27,-35],[20,-21],[5,-19],[1,-27],[17,-26],[21,-53],[0,-34],[-2,-38],[0,-14],[-5,-10],[-6,-19],[6,-9],[6,-16],[3,-15],[8,-5],[33,-22],[17,-5],[7,-7],[-1,-61],[-21,-21],[0,-13],[-5,-18],[-1,-17],[19,-28],[7,-33],[1,-35],[-1,-44],[-10,-30],[-16,-39],[-2,-26],[11,-32],[15,-28],[20,-34],[29,-32],[23,-19],[8,-6],[4,-10],[2,-18],[14,-14],[-1,-10],[-1,-11],[7,-6],[11,-3],[8,-9],[-2,-14],[0,-27],[7,-13],[20,-20],[18,-6],[7,-4],[4,-11],[8,-21],[1,-23],[4,-14],[12,-19],[-2,-12],[-9,-12],[4,-2],[11,-4],[10,-3],[16,-18],[16,-14],[4,-9],[-6,-25],[2,-9],[10,-8],[5,-9],[17,-19],[10,-3],[25,1],[9,-5],[10,-16],[13,-23],[-2,-18],[4,-24],[11,-35],[14,-44],[15,-31],[23,-26],[23,-18],[12,-20],[25,-19],[22,-8],[9,-17],[17,-11],[11,-10],[17,-18],[18,-34],[21,-23],[24,-47],[38,-66],[26,-63],[23,-49],[21,-26],[-1,-23],[5,-48],[14,-45],[25,-59],[-2,-13],[1,-14],[17,-18],[26,-47],[20,-65],[20,-64],[39,-69],[35,-61],[22,-25],[30,-45],[11,-35],[-2,-18],[10,-16],[11,-21],[1,-27],[-3,-22],[2,-14],[-1,-27],[-12,-35],[-7,-28],[-4,-28],[8,-24],[40,-71],[30,-54],[11,-25],[7,-23],[5,-44],[8,-23],[-1,-14],[-10,-30],[-1,-15],[1,-41],[1,-44],[8,-43],[1,-33],[-12,-83],[2,-16],[9,-29],[3,-28],[-1,-47],[2,-19],[9,-28],[12,-18],[15,-22],[14,-27],[20,-54],[33,-92],[12,-27],[14,-23],[18,-39],[20,-23],[23,-12],[26,-6],[36,-19],[29,-18],[15,0],[16,3],[7,-1],[25,-9],[22,-7],[24,-3],[45,-7],[34,-6],[29,3],[19,1],[12,-7],[12,-4],[34,6],[45,3],[52,-2],[38,-12],[23,-8],[41,-23],[25,-11],[37,-4],[29,-6],[92,4],[29,1],[-48,-34],[-189,-124],[-155,-101],[-37,-26],[-97,-65],[-15,-10],[-117,-75],[-357,6],[-405,8],[-125,-1],[-128,2],[-40,2],[-25,1],[-15,-6],[-22,-25],[-37,-36],[-20,-2],[-38,-2],[-53,4],[-62,0],[-60,2],[-36,-8],[-49,-7],[-33,10],[-18,8],[-10,13],[-13,18],[-13,23],[-25,77],[-15,63],[-22,45],[-23,35],[-18,45],[-27,38],[-29,60],[-28,43],[-31,34],[-18,5],[-36,-28],[-40,-15],[-25,0],[-28,4],[-52,1],[-37,-5],[-66,-28],[-70,-22],[-22,1],[-21,13],[-53,40],[-45,36],[-44,25],[-28,10],[-50,5],[-57,-14],[-21,0],[-36,9],[-46,1],[-35,-8],[-109,-42],[-83,-28],[-75,-35],[-47,-20],[-14,-2],[-16,3],[-35,-5],[-68,-3],[-32,6],[-37,17],[-51,25],[-61,22],[-37,4],[-44,8],[-57,12],[-70,5],[-56,5],[-38,13],[-45,26],[-45,49],[-50,22],[-48,14],[-55,30],[-50,31],[-62,59],[-95,37],[-29,39],[-45,46],[-52,14],[-30,-9],[-45,-8],[-31,8],[-54,29],[-49,45],[-85,82],[-68,37],[-88,41],[-94,36],[-75,20],[-72,2],[-13,-8],[-48,-28],[-36,-16],[-31,1],[-12,-2],[-28,-16],[-11,3],[-18,7],[-20,15],[-14,8],[-14,-1],[-22,-6],[-30,4],[-39,26],[-22,17],[-26,23],[0,9],[-22,63],[-13,53],[-50,30],[-58,22],[-37,25],[-45,6],[-77,6],[-69,7],[-26,7],[-4,-23],[-16,-43],[-5,-39],[-4,-33],[-5,-35],[-8,-32],[-8,-27],[-16,-15],[-20,-10],[-13,-11],[-24,-16],[-22,-10],[-18,0],[-28,-4],[-10,-36],[-13,-29],[-36,-49],[-31,-49],[-12,-25],[-5,-22],[-4,-14],[-1,-25],[0,-27],[0,-38],[-3,-30],[-3,-39],[-7,-54],[-1,-36],[-6,-22],[-16,-42],[-1,-15],[17,-32],[9,-19],[2,-36],[7,-26],[3,-31],[3,-29],[0,-5],[13,-40],[-1,-21],[-5,-27],[-5,-27],[-7,-26],[0,-29],[0,-29],[8,-42],[10,-54],[7,-51],[-1,-9],[-14,-22],[-10,-32],[-10,-37],[-17,-54],[-20,-59],[-4,-27],[-5,-68],[5,-10],[-2,-15],[10,-10],[9,-27],[28,-43],[21,-21],[26,-33],[14,-7],[4,-25],[10,-40],[14,-28],[0,-30],[12,-27],[12,-80],[-2,-74],[-19,-87],[-14,-34],[-8,-19],[-38,-52],[-53,-67],[-28,-55],[-34,-61],[-60,-75],[-211,-260],[-58,-77],[-29,-59],[-20,-81],[-30,-57],[-29,-53],[-8,-9],[-18,-25],[-30,-13],[-40,-21],[-30,-26],[-65,-38],[-19,-3],[-53,-5],[-26,-27],[-35,-38],[-37,-20],[-67,-45],[-57,-31],[-167,-100],[-56,-42],[-43,-39],[-38,-42],[-85,-116],[-46,-64],[-98,-99],[-45,-42],[-14,-18],[-4,-41],[17,-74],[13,-56],[-6,-44],[-50,-112],[-56,-74],[-89,-92],[-27,-28],[-28,-37],[-19,-18],[-18,-25],[-27,-48],[-33,-47],[-15,-22],[-18,-59],[-7,-50],[-20,-62],[-16,-36],[-43,-51],[-28,-18],[-32,-28],[-58,-35],[-72,-19],[-23,4],[-20,-10],[-103,-29],[-68,-33],[-20,-14],[-20,-72],[-13,-53],[-13,-44],[-5,-43],[-5,-29],[-28,-47],[-40,-44],[-33,-46],[-12,-33],[-6,-32],[8,-38],[22,-121],[10,-43],[1,-30],[-12,-26],[-33,-29],[-88,-76],[-62,-43],[-61,-40],[-53,-30],[-24,-19],[-12,-29],[-12,-35],[-12,-14],[-14,-17],[-18,-36],[-26,-68],[-19,-26],[-17,-27],[-37,-70],[-31,-88],[-20,-133],[-38,-119],[-27,-64],[-23,-37],[-19,-25],[-31,-36],[-72,-77],[-63,-68],[-68,-63],[-33,-22],[-3,-7],[-12,-8],[-127,-52],[-38,-23],[-37,-37],[-45,-74],[-8,-26],[11,-74],[24,-81],[26,-70],[23,-88],[19,-76],[2,-34],[-1,-92],[4,-39],[23,-71],[29,-67],[86,-155],[26,-37],[54,-73],[117,-115],[50,-44],[26,-35],[11,-46],[15,-96],[27,-107],[55,-134],[51,-79],[197,-123],[22,-42],[94,-232],[-3,-51],[-22,-122],[4,-22],[40,-14],[49,-16],[25,-19],[37,-42],[54,-49],[53,-42],[25,-21],[31,-40],[23,-21],[20,-5],[60,-13],[35,-12],[22,-28],[18,-9],[26,-5],[37,-8],[11,-5],[11,-6],[28,-11],[29,-10],[57,-41],[19,-26],[-3,-106],[-21,-124],[-37,-154],[-37,-155],[1,-21],[2,-18],[10,-102],[21,-31],[35,-43],[26,-32],[21,-30],[20,-30],[10,-67],[-14,-63],[-38,-68],[-72,-72],[-35,-39],[-23,-39],[-57,-80],[-56,-67],[3,-16],[43,-107],[0,-86],[-16,-110],[-40,-80],[-55,-82],[-28,-55],[-72,-86],[-32,-38],[-4,-85],[6,-116],[-18,-58],[-60,-67],[-9,-76],[-12,-56],[-25,-38],[-61,-28],[-35,-35],[2,-7],[8,-23],[10,-7],[9,-6],[-168,-153],[-90,-81],[10,-11],[-3,-15],[24,-47],[-7,-16],[-36,-9],[-45,-26],[-50,-23],[-108,-29],[-36,-10],[-176,-26],[-40,-19],[-44,-35],[-82,-70],[-78,-113],[-48,-53],[-12,-13],[-51,-45],[-15,-31],[-35,-78],[-23,-39],[-76,-36],[-30,-29],[-59,-89],[-32,-43],[-11,-16],[-8,-25],[-8,-24],[-19,-148],[-6,-275],[1,-103],[5,-40],[33,-53],[-8,-30],[0,-14],[23,-31],[-5,-11],[-51,-52],[17,-16],[17,-17],[55,-31],[63,-42],[31,-35],[34,-35],[40,-22],[40,-23],[31,-34],[40,-82],[74,-123],[39,-59],[35,-62],[92,-98],[99,-102],[69,-43],[69,-53],[49,-62],[75,-92],[69,-79],[22,-4],[64,-24],[82,-20],[68,-6],[104,-1],[40,-4],[50,-8],[39,5],[95,19],[68,0],[84,-6],[71,-7],[15,83],[20,113],[24,117],[-1,38],[-16,30],[-20,58],[4,60],[17,48],[30,36],[6,26],[53,86],[51,128],[33,55],[29,47],[16,48],[20,53],[69,72],[59,57],[24,7],[50,-3],[0,25],[-20,45],[-90,85],[-37,59],[-19,59],[-57,25],[-85,30],[-109,49],[-63,57],[-73,94],[-13,45],[0,59],[67,66],[53,80],[-15,205],[24,140],[-7,96],[-18,97],[1,71],[-41,134],[15,24],[49,-1],[56,9],[32,-12],[35,8],[32,31],[46,43],[54,41],[56,7],[105,-19],[75,-34],[65,-63],[64,-22],[89,-36],[120,-5],[117,-15],[55,-26],[30,-82],[31,-29],[69,-17],[125,-68],[133,-70],[-4,-60],[3,-41],[84,-101],[169,-121],[69,-61],[200,-209],[166,-170],[100,-106],[28,-79],[21,-92],[49,-64],[87,-47],[46,-6],[81,33],[82,-17],[74,-88],[26,-51],[-16,-26],[-119,-136],[-140,-148],[-125,-137],[-482,-528],[-270,-284],[-5,-8],[4,-11],[-13,-27],[-7,-9],[-32,15],[-22,5],[-22,-1],[-19,-14],[-1,0],[-48,-18],[-20,-10],[-17,2],[-3,37],[-5,7],[0,0],[-1,0],[-14,0],[-29,-11],[-46,-13],[-51,13],[-29,26],[-23,17],[-45,29],[-40,-5],[-58,-10],[-52,29],[-87,35],[-51,-10],[-51,-21],[-51,-7],[-38,18],[-95,30],[-49,1],[-67,25],[-48,13],[-49,6],[-22,-15],[-22,-67],[-4,-50],[-3,-53],[-6,-26],[-10,-24],[2,-38],[-14,-42],[-13,-43],[-5,-27],[-8,-28],[-6,-24],[-3,-30],[-11,-34],[-6,-37],[-1,-12],[0,-13],[-44,-86],[-43,-82],[-17,-40],[-20,-32],[-11,-36],[-15,-37],[-2,-65],[-28,-61],[-19,-17],[-30,-31],[-46,-37],[-54,-59],[-6,-6],[-11,-8],[-44,-63],[-41,-42],[-56,-66],[-21,-25],[-1,-26],[20,-13],[42,-6],[86,-24],[93,-38],[55,-31],[13,-6],[57,-84],[30,-58],[21,-66],[28,-61],[75,-160],[62,-121],[9,-37],[-7,-32],[-19,-24],[-24,-15],[-29,-26],[-23,-35],[0,-36],[30,-95],[19,-51],[12,-45],[31,-89],[8,-15],[12,-20],[0,-20],[12,-18],[9,-29],[10,-30],[17,-34],[0,-32],[41,-64],[50,-80],[48,-91],[15,-69],[-3,-53],[1,-40],[7,-23],[5,-42],[11,-64],[9,-46],[0,-44],[-4,-42],[-9,-12],[-3,-22],[-5,-18],[16,-28],[43,-51],[37,-7],[31,-17],[28,-5],[36,12],[21,2],[16,-6],[24,-19],[21,0],[34,-8],[58,-6],[10,-5],[18,-11],[18,0],[23,1],[33,0],[21,5],[18,-1],[26,-10],[2,-7],[2,-7],[0,-14],[1,-18],[6,-9],[12,0],[21,-1],[14,-6],[22,-35],[10,-4],[17,0],[12,-12],[0,-15],[10,-15],[12,-6],[1,-17],[4,-6],[10,-6],[-1,-12],[6,-4],[10,-6],[1,-10],[8,-14],[4,-17],[11,-9],[26,-5],[17,-9],[14,-5],[21,2],[9,-7],[14,-1],[26,-1],[9,-6],[16,-8],[12,0],[16,10],[16,0],[39,2],[12,4],[19,16],[16,7],[29,-14],[15,-1],[27,16],[19,-4],[20,-14],[23,-7],[25,-4],[20,-11],[23,-6],[16,-16],[14,-17],[12,-13],[16,-16],[30,-15],[30,-8],[19,-13],[17,-11],[4,-17],[10,-11],[15,-12],[3,-9],[14,-11],[18,-12],[16,-16],[6,-13],[0,-23],[5,-13],[21,-33],[10,-6],[5,-16],[9,-17],[0,-19],[7,-18],[16,-16],[11,-10],[4,-11],[-6,-31],[5,-15],[17,-6],[8,-7],[14,0],[11,-12],[9,-1],[18,-6],[28,-15],[14,-22],[7,-13],[21,-10],[31,-5],[36,-7],[31,-4],[26,-9],[28,-24],[54,-47],[36,-25],[17,0],[51,4],[18,4],[30,17],[33,35],[15,16],[20,31],[21,18],[34,15],[33,0],[20,-8],[17,-18],[13,-9],[11,-7],[8,-19],[15,-20],[28,-25],[12,-22],[9,-36],[18,-20],[9,-11],[17,-26],[-1,-17],[13,-29],[9,-30],[-1,-20],[7,-21],[-8,-31],[3,-11],[18,-9],[21,-16],[9,-22],[-51,-11],[-47,-19],[-43,-19],[-22,-18],[-18,-27],[-21,-75],[-21,-66],[-45,-79],[-38,-59],[-42,-33],[-106,-69],[-89,-44],[-56,-21],[-22,-19],[-34,-41],[-21,-36],[-13,-39],[-5,-42],[-3,-53],[0,-39],[4,-25],[12,-46],[12,-50],[13,-59],[18,-47],[8,-41],[5,-25],[23,-42],[24,-44],[24,-42],[-9,-38],[-12,-53],[35,-20],[28,-10],[25,1],[33,10],[26,-18],[39,-32],[21,-31],[29,-22],[64,-38],[39,-23],[56,-26],[51,-13],[17,-27],[3,-15],[0,-24],[1,-18],[6,-13],[15,-28],[11,-19],[23,-34],[10,-40],[12,-23],[22,-39],[25,-46],[38,-55],[38,-38],[58,-41],[-33,-121],[-1,-1],[-35,-129],[-15,-79],[-15,-78],[-9,-129],[-13,-59],[-8,-66],[7,-144],[9,-66],[39,-145],[9,-24],[8,-23],[24,-60],[11,-62],[-2,-66],[-10,-136],[-12,-54],[-7,-70],[-15,-31],[-9,-20],[-17,-21],[-58,-92],[-53,-69],[-30,-51],[-4,-26],[5,-36],[5,-69],[6,-66],[9,-50],[11,-35],[-11,-42],[-19,-41],[-44,-52],[-50,-45],[-81,-75],[-73,-39],[-56,-30],[41,-70],[30,-19],[18,-25],[53,-67],[31,-49],[30,-36],[16,-21],[10,-23],[5,-17],[19,-27],[14,-6],[-12,-71],[-33,-42],[-75,-46],[-63,-28],[-50,-6],[-48,1],[-85,-116],[0,-34],[24,-55],[2,-80],[-14,-20],[-24,-2],[-16,1],[-18,-19],[-21,-43],[-11,-12],[-10,10],[-12,7],[-30,-8],[-31,-22],[-37,-33],[-37,-97],[-30,-134],[-25,-161],[-33,-116],[-3,-51],[5,-120],[34,-78],[86,-90],[73,-62],[68,-44],[50,-29],[39,-47],[54,-60],[92,-110],[54,-86],[-144,-410],[-48,-177],[-11,-56],[6,-54],[20,-65],[48,-95],[126,-258],[38,-99],[0,-37],[-4,-19],[-17,-15],[-35,-21],[-24,-20],[-33,-22],[-21,-21],[-12,-22],[2,-40],[6,-95],[-14,-215],[6,-74],[26,-92],[34,-99],[6,-41],[0,-44],[-18,-84],[-9,-61],[-10,-95],[3,-94],[7,-78],[6,-48],[-4,-39],[-16,-115],[-33,-140],[-22,-161],[-12,-120],[-14,-131],[-7,-111],[-2,-131],[-10,-84],[-6,-103],[6,-154],[1,-11],[10,-30],[19,-43],[38,-68],[81,-141],[123,-208],[148,-253],[-47,-50],[-46,-50],[-103,-131],[-59,-81],[-40,-56],[-22,-38],[-109,-197],[-102,-182],[-48,-67],[-224,-332],[-140,-210],[-77,-102],[30,-5],[60,-8],[90,-13],[37,-12],[-89,-207],[-22,-78],[0,-46],[-13,-54],[-13,-55],[-83,-311],[-35,-84],[-83,-178],[-97,-266],[-42,-105],[4,-128],[12,-59],[15,-44],[34,-77],[53,-90],[82,-110],[108,-153],[55,-101],[40,-71],[63,-133],[26,-76],[28,-116],[22,-70],[53,-143],[98,-166],[92,-177],[76,-195],[67,-181],[43,-99],[153,-207],[105,-132],[116,-117],[27,-41],[26,-55],[73,-190],[52,-145],[60,-115],[52,-99],[1,-8],[8,-12],[19,-15],[-1,-17],[0,-21],[34,-29],[4,-11],[-7,-1],[-5,-8],[6,-15],[13,-31],[13,-24],[19,-5],[5,-14],[-3,-24],[4,-17],[27,-17],[44,-25],[14,-11],[2,-39],[12,-9],[25,-9],[2,18],[16,10],[17,-6],[21,-25],[37,-44],[93,-89],[47,-51],[114,-119],[82,-87],[128,-159],[124,-119],[97,-116],[173,-207],[189,-230],[135,-151],[141,-210],[134,-223],[117,-159],[66,-79],[85,-61],[37,-25],[71,-49],[68,-63],[229,-176],[50,-29],[149,-77],[31,-25],[8,-40],[6,-105],[16,-104],[38,-86],[24,-30],[55,-74],[14,-33],[19,-35],[29,-35],[19,-45],[5,-60],[-45,-239],[-2,-56],[6,-45],[30,-43],[45,-37],[68,-53],[57,-64],[60,-76],[47,-93],[51,-90],[52,-104],[53,-115],[36,-78],[67,-36],[158,-31],[30,0],[67,4],[34,-7],[83,-20],[39,-4],[47,0],[20,-6],[29,-25],[25,-10],[70,-81],[386,-750],[36,-98],[7,-68],[13,-38],[60,-90],[87,-72],[40,-50],[82,-51],[109,-61],[66,-24],[72,-71],[98,-131],[85,-110],[157,-203],[42,-74],[43,-131],[19,-96],[41,-270],[-2,-113],[26,-124],[79,-181],[119,-197],[22,-45],[124,-237],[32,-68],[69,-89],[74,-79],[58,-74],[37,36],[20,21],[35,24],[27,10],[54,0],[49,11],[20,20],[45,42],[54,34],[36,18],[35,10],[41,17],[45,19],[52,6],[36,4],[14,-6],[30,-7],[24,-5],[26,-6],[26,-9],[40,-16],[31,-3],[52,-20],[21,0],[24,13],[17,6],[15,4],[10,-2],[33,-10],[28,6],[26,21],[19,4],[25,-2],[24,-14],[37,-28],[21,-3],[17,15],[14,4],[26,-10],[27,-12],[38,-3],[35,-15],[39,-22],[27,-18],[19,-1],[23,-7],[35,-16],[22,-18],[38,-33],[21,-12],[35,-18],[20,-14],[9,-22],[12,-14],[20,-16],[14,-25],[10,-14],[22,-11],[56,-14],[30,1],[24,3],[35,15],[22,6],[26,-6],[19,-13],[27,-33],[19,-10],[34,-9],[30,-13],[27,-4],[39,-1],[36,1],[19,-1],[24,-13],[12,-12],[17,-7],[10,-9],[23,-18],[28,-5],[25,1],[26,7],[32,22],[17,12],[30,13],[27,11],[20,13],[26,27],[23,14],[38,22],[56,21],[47,11],[49,6],[46,12],[37,2],[27,7],[78,35],[27,0],[50,-1],[29,-10],[30,-19],[40,-8],[40,-6],[54,-6],[120,-27],[28,0],[31,-12],[13,0],[31,1],[39,-4],[23,6],[47,12],[56,14],[104,18],[42,9],[42,12],[33,17],[32,25],[26,21],[22,22],[23,20],[20,23],[23,31],[32,47],[48,67],[48,45],[20,20],[23,24],[31,26],[42,31],[20,21],[13,11],[20,7],[16,9],[25,39],[9,10],[9,9],[26,19],[26,26],[20,30],[32,47],[26,47],[16,36],[14,29],[11,28],[11,48],[8,22],[22,40],[5,11],[4,11],[3,17],[6,38],[3,13],[3,16],[11,41],[-2,29],[-9,29],[-6,13],[-7,14],[-10,20],[-1,4],[-5,23],[-1,4],[-5,8],[-12,21],[-25,29],[-27,25],[-41,30],[-46,46],[-22,37],[-8,19],[-29,30],[-51,69],[-19,34],[5,22],[8,17],[-5,24],[-7,38],[7,13],[25,27],[-2,18],[0,18],[-10,36],[-13,29],[-35,22],[-38,24],[-11,22],[1,39],[-5,27],[-30,59],[-15,25],[-3,23],[-4,31],[-14,28],[-32,39],[-18,28],[-10,21],[-7,45],[-14,83],[-9,23],[-28,81],[-37,114],[-1,36],[3,53],[21,125],[-2,48],[1,67],[8,97],[4,81],[1,56],[-22,68],[-43,106],[-24,12],[-35,-9],[-25,1],[-41,8],[-103,73],[-56,41],[-215,153],[-48,192],[-22,102],[-29,95],[-117,72],[-33,88],[-14,158],[-12,117],[-16,36],[-166,133],[-67,44],[-75,141],[-59,117],[-51,102],[-55,54],[-30,47],[5,63],[-30,121],[-35,65],[-66,89],[-44,38],[-91,52],[-28,41],[-76,97],[-24,17],[-100,60],[-40,69],[-9,47],[-10,50],[9,40],[23,80],[-29,90],[-7,61],[-17,103],[-9,66],[-10,25],[-41,97],[-26,72],[-10,28],[-49,54],[-12,20],[3,16],[29,121],[25,67],[49,118],[51,77],[41,61],[69,78],[146,101],[77,41],[105,70],[39,59],[19,60],[22,71],[14,133],[10,78],[0,28],[-5,56],[-11,40],[-2,22],[3,20],[13,50],[11,72],[14,55],[19,54],[1,52],[4,63],[19,70],[29,25],[49,12],[30,4],[20,-10],[24,-11],[21,11],[25,3],[27,15],[18,8],[39,-3],[27,1],[17,-9],[13,0],[24,2],[29,-24],[15,0],[8,14],[0,50],[1,53],[-40,32],[-36,54],[62,71],[111,109],[123,66],[152,66],[134,66],[141,130],[117,99],[75,47],[78,-9],[63,-47],[165,-199],[63,-82],[42,-31],[82,-72],[41,-58],[43,-55],[23,-32],[43,-18],[41,-10],[63,-34],[100,-24],[153,13],[39,-7],[53,-10],[69,-11],[75,2],[48,5],[52,23],[33,-1],[41,-13],[36,4],[50,-7],[36,-2],[51,12],[39,-2],[82,10],[142,26],[50,21],[74,8],[96,14],[78,31],[59,35],[68,46],[10,38],[9,44],[15,-10],[47,-18],[58,15],[54,31],[39,19],[21,-2],[29,-29],[39,-16],[38,2],[60,49],[27,19],[62,-12],[59,2],[96,22],[80,4],[100,-10],[124,-59],[165,-120],[71,-51],[74,-20],[101,-34],[82,-6],[61,-22],[60,-42],[36,-11],[109,-46],[101,-14],[153,12],[53,-8],[79,14],[47,-3],[143,-54],[188,-82],[70,-37],[102,-113],[125,-134],[93,-98],[103,-110],[59,-20],[23,-17],[166,-103],[97,-20],[258,306],[196,172],[96,87],[159,76],[77,8],[61,-20],[104,-19],[69,20],[265,-69],[394,-102],[199,-47],[203,-45],[69,-16],[15,-1],[23,-19],[74,-109],[8,-72],[-16,-84],[8,-61],[16,-150],[7,-96],[-3,-64],[2,-202],[-63,-157],[-40,-104],[-66,-153],[-13,-35],[0,-63],[17,-60],[17,-59],[65,-98],[12,-79],[37,-81],[50,-54],[52,-63],[12,-74],[21,-33],[0,-24],[33,-52],[-1,-52],[-17,-62],[-16,-53],[-53,-103],[-30,-56],[-63,-109],[-63,-134],[-13,-36],[-13,-98],[-2,-31],[-28,-167],[-27,-108],[-32,-69],[-30,-43],[-71,-71],[-58,-45],[358,72],[287,206],[134,69],[115,74],[-2,-22],[33,-11],[18,-63],[142,-53],[63,-51],[92,-11],[27,-68],[32,15],[24,19],[56,-41],[45,-45],[-5,-36],[25,-86],[80,-58],[77,-41],[34,-36],[69,-31],[27,-32],[9,-22],[25,-16],[43,-28],[10,-22],[3,-45],[20,-38],[41,-38],[34,-40],[42,-15],[46,-43],[29,-16],[48,-54],[77,-8],[63,-22],[17,-93],[22,-40],[14,-51],[-9,-15],[9,-24],[22,-17],[24,-14],[-15,-50],[35,-30],[39,-108],[79,-135],[63,-69],[54,-34],[40,-76],[31,-88],[27,-57],[28,-73],[54,-132],[34,-37],[28,-47],[43,-45],[9,-45],[8,-91],[-3,-68],[44,-42],[17,-51],[11,-84],[-1,-52],[-10,-53],[3,-29],[61,-26],[46,-64],[62,-59],[129,-82],[63,-20],[44,-28],[85,-84],[30,-62],[98,-66],[-2,-55],[15,-19],[34,-12],[15,-26],[27,-113],[18,-24],[-16,-45],[-71,-101],[13,-47],[25,-113],[27,-62],[43,-31],[6,-145],[-4,-19],[12,-28],[44,-50],[43,-50],[12,-13],[-54,-125],[-14,-72],[-13,-41],[12,-73],[17,-171],[15,-59],[2,-12],[6,-58],[16,-105],[-10,-153],[-20,-178],[187,-224],[308,-389],[173,-368],[137,-326],[71,-215],[71,-207],[97,-194],[127,-247],[61,-95],[20,-82],[-128,-16],[-82,-1],[-81,10],[-54,21],[-75,53],[-47,21],[-59,-2],[-48,-8],[-55,-14],[-59,-5],[-64,-22],[-72,-24],[-66,3],[-67,23],[-81,11],[-53,-7],[-36,10],[-23,17],[4,50],[-137,37],[-16,80],[-37,97],[-120,129],[-144,66],[-52,11],[-75,47],[-4,-42],[18,-30],[21,-62],[18,-98],[-1,-51],[-17,-125],[-8,-93],[-1,-51],[6,-34],[33,-89],[4,-28],[7,-28],[11,-57],[1,-15],[-3,-89],[-5,-38],[-28,-93],[-34,-99],[-25,-92],[-108,-328],[-10,-60],[-26,-76],[-21,-50],[-10,-28],[-23,-40],[-18,-40],[-23,-56],[-35,-70],[-22,-46],[-24,-43],[-39,-40],[-16,-34],[-22,-34],[-134,42],[-45,6],[-43,16],[-9,7],[-52,29],[-12,3],[-17,-2],[-17,-7],[-12,-12],[-6,-10],[-10,-19],[-10,-23],[-7,-34],[-6,-10],[-4,-16],[1,-55],[-4,-13],[-14,-14],[-18,-12],[-21,-11],[-24,-5],[-53,-14],[-31,-18],[-19,-14],[-19,-21],[-8,-4],[-5,-15],[-30,-34],[-42,-45],[-42,-32],[-46,-72],[-34,-90],[-51,-80],[-23,-84],[-7,-60],[13,-36],[13,-36],[14,-69],[2,-46],[-13,-60],[-15,-49],[-6,-35],[-4,-44],[-8,-34],[-16,-91],[-24,-75],[-6,-28],[-31,-97],[-16,-44],[14,-19],[20,-21],[16,-22],[34,-60],[40,-51],[28,-31],[52,-79],[25,-31],[30,-27],[29,-45],[34,-38],[36,-39],[13,-25],[2,-19],[75,-77],[14,-20],[13,-32],[9,-82],[18,-86],[21,-64],[32,-61],[42,-59],[40,-62],[22,-28],[17,-31],[31,-72],[6,-99],[0,-93],[-1,-54],[-14,-119],[-33,-104],[0,-80],[12,-54],[27,-91],[36,-100],[47,-104],[19,-94],[10,-86],[12,-42],[6,-38],[7,-45],[16,-52],[13,-33],[19,-28],[44,-66],[57,-59],[62,-53],[64,-48],[31,-37],[27,-28],[4,-19],[15,-51],[14,-52],[26,-48],[17,-34],[45,-109],[15,-25],[22,-33],[68,-92],[62,-27],[42,-9],[81,-34],[80,-52],[119,-92],[20,-27],[27,-26],[41,-26],[35,-18],[31,-35],[44,-39],[61,-58],[42,-42],[29,-37],[42,-59],[25,-49],[10,-21],[23,-61],[26,-54],[8,-25],[6,-36],[10,-92],[23,-79],[38,-105],[64,-14],[60,-29],[82,-33],[126,-83],[174,-62],[147,41],[11,11],[94,16],[33,12],[29,5],[46,2],[45,-6],[50,-14],[43,-17],[53,-22],[46,-17],[-76,-37],[10,-142],[17,-52],[12,-73],[7,-99],[2,-63],[-4,-82],[18,-96],[38,-110],[39,-113],[52,-154],[16,-74],[35,-116],[33,-143],[109,-173],[48,-103],[13,-79],[12,-68],[6,-74],[-1,-66],[18,-40],[43,-57],[30,-33],[17,-17],[52,-47],[48,-15],[32,-31],[23,-45],[21,-44],[29,-48],[24,-40],[25,-41],[51,-78],[74,-138],[4,-11],[14,-16],[46,-51],[133,-199],[56,-89],[33,-51],[16,-30],[15,-30],[-3,-110],[1,-36],[13,-73],[1,-37],[-99,-68],[-38,-8],[-46,-42],[-60,-83],[-18,-18],[1,-16],[8,-9],[-6,-5],[10,-31],[3,-38],[0,-27],[-3,-64],[5,-26],[5,-25],[4,-34],[0,-51],[2,-102],[42,-158],[17,-46],[9,-35],[5,-55],[7,-42],[1,-38],[-1,-35],[10,-20],[-3,-30],[-12,-22],[-36,-45],[-13,-15],[-14,-14],[-9,-22],[-11,-31],[-9,-63],[1,-17],[33,-24],[3,-11],[-14,-29],[1,-21],[31,-65],[38,-93],[-1,-21],[11,-28],[11,-11],[25,-36],[29,-32],[53,-87],[83,-108],[115,-89],[40,-9],[33,-30],[85,-48],[42,-21],[65,-21],[84,-37],[71,-39],[-48,-64],[-39,-60],[-23,-49],[-20,-77],[-6,-49],[7,-50],[25,-81],[18,-43],[47,-62],[79,-143],[21,-43],[64,-100],[19,-53],[-16,-72],[-64,-84],[-41,-68],[-15,-57],[-5,-71],[-11,-46],[-25,-41],[-56,-57],[-73,-46],[-55,-30],[-55,-29],[-118,-172],[-52,-190],[47,-134],[53,-77],[38,-39],[53,-34],[84,-71],[79,-92],[77,-74],[17,-23],[9,-27],[18,-25],[44,-74],[25,-22],[158,-297],[57,-165],[15,-21],[30,-45],[32,-19],[33,-14],[29,-9],[29,-9],[37,-15],[28,-19],[70,-82],[57,-90],[35,-94],[38,-122],[48,-138],[64,-139],[104,-147],[77,-63],[77,-44],[36,-35],[46,-29],[31,-6],[48,-2],[12,-13],[119,-33],[28,-17],[28,-17],[62,-48],[119,-47],[57,-23],[86,-30],[16,-7],[86,-37],[11,-9],[12,-10],[10,-13],[5,-14],[2,-8],[3,-7],[4,-21],[3,-12],[13,-11],[15,-81],[1,-6],[3,-35],[-2,-16],[-7,-51],[-15,-85],[49,-1],[31,-31],[37,-15],[52,-11],[57,-27],[15,-15],[31,-4],[49,-32],[-1,-15],[36,-29],[33,-19],[44,-22],[89,13],[38,11],[20,2],[45,-12],[34,-14],[36,-11],[23,-4],[23,-5],[70,11],[40,4],[26,-7],[31,-15],[49,-14],[139,7],[47,25],[46,-3],[56,2],[29,8],[24,13],[52,19],[52,11],[55,-4],[57,-6],[52,-9],[56,-9],[31,-4],[36,3],[67,0],[45,-24],[25,-17],[31,-51],[27,-45],[42,-58],[33,-57],[10,-88],[-18,-43],[-52,-91],[-16,-27],[-37,-49],[16,-12],[20,-46],[69,-65],[20,-23],[46,-50],[30,-39],[10,-39],[27,-98],[-17,-94],[22,-55],[29,-43],[48,-123],[66,-53],[67,-53],[55,-45],[63,-60],[56,-42],[48,-45],[46,-31],[-13,-33],[-92,-151],[57,-164],[39,-52],[25,-28],[31,-42],[64,-86],[88,-90],[-17,-20],[-43,-60],[-31,-118],[-45,-169],[5,-89],[5,-80],[4,-73],[-24,-23],[-24,-55],[1,-136],[-20,-61],[-16,-140],[-1,-37],[-2,-37],[-36,-130],[-50,-233],[-51,-247],[-18,-98],[-7,-61],[-44,-207],[-28,-136],[-24,-84],[-83,-327],[-22,-165],[-39,-184],[-42,-284],[-26,-129],[-33,-205],[-25,-116],[-35,-131],[-49,-311],[-41,-197],[-62,-317],[-19,10],[-21,12],[-89,42],[-129,53],[-179,84],[-97,38],[-77,28],[-53,12],[-72,34],[-70,44],[-77,28],[-79,35],[-83,43],[-83,30],[-19,-12],[-15,-5],[-29,-29],[-24,-16],[-10,7],[-5,29],[2,30],[22,47],[8,53],[-47,125],[-102,91],[-36,45],[-27,22],[-19,72],[-3,91],[-5,53],[-10,52],[-10,32],[-7,33],[-4,43],[-11,46],[-12,60],[-19,18],[-18,36],[-32,52],[-14,19],[-15,18],[-32,36],[-58,30],[-57,36],[-45,9],[-43,15],[-31,-6],[-28,15],[-44,-1],[-50,-5],[-15,-9],[-37,-11],[-42,-2],[-49,-10],[-31,-16],[-47,-11],[-32,-5],[-34,-15],[-84,-46],[-43,-28],[-26,-4],[-50,-26],[-34,-17],[-38,-14],[-30,-3],[-36,-6],[-25,-17],[-33,-18],[-32,-21],[-26,-11],[-68,-24],[-52,-13],[-47,-7],[-31,-15],[-55,-3],[-38,2],[-30,7],[-53,-1],[-32,-7],[-30,-9],[-52,-9],[-48,-4],[-25,-8],[-25,-3],[-66,-9],[-58,-4],[-30,-4],[-39,-2],[-47,0],[-104,2],[-19,-1],[-186,-41],[-28,-6],[-89,-14],[-41,-3],[-60,-3],[-35,-4],[-33,-6],[-72,-22],[-75,-11],[-50,-10],[-29,-2],[-47,4],[-40,-4],[-85,-17],[-112,10],[-108,24],[-119,30],[-31,6],[-97,7],[-99,3],[-173,-12],[-16,1],[-174,39],[-54,11],[-62,17],[-337,84],[-33,-8],[-108,-82],[-49,-65],[-40,-76],[-35,-70],[-27,-39],[-36,-70],[-49,-72],[-5,-51],[-19,-97],[-51,-62],[-43,-64],[-36,-67],[-41,-60],[-66,-56],[-25,-22],[-60,-37],[-69,-24],[-30,-16],[-19,-18],[-59,-26],[-100,-102],[-77,-109],[-46,-71],[-26,-67],[-54,-80],[-33,-52],[-45,-38],[-36,-40],[-31,-72],[-12,-81],[16,-41],[34,-69],[58,-69],[54,-44],[65,-17],[55,1],[45,-21],[48,-42],[47,-41],[66,-49],[74,-50],[111,-45],[96,-17],[166,-81],[88,-58],[17,-20],[17,-19],[35,-99],[33,-115],[-1,-170],[12,-104],[1,-54],[-14,-86],[-25,-77],[-12,-46],[-11,-45],[-39,-40],[-84,-64],[-49,-65],[-42,-66],[-14,-7],[-70,-33],[-6,-3],[-48,-29],[-6,-5],[-50,-46],[-32,-23],[-28,-24],[-36,-42],[-7,-13],[-13,-31],[-21,-104],[2,-51],[7,-45],[10,-36],[9,-19],[11,-27],[38,-77],[37,-58],[29,-71],[11,-19],[27,-31],[28,-25],[38,-41],[17,-15],[7,-4],[19,-19],[28,-47],[36,-84],[21,-60],[13,-35],[18,-44],[33,-79],[7,-18],[14,-56],[7,-26],[34,-84],[24,-41],[17,-24],[17,-42],[15,-38],[7,-39],[-1,-14],[3,-11],[4,-14],[-2,-44],[-6,-22],[-6,-9],[-12,-36],[-27,-29],[-35,-20],[-88,-84],[-112,-50],[-60,-37],[-56,-29],[-66,-17],[-53,-12],[-66,-8],[-76,2],[-51,1],[-66,13],[-63,-4],[-22,-1],[-16,-1],[-31,-19],[-31,-25],[-14,-26],[-4,-6],[-9,-7],[-8,-7],[-26,-49],[-26,-50],[-25,-62],[-14,-37],[-14,-36],[-26,-88],[-29,-84],[-23,-68],[-57,-67],[-19,-22],[-40,-73],[-31,-126],[-24,-75],[-11,-104],[19,-133],[30,-204],[55,-118],[48,-109],[35,-109],[32,-96],[13,-78],[0,-90],[-12,-124],[-14,-100],[-35,-94],[-31,-99],[-136,-73],[-68,-27],[-92,-10],[-50,5],[-59,6],[-33,-16],[-16,-19],[-8,-16],[-23,-75],[-26,-71],[-25,-43],[-75,-54],[-60,-29],[-88,-28],[-31,0],[-276,-21],[-185,-160],[-55,-37],[-64,-23],[-70,-11],[-73,-4],[-122,7],[-54,-13],[-46,-22],[-24,-29],[-47,-44],[-59,-53],[-82,-52],[-50,-44],[-22,-38],[2,-20],[54,-42],[66,-45],[56,-35],[33,-67],[33,-53],[13,-51],[11,-82],[-5,-77],[6,-62],[9,-54],[23,-62],[28,-51],[47,-62],[46,-43],[59,-39],[70,-54],[49,-28],[57,-19],[44,-16],[53,-24],[83,-37],[10,-7],[5,-4],[11,-12],[9,-13],[10,-16],[4,-8],[3,-8],[13,-27],[23,-48],[11,-24],[19,-42],[19,-33],[23,-29],[33,-28],[51,-33],[80,-58],[76,-53],[35,-31],[27,-31],[27,-37],[13,-28],[12,-30],[19,-60],[26,-70],[19,-37],[12,-25],[11,-20],[6,-22],[35,-23],[19,-6],[14,-8],[28,-10],[33,-17],[35,-11],[16,-14],[12,-18],[4,-18],[-9,-31],[-5,-7],[-4,-15],[6,-36],[7,-28],[13,-34],[23,-51],[16,-28],[30,-36],[16,-36],[6,-43],[0,-16],[14,-95],[10,-58],[9,-64],[10,-82],[-60,-5],[-13,-10],[-33,-19],[-18,-7],[-36,-10],[-59,-37],[-52,-38],[-37,-30],[-36,-33],[-33,-19],[-34,-24],[-34,-23],[-23,-17],[-36,-31],[-41,-33],[-50,-59],[-31,-52],[-37,-26],[-29,-24],[-2,-24],[0,-53],[-13,-31],[-7,-28],[-5,-33],[-9,-38],[-7,-55],[0,-86],[7,-18],[42,-58],[19,-34],[16,-30],[24,-54],[22,-37],[14,-33],[32,-76],[37,11],[10,-46],[-28,-6],[6,-23],[5,-10],[3,-16],[3,-2],[8,-26],[14,-19],[13,-28],[18,-29],[49,-50],[23,-19],[24,-29],[8,-15],[5,-23],[0,-28],[-5,-31],[-15,-61],[-10,-30],[-1,-8],[-14,-48],[-9,-25],[-11,-25],[-10,-31],[-3,-7],[-15,-40],[-9,-16],[-3,-10],[-9,-22],[-8,-11],[-3,-16],[-18,-46],[-36,-46],[-14,-9],[-10,-5],[-14,-16],[-33,-48],[-48,-47],[-14,-15],[-14,-15],[-31,-53],[-23,-29],[-19,-30],[-11,-23],[-23,-68],[-11,-25],[-28,-43],[-11,-26],[-21,-88],[-5,-49],[-8,-40],[-10,-38],[-4,-9],[-4,-9],[0,-8],[0,-9],[14,-3],[31,-8],[17,-3],[17,-4],[21,-9],[65,-42],[49,-22],[31,13],[54,6],[43,7],[44,5],[61,4],[71,-2],[90,-11],[60,-10],[45,6],[42,-2],[50,5],[47,3],[34,2],[-11,50],[-20,71],[-18,51],[-23,59],[-37,95],[-11,20],[-15,37],[1,21],[9,-3],[28,-29],[43,-34],[33,-21],[47,-10],[48,19],[36,17],[13,22],[13,23],[8,28],[16,78],[10,33],[46,109],[9,28],[14,94],[6,20],[8,41],[8,58],[5,23],[4,45],[8,33],[4,26],[9,53],[9,-10],[34,-54],[9,-8],[9,-12],[1,-3],[26,-28],[8,-5],[9,-12],[16,-7],[12,4],[26,21],[62,35],[21,15],[59,27],[18,4],[49,-2],[24,-6],[18,-10],[43,-27],[46,-36],[31,-29],[48,-55],[47,-45],[12,-8],[17,-7],[14,-4],[9,0],[21,3],[60,19],[33,2],[47,-3],[40,-15],[33,-17],[30,-19],[54,-46],[4,-7],[7,-6],[41,-28],[23,-12],[28,-12],[73,-14],[47,-19],[4,-4],[8,-3],[12,-9],[49,-49],[30,-25],[31,-19],[23,-8],[11,-11],[51,-26],[33,-9],[4,3],[4,6],[6,34],[1,36],[-1,13],[0,35],[0,34],[10,66],[11,56],[5,61],[15,125],[4,96],[-1,8],[2,63],[-3,31],[1,53],[-2,37],[4,45],[0,58],[6,30],[11,21],[26,34],[23,35],[34,36],[23,20],[7,9],[21,20],[11,16],[8,15],[1,10],[-1,43],[7,20],[20,22],[24,-13],[21,-28],[63,-47],[49,-49],[28,-26],[23,-17],[29,-16],[37,-28],[38,-47],[32,-43],[36,-59],[54,-77],[65,-113],[41,-76],[25,-27],[12,-15],[22,-26],[19,-21],[22,-31],[46,-66],[34,-54],[8,-18],[35,-51],[23,-36],[29,-38],[8,0],[11,9],[20,31],[20,37],[19,31],[10,20],[34,91],[29,122],[27,88],[14,51],[18,41],[33,47],[31,56],[13,38],[7,25],[7,15],[4,16],[31,87],[9,89],[-6,30],[-1,21],[8,53],[0,42],[2,6],[7,17],[-10,42],[97,80],[27,-7],[26,-31],[11,-1],[8,6],[11,19],[10,13],[11,8],[13,5],[21,-5],[33,-31],[12,-18],[27,-27],[33,-11],[24,-3],[56,1],[55,-3],[29,-2],[20,-2],[85,-13],[52,-1],[57,-9],[33,-2],[99,0],[33,-5],[94,-7],[14,-3],[52,-25],[63,-13],[71,74],[22,9],[123,-6],[38,-6],[32,-8],[22,-3],[23,2],[33,-3],[33,-10],[29,-10],[27,-29],[28,-20],[158,-83],[1,-1],[49,-32],[22,-10],[67,-53],[47,-26],[44,-21],[35,-23],[62,-23],[28,-15],[48,-18],[89,-14],[35,-18],[73,-15],[43,-25],[112,-76],[132,-1],[111,-18],[67,-1],[27,-44],[14,1],[-6,68],[-14,26],[18,-4],[24,-24],[26,-16],[17,-48],[17,-32],[27,-33],[33,-47],[18,-42],[22,-40],[21,-65],[15,-34],[3,-23],[-8,1],[-22,10],[24,-73],[0,-33],[-11,-20],[13,-54],[-31,-29],[-16,-11],[-7,-3],[-12,-9],[-29,-10],[-7,-11],[-9,-20],[-4,-18],[-3,-23],[-4,-23],[-53,-144],[-48,-121],[-27,-61],[-21,-37],[-33,-77],[-31,-45],[-44,-84],[-50,-75],[-23,-43],[-33,-53],[-35,-61],[-3,-10],[-8,-15],[-9,-25],[-21,-46],[-20,-51],[58,-36],[65,-43],[31,-46],[15,-62],[15,-33],[55,-26],[17,-48],[41,-39],[70,-27],[59,-12],[62,-6],[35,-26],[27,-25],[17,-20],[25,-27],[44,-11],[98,-9],[60,12],[74,18],[35,0],[21,-7],[13,-22],[29,-1],[58,18],[30,10],[36,16],[53,13],[32,-3],[36,2],[48,16],[50,22],[56,-11],[16,-41],[45,-40],[59,-23],[80,-10],[81,-27],[92,-1],[46,14],[41,-3],[33,-14],[44,13],[25,-20],[11,-36],[15,-47],[17,-18],[31,0],[28,9],[13,14],[12,25],[0,22],[15,11],[19,1],[31,-5],[57,-14],[43,-8],[46,12],[27,5],[29,-2],[16,15],[27,0],[48,-7],[67,3],[25,22],[18,0],[23,-3],[19,-21],[-22,-16],[3,-20],[21,-28],[19,-17],[54,-1],[67,5],[48,23],[27,10],[28,-12],[40,-11],[46,-6],[51,-15],[55,-9],[33,-3],[33,-8],[34,-8],[19,7],[30,23],[24,24],[31,32],[26,28],[33,30],[50,63],[31,34],[28,7],[39,-7],[47,-20],[51,-12],[42,6],[36,16],[53,16],[41,-23],[35,17],[133,-41],[48,-21],[53,9],[115,-2],[146,-2],[127,23],[95,17],[31,16],[12,33],[41,40],[47,25],[52,4],[46,-2],[37,-17],[40,-25],[38,-23],[42,-23],[38,-21],[37,-24],[36,-20],[26,-14],[18,3],[29,14],[35,12],[42,14],[30,9],[47,4],[55,3],[44,1],[53,-5],[30,-10],[32,-19],[37,-13],[39,-30],[30,-7],[58,5],[42,15],[37,2],[22,15],[27,14],[25,6],[29,-5],[22,-7],[27,-18],[17,-27],[13,-41],[15,-60],[33,-73],[45,-24],[80,-21],[58,-16],[65,-15],[36,-24],[80,-28],[48,0],[49,9],[43,2],[32,2],[43,-4],[31,-8],[42,-19],[29,-27],[29,-47],[67,-51],[43,-24],[43,-5],[66,19],[36,18],[28,18],[37,21],[34,19],[37,23],[24,25],[30,3],[26,-7],[18,-15],[12,-20],[1,-42],[10,-31],[22,-8],[25,8],[26,8],[27,1],[22,-5],[36,-16],[48,-2],[40,2],[15,-4],[52,-6],[50,-2],[41,3],[29,15],[24,9],[24,0],[16,-9],[3,-11],[1,-16],[41,-14],[28,-10],[42,-13],[29,-20],[20,-28],[22,-16],[30,-4],[17,17],[14,23],[25,11],[28,3],[27,-7],[19,-17],[21,-24],[31,-31],[31,-22],[28,-14],[22,-18],[16,-1],[25,9],[23,18],[33,20],[31,24],[29,23],[20,9],[12,-2],[18,-14],[29,-33],[17,-25],[7,-33],[-3,-38],[17,-27],[28,-13],[29,-29],[14,-34],[-5,-44],[-2,-44],[16,-19],[24,11],[62,-22],[73,-22],[62,-5],[33,-8],[32,-7],[16,-18],[0,-20],[10,-32],[24,-34],[31,-22],[41,-2],[30,-19],[65,-11],[31,-27],[18,-33],[37,-48],[45,-37],[69,-7],[43,-16],[15,-16],[31,8],[25,-10],[26,-24],[16,-27],[18,-47],[15,-12],[32,-4],[50,1],[46,-6],[52,-18],[42,-14],[78,-18],[41,-16],[31,-14],[17,-72],[29,-58],[48,-37],[40,1],[34,-13],[46,-17],[21,-19],[18,-78],[19,-56],[18,-62],[17,-1],[44,-20],[36,-3],[52,16],[36,3],[53,-14],[35,-16],[29,-52],[12,-58],[23,-10],[39,11],[49,32],[37,11],[55,13],[51,-26],[49,-46],[20,-23],[32,-56],[25,-50],[61,-13],[36,1],[73,-5],[46,-7],[30,-12],[18,-20],[9,-21],[1,-26],[3,-26],[14,-29],[33,-12],[45,-13],[19,-7],[18,-6],[10,0],[11,0],[28,4],[8,1],[63,3],[32,-6],[22,-15],[28,-32],[16,-16],[16,-16],[25,-24],[12,4],[63,13],[45,5],[39,0],[20,-6],[25,-10],[27,-15],[27,-20],[44,-24],[46,-17],[39,-7],[43,5],[-53,-52],[-11,-28],[-3,-14],[-5,-28],[-10,-34],[-17,-40],[-8,-33],[-19,-34],[-29,-35],[-19,-16],[-33,-8],[-6,-21],[11,-31],[12,-34],[4,-42],[-10,-19],[-23,-12],[-37,-11],[-9,-21],[-3,-31],[5,-31],[-5,-32],[-13,-22],[-32,-25],[-38,-7],[0,-89],[14,-83],[10,-65],[-6,-75],[12,-86],[9,-90],[4,-74],[13,-82],[14,-37],[20,-54],[15,-33],[19,-71],[32,-52],[25,-44],[7,-43],[-4,-23],[-20,-51],[-17,-60],[-28,-54],[-6,-47],[-15,-59],[-7,-52],[17,-38],[17,-45],[33,-46],[37,-21],[28,-28],[21,-48],[93,-134],[17,-57],[64,-117],[27,-66],[-8,-54],[-45,-73],[30,-86],[22,-66],[7,-63],[-7,-74],[-44,-68],[4,-43],[12,-73],[-7,-78],[-8,-71],[-35,-46],[-82,-181],[-72,-132],[-75,-88],[-46,-33],[31,-127],[21,-91],[22,-62],[75,-145],[20,-51],[16,-71],[33,-58],[36,-61],[18,-69],[19,-47],[8,-80],[5,-100],[23,-38],[5,-79],[3,-98],[-5,-11],[-36,-81],[-40,-55],[-20,-27],[-34,-49],[-60,3],[-12,-14],[-6,-9],[-7,-19],[-2,-34],[5,-20],[32,-89],[4,-26],[3,-5],[4,-46],[-4,-48],[-1,-28],[-2,-20],[-18,-74],[-4,-25],[-4,-8],[-2,-33],[0,-69],[-10,-66],[-7,-38],[-8,-68],[-14,-63],[-19,-131],[3,-16],[23,-121],[-28,-1],[-27,-2],[-38,-127],[-22,-22],[-16,-16],[-15,-16],[-78,-101],[-28,-74],[-3,-9],[-26,-38],[-47,-153],[-115,-49],[-35,-30],[-58,-50],[-24,-38],[-36,-60],[-33,-43],[-38,-30],[-20,-21],[-14,-14],[-78,-53],[-30,-28],[-38,-79],[-17,-8],[-18,-52],[-27,-15],[-17,-46],[-42,2],[-46,-21],[-9,-32],[-40,-110],[-19,25],[-24,-132],[-7,-134],[-15,-74],[2,-42],[-44,-96],[-14,-46],[7,-44],[-4,-36],[-26,-30],[-17,-42],[-125,-2],[-35,-150],[-56,-125],[-22,-200],[-21,-99],[8,-43],[-8,-46],[-1,-20],[-6,-38],[-19,-65],[-32,-57],[-31,-77],[-50,-108],[12,-67],[3,-84],[-21,-163],[5,-90],[30,-105],[64,-178],[11,-96],[12,-95],[21,-103],[16,-59],[-17,-122],[1,-30],[6,-23],[8,-20],[43,-60],[30,-44],[27,-35],[12,-28],[3,-52],[15,-46],[13,-17],[9,-11],[7,-13],[1,-8],[-10,-14],[0,-28],[6,-37],[14,-29],[22,-20],[30,-7],[5,-17],[23,-22],[47,-40],[22,-23],[22,-31],[11,-24],[10,-40],[0,-31],[3,-16],[9,-16],[14,-12],[12,-4],[11,-4],[4,-5],[0,-11],[1,-25],[-1,-14],[-4,-11],[-2,-18],[3,-16],[14,-17],[23,-11],[28,-3],[19,1],[14,3],[15,1],[12,-10],[9,-11],[8,-15],[3,-14],[-4,-15],[9,-16],[18,-24],[15,-22],[21,-18],[-9,-8],[-31,-28],[-8,-25],[13,-17],[9,4],[25,-16],[23,-8],[24,0],[19,1],[35,9],[17,1],[9,-1],[38,-10],[14,-6],[28,-7],[24,1],[30,5],[36,12],[22,15],[44,23],[31,11],[25,12],[32,12],[46,27],[24,17],[77,45],[23,12],[36,31],[16,11],[11,5],[7,2],[7,-2],[9,0],[33,-5],[14,-6],[7,-5],[24,-21],[15,-19],[33,-43],[9,-16],[14,-31],[0,-5],[23,-32],[8,-15],[19,-23],[11,-8],[20,-10],[44,-11],[83,-4],[30,4],[26,6],[26,-1],[38,6],[61,6],[38,0],[28,-6],[45,-17],[23,-12],[36,-24],[11,-5],[70,-49],[12,-10],[16,-18],[22,-24],[19,-24],[17,-18],[16,-14],[53,-41],[12,-13],[10,-14],[10,-32],[11,-21],[17,-23],[20,-22],[13,-12],[10,-4],[33,-3],[15,3],[9,5],[26,22],[29,32],[26,23],[49,37],[12,3],[17,-2],[45,-17],[21,-13],[12,-10],[9,-14],[12,-14],[8,-15],[22,-44],[10,-21],[51,-74],[6,-13],[2,-10],[2,-28],[0,-16],[0,-7],[3,-21],[8,-30],[5,-15],[20,-52],[13,-14],[8,-6],[13,-6],[14,-4],[40,-4],[49,3],[36,-1],[87,16],[23,9],[31,10],[26,12],[25,7],[13,4],[3,-1],[4,6],[26,17],[26,14],[16,13],[10,6],[22,12],[30,13],[13,5],[6,0],[5,4],[42,12],[33,14],[64,16],[16,1],[72,4],[28,5],[9,0],[71,8],[17,1],[30,-5],[0,0],[38,-1],[31,0],[28,-8],[73,-41],[28,-3],[36,-3],[2,2],[22,1],[28,7],[5,-1],[2,3],[33,13],[37,20],[45,10],[19,7],[20,11],[12,10],[41,20],[12,11],[26,11],[17,13],[13,4],[8,7],[18,5],[14,0],[12,-5],[12,-11],[4,-5],[6,-9],[5,-12],[12,-76],[8,-26],[2,-12],[21,-64],[33,-76],[13,-25],[9,-13],[9,-10],[10,-4],[5,-3],[2,-3],[31,-8],[17,-2],[14,2],[4,-1],[3,2],[28,6],[16,8],[36,29],[40,25],[16,12],[36,39],[21,17],[24,22],[11,12],[20,17],[34,18],[17,6],[26,3],[37,-5],[36,-5],[15,-1],[23,-1],[31,-6],[113,-53],[29,-9],[26,-11],[2,-1],[1,0],[20,-5],[5,-3],[40,-12],[40,-5],[14,0],[3,-4],[18,3],[14,4],[10,6],[15,12],[35,41],[34,64],[2,4],[13,33],[14,26],[21,46],[19,24],[24,27],[22,19],[26,29],[24,23],[20,14],[5,3],[49,30],[28,20],[60,59],[19,9],[19,5],[21,2],[45,-20],[2,-1],[53,-50],[26,-18],[38,-35],[35,-38],[11,-17],[21,-24],[20,-19],[33,-39],[16,-23],[37,-40],[4,-5],[11,-9],[9,-7],[15,-4],[35,3],[16,5],[22,9],[11,9],[10,20],[4,18],[11,25],[68,92],[10,13],[29,28],[58,47],[18,11],[33,11],[16,9],[24,21],[39,23],[28,12],[25,7],[30,15],[54,19],[81,49],[44,17],[8,6],[28,32],[34,21],[6,1],[68,22],[41,11],[39,3],[22,-1],[5,1],[47,-5],[95,-24],[31,-11],[9,-6],[8,0],[18,-9],[38,-12],[12,-6],[21,-15],[38,-14],[5,1],[12,-3],[23,3],[28,10],[26,16],[14,11],[18,19],[9,15],[6,23],[-1,23],[0,33],[4,59],[8,23],[10,13],[0,0],[12,7],[14,4],[35,18],[37,22],[26,9],[43,21],[30,8],[36,1],[23,8],[21,12],[64,62],[27,29],[19,22],[36,61],[20,27],[15,39],[14,33],[2,4],[0,1],[2,14],[5,34],[1,33],[-4,44],[-3,21],[4,48],[3,18],[-1,37],[4,30],[2,13],[21,69],[13,36],[10,20],[19,29],[19,33],[12,18],[20,23],[35,30],[54,31],[27,13],[23,16],[21,29],[8,16],[3,28],[12,25],[18,31],[3,7],[0,21],[-5,30],[-35,61],[-8,19],[-3,14],[4,18],[15,34],[4,10],[3,12],[1,13],[-5,22],[-1,19],[-2,25],[1,21],[3,12],[8,13],[17,11],[28,3],[10,1],[49,8],[12,0],[26,5],[92,37],[21,7],[16,8],[16,12],[18,23],[17,34],[11,46],[5,38],[7,20],[11,61],[14,44],[4,23],[0,18],[-3,24],[-6,24],[-35,51],[-16,14],[0,0],[-7,17],[-5,18],[-1,13],[0,2],[0,44],[9,38],[4,34],[1,9],[6,31],[25,56],[32,46],[25,44],[22,57],[0,1],[1,3],[15,48],[10,36],[11,67],[3,10],[3,30],[2,13],[5,25],[0,29],[0,25],[0,0],[5,43],[0,21],[3,5],[-2,7],[4,14],[10,18],[12,12],[4,1],[3,0],[21,19],[21,20],[3,6],[0,1],[4,7],[-2,5],[8,14],[8,23],[20,28],[9,15],[6,21],[29,64],[8,28],[9,46],[18,51],[17,24],[3,3],[23,21],[28,14],[32,13],[24,9],[3,2],[21,5],[1,2],[7,0],[42,10],[32,4],[56,12],[63,4],[22,-2],[14,3],[40,-1],[15,0],[4,2],[3,2],[14,1],[24,1],[74,0],[25,0],[33,-4],[16,1],[43,8],[14,8],[18,21],[12,17],[17,34],[3,7],[39,84],[18,30],[36,55],[4,6],[9,9],[40,43],[14,22],[5,16],[0,20],[-7,41],[0,7],[-18,53],[-7,10],[-8,33],[0,8],[6,10],[35,39],[25,40],[18,31],[10,20],[8,25],[13,28],[19,19],[37,18],[15,4],[16,1],[24,-2],[11,-4],[9,-9],[15,-7],[6,-9],[13,-8],[11,-11],[12,-6],[7,-4],[7,-6],[12,-5],[21,-16],[28,-10],[12,-1],[17,3],[27,15],[11,13],[21,32],[23,26],[22,14],[10,1],[105,-11],[31,16],[27,6],[49,11],[52,19],[2,-1],[42,14],[18,3],[39,6],[7,0],[31,7],[26,4],[14,3],[16,7],[8,5],[37,22],[9,3],[3,0],[15,9],[9,5],[1,0],[4,4],[39,38],[57,50],[22,14],[39,16],[4,1],[17,2],[26,-2],[17,-4],[19,-9],[21,-17],[22,-27],[36,-41],[17,-9],[21,-4],[31,-1],[12,2],[18,6],[3,1],[5,0],[35,8],[21,2],[23,7],[13,4],[68,15],[21,9],[0,0],[3,1],[21,20],[8,5],[20,20],[26,28],[5,8],[48,56],[29,23],[12,6],[12,1],[14,-5],[36,-22],[7,-7],[21,-7],[68,1],[24,6],[37,16],[45,7],[7,4],[0,0],[55,14],[21,9],[4,-1],[3,-1],[24,10],[21,15],[37,19],[74,33],[70,21],[36,15],[23,8],[19,4],[17,0],[33,9],[16,8],[35,24],[15,8],[44,20],[19,6],[31,2],[52,-6],[23,1],[4,-1],[36,20],[8,13],[9,16],[9,22],[3,36],[4,13],[0,8],[5,33],[10,17],[23,16],[18,5],[12,0],[21,-8],[14,-4],[40,-17],[8,-6],[42,-30],[37,-37],[21,-14],[17,-3],[19,-4],[30,2],[26,2],[17,-5],[10,-12],[8,-15],[8,-23],[16,-66],[15,-46],[4,-5],[7,-20],[24,-51],[23,-25],[46,-30],[21,-9],[12,-2],[43,-18],[42,-12],[35,-3],[41,-10],[47,-23],[47,-17],[42,-20],[61,-35],[31,-31],[8,-20],[12,-18],[12,-12],[16,-13],[18,-10],[1,-4],[1,2],[15,-15],[22,-39],[17,-61],[14,-36],[22,-81],[20,-54],[15,-30],[26,-30],[20,-29],[21,-22],[33,-30],[12,-7],[12,-7],[14,-4],[52,-8],[71,-1],[9,2],[20,0],[15,-1],[49,3],[22,0],[45,-1],[42,-3],[55,-13],[0,0],[0,0],[9,-3],[78,-17],[9,-4],[54,-13],[10,-2],[11,-5],[15,-6],[85,-24],[30,-10],[14,-11],[14,-15],[3,-6],[2,-13],[5,-17],[0,-6],[4,-10],[13,-33],[3,-5],[10,-9],[19,-11],[17,-7],[1,0],[48,-12],[21,-9],[19,-8],[55,-38],[19,-19],[11,-10],[17,-14],[38,-44],[6,-7],[30,-38],[38,-64],[11,-28],[11,-38],[11,-23],[4,-12],[4,-5],[16,-42],[-2,-5],[-1,-40],[0,-11],[-7,-31],[-6,-46],[0,-25],[7,-37],[23,-80],[6,-49],[0,-35],[-8,-84],[-15,-64],[-18,-38],[-17,-26],[-19,-24],[-2,-2],[-31,-31],[-57,-31],[-21,-16],[-61,-33],[-50,-41],[-17,-17],[-9,-15],[-5,-9],[-7,-30],[-2,-13],[-2,-25],[1,-2],[-1,-23],[-8,-33],[-5,-7],[-13,-39],[0,0],[-18,-36],[-50,-114],[-7,-20],[-18,-72],[0,0],[1,-25],[7,-59],[0,0],[0,-25],[-13,-51],[-5,-13],[-13,-35],[-14,-24],[-8,-14],[-7,-21],[0,-2],[-1,-4],[-1,-9],[-2,-20],[2,-19],[1,-9],[2,-18],[17,-130],[-3,-56],[-7,-36],[-8,-23],[-18,-35],[-11,-15],[-44,-43],[-16,-13],[-76,-41],[-23,-10],[-22,-14],[-12,-4],[-21,-11],[-9,-8],[-41,-22],[-30,-21],[-52,-40],[-48,-25],[-21,-14],[-5,-5],[-26,-18],[-9,-9],[-15,-29],[-3,-14],[-1,-6],[-1,-15],[1,-64],[-4,-30],[-1,-33],[1,-64],[-5,-53],[-9,-74],[6,-82],[5,-25],[6,-18],[21,-46],[4,-20],[0,0],[0,-13],[-6,-26],[-43,-75],[-20,-40],[-9,-20],[-11,-25],[-28,-50],[-9,-20],[-13,-28],[-14,-41],[-15,-28],[-13,-31],[-8,-10],[-16,-63],[-12,-39],[-23,-55],[-8,-24],[-9,-27],[-9,-41],[-16,-43],[-16,-63],[-5,-43],[0,-26],[3,-23],[3,-39],[4,-28],[6,-23],[11,-30],[1,-18],[5,-10],[15,-69],[9,-79],[6,-77],[2,-76],[-1,-23],[-10,-64],[-5,-17],[-6,-13],[-6,-26],[0,0],[-24,-68],[-8,-38],[-12,-115],[0,-36],[0,-30],[-2,-33],[-6,-46],[-11,-53],[-8,-28],[-1,-4],[-22,-55],[0,0],[-11,-35],[-7,-16],[0,0],[-10,-30],[-2,-13],[-3,-15],[-8,-23],[-25,-40],[-16,-17],[0,0],[0,0],[-13,-10],[-3,-1],[-4,-1],[-23,-16],[-1,-1],[-37,-19],[-5,-2],[-24,-10],[-6,-5],[-17,-9],[0,0],[0,0],[-43,-28],[-26,-23],[-20,-28],[0,0],[0,0],[-9,-30],[0,-21],[5,-25],[12,-21],[42,-87],[21,-35],[17,-21],[24,-38],[10,-26],[8,-35],[14,-41],[2,-59],[-3,-79],[3,-79],[2,-24],[4,-34],[-2,-51],[-9,-46],[-11,-36],[-7,-14],[-10,-12],[-16,-15],[-34,-27],[0,0],[0,0],[-45,-32],[-26,-22],[-45,-34],[-57,-37],[-43,-20],[-9,-7],[-16,-10],[-5,-1],[-16,2],[-43,-3],[-52,-9],[-19,-6],[-23,-13],[-22,-17],[-16,-18],[-41,-56],[-21,-22],[-19,-15],[-50,-24],[-28,-17],[0,0],[0,0],[-30,-32],[-13,-25],[-5,-19],[1,-43],[-1,-86],[0,-19],[13,-99],[3,-75],[1,-9],[-2,-3],[0,-10],[-16,-48],[-3,-18],[-6,-13],[-3,-4],[-18,-25],[-25,-28],[-23,-38],[-16,-37],[-5,-19],[-1,-14],[-2,-74],[3,-84],[7,-23],[8,-17],[11,-16],[16,-13],[20,-19],[5,-6],[21,-9],[11,-3],[9,-2],[28,-9],[16,-7],[38,-9],[36,-12],[19,-9],[16,-12],[10,-10],[4,-5],[12,-21],[14,-41],[21,-51],[7,-14],[6,-20],[5,-19],[5,-22],[0,-12],[2,-15],[6,-39],[12,-48],[4,-25],[0,-18],[0,-2],[3,-21],[4,-40],[-2,-39],[-27,-104],[-10,-28],[-2,-11],[-10,-20],[-10,-18],[-8,-8],[-1,-1],[-25,-17],[-19,-6],[-16,-4],[-52,-8],[-40,3],[-11,5],[-9,0],[-58,14],[-35,13],[-21,10],[-19,6],[-76,17],[-12,3],[-11,3],[-28,3],[-36,-2],[-14,-1],[-18,-3],[-12,-4],[-28,-17],[-13,-11],[-6,-6],[-15,-20],[-6,-14],[-9,-30],[-9,-49],[-4,-26],[0,-9],[-15,-74],[-13,-28],[-157,-177],[-10,-15],[-42,-63],[-3,-5],[-41,-72],[-27,-34],[-11,-22],[-8,-23],[-23,-89],[-10,-23],[-9,-12],[-14,-13],[-16,-15],[-9,-9],[-9,-5],[-5,-3],[-40,-14],[-26,-6],[-23,-5],[-40,-6],[-21,-7],[-14,-6],[-19,-14],[-20,-22],[-8,-21],[-2,-14],[1,-21],[0,-6],[7,-22],[11,-20],[14,-18],[9,-15],[23,-27],[7,-13],[0,0],[4,-21],[-2,-7],[-4,-13],[1,-5],[-6,-12],[-15,-22],[0,-1],[0,0],[-24,-15],[-18,-9],[-12,-3],[-3,3],[-20,-5],[-16,-4],[-33,-3],[-50,-2],[-35,-7],[0,0],[-28,-9],[-33,-17],[-21,-26],[-37,-25],[-8,-7],[-20,-17],[-30,-22],[-28,-14],[-71,-21],[-9,-1],[-82,-9],[-78,-27],[-21,-6],[-7,-2],[-16,-9],[-28,-8],[-32,-19],[-58,-26],[-45,-17],[-26,-7],[-21,-8],[-19,-7],[-53,-27],[-17,-16],[-16,-28],[-14,-32],[0,-15],[-7,-20],[1,-16],[2,-7],[0,-82],[3,-35],[5,-41],[6,-17],[10,-36],[15,-66],[6,-45],[-1,-26],[-6,-33],[-3,-38],[1,-51],[0,0],[7,-47],[2,-16],[2,-54],[-7,-30],[-32,-49],[-18,-32],[-4,-12],[-6,-33],[0,-15],[-12,-43],[-4,-20],[-6,-67],[1,-23],[4,-20],[24,-53],[4,-2],[2,-5],[51,-54],[8,-11],[5,-1],[30,-32],[8,-7],[5,-1],[23,-23],[27,-38],[6,-20],[1,-13],[-5,-21],[-11,-27],[-5,-8],[0,0],[-14,-14],[-20,-16],[-19,-12],[-57,-19],[-20,-3],[-12,-13],[-10,-7],[-4,-2],[-9,-17],[-11,-19],[-5,-22],[0,-40],[3,-26],[1,-56],[5,-33],[-1,-15],[2,-8],[3,-2],[-1,-29],[3,-4],[1,-27],[3,-2],[5,-28],[9,-28],[15,-40],[16,-23],[19,-19],[26,-19],[22,-10],[9,1],[35,-12],[24,-5],[14,-1],[10,1],[28,-3],[9,2],[7,-2],[7,2],[19,-2],[14,0],[14,5],[17,1],[35,-6],[17,-6],[14,-10],[31,-29],[19,-25],[18,-33],[34,-53],[29,-63],[13,-35],[7,-30],[6,-46],[-1,-30],[-12,-102],[-3,-7],[-3,-16],[-4,-25],[-3,-14],[-1,-33],[0,-28],[5,-53],[-1,-13],[-2,-4],[-5,-14],[-8,-30],[-1,-21],[0,-21],[5,-24],[9,-39],[43,-121],[36,-81],[44,-76],[52,-65],[17,-30],[2,-6],[4,-3],[29,-42],[42,-65],[27,-27],[33,-22],[12,-7],[4,0],[40,-18],[3,-1],[28,-7],[10,1],[0,0],[23,-4],[48,1],[37,-3],[2,-3],[27,-3],[11,-5],[1,0],[26,-24],[8,-12],[17,-17],[12,-19],[28,-38],[40,-68],[18,-37],[8,-28],[2,-28],[-2,-18],[-10,-13],[0,0],[-43,-27],[-11,-3],[0,0],[-1,0],[-16,-5],[-26,-5],[-68,-9],[-16,-1],[-5,3],[-33,-1],[-36,2],[-23,-8],[-38,-21],[-36,-34],[-11,-15],[-45,-73],[-51,-65],[-27,-37],[-27,-58],[-14,-56],[-12,-65],[1,-43],[8,-70],[3,-40],[0,-64],[-3,-23],[-7,-23],[-13,-32],[-32,-55],[-55,-85],[-12,-27],[-2,-9],[1,-25],[5,-13],[7,-6],[15,-14],[12,-8],[1,0],[8,-3],[47,-6],[4,-5],[38,-46],[12,-4],[24,-4],[39,-3],[60,-1],[30,-8],[43,-19],[28,-16],[0,0],[13,-9],[19,-21],[5,-9],[5,-31],[0,-17],[-3,-10],[-8,-17],[-25,-29],[-16,-14],[-21,-29],[-8,-19],[-4,-18],[0,-23],[7,-33],[10,-31],[7,-15],[0,0],[6,-8],[26,-21],[59,-32],[0,0],[20,-21],[52,-63],[15,16],[13,6],[14,6],[28,2],[29,-7],[46,-2],[26,-7],[33,-14],[23,-1],[25,-3],[16,-8],[16,1],[19,4],[14,-1],[22,2],[56,30],[49,12],[24,-7],[29,-22],[27,-24],[31,-8],[44,0],[55,-3],[27,-5],[35,3],[12,14],[20,28],[12,28],[15,9],[33,-1],[22,-10],[15,-12],[6,-25],[6,-19],[14,-6],[24,1],[17,19],[9,37],[6,29],[8,13],[10,6],[20,-6],[26,-9],[20,-2],[16,-13],[12,-18],[18,-12],[17,-7],[14,-1],[37,19],[17,13],[18,13],[64,32],[28,3],[18,-6],[9,-12],[6,-18],[16,-15],[24,-4],[27,8],[28,6],[22,-12],[45,-38],[30,-16],[34,-6],[54,4],[41,1],[12,7],[7,11],[14,32],[11,9],[36,-2],[84,-30],[37,-5],[36,-6],[50,-7],[83,-34],[20,-22],[26,-20],[24,-9],[44,-11],[33,-3],[56,7],[64,-3],[51,-11],[28,-14],[28,-28],[41,-15],[16,-15],[12,-12],[46,-13],[9,-9],[9,-19],[11,0],[16,6],[45,23],[28,-4],[26,-11],[20,-20],[20,-6],[20,-8],[8,-7],[7,-6],[20,-23],[19,-4],[34,4],[13,4],[15,-3],[33,-21],[51,-28],[31,-26],[36,-48],[15,-15],[37,-11],[38,4],[22,-13],[22,-26],[24,-17],[35,-24],[42,-9],[63,-16],[23,-7],[15,-11],[13,-17],[13,-7],[14,-2],[28,13],[18,-2],[7,-10],[35,-46],[24,-15],[12,-10],[48,-13],[12,-5],[19,-14],[56,-10],[66,-11],[31,-7],[21,-17],[41,-39],[27,-24],[17,-5],[27,9],[13,-5],[12,-8],[16,-37],[11,-19],[18,-2],[17,-4],[21,-15],[23,-21],[12,-2],[39,7],[28,0],[27,1],[29,6],[16,-6],[39,-20],[47,-19],[41,-15],[33,-16],[23,-3],[73,-13],[7,-3],[8,-3],[22,-16],[40,0],[12,-7],[20,-25],[16,-38],[29,-31],[29,-31],[8,-26],[13,-40],[11,-21],[17,-6],[17,2],[33,17],[59,15],[35,-1],[31,-9],[33,-25],[45,-27],[25,-5],[63,14],[28,4],[28,11],[15,-2],[19,-9],[17,-14],[11,-19],[28,-69],[8,-10],[21,-12],[9,-18],[10,-18],[26,-22],[30,-14],[22,-6],[9,0],[9,-6],[12,-12],[6,-8],[7,-9],[72,-72],[29,-32],[29,-33],[41,-53],[22,-33],[24,-28],[11,-9],[38,-26],[7,0],[24,-8],[47,-37],[75,-44],[43,-29],[37,-20],[24,-8],[35,-18],[78,-57],[47,-39],[45,-31],[51,-44],[29,-23],[17,-10],[54,-43],[28,-26],[21,-17],[66,-45],[36,-28],[82,-69],[85,-61],[37,-26],[76,-52],[42,-30],[10,2],[49,-43],[42,-31],[26,-27],[40,-49],[31,-46],[19,-43],[23,-77],[5,-23],[25,-91],[31,-89],[54,-106],[42,-92],[21,-34],[15,-24],[8,-11],[9,-12],[29,-58],[15,-38],[10,-33],[5,-10],[13,-51],[2,-26],[7,-43],[1,-15],[3,-36],[17,-63],[8,-20],[32,-54],[34,-45],[18,-20],[27,-23],[55,-39],[26,-25],[25,-29],[23,-31],[30,-43],[27,-46],[43,-140],[15,-40],[21,-82],[15,-88],[11,-107],[15,-51],[7,-48],[10,-31],[0,-13],[31,-53],[9,-20],[50,-78],[46,-68],[30,-32],[41,-29],[61,-56],[22,-17],[30,-21],[38,-38],[34,-44],[27,-44],[11,-22],[10,-31],[6,-30],[7,-26],[-2,-5],[8,-99],[0,-33],[-20,-132],[-7,-29],[-25,-58],[-19,-35],[-5,-14],[5,-7],[38,-34],[36,-40],[21,-27],[25,-28],[18,-31],[26,-53],[4,-5],[42,-86],[10,-33],[5,-26],[4,-20],[14,-46],[17,-81],[2,-23],[6,-79],[0,-5],[1,-69],[0,-12],[-8,-35],[-2,-21],[1,-23],[-1,-7],[3,-26],[8,-38],[15,-69],[18,-69],[5,-28],[12,-45],[14,-69],[8,-28],[0,-10],[10,-33],[5,-33],[19,-83],[19,-102],[9,-86],[3,-53],[-1,-71],[0,-11],[-4,-116],[-4,-117],[-69,-181],[-12,-30],[-54,-36],[-95,-36],[-10,-4],[-9,-5],[-28,-6],[-49,-22],[-80,-45],[-30,-24],[-19,-19],[-28,-41],[-21,-25],[-61,-64],[-34,-27],[-7,-3],[-21,-21],[-18,-15],[-21,-14],[-35,-17],[-7,-5],[-33,-27],[-18,-18],[-20,-21],[-51,-72],[-47,-79],[-6,-17],[-5,-23],[-1,-18],[-5,-23],[-2,-49],[4,-15],[1,-25],[9,-51],[-1,-36],[4,-12],[1,-10],[-2,-3],[-1,-13],[-6,-30],[-2,-26],[-1,-30],[2,-43],[-2,-16],[1,-5],[-6,-43],[1,-66],[-7,-49],[-15,-74],[-35,-160],[-8,-49],[-5,-53],[-8,-49],[0,-15],[-19,-51],[-16,-54],[-8,-43],[-7,-49],[-22,-112],[-2,-20],[1,-33],[3,-18],[5,-13],[-1,-25],[-18,-62],[-14,-33],[-9,-27],[-4,-8],[-4,-8],[-30,-80],[-2,-9],[-9,-29],[-3,-25],[1,-8],[-3,-43],[-30,-192],[-3,-48],[-6,-41],[0,-48],[5,-36],[19,-65],[29,-74],[19,-53],[14,-33],[25,-83],[12,-30],[5,-28],[8,-23],[10,-48],[10,-33],[12,-23],[5,-13],[3,-15],[22,-45],[15,-25],[29,-43],[20,-38],[14,-35],[14,-46],[6,-38],[-1,-18],[-4,-15],[-5,-10],[-3,-21],[-5,-25],[-1,-33],[2,-21],[7,-30],[6,-18],[16,-33],[27,-32],[9,-18],[8,-33],[8,-94],[13,-38],[6,-15],[3,-2],[12,-33],[20,-43],[32,-53],[16,-23],[24,-27],[18,-26],[26,-68],[53,-75],[13,-23],[13,-30],[11,-18],[19,-19],[148,-109],[15,-19],[34,-73],[18,-69],[4,-45],[1,-36],[-3,-20],[3,-16],[2,-35],[5,-25],[10,-23],[3,-3],[14,-27],[24,-36],[4,-10],[23,-24],[53,-29],[40,-18],[61,-44],[22,-21],[9,-11],[26,-48],[26,-32],[70,-71],[38,-44],[56,-57],[17,-21],[4,-10],[12,-18],[17,-17],[9,-21],[1,-33],[7,-38],[16,-46],[18,-83],[12,-38],[14,-33],[14,-21],[41,-50],[88,-89],[21,-18],[15,-19],[33,-71],[40,-68],[6,-7],[24,-41],[24,-45],[25,-56],[9,-33],[5,-66],[-1,-26],[-7,-25],[-12,-31],[-12,-26],[-38,-55],[-36,-59],[-55,-116],[-12,-43],[-3,-28],[2,-41],[-4,-28],[-4,-14],[-24,-100],[-28,-71],[-5,-29],[-6,-104],[-3,-28],[-4,-13],[0,-13],[-17,-69],[-5,-43],[-9,-20],[-8,-9],[-4,-10],[-2,-30],[3,-15],[7,-18],[22,-33],[12,-12],[25,-10],[16,-3],[24,-8],[9,-5],[12,-2],[26,-14],[26,-20],[23,-45],[35,-53],[10,-23],[15,-55],[37,-69],[15,-43],[6,-25],[0,-21],[-7,-30],[-5,-12],[-22,-28],[-39,-64],[-12,-27],[-2,-15],[-4,-10],[-14,-79],[-7,-26],[-6,-15],[-14,-24],[-28,-35],[-25,-41],[-18,-43],[-5,-23],[-3,-36],[0,-40],[4,-41],[7,-43],[14,-75],[7,-28],[8,-23],[6,-30],[3,-5],[-1,-7],[0,-24],[-8,-58],[-7,-28],[-16,-41],[-27,-51],[-16,-48],[-7,-24],[-7,-38],[-2,-31],[-8,-40],[0,-21],[-7,-58],[1,-33],[4,-23],[16,-46],[21,-43],[3,-20],[0,-23],[-1,-8],[-13,-23],[-7,-33],[-13,-25],[-50,-55],[-27,-20],[-17,-18],[-13,-15],[-23,-44],[-18,-37],[-19,-53],[-4,-18],[-8,-38],[-3,-30],[1,-26],[1,-46],[-2,-31],[-12,-48],[-2,-27],[1,-29],[8,-69],[1,-86],[-8,-64],[-22,-92],[-23,-68],[-8,-48],[1,-21],[7,-28],[17,-46],[8,-17],[10,-15],[6,-2],[13,2],[21,9],[19,6],[32,18],[17,17],[12,18],[19,23],[81,85],[117,97],[21,15],[20,20],[30,25],[76,57],[24,17],[33,18],[71,25],[56,18],[31,12],[25,18],[26,14],[14,14],[5,0],[20,18],[49,37],[59,39],[40,22],[51,32],[38,19],[19,7],[82,48],[19,10],[37,14],[26,6],[19,1],[9,-5],[5,-9],[2,-14],[4,-4],[9,-9],[22,-10],[23,-17],[68,-38],[22,-9],[37,-19],[38,-16],[28,-8],[26,-4],[35,-1],[5,3],[31,-3],[58,0],[19,0],[21,2],[87,21],[73,27],[56,17],[223,95],[56,15],[45,15],[79,21],[33,13],[24,11],[39,23],[7,2],[27,17],[32,14],[73,37],[46,15],[26,11],[14,8],[23,20],[19,33],[17,23],[10,11],[14,8],[18,9],[50,9],[21,7],[1,5],[15,17],[17,26],[32,37],[23,21],[30,18],[92,37],[12,9],[7,7],[6,13],[-1,5],[-16,16],[-8,17],[-3,12],[0,41],[-2,10],[-6,12],[-10,10],[-6,10],[-1,38],[8,23],[13,20],[7,4],[25,4],[17,-5],[27,-9],[18,-2],[29,2],[2,3],[4,-1],[10,2],[21,-1],[7,-3],[7,-6],[26,-28],[11,-6],[7,-14],[10,-5],[14,-4],[14,2],[31,10],[16,9],[20,14],[9,2],[6,5],[29,6],[33,-5],[51,-21],[12,1],[21,15],[7,-1],[5,-3],[2,-15],[3,-7],[5,-4],[56,-8],[14,-5],[6,-5],[3,-7],[-4,-9],[-22,-28],[-5,-13],[0,-11],[1,-5],[5,-3],[8,-3],[22,4],[23,-3],[33,-9],[68,-26],[9,-1],[33,3],[24,-2],[7,-5],[4,-7],[0,-6],[-10,-15],[1,-25],[7,-18],[14,-6],[51,-12],[43,1],[37,7],[45,25],[52,17],[58,22],[14,3],[34,2],[28,-3],[45,-13],[25,-4],[68,-14],[19,3],[13,12],[-1,19],[7,23],[4,8],[13,8],[25,5],[71,6],[33,1],[7,0],[26,1],[38,9],[7,1],[23,1],[14,-3],[77,-12],[41,-6],[-55,-32],[-62,-52],[-61,-42],[-30,-12],[-2,-34],[36,-20],[20,-46],[21,-26],[-60,-66],[-42,-65],[-12,-20],[-19,-9],[-18,-25],[3,-36],[-51,-41],[-2,-28],[-14,-25],[-13,-86],[-19,-50],[3,-35],[-24,-45],[-21,-66],[9,-34],[37,-16],[-47,-69],[16,-40],[30,-17],[12,8],[29,0],[22,4],[10,-4],[6,-35],[9,-34],[5,-13],[21,-2],[21,10],[22,-5],[25,-13],[8,-9],[27,-3],[14,-13],[20,-6],[10,-18],[53,11],[48,-22],[36,-14],[16,-12],[8,-29],[0,-38],[-4,-86],[9,-89],[8,-36],[6,-35],[1,-32],[6,-10],[-2,-30],[-2,-31],[20,-52],[5,-8],[6,-20],[12,-9],[4,-33],[-9,-12],[0,-13],[9,-6],[-10,-15],[-3,-23],[-1,-34],[37,-15],[4,-14],[4,-14],[21,-15],[4,-27],[20,-27],[17,-4],[11,-34],[-19,-9],[-36,-28],[-7,-27],[-26,-8],[-20,-36],[-43,-58],[-19,-34],[-33,-42],[-22,-14],[-21,-13],[-6,-21],[-13,-12],[9,-19],[-32,-13],[2,-21],[-10,-32],[-19,-33],[-25,-12],[-30,-29],[-12,-27],[4,-36],[13,-19],[-15,-33],[-12,4],[-9,-14],[15,-21],[2,-25],[-24,-12],[-5,-24],[6,-40],[30,-15],[-1,-31],[16,-36],[39,-40],[-9,-36],[37,-34],[11,-35],[16,-15],[36,-40],[18,-31],[29,-29],[30,-24],[18,-29],[-9,-9],[-5,-69],[11,-20],[23,-66],[1,-24],[34,-19],[26,-40],[6,-14],[15,-9],[9,-17],[19,-13],[48,-3],[24,-7],[24,-40],[13,-9],[5,-11],[34,-10],[14,-8],[2,-16],[11,-9],[9,7],[3,9],[11,-1],[8,-13],[29,-22],[38,-16],[22,-18],[26,-30],[-3,-17],[12,-26],[-3,-17],[-15,-32],[-19,-24],[-66,79],[-22,33],[-18,15],[-3,16],[-26,38],[-48,9],[-48,29],[-83,40],[-82,44],[-46,14],[-70,32],[-61,15],[-25,-18],[-52,-10],[-42,57],[-4,15],[-46,-3],[-49,-1],[-39,21],[-22,-11],[5,24],[16,43],[3,54],[8,54],[1,42],[-5,33],[-20,43],[-40,40],[-21,26],[-15,28],[-21,30],[-32,24],[-38,36],[-42,49],[6,22],[-10,26],[-39,11],[-25,-17],[-22,-8],[-20,18],[-19,-11],[20,-43],[4,-36],[-29,-34],[-29,-11],[-12,13],[-24,34],[-27,35],[-23,-1],[-2,-29],[-10,-5],[6,-23],[-25,0],[-19,-43],[-32,-5],[-14,-26],[5,-30],[-25,-75],[-15,-27],[-22,-5],[-5,-7],[12,-10],[-7,-13],[-9,-42],[-2,-53],[-13,-34],[-12,-34],[-25,-54],[-22,-34],[-11,-101],[-27,-55],[-56,-39],[-105,-104],[-139,-107],[-75,-65],[-58,-64],[-35,-70],[-14,-78],[-95,-67],[-48,-30],[-73,-38],[-55,-16],[-59,7],[-72,-20],[-63,-36],[-39,-40],[-36,-79],[-35,-79],[-12,-67],[19,-52],[21,-62],[12,-46],[7,-38],[24,-35],[1,-25],[-16,-52],[1,-27],[13,-22],[6,-84],[8,-56],[35,-98],[17,-115],[6,-42],[2,-28],[10,-56],[4,-66],[17,-61],[28,-66],[59,-86],[24,-61],[18,-64],[0,-12],[11,-46],[18,-94],[57,-99],[35,-52],[35,-53],[77,-65],[34,5],[16,-10],[11,-52],[93,-61],[56,-39],[71,-11],[82,-53],[27,-17],[23,-6],[120,-29],[34,-5],[34,-4],[31,-18],[22,-31],[24,-46],[35,-50],[23,-46],[-2,-55],[30,-28],[29,-23],[51,-51],[14,-41],[35,-25],[23,-19],[5,-14],[50,-37],[88,-55],[44,-25],[16,-1],[13,-13],[2,-15],[57,-32],[49,-12],[79,-47],[87,-27],[63,-26],[123,-50],[60,-13],[59,-10],[25,-44],[63,74],[57,7],[31,-2],[32,-3],[19,-7],[25,-15],[44,-26],[60,-39],[48,-29],[36,-17],[24,-7],[20,0],[12,4],[27,21],[39,31],[54,27],[74,4],[57,-10],[68,-12],[38,22],[61,43],[24,18],[51,16],[82,16],[40,-9],[60,0],[40,26],[51,55],[45,61],[63,70],[56,35],[23,8],[23,4],[21,0],[95,-29],[34,-28],[47,-9],[51,9],[54,30],[46,27],[23,9],[12,1],[42,-11],[31,-1],[23,8],[78,15],[36,-19],[14,-28],[11,-29],[5,-69],[-2,-72],[-15,-43],[-33,-57],[-18,-43],[1,-53],[28,-103],[22,-62],[26,-94],[3,-25],[-4,-117],[3,-98],[7,-128],[5,-124],[1,-76],[-5,-107],[-6,-57],[-16,-60],[-31,-55],[-41,-44],[-63,-56],[-110,-105],[-46,-52],[-34,-74],[-7,-57],[146,-41],[48,-39],[70,-47],[55,-25],[61,-33],[38,-50],[20,-58],[52,-27],[41,-23],[12,-37],[21,-20],[-40,-95],[167,-85],[129,-73],[100,-79],[60,-68],[112,-106],[72,-78],[75,-102],[56,-41],[55,-54],[32,-99],[181,-191],[85,-70],[105,-33],[74,-2],[98,47],[65,30],[17,-15],[13,-38],[24,-42],[-19,-35],[57,-65],[86,-31],[24,-44],[-57,-146],[160,-175],[76,2],[99,-35],[146,-40],[-57,-90],[103,-68],[32,-13],[31,-12],[16,-20],[2,-9],[0,-3],[0,-1],[-4,-7],[-4,-3],[-4,-2],[-4,-2],[-4,-1],[-17,-6],[-31,-13],[-31,-13],[-48,-26],[-23,-20],[-26,-36],[-19,-40],[-20,-66],[-10,-27],[-12,-35],[-16,-34],[-13,-22],[-13,-19],[-30,-21],[-6,-10],[-4,-12],[1,-10],[3,-6],[6,-4],[2,-2],[8,-3],[8,0],[8,3],[8,3],[18,8],[25,11],[20,5],[6,0],[7,-1],[9,-4],[9,-7],[5,-10],[5,-12],[0,0],[2,-11],[0,-7],[-24,-53],[-7,-6],[-3,-3],[-20,-16],[-26,-23],[-22,-23],[-19,-29],[-16,-25],[-16,-26],[-14,-26],[-7,-15],[-22,-131],[-14,-72],[-6,-24],[-1,-3],[-8,-18],[-12,-18],[-31,-46],[-16,-29],[-7,-20],[-7,-31],[-23,-135],[-5,-48],[0,-38],[0,-5],[0,-9],[-1,-5],[-1,-22],[-1,-7],[0,-2],[-9,-36],[-3,-16],[-29,-189],[-21,-139],[-13,-69],[0,-21],[3,-19],[0,-1],[7,-15],[3,-4],[6,-9],[1,0],[7,-7],[28,-14],[27,-15],[46,-27],[14,-8],[14,-7],[30,-15],[41,-29],[20,-18],[10,-12],[7,-11],[6,-9],[44,-104],[1,-2],[9,-28],[6,-11],[5,-10],[8,-10],[15,-11],[31,-18],[13,-7],[22,-12],[47,-23],[21,-11],[17,-12],[16,-17],[7,-12],[4,-12],[1,-10],[4,-45],[3,-36],[2,-17],[9,-76],[21,-62],[8,-24],[16,-48],[0,0],[1,-1],[5,-6],[6,-1],[0,0],[3,-1],[9,1],[3,3],[2,1],[4,6],[3,7],[-1,15],[-1,6],[-6,20],[-7,19],[-3,11],[-1,16],[3,22],[5,12],[10,14],[10,11],[14,12],[14,7],[22,11],[4,2],[18,9],[23,7],[16,4],[13,-1],[10,-2],[9,-4],[7,-5],[12,-11],[6,-10],[1,-3],[5,-20],[5,-16],[0,-8],[-2,-12],[0,-1],[-6,-16],[-41,-61],[-14,-22],[-8,-16],[-4,-19],[2,-28],[9,-38],[8,-28],[3,-16],[1,-8],[0,-29],[-1,-8],[-5,-28],[-3,-11],[-7,-28],[-11,-31],[-1,-1],[-9,-17],[0,-2],[-7,-16],[-6,-10],[-24,-24],[-45,-38],[-9,-13],[-2,-10],[6,-11],[8,-8],[11,-2],[12,3],[16,9],[13,10],[11,8],[22,14],[33,15],[16,5],[3,1],[12,4],[17,4],[9,1],[6,1],[1,0],[1,-1],[4,0],[3,-1],[4,-1],[9,-3],[5,-1],[3,-1],[15,-9],[4,-4],[3,-2],[36,-31],[21,-19],[9,-7],[17,-14],[9,-8],[7,-9],[6,-7],[5,-11],[2,-9],[-4,-9],[-1,-1],[-7,-6],[-8,-4],[-11,1],[-9,3],[-22,18],[-22,12],[-27,8],[-23,2],[-11,2],[-18,-4],[-19,-7],[-21,-11],[-10,-10],[-9,-12],[-5,-9],[-1,-12],[2,-12],[4,-13],[11,-14],[13,-10],[16,-7],[9,-3],[24,-6],[22,-7],[30,-9],[30,-7],[38,-9],[70,-21],[22,-8],[17,-9],[5,-3],[8,-6],[8,-8],[13,-16],[26,-38],[8,-12],[19,-32],[13,-25],[12,-28],[9,-26],[21,-82],[6,-25],[3,-10],[8,-33],[23,-85],[18,-70],[19,-79],[13,-30],[6,-14],[47,-110],[10,-14],[13,-13],[12,-9],[16,-10],[65,-33],[39,-23],[32,-24],[28,-25],[1,-1],[19,-19],[3,-3],[14,-17],[16,-28],[7,-16],[5,-11],[13,-29],[9,-19],[11,-14],[2,-2],[8,-9],[23,-14],[35,-24],[0,-1],[24,-16],[4,-4],[13,-10],[10,-15],[6,-15],[3,-11],[1,-6],[1,-8],[-2,-15],[-6,-18],[-14,-24],[-13,-17],[-2,-3],[-9,-13],[-17,-21],[-30,-32],[-34,-33],[-2,-2],[-20,-17],[-13,-7],[-13,-7],[-22,-8],[-125,-36],[-42,-11],[-29,-10],[-9,-12],[-7,-13],[-1,-12],[8,-33],[2,-18],[-1,-36],[-6,-23],[-12,-25],[-28,-39],[-9,-21],[-4,-14],[-1,-18],[-1,-64],[9,-51],[3,-38],[4,-14],[3,-14],[20,-58],[26,-53],[5,-18],[22,-30],[5,-8],[10,-14],[13,-15],[3,-37],[7,-16],[3,-15],[-1,-21],[0,-18],[-1,-2],[-1,-20],[1,-54],[-1,-61],[-2,-75],[0,-24],[1,-24],[1,-41],[2,-49],[3,-95],[1,-55],[1,-13],[1,-7],[0,-6],[1,-5],[1,-6],[2,-5],[6,-11],[6,-11],[33,-52],[16,-29],[21,-40],[8,-22],[2,-16],[0,-21],[0,-12],[-5,-40],[-1,-33],[4,-31],[7,-20],[3,-11],[-2,-7],[7,-58],[2,-3],[1,-4],[1,-20],[-3,-3],[0,-1],[-4,-30],[-18,-61],[-13,-38],[-24,-54],[-7,-19],[-21,-38],[-1,-3],[-4,-3],[0,-5],[-19,-40],[-17,-24],[-12,-22],[-25,-35],[-15,-33],[-17,-33],[-4,-3],[-14,-31],[-40,-54],[-5,-13],[-3,-20],[1,-17],[6,-21],[12,-44],[24,-47],[29,-69],[11,-58],[15,-46],[2,-15],[0,-28],[-3,-13],[-5,-57],[10,-72],[8,-31],[2,-23],[5,-31],[6,-20],[4,-27],[24,-63],[22,-81],[1,-69],[9,-97],[-1,-30],[2,-63],[2,-12],[-1,-43],[7,-42],[4,-14],[13,-30],[6,-22],[11,-28],[4,-17],[3,-14],[-3,-53],[-8,-31],[-4,-38],[-5,-18],[0,-19],[-2,-8],[-2,-53],[7,-43],[15,-59],[6,-15],[6,-9],[20,-42],[35,-51],[26,-35],[5,-10],[4,-16],[2,-23],[-2,-10],[2,-2],[0,-24],[-3,-28],[-11,-51],[-5,-38],[-10,-39],[-5,-47],[7,-63],[9,-50],[17,-41],[23,-36],[6,-7],[15,-11],[15,-14],[40,-51],[31,-45],[13,-9],[34,-39],[40,-16],[23,-13],[33,-14],[19,-4],[34,-13],[42,-20],[32,-23],[13,-15],[31,-28],[33,-40],[12,-19],[11,-24],[24,-96],[9,-74],[1,-26],[-4,-14],[-4,-56],[-1,-39],[-7,-38],[-7,-18],[-9,-36],[0,-22],[7,-64],[-12,-59],[-8,-17],[-13,-22],[-38,-45],[-47,-44],[-15,-10],[-28,-26],[-20,-12],[-14,-5],[-18,-14],[-25,-31],[-7,-13],[-1,-6],[-12,-24],[-8,-13],[-50,-66],[-31,-46],[-21,-38],[-35,-58],[-22,-49],[-25,-53],[-12,-21],[-37,-78],[-20,-54],[-13,-46],[-4,-12],[-3,-2],[-1,-10],[-10,-30],[-3,-16],[-32,-96],[-3,-15],[-11,-31],[-15,-31],[-13,-35],[-11,-15],[-38,-44],[-57,-52],[-31,-26],[-33,-20],[-16,-12],[-17,-21],[-22,-35],[-27,-33],[-99,-97],[-27,-30],[-9,-16],[-7,-3],[-11,-11],[-14,-20],[-23,-41],[-25,-31],[-46,-63],[-12,-26],[-8,-21],[-27,-71],[-16,-73],[-18,-59],[-8,-51],[12,-145],[1,-78],[-7,-33],[-7,-17],[-8,-17],[-40,-68],[-33,-79],[-12,-21],[-15,-31],[-7,-48],[-7,-17],[4,-11],[-2,-4],[2,-2],[-3,-5],[0,-8],[-5,-23],[-19,-48],[-16,-33],[-37,-54],[-11,-25],[-7,-40],[18,-40],[14,-20],[19,-23],[3,-8],[14,-24],[12,-25],[10,-35],[6,-45],[0,-25],[2,-12],[1,-122],[5,-21],[1,-13],[12,-28],[9,-12],[3,-8],[10,-16],[28,-37],[32,-58],[32,-50],[25,-56],[44,-78],[52,-61],[14,-20],[11,-12],[26,-36],[22,-24],[8,-13],[18,-2],[11,-3],[1,-1],[40,-76],[28,-33],[26,-20],[36,-17],[17,-13],[12,-13],[27,-39],[15,-37],[10,-33],[12,-57],[6,-38],[2,-28],[-9,-79],[-13,-38],[-13,-28],[-12,-45],[3,-41],[8,-105],[-9,-49],[-10,-35],[-6,-38],[-8,-23],[-22,-46],[-10,-18],[-69,-92],[-48,-49],[-10,-7],[-16,-15],[-16,-7],[-7,4],[-20,-16],[-17,-9],[-11,-10],[-26,-14],[-39,-22],[-7,0],[-11,-8],[-30,-15],[-23,-22],[-47,-66],[-18,-31],[-23,-51],[-21,-29],[-22,-26],[-33,-31],[-70,-49],[-25,-35],[-15,-50],[-8,-18],[-42,-69],[-20,-21],[-10,-7],[-9,-2],[-24,-2],[-31,3],[-33,-3],[-12,0],[-23,-5],[-44,-15],[-110,-52],[-34,-30],[-26,-28],[-39,-58],[-30,-31],[-53,-48],[-10,-5],[-38,-38],[-20,-23],[-15,-12],[-15,-14],[-28,-16],[-23,-21],[-20,-29],[-28,-31],[-22,-29],[-23,-44],[-37,-56],[-27,-59],[-25,-46],[-21,-30],[-42,-57],[-10,-17],[-17,-23],[-39,-43],[-27,-46],[-9,-20],[-20,-36],[-6,-15],[-25,-36],[-36,-42],[-25,-20],[-9,-10],[-38,-28],[-53,-29],[-33,-34],[-23,-41],[-33,-71],[-15,-22],[-35,-45],[-37,-28],[-120,-73],[-10,-4],[-19,-15],[-27,-27],[-20,-16],[-35,-23],[-30,-15],[-33,-22],[-42,-21],[-44,-29],[-21,-9],[-49,-13],[-99,-14],[-37,-15],[-34,-25],[-29,-28],[-35,-42],[-7,-6],[-39,-56],[-27,-26],[-54,-57],[-23,-19],[-42,-28],[-58,-27],[-24,-8],[-35,-8],[-86,-35],[-31,-9],[-37,-5],[-38,-16],[-33,-34],[-24,-38],[-18,-30],[-14,-18],[-15,-36],[-49,-69],[-21,-25],[-20,-20],[-14,-17],[-21,-20],[-42,-33],[-14,-14],[-19,-36],[-16,-38],[-3,-13],[-35,-105],[-19,-38],[-9,-13],[-16,-17],[-15,-14],[-31,-21],[-25,-16],[-24,-10],[-37,-11],[-16,-1],[-7,-3],[-66,-11],[-45,-10],[-34,-19],[-25,-22],[-28,-19],[-33,-18],[-45,-29],[-29,-26],[-47,-47],[-43,-41],[-16,-23],[-65,-84],[-17,-35],[-14,-34],[-2,-49],[-16,-69],[-6,-46],[-11,-41],[-22,-61],[-15,-66],[0,-52],[-3,-26],[-5,-18],[-10,-33],[-23,-60],[-12,-25],[-10,-18],[-36,-82],[-19,-31],[-26,-33],[-57,-58],[-78,-64],[-59,-42],[-40,-33],[-33,-48],[-8,-37],[-14,-33],[-22,-36],[-16,-38],[-6,-11],[-26,-27],[-8,-7],[-9,-15],[-16,-21],[-24,-23],[-4,-13],[-8,-12],[-13,-38],[-3,-3],[0,-4],[-7,-14],[-35,-102],[-18,-58],[-44,-87],[-20,-33],[-32,-62],[-19,-33],[-13,-28],[-13,-44],[-1,-50],[22,-39],[37,-53],[46,-53],[16,-23],[53,-83],[22,-43],[3,-13],[-3,-22],[19,-26],[8,-16],[10,-25],[3,-18],[0,-12],[9,-49],[2,-40],[9,-48],[-3,-5],[2,-12],[-1,-67],[7,-50],[4,-26],[8,-28],[11,-63],[10,-41],[1,-23],[-5,-28],[-11,-33],[-3,-33],[7,-56],[3,-46],[0,-23],[-5,-25],[-15,-36],[-24,-35],[-9,-7],[-19,-30],[-19,-30],[-1,-23],[-4,-10],[0,-6],[-8,-33],[-4,-35],[0,-21],[-3,-41],[2,-56],[-13,-94],[0,-10],[-12,-72],[-13,-53],[-6,-36],[-13,-46],[-16,-29],[-17,-23],[-16,-13],[-30,-13],[-41,-33],[-17,-20],[-38,-41],[-25,-54],[-30,-55],[-31,-47],[-27,-40],[-31,-56],[-6,-21],[-7,-20],[-1,-9],[-2,-15],[0,-4],[-3,-49],[0,-43],[5,-36],[16,-69],[5,-40],[5,-26],[12,-33],[23,-43],[61,-88],[17,-31],[19,-40],[3,-3],[6,-15],[20,-31],[11,-28],[2,-35],[6,-28],[11,-33],[13,-28],[65,-84],[85,-98],[35,-48],[19,-33],[21,-56],[9,-28],[10,-23],[16,-18],[14,-21],[6,-6],[35,-66],[12,-38],[10,-41],[-2,-38],[-9,-41],[-27,-59],[-39,-64],[-21,-24],[-3,-2],[-3,2],[-29,-30],[-10,-12],[-23,-35],[-10,-17],[-43,-95],[-30,-46],[-16,-17],[-7,-15],[-12,-34],[-6,-10],[-7,-23],[-4,-18],[-2,-28],[2,-30],[-1,-33],[5,-77],[25,-142],[1,-38],[8,-26],[10,-23],[9,-12],[21,-22],[14,-7],[26,-8],[53,-29],[15,-8],[14,-13],[23,-34],[23,-25],[29,-38],[8,-18],[11,-31],[11,-48],[14,-40],[20,-36],[16,-36],[19,-27],[8,-16],[5,-28],[-3,-12],[1,-13],[4,-13],[11,-23],[46,-65],[12,-26],[2,-12],[13,-44],[6,-43],[0,-13],[7,-38],[1,-18],[16,-78],[6,-61],[-2,-3],[2,-20],[-4,-33],[1,-16],[7,-66],[-2,-30],[-4,-12],[-15,-15],[-54,-11],[-35,-1],[-37,-15],[-2,0],[-28,-13],[-31,-9],[-58,-16],[-35,-7],[-4,3],[-8,0],[-7,-2],[-2,-2],[-3,2],[-5,-1],[-99,-19],[-32,-7],[-10,-1],[-21,-6],[-37,-19],[-112,-80],[-61,-60],[-17,-11],[-7,-2],[-8,-5],[-12,-4],[-28,-8],[-30,-3],[-65,-12],[-24,-2],[-28,-7],[-12,-6],[-19,-16],[-15,-20],[-49,-79],[-8,-22],[-46,-66],[-15,-17],[-61,-61],[-26,-20],[-30,-13],[-14,0],[-12,3],[-10,5],[-10,10],[-11,6],[-11,3],[-18,-4],[-23,-17],[-13,-15],[-42,-69],[0,-24],[-2,-15],[-12,-33],[-33,-74],[-5,-23],[-2,-32],[-3,-3],[2,-4],[2,-39],[15,-68],[8,-54],[12,-49],[0,-18],[4,-25],[3,-84],[6,-33],[3,-32],[12,-53],[16,-97],[6,-44],[-1,-18],[3,-5],[0,-18],[-1,-13],[-6,-22],[-14,-39],[-44,-66],[-11,-13],[-18,-23],[-35,-54],[-22,-31],[-55,-98],[-23,-6],[-14,-6],[-30,-6],[-26,-9],[-49,-9],[-23,-9],[-24,-5],[-49,-24],[-39,-24],[-27,-14],[-85,-63],[-27,-34],[-23,-20],[-20,-28],[-12,-23],[-11,-31],[-1,-17],[4,-24],[13,-43],[0,-5],[2,-2],[3,-2],[-1,-5],[15,-55],[16,-70],[9,-80],[-1,-54],[-5,-26],[-23,-49],[-10,-15],[-5,-5],[-8,-23],[0,-8],[-3,-18],[-1,-48],[3,-29],[-1,-42],[1,-15],[15,-114],[18,-74],[11,-40],[3,-2],[5,-15],[5,-21],[31,-86],[27,-49],[51,-80],[18,-41],[6,-24],[7,-75],[4,-30],[4,-12],[-1,-8],[9,-68],[10,-49],[10,-101],[0,-49],[-8,-68],[-3,-11],[-16,-36],[-7,-12],[-11,-41],[4,-93],[8,-30],[45,-74],[27,-32],[23,-22],[32,-45],[29,-43],[9,-21],[-2,-16],[-9,-19],[-24,-22],[-7,-5],[-29,-31],[-24,-20],[-9,-14],[-16,-17],[-14,-26],[-8,-20],[-18,-51],[-13,-33],[-19,-57],[-23,-56],[-12,-51],[-2,-20],[2,-6],[-2,-13],[3,-23],[6,-28],[13,-40],[14,-74],[1,-20],[-4,-46],[-5,-26],[-11,-48],[-6,-18],[-1,-13],[-7,-18],[-3,-52],[2,-15],[8,-35],[8,-17],[5,-18],[11,-26],[3,-13],[0,-8],[35,-72],[14,-20],[11,-11],[31,-24],[41,-26],[31,-35],[15,-21],[45,-85],[12,-22],[11,-30],[24,-36],[29,-52],[13,-16],[14,-24],[38,-44],[27,-23],[31,-31],[13,-9],[7,-5],[20,-14],[79,-46],[42,-32],[26,-13],[33,-8],[15,-6],[37,-18],[18,-12],[24,-20],[49,-54],[45,-44],[24,-26],[20,-26],[7,-15],[4,-17],[-2,-43],[-6,-25],[-11,-39],[-12,-30],[-18,-64],[-12,-71],[1,-18],[-3,-18],[3,-13],[9,-16],[17,-17],[21,-11],[58,-28],[43,-23],[47,-19],[-2,-50],[-8,-38],[-2,-39],[-7,-40],[-15,-44],[-14,-33],[-6,-23],[-15,-41],[-6,-30],[-1,-38],[9,-55],[7,-70],[0,-61],[-3,-24],[0,-21],[1,-12],[16,-64],[6,-10],[29,-34],[20,-33],[14,-27],[13,-45],[10,-19],[2,-10],[10,-15],[15,-37],[9,-17],[8,-16],[1,-18],[5,-15],[-2,-5],[2,-16],[3,-5],[0,-15],[-2,-3],[3,-15],[3,-2],[4,-3],[-1,-5],[11,-39],[3,-51],[-8,-41],[-14,-38],[-21,-87],[-6,-45],[2,-23],[-2,-51],[-6,-41],[-11,-48],[-30,-61],[-12,-33],[-17,-30],[-17,-44],[-30,-56],[-30,-45],[-15,-28],[-3,-10],[-2,-8],[-2,0],[-6,-11],[-12,-43],[-7,-43],[-3,-10],[-3,-26],[-13,-58],[-22,-66],[-19,-40],[-8,-15],[-15,-19],[-5,-12],[0,-3],[-5,-9],[-16,-18],[-32,-18],[-42,-23],[-17,-13],[-21,-13],[-23,-21],[-14,-10],[-18,-19],[-33,-43],[-32,-56],[-29,-42],[-14,-28],[-11,-26],[-5,-20],[-3,-20],[4,-43],[0,-39],[-4,-48],[1,-10],[-1,-18],[-4,-33],[-17,-74],[0,-15],[-4,-20],[-26,-69],[-12,-24],[-26,-33],[-9,-8],[-18,-13],[-54,-30],[-52,-35],[-72,-55],[-28,-23],[-25,-23],[-59,-61],[-97,-116],[-28,-40],[-40,-68],[-19,-33],[-18,-26],[-29,-30],[-37,-32],[-19,-22],[-27,-61],[-18,-32],[-30,-36],[-15,-25],[-25,-31],[-6,-19],[-14,-74],[-5,-12],[-6,-28],[-15,-51],[-19,-43],[-6,-18],[-14,-22],[-4,-11],[-3,-4],[-3,-20],[-8,-14],[-6,-23],[-1,-19],[5,-38],[11,-19],[3,17],[11,-13],[16,-25],[17,-48],[28,-54],[13,-20],[6,-18],[6,-56],[-2,-51],[-14,-53],[-5,-28],[2,-28],[12,-61],[3,-8],[16,-56],[5,-10],[2,-10],[2,-61],[-1,-36],[-3,-13],[-10,-16],[-28,-29],[-51,-35],[-26,-31],[-4,-12],[-7,-4],[-73,-61],[-14,-18],[-5,-13],[-28,-107],[0,0],[-19,-84],[-12,-76],[-10,-41],[-8,-51],[-4,-61],[-11,-63],[0,-16],[-5,-30],[0,-13],[-7,-43],[-2,-25],[0,-14],[-4,-9],[2,-11],[-11,-56],[-3,-30],[-1,-92],[-3,-6],[-2,-22],[-18,-89],[-16,-135],[-3,-62],[4,-18],[11,-34],[8,-16],[31,-49],[89,-97],[28,-23],[48,-35],[34,-11],[11,-1],[28,12],[5,-5],[7,-4],[2,1],[15,-11],[27,-25],[33,-52],[35,-78],[8,-23],[11,-46],[11,-30],[9,-19],[17,-26],[9,-19],[11,-51],[2,-30],[6,-36],[31,-69],[6,-26],[1,-74],[8,-41],[5,-15],[8,-16],[17,-20],[19,-14],[33,-18],[8,-7],[14,-17],[5,-13],[4,-22],[-1,-46],[5,-44],[3,-44],[2,-37],[2,-42],[-1,-25],[1,-31],[7,-53],[3,-56],[0,-94],[2,-39],[-3,-57],[7,-43],[8,-29],[-3,-17],[-5,-17],[-2,-16],[-9,-38],[-10,-28],[-13,-49],[-8,-47],[-4,-44],[8,-64],[7,-30],[6,-92],[17,-87],[12,-35],[21,-49],[7,-23],[11,-71],[8,-79],[6,-25],[12,-38],[13,-54],[-1,-5],[2,-8],[-1,-20],[2,-51],[-1,-23],[-8,-41],[-21,-61],[-30,-68],[-34,-71],[-12,-20],[-7,-13],[-14,-21],[-39,-55],[-54,-92],[-41,-85],[-12,-30],[-12,-31],[-7,-25],[-30,-89],[-16,-54],[-9,-41],[-4,-36],[-5,-41],[-2,-24],[-1,-28],[2,-49],[4,-17],[4,-26],[8,-31],[12,-28],[23,-30],[28,-46],[12,-23],[15,-33],[11,-33],[13,-64],[13,-30],[6,-23],[11,-51],[16,-59],[14,-30],[18,-31],[25,-38],[78,-76],[47,-55],[27,-23],[22,-26],[29,-42],[10,-22],[6,-34],[3,-7],[20,-26],[42,-40],[19,-14],[5,-1],[26,-20],[19,-11],[21,-16],[6,-7],[5,-1],[12,-8],[46,-45],[5,-2],[61,-91],[16,-33],[17,-43],[11,-54],[3,-48],[-7,-43],[-1,-46],[7,-36],[14,-30],[17,-26],[23,-28],[65,-99],[4,-13],[6,-30],[11,-21],[5,-17],[9,-39],[10,-56],[8,-109],[3,-15],[18,-46],[11,-54],[6,-74],[8,-40],[10,-77],[-5,-86],[2,-79],[12,-64],[9,-25],[21,-36],[31,-46],[22,-23],[28,-40],[87,-93],[23,-12],[33,-13],[60,-35],[24,-6],[25,-11],[21,-14],[52,-44],[42,-30],[116,-79],[73,-22],[23,-3],[21,-10],[12,-9],[34,-39],[41,-62],[10,-4],[16,-9],[-23,-31],[-24,-32],[-592,-1209],[-24,-57],[-23,-57],[-20,-64],[-8,-60],[-5,-102],[-14,-89],[0,-74],[-18,-58],[-13,-39],[-8,-31],[5,-24],[4,-6],[3,0],[9,-7],[9,-11],[6,-9],[1,-9],[-6,-7],[-3,-5],[-6,-8],[-5,-7],[0,-7],[-3,-10],[-3,-6],[-6,-8],[-11,-9],[-14,-14],[-7,-8],[-4,-12],[-2,-8],[5,-16],[8,-12],[5,-8],[1,-1],[19,-34],[10,-25],[2,-4],[2,-9],[2,-19],[0,-12],[-2,-12],[-5,-13],[-15,-50],[-31,-98],[-6,-30],[10,-59],[25,-94],[3,-17],[3,-17],[3,-16],[-1,-13],[0,-12],[-2,-7],[-3,-11],[-5,-10],[-9,-9],[-13,-26],[-15,-127],[-1,-9],[-5,-9],[-22,-26],[-10,-17],[-3,-15],[-1,-42],[15,-111],[1,-5],[4,-42],[2,-28],[-1,-15],[-5,-17],[-8,-15],[-16,-15],[-14,-11],[-27,-18],[-20,-16],[-11,-16],[-5,-21],[2,-10],[4,-8],[6,-10],[53,-76],[5,-9],[2,-6],[3,-13],[2,-45],[-5,-35],[-8,-20],[-16,-31],[-18,-31],[-3,-7],[0,-17],[1,-11],[5,-13],[55,-50],[9,-17],[7,-18],[4,-14],[1,-15],[0,-12],[-4,-23],[-4,-15],[-5,-10],[-5,-11],[-7,-16],[-2,-13],[1,-39],[4,-38],[3,-13],[4,-23],[0,-4],[2,-19],[1,-25],[2,-15],[7,-42],[3,-22],[2,-15],[0,-18],[1,-14],[6,-23],[6,-17],[8,-11],[9,-9],[19,-12],[18,-12],[12,-12],[1,-1],[8,-9],[17,-21],[12,-13],[16,-15],[2,-3],[6,-8],[10,-21],[9,-35],[3,-8],[6,-9],[4,-9],[2,-19],[0,-9],[-10,-25],[-5,-10],[-13,-15],[-8,-21],[-1,-25],[5,-9],[5,-5],[8,-6],[21,-3],[7,-9],[7,-36],[4,-11],[16,-24],[13,-46],[3,-7],[4,-6],[17,-22],[25,-37],[2,-3],[22,-38],[19,-33],[11,-22],[4,-26],[-3,-20],[-17,-58],[-22,-50],[-2,-11],[1,-9],[1,-5],[3,-12],[4,-10],[24,-45],[9,-28],[16,-49],[4,-26],[3,-39],[16,-104],[10,-70],[39,-94],[18,-73],[13,-49],[2,-79],[14,-72],[17,-62],[11,-23],[7,-11],[7,-17],[7,-23],[1,-2],[9,-24],[11,-22],[1,-1],[2,-10],[0,-14],[-2,-41],[-2,-20],[-4,-24],[-3,-10],[-5,-7],[-11,-14],[-16,-16],[-8,-26],[2,-30],[18,-34],[8,-43],[2,-16],[7,-21],[6,-17],[4,-18],[1,-16],[-1,-14],[-6,-19],[-8,-17],[-9,-17],[-44,-48],[-16,-29],[-11,-38],[-8,-32],[-4,-20],[-2,-8],[-9,-23],[-6,-7],[-11,-9],[-51,-10],[-11,-9],[-8,-11],[-6,-11],[-5,-27],[7,-54],[-2,-21],[-15,-49],[-4,-8],[-3,-7],[2,-29],[8,-25],[1,-10],[0,-12],[-3,-14],[-11,-15],[-11,-13],[-14,-14],[-7,-5],[-7,-1],[-6,0],[-12,-2],[-5,-3],[-8,-4],[-23,-23],[-5,-13],[-1,-66],[-13,-27],[-4,-25],[-9,-60],[10,-44],[-1,-27],[-7,-19],[-6,-10],[-5,-13],[-3,-15],[0,-6],[2,-5],[5,-10],[10,-24],[7,-15],[5,-19],[1,-7],[0,-16],[-3,-27],[-11,-17],[-31,-22],[-26,-30],[-12,-5],[-11,0],[-8,2],[-20,5],[-12,1],[-19,-3],[-21,-11],[-18,-24],[-2,-9],[-7,-66],[-6,-163],[2,-22],[4,-24],[5,-25],[4,-29],[-1,-14],[-3,-18],[-4,-12],[-7,-10],[-1,-2],[-12,-15],[-5,-5],[-11,-9],[-16,-12],[-14,-12],[-9,-8],[-40,-26],[-1,0],[-10,-2],[-8,-1],[-20,-1],[-11,-3],[-13,-13],[-7,-10],[-6,-20],[0,-65],[-3,-8],[-2,-5],[-3,-7],[-4,-6],[-4,-12],[-2,-7],[-1,-20],[0,-5],[4,-14],[-4,-37],[-14,-30],[-7,-40],[-8,-17],[-10,-5],[-8,-8],[-8,-9],[-38,-36],[-10,-11],[-10,-26],[-1,-18],[9,-47],[3,-70],[18,-16],[7,-22],[-2,-61],[0,-26],[-6,-13],[-13,-11],[-49,-34],[-18,-26],[-5,-19],[8,-92],[1,-39],[2,-21],[5,-35],[2,-18],[0,-13],[-2,-38],[5,-54],[9,-30],[1,-10],[0,-9],[1,-36],[-2,-45],[-1,-29],[6,-70],[34,-225],[1,-40],[-6,-42],[-1,-34],[1,-27],[2,-49],[19,-88],[20,-70],[1,-36],[-6,-33],[-4,-14],[-6,-13],[-3,-9],[-7,-12],[-9,-21],[-1,-6],[-2,-14],[-2,-11],[-4,-11],[-25,-61],[-4,-27],[-2,-25],[0,-26],[3,-11],[3,-8],[5,-7],[18,-15],[56,-34],[14,-4],[17,-5],[11,-6],[5,-3],[42,-54],[61,-52],[14,-31],[7,-38],[-3,-79],[7,-30],[-2,-22],[-4,-22],[-4,-8],[-28,-37],[-3,-5],[-1,-10],[0,-10],[2,-8],[56,-75],[23,-46],[26,-84],[3,-8],[14,-17],[28,-34],[5,-6],[5,-13],[-4,-41],[-40,-64],[-33,-26],[-25,-37],[-9,-63],[-1,-2],[-2,-9],[-3,-5],[-2,-4],[-9,-11],[-15,-8],[-33,-3],[-25,-10],[-19,-11],[-17,-8],[-8,-4],[-14,-2],[-15,-1],[-43,-3],[-43,-3],[-57,-2],[-29,-1],[-41,-10],[-19,-12],[-15,-12],[-10,-11],[-7,-20],[-1,-16],[-6,-11],[-54,-26],[-23,-5],[-19,-1],[-26,1],[-27,8],[-28,19],[-25,23],[-80,64],[-2,1],[-7,3],[-10,2],[-15,1],[-18,-1],[-7,-2],[-13,-8],[-19,-10],[-22,-9],[-40,-18],[-13,-6],[-9,-2],[-14,-2],[-24,-1],[-21,0],[-32,1],[-20,2],[-16,3],[-9,1],[-10,2],[-14,4],[-10,2],[-30,-1],[-22,-2],[-26,-3],[-24,-4],[-124,-31],[-11,-6],[-8,-6],[-31,-20],[-12,-6],[-6,-6],[-19,-33],[-5,-74],[-5,-24],[-11,-17],[-29,-28],[-3,-2],[-25,-17],[-12,-11],[-16,-8],[-19,-18],[-5,-6],[-1,-5],[-3,-21],[-7,-12],[-108,-89],[-10,-23],[1,-21],[2,-28],[12,-21],[7,-46],[-5,-42],[-20,-50],[-6,-58],[-4,-120],[1,-14],[7,-19],[-20,-35],[-70,-56],[-44,-27],[-72,-72],[-30,-78],[-25,-148],[-15,-54],[-33,-81],[-11,-26],[-8,-13],[-7,-12],[-3,-34],[-1,-45],[-5,-8],[40,-151],[-1,-71],[-14,-60],[-46,-68],[-154,-33],[-175,-27],[-66,-38],[-33,-13],[-48,-9],[-66,-35],[-54,-26],[-158,14],[-75,1],[-158,27],[-163,62],[-64,52],[-7,-2],[-4,-5],[-1,-16],[12,-49],[10,-57],[20,-69],[2,-10],[9,-47],[3,-47],[-1,-28],[-6,-48],[1,-62],[-10,-76],[-9,-36],[-8,-23],[-6,-25],[0,-31],[14,-46],[3,-58],[-4,-23],[-8,-28],[-10,-21],[-24,-39],[68,-17],[115,-110],[85,-76],[94,-89],[72,-88],[23,-41],[35,-49],[43,-47],[-39,-127],[-42,-142],[-32,-117],[-96,-200],[-84,-166],[-82,-188],[-63,-57],[-64,-73],[-164,-217],[-56,-58],[-22,-77],[-19,-101],[-50,-126],[-25,-68],[-14,-81],[-31,-54],[-56,-79],[-25,-41],[-31,-43],[-29,-23],[-57,-16],[-26,-2],[-54,5],[-43,8],[-36,6],[-45,15],[-10,4],[-38,16],[-14,-8],[-28,-18],[-107,-101],[-13,-11],[-45,-42],[-142,-109],[-64,-71],[-11,-12],[-31,-73],[-14,-34],[-23,-105],[-3,-51],[-10,-207],[-26,-213],[-36,-135],[-53,-115],[-50,-72],[-47,-48],[-141,-92],[-61,-56],[-39,-64],[-31,-101],[-7,-165],[11,-157],[73,-198],[-61,-144],[-7,-157],[-17,-50],[-55,-25],[-51,-20],[-84,14],[-59,8],[-80,-7],[-49,-24],[-8,-2],[-34,-52],[-31,-85],[-2,-140],[-17,-91],[60,-93],[62,-74],[22,-61],[-6,-110],[-2,-119],[29,-147],[32,-126],[16,-105],[6,-103],[5,-159],[29,-155],[-11,-79],[-10,-78],[-22,-128],[-46,-38],[-36,-28],[-56,-93],[-18,-34],[-8,-53],[12,-92],[22,-71],[5,-83],[-76,-212],[15,-71],[12,-32],[32,-57],[14,-44],[-1,-30],[22,-35],[9,-19],[3,-36],[-13,-34],[-35,-41],[-81,-118],[-19,-54],[-54,-90],[-11,-21],[-8,-42],[-15,-140],[-19,-147],[-84,-241],[-15,-63],[-6,-149],[-20,-115],[0,-106],[22,-111],[-4,-112],[-7,-92],[-4,-41],[-102,-150],[5,-52],[24,-135],[-8,-52],[-33,-93],[-37,-67],[-24,-44],[-75,-71],[-81,-80],[-71,-85],[-26,-120],[0,-119],[-26,-75],[6,-51],[-5,-59],[-13,-38],[-16,-43],[-28,-60],[-63,-109],[-10,-15],[-12,-51],[24,-149],[27,-115],[57,-351],[63,-127],[10,-86],[50,-205],[15,-117],[16,-185],[30,-121],[40,-50],[118,-107],[61,-86],[63,-95],[43,-47],[15,-57],[-10,-73],[-32,-50],[-70,-157],[-46,-91],[-6,-192],[-1,-68],[50,-88],[23,-96],[-8,-173],[-36,-143],[-52,-187],[-41,-158],[-67,-121],[-40,-77],[-19,-93],[-49,-135],[-20,-135],[4,-124],[3,-15],[-68,-24],[-97,-38],[-41,-39],[-56,-78],[-85,-78],[-79,-49],[-113,-15],[-192,-87],[-61,-60],[-43,-66],[-68,-123],[-36,-209],[-14,-170],[-7,-89],[-10,-69],[-31,-91],[-11,-62],[-13,-33],[2,-151],[-7,-42],[-15,-33],[-29,-58],[-30,-42],[-69,-108],[-68,-98],[-71,-91],[-66,-133],[-73,-186],[-64,-206],[-46,-152],[-55,-118],[-86,-227],[13,-143],[-15,-56],[27,-125],[33,-113],[3,-77],[-14,-63],[-2,-9],[-35,-20],[-76,14],[-54,32],[-35,33],[-27,56],[-22,44],[-19,90],[-7,75],[-31,87],[-35,124],[-41,50],[-41,33],[-56,30],[-50,21],[-53,-1],[-63,-4],[-52,-22],[-47,-35],[-24,-38],[-2,-38],[-8,-28],[-15,-14],[-30,-3],[-37,15],[-39,-6],[-42,-30],[-20,-37],[-23,-26],[-20,-1],[-37,-23],[-53,-84],[-41,-54],[-50,-12],[-18,-14],[-26,-33],[-30,-22],[-40,-25],[-33,-42],[-22,-9],[-29,-59],[-16,-35],[-1,-83],[3,-92],[-4,-74],[-12,-49],[-11,-33],[-37,-11],[-37,-35],[-18,-40],[-15,-94],[-29,-116],[-7,-101],[-18,-59],[-30,-47],[-45,-41],[-50,-37],[-43,3],[-76,-2],[-60,-3],[-88,-38],[-89,-62],[-101,-17],[-101,-65],[-120,-43],[-51,-49],[-74,-109],[-58,-148],[-69,-33],[-44,-30],[-47,-35],[-38,-110],[-4,-69],[6,-43],[17,-43],[-21,-83],[-40,-47],[-39,-45],[-24,-45],[-24,-44],[-30,-95],[-17,-143],[-14,-172],[-14,-69],[-28,-125],[-37,-74],[-68,-108],[-8,-12],[-6,0],[-37,4],[-39,14],[-40,14],[-100,44],[-59,49],[-32,25],[-80,101],[-61,125],[-37,76],[-35,72],[8,115],[-18,92],[-46,57],[-34,38],[-3,32],[9,28],[-9,43],[-28,36],[-62,81],[-72,68],[-134,87],[-281,94],[-183,202],[-261,246],[-246,168],[-235,108],[-156,87],[-135,70],[-88,37],[-155,78],[-91,52],[-119,23],[-95,20],[-108,107],[-264,471],[-27,202],[-37,353],[-10,97],[-12,217],[-28,383],[8,131],[13,74],[94,198],[174,205],[84,88],[145,101],[103,177],[8,93],[-17,44],[8,82],[-132,159],[-79,33],[-226,35],[-124,37],[-159,106],[-133,162],[-50,120],[-20,201],[43,256],[-106,229],[-51,35],[-80,25],[-65,73],[-101,37],[-38,-15],[-42,-46],[-37,-70],[-17,-63],[-16,-61],[-4,-51],[-27,-110],[-27,-62],[-53,-34],[-61,-36],[-28,-30],[-35,-36],[-43,-53],[-63,-26],[-123,-1],[-82,-42],[-90,-57],[-142,-67],[-104,26],[-75,15],[-75,5],[-109,72],[-73,13],[-90,-3],[-185,-27],[-190,-35],[-114,-23],[-159,-24],[-127,-2],[-126,-3],[-151,-13],[-71,-6],[-11,14],[-26,-3],[-23,-20],[-2,0],[-69,1],[-33,14],[-12,8],[-18,12],[-25,22],[-26,0],[-17,-15],[-19,-4],[-13,-3],[-1,0],[-35,0],[-52,-17],[-49,-15],[-81,7],[-23,4],[-53,-11],[-38,-2],[-64,-31],[-55,-88],[-9,-8],[-37,-30],[-10,-8],[-5,-1],[-90,-23],[-58,-34],[-82,-113],[-37,-116],[-4,-56],[37,-151],[-4,-129],[-18,-41],[-18,-40],[-26,-66],[-30,-33],[-111,-51],[-3,0],[-85,-1],[-54,1],[-28,-53],[-38,-73],[-39,-78],[-24,-41],[-51,-39],[-92,-31],[-103,-21],[-31,-6],[-118,-20],[-67,-37],[-88,-62],[-27,-10],[-10,6],[-42,-3],[-58,-44],[-36,-30],[-17,-60],[-2,-95],[-24,-29],[-41,-6],[-254,7],[-23,-4],[-15,-83],[-47,-151],[-4,-52],[-91,-47],[-224,-117],[-170,-53],[-178,1],[-48,0],[-32,-17],[-20,-6],[-15,-6],[-33,-9],[-41,17],[-44,15],[-7,13],[-17,-4],[-26,-20],[-11,-20],[-12,-41],[-8,-38],[-4,-88],[-12,-51],[-14,-43],[-12,-76],[-1,-205],[-18,-30],[-14,-63],[-23,-71],[-23,-62],[-17,-81],[-3,-66],[7,-80],[25,-37],[41,-9],[5,-2],[42,-14],[48,-36],[24,-45],[21,-54],[3,-55],[-12,-48],[-62,-158],[-45,-108],[-37,-142],[-15,-106],[3,-92],[1,-12],[3,-135],[-4,-86],[-24,-54],[-20,-12],[-46,19],[-21,1],[-26,8],[-64,13],[-172,-59],[-336,-42],[-15,-13],[8,-97],[7,-40],[38,-68],[18,-48],[1,-64],[-27,-76],[-5,-124],[-5,-258],[-24,-133],[22,-77],[102,-197],[10,-45],[-28,-123],[-2,-64],[-88,-297],[-53,-147],[-73,-126],[-124,-203],[-33,-127],[-40,-228],[3,-258],[26,-195],[71,-145],[87,-93],[80,-28],[80,-17],[142,-52],[34,-21],[21,-38],[10,-41],[-13,-61],[-48,-102],[-107,-234],[15,-75],[1,-84],[-18,-88],[-38,-57],[-70,-51],[-71,-45],[-160,-82],[-56,-157],[-13,-61],[-47,-107],[-58,-86],[-2,-127],[-21,-145],[-15,-68],[-31,-57],[-43,-53],[-39,-58],[-1,-1],[-193,-155],[-42,81],[-28,53],[-17,75],[-16,112],[-41,65],[0,48],[53,85],[-28,168],[-28,113],[-44,80],[-31,49],[-76,56],[-56,18],[-97,1],[-168,52],[-89,34],[-83,68],[-83,99],[-57,109],[-47,142],[-20,106],[64,179],[31,136],[25,121],[1,84],[-34,96],[-46,64],[-76,115],[-52,46],[-83,13],[-77,-8],[-115,-69],[-94,-66],[-87,-13],[-55,22],[-42,61],[-29,115],[26,55],[95,109],[-8,73],[1,77],[-20,124],[-44,123],[-21,40],[-18,65],[-4,76],[21,94],[20,105],[23,78],[17,71],[-6,81],[-1,41],[-12,39],[-31,30],[-36,17],[-71,9],[-73,-8],[-45,-26],[-45,-25],[-40,-10],[-96,10],[-201,-14],[-29,-37],[-51,-14],[-28,6],[-15,13],[-9,9],[-51,26],[-17,9],[-29,-71],[-48,-133],[-73,-79],[-39,-31],[-17,-18],[-10,-30],[-28,-32],[-53,-60],[-39,-37],[-18,-38],[-48,-39],[-24,-31],[-6,-21],[-33,-41],[-12,-21],[-11,-34],[5,-76],[23,-35],[19,-11],[7,-22],[-13,-41],[-38,-51],[-26,-62],[-5,-33],[13,-112],[-8,-61],[-13,-22],[-36,-46],[-10,-42],[-16,-34],[8,-120],[-11,-30],[-15,-13],[-12,-17],[-5,-55],[3,-20],[24,-37],[26,-30],[20,-52],[3,-34],[-40,-113],[-27,-30],[-6,-13],[-15,-43],[-49,-68],[-18,-36],[14,-81],[-4,-19],[-16,-28],[-51,-34],[-60,-58],[-11,-26],[-7,-33],[10,-44],[13,-43],[-11,-12],[-48,5],[-30,-8],[-9,-10],[-60,-117],[-26,-44],[-21,-39],[-24,-37],[-8,-41],[11,-34],[26,-9],[18,-15],[0,-23],[-17,-17],[2,-20],[-10,-36],[-12,-25],[-54,-31],[-51,-3],[-28,-14],[-51,-34],[-89,-54],[-11,-8],[-25,-31],[-33,-17],[-33,-15],[-28,-32],[-18,-52],[-27,-36],[-13,-51],[-3,-47],[-12,-27],[-6,-38],[-7,-39],[-35,-32],[-54,-18],[-43,-26],[-18,-30],[-17,-23],[-17,-7],[-32,5],[-13,-5],[-26,-19],[-31,-1],[-26,-18],[-53,-88],[-17,-21],[-77,-57],[-59,-19],[-33,-27],[-12,-36],[-19,-58],[-37,-56],[-12,-32],[-7,-36],[-6,-10],[-25,-29],[-20,-61],[-22,-28],[-35,-31],[-23,-13],[-22,-6],[-13,-19],[-7,-42],[-8,-31],[-17,-49],[13,-69],[-3,-14],[-36,-24],[-21,-16],[-32,-12],[-11,-17],[-6,-39],[6,-45],[-2,-22],[-34,-29],[-11,-16],[0,-54],[-25,-86],[-66,-140],[-17,-39],[-33,-108],[14,-28],[-1,-26],[-62,-63],[5,-57],[-15,-40],[-16,-12],[-37,-74],[12,-56],[-9,-15],[2,-49],[22,-46],[-3,-51],[-26,-77],[9,-23],[-14,-26],[1,-30],[17,-63],[-37,-133],[-39,-11],[-27,-3],[-43,-69],[-48,-21],[-61,-49],[-26,-38],[-14,-48],[-71,-14],[-32,-29],[-29,-51],[-40,-3],[-36,-37],[-45,-76],[-97,-112],[-55,-47],[-81,-46],[-49,-47],[-60,-89],[-27,-79],[-18,-82],[-5,-83],[-14,-25],[-47,-44],[-16,-50],[-49,-29],[-58,-63],[-32,-41],[-63,-92],[-77,-51],[-52,-53],[-41,-87],[-55,-68],[-43,-89],[-8,-62],[-42,-71],[-32,-34],[-28,-9],[-7,-13],[27,-65],[0,-53],[-43,-124],[-29,-107],[-105,-17],[-38,-27],[-46,-111],[-44,-68],[-125,-110],[-68,-11],[-71,-77],[-25,-52],[4,-60],[-19,-26],[-30,-26],[-30,-25],[-16,-39],[5,-102],[-66,-68],[-18,-39],[-2,-89],[-49,-36],[-68,-26],[-48,-42],[-7,-53],[-37,-36],[-2,-49],[16,-41],[-12,-74],[14,-63],[-37,-99],[-20,-15],[-34,-125],[5,-59],[17,-49],[-54,-137],[-15,-105],[-17,-169],[4,-86],[-62,-234],[-25,-50],[5,-102],[-26,-76],[-25,-77],[-57,-70],[63,-170],[-161,-125],[-114,-88],[-1,-4],[0,0],[-5,-4],[-5,-5],[-16,-15],[-62,-13],[-56,-10],[-20,10],[-24,36],[-52,77],[-22,14],[-69,11],[-55,8],[-74,11],[-31,-6],[-36,-14],[-20,-1],[-29,1],[-23,3],[-56,16],[-26,6],[-38,7],[-26,-10],[-53,-47],[-22,-23],[-39,-18],[-42,-5],[-28,-4],[-34,-13],[-24,-22],[-16,-17],[-25,-39],[-15,-31],[-20,-42],[-23,-30],[-54,-74],[-44,-34],[-20,-19],[-32,-21],[-25,-3],[-19,-4],[-34,-3],[-22,-8],[-19,-13],[-40,-50],[-30,-37],[-31,-33],[-35,-17],[-29,-25],[-35,-39],[-44,-53],[-28,-52],[-29,-35],[-24,-27],[-35,-68],[-43,-68],[-53,-55],[-56,-80],[-80,-101],[-31,-53],[-39,-96],[-26,-110],[-14,-56],[-17,-41],[-26,-47],[-17,-23],[-40,-36],[-40,-92],[-14,-36],[0,-27],[0,-25],[2,-25]],[[751088,84624],[5,5],[19,17],[63,54],[212,167],[34,26],[13,11],[2,1],[1,0],[2,1],[22,17],[42,31],[116,86],[294,217],[382,283],[199,147],[367,271],[-2,3],[388,283],[384,321],[31,28],[490,175],[-1,2],[577,209],[1047,23],[375,-54],[828,-137],[162,-27],[1071,-717],[453,-304],[398,-319],[731,-201],[-2,0],[738,-204],[686,-106],[610,-49],[563,69],[2,0],[511,185],[685,242],[509,179],[180,-27],[291,-43],[87,-13],[0,3],[119,-18],[97,-16],[807,-124],[635,-248],[791,-271],[164,-56],[-2,3],[57,-20],[223,-79],[18,-6],[0,2],[83,-29],[349,-121],[193,-68],[177,-31],[34,-6],[191,-33],[151,-26],[805,-101],[527,91],[527,91],[535,268],[589,522],[791,918],[231,207],[264,199],[55,41],[55,41],[208,239],[209,238],[418,477],[345,229],[118,78],[812,537],[781,393],[171,163],[20,19],[164,157],[27,26],[95,126],[32,43],[95,133],[97,177],[3,2],[175,342],[278,392],[384,540],[544,540],[3,3],[526,456],[111,53],[351,166],[229,108],[687,369],[363,237],[136,126],[137,126],[-3,0],[484,449],[556,413],[168,88],[425,225],[86,55],[28,17],[202,138],[249,163],[636,416],[196,128],[259,169],[1069,565],[741,379],[638,323],[-3,0],[1556,253],[545,214],[492,350],[491,350],[549,105],[263,19],[248,-14],[8,-7],[293,-43],[380,-48],[307,-38],[210,-25],[177,-22],[117,-15],[386,-47],[392,-115],[290,-122],[291,-122],[558,-49],[802,-72],[565,-73],[271,-97],[197,-76],[198,-76],[405,-178],[433,-280],[247,-87],[215,-18],[1072,-88],[215,49],[326,73],[81,18],[775,167],[825,297],[627,680],[288,304],[53,54],[300,316],[145,152],[230,241],[211,223],[13,14],[296,302],[209,211],[17,18],[57,57],[106,127],[56,69],[9,12],[195,231],[197,235],[113,135],[261,311],[221,266],[182,214],[371,410],[150,164],[85,93],[272,436],[231,251],[114,81],[656,467],[1599,718],[1151,330],[437,125],[702,308],[700,311],[581,68],[449,-22],[296,-55],[297,-55],[540,-156],[86,-25],[59,-17],[32,-7],[31,-7],[152,-10],[14,1],[721,53],[377,25],[1,0],[41,4],[76,5],[14,4],[144,47],[423,138],[587,195],[1110,559],[0,-8],[603,8],[598,-154],[246,-63],[162,-62],[125,-60],[165,-66],[323,-97],[295,-79],[180,-27],[255,-26],[191,-4],[793,67],[0,-4],[132,15],[357,73],[447,132],[384,147],[232,138],[839,624],[625,459],[459,672],[-1,-8],[497,749],[940,1426],[235,561],[108,262],[4,4],[318,701],[160,346],[404,1059],[113,210],[365,390],[201,178],[-4,0],[597,555],[655,814],[317,706],[217,482],[8,15],[49,102],[18,38],[12,19],[37,63],[74,125],[67,115],[86,144],[69,116],[148,251],[433,646],[64,95],[93,441],[55,359],[46,294],[11,65],[3,96],[9,348],[7,205],[240,795],[13,45],[91,300],[16,56],[9,27],[240,781],[96,781],[50,711],[40,247],[29,182],[80,267],[46,153],[163,443],[20,89],[92,255],[626,1281],[423,560],[7,10],[406,647],[176,381],[1,2],[34,72],[35,80],[47,104],[158,355],[1673,1904],[1129,1317],[83,337],[14,376],[7,176],[1,28],[48,307],[0,0],[54,110],[159,321],[341,359],[13,8],[488,296],[466,255],[376,189],[763,598],[968,757],[407,742],[215,696],[-31,413],[-132,513],[-195,431],[-194,431],[-356,422],[-193,371],[-80,254],[-16,51],[-113,272],[-61,434],[-47,521],[-177,1531],[-91,519],[-157,865],[-17,69],[-335,1344],[-271,574],[-441,600],[-331,350],[-706,409],[-505,272],[-532,325],[-326,266],[-394,322],[0,0],[-272,208],[-162,155],[-46,97],[-1,4],[-17,56],[-52,219],[-50,210],[-47,167],[-58,165],[-135,382],[-194,527],[-169,1049],[-192,611],[-4,-4],[-402,1161],[-286,872],[-342,940],[-221,448],[0,4],[-215,393],[-161,287],[-123,139],[-144,221],[-687,776],[-153,187],[-157,283],[-76,167],[-103,738],[-59,425],[4,4],[-94,310],[-14,165],[-31,117],[12,470],[7,86],[-47,589],[24,366],[126,396],[131,318],[214,370],[0,5],[95,147],[94,147],[258,300],[115,200],[116,200],[86,259],[71,184],[1,3],[2,3],[1,4],[8,18],[11,24],[28,60],[14,33],[7,15],[88,194],[85,218],[57,187],[85,133],[123,146],[207,245],[56,276],[32,152],[18,262],[-26,189],[-8,60],[-2,11],[52,419],[35,277],[-16,88],[-131,722],[-100,552],[-206,367],[-194,194],[-51,51],[-193,446],[-24,55],[-113,263],[-56,128],[-155,229],[-364,537],[-370,399],[-432,312],[-279,201],[-131,61],[-88,-10],[-100,8],[-201,163],[-359,417],[-376,400],[-255,290],[-71,124],[-27,61],[-71,116],[-32,39],[-32,39],[-73,92],[-36,45],[-87,110],[-151,128],[-26,22],[-221,163],[-208,125],[-196,147],[-215,206],[-149,181],[-220,299],[-86,92],[-132,120],[-148,150],[-99,75],[-95,80],[-109,92],[-127,114],[-152,148],[-126,149],[-91,145],[-74,136],[-57,116],[-47,96],[-81,165],[-126,227],[-56,116],[-92,174],[-84,131],[-102,136],[-38,50],[-127,170],[-47,45],[-22,22],[-28,12],[-18,7],[-34,-7],[-43,-25],[-31,-18],[-88,-52],[-83,-37],[-145,-29],[-82,-6],[-186,-23],[-121,-7],[-208,-6],[-125,-3],[-95,-14],[-95,-14],[-72,-11],[-54,-12],[-115,-26],[-41,-9],[-52,-23],[-43,-15],[-118,-11],[-78,-3],[-115,16],[-77,10],[-109,7],[-74,13],[-74,13],[-85,21],[-68,17],[-51,23],[-117,54],[-168,77],[-398,391],[-315,522],[-161,326],[-15,144],[-87,222],[-155,169],[-165,158],[-139,216],[-270,332],[-194,169],[-222,225],[-271,147],[-534,226],[-616,261],[-341,173],[-397,226],[-330,240],[-313,267],[-313,267],[-218,270],[-163,354],[-177,382],[-271,587],[-115,386],[-90,418],[-89,418],[-42,256],[-2,240],[-6,579],[57,575],[179,1085],[120,725],[40,407],[5,51],[40,407],[11,103],[23,115],[48,237],[37,160],[95,405],[71,301],[170,407],[92,220],[27,90],[15,49],[16,56],[5,14],[0,21],[5,123],[0,41],[0,41],[-20,125],[-31,110],[-170,503],[-164,335],[-87,132],[-147,178],[-60,75],[-118,94],[-36,-4],[-26,14],[-58,34],[-88,54],[-21,13],[-23,16],[-7,3],[-7,5],[-13,7],[-50,21],[-33,15],[-14,4],[-6,0],[-1,1],[-48,11],[-45,10],[-16,1],[-31,3],[-60,3],[-44,2],[-20,2],[-19,0],[-30,1],[-30,2],[-15,-1],[-2,1],[-2,0],[-20,0],[-40,2],[-69,-3],[-68,-6],[-153,0],[-201,-1],[-129,6],[-57,3],[-18,2],[-77,3],[-90,5],[-16,1],[-3,1],[-9,-1],[-25,2],[-50,4],[-48,10],[-9,1],[-4,2],[-93,17],[-171,35],[-22,6],[-121,46],[-55,22],[-7,2],[-37,12],[-43,14],[-26,7],[-36,12],[-26,8],[-4,3],[-125,39],[-11,4],[-202,49],[-77,18],[-96,24],[-11,2],[-24,6],[-119,16],[-43,4],[-7,2],[-122,0],[-6,2],[-69,6],[-208,8],[-122,4],[-201,13],[-30,6],[-62,10],[-18,4],[-21,3],[-66,11],[-55,9],[-90,16],[-46,22],[-18,7],[-12,7],[-9,2],[-10,6],[-114,52],[-80,38],[-185,159],[-33,28],[-145,166],[-138,196],[-107,167],[-38,69],[-37,67],[-8,16],[-99,183],[-78,150],[-12,35],[-3,8],[-60,173],[-46,137],[-42,176],[-9,38],[-17,102],[-9,46],[-18,137],[-2,9],[-2,14],[-29,184],[-3,20],[-22,144],[-1,9],[0,9],[-2,20],[-15,241],[-1,21],[1,14],[-1,23],[-2,76],[-2,77],[-2,111],[0,29],[5,87],[1,41],[4,72],[24,204],[22,91],[17,67],[5,16],[5,15],[20,63],[51,150],[19,43],[19,46],[32,73],[39,76],[43,87],[4,5],[51,121],[36,108],[16,54],[32,96],[19,60],[2,4],[8,24],[2,10],[33,103],[14,43],[3,6],[1,3],[5,17],[0,2],[10,30],[7,21],[60,188],[5,19],[6,53],[11,157],[-2,64],[-2,71],[0,37],[1,48],[-1,41],[0,31],[-1,56],[1,41],[-2,87],[0,136],[-8,268],[-1,46],[3,286],[14,239],[1,4],[2,43],[2,12],[1,7],[-22,-6],[-23,-5],[-10,-2],[-62,-15],[-38,-11],[-19,-5],[-40,-10],[-46,-12],[-28,-7],[-19,-5],[-11,-3],[-30,-8],[-13,-3],[-24,-6],[-26,-7],[-20,-5],[-88,-22],[-99,-26],[-83,-21],[-13,-3],[-6,-1],[-1,4],[0,4],[-9,31],[0,2],[-6,20],[-12,50],[-5,17],[-25,48],[-24,38],[-18,23],[-3,2],[-2,1],[-18,8],[-23,3],[-9,0],[-5,-1],[-60,-3],[-69,-5],[-27,-1],[-46,-3],[-148,-9],[-55,-2],[-35,-3],[-64,-3],[-79,-4],[-189,-14],[-6,0],[-240,-18],[-242,-19],[-72,-7],[-6,-20],[-6,-13],[-8,-15],[-12,-19],[-11,-16],[-11,-13],[-9,-9],[-13,-9],[-10,-8],[-5,-4],[-8,-5],[-5,-3],[-6,-5],[-10,-7],[-10,-6],[-16,-9],[-7,-3],[-7,-4],[-33,-16],[-24,-17],[-17,-12],[-33,-31],[-65,-58],[-60,-48],[-41,-33],[-25,-24],[-11,-17],[-12,-23],[-5,-13],[-4,-9],[-4,-12],[-4,-15],[-1,-5],[-1,-5],[-1,-11],[-1,-14],[0,-9],[1,-8],[2,-15],[1,-10],[2,-10],[2,-13],[5,-22],[2,-19],[2,-9],[0,-8],[1,-12],[-1,-18],[-1,-14],[-4,-26],[-6,-28],[-7,-17],[-7,-14],[-18,-23],[-17,-20],[-12,-9],[-13,-8],[-11,-5],[-9,-1],[-11,0],[-6,0],[-10,3],[-4,1],[-6,2],[-8,2],[-6,3],[-7,3],[-10,6],[-10,6],[-8,4],[-8,4],[-10,6],[-12,7],[-19,10],[-17,10],[-18,11],[-18,9],[-17,9],[-16,10],[-17,8],[-14,10],[-14,10],[-14,10],[-160,119],[-23,18],[-24,19],[-34,25],[-30,22],[-22,16],[-13,12],[-28,26],[-21,20],[-15,13],[-21,22],[-33,36],[-17,15],[-21,18],[-8,10],[-14,17],[-12,14],[-10,9],[-13,12],[-28,21],[-20,13],[-24,14],[-15,8],[-55,18],[-14,5],[-27,8],[-30,5],[-5,1],[-10,1],[-7,1],[-10,1],[-7,0],[-6,-1],[-6,-1],[-5,0],[-6,-1],[-18,-4],[-40,-8],[-18,-3],[-16,-1],[-18,-2],[-17,-2],[-13,-1],[-16,2],[-18,2],[-15,3],[-152,-139],[-257,-250],[-209,-203],[-132,-308],[-17,-40],[-165,-373],[-141,-322],[-105,-240],[-154,-340],[-34,-74],[-23,-15],[-201,35],[-200,34],[-321,52],[-161,25],[-161,26],[-702,121],[-468,80],[-468,80],[-8,26],[-414,-177],[-775,-332],[-668,-286],[-398,-171],[-124,-53],[-3,-146],[-1,-67],[-3,-115],[-12,-61],[-32,-109],[-57,-183],[-50,-163],[-25,-81],[-26,-81],[-48,-154],[-48,-154],[305,31],[306,30],[3,-234],[3,-234],[1,-141],[88,17],[42,15],[154,9],[33,-4],[33,-5],[171,2],[17,-22],[26,-154],[16,-68],[112,5],[17,-189],[630,41],[57,-1535],[-791,-75],[-1501,-144],[-5,-552],[-20,-338],[-20,-338],[-10,-119],[-31,-390],[-8,-206],[-7,-205],[-12,0],[-20,8],[-19,9],[-24,7],[-25,7],[-20,3],[-24,1],[-24,1],[17,272],[-861,64],[-1765,129],[-1127,79],[-770,50],[-1166,87],[-381,32],[-263,20],[-204,16],[-72,6],[-236,18],[-20,1],[-415,35],[-285,23],[-89,8],[4,70],[15,302],[23,436],[-54,4],[-34,12],[-13,16],[-12,72],[-206,16],[-718,58],[-51,4],[-156,12],[-223,18],[-160,13],[-9,0],[-100,8],[-415,35],[-304,26],[-244,20],[-198,17],[-197,16],[-6,2],[-970,36],[-462,18],[-406,15],[-202,7],[-754,30],[-154,6],[-215,8],[-1,1],[4,60],[30,428],[5,71],[21,284],[5,72],[-144,2],[-1507,13],[-1464,14],[-6,0],[-1487,-9],[-770,-5],[-101,-5],[-8,15],[-1,0],[-64,127],[-273,-4],[-2,0],[-236,-5],[-124,0],[-70,1],[-17,11],[-11,15],[-30,43],[-89,136],[-110,170],[-128,205],[-82,126],[-12,12],[-15,5],[-32,5],[-96,6],[-139,9],[-229,12],[-258,10],[320,-1406],[79,-351],[23,-101],[142,-625],[-388,13],[-239,5],[-341,9],[-160,3],[-281,6],[-320,7],[-682,20],[-129,6],[0,0],[0,0],[23,938],[0,0],[-2079,64],[-111,-151],[-259,-361],[-265,-360],[-1994,1766],[-82,78],[-346,312],[-394,352],[-82,72],[-313,279],[-603,539],[-462,432],[-141,132],[-54,-75],[-475,-645],[-257,-350],[-82,-111],[-175,-238],[-3,-6],[5,-4],[46,-30],[28,-16],[13,-22],[-24,-32],[-20,-3],[-16,19],[-17,20],[-16,16],[-17,16],[-39,-54],[-113,-157],[-351,-488],[-3,-5],[-514,-723],[-3,-5],[-501,-705],[-3,-5],[-520,-725],[-11,13],[-6,7],[-9,8],[-150,136],[-258,235],[-164,149],[-254,230],[-426,453],[-124,131],[-303,322],[-27,43],[-142,-200],[-141,-200],[-21,-31],[-21,-32],[-44,-63],[-44,-64],[-48,-63],[-72,-100],[-150,-209],[-175,-243],[-174,-244],[-44,46],[-43,45],[-38,43],[-81,90],[-42,47],[-56,62],[-56,62],[-48,51],[-48,52],[-88,96],[-89,95],[-92,102],[-91,103],[-100,106],[-100,106],[-77,86],[-77,86],[-68,76],[-68,75],[-36,43],[-36,43],[-73,86],[-148,163],[-142,158],[-97,105],[-71,76],[-30,31],[219,343],[-20,10],[-118,97],[-118,98],[-67,57],[-221,185],[-153,127],[-809,663],[-57,46],[-79,65],[-63,51],[-37,32],[-55,45],[-183,151],[-136,111],[-187,153],[-306,252],[-48,39],[-385,-523],[-18,-25],[-46,-63],[-29,-39],[-34,-46],[-23,-30],[-635,-878],[-786,-1087],[-969,-1340],[-301,-416],[-151,-209],[-1429,1179],[-819,676],[-3,-5],[-795,-1447],[-3,-5],[-385,-700],[-2,-4],[-295,-540],[-133,-241],[-2,-5],[-345,-626],[-52,-94],[-5,-9],[-34,-62],[-10,-18],[-1,-2],[-2,-2],[-14,-26],[-268,-488],[-139,-254],[-3,-5],[-381,-692],[-12,-24],[-287,-510],[-104,-186],[-47,-83],[-567,480],[-889,771],[-833,1143],[-586,786],[-100,77],[-30,23],[-45,32],[-13,5],[-48,23],[-52,24],[-10,4],[-38,24],[-38,23],[16,36],[95,216],[-256,141],[-401,434],[-69,32],[216,1217],[-5,2],[-447,154],[-6,2],[-1323,460],[-372,129],[-40,-148],[-6,-22],[-2,-3],[-296,21],[-1026,75],[-741,52],[-697,48],[-61,-5],[-90,12],[-190,29],[-104,16],[-157,23],[-253,33],[-92,10],[-281,35],[-72,12],[-13,0],[-3,1],[0,-6],[-112,14],[-233,25],[-151,14],[-173,16],[-70,7],[-70,6],[-45,4],[-149,14],[-3,-10],[-28,-124],[-100,-440],[-63,-280],[-97,-424],[-11,-49],[-9,-48],[-2,-26],[-11,-38],[90,-118],[-31,-136],[-107,42],[-1,-3],[-184,-800],[-163,-693],[-77,-327],[-2,-7],[863,-363],[1340,-555],[-246,-881],[2252,-973],[-220,-659],[4,-12],[-218,-652],[-95,-285],[-2,-6],[-52,-156],[-34,-102],[-84,-252],[-148,-447],[-30,-90],[-3,-9],[-3,-9],[-228,84],[-90,34],[-84,33],[-89,35],[-3,1],[-23,9],[-17,7],[-23,9],[-177,69],[-212,84],[-222,87],[-52,20],[-634,251],[-170,66],[-32,13],[-86,34],[0,0],[-99,-317],[-31,-112],[-59,-208],[-2,1],[-151,60],[-6,-1],[-723,294],[-316,129],[-951,391],[-5,2],[-349,-1023],[-21,4],[-13,5],[-38,15],[-64,26],[-40,15],[-40,17],[-166,68],[-255,100],[-160,63],[-198,80],[-587,230],[-100,41],[-8,3],[-120,50],[-120,50],[-273,114],[-142,59],[-125,51],[-139,53],[-92,36],[-6,2],[-83,32],[-24,9],[-4,2],[-109,43],[-236,93],[-146,60],[-147,60],[-236,97],[-184,75],[9,29],[13,47],[8,22],[55,167],[49,143],[61,179],[13,38],[61,157],[36,99],[35,102],[26,103],[48,206],[10,41],[14,60],[22,92],[11,39],[9,37],[9,34],[3,14],[10,33],[44,170],[-67,26],[192,628],[29,88],[8,23],[16,44],[42,118],[15,41],[16,44],[13,36],[9,22],[18,48],[28,76],[21,59],[2,4],[5,16],[13,47],[8,24],[13,53],[5,20],[9,38],[2,12],[7,49],[1,23],[7,51],[13,74],[12,59],[4,14],[2,11],[6,25],[12,53],[13,48],[9,44],[22,96],[5,35],[12,82],[12,91],[33,229],[70,538],[8,63],[13,123],[21,168],[24,136],[44,239],[29,199],[19,123],[15,102],[11,68],[17,110],[8,54],[3,9],[-5,0],[-22,10],[-515,218],[-507,214],[-1198,507],[-441,186],[-144,61],[-1359,567],[-416,178],[-348,151],[-251,111],[-55,22],[-23,10],[-151,69],[-269,117],[-157,70],[73,112],[-263,214],[-263,214],[-56,45],[-242,201],[-33,28],[-32,28],[-179,154],[-60,49],[-130,107],[-29,24],[0,0],[0,0],[-1,0],[0,0],[0,0],[0,0],[0,0],[0,0],[0,0],[0,0],[0,0],[0,0],[0,0],[0,0],[0,0],[0,0],[0,0],[0,0],[0,0],[0,0],[0,0],[0,0],[0,0],[0,1],[0,0],[0,0],[0,0],[-1,0],[0,0],[0,0],[0,0],[0,0],[0,0],[0,1],[-1,0],[0,0],[0,0],[0,0],[0,0],[-1,0],[0,1],[-1,0],[0,0],[0,1],[0,0],[-1,0],[0,1],[-1,1],[-1,0],[-1,1],[0,0],[0,0],[-1,1],[0,0],[-2,1],[0,1],[-1,0],[-1,1],[0,0],[0,0],[-2,2],[-1,0],[0,1],[-4,3],[-3,3],[-2,1],[-3,3],[-3,2],[0,0],[-8,7],[0,0],[-7,7],[-12,9],[-2,2],[-1,1],[0,0],[-11,9],[-16,13],[-1,1],[-45,38],[-8,7],[0,0],[-13,11],[-8,7],[-18,15],[-8,7],[-12,10],[-8,6],[-10,9],[-26,21],[-20,17],[-2,1],[0,0],[-10,9],[-1,1],[-3,2],[-38,32],[-39,32],[-16,14],[-4,3],[-57,48],[-8,7],[-16,12],[-70,60],[-69,58],[-11,9],[-27,23],[-45,38],[-26,22],[-37,32],[-1,0],[-18,16],[-10,8],[-1,2],[-55,43],[-1,1],[-24,18],[-47,38],[-2,1],[-38,31],[-17,13],[-8,7],[-80,70],[-51,44],[-150,131],[-20,8],[-18,2],[-43,-6],[-17,0],[-18,6],[-19,15],[-19,15],[-61,50],[-59,48],[-148,119],[-18,16],[-2,1],[-57,46],[-34,31],[-14,13],[-93,86],[-51,45],[-83,76],[-6,6],[-26,24],[-37,34],[-18,16],[-2,2],[-46,42],[-48,43],[-131,119],[-44,40],[-25,23],[-16,14],[-2,2],[-143,130],[-14,12],[-79,72],[-1,10],[5,13],[16,27],[1,1],[4,19],[-2,7],[-1,2],[-3,10],[-11,9],[-77,67],[-38,32],[-117,101],[-63,54],[-27,24],[-30,25],[-30,27],[-38,32],[-1,1],[-10,9],[-72,62],[-1,0],[-7,7],[-123,105],[-18,16],[-19,17],[-12,10],[-26,22],[-17,15],[-40,34],[-31,27],[-7,6],[-3,3],[-10,8],[-11,10],[-1,0],[-8,8],[-12,10],[-9,8],[-11,10],[-16,13],[-20,17],[-3,3],[-26,22],[-32,28],[-30,26],[-34,29],[-2,2],[0,0],[-8,6],[-15,14],[-25,21],[-3,2],[-2,2],[-14,12],[-7,6],[-5,5],[-16,14],[-39,33],[-11,10],[0,0],[-1,1],[-2,1],[0,1],[-7,5],[-3,3],[-3,2],[-1,1],[-1,1],[-4,4],[-6,5],[-4,3],[-5,4],[-1,1],[-3,3],[-3,2],[-7,7],[-7,6],[0,0],[-5,4],[-1,1],[-3,3],[-2,1],[-6,5],[-2,2],[-1,1],[-2,2],[-3,2],[-9,8],[-1,1],[-2,1],[-1,2],[-2,1],[-3,3],[-1,0],[-2,2],[0,0],[-3,3],[-1,0],[-1,1],[-1,1],[-2,2],[-1,1],[-1,0],[-1,1],[-1,2],[0,0],[-1,0],[0,1],[-1,0],[0,0],[0,0],[0,1],[-1,0],[0,0],[-1,0],[0,0],[-2,1],[-1,1],[-1,0],[-2,1],[0,0],[0,0],[0,0],[0,0],[-1,1],[0,0],[-1,0],[0,0],[0,0],[0,0],[0,0],[0,0],[0,0],[-1,0],[0,1],[0,0],[0,0],[0,0],[0,0],[0,0],[0,0],[0,0],[0,0],[0,0],[0,0],[0,0],[0,0],[0,0],[0,0],[-1,0],[0,0],[0,0],[0,0],[0,0],[0,0],[0,0],[0,0],[0,0],[0,0],[0,0],[0,0],[0,0],[0,0],[0,0],[0,0],[-2,-1],[-14,-19],[-235,-314],[-112,-149],[-308,-406],[-200,-268],[-142,-189],[-117,-155],[-104,-139],[-106,-141],[-25,-42],[-12,-21],[-79,-129],[-91,-151],[-94,-153],[-84,-138],[-40,-59],[-101,-173],[-34,-58],[-100,-180],[-174,-299],[-101,-168],[-21,-34],[-45,-77],[-45,-77],[-43,-85],[-110,-192],[-104,-169],[-243,-421],[-32,-59],[-144,-252],[-59,-102],[-74,-132],[-39,-71],[-72,-113],[-98,-174],[-109,-248],[-57,-140],[-52,-125],[-44,-108],[-45,-107],[-2,1],[-5,2],[-4,2],[-5,3],[-18,9],[-14,7],[-18,8],[-54,26],[-46,21],[-14,7],[-56,26],[-597,287],[-266,128],[-98,48],[-246,118],[-72,34],[-509,248],[-224,108],[-124,59],[-49,22],[-238,115],[-1040,500],[-273,133],[-655,314],[-688,331],[-449,213],[-277,132],[-231,101],[-160,65],[-196,81],[-84,35],[-51,23],[-6,0],[-12,-5],[-14,-17],[-14,-32],[-15,-33],[-104,-240],[-11,-22],[-10,-22],[-9,-11],[-5,-7],[-64,32],[-27,18],[-217,149],[-161,111],[-121,82],[-86,59],[-163,110],[-160,110],[-40,27],[-172,114],[-129,92],[-5,4],[-28,20],[-23,16],[-5,4],[-9,7],[51,94],[51,94],[18,31],[2,16],[-5,11],[-19,17],[-41,28],[-58,39],[-75,52],[-119,83],[-93,64],[-61,43],[-36,24],[-339,240],[-408,282],[-70,49],[-165,117],[-100,71],[-98,69],[-57,39],[-44,31],[-49,33],[-21,14],[-13,9],[-8,3],[-8,3],[-13,1],[-17,-1],[-7,6],[-8,-21],[-118,-204],[-213,-368],[-134,-235],[-227,-399],[-178,-312],[-234,-413],[-235,-412],[-497,320],[-160,104],[-208,139],[-134,95],[-17,12],[-40,29],[-14,-12],[-24,20],[-84,68],[-207,158],[-274,211],[-71,58],[-305,247],[-15,12],[-23,17],[-1,1],[-107,-154],[-129,-185],[-70,-94],[-147,-211],[-149,-199],[-162,-217],[-52,-72],[-229,-447],[-313,-609],[-358,-691],[-1,-2],[-4,3],[-359,268],[-374,278],[-207,154],[-83,62],[-10,7],[-78,51],[-310,224],[-30,21],[-61,-137],[-15,-36],[-267,-639],[-14,-26],[-110,-203],[-53,-90],[-147,-248],[-45,-78],[-19,18],[-27,17],[-171,129],[-1088,851],[-14,14],[-79,71],[-33,29],[-86,89],[-98,99],[-24,22],[-113,105],[-113,100],[-132,135],[-162,159],[-174,177],[-138,143],[-75,82],[-68,67],[-101,100],[-309,307],[-8,4],[-381,381],[-54,57],[-135,142],[-2,-1],[-453,-69],[-451,-71],[-1026,-162],[-641,-101],[-394,-72],[-368,-61],[-187,-25],[-31,-6],[-239,-43],[-106,-17],[-303,-48],[-168,-27],[-308,-49],[-162,-26],[-237,-37],[-156,-25],[-178,-27],[-63,-7],[-308,-49],[-267,-42],[-41,-7],[-110,-17],[-1,5],[-22,70],[-16,51],[-87,283],[-118,378],[-12,39],[-12,100],[-242,798],[-372,-158],[-282,-121],[-278,-113],[-675,-282],[-748,-313],[-412,-172],[-308,-128],[-46,-19],[-230,-95],[-166,-68],[-30,-37],[-234,-285],[-29,14],[-66,30],[-6,3],[-165,78],[-23,7],[-22,8],[-97,45],[-50,23],[-23,11],[-79,38],[-146,72],[-62,33],[-56,30],[-6,3],[-2,-5],[-1,-6],[-23,8],[-11,12],[-25,28],[-25,29],[-27,40],[-47,69],[-93,113],[-96,93],[-23,17],[-21,10],[-34,8],[-130,7],[-52,-5],[-37,-5],[-26,-1],[-25,-2],[-35,1],[-32,2],[-30,10],[-31,17],[-58,35],[-48,31],[-32,20],[-49,27],[-104,59],[-37,23],[-87,51],[-83,66],[-81,73],[-148,127],[-74,57],[-111,107],[-143,114],[-55,40],[-27,21],[-69,55],[-70,47],[-54,23],[-46,19],[-155,63],[-29,11],[-15,3],[-62,41],[-76,58],[-34,24],[-12,12],[-58,88],[-39,62],[-62,93],[-30,45],[-25,37],[-2,-1],[-14,-8],[-17,-18],[-21,-21],[-17,-21],[-12,-20],[-14,-30],[-28,-55],[-12,-26],[-25,-52],[-22,-43],[-43,-83],[-35,-66],[-39,-70],[-44,-76],[-22,-34],[-18,-19],[-23,-20],[-88,-73],[-48,-39],[-50,-42],[-22,-20],[-21,-17],[-4,-5],[-20,-16],[-319,-266],[-80,-67],[-126,-106],[-117,-97],[-40,-34],[-51,-42],[-34,-28],[-34,-29],[-21,-18],[-4,-3],[-22,54],[-18,45],[-11,27],[-20,54],[-23,66],[-22,58],[-20,53],[-11,32],[-27,75],[-38,100],[-23,55],[-18,47],[-22,55],[-38,92],[-40,99],[-44,114],[-49,120],[-31,74],[-62,154],[-18,39],[3,22],[4,88],[-30,-21],[-50,121],[-30,77],[-30,75],[-50,125],[-17,41],[-19,46],[-15,37],[-35,87],[-47,127],[-40,104],[-32,85],[-15,35],[-40,108],[-25,67],[-21,57],[-23,66],[-14,37],[-16,41],[-30,83],[-17,45],[-16,42],[-24,63],[-11,32],[-18,51],[-15,39],[-8,22],[-6,14],[-6,16],[-12,33],[-6,7],[-8,0],[-7,-1],[3,15],[-1,20],[-4,34],[-16,105],[-30,208],[-21,175],[-54,394],[-6,46],[-4,44],[-8,66],[-2,40],[5,15],[16,20],[41,48],[18,31],[0,9],[-162,308],[-247,471],[-145,298],[-152,295],[-132,272],[-222,473],[-51,107],[-51,108],[-89,152],[-40,66],[-5,9],[-22,35],[-52,87],[-4,5],[5,3],[5,3],[60,42],[59,42],[164,117],[46,27],[3,0],[6,4],[9,1],[14,6],[8,4],[38,29],[4,5],[12,9],[30,28],[5,6],[4,13],[1,10],[-2,6],[-22,33],[-191,298],[-31,50],[-89,134],[-58,85],[-39,57],[-89,130],[-85,127],[-120,179],[-84,123],[-66,97],[-40,58],[-50,68],[-2,3],[-5,8],[474,429],[46,42],[189,171],[43,38],[15,13],[25,23],[8,8],[-41,48],[-291,336],[-376,433],[-221,304],[-74,102],[-17,24],[-91,136],[-47,71],[-66,105],[-25,50],[-20,28],[-8,19],[-1,8],[-209,389],[-152,273],[-87,-68],[-296,-214],[-255,-183],[-228,-164],[-151,263],[-445,775],[-79,136],[-83,140],[-199,343],[-223,399],[-118,195],[-105,174],[-200,329],[-333,549],[-205,338],[-104,176],[-145,247],[-84,157],[-33,62],[-23,38],[-42,74],[-24,45],[-45,63],[-91,130],[-179,247],[-94,131],[-87,121],[-255,356],[-74,-32],[-47,-19],[-48,-23],[-64,-23],[-62,-26],[-37,-16],[-78,-28],[-27,-11],[-35,-12],[-24,-7],[-21,-3],[-17,14],[-5,26],[-10,52],[-23,105],[-17,83],[-66,-45],[-299,-209],[-266,-201],[-232,-168],[-77,-56],[-250,-199],[-86,-68],[-5,5],[-4,5],[-1,109],[-4,368],[-1,84],[6,490],[-45,255],[-55,309],[-88,501],[-98,549],[-56,321],[-90,567],[-22,128],[-12,66],[-6,36],[-42,230],[-6,35],[-34,191],[-53,289],[-6,48],[89,219],[21,52],[882,369],[468,196],[215,84],[277,111],[277,111],[184,73],[727,258],[31,11],[90,33],[1071,376],[908,319],[-2,142],[1,127],[10,1],[861,207],[154,37],[433,115],[738,214],[-27,50],[-156,280],[-50,91],[-26,44],[-41,74],[-40,70],[-19,37],[-21,38],[-27,51],[-25,43],[-23,39],[-33,54],[-45,79],[-83,147],[-17,29],[-29,53],[-51,91],[-53,94],[-147,-55],[-359,-134],[-67,-22],[-112,-36],[-116,-38],[-634,-207],[-6,-4],[-131,1136],[-23,195],[-29,204],[-21,136],[-21,79],[-18,44],[-55,115],[-60,116],[-197,362],[-47,86],[-127,241],[-33,58],[-95,176],[-97,185],[-22,36],[-3,5],[-5,11],[-5,8],[-2,5],[-6,11],[-3,5],[-6,10],[-2,6],[-6,10],[-3,5],[-14,27],[-10,18],[-3,5],[-3,6],[-2,5],[-6,10],[-3,6],[-7,13],[-10,18],[-2,6],[-3,5],[-6,11],[-1,2],[-3,6],[-5,10],[-3,6],[-8,16],[-14,26],[-11,22],[-4,8],[-7,13],[-16,32],[-3,5],[-3,6],[-2,5],[-3,5],[-3,6],[-5,10],[-3,6],[-8,16],[-6,10],[-4,8],[-3,6],[-8,16],[-5,10],[-6,11],[-5,11],[-6,10],[-8,16],[-5,10],[-5,10],[-3,6],[-2,5],[-3,5],[-5,11],[-2,4],[-6,11],[-2,5],[-7,13],[-3,6],[-5,10],[-5,11],[-6,11],[-5,10],[-4,8],[-5,11],[-6,11],[-5,10],[-5,11],[-4,7],[-1,2],[-3,6],[-4,6],[-7,17],[-3,5],[-2,6],[-5,11],[-3,5],[-5,11],[-3,6],[-2,4],[-3,6],[-5,10],[-3,5],[-3,6],[-6,10],[-5,11],[-3,5],[-3,5],[-5,11],[-3,5],[-14,26],[-14,26],[-5,11],[-4,8],[-3,5],[-9,17],[-11,21],[-3,5],[-2,5],[-3,6],[-4,7],[-3,6],[-3,5],[-3,5],[-5,11],[-4,8],[-12,21],[-5,10],[-10,18],[-5,11],[-3,5],[-6,11],[-2,5],[-3,5],[-3,5],[-3,6],[-2,5],[-5,8],[-5,10],[-3,6],[-3,5],[-2,5],[-3,5],[-8,16],[-3,5],[-3,6],[-5,10],[-7,13],[-3,5],[-3,6],[-3,5],[-2,5],[-3,5],[-3,6],[-3,5],[-2,5],[-3,5],[-9,16],[-6,13],[-3,5],[-3,6],[-3,5],[-4,8],[-5,10],[-4,7],[-6,11],[-5,10],[-4,8],[-6,11],[-10,18],[-5,11],[-11,20],[-4,9],[-2,2],[-3,6],[-6,13],[-2,2],[-2,4],[-1,3],[-2,2],[-1,3],[-2,4],[-6,10],[-2,4],[-1,3],[-3,5],[-2,5],[-6,11],[-6,10],[-4,8],[-5,11],[-3,5],[-3,5],[-3,5],[-1,3],[-4,8],[-17,31],[-2,6],[-5,7],[-1,3],[-3,5],[-3,6],[-2,5],[-3,5],[-4,8],[-3,5],[-3,6],[-8,15],[-3,6],[-3,5],[-2,5],[-3,5],[-3,6],[-3,5],[-2,5],[-4,8],[-3,5],[-3,6],[-5,10],[-54,102],[-15,-7],[-4,8],[-130,258],[-81,141],[182,133],[-12,15],[-22,25],[-38,43],[-32,41],[-48,59],[-26,37],[2,5],[-172,233],[-90,127],[-125,178],[-20,27],[-58,82],[-2,3],[-150,-66],[-114,-51],[-37,-16],[-86,-39],[-105,-48],[-144,-65],[-103,-44],[-94,-43],[-15,11],[-259,190],[-109,79],[-153,109],[-153,113],[-79,55],[-251,177],[-327,238],[-18,64],[-86,308],[-51,186],[-20,83],[-51,183],[-35,122],[-53,183],[-23,98],[-94,348],[-62,248],[-45,155],[-180,-57],[-916,-296],[-162,321],[-257,-100],[-177,-65],[-108,-39],[-153,-52],[-141,-47],[-1,-26],[2,-30],[17,-110],[31,-112],[48,-205],[34,-104],[11,-67],[20,-45],[33,-111],[26,-97],[23,-102],[15,-54],[61,-206],[27,-89],[30,-98],[6,-28],[-104,-61],[-269,-156],[-156,-95],[-70,-42],[-53,-32],[-45,-27],[-56,-35],[-48,-26],[-45,-29],[-139,-83],[-23,-14],[-55,-34],[-86,-53],[-51,-29],[-51,-28],[-9,17],[-4,8],[-11,23],[-6,12],[-75,150],[-51,101],[-96,193],[-26,51],[-49,94],[-34,70],[-30,60],[-38,74],[-47,92],[-48,94],[-41,79],[-44,85],[-228,-114],[-79,-40],[-49,-24],[-54,-27],[-45,-22],[-43,115],[-22,57],[-43,131],[-31,81],[-21,64],[-29,78],[-40,100],[-19,52],[-83,222],[-28,79],[-16,47],[-24,78],[-18,76],[-3,18],[-27,69],[-21,55],[-58,151],[-36,106],[-16,44],[-21,52],[-21,57],[-14,43],[-10,36],[-10,30],[-5,47],[-16,12],[-17,44],[-41,89],[-49,116],[-33,100],[308,203],[-12,24],[-33,81],[-23,54],[-63,133],[-121,247],[-59,126],[-20,41],[-20,41],[-38,79],[-75,157],[-9,19],[-15,30],[-71,152],[-34,72],[-4,9],[-29,59],[-69,146],[-81,171],[-22,47],[-67,141],[-24,50],[-40,88],[-9,18],[-51,109],[-23,50],[-68,152],[-19,43],[0,31],[8,152],[6,133],[3,67],[6,166],[7,134],[2,61],[6,80],[1,23],[0,24],[6,114],[6,114],[3,67],[22,499],[17,364],[7,200],[-21,16],[-10,4],[-10,2],[-22,-10],[-32,-10],[-143,-7],[-88,3],[-6,0],[-2,12],[-8,88],[-5,44],[-8,71],[-4,64],[-10,94],[-30,174],[-15,121],[-14,95],[-9,46],[-9,57],[-23,107],[-13,68],[-28,124],[-10,34],[-23,118],[-4,24],[-4,93],[-6,46],[-12,60],[-12,29],[-34,54],[-41,60],[-25,31],[-45,65],[-17,33],[-19,41],[-30,62],[-31,51],[-31,60],[-23,52],[-5,11],[-9,38],[-6,43],[0,93],[-6,54],[-6,39],[-11,50],[-5,16],[-9,15],[-3,13],[-4,6],[-2,11],[-3,30],[-5,15],[-4,32],[-4,20],[-13,55],[-12,37],[-26,41],[-58,82],[-28,48],[-42,64],[-9,9],[-20,31],[-2,0],[-29,37],[-22,30],[-12,20],[-11,14],[-39,45],[-9,13],[-16,18],[-5,7],[-17,15],[-9,9],[-17,21],[-22,33],[-27,37],[-14,21],[-39,71],[-27,63],[-28,62],[-12,29],[-9,26],[-1,1],[-14,37],[-5,20],[0,19],[5,16],[1,9],[0,5],[-2,7],[-4,9],[-10,15],[-5,8],[-5,13],[-3,13],[-7,29],[-8,18],[-1,2],[-2,8],[-1,1],[-3,12],[-3,23],[-4,1],[-8,1],[-3,0],[-1,0],[-7,0],[-55,-1],[-57,12],[-30,8],[-31,11],[-22,6],[-12,2],[-8,0],[-15,-4],[-20,-2],[-31,-8],[-15,-1],[-14,2],[-19,0],[-21,7],[-7,0],[-15,6],[-12,9],[-5,1],[-6,-4],[-20,-17],[-9,-1],[-6,0],[0,0],[-1,1],[-6,4],[-6,4],[-5,3],[-4,2],[0,1],[-1,0],[-5,-7],[-1,-7],[-3,-6],[-7,-9],[-6,-3],[-9,1],[-3,4],[-2,4],[0,5],[3,8],[30,36],[8,14],[2,18],[-1,8],[-5,17],[0,11],[5,19],[2,14],[-2,6],[-5,5],[-3,1],[-28,1],[-9,-1],[-9,-4],[-13,-12],[-6,-3],[-14,-2],[-5,3],[-4,4],[-11,14],[-6,3],[-6,2],[-8,0],[-21,-2],[-8,-2],[-51,-5],[-47,1],[-12,1],[-13,5],[-16,7],[-4,3],[-21,11],[-19,10],[-12,3],[-15,3],[-6,1],[-15,-1],[-11,-1],[-4,-2],[-12,-1],[-13,2],[-11,4],[-33,2],[-22,4],[-18,5],[-19,8],[-12,5],[-35,22],[-22,17],[-12,7],[-10,5],[-19,6],[-9,4],[-36,11],[-23,4],[-38,15],[-32,6],[-11,0],[-25,3],[-31,16],[-2,1],[-1,0],[-3,2],[-7,3],[-8,4],[-18,6],[-37,8],[-25,6],[-58,10],[-15,4],[-12,7],[-25,17],[-4,1],[-26,16],[-19,10],[-33,21],[-38,18],[-14,5],[-40,19],[-13,4],[-11,2],[-28,0],[-19,0],[-16,0],[-12,3],[-11,5],[-21,5],[-6,9],[-4,12],[0,5],[-2,8],[0,4],[-6,23],[-11,26],[-18,35],[-3,13],[-1,12],[-4,13],[-6,12],[-7,11],[-7,8],[-9,4],[-2,0],[-9,2],[-2,-1],[-2,0],[-2,0],[-6,1],[-2,0],[-9,8],[-20,14],[-9,3],[-3,3],[-10,3],[-16,8],[-15,14],[-6,9],[-4,10],[-4,7],[-10,9],[-20,17],[-9,8],[-11,15],[-9,17],[-8,23],[-3,4],[-3,7],[-2,7],[-4,9],[-1,6],[1,6],[-5,11],[-4,12],[-5,48],[-1,13],[-9,26],[-6,30],[-1,28],[-2,28],[3,47],[1,31],[2,31],[-3,62],[-1,18],[-3,71],[0,12],[3,12],[1,10],[0,10],[-1,14],[-1,10],[40,14],[26,14],[62,56],[69,63],[70,66],[11,11],[10,6],[8,2],[9,-6],[38,-32],[18,-14],[27,-16],[14,-2],[13,-2],[12,-3],[16,-8],[27,-17],[62,-34],[58,-26],[35,-6],[15,4],[7,9],[0,16],[-15,63],[-3,49],[5,20],[35,45],[17,33],[10,40],[25,61],[6,27],[-6,14],[74,112],[72,138],[34,51],[4,-3],[31,-24],[12,-11],[25,-25],[28,-35],[47,-57],[26,-28],[18,-22],[17,-29],[14,-31],[14,-60],[2,-8],[13,-18],[20,-11],[20,12],[76,64],[64,24],[38,1],[28,-4],[25,-15],[-26,61],[-20,73],[-30,82],[-15,30],[-26,61],[-52,110],[-66,147],[-47,102],[-160,347],[25,24],[-14,98],[-23,67],[1,26],[13,26],[2,24],[-7,13],[3,88],[33,19],[15,65],[76,69],[18,15],[35,21],[46,37],[30,21],[52,32],[34,24],[31,20],[8,4],[16,2],[12,-1],[12,-2],[7,1],[7,3],[12,9],[-2,4],[-25,26],[-23,18],[-29,30],[-19,26],[-8,19],[-9,23],[-21,50],[-8,17],[-17,26],[-22,24],[-13,10],[-10,18],[-3,14],[-2,13],[-6,16],[-13,25],[-9,13],[0,8],[2,19],[-1,19],[-4,15],[-4,18],[-9,15],[-8,16],[-6,12],[-3,10],[-3,21],[-11,47],[-21,57],[-11,59],[-7,21],[-28,62],[-22,82],[-23,40],[-32,86],[-27,122],[96,50],[22,13],[87,67],[89,56],[-2,35],[-14,52],[0,22],[-2,42],[2,39],[-6,27],[-8,13],[5,26],[-2,20],[-19,37],[-13,53],[-11,21],[-27,63],[-8,56],[-3,52],[6,111],[5,26],[9,24],[-8,59],[29,146],[-2,12],[-8,10],[-7,4],[-12,4],[-6,6],[-5,9],[1,11],[9,15],[7,39],[-8,37],[-26,33],[-12,53],[-17,12],[-45,27],[-27,39],[-8,27],[-18,65],[-20,56],[-14,39],[-5,27],[4,37],[12,19],[21,62],[0,28],[2,34],[10,31],[16,41],[19,42],[14,30],[7,24],[6,42],[2,19],[0,31],[3,20],[6,14],[9,18],[2,42],[13,69],[-3,34],[-14,34],[-49,92],[-35,87],[-18,49],[-1,3],[-5,47],[3,39],[8,12],[4,29],[0,44],[-3,25],[-5,7],[-17,30],[-12,25],[-5,30],[7,15],[4,11],[1,7],[-6,8],[-12,6],[-20,1],[-43,-5],[-8,-7],[2,-9],[9,-11],[6,-23],[2,-35],[-6,-28],[-6,-11],[-5,-4],[-16,3],[-45,13],[-29,6],[-23,3],[-21,0],[-30,-12],[-24,-2],[-7,19],[0,8],[6,54],[8,154],[1,48],[-4,104],[9,159],[1,55],[0,54],[-4,44],[-46,-3],[-1,10],[3,97],[-1,72],[1,100],[9,126],[9,85],[8,85],[7,234],[5,215],[-9,129],[3,3],[3,3],[34,14],[26,44],[0,23],[6,22],[60,61],[18,27],[18,26],[11,5],[54,-17],[20,-13],[12,-20],[77,10],[29,114],[20,25],[30,16],[109,38],[121,33],[71,35],[27,21],[1,26],[-3,49],[3,156],[-2,196],[2,62],[6,70],[-3,62],[-4,36],[-4,36],[3,109],[3,147],[-3,94],[-10,82],[-4,56],[1,23],[45,25],[27,3],[19,-8],[6,4],[1,51],[12,10],[55,15],[11,2],[4,-15],[11,-3],[16,-73],[26,-11],[50,-5],[4,17],[-1,77],[4,89],[84,37],[26,2],[9,-37],[41,-5],[7,14],[16,19],[-5,22],[-7,23],[13,25],[4,40],[8,13],[46,22],[50,4],[47,13],[29,-14],[41,13],[45,-5],[26,14],[40,6],[69,23],[59,26],[47,66],[18,7],[36,-1],[23,1],[16,4],[25,-1],[76,-2],[40,0],[89,2],[6,-50],[5,-113],[43,0],[47,12],[0,26],[-9,93],[19,87],[0,51],[-4,17],[-6,25],[5,56],[-3,43],[3,54],[9,30],[0,14],[0,13],[-1,10],[-1,11],[-1,22],[-3,34],[-2,41],[-3,44],[-4,24],[14,8],[18,14],[-8,20],[-14,41],[-10,39],[-5,14],[-5,15],[-12,34],[-6,20],[-14,23],[-7,21],[-9,49],[-7,54],[-11,36],[-23,43],[-8,24],[-25,87],[-37,77],[-12,40],[-41,129],[-6,72],[-17,67],[-8,61],[-16,69],[-27,84],[-30,85],[-18,44],[-22,59],[-5,17],[-8,34],[-24,55],[-25,54],[-22,55],[-21,72],[-33,93],[-19,102],[-15,53],[-14,53],[-42,123],[6,113],[-4,64],[-38,120],[-27,58],[-57,93],[-35,51],[-13,17],[-15,41],[-15,41],[-12,46],[11,134],[5,32],[-2,44],[-8,29],[-2,83],[1,57],[10,101],[7,75],[-11,35],[-12,25],[4,80],[11,41],[1,41],[-6,39],[-9,25],[-14,35],[-10,72],[-11,60],[-29,109],[-26,52],[-38,69],[-18,31],[-4,50],[-11,105],[-1,29],[20,121],[25,94],[8,79],[17,92],[18,99],[18,67],[9,39],[3,36],[1,99],[-3,67],[-3,116],[-5,26],[-7,26],[-4,36],[-3,21],[-4,49],[-4,51],[-3,41],[-6,60],[-3,44],[-1,24],[-1,65],[8,34],[13,20],[46,38],[30,28],[19,29],[10,33],[-3,108],[-6,36],[-21,67],[-18,68],[-11,56],[-4,25],[-7,29],[-6,33],[-5,23],[-4,16],[-7,44],[-5,27],[-11,60],[-19,62],[-16,34],[-20,67],[-7,43],[-3,45],[-2,64],[2,40],[6,94],[6,32],[15,50],[18,30],[18,42],[14,30],[13,39],[12,50],[17,59],[3,78],[-1,47],[-1,47],[3,94],[1,132],[-3,161],[-3,158],[-5,389],[-3,256],[-1,14],[-5,103],[-6,117],[-5,51],[-13,71],[-2,29],[1,47],[-21,57],[-20,57],[-36,151],[-11,57],[-19,97],[-3,14],[-4,10],[-14,-5],[-8,-3],[-44,-16],[-33,-13],[-15,-10],[-17,-24],[-35,-75],[-25,-43],[-48,-54],[-11,-14],[-47,-44],[-65,-31],[-35,-20],[-35,-25],[-50,-31],[-38,-14],[-46,-9],[-28,-9],[-20,-3],[-30,-28],[-28,-22],[-30,-34],[-41,-34],[-26,-34],[-48,-30],[-53,-67],[-12,-27],[-8,-37],[-21,-25],[-16,-43],[-30,-49],[-15,-47],[-12,-12],[-54,-37],[-26,-28],[-62,-39],[-43,-22],[-31,-27],[-45,-45],[-46,-22],[-59,-17],[-21,-12],[-27,-34],[-63,-39],[-59,-17],[-62,-42],[-65,-36],[-52,-35],[-26,-17],[-19,-17],[-5,-5],[-7,0],[-6,0],[-3,-2],[-8,-2],[-16,-14],[-9,-13],[-3,-6],[-7,-11],[-16,-19],[-20,-22],[-16,-15],[-18,-17],[-24,-17],[-19,-17],[-18,-12],[-8,-9],[-10,-15],[-10,-10],[-11,-8],[-12,-3],[-4,-2],[-5,-7],[-2,-5],[-1,-10],[-1,-6],[-13,-22],[-3,-9],[0,-10],[2,-21],[6,-21],[0,-6],[-2,-12],[-6,-11],[-4,-4],[-29,-23],[-7,-4],[-7,-6],[-2,-5],[-15,-13],[-4,-3],[-6,-6],[-11,-9],[-7,-4],[-5,-6],[-10,-8],[-10,-10],[-7,-10],[-12,-16],[-24,-42],[-4,-9],[-4,-6],[-11,-27],[-9,-22],[-11,-19],[-11,-15],[-19,-21],[-47,-48],[-18,-15],[-33,-32],[-22,-18],[-15,-9],[-10,-5],[-20,-8],[-20,-11],[-17,-6],[-2,-2],[-7,-2],[-42,-16],[-4,-3],[-8,-3],[-16,-8],[-60,-23],[-14,-3],[-11,0],[-4,-3],[-30,-7],[-10,-1],[-16,-2],[-14,1],[-23,-1],[-11,-2],[-14,-4],[-9,-1],[-11,-4],[-12,-4],[-18,-7],[-19,-11],[-14,-9],[-13,-11],[-48,-38],[-33,-23],[-20,-19],[-5,-6],[-10,-11],[-29,-32],[-42,-53],[-24,-27],[-11,-16],[-6,-5],[-4,-8],[-35,-43],[-19,-27],[-22,-27],[-18,-29],[-14,-21],[-14,-26],[-1,-4],[-4,-4],[-16,-28],[-5,-3],[-3,-5],[-6,-5],[-22,-16],[-52,-41],[-5,-6],[-20,-15],[-15,-13],[-27,-19],[-35,-28],[-25,-18],[-19,-18],[-4,-3],[-2,-4],[-15,-15],[-15,-21],[-7,-10],[-8,-17],[-10,-14],[-16,-22],[-51,-74],[-11,-16],[-7,-3],[-13,-9],[-10,-9],[-10,-8],[-26,-26],[-14,-15],[-15,-14],[-13,-16],[-4,-6],[-6,-12],[-1,-6],[-5,-8],[-4,-8],[-13,-34],[-7,-14],[-3,-3],[-11,-16],[-7,-7],[-17,-16],[-17,-14],[-23,-13],[-20,-5],[-11,-5],[-8,-6],[-5,-5],[-8,-16],[-6,-9],[-23,-29],[-8,-9],[-14,-12],[-6,-3],[-15,-4],[-6,-3],[-10,-9],[-7,-10],[-4,-14],[0,-4],[-2,-5],[-8,-6],[-16,-5],[-5,-6],[-6,-9],[-6,-16],[-42,-71],[-33,-44],[-20,-22],[-12,-18],[-22,-22],[-10,-9],[-16,-11],[-11,-6],[-26,-10],[-15,-2],[-25,2],[-18,1],[-8,1],[0,0],[-15,3],[-40,5],[-19,5],[-1,-1],[-3,2],[-17,5],[-25,5],[-22,6],[-34,8],[-18,3],[-12,3],[-82,14],[-28,7],[-15,6],[-64,20],[-24,7],[-12,1],[-23,7],[-14,6],[-18,9],[-45,19],[-19,8],[-13,6],[-38,13],[-35,16],[-23,9],[-15,7],[-17,6],[-14,7],[-30,10],[-41,21],[-38,10],[-37,4],[-47,-1],[-13,-3],[-31,0],[-13,-2],[-11,-1],[-7,-2],[-7,-1],[-7,-3],[-7,-1],[-42,-2],[-22,1],[-13,2],[-20,1],[-19,3],[-11,1],[-5,-2],[-21,-1],[-4,-1],[-11,0],[-63,9],[-16,3],[-29,9],[-13,2],[-23,8],[-48,12],[-11,2],[-17,1],[-13,1],[-22,6],[-18,4],[-30,13],[-24,18],[-14,8],[-9,8],[-21,11],[-15,6],[-10,2],[-23,10],[-13,1],[-9,2],[-9,4],[-46,12],[-24,9],[-9,1],[-4,2],[-7,1],[-2,2],[-6,0],[-8,4],[-19,5],[-7,0],[-28,9],[-19,4],[-11,2],[-93,1],[-28,3],[-36,8],[-24,3],[-18,6],[-38,16],[-30,7],[-4,-1],[-5,0],[-18,6],[-18,10],[-28,22],[-6,6],[-12,7],[-22,10],[-7,1],[-6,2],[-13,-1],[-22,-2],[-20,0],[-8,2],[-15,6],[-14,3],[-15,-2],[-10,-3],[-6,-4],[-4,-9],[-5,-6],[-8,-2],[-9,0],[-10,4],[-15,16],[-6,4],[-16,9],[-23,4],[-10,2],[-22,3],[-39,-1],[-19,4],[-8,0],[-22,-8],[-22,-9],[-9,-7],[0,-1],[-9,-7],[-6,-9],[-7,-6],[-1,-5],[-9,-18],[-9,-19],[-4,-8],[-27,-33],[-13,-14],[-13,-10],[-17,-6],[-8,0],[-14,-1],[-16,-9],[-16,-7],[-16,0],[-5,-1],[-16,-11],[-5,-8],[-2,-5],[-3,-21],[-2,-5],[-5,-9],[-7,-7],[-27,-20],[-7,-9],[-3,-6],[-1,-6],[-1,-14],[0,-14],[-5,-11],[-7,-8],[-6,-5],[-39,-29],[-46,-42],[-38,-27],[-32,-25],[-10,-9],[-3,-1],[-2,-4],[-1,0],[-15,-13],[-7,-6],[-16,-9],[-12,-12],[-5,-13],[-9,-27],[-12,-14],[-13,-11],[-42,-24],[-18,-20],[-7,-9],[-19,-15],[-5,-5],[-3,-6],[-2,-8],[0,-18],[2,-25],[-1,-8],[-3,-11],[-3,-8],[-10,-15],[-13,-37],[-11,-39],[-11,-31],[-6,-16],[-11,-18],[-9,-9],[-4,-3],[-11,-3],[-13,-6],[-42,-6],[-32,-1],[-11,-2],[-6,-5],[-12,-15],[-11,-12],[-8,-13],[-5,-13],[-6,-28],[1,-31],[3,-22],[2,-13],[1,-13],[-2,-22],[-6,-37],[-2,-11],[-6,-24],[-10,-23],[-10,-8],[-24,-17],[-18,-15],[-20,-20],[-6,-9],[-1,-6],[1,-8],[2,-9],[5,-9],[4,-18],[0,-22],[-5,-31],[-5,-19],[-1,-17],[-2,-15],[-7,-25],[-5,-11],[-2,-3],[-11,-10],[-4,-3],[-5,-1],[-16,-2],[-17,5],[-15,-1],[-17,-7],[-3,-2],[-8,-7],[-6,-8],[0,-5],[1,-4],[5,-5],[5,-5],[2,-6],[-3,-8],[-9,-11],[-6,-9],[-3,-10],[-1,-9],[0,-10],[1,-18],[2,-13],[2,-18],[6,-21],[0,-7],[-3,-10],[-12,-11],[-25,-13],[-11,-13],[-3,-7],[-1,-15],[4,-29],[1,-11],[-2,-9],[-3,-7],[-7,-7],[-8,-5],[-15,-4],[-8,-5],[-13,-4],[-16,-2],[-2,1],[-5,7],[-4,4],[-7,-1],[-6,-3],[-5,-8],[-3,-7],[-13,-17],[-10,-9],[-12,-9],[-9,-8],[-10,-15],[-5,-12],[1,-14],[2,-8],[2,-8],[-7,-9],[-4,-2],[-12,-1],[-9,1],[-14,7],[-10,8],[-14,7],[-12,5],[-15,2],[-17,0],[-11,-1],[-8,-3],[-13,-8],[-4,-8],[-1,-9],[4,-5],[11,-13],[2,-5],[1,-7],[-4,-12],[-14,-23],[-5,-10],[-3,-13],[0,-6],[0,-2],[-4,-12],[-4,-6],[-3,-2],[-5,-7],[-12,-9],[-6,-3],[-33,-1],[-6,-2],[-7,-5],[-9,-8],[-5,-2],[-33,-1],[-10,0],[-10,-2],[-10,-4],[-15,-10],[-10,-11],[-4,-6],[-8,-14],[-4,-18],[0,-31],[1,-54],[0,-9],[-2,-5],[-2,-4],[-5,-5],[-18,-13],[-9,-11],[-6,-13],[-3,-10],[-4,-7],[-11,-11],[-31,-24],[-9,-10],[-4,-8],[-4,-16],[-2,-16],[0,-5],[3,-9],[5,-13],[6,-16],[9,-36],[2,-10],[-1,-14],[-5,-12],[-8,-10],[-8,-6],[-23,-15],[-13,-12],[-6,-8],[-4,-9],[-2,-9],[0,-8],[4,-13],[0,-6],[-4,-15],[-4,-8],[-22,-26],[-6,-8],[-7,-14],[-3,-12],[1,-14],[-1,-7],[-4,-9],[-6,-8],[-9,-7],[-9,-2],[-13,0],[-6,1],[-16,1],[-13,-3],[-4,-2],[-6,-5],[-6,-9],[-2,-5],[-4,-19],[-3,-9],[-4,-6],[-9,-9],[-6,-5],[-9,-3],[-10,-2],[-9,-3],[-6,-7],[-2,-3],[-1,-11],[2,-9],[6,-12],[7,-8],[10,-15],[3,-7],[1,-19],[-1,-11],[-2,-10],[-6,-20],[-10,-13],[-10,-3],[-10,0],[-11,4],[-4,1],[-20,-1],[-6,-6],[-4,-10],[-2,-11],[0,-12],[3,-8],[10,-12],[10,-8],[23,-9],[7,-7],[3,-5],[3,-13],[-1,-8],[-2,-15],[-8,-19],[-13,-11],[-13,-9],[-16,-20],[-21,-19],[-10,-7],[-13,-12],[-11,-12],[-12,-19],[-9,-18],[-6,-20],[-11,-29],[-8,-25],[-1,-8],[0,-7],[2,-14],[2,-9],[-3,-8],[-5,-5],[-10,-6],[-18,-5],[-23,-8],[-23,-3],[-11,0],[-10,5],[-19,19],[-7,5],[-16,6],[-29,6],[-13,8],[-5,6],[-5,4],[-4,1],[-33,0],[-12,2],[-7,3],[-5,4],[-5,1],[-6,4],[-12,12],[-12,20],[-11,20],[-8,11],[-3,4],[-13,8],[-29,21],[-20,11],[-19,8],[-21,7],[-1,0],[-4,1],[-2,1],[-27,6],[-5,2],[-19,5],[-17,16],[-12,15],[-10,10],[-2,3],[-4,4],[-1,1],[-6,6],[-11,16],[-20,19],[-13,11],[-46,28],[-69,32],[-36,20],[-22,9],[-32,10],[-23,9],[-14,9],[-12,11],[-14,10],[-23,9],[-42,11],[-12,6],[-8,6],[-11,13],[-12,24],[-10,17],[-13,19],[-16,17],[-10,8],[-5,2],[-30,9],[-8,5],[-10,8],[-4,3],[-4,1],[-12,0],[-6,2],[-6,4],[-9,12],[-10,6],[-5,2],[-13,2],[-6,2],[-8,3],[-28,15],[-28,19],[-34,19],[-19,11],[-23,16],[-12,11],[-12,11],[-22,26],[-8,11],[-18,18],[-26,21],[-11,6],[-9,3],[-15,9],[-40,46],[-17,23],[-16,15],[-18,11],[-11,3],[-8,0],[-8,-1],[-24,-7],[-12,0],[-17,4],[-6,4],[-10,8],[-6,7],[-13,19],[-13,14],[-32,25],[-19,10],[-18,1],[-11,-1],[-29,-2],[-13,-2],[-51,-7],[-32,-1],[-5,2],[-10,2],[-19,4],[-35,5],[-27,1],[-15,-1],[-4,-1],[-4,-3],[-5,-6],[0,-5],[5,-8],[-1,-3],[-3,-4],[-7,-7],[-14,-9],[-19,0],[-7,2],[-12,6],[-6,2],[-8,0],[-30,-14],[-64,-17],[-9,-1],[-15,-1],[-12,1],[-14,5],[-23,13],[-16,6],[-26,7],[-30,2],[-34,2],[-50,9],[-12,1],[-22,4],[-38,7],[-24,4],[-42,4],[-23,-1],[-29,2],[-17,-1],[-5,0],[-2,0],[-6,14],[-9,34],[-12,39],[-3,22],[-7,25],[-5,40],[-1,38],[3,15],[0,12],[1,12],[0,9],[6,43],[0,4],[1,5],[0,4],[2,3],[-1,2],[2,13],[-3,4],[0,8],[-2,14],[-2,7],[-1,10],[-1,30],[0,3],[-3,25],[0,14],[-3,13],[-4,8],[-4,14],[1,25],[1,16],[5,24],[1,4],[0,9],[2,1],[0,5],[1,2],[-1,11],[-2,10],[-9,27],[-2,10],[0,9],[3,15],[1,3],[2,7],[15,27],[7,17],[17,31],[15,31],[8,26],[4,13],[7,36],[12,41],[7,30],[9,28],[7,15],[8,14],[18,24],[10,12],[8,7],[15,7],[23,14],[15,7],[19,13],[12,11],[14,20],[13,23],[12,25],[11,31],[7,24],[1,1],[6,37],[8,31],[0,7],[0,5],[-2,7],[-14,32],[-20,41],[-15,35],[-8,19],[-15,24],[-7,13],[-8,20],[-7,13],[-24,38],[-12,13],[-3,7],[-10,40],[-3,32],[0,19],[-1,1],[1,8],[-2,49],[-5,54],[-4,68],[3,50],[6,42],[6,27],[8,24],[2,11],[1,15],[-1,11],[0,2],[-1,3],[-3,15],[-5,15],[-10,34],[-3,32],[-3,15],[-7,19],[0,3],[-22,44],[-7,16],[-12,36],[-21,71],[-5,10],[-3,5],[1,2],[-4,13],[-1,6],[0,11],[2,8],[2,8],[5,12],[30,38],[5,5],[6,5],[16,19],[3,8],[4,15],[4,20],[0,17],[2,11],[-2,12],[0,30],[4,31],[2,16],[-3,12],[0,6],[-5,24],[-2,15],[-2,70],[-1,9],[-3,7],[-2,12],[-2,32],[-3,14],[-5,20],[-7,23],[-3,15],[-8,19],[-10,17],[-19,26],[-21,25],[-31,30],[-23,33],[-13,10],[-6,6],[-4,6],[-7,11],[-16,35],[-12,18],[-10,24],[-3,10],[-4,15],[-5,13],[-1,10],[-4,15],[0,6],[-3,21],[0,17],[1,12],[3,15],[2,14],[-1,14],[-7,27],[-2,3],[-12,18],[-7,14],[-6,25],[-2,22],[0,38],[4,39],[3,23],[1,26],[-1,16],[3,15],[0,14],[5,16],[7,16],[9,11],[4,10],[2,6],[0,17],[-5,15],[-11,24],[-1,10],[-1,6],[-2,5],[-8,9],[-20,10],[-20,1],[-10,2],[-3,0],[-3,1],[-16,0],[-27,-5],[-15,-2],[-17,-3],[-20,1],[-8,0],[-10,-3],[-10,-5],[-28,-19],[-9,-5],[-19,-8],[-7,0],[-14,5],[-14,6],[-15,13],[-8,5],[-21,11],[-32,11],[-19,3],[-9,0],[-5,-2],[-6,-7],[-15,-13],[-14,-20],[-3,-2],[-6,-4],[-3,-1],[-9,0],[-9,4],[-6,4],[-6,7],[-8,14],[-8,7],[-6,3],[-16,7],[-30,4],[-12,3],[-9,3],[-7,6],[-6,6],[-10,18],[-2,6],[1,7],[5,9],[15,13],[5,5],[7,12],[1,6],[6,12],[8,15],[9,21],[3,9],[1,5],[2,15],[-1,3],[0,8],[-7,24],[-7,18],[-7,15],[-3,11],[-14,56],[-1,19],[10,45],[1,20],[1,4],[5,10],[5,7],[10,9],[18,12],[12,10],[5,7],[5,14],[1,14],[-2,28],[-10,47],[-3,17],[-2,17],[-1,19],[-3,21],[0,4],[-2,5],[0,13],[1,3],[4,5],[24,17],[21,19],[48,52],[31,29],[19,20],[7,5],[20,23],[23,22],[12,15],[25,23],[15,18],[12,16],[7,12],[2,12],[-2,7],[-8,15],[-10,12],[-20,14],[-12,10],[-10,12],[-3,7],[-8,31],[-1,13],[2,32],[1,10],[0,9],[-7,29],[-1,2],[-1,5],[-17,40],[-13,24],[-6,8],[-5,5],[-5,7],[-22,27],[-9,8],[-12,8],[-7,7],[-7,11],[-15,16],[-2,3],[-11,18],[-7,15],[-6,17],[-9,22],[-5,10],[-5,7],[-17,18],[-18,10],[-19,14],[-4,5],[-10,7],[-16,8],[-13,13],[-7,12],[-4,12],[0,10],[-5,21],[-3,17],[-1,21],[-2,11],[-1,12],[1,6],[4,17],[7,14],[13,27],[20,36],[6,10],[7,15],[9,26],[8,26],[9,22],[8,14],[24,22],[5,9],[5,19],[2,56],[4,65],[7,53],[0,12],[2,24],[1,22],[-2,29],[-5,34],[-1,7],[-5,11],[-9,13],[-23,27],[-12,20],[-2,5],[0,3],[6,20],[7,16],[27,52],[8,18],[3,10],[-2,20],[-1,3],[-1,11],[2,7],[7,13],[12,15],[5,5],[7,10],[0,2],[19,34],[5,15],[4,20],[0,11],[-1,19],[0,37],[6,29],[8,29],[5,11],[2,2],[1,2],[9,19],[32,56],[18,25],[11,13],[19,17],[13,11],[28,16],[21,14],[14,8],[2,2],[4,0],[1,2],[11,6],[37,18],[12,7],[12,8],[3,3],[3,6],[2,6],[3,14],[7,13],[14,16],[20,22],[21,25],[17,21],[16,23],[19,33],[5,11],[5,17],[18,45],[2,14],[2,21],[4,18],[13,47],[5,37],[1,25],[7,24],[-1,16],[-2,11],[0,5],[2,17],[5,12],[17,18],[3,4],[3,8],[4,15],[2,41],[3,20],[4,18],[3,5],[6,9],[9,9],[7,4],[27,12],[14,7],[24,18],[9,4],[4,5],[3,4],[3,2],[7,6],[24,14],[29,24],[9,9],[8,10],[9,17],[3,10],[7,18],[2,8],[7,25],[22,56],[12,38],[7,29],[7,18],[1,9],[2,15],[0,5],[1,3],[1,9],[0,14],[3,14],[2,6],[14,32],[10,25],[12,37],[1,15],[-8,44],[0,15],[3,14],[8,16],[6,17],[4,7],[12,12],[20,16],[16,11],[8,8],[11,22],[21,50],[29,52],[20,41],[5,14],[5,17],[9,13],[9,10],[8,12],[4,8],[12,32],[3,7],[1,12],[-1,28],[1,22],[-2,21],[1,19],[-1,2],[2,11],[-4,7],[-3,2],[-3,2],[-16,1],[-10,2],[-4,2],[-14,13],[-4,1],[-4,-3],[-7,-15],[-6,-8],[-14,-6],[-15,-3],[-46,1],[-16,-3],[-17,-6],[-18,-11],[-19,-17],[-20,-16],[-36,-25],[-35,-32],[-20,-17],[-24,-19],[-26,-19],[-16,-13],[-75,-68],[-7,-5],[-12,-6],[-25,-2],[-8,-2],[-12,-5],[-15,-9],[-13,-14],[-14,-17],[-7,-6],[-4,-2],[-6,-2],[-53,-1],[-6,1],[-49,0],[-33,-2],[-29,-4],[-34,-9],[-7,-1],[-11,-5],[-7,-1],[-20,-2],[-4,2],[-8,7],[-15,22],[-4,7],[-7,12],[-16,36],[-7,12],[-8,20],[-4,5],[-7,7],[-15,11],[-22,6],[-8,4],[-12,12],[-6,10],[-4,10],[-1,14],[-4,14],[-11,18],[-6,8],[-10,8],[-32,20],[-15,12],[-6,5],[-18,23],[-9,14],[-15,32],[-22,38],[-8,18],[-4,14],[-3,16],[-4,13],[-6,14],[-8,12],[-8,7],[-8,5],[-10,2],[-12,4],[-11,1],[-18,4],[-20,2],[-19,5],[-42,19],[-12,8],[-20,13],[-13,5],[-13,0],[-24,-7],[-35,-2],[-24,4],[-39,10],[-16,7],[-11,6],[-22,19],[-10,14],[-6,6],[-7,3],[-12,7],[-8,7],[-10,6],[-30,25],[-9,5],[-8,1],[-9,1],[-13,-2],[-12,-3],[-18,-7],[-9,-3],[-10,0],[-49,2],[-13,-1],[-12,-3],[-18,0],[-38,7],[-41,0],[-50,7],[-3,1],[-7,2],[-13,4],[-24,9],[-13,6],[-19,6],[-24,11],[-25,5],[-24,8],[-6,0],[-7,2],[-26,9],[-13,7],[-5,4],[-5,8],[-6,25],[-4,6],[-10,15],[-13,7],[-19,7],[-22,2],[-25,0],[-23,-1],[-14,-2],[-17,0],[-10,2],[-19,10],[-15,12],[-4,6],[-2,9],[0,7],[1,15],[7,41],[1,28],[1,2],[-3,14],[-4,5],[-6,3],[-21,0],[-8,-1],[-21,-2],[-61,-1],[-10,-2],[-27,-2],[-17,-4],[-25,-12],[-19,-13],[-11,-12],[-17,-25],[-9,-7],[-30,-18],[-24,-8],[-6,-1],[-2,1],[-11,-1],[-20,5],[-23,10],[-6,0],[-7,-1],[-17,-7],[-29,-21],[-16,-12],[-33,-28],[-20,-14],[-46,-17],[-24,-11],[-24,-12],[-17,-10],[-19,-10],[-28,-15],[-31,-8],[-17,-4],[-49,-7],[-26,-6],[-13,-1],[-7,1],[-39,14],[-10,5],[-2,3],[-5,28],[0,17],[-2,13],[-2,9],[-4,5],[-17,8],[-9,2],[-17,6],[-8,2],[-20,8],[-13,3],[-4,-6],[-5,-11],[-11,-13],[-18,-18],[-11,-9],[-31,-29],[-56,-48],[-15,-15],[-43,-49],[-23,-25],[-2,-11],[-5,-28],[-1,-24],[1,-10],[3,-15],[0,-5],[2,-17],[10,-37],[1,-17],[-1,-7],[-5,-13],[-4,-5],[-12,-25],[-12,-19],[-8,-12],[-9,-9],[-32,-22],[-12,-10],[-18,-17],[-17,-14],[-5,-2],[-6,-1],[-2,1],[-7,11],[-6,4],[-8,2],[-6,1],[-25,-5],[-28,-2],[-10,-4],[-4,-4],[-4,-8],[-3,-25],[-4,-11],[-6,-6],[-2,-1],[-4,0],[-3,3],[-2,8],[-2,4],[-5,1],[-5,-1],[-2,-2],[-2,-5],[-1,-5],[0,-14],[-2,-4],[-2,-5],[-13,-18],[-7,-14],[-16,-28],[-4,-3],[-5,0],[-1,1],[-2,4],[-1,15],[2,18],[0,11],[-1,1],[-4,1],[-2,-2],[-7,-19],[-8,-34],[-7,-34],[-3,-26],[-2,-9],[-2,-5],[-5,-6],[-9,-4],[-6,-1],[-18,-1],[-12,2],[-12,3],[-5,3],[-4,3],[-3,7],[-3,7],[-14,13],[0,6],[1,9],[0,9],[-1,12],[-2,6],[-4,10],[-4,4],[-6,0],[-19,-19],[-25,-16],[-10,-3],[-5,0],[-53,-1],[-5,6],[0,14],[-3,9],[-6,5],[-10,0],[-5,-5],[-13,-18],[-19,-17],[-9,-12],[-6,-11],[-3,-9],[-1,-12],[9,-16],[15,-18],[7,-12],[2,-13],[0,-13],[4,-15],[0,-8],[-1,-6],[-1,-3],[-4,-4],[-6,-4],[-8,-7],[-4,-8],[0,-6],[-1,-11],[3,-37],[0,-30],[-1,-19],[-2,-4],[-5,-6],[-6,-2],[-12,-1],[-10,1],[-8,-2],[-3,-2],[0,-3],[1,-2],[6,-7],[5,-3],[6,-1],[19,-4],[4,-3],[1,-5],[-3,-5],[-13,-12],[-7,-9],[-12,-12],[-12,-9],[-7,1],[-9,6],[-8,3],[-4,0],[-5,-3],[-1,-9],[3,-23],[1,-5],[0,-7],[0,-2],[-4,-7],[-17,-14],[-31,-32],[-13,-11],[-22,-16],[-39,-32],[-33,-28],[-10,-9],[-17,-16],[-46,-33],[-56,-44],[-6,-5],[-6,-4],[-23,61],[-1,4],[-2,5],[-22,19],[-6,6],[-7,5],[-55,48],[-41,36],[-33,29],[-5,3],[-2,3],[-51,44],[-20,19],[-18,14],[-80,71],[-7,6],[-4,1],[-5,-6],[-17,-17],[-6,-4],[-23,-27],[-28,-25],[-15,-16],[-112,-120],[-47,-46],[-36,-38],[-5,-3],[-2,-4],[-28,-32],[-22,-22],[-5,-6],[-8,-6],[-16,-21],[-6,-11],[-6,-10],[-9,-8],[-12,-8],[-6,-6],[-9,-18],[-7,-19],[-2,-13],[-7,-11],[-2,-1],[-6,-13],[-9,-15],[-1,-3],[-7,-13],[-8,-16],[-7,-12],[-5,-11],[-34,-63],[-122,-235],[-8,-19],[-56,-106],[-28,-53],[-4,-6],[-3,-9],[-12,-36],[-3,-10],[-13,-32],[-11,-34],[0,-15],[1,-30],[-1,-6],[-2,-8],[-11,-25],[-24,-65],[-3,-8],[-11,-34],[-9,-22],[0,-1],[-9,-26],[-11,-31],[-7,-26],[-3,-3],[-3,0],[0,0],[-9,2],[-7,6],[-4,5],[-8,10],[-13,34],[-7,9],[-6,3],[-21,8],[-26,2],[-22,6],[-9,5],[-10,7],[-11,12],[-15,12],[-14,7],[-30,11],[-11,4],[-10,5],[-6,1],[-4,3],[-7,5],[-14,8],[-16,12],[-27,24],[-11,8],[-37,15],[-21,8],[-24,7],[-21,4],[-29,11],[-23,8],[-18,8],[-28,7],[-75,17],[-7,2],[-11,5],[-9,2],[-20,3],[-27,5],[-23,7],[-21,8],[-14,3],[-28,5],[-22,2],[-11,4],[-6,1],[-15,8],[-23,16],[-17,8],[-26,9],[-9,5],[-8,8],[-23,27],[-15,23],[-10,21],[-9,25],[-12,24],[-9,9],[-12,8],[-6,1],[-9,0],[-6,-1],[-26,-14],[-18,-11],[-12,-3],[-18,3],[-18,5],[-33,0],[-17,-2],[-21,2],[-10,3],[-23,14],[-22,9],[-22,16],[-16,16],[-5,4],[-5,6],[-9,6],[-14,7],[-11,0],[-11,3],[-12,7],[-10,7],[-8,7],[-30,35],[-21,22],[-15,13],[-7,4],[-17,10],[-23,4],[-12,3],[-12,5],[-6,4],[-12,15],[-9,9],[-15,10],[-32,17],[-20,13],[-9,8],[-16,11],[-13,7],[-9,3],[-13,3],[-10,1],[-14,3],[-17,6],[-38,24],[-3,0],[-24,14],[-13,8],[-4,4],[-11,6],[-10,9],[-6,5],[-13,4],[-6,2],[-13,0],[-9,-1],[-28,-10],[-21,-5],[-18,-6],[-8,-1],[-5,-2],[-14,-1],[-19,2],[-13,4],[-16,0],[-36,-6],[-19,-5],[-21,-1],[-1,1],[-5,-1],[-13,3],[-23,12],[-15,4],[-32,0],[-27,-2],[-24,1],[-4,0],[-4,-2],[-6,-3],[-21,-15],[-51,-41],[-38,-22],[-11,-5],[-12,-8],[-3,-1],[-30,-12],[-32,-8],[-4,-2],[-19,-3],[-34,-8],[-2,0],[-3,-1],[-9,-1],[-5,-1],[-8,0],[-13,3],[-6,1],[-8,-1],[-22,-7],[-29,-13],[-16,-6],[-14,-3],[-20,-1],[-14,3],[-8,4],[-10,7],[-16,20],[-6,3],[-13,4],[-17,2],[-39,1],[-25,2],[-40,1],[-9,1],[-7,1],[-23,6],[-33,5],[-30,10],[-10,4],[-49,19],[-24,11],[-7,2],[-31,19],[-5,2],[-15,4],[-17,3],[-13,-1],[-19,-2],[-35,-6],[-10,-2],[-9,-5],[-10,-10],[-6,-9],[-7,-16],[-2,-2],[-3,-1],[-6,0],[-15,8],[-17,7],[-14,-1],[-18,-5],[-11,-4],[-5,0],[-3,2],[-20,21],[-9,4],[-8,0],[-16,-6],[-12,-1],[-14,-5],[-35,-16],[-8,-3],[-34,-18],[-11,-9],[-29,-20],[-10,-10],[-11,-17],[-22,-23],[-5,-5],[-17,-11],[-15,-13],[-43,-32],[-22,-18],[-7,-7],[-5,-3],[-15,-13],[-6,-4],[-8,-1],[-8,4],[-18,10],[-52,18],[-29,15],[-18,8],[-9,6],[-14,11],[-6,6],[-3,5],[-2,13],[-5,14],[-15,19],[-1,6],[0,12],[-2,4],[-1,11],[-5,14],[-5,7],[-17,12],[-8,8],[-1,6],[0,3],[2,9],[-3,7],[-5,4],[-7,-1],[-6,-2],[-3,0],[-3,2],[-2,4],[1,9],[-1,3],[-12,17],[-8,18],[5,7],[0,2],[-3,3],[-8,5],[-4,3],[-2,4],[-2,7],[0,6],[2,3],[3,5],[9,9],[4,10],[0,6],[-6,17],[-4,6],[-8,9],[-10,5],[-4,2],[-6,-1],[-8,-4],[-16,-18],[-5,-3],[-7,0],[-5,3],[-6,10],[-10,12],[-3,7],[-3,17],[-10,21],[-6,18],[-10,30],[-26,66],[-18,39],[-4,6],[-3,1],[-6,-3],[-14,-9],[-25,-10],[-20,-7],[-29,-12],[-48,-17],[-14,-7],[-31,-20],[-18,-8],[-28,-8],[-22,-8],[-11,-3],[-7,-3],[-18,-5],[-26,-5],[-41,-3],[-25,-5],[-26,-2],[-30,-5],[-8,0],[-22,-1],[-9,2],[-5,2],[-4,3],[-7,10],[-9,4],[-9,2],[-8,0],[-15,-8],[-4,-2],[-12,-1],[-7,1],[-3,4],[-13,16],[-4,13],[-1,7],[-4,6],[-11,6],[-29,24],[-12,7],[-8,3],[-16,0],[-10,-3],[-21,-12],[-12,-12],[-11,-14],[-11,-11],[-5,-4],[-9,-5],[-11,-3],[-7,-1],[-24,0],[-6,2],[-15,10],[-9,3],[-20,4],[-25,2],[-15,-1],[-28,-6],[-6,-2],[-3,-2],[-12,-5],[-9,-5],[-10,-8],[-3,-3],[-4,-9],[-6,-26],[-1,-19],[-3,-11],[-1,-7],[-1,-4],[0,-6],[0,-8],[4,-8],[6,-6],[1,-5],[-1,-4],[-10,-9],[-7,-16],[-3,-11],[0,-18],[-3,-6],[-5,-17],[-2,-16],[-1,-19],[-1,-5],[-2,-13],[0,-6],[2,-13],[6,-10],[11,-9],[3,-7],[3,-11],[-2,-28],[1,-17],[-4,-25],[-1,-13],[9,-30],[-1,-12],[-6,-10],[0,-2],[2,-32],[4,-24],[0,-20],[-3,-19],[-1,-6],[0,-4],[-4,-9],[-4,-16],[-6,-14],[-10,-13],[-11,-24],[-9,-33],[-13,-33],[-4,-14],[-1,-19],[0,-6],[4,-12],[8,-23],[19,-62],[12,-34],[9,-27],[14,-47],[7,-14],[2,-8],[3,-6],[0,-5],[4,-12],[10,-42],[4,-12],[14,-34],[9,-28],[5,-10],[10,-16],[5,-10],[2,-9],[-3,-31],[-9,-41],[-2,-10],[-3,-3],[-4,-1],[-25,-6],[-46,0],[-29,4],[-19,-1],[-11,-2],[-28,-11],[-8,-2],[-23,-9],[-19,-5],[-29,-5],[-26,-4],[-53,-10],[-28,-1],[-8,5],[-3,0],[-10,-2],[-8,-5],[-5,0],[-7,1],[-3,2],[-1,3],[10,13],[1,5],[-2,3],[-8,1],[-12,-10],[-6,-1],[-6,1],[-12,7],[-13,13],[-5,8],[-2,10],[-7,16],[-11,13],[-10,7],[-6,2],[-11,0],[-9,-3],[-9,-5],[-17,-17],[-6,-4],[-13,-14],[-13,-17],[-11,-13],[-15,-20],[-6,-10],[-7,-13],[-12,-28],[-11,-15],[-25,-24],[-8,-13],[-9,-16],[-17,-41],[-4,-24],[-2,-9],[-2,-8],[-4,-12],[-2,-14],[-1,-12],[1,-5],[-2,-12],[-5,-14],[-8,-10],[-9,-2],[-13,9],[-9,34],[-25,69],[-8,47],[-11,87],[-7,71],[0,63],[5,35],[5,35],[10,44],[11,43],[22,96],[23,75],[19,56],[5,34],[-3,45],[-11,75],[10,89],[5,60],[26,90],[26,84],[11,41],[1,26],[-30,142],[-7,26],[18,32],[-3,11],[-9,15],[-7,22],[-1,10],[3,6],[8,3],[10,-5],[29,-23],[16,-10],[17,2],[-6,38],[-8,31],[-6,10],[-13,11],[-23,16],[-13,5],[-2,-2],[5,-14],[10,-19],[-1,-15],[-8,-9],[-9,0],[-22,11],[-11,14],[-10,33],[-19,86],[-6,31],[5,15],[9,19],[-5,32],[-7,28],[3,35],[-9,55],[0,30],[0,19],[9,10],[6,12],[1,11],[-5,8],[-10,4],[16,22],[11,14],[14,14],[0,10],[-5,12],[-4,35],[-2,30],[6,41],[1,17],[-19,44],[-44,52],[-20,15],[-34,11],[-29,-3],[-38,15],[-43,27],[-37,22],[-80,37],[-16,61],[-2,46],[-19,73],[-17,61],[-7,16],[-10,9],[-6,7],[3,10],[18,8],[26,-5],[34,0],[-2,41],[2,23],[4,8],[-2,26],[-13,26],[12,22],[1,13],[-8,13],[-2,26],[-13,16],[-18,17],[-20,26],[-22,28],[-10,44],[-11,37],[-11,36],[4,27],[0,2],[3,9],[8,14],[6,7],[5,10],[1,8],[-3,12],[-4,12],[-2,12],[8,6],[12,1],[8,19],[2,37],[-21,-14],[-16,-14],[-6,-10],[-15,-5],[-7,5],[0,10],[1,51],[0,150],[0,4],[-31,102],[-10,50],[-7,68],[-4,47],[2,23],[8,16],[17,20],[22,22],[6,26],[3,25],[10,31],[35,44],[14,18],[-2,7],[-9,1],[-11,-3],[-12,-6],[-17,2],[-12,9],[-11,11],[-5,13],[-8,12],[-6,33],[-6,44],[-8,38],[-6,14],[-9,1],[-7,-4],[-15,-10],[-17,-24],[-21,-35],[-4,-18],[1,-24],[-6,-10],[-22,-4],[-23,-2],[-7,9],[0,55],[-1,25],[-7,14],[-13,1],[-18,16],[-8,13],[-25,43],[-64,113],[-98,173],[-58,103],[-53,97],[-42,73],[-18,33],[-10,18],[35,24],[9,10],[-7,22],[-3,42],[-8,46],[11,15],[2,8],[-44,62],[-19,7],[-74,-3],[-10,13],[-2,12],[7,10],[10,3],[11,1],[6,8],[2,14],[-5,12],[-20,28],[-20,32],[-10,14],[-9,7],[-16,-2],[-19,-15],[-32,-16],[-22,-8],[-17,-4],[-18,3],[-32,3],[-26,0],[-17,9],[-13,-10],[-15,9],[-23,26],[-15,13],[-1,14],[3,29],[-6,17],[-12,18],[-10,6],[-37,5],[-9,11],[-1,7],[5,4],[11,-3],[3,9],[-4,12],[-11,8],[-14,5],[-20,7],[-6,5],[0,16],[4,7],[9,-3],[1,32],[-7,8],[-19,6],[-48,23],[-31,15],[-28,7],[-9,0],[-4,35],[-9,71],[-16,70],[-14,67],[-13,82],[61,18],[58,-4],[37,9],[30,13],[38,29],[28,9],[30,8],[18,6],[35,5],[49,1],[76,10],[127,34],[38,11],[54,12],[76,15],[109,25],[32,5],[17,4],[11,5],[26,5],[25,9],[32,13],[-24,26],[-14,27],[-6,28],[-3,26],[-7,13],[-22,23],[-5,31],[-11,39],[1,15],[10,27],[-16,66],[-6,1],[-29,23],[-48,37],[-46,53],[-21,-16],[-10,-1],[-2,39],[-14,57],[-51,23],[-22,18],[-15,13],[-25,22],[-20,16],[-32,23],[-21,21],[-13,10],[-2,-15],[-16,18],[-17,15],[-30,22],[-38,25],[-7,3],[-7,-9],[-13,8],[-31,0],[-6,18],[-7,6],[-21,1],[-8,5],[-5,11],[-9,-1],[-26,26],[-25,17],[-14,-15],[-9,-5],[-18,2],[-4,-13],[11,-5],[8,-16],[19,-1],[17,-4],[2,-4],[-2,-6],[-7,-5],[-1,-6],[5,-10],[-1,-6],[-36,-33],[-19,-14],[-11,-5],[-13,-13],[-6,3],[-3,10],[-10,3],[-7,1],[-1,8],[-5,6],[-29,4],[-40,7],[-3,15],[-23,33],[-8,19],[-10,37],[3,22],[-20,-12],[-17,-19],[-27,-11],[-44,-39],[-63,-57],[-40,60],[-96,143],[-23,55],[-32,42],[-53,24],[-22,16],[-46,12],[-40,11],[-25,17],[-27,33],[-49,78],[-62,90],[-71,111],[-68,83],[-23,25],[-6,83],[8,66],[8,67],[12,114],[2,55],[0,21],[-1,17],[-1,16],[-1,15],[12,15],[31,41],[10,16],[14,23],[5,11],[13,31],[10,32],[18,35],[21,41],[23,60],[39,42],[50,82],[9,13],[23,51],[4,17],[8,16],[7,11],[8,8],[8,5],[16,8],[8,7],[11,11],[12,6],[13,4],[8,1],[19,0],[22,4],[11,8],[9,10],[10,17],[15,24],[17,24],[10,29],[15,78],[3,37],[2,52],[1,97],[12,86],[4,85],[-2,55],[-2,107],[-3,26],[1,53],[9,47],[2,52],[-1,25],[18,42],[-15,-3],[-20,7],[-7,5],[-7,-1],[-14,-12],[-6,-1],[-8,4],[-6,8],[-3,13],[2,12],[9,16],[-13,22],[-4,11],[1,18],[3,9],[4,2],[6,0],[4,-5],[4,-13],[4,-3],[4,-1],[8,6],[1,8],[-3,13],[-12,6],[-13,3],[-6,4],[-3,8],[0,6],[8,15],[-1,6],[-14,0],[-20,-2],[-8,9],[-5,9],[1,8],[7,8],[28,32],[-3,12],[-5,4],[-15,7],[-10,3],[-9,11],[-4,10],[-1,10],[3,11],[-10,20],[-8,12],[-13,15],[-8,15],[-18,25],[-58,68],[-19,35],[-48,107],[4,14],[5,20],[1,17],[3,15],[7,11],[9,9],[17,11],[14,5],[26,-1],[14,-4],[9,0],[8,2],[8,3],[7,3],[14,1],[11,8],[-32,62],[-3,5],[-1,0],[-1,1],[-3,5],[-21,35],[-25,40],[-5,8],[-9,15],[-5,12],[-20,46],[-5,14],[-6,9],[-18,14],[-13,22],[-6,14],[-9,11],[-3,30],[-14,30],[-14,24],[-10,11],[-10,25],[-7,25],[-1,10],[0,11],[16,36],[6,13],[3,18],[-2,55],[0,27],[-13,46],[-12,24],[-26,76],[-23,73],[-15,43],[-15,28],[-3,19],[3,19],[2,14],[5,19],[6,29],[-3,31],[-6,19],[-16,21],[-21,21],[-31,28],[-15,12],[-15,31],[-10,31],[-6,24],[-17,63],[-17,55],[2,85],[3,24],[6,31],[-6,14],[-3,30],[-7,22],[-10,24],[-14,45],[-8,20],[-9,21],[-26,50],[-30,39],[-11,24],[0,23],[4,35],[-1,26],[-15,36],[-12,42],[-13,25],[-33,57],[-25,51],[-19,35],[-3,15],[-10,62],[-21,22],[-51,53],[-43,47],[-19,32],[-32,40],[-9,34],[-2,17],[5,24],[0,18],[-21,27],[-13,15],[-6,18],[-8,19],[-9,15],[-16,9],[-65,23],[-44,30],[-12,14],[-10,14],[-12,14],[-12,10],[-18,24],[-11,27],[-23,26],[-39,27],[-43,14],[-25,5],[-26,5],[-20,6],[-18,14],[-14,19],[-8,5],[-14,-8],[-18,-18],[-39,0],[-33,-13],[-32,-20],[-47,-19],[-38,-16],[-26,-26],[-43,-37],[-31,-23],[-64,-36],[-50,-20],[-58,-19],[-46,-21],[-39,-46],[-37,-34],[-26,-24],[-31,-21],[-53,3],[-60,10],[-30,9],[-35,10],[-13,0],[-29,7],[-67,10],[-35,3],[-18,4],[-21,7],[-10,0],[-15,-2],[-12,-4],[-11,-3],[-14,-3],[-10,-7],[-33,-43],[-33,-39],[-36,-27],[-17,-11],[-50,-25],[-20,-14],[-32,-29],[-27,-35],[-46,-56],[-13,-11],[-9,-5],[-28,-6],[-25,-5],[-29,6],[-20,6],[-10,3],[-20,11],[-85,54],[-74,56],[-44,27],[-38,12],[-43,18],[-52,19],[-72,8],[-42,-5],[-50,-3],[-60,-4],[-52,-8],[-51,-3],[-42,2],[-22,2],[-30,6],[-26,6],[-31,8],[-19,7],[-17,10],[-6,6],[-6,-3],[-6,-5],[-7,-1],[-8,8],[0,11],[3,11],[2,10],[-1,7],[-7,8],[-5,6],[-2,5],[-5,4],[-10,6],[-9,3],[-8,0],[-5,-7],[-4,-11],[-6,-8],[-9,-4],[-13,9],[-8,13],[-10,4],[-13,-6],[-15,-7],[-9,5],[-9,17],[-1,15],[-1,15],[3,21],[8,19],[2,11],[-2,8],[-5,5],[-7,0],[-7,-1],[-1,8],[0,9],[0,4],[7,25],[3,16],[5,11],[17,6],[17,0],[20,2],[4,3],[-1,4],[0,5],[3,4],[4,0],[9,-3],[12,-3],[11,1],[3,5],[1,10],[-3,5],[-8,5],[0,4],[0,4],[8,5],[6,3],[-4,7],[-8,7],[-4,10],[-4,11],[-8,9],[-19,23],[-18,12],[-22,-3],[-8,-8],[-16,-3],[-10,5],[-9,-6],[-9,-6],[-13,-12],[-13,-19],[-9,-10],[-18,-8],[-31,-15],[-19,-9],[-24,-3],[-16,-4],[-9,-7],[-8,-6],[-9,-1],[-41,-15],[-33,-13],[-50,-16],[-49,-15],[-22,-8],[-51,-16],[-53,-14],[-34,-5],[-41,0],[-24,6],[-25,13],[-18,13],[-5,37],[-20,43],[-36,44],[-20,47],[-16,31],[-23,24],[-18,12],[-22,10],[-19,14],[-12,15],[-10,22],[-3,17],[-3,26],[-8,28],[-4,17],[2,14],[3,10],[18,10],[39,19],[23,8],[34,24],[25,8],[33,9],[20,12],[25,18],[17,17],[11,17],[10,19],[8,17],[8,14],[40,46],[23,23],[11,23],[12,32],[5,9],[30,49],[19,35],[21,36],[23,14],[19,19],[19,31],[18,30],[19,29],[15,18],[19,13],[28,17],[12,11],[17,8],[14,1],[16,-6],[10,-3],[7,9],[25,52],[24,47],[49,89],[26,42],[26,32],[12,14],[16,20],[9,-8],[8,-10],[28,-29],[11,-10],[3,0],[35,15],[11,6],[13,5],[13,8],[2,-1],[2,1],[72,40],[49,31],[65,37],[143,64],[11,5],[25,10],[6,3],[1,3],[-2,3],[-15,9],[-5,6],[-1,3],[1,4],[6,6],[5,2],[5,0],[3,-1],[5,-4],[6,1],[5,3],[10,9],[12,12],[10,5],[4,-1],[8,-6],[7,0],[10,-7],[3,1],[2,3],[-1,4],[-2,4],[0,2],[-5,10],[-6,11],[-3,7],[-2,12],[-3,6],[-8,9],[-12,9],[-5,6],[-3,9],[-4,6],[-11,12],[-4,8],[-1,5],[-1,13],[-1,8],[-4,5],[-6,3],[-6,6],[-8,16],[-2,10],[0,16],[2,11],[4,14],[4,7],[19,19],[12,16],[14,21],[12,14],[3,7],[3,13],[3,8],[5,6],[11,6],[10,2],[36,-1],[2,1],[6,4],[5,11],[4,6],[8,5],[13,6],[3,6],[1,22],[2,10],[4,9],[4,5],[28,23],[27,30],[12,7],[22,20],[7,9],[5,13],[7,21],[4,10],[1,9],[2,3],[5,7],[18,18],[8,11],[21,34],[5,6],[11,8],[20,11],[8,6],[6,6],[9,12],[2,13],[16,15],[12,14],[2,5],[4,6],[12,22],[29,45],[8,8],[43,32],[14,13],[10,15],[16,32],[4,5],[19,18],[4,10],[1,2],[3,2],[16,26],[12,16],[6,14],[14,47],[11,25],[13,21],[17,27],[16,22],[31,33],[9,11],[12,18],[12,22],[20,27],[15,16],[17,11],[9,6],[16,7],[9,5],[23,22],[19,22],[25,19],[16,16],[4,7],[14,15],[10,14],[10,15],[16,18],[7,6],[20,13],[11,10],[16,16],[7,10],[7,17],[4,10],[10,15],[5,13],[6,10],[16,39],[23,111],[6,20],[7,10],[11,12],[14,19],[22,21],[6,8],[2,4],[9,31],[11,23],[6,16],[1,8],[0,9],[-2,9],[-3,8],[-12,21],[-34,47],[-1,3],[5,5],[7,2],[36,8],[25,8],[37,9],[19,5],[22,7],[38,13],[75,31],[32,17],[33,14],[13,7],[44,28],[13,8],[44,39],[15,11],[19,13],[14,11],[5,8],[8,19],[11,17],[8,7],[24,17],[16,17],[13,15],[6,12],[7,6],[10,8],[9,3],[14,0],[15,-2],[5,-2],[8,-4],[3,-3],[11,-6],[4,-1],[3,0],[7,3],[5,4],[3,1],[10,9],[29,29],[9,11],[24,23],[20,25],[13,21],[17,36],[8,23],[8,29],[29,74],[12,29],[20,61],[4,5],[4,10],[5,18],[2,3],[6,5],[6,5],[9,12],[22,26],[45,49],[50,59],[24,27],[26,25],[46,56],[25,29],[39,48],[21,30],[23,29],[17,20],[12,15],[5,7],[9,10],[9,11],[8,14],[7,15],[6,10],[19,13],[34,21],[35,15],[21,8],[27,6],[68,9],[8,5],[12,2],[25,2],[21,0],[17,-4],[37,-17],[21,-8],[27,-4],[10,-1],[23,-8],[8,-4],[13,-1],[8,0],[6,1],[16,6],[10,4],[6,7],[3,5],[4,3],[13,4],[8,7],[2,6],[2,19],[1,34],[1,7],[7,23],[3,10],[1,2],[36,-51],[15,-19],[8,-7],[6,-4],[6,-1],[17,-5],[9,1],[13,7],[9,7],[25,14],[11,9],[5,3],[10,9],[4,2],[3,3],[16,12],[25,14],[22,11],[10,6],[1,0],[6,7],[4,4],[8,3],[10,1],[23,-1],[11,1],[14,0],[13,-4],[9,-4],[10,0],[59,-26],[38,-23],[3,0],[3,2],[3,3],[9,24],[24,51],[21,70],[11,30],[5,23],[19,36],[3,4],[5,3],[19,-5],[7,1],[9,5],[5,4],[12,18],[5,10],[16,28],[19,32],[20,29],[7,13],[15,19],[12,18],[20,27],[7,15],[5,9],[5,16],[2,12],[-1,20],[-5,15],[-4,5],[-16,12],[-6,9],[-4,10],[-5,22],[-2,12],[-4,11],[-2,10],[-3,10],[-3,12],[-5,17],[-4,9],[-6,12],[-1,5],[-4,9],[-4,14],[-3,6],[-1,5],[-17,46],[-7,20],[-3,15],[0,14],[-2,15],[-2,18],[0,42],[-2,18],[3,22],[4,19],[1,23],[-1,11],[0,6],[4,11],[2,9],[1,4],[4,4],[5,10],[3,1],[5,6],[7,6],[8,8],[11,15],[12,21],[18,36],[8,19],[7,10],[23,40],[14,19],[4,3],[25,39],[12,31],[14,33],[2,21],[7,40],[-1,29],[0,1],[-3,22],[-3,6],[-4,13],[-10,22],[-11,15],[-5,9],[-3,8],[-7,21],[-5,19],[-14,37],[-7,26],[-6,15],[-8,12],[-20,21],[-15,17],[-17,23],[-11,19],[-2,5],[-1,16],[1,35],[-3,12],[-5,10],[-4,4],[-11,3],[-16,7],[-9,3],[-21,5],[-8,3],[-12,9],[-38,33],[-6,2],[-34,5],[-9,5],[-4,3],[-5,11],[-3,22],[-2,6],[-4,21],[-2,4],[-10,13],[-9,8],[-10,6],[-3,4],[-2,5],[-3,22],[0,3],[-1,2],[-5,11],[-14,40],[-7,15],[-7,10],[-23,19],[-18,18],[-8,23],[-1,8],[-10,35],[-6,22],[-8,19],[-5,15],[-3,26],[-2,26],[-2,14],[-10,31],[-13,31],[-9,28],[-4,7],[-2,7],[-8,35],[-10,31],[-7,33],[-9,20],[-5,11],[-3,6],[-5,9],[-6,13],[-2,3],[-8,16],[-10,14],[-12,14],[-20,30],[-19,28],[-19,27],[-6,7],[-6,5],[-21,12],[-6,13],[-12,19],[-8,9],[-26,21],[-17,16],[-13,14],[-15,12],[-15,9],[-16,11],[-7,8],[-25,33],[-28,46],[-13,30],[-5,19],[-3,7],[-2,13],[-6,26],[-1,26],[-3,16],[-5,18],[-23,68],[-7,15],[-25,28],[-11,15],[-10,22],[-13,21],[-8,9],[-17,17],[-21,12],[-2,2],[-14,7],[-14,9],[-24,15],[-6,5],[-21,14],[-19,12],[-22,13],[-22,10],[-8,2],[-12,5],[-21,3],[-8,1],[-40,-4],[-11,-3],[-17,-3],[-52,-22],[-10,-3],[-5,0],[-10,3],[-9,4],[-3,3],[-18,9],[-4,4],[-13,4],[-15,1],[-14,2],[-14,3],[-39,11],[-13,1],[-19,3],[-11,0],[-15,-3],[-15,-4],[-8,-1],[-22,-7],[-11,-2],[-8,-1],[-16,0],[-24,-4],[-9,-3],[-12,-6],[-19,-5],[-6,-4],[-8,-3],[-2,-3],[-9,3],[-8,1],[-12,2],[-35,9],[-31,12],[-47,29],[-4,5],[-6,3],[-12,10],[-23,17],[-10,8],[-29,12],[-17,4],[-13,0],[-11,7],[-13,12],[-6,5],[-18,10],[-7,2],[-1,2],[-3,-2],[-6,1],[-8,-2],[-21,-3],[-12,0],[-10,2],[-21,5],[-23,1],[-16,-3],[-15,-4],[-14,-2],[-21,-6],[-56,-24],[-70,-33],[-3,0],[-7,3],[-17,11],[-24,19],[-20,21],[-38,48],[-22,30],[-20,24],[-23,32],[-12,19],[-17,27],[-12,27],[-1,5],[2,4],[23,22],[9,16],[9,9],[19,36],[4,6],[6,13],[14,47],[2,17],[4,14],[5,43],[3,35],[-2,11],[-4,10],[-2,2],[-5,3],[-12,2],[-12,4],[-36,10],[-15,11],[-24,32],[-6,12],[-15,24],[-4,10],[-9,18],[-5,13],[-23,39],[-5,11],[-2,14],[-11,45],[-4,4],[-11,4],[-21,11],[-10,6],[-7,7],[-9,13],[-11,13],[-7,12],[-5,5],[-14,21],[-18,32],[-15,32],[-16,20],[-22,19],[-13,12],[-21,16],[-10,14],[-18,22],[-25,42],[-10,29],[-5,22],[4,26],[-8,29],[5,15],[10,19],[17,27],[25,24],[-8,105],[-19,21],[-16,14],[-28,28],[-15,18],[-21,29],[-38,63],[-20,21],[-11,9],[-37,31],[-14,13],[-94,75],[-20,22],[-69,72],[-65,62],[-66,33],[-22,35],[-31,49],[-15,39],[-59,93],[-30,53],[-3,22],[1,46],[-20,-4],[-30,46],[-52,85],[-12,31],[-4,6],[-8,12],[-2,2],[-18,21],[-12,20],[-22,45],[-11,27],[-12,23],[-25,32],[-11,9],[-5,2],[-16,11],[-17,16],[-9,11],[-14,22],[-17,29],[-10,19],[-9,19],[-8,22],[-6,22],[-5,25],[0,3],[-10,43],[-8,25],[-9,17],[-12,29],[-14,31],[-20,54],[-22,46],[-24,55],[-9,25],[-49,119],[-8,29],[-5,21],[-1,54],[-109,-5],[-31,3],[-38,14],[-65,12],[-18,0],[-34,-15],[-19,-13],[-48,-26],[-24,13],[-78,66],[-30,31],[-1,40],[0,40],[-21,104],[-11,52],[-206,634],[-5,15],[-3,10],[-1,3],[2,7],[7,13],[17,26],[10,20],[23,31],[12,13],[26,25],[13,16],[10,9],[6,7],[19,14],[1,6],[-2,7],[0,5],[-3,10],[-2,21],[-1,4],[-9,36],[-9,47],[2,65],[6,37],[2,4],[-1,19],[-5,27],[-1,14],[-6,15],[-9,13],[-19,14],[-8,10],[-6,11],[-5,4],[-12,8],[-25,12],[-23,9],[-15,5],[-10,5],[-22,10],[-14,4],[-11,5],[-13,10],[-15,10],[-14,14],[-10,16],[-9,13],[-55,64],[-24,37],[-7,6],[-7,4],[-5,1],[-15,1],[-20,1],[-63,10],[-17,5],[-35,11],[-52,12],[-24,2],[-29,1],[-11,3],[-25,16],[-11,4],[-14,1],[-20,-5],[-6,-3],[-8,-2],[-13,-2],[-17,-1],[-38,21],[-8,2],[-14,2],[-8,0],[-23,-1],[-16,-3],[-20,-5],[-30,-1],[-7,1],[-5,1],[-6,2],[-31,16],[-20,5],[-50,-1],[-25,-3],[-19,0],[-16,0],[-20,5],[-67,-22],[-57,-5],[-12,-5],[-10,5],[-43,22],[-1,12],[9,15],[-9,37],[-5,16],[-4,22],[-2,16],[0,12],[3,21],[10,41],[2,22],[3,13],[4,14],[6,8],[11,20],[1,5],[1,6],[-3,12],[-1,15],[-4,20],[-3,24],[-5,18],[-7,12],[-15,18],[-30,44],[-31,38],[0,0],[-20,26],[-4,6],[-12,25],[-13,14],[-14,12],[-11,12],[-43,54],[-13,11],[-8,3],[-10,1],[-3,-1],[-7,4],[-15,24],[-6,6],[-9,8],[-15,9],[-36,16],[-5,4],[-15,8],[-9,6],[-6,6],[-3,3],[-3,6],[-5,7],[-5,6],[-7,6],[-4,2],[-9,4],[-7,6],[-21,12],[-2,0],[-6,3],[-3,0],[-4,2],[-22,6],[-20,7],[-15,3],[-21,-1],[-8,-2],[-8,-1],[-15,-6],[-30,-5],[-6,0],[-8,2],[-17,2],[-19,0],[-35,7],[-23,7],[-28,10],[-13,4],[-16,7],[-18,6],[-30,13],[-11,7],[-4,3],[-9,7],[-37,15],[-8,6],[-18,9],[-12,8],[-15,5],[-24,12],[-8,1],[-6,-2],[-9,-4],[-8,-3],[-12,-7],[-12,-4],[-16,-8],[-7,-1],[-6,1],[-12,0],[-14,4],[-22,14],[-21,16],[-10,4],[-18,6],[-16,0],[-8,0],[-18,-4],[-5,-2],[-4,-3],[-11,-6],[-14,-12],[-10,-12],[-8,-7],[-22,-16],[-11,-3],[-28,-7],[-32,-2],[-15,0],[-16,2],[0,0],[-20,1],[-15,-1],[-26,-3],[-17,-5],[-51,-18],[-24,-13],[-12,-8],[-14,-19],[-16,-30],[-16,-26],[-6,-7],[-5,-4],[-8,-10],[-11,-6],[-10,-6],[-14,-11],[-10,-6],[-9,-3],[-11,-2],[-6,0],[-5,1],[-22,1],[-22,5],[-11,6],[-14,6],[-4,3],[-5,8],[-4,3],[-16,5],[-21,2],[-11,5],[-15,11],[-5,10],[-4,11],[-11,23],[-5,13],[-3,6],[-8,5],[-14,5],[-9,5],[-9,11],[-9,19],[-3,14],[-3,20],[0,13],[2,14],[-7,24],[-6,15],[-4,14],[-1,26],[-3,19],[-10,42],[-11,68],[-1,15],[-2,7],[-1,29],[1,25],[-1,11],[0,26],[0,18],[0,6],[4,18],[0,5],[3,8],[3,7],[16,13],[6,7],[5,7],[4,8],[14,16],[18,24],[7,17],[6,8],[13,25],[5,9],[10,13],[20,36],[5,13],[5,9],[9,19],[10,26],[4,6],[15,32],[1,5],[12,22],[4,12],[0,7],[-1,4],[-8,15],[-10,23],[-21,34],[-7,13],[-7,19],[-11,16],[-15,16],[-13,16],[-13,21],[-22,32],[0,0],[-9,16],[-10,15],[-56,80],[-23,29],[-12,18],[0,0],[-7,12],[-4,8],[-4,21],[-12,16],[-8,9],[-12,13],[-14,11],[-9,6],[-17,5],[-20,3],[-17,6],[-13,7],[-7,5],[-5,6],[-3,5],[-4,12],[-7,29],[-8,46],[-3,4],[-3,2],[-4,5],[-12,16],[-7,5],[-8,3],[-7,4],[-3,3],[-1,2],[-1,8],[0,13],[-2,9],[-7,16],[0,10],[1,7],[3,9],[4,16],[4,14],[3,17],[4,14],[-1,2],[2,9],[0,16],[0,11],[-1,9],[-1,12],[-2,14],[-9,29],[-11,25],[-7,10],[-1,4],[-9,15],[-3,7],[-9,22],[-7,23],[-4,11],[-4,6],[-18,25],[-6,6],[-16,12],[-19,10],[-5,1],[-7,5],[-12,15],[-2,8],[2,11],[0,9],[-3,17],[-7,16],[-10,17],[-5,6],[-3,2],[-1,4],[-15,23],[-8,20],[-3,7],[-15,25],[-1,2],[-7,10],[-9,17],[-12,18],[-8,10],[-7,10],[-8,9],[-9,10],[-5,-3],[-4,5],[-12,22],[-6,5],[-5,10],[-5,5],[-4,11],[-2,7],[-30,68],[-12,22],[-27,43],[-4,5],[-7,6],[-5,8],[-10,20],[-4,12],[1,14],[7,14],[7,23],[1,7],[-1,15],[1,5],[4,6],[1,5],[2,25],[3,6],[4,7],[10,10],[9,13],[5,14],[1,12],[3,12],[9,13],[5,12],[6,6],[11,10],[8,13],[5,7],[15,11],[7,8],[4,3],[5,1],[5,0],[5,5],[5,3],[3,2],[1,0],[9,9],[5,7],[5,13],[4,10],[1,9],[4,10],[11,23],[14,17],[20,15],[6,3],[3,4],[3,6],[5,21],[-11,12],[-7,5],[-5,2],[-10,6],[-11,9],[-5,6],[-4,10],[-6,30],[-6,15],[-7,17],[-1,8],[-1,9],[0,32],[4,33],[2,8],[1,10],[5,23],[4,30],[5,30],[11,32],[5,18],[10,23],[7,23],[7,16],[16,46],[6,23],[32,80],[4,12],[4,7],[1,5],[2,1],[7,20],[6,18],[0,2],[9,24],[1,4],[12,39],[1,3],[6,22],[3,18],[0,0],[4,26],[5,48],[3,22],[7,25],[7,16],[12,20],[16,21],[4,6],[2,5],[2,0],[2,5],[4,10],[12,19],[19,22],[3,2],[29,40],[13,28],[11,17],[10,24],[2,8],[0,28],[2,18],[7,24],[5,12],[11,24],[12,17],[11,13],[24,25],[18,28],[18,33],[22,48],[14,28],[2,7],[0,8],[-1,8],[-1,11],[-4,13],[-4,10],[-10,16],[-38,39],[-10,13],[-1,4],[-4,30],[-1,24],[1,12],[0,14],[4,39],[0,18],[-4,24],[-7,19],[-9,17],[-5,7],[-17,20],[-6,6],[-9,12],[-16,15],[-8,13],[-3,7],[0,4],[1,6],[6,12],[6,10],[6,8],[9,10],[12,10],[18,11],[18,14],[20,11],[5,5],[6,6],[20,27],[21,26],[7,7],[7,8],[17,16],[9,5],[17,14],[12,8],[11,4],[17,4],[18,8],[13,9],[23,18],[7,3],[10,1],[12,-1],[6,1],[8,3],[6,3],[6,4],[1,3],[1,10],[-1,4],[-3,6],[0,15],[3,17],[4,13],[5,34],[2,4],[1,11],[6,20],[2,10],[6,20],[9,23],[8,17],[3,9],[2,9],[4,24],[0,9],[-7,15],[-3,10],[-4,22],[-6,22],[-3,20],[0,23],[-2,11],[1,7],[1,3],[2,12],[5,12],[1,4],[7,14],[13,13],[21,13],[10,4],[18,3],[13,5],[80,18],[12,2],[2,-1],[36,6],[9,0],[46,8],[7,0],[6,2],[13,3],[30,3],[1,1],[24,4],[6,0],[27,3],[5,2],[22,3],[44,9],[17,2],[29,1],[22,4],[22,1],[16,5],[13,2],[11,2],[21,2],[41,-2],[11,3],[20,13],[3,3],[3,6],[-1,4],[-3,3],[-3,1],[-3,-1],[-6,2],[-1,5],[-6,18],[-1,14],[-1,37],[-6,42],[-9,30],[-5,11],[-5,4],[-11,5],[-6,1],[-19,-3],[-15,-11],[-10,-5],[-22,-14],[-34,-27],[-14,-10],[-10,-3],[-5,-2],[-11,-2],[-6,3],[-10,7],[-6,11],[-3,12],[-2,13],[-2,9],[-11,27],[-7,21],[-4,19],[-5,13],[-12,38],[-3,6],[-3,14],[-4,27],[-5,13],[-11,17],[-5,10],[-10,21],[-4,11],[-12,47],[0,19],[3,15],[5,18],[21,54],[6,49],[6,38],[13,47],[1,14],[0,13],[-3,23],[0,6],[-4,23],[-5,14],[-12,25],[-10,23],[-7,28],[-5,37],[0,10],[1,9],[0,23],[-5,27],[-5,14],[-6,12],[-9,8],[-6,3],[-20,13],[-38,37],[-20,11],[-9,7],[-14,15],[-18,23],[-16,26],[-21,21],[-11,19],[-9,12],[-7,7],[-9,5],[-8,2],[-29,0],[-33,9],[-12,10],[-7,9],[-8,15],[-6,14],[-4,8],[-10,9],[-12,9],[-14,5],[-7,1],[-5,-2],[-10,-4],[-8,-2],[-9,-5],[-6,-6],[-5,-7],[-8,-9],[-7,-5],[-14,-2],[-9,0],[-3,2],[-12,9],[-10,16],[-8,19],[-7,25],[-6,16],[-11,19],[-6,5],[-10,7],[-8,-1],[-10,-4],[-10,-5],[-8,-7],[-14,-14],[-15,-21],[-8,-7],[-4,-3],[-11,-3],[-17,1],[-12,3],[-13,5],[0,0],[-26,12],[-12,8],[-13,6],[-16,13],[-6,6],[-10,15],[-3,3],[-5,2],[-11,4],[-9,1],[-11,3],[0,0],[-7,3],[-4,2],[-9,2],[-6,3],[-13,8],[-7,5],[-9,10],[-5,7],[-4,11],[-5,8],[-7,8],[-12,3],[-2,0],[-20,5],[-5,0],[-15,5],[-2,2],[-8,1],[-31,15],[-5,5],[-18,11],[-13,5],[-39,13],[-43,4],[-14,-1],[-9,-1],[-1,-2],[-3,0],[-4,-3],[-6,-6],[-2,-7],[-6,-9],[-4,-5],[-1,-1],[-8,-10],[-15,-11],[-10,-6],[-15,-5],[-25,-2],[-16,3],[-16,0],[-9,2],[-31,16],[-18,16],[-13,13],[-15,19],[-8,11],[-3,7],[-11,13],[-14,22],[-6,9],[-6,14],[-14,34],[-5,10],[-23,34],[-18,24],[-19,30],[-30,46],[-11,19],[-11,24],[-12,35],[-2,8],[-2,17],[3,28],[2,11],[-1,23],[4,26],[0,7],[-2,12],[-4,9],[-10,17],[-9,12],[-12,11],[-9,7],[-21,10],[-18,3],[-15,-1],[-21,4],[-21,6],[-8,2],[-44,17],[-12,5],[-9,5],[-13,9],[-15,14],[-30,14],[-9,8],[-7,3],[-15,-1],[-6,1],[-9,-3],[-14,-6],[-17,-6],[-13,-3],[-9,0],[-22,3],[-16,6],[-11,3],[-19,10],[-37,16],[-11,2],[-4,0],[-7,3],[-3,-1],[-5,4],[-10,8],[-6,2],[-11,1],[-18,-1],[-34,-4],[-24,-5],[-34,-4],[-11,0],[-37,7],[-23,14],[-14,12],[-5,6],[-17,31],[-4,14],[-3,13],[-7,43],[-6,26],[-7,21],[-1,7],[0,6],[5,22],[8,21],[1,6],[0,7],[-3,9],[-10,20],[-8,12],[-24,32],[-9,15],[-8,20],[-4,20],[-4,31],[0,12],[1,15],[3,14],[7,16],[11,16],[8,14],[9,11],[10,15],[1,4],[1,13],[-2,9],[-4,7],[-6,7],[-18,15],[-6,7],[-8,11],[-6,12],[-4,13],[-3,19],[-6,19],[-2,10],[0,7],[5,18],[4,18],[6,34],[1,10],[-1,9],[-2,9],[-3,6],[-14,18],[-3,7],[-2,12],[-6,54],[-6,33],[-7,14],[-2,7],[-1,9],[-1,22],[-2,5],[-5,23],[-9,21],[-7,14],[-12,31],[-6,22],[-3,29],[0,15],[2,9],[3,5],[11,13],[4,2],[19,18],[4,7],[2,7],[1,8],[-4,17],[-2,5],[-5,9],[-2,7],[-2,20],[-7,27],[-1,10],[1,7],[4,8],[12,7],[5,2],[4,4],[7,12],[2,8],[3,4],[0,4],[5,4],[3,5],[10,7],[3,5],[1,2],[-5,9],[-1,4],[8,14],[6,26],[1,11],[-7,22],[-4,17],[0,21],[2,11],[4,7],[7,8],[5,1],[15,3],[14,6],[10,10],[2,6],[0,11],[-1,1],[-3,24],[-1,20],[-3,31],[0,23],[3,12],[6,23],[2,16],[1,27],[3,37],[-1,31],[-2,28],[-2,10],[-1,28],[1,8],[6,13],[7,11],[13,15],[8,7],[32,15],[12,7],[13,1],[7,3],[5,3],[8,6],[9,9],[11,16],[10,15],[6,7],[22,15],[39,22],[5,3],[17,10],[16,15],[17,26],[8,8],[11,6],[11,4],[12,8],[19,8],[16,9],[19,8],[6,5],[5,6],[4,8],[2,9],[-1,14],[-4,7],[-3,3],[-6,2],[-6,4],[-5,4],[-2,5],[-5,13],[-2,8],[-8,19],[-4,16],[-2,4],[0,5],[-6,28],[-2,21],[2,6],[-5,17],[-4,30],[0,19],[-1,14],[-1,12],[-2,27],[-2,9],[0,5],[-1,8],[0,14],[1,17],[3,18],[6,16],[5,18],[6,12],[15,21],[4,7],[26,40],[23,31],[20,33],[16,30],[14,34],[5,19],[13,42],[6,24],[19,65],[0,0],[16,53],[6,27],[3,15],[0,18],[-3,23],[-1,29],[-2,15],[0,24],[2,9],[15,52],[8,24],[6,13],[17,29],[9,17],[5,13],[6,20],[3,15],[0,6],[-1,8],[-3,8],[-3,14],[-1,11],[2,13],[5,15],[4,21],[2,11],[2,3],[4,23],[1,3],[3,19],[0,11],[2,14],[4,13],[5,10],[2,8],[0,28],[-1,11],[2,51],[-3,43],[-4,14],[1,7],[-9,24],[-11,42],[-17,45],[-13,56],[-6,37],[-9,39],[-5,19],[-7,37],[-6,25],[-7,45],[-3,21],[-7,40],[0,4],[-8,40],[-2,19],[-2,13],[0,0],[-8,55],[-3,10],[-3,30],[-14,84],[0,0],[-4,28],[-1,18],[0,32],[2,49],[-2,23],[-2,9],[-1,12],[-2,5],[0,14],[1,15],[2,10],[1,20],[1,3],[0,17],[8,29],[3,8],[11,23],[9,15],[5,12],[3,9],[3,21],[4,13],[0,0],[15,46],[11,22],[0,7],[-5,31],[1,19],[1,16],[3,10],[3,22],[5,26],[5,30],[2,24],[2,7],[4,9],[4,21],[5,15],[4,27],[5,14],[4,20],[2,27],[0,10],[-4,19],[4,32],[6,23],[2,13],[0,24],[-3,22],[0,24],[-3,13],[-5,11],[-3,10],[-1,11],[-3,19],[0,8],[5,20],[15,27],[14,16],[12,16],[4,8],[6,12],[-1,9],[-3,10],[-7,16],[-6,8],[-5,10],[-4,13],[-1,8],[1,16],[4,14],[2,19],[12,48],[3,7],[6,6],[36,24],[16,14],[7,7],[7,11],[10,12],[8,16],[8,19],[6,29],[1,18],[-1,14],[0,30],[-1,17],[-5,15],[-6,12],[-6,10],[-7,7],[-10,9],[-15,12],[-13,14],[-7,5],[-5,3],[-10,8],[-15,8],[-13,4],[-6,5],[-7,8],[-2,7],[-6,26],[-4,7],[-6,8],[-10,4],[-4,3],[-6,8],[-2,6],[-2,8],[-3,25],[-4,15],[-7,16],[-13,17],[-8,14],[-8,27],[0,3],[-3,16],[-4,35],[-4,24],[0,0],[-4,23],[-7,25],[-4,15],[-2,14],[0,32],[0,14],[0,0],[0,31],[1,18],[2,8],[5,12],[12,15],[27,22],[5,5],[5,9],[3,3],[4,7],[8,19],[6,23],[0,5],[2,9],[1,15],[1,41],[-2,6],[-6,9],[-5,9],[-8,20],[0,17],[5,19],[6,12],[6,9],[19,17],[9,11],[15,11],[8,8],[7,18],[3,14],[6,26],[1,13],[5,17],[4,8],[8,13],[10,15],[9,9],[11,16],[3,6],[2,9],[13,18],[3,5],[2,6],[0,7],[-4,10],[-19,21],[-10,17],[-6,18],[-2,12],[-1,11],[0,48],[2,6],[4,5],[6,6],[4,2],[8,9],[3,4],[2,6],[0,7],[-2,7],[-9,17],[-4,4],[-12,12],[-5,8],[-7,14],[-2,10],[0,14],[-1,6],[-6,16],[-5,11],[-5,17],[-1,11],[-5,18],[0,5],[3,9],[6,14],[12,19],[7,17],[0,4],[-1,12],[-5,14],[-9,15],[-7,16],[-2,9],[-2,20],[-3,11],[-2,18],[-1,7],[-4,23],[-4,15],[-5,13],[-4,10],[-15,31],[-17,27],[-10,12],[-2,6],[-1,16],[2,14],[8,27],[4,21],[4,25],[-1,12],[-3,6],[-37,49],[-4,7],[-5,6],[-13,10],[-16,18],[-15,12],[-19,22],[-7,6],[-11,7],[-8,8],[-11,19],[-2,10],[-4,11],[-8,11],[0,15],[4,30],[3,12],[5,8],[2,0],[2,2],[1,1],[5,4],[3,2],[9,-1],[9,-4],[7,-2],[9,4],[16,19],[17,26],[4,8],[10,14],[11,12],[7,10],[5,3],[14,11],[2,5],[0,2],[-6,5],[-8,4],[-13,4],[-23,5],[-15,8],[-9,7],[-10,10],[-11,10],[-2,2],[-4,3],[-9,9],[-13,19],[-19,16],[-8,9],[-6,5],[-31,15],[-15,2],[-10,2],[-11,9],[-2,6],[-5,9],[-4,15],[-7,11],[-4,5],[-4,4],[-14,5],[-25,8],[-32,20],[-18,27],[-4,4],[-10,6],[-13,15],[-13,12],[-3,5],[-6,11],[-8,9],[-5,3],[-10,2],[-21,-5],[-6,5],[-6,14],[-1,14],[1,7],[4,6],[-1,8],[2,9],[2,6],[3,4],[3,4],[4,16],[1,6],[-1,6],[-3,10],[-2,3],[-15,17],[-12,10],[-6,6],[-4,8],[-7,22],[-6,8],[-6,3],[-26,6],[-27,17],[-15,14],[-18,19],[-19,25],[-31,55],[-10,14],[-4,5],[-11,5],[-25,7],[-13,8],[-7,6],[-8,6],[-6,3],[-11,4],[-4,3],[-10,3],[-12,13],[-11,4],[-10,7],[-11,17],[-18,21],[-18,26],[-5,12],[-2,9],[0,10],[6,14],[11,20],[3,12],[7,16],[1,5],[0,10],[-3,20],[-17,44],[-8,17],[-12,21],[-11,33],[-8,18],[-10,15],[-10,6],[-13,2],[-5,0],[-18,-3],[-25,-8],[-7,0],[-5,6],[-3,12],[-3,9],[-1,31],[3,21],[9,21],[5,18],[-1,7],[-1,5],[-7,6],[-7,17],[-2,3],[-2,0],[-5,-1],[-12,5],[-12,11],[-11,9],[-5,6],[-16,12],[-10,6],[-19,7],[-11,8],[-6,6],[-4,7],[-6,21],[-1,17],[2,7],[0,19],[-3,14],[-5,12],[-6,7],[-3,3],[-11,3],[-11,0],[-19,-3],[-7,0],[-20,-4],[-7,0],[-24,6],[-20,2],[-9,0],[-8,2],[-7,5],[-6,8],[-7,14],[-4,14],[-9,22],[-4,6],[-6,9],[-11,5],[-10,5],[-7,5],[-15,6],[-41,24],[-29,24],[-19,23],[-10,9],[-14,4],[-14,6],[-22,13],[-18,7],[-8,5],[-16,13],[-16,17],[-31,33],[-33,43],[-18,18],[-24,27],[-7,5],[-20,13],[-33,27],[-14,17],[-23,30],[-15,14],[-10,14],[-3,5],[-1,6],[-13,31],[-14,27],[-8,12],[-9,10],[-43,46],[-9,7],[-15,6],[-35,26],[-22,28],[-11,23],[-7,19],[-4,19],[2,18],[-2,8],[-4,7],[-10,12],[-3,5],[-2,6],[0,5],[-4,8],[-4,7],[-6,6],[-12,19],[-6,8],[-18,17],[-3,3],[-3,1],[-1,2],[-9,6],[-20,12],[-15,6],[-21,11],[-22,18],[-24,16],[-34,21],[-17,13],[-28,14],[-12,8],[-15,9],[-21,19],[-13,19],[-23,25],[-35,49],[-11,19],[-9,12],[-5,7],[-18,19],[-24,31],[-32,34],[-19,12],[-29,11],[-28,12],[-26,14],[-9,3],[-8,1],[-13,-3],[-8,1],[-6,3],[-4,6],[-3,7],[-3,25],[-1,7],[-3,5],[-5,7],[-14,18],[-7,11],[-5,10],[-5,8],[-10,10],[-18,10],[-21,7],[-13,1],[-14,0],[-11,-1],[-9,-4],[-7,-6],[-4,-1],[-7,1],[-3,2],[-6,7],[-2,3],[-3,9],[0,7],[-2,7],[0,11],[-1,4],[0,10],[-1,47],[-5,15],[-2,36],[-16,59],[-30,37],[-46,25],[-47,12],[-196,21],[-57,-22],[-16,-6],[-44,6],[-85,28],[-32,19],[-33,38],[-27,53],[-16,21],[-26,7],[-58,-10],[-21,-21],[-3,-3],[-8,-3],[-10,0],[-4,2],[-25,16],[-12,9],[-10,5],[-12,3],[-6,0],[-10,-5],[-15,-14],[-11,-12],[-14,-17],[-15,-12],[-9,-4],[-12,-3],[-36,-5],[-12,-1],[-9,1],[-13,-2],[-22,-9],[-30,-21],[-1,1],[0,-1],[-1,-1],[-20,-4],[-15,-1],[-12,2],[-6,3],[-4,3],[-11,18],[-10,16],[-10,9],[-8,7],[-28,18],[-34,24],[-31,29],[-10,8],[-16,8],[-3,0],[-9,-5],[-35,-23],[-15,-7],[-3,1],[-7,4],[-11,11],[-15,16],[-6,3],[-15,6],[-8,2],[-15,0],[-33,-6],[-6,0],[-11,3],[-26,10],[-8,3],[-6,1],[-10,0],[-11,-4],[-15,-9],[-18,-18],[-10,-12],[-5,-4],[-6,-10],[-9,-10],[-11,-9],[-12,-6],[-8,-2],[-11,-1],[-11,2],[-30,-1],[-26,3],[0,0],[-14,2],[-10,3],[-8,6],[-5,9],[-2,10],[-15,35],[-14,20],[-19,13],[-24,9],[-28,1],[-36,-2],[-39,2],[-34,1],[-27,15],[-17,9],[-31,33],[-23,18],[-85,61],[-3,4],[-13,29],[-8,19],[-11,19],[-20,24],[-10,10],[-9,5],[-13,6],[-9,2],[-1,1],[-10,4],[-6,4],[-7,7],[-4,5],[-4,18],[-4,8],[-4,7],[-6,6],[-13,7],[-11,4],[-37,20],[-10,9],[-13,18],[-3,7],[-2,2],[-1,14],[2,18],[2,10],[1,8],[1,1],[0,6],[-2,19],[-5,19],[-11,11],[-23,4],[-66,3],[-22,6],[-15,1],[-18,-3],[-13,0],[-13,6],[-19,11],[-9,9],[-10,4],[-28,-3],[-9,2],[-7,6],[-24,30],[-18,8],[-15,9],[-39,3],[-39,18],[-10,3],[-30,0],[-17,6],[-11,8],[-6,11],[-3,14],[0,2],[2,19],[1,3],[-1,7],[0,25],[0,7],[-1,20],[0,12],[-4,8],[-5,6],[-2,0],[-9,6],[-2,1],[-12,0],[-32,-8],[-28,-12],[-15,-2],[-12,4],[-7,9],[-2,8],[-2,6],[-4,50],[0,0],[-4,7],[-9,6],[-44,10],[-23,4],[-4,3],[-4,0],[-12,8],[-10,10],[-8,11],[-2,4],[-25,32],[-9,15],[-3,4],[-14,29],[-7,10],[-23,30],[-11,17],[-5,4],[-32,30],[-25,18],[-29,15],[-30,11],[-12,3],[-7,1],[-10,7],[-8,13],[-9,22],[-4,13],[-2,13],[-1,1],[-1,6],[0,20],[-4,27],[-3,12],[1,11],[-1,3],[-8,28],[-7,32],[-11,31],[-9,12],[-7,6],[-6,5],[-4,1],[-6,2],[-16,5],[-19,2],[-10,3],[-18,2],[-8,3],[-9,2],[-6,3],[-3,5],[-3,12],[-3,20],[-3,41],[-3,9],[-2,5],[0,4],[-6,10],[-14,16],[-12,21],[-15,16],[-14,20],[-2,4],[-19,31],[-5,12],[-9,15],[-2,5],[-2,1],[-7,15],[-2,7],[-11,28],[-12,54],[-3,25],[-1,3],[-1,18],[-5,18],[-2,19],[-3,13],[-3,28],[-4,39],[-3,24],[-4,14],[-9,16],[-3,5],[-5,5],[-5,3],[-11,2],[-15,6],[-13,9],[-8,6],[-7,9],[-19,33],[-17,21],[-7,13],[-18,38],[-6,18],[-17,33],[-10,20],[-4,10],[-16,28],[-13,28],[-9,16],[-3,8],[-6,33],[-2,51],[-2,10],[-3,9],[-8,15],[-6,5],[-16,11],[-5,6],[0,3],[3,15],[3,8],[3,3],[6,3],[2,3],[2,5],[0,8],[-3,9],[-12,14],[-5,9],[-1,5],[0,11],[1,5],[11,22],[4,14],[1,7],[0,6],[-2,9],[-3,10],[-5,9],[-2,6],[0,9],[4,13],[10,19],[8,22],[2,8],[1,21],[2,8],[5,8],[9,12],[4,10],[6,21],[2,7],[1,5],[7,27],[1,19],[2,10],[2,10],[17,58],[2,13],[-1,10],[-13,23],[-14,33],[-13,25],[-11,16],[-8,9],[-29,26],[-24,16],[-70,39],[-69,45],[-57,36],[-38,24],[-51,31],[-14,10],[-17,9],[-35,17],[-52,22],[-16,9],[-13,7],[-35,22],[-28,29],[-7,5],[-12,5],[-9,5],[-46,37],[-30,32],[-16,23],[-14,10],[-17,8],[-18,5],[-21,1],[-10,5],[-5,4],[-11,13],[-5,7],[-10,19],[-11,14],[-8,8],[-23,17],[-8,7],[-10,14],[-9,18],[-9,20],[-11,34],[-5,18],[-4,10],[-7,11],[-6,6],[-4,6],[-5,19],[-2,3],[-7,7],[-88,69],[-10,19],[-22,25],[-26,41],[-14,18],[-7,13],[-15,43],[-6,33],[1,44],[4,30],[2,49],[4,20],[7,59],[-2,15],[-9,38],[-13,28],[-19,26],[-11,12],[-35,29],[-30,18],[-74,55],[-27,30],[-18,26],[-50,87],[-18,26],[-20,36],[-26,32],[-37,40],[-32,50]],[[502032,685595],[25,0],[1661,20],[917,16],[1289,22],[122,-30],[502,-161],[403,-473],[152,-56],[53,-24],[174,28],[197,153],[299,237],[-18,63],[-9,44],[-1,19],[0,20],[5,21],[11,29],[17,31],[13,22],[18,31],[38,68],[50,79],[33,49],[43,53],[32,28],[17,19],[36,34],[30,28],[41,51],[49,46],[34,32],[21,25],[22,26],[21,40],[5,37],[-1,23],[20,66],[80,135],[12,21],[61,-21],[42,-12],[44,-12],[53,-10],[38,-9],[51,-8],[50,-16],[51,-9],[25,-10],[25,-13],[47,-25],[40,-14],[40,-10],[27,-8],[25,-13],[18,-14],[41,-33],[48,-43],[62,-60],[59,-54],[71,-56],[64,-60],[64,-54],[29,-17],[30,-14],[51,-6],[216,-6],[93,2],[61,8],[84,14],[82,17],[64,17],[70,23],[73,20],[27,7],[24,-2],[23,-3],[36,-19],[36,-24],[28,-21],[32,-35],[22,-28],[20,-23],[22,-24],[27,-34],[24,-36],[18,-35],[15,-29],[15,-44],[16,-41],[24,-58],[24,-59],[18,-31],[20,-21],[29,-23],[66,-36],[79,-27],[45,-13],[66,-10],[74,-13],[57,-6],[46,-11],[56,-25],[53,-30],[64,-35],[90,-53],[49,-32],[56,-29],[81,-40],[57,-21],[57,-14],[58,-11],[33,-4],[37,0],[30,6],[26,23],[34,35],[29,34],[32,47],[14,31],[14,42],[6,23],[1,27],[-5,21],[-12,18],[-20,56],[-12,42],[-5,41],[0,20],[5,22],[13,38],[27,80],[33,92],[21,86],[26,91],[16,70],[18,63],[15,29],[25,36],[25,26],[31,28],[38,31],[37,32],[25,26],[14,26],[17,34],[14,36],[10,39],[14,57],[11,35],[15,77],[15,63],[21,60],[20,41],[27,39],[35,51],[33,46],[60,75],[28,33],[19,36],[20,41],[40,73],[35,51],[23,35],[32,40],[43,51],[25,31],[22,35],[20,48],[10,20],[34,74],[53,112],[47,99],[30,47],[24,39],[29,43],[17,27],[34,31],[37,40],[20,32],[19,40],[20,45],[12,29],[17,56],[7,31],[9,46],[7,56],[0,22],[-6,27],[-11,36],[-8,41],[-7,40],[-4,24],[-1,20],[1,26],[6,24],[4,12],[65,-59],[377,-387],[315,-305],[136,-125],[90,-104],[109,-9],[121,20],[1004,677],[74,43],[162,95],[618,-44],[279,149],[322,406],[73,66],[395,75],[73,-5],[503,-11],[16,3],[68,73],[486,527],[950,201],[334,104],[50,16],[16,98],[21,70],[14,37],[14,40],[9,31],[10,36],[3,28],[0,19],[-6,38],[-5,29],[-11,56],[-5,38],[-3,39],[-2,35],[-2,45],[2,70],[7,86],[4,60],[-3,83],[0,56],[-3,46],[-3,38],[-11,80],[-24,91],[-13,67],[-13,56],[-6,35],[-8,40],[-1,30],[4,28],[13,41],[9,28],[9,19],[10,41],[5,25],[5,24],[9,45],[5,50],[4,59],[-1,60],[2,40],[-4,137],[-3,33],[4,35],[5,16],[7,20],[10,16],[20,21],[16,15],[18,18],[17,12],[20,18],[14,48],[412,454],[211,200],[32,42],[154,210],[238,317],[196,227],[56,227],[372,280],[131,301],[389,327],[431,248],[210,246],[157,212],[214,464],[12,21],[166,104],[123,-104],[252,-264],[101,-107],[205,9],[571,47],[462,155],[103,45],[95,115],[19,23],[82,118],[0,27],[25,90],[19,78],[302,523],[-72,1403],[-180,284],[-175,379],[299,255],[844,607],[-71,270],[1,27],[-3,10],[1,6],[4,2],[82,14],[80,19],[28,11],[17,12],[18,13],[15,17],[10,19],[7,16],[7,20],[14,34],[15,43],[15,56],[21,65],[13,57],[6,31],[5,48],[5,46],[4,38],[2,19],[1,71],[6,54],[9,30],[12,37],[11,31],[9,34],[4,32],[-2,40],[-4,39],[-7,48],[-8,35],[-15,60],[-25,79],[-10,34],[-6,18],[-4,24],[-1,35],[-2,26],[2,57],[0,22],[1,23],[-2,34],[-3,38],[0,38],[1,41],[6,45],[7,29],[8,22],[9,16],[9,11],[10,12],[13,8],[13,2],[14,-2],[15,-5],[13,-4],[18,-1],[21,5],[16,10],[24,23],[22,26],[37,53],[31,39],[25,39],[14,20],[18,34],[16,47],[11,32],[10,41],[9,24],[12,21],[17,15],[40,15],[58,6],[38,1],[27,2],[27,-5],[25,-10],[27,-3],[84,-2],[37,5],[35,12],[49,21],[39,23],[46,33],[37,29],[40,34],[26,31],[14,17],[11,21],[11,24],[11,26],[15,35],[13,32],[15,30],[12,25],[11,21],[14,22],[23,42],[14,27],[17,25],[12,18],[15,16],[14,15],[15,15],[23,20],[22,17],[39,25],[51,31],[18,16],[17,14],[2,2],[47,57],[38,20],[27,11],[28,6],[25,1],[30,-3],[34,0],[18,1],[15,4],[18,16],[21,27],[16,44],[9,72],[8,62],[3,41],[10,46],[22,61],[7,16],[5,16],[5,10],[24,34],[31,42],[34,55],[39,66],[46,66],[44,65],[39,56],[37,61],[47,51],[42,22],[100,21],[42,26],[26,38],[12,37],[-1,35],[-35,96],[-36,88],[-14,64],[2,53],[16,61],[16,73],[0,2],[0,9],[0,2],[-2,32],[-1,6],[-1,6],[-3,11],[-2,11],[-21,41],[-29,28],[-29,28],[-39,47],[-21,47],[-8,132],[-15,80],[-4,58],[7,40],[9,19],[10,19],[26,39],[27,45],[43,107],[19,27],[12,43],[-2,51],[-24,99],[-25,108],[3,39],[13,33],[38,49],[57,42],[44,24],[38,10],[21,1],[30,-3],[48,-11],[45,-7],[28,3],[13,7],[8,10],[9,21],[6,69],[5,66],[5,35],[10,24],[21,31],[70,101],[68,151],[64,32],[194,103],[1107,582],[267,102],[13,438],[-2,85],[28,1326],[271,523],[-251,1099],[-97,211],[60,365],[255,-52],[120,372],[407,1264],[74,103],[419,206],[404,174],[103,102],[364,-130],[287,-330],[294,251],[455,65],[140,-103],[202,-332],[345,-83],[447,306],[186,0],[185,-65],[164,-216],[255,42],[631,527],[619,513],[308,251],[185,153],[350,281],[861,691],[564,478],[342,290],[30,25],[86,101],[40,46],[34,41],[139,105],[119,91],[78,60],[16,11],[4,3],[10,0],[108,-9],[379,-32],[196,-16],[269,-19],[189,-14],[120,-8],[337,-24],[160,24],[369,55],[39,-29],[30,-13],[42,-12],[42,-14],[50,-6],[45,2],[38,2],[31,0],[27,2],[25,8],[32,17],[38,19],[47,20],[34,5],[40,-6],[40,-12],[30,-8],[24,-5],[23,-1],[30,6],[40,11],[45,18],[34,6],[22,4],[19,1],[20,-5],[33,-8],[41,-5],[31,1],[46,11],[29,8],[21,5],[23,0],[31,1],[39,9],[39,13],[39,22],[29,27],[28,17],[27,6],[28,8],[23,14],[29,27],[21,14],[37,13],[47,10],[89,21],[18,13],[11,14],[4,17],[6,19],[10,16],[11,8],[9,5],[11,3],[16,1],[42,-1],[30,2],[32,4],[25,1],[36,2],[48,-3],[27,-3],[44,24],[51,30],[419,55],[419,54],[1274,208],[818,135],[154,27],[198,34],[711,124],[1369,232],[445,78],[974,175],[1168,200],[825,146],[1178,204],[38,2],[64,11],[886,151],[175,30],[84,14],[83,14],[100,17],[273,46],[533,92],[158,27],[43,8],[502,86],[204,35],[809,139],[702,122],[355,61],[645,110],[614,109],[167,19],[408,45],[905,102],[244,22],[289,27],[731,69],[435,40],[268,25],[99,159],[73,11],[326,-125],[604,52],[394,39],[456,40],[88,4],[525,54],[598,50],[635,65],[42,4],[137,13],[72,7],[33,3],[202,18],[572,53],[141,14],[78,7],[295,37],[930,85],[220,115],[601,297],[361,186],[71,33],[211,99],[437,220],[327,156],[440,210],[385,185],[276,130],[230,95],[311,12],[481,33],[966,31],[98,55],[30,5],[37,2],[32,0],[18,-2],[20,-6],[34,-13],[31,-15],[17,-8],[32,-10],[34,-7],[35,-5],[42,-1],[20,2],[18,5],[20,0],[31,-2],[18,-5],[24,-11],[25,-16],[19,-10],[26,-10],[16,-6],[39,-10],[36,-7],[35,-9],[26,-8],[18,-12],[14,-11],[14,-8],[14,-6],[10,-5],[8,0],[7,3],[10,13],[65,77],[15,12],[12,4],[12,0],[28,-5],[13,-7],[13,-8],[9,-11],[19,-28],[14,-18],[18,-14],[15,-7],[13,-3],[19,0],[26,7],[17,12],[23,17],[11,5],[10,6],[13,4],[12,-1],[10,-3],[13,1],[11,6],[12,7],[10,4],[11,3],[12,-2],[13,-2],[12,-2],[13,0],[15,1],[16,7],[21,11],[12,8],[16,12],[16,16],[9,12],[8,9],[10,13],[10,4],[14,1],[13,-2],[17,-7],[9,-10],[6,-9],[7,-14],[5,-13],[8,-23],[12,-33],[6,-18],[8,-15],[7,-10],[6,-8],[11,-7],[12,-2],[13,-2],[16,1],[9,7],[17,17],[13,16],[19,12],[12,7],[13,4],[11,1],[14,0],[16,-5],[27,-13],[31,-16],[20,-11],[17,-7],[19,-10],[15,-6],[14,-4],[12,0],[12,2],[23,8],[38,15],[37,15],[27,11],[18,6],[11,2],[17,2],[24,-3],[17,-4],[24,-9],[18,-8],[17,-8],[21,-7],[21,-5],[28,-5],[24,-3],[19,0],[23,-2],[16,-2],[10,-4],[11,-7],[6,-5],[4,-7],[2,-8],[4,-15],[5,-7],[6,-11],[6,-5],[7,-5],[7,-2],[9,1],[9,6],[10,4],[12,3],[7,2],[15,2],[12,-1],[9,-4],[7,-6],[13,-12],[16,-14],[18,-12],[13,-8],[11,-4],[12,0],[10,3],[12,6],[10,5],[13,1],[13,-4],[11,-8],[9,-8],[11,-8],[24,-12],[26,-12],[16,-8],[12,-8],[13,-7],[17,-13],[15,-11],[16,-6],[10,0],[15,0],[8,3],[10,1],[8,-3],[10,-6],[7,-8],[5,-7],[4,-7],[3,-13],[0,-42],[-2,-15],[0,-14],[2,-15],[8,-9],[8,-4],[10,0],[12,3],[10,5],[16,10],[27,22],[15,5],[15,3],[10,0],[7,-4],[11,-9],[26,-22],[33,-20],[28,-16],[16,-6],[13,-5],[12,0],[11,2],[6,10],[11,11],[11,7],[8,3],[10,2],[12,-2],[7,-7],[6,-5],[6,-8],[2,-12],[2,-9],[4,-6],[6,-5],[7,0],[5,2],[3,8],[4,13],[5,12],[6,8],[6,7],[11,8],[10,0],[11,-6],[7,-9],[10,-12],[6,-9],[10,-9],[12,-11],[13,-4],[13,-1],[14,5],[26,15],[36,21],[9,8],[8,3],[10,0],[10,-5],[10,-6],[10,-9],[7,-10],[3,-6],[4,-10],[5,-17],[4,-8],[5,-10],[6,-8],[10,-5],[13,-1],[12,3],[13,5],[9,2],[20,0],[20,-4],[24,-3],[35,-1],[21,-2],[27,4],[25,2],[53,0],[19,-1],[20,-4],[16,-5],[12,-7],[10,-9],[13,-13],[6,-8],[6,-15],[4,-20],[7,-12],[7,-17],[8,-14],[9,-11],[13,-13],[16,-10],[15,-8],[17,-4],[28,-8],[29,-5],[50,-10],[57,-9],[68,-14],[63,-15],[28,-8],[32,-7],[37,-10],[27,-13],[24,-8],[24,-9],[24,-10],[31,-9],[26,2],[28,12],[24,5],[21,18],[24,19],[22,26],[17,27],[16,18],[17,15],[18,11],[21,16],[19,23],[12,16],[3,17],[1,26],[-4,22],[-8,5],[-16,10],[-29,25],[-9,13],[-2,13],[-1,14],[3,16],[10,11],[8,13],[9,6],[15,0],[23,-1],[18,-8],[17,-11],[17,-11],[22,-10],[18,-7],[24,0],[2,0],[15,-3],[26,-5],[16,-9],[13,-10],[8,-12],[10,-15],[2,-14],[3,-46],[-4,-13],[1,-23],[-2,-17],[-1,-22],[0,-5],[2,-19],[7,-17],[16,-22],[31,-29],[37,-22],[24,-13],[26,-8],[21,-4],[5,1],[10,2],[7,11],[4,3],[6,9],[11,6],[15,9],[16,7],[21,5],[25,7],[14,11],[15,13],[9,16],[4,12],[2,14],[1,15],[2,16],[1,10],[5,14],[9,18],[11,12],[10,3],[28,-2],[23,-4],[18,0],[19,4],[17,4],[25,4],[21,-3],[33,-9],[21,-9],[22,-9],[27,-4],[37,6],[42,9],[40,12],[33,9],[36,10],[28,4],[40,-2],[27,-6],[23,-11],[18,-14],[21,-14],[22,-10],[15,-1],[20,-2],[20,-6],[21,-18],[30,-31],[26,-33],[17,-13],[21,-13],[20,-10],[23,-4],[22,-4],[17,3],[20,3],[18,-5],[29,-15],[18,-15],[27,-18],[20,-10],[17,-12],[21,-11],[32,-13],[29,-7],[35,-10],[50,0],[48,2],[27,2],[28,2],[22,-2],[20,-8],[24,-8],[12,-8],[13,-11],[9,-11],[6,-16],[4,-18],[-3,-23],[-5,-22],[-1,-20],[1,-28],[5,-12],[8,-10],[13,-8],[14,0],[33,6],[30,7],[39,7],[77,4],[20,-8],[12,-7],[4,-10],[3,-11],[-4,-13],[-6,-19],[-16,-33],[-8,-21],[-1,-20],[1,-17],[10,-11],[13,-14],[12,-12],[21,-14],[18,-10],[26,-4],[53,2],[28,4],[21,6],[16,2],[22,0],[28,-4],[45,-12],[27,-8],[29,-7],[58,-2],[27,-4],[19,-2],[30,2],[35,3],[72,-6],[70,-8],[75,-7],[34,-2],[50,-12],[37,-9],[37,-4],[31,2],[26,5],[30,8],[20,3],[11,3],[15,24],[270,546],[476,-75],[515,157],[374,133],[644,-673],[11,-11],[377,-39],[580,-47],[602,-57],[978,-102],[1233,-120],[744,334],[1045,469],[14,-2],[385,171],[603,358],[652,375],[277,159],[133,76],[32,33],[86,49],[71,40],[439,248],[238,142],[180,369],[135,300],[465,967],[1235,551],[998,216],[337,75],[1215,212],[370,-178],[522,-286],[406,-198],[90,-41],[622,-488],[1269,-310],[944,341],[262,94],[508,180],[206,773],[522,1311],[1013,1],[454,-62],[276,-37],[531,-79],[489,-82],[441,-464],[794,-368],[920,279],[355,108],[673,195],[547,166],[483,101],[1008,225],[855,193],[132,28],[859,190],[901,215],[271,65],[1045,240],[38,8],[28,7],[75,18],[191,47],[219,53],[488,114],[727,171],[1084,254],[797,186],[1237,-360],[1283,-540],[220,-91],[651,-270],[649,-274],[229,-94],[452,154],[1276,441],[77,77],[598,571],[339,351],[480,-130],[274,-181],[408,-295],[21,9],[207,121],[247,103],[245,73],[1076,256],[734,167],[956,330],[110,48],[606,263],[867,390],[127,68],[232,58],[435,715],[241,397],[517,980],[365,1309],[368,1406],[207,767],[86,688],[121,1017],[-6,315],[3,72],[240,1559],[153,213],[79,77],[79,64],[378,280],[501,370],[932,764],[971,698],[317,226],[440,295],[38,24],[741,521],[200,138],[392,275],[647,346],[621,868],[94,233],[202,508],[257,1513],[492,923],[217,1055],[43,1030],[264,861],[2,4],[318,672],[188,384],[226,540],[412,947],[470,534],[478,720],[23,34],[107,161],[178,267],[125,139],[605,634],[1225,734],[672,1066],[66,388],[-117,786],[0,20],[-2,21],[-2,18],[-409,1012],[-221,560],[140,634],[413,376],[-8,156],[-26,436],[35,-29],[84,-110],[77,-125],[32,-36],[38,-29],[83,-44],[174,-66],[85,-28],[95,-20],[95,-14],[97,-8],[173,-14],[46,-7],[92,-8],[47,-4],[109,3],[88,8],[63,12],[137,47],[43,21],[38,25],[42,41],[48,55],[36,58],[23,52],[18,68],[14,80],[6,51],[-3,51],[-10,48],[-14,47],[-16,45],[-50,94],[-58,76],[-31,34],[-126,140],[-26,37],[-19,47],[-4,48],[4,48],[10,44],[22,42],[28,38],[33,35],[68,56],[48,27],[89,27],[95,8],[47,-7],[44,-13],[78,-53],[78,-64],[34,-41],[54,-80],[45,-92],[17,-47],[18,-99],[4,-95],[0,-47],[4,-51],[33,-94],[14,-48],[33,-90],[47,-87],[36,-39],[62,-41],[52,-32],[67,-13],[74,0],[59,9],[51,17],[69,28],[81,63],[40,37],[48,63],[43,53],[34,43],[100,134],[37,36],[117,87],[112,81],[42,27],[68,68],[33,37],[32,32],[35,29],[31,37],[99,162],[35,28],[27,38],[24,43],[20,43],[15,45],[10,57],[0,97],[-66,86],[19,80],[24,78],[68,176],[53,75],[43,83],[24,34],[65,67],[34,26],[36,39],[49,36],[73,49],[149,84],[39,19],[85,12],[43,-1],[38,-23],[250,-266],[33,-29],[36,-24],[81,-34],[92,-33],[86,-19],[42,-13],[46,-20],[39,-23],[71,-57],[61,-70],[41,-87],[11,-96],[-2,-49],[-9,-45],[-47,-77],[-28,-35],[-34,-29],[-80,-42],[-88,-30],[-91,-23],[-142,-32],[-202,-99],[-36,-27],[-23,-37],[-18,-43],[-14,-140],[24,-92],[43,-88],[58,-68],[71,-60],[80,-48],[87,-27],[91,-14],[85,-15],[42,-9],[85,-25],[87,-9],[47,-1],[90,-27],[46,-2],[46,2],[44,8],[44,14],[146,91],[91,80],[55,62],[57,61],[29,31],[64,49],[74,39],[40,13],[81,13],[39,3],[43,-1],[75,-25],[71,-44],[104,-70],[36,-21],[38,-15],[40,-7],[161,10],[81,13],[116,37],[113,52],[73,38],[73,37],[50,38],[31,17],[37,29],[78,59],[69,69],[68,68],[35,36],[140,129],[177,160],[73,60],[72,67],[75,60],[75,61],[36,33],[70,68],[67,64],[71,66],[52,78],[31,65],[44,91],[42,116],[32,74],[45,92],[39,76],[51,78],[52,81],[39,61],[71,66],[45,21],[96,15],[94,-15],[49,-12],[37,-33],[62,-75],[29,-39],[84,-110],[35,-45],[309,-232],[34,-41],[40,-30],[41,-17],[42,-27],[43,-27],[44,-19],[116,-86],[33,-34],[27,-38],[68,-129],[18,-43],[14,-52],[28,-243],[13,-98],[42,-23],[141,25],[70,22],[29,39],[40,42],[70,38],[62,30],[35,27],[49,65],[76,101],[50,70],[15,38],[2,43],[-43,164],[-32,80],[-40,74],[-21,39],[-23,36],[-62,51],[-36,22],[-78,18],[-42,-7],[-51,1],[-43,-5],[-48,-12],[-46,-6],[-46,22],[-46,1],[-45,26],[-29,44],[-33,34],[-44,16],[-18,45],[13,51],[28,42],[83,44],[86,43],[75,63],[52,81],[16,46],[-11,98],[-46,144],[11,97],[20,43],[43,7],[28,3],[118,-3],[84,4],[114,3],[61,-2],[89,-17],[83,-20],[68,-7],[140,-9],[60,-9],[89,-22],[93,-23],[77,-21],[49,-6],[68,4],[138,48],[65,21],[128,40],[80,34],[80,31],[70,32],[103,34],[113,40],[97,36],[90,37],[82,40],[78,44],[85,55],[71,50],[40,39],[60,78],[19,31],[9,23],[19,50],[26,82],[8,41],[-1,85],[-8,47],[-33,79],[-20,38],[-50,66],[-96,85],[-65,56],[-61,59],[-54,69],[-16,44],[-15,87],[0,46],[18,40],[60,61],[37,28],[77,38],[78,31],[79,34],[82,24],[167,29],[168,31],[43,2],[126,24],[83,24],[127,42],[74,42],[66,52],[64,55],[47,67],[61,160],[47,209],[15,41],[29,29],[34,24],[82,1],[34,-24],[24,-33],[22,-83],[186,-275],[138,-160],[30,-30],[130,-102],[189,-92],[156,-51],[120,-20],[44,-2],[120,19],[154,59],[70,43],[223,190],[122,111],[67,50],[35,22],[81,22],[77,23],[115,34],[42,6],[121,-7],[80,-11],[76,-23],[75,-33],[115,-52],[83,-28],[70,-17],[38,-5],[91,-17],[311,-63],[41,-17],[77,-46],[124,-65],[108,-82],[139,-113],[24,-17],[51,-37],[165,-79],[119,-54],[71,-60],[31,-39],[16,-45],[60,-176],[68,-64],[73,-53],[85,-28],[48,-6],[84,-1],[137,13],[130,22],[45,13],[140,114],[98,93],[60,66],[35,28],[40,23],[80,42],[84,30],[46,5],[87,-15],[43,-19],[33,-32],[53,-79],[49,-126],[52,-178],[15,-42],[79,-161],[46,-12],[84,-1],[51,7],[84,30],[72,51],[69,56],[35,30],[125,138],[34,34],[396,297],[76,54],[118,70],[77,41],[84,29],[45,10],[88,11],[92,7],[313,-36],[43,3],[43,16],[80,45],[152,99],[73,53],[75,56],[37,29],[48,76],[21,44],[16,42],[10,93],[0,92],[-6,49],[-23,90],[-19,45],[-51,77],[-49,78],[-28,38],[-62,70],[-42,81],[-37,84],[-15,94],[1,92],[4,47],[39,88],[23,42],[64,62],[83,44],[85,27],[83,22],[44,5],[90,-5],[42,-11],[84,-33],[80,-43],[71,-57],[100,-90],[189,-195],[30,-37],[36,-26],[78,-49],[38,-22],[85,-36],[63,-20],[24,-7],[26,-6],[74,-15],[46,-9],[47,-3],[44,0],[44,-4],[46,-10],[45,-10],[130,-55],[164,-95],[118,-68],[78,-51],[81,-39],[43,-14],[90,-20],[45,1],[44,9],[37,26],[30,33],[13,93],[-1,94],[23,182],[17,143],[1,140],[-7,46],[-42,183],[-39,133],[-32,137],[-29,92],[-37,87],[-46,82],[-45,85],[-119,162],[-43,79],[-28,90],[-8,45],[-1,47],[7,44],[39,81],[58,68],[90,104],[26,40],[23,134],[10,93],[13,54],[17,74],[15,181],[5,42],[-6,96],[-13,89],[0,44],[1,48],[27,83],[15,42],[23,41],[79,108],[147,171],[125,131],[103,84],[28,41],[86,157],[28,36],[35,30],[38,21],[42,-5],[171,-78],[56,-17],[46,0],[45,15],[45,42],[43,47],[49,50],[50,58],[38,47],[72,72],[29,38],[166,149],[39,21],[87,14],[45,9],[82,-32],[39,-21],[91,-98],[96,-154],[43,-78],[43,-81],[37,-81],[60,-136],[72,-180],[22,-42],[26,-42],[65,-70],[77,-55],[39,-30],[69,-72],[66,-72],[72,-63],[78,-53],[42,-27],[91,-18],[94,-7],[96,5],[51,0],[43,18],[306,232],[44,23],[134,40],[98,20],[140,-6],[188,-37],[17,2],[81,7],[48,10],[224,63],[91,29],[92,17],[52,1],[44,-11],[81,-46],[232,-176],[40,-25],[46,-16],[49,1],[35,39],[13,89],[9,62],[3,77],[5,58],[-38,85],[-49,87],[-77,125],[-43,78],[-17,44],[-155,514],[-20,43],[-35,39],[-60,74],[-90,113],[-31,38],[-26,40],[-22,44],[-17,50],[-10,68],[0,43],[0,44],[14,45],[37,81],[45,72],[34,32],[41,20],[87,18],[174,7],[41,-7],[82,-31],[109,-74],[63,-61],[51,-78],[19,-44],[29,-68],[120,-166],[25,-26],[62,-74],[29,-38],[106,-97],[78,-49],[45,-21],[50,-7],[95,28],[86,36],[39,30],[54,85],[13,50],[2,49],[2,101],[11,100],[11,36],[15,47],[36,73],[16,39],[17,85],[11,181],[-8,89],[-15,90],[-32,130],[-35,78],[-22,89],[-24,132],[-3,86],[6,137],[8,89],[14,90],[30,133],[26,85],[15,38],[49,80],[55,71],[59,63],[39,29],[84,41],[85,26],[92,13],[87,-6],[85,-27],[90,-55],[52,-36],[66,-54],[100,-94],[57,-78],[101,-157],[64,-65],[61,-71],[140,-174],[45,-78],[52,-114],[15,-43],[5,-45],[1,-85],[-17,-136],[-18,-90],[2,-42],[13,-41],[49,-73],[28,-33],[42,-10],[43,1],[120,48],[283,80],[76,31],[112,50],[183,111],[65,57],[58,60],[34,53],[80,108],[85,157],[40,77],[59,169],[29,130],[29,269],[-1,108],[8,97],[15,49],[34,52],[40,78],[53,69],[30,33],[65,56],[38,22],[83,18],[40,-6],[196,-105],[203,-176],[65,-70],[34,-37],[43,-88],[50,-78],[16,-146],[-13,-149],[-27,-140],[-46,-140],[-70,-128],[-53,-81],[-46,-88],[-68,-132],[-54,-140],[-54,-187],[-10,-149],[8,-150],[13,-98],[13,-100],[3,-38],[22,-49],[29,-85],[52,-118],[69,-112],[30,-33],[68,-51],[39,-20],[76,-42],[128,0],[120,44],[155,74],[79,32],[124,43],[86,17],[87,17],[211,45],[86,12],[84,7],[87,-4],[85,6],[128,23],[121,38],[116,52],[79,37],[81,34],[36,33],[44,65],[67,67],[21,44],[12,46],[6,47],[19,59],[28,58],[30,36],[61,76],[38,28],[41,25],[47,13],[137,30],[83,25],[38,13],[36,19],[63,53],[50,68],[44,112],[37,118],[20,79],[30,76],[43,122],[26,81],[45,137],[35,234],[26,241],[26,95],[32,87],[45,89],[57,78],[58,75],[69,66],[75,61],[80,45],[90,28],[46,6],[184,-24],[45,-12],[42,-21],[35,-25],[34,-35],[57,-77],[62,-131],[10,-48],[61,-387],[10,-98],[8,-96],[35,-192],[19,-97],[87,-326],[49,-139],[65,-189],[13,-47],[64,-128],[29,-37],[64,-66],[74,-58],[84,-43],[119,-49],[96,-55],[79,-52],[82,-54],[75,-56],[65,-60],[27,-30],[56,-68],[56,-63],[27,-31],[43,-51],[95,-103],[138,-126],[77,-55],[85,-45],[270,-82],[135,-26],[47,-6],[91,8],[46,3],[125,50],[82,47],[68,38],[68,90],[50,83],[61,132],[37,89],[27,92],[15,54],[17,82],[-1,50],[-13,50],[-47,85],[-58,77],[-32,39],[-69,70],[-30,40],[-71,137],[-24,47],[-67,133],[-71,135],[-26,43],[-54,84],[-19,48],[-10,48],[7,48],[19,41],[59,76],[31,29],[36,23],[89,21],[91,11],[134,6],[137,-15],[45,-12],[42,-14],[42,-18],[412,-222],[83,-41],[84,-47],[80,-44],[80,-48],[42,-26],[76,-48],[81,-55],[33,-31],[25,-40],[20,-44],[10,-48],[1,-49],[-10,-57],[-22,-52],[-28,-48],[-28,-43],[-32,-39],[-104,-107],[-36,-36],[-41,-29],[-48,-29],[-39,-30],[-40,-32],[-35,-32],[-32,-39],[-27,-48],[-13,-23],[-42,-74],[-113,-159],[-28,-39],[-34,-35],[-201,-198],[-28,-39],[0,-49],[12,-46],[64,-69],[80,-42],[87,-33],[104,-1],[66,-4],[128,14],[62,2],[94,16],[46,2],[133,37],[404,147],[91,40],[89,39],[43,24],[54,41],[28,22],[46,25],[79,40],[129,37],[89,21],[106,31],[79,25],[84,8],[43,-3],[45,-6],[108,-75],[70,-40],[6,-3],[82,-40],[77,-23],[53,-10],[56,1],[80,21],[89,34],[89,31],[81,33],[84,25],[79,19],[93,17],[75,4],[83,2],[88,-6],[85,-21],[82,-27],[94,-37],[82,-33],[84,-37],[111,-60],[101,-47],[104,-53],[87,-56],[75,-58],[81,-61],[79,-70],[104,-75],[72,-61],[115,-59],[20,-3],[39,-13],[152,-77],[126,-4],[41,1],[116,64],[68,51],[45,78],[17,38],[10,45],[0,89],[-4,91],[-11,89],[-6,97],[-14,79],[-26,138],[51,123],[70,128],[12,14],[18,19],[42,17],[87,15],[93,6],[134,-16],[91,-2],[94,-10],[89,-17],[46,-14],[41,-12],[56,-11],[86,-2],[83,-8],[85,2],[115,19],[33,12],[43,15],[40,17],[72,52],[104,100],[66,71],[45,58],[53,78],[53,57],[59,58],[70,52],[79,58],[131,70],[36,26],[87,42],[40,18],[43,8],[90,1],[43,-14],[160,-85],[37,-32],[50,-79],[20,-40],[28,-67],[21,-58],[14,-43],[12,-89],[10,-44],[38,-82],[54,-72],[65,-61],[36,-27],[42,-23],[39,-20],[41,-13],[41,-18],[77,-43],[38,-26],[28,-41],[21,-59],[6,-49],[-7,-36],[-41,-106],[-12,-78],[7,-50],[23,-36],[50,-34],[57,-22],[57,-4],[73,8],[53,0],[36,-3],[193,-97],[48,-18],[46,-2],[82,17],[54,13],[52,-1],[96,-21],[59,-30],[39,-19],[71,-47],[62,-65],[19,-67],[-2,-61],[3,-51],[32,-83],[61,-160],[36,-109],[15,-78],[23,-119],[21,-129],[16,-130],[9,-101],[15,-106],[19,-97],[29,-104],[11,-91],[1,-50],[-5,-76],[-9,-86],[-8,-74],[-16,-89],[-10,-136],[2,-91],[-2,-86],[2,-98],[5,-59],[21,-91],[21,-84],[11,-46],[12,-28],[37,-79],[58,-125],[49,-75],[62,-71],[58,-46],[100,-38],[86,-25],[86,23],[88,27],[133,31],[82,30],[82,39],[114,66],[111,64],[75,41],[76,53],[39,29],[41,54],[19,30],[19,36],[25,42],[51,84],[45,86],[30,70],[53,78],[68,94],[59,74],[101,93],[136,136],[58,44],[74,36],[50,18],[57,3],[58,-2],[85,-31],[91,-80],[79,-70],[73,-67],[68,-81],[72,-106],[65,-114],[52,-122],[34,-98],[29,-87],[-4,-36],[5,-48],[9,-45],[19,-173],[20,-171],[48,-343],[11,-85],[28,-81],[37,-78],[19,-37],[13,-43],[10,-84],[68,-338],[55,-163],[18,-40],[45,-76],[80,-103],[121,-132],[34,-28],[156,-153],[87,-95],[31,-31],[93,-93],[139,-105],[137,-103],[67,-54],[68,-59],[70,-45],[76,-42],[144,-97],[53,-35],[31,-29],[29,-34],[58,-67],[37,-57],[54,-106],[52,-87],[22,-41],[50,-74],[34,-50],[59,-76],[60,-87],[59,-77],[72,-73],[60,-63],[69,-54],[43,-22],[40,-26],[37,-32],[54,-75],[55,-82],[51,-75],[66,-82],[69,-76],[74,-65],[148,-105],[139,-65],[87,-24],[128,-6],[178,-7],[119,4],[144,11],[72,12],[141,21],[135,32],[103,5],[167,23],[159,25],[115,38],[94,29],[94,31],[33,-5],[58,-3],[35,0],[84,-12],[99,-19],[115,-26],[78,-26],[30,-34],[30,-90],[3,-77],[-2,-93],[-17,-67],[-13,-45],[-44,-65],[-27,-35],[-88,-91],[-61,-68],[-54,-106],[-48,-76],[-30,-40],[-55,-61],[-35,-38],[-41,-63],[-32,-37],[-69,-67],[-40,-27],[-40,-23],[-43,-14],[-137,-15],[-111,3],[-117,8],[-119,-5],[-160,-15],[-107,-28],[-131,-52],[-35,-32],[-68,-68],[-20,-37],[-16,-61],[-22,-124],[-5,-129],[8,-120],[20,-118],[28,-81],[43,-92],[77,-125],[29,-40],[26,-45],[55,-78],[57,-77],[106,-156],[73,-92],[69,-86],[61,-62],[63,-60],[79,-99],[95,-106],[64,-72],[88,-78],[68,-66],[77,-54],[66,-33],[30,-20],[31,-20],[73,-24],[85,-19],[129,-35],[76,-8],[90,4],[3,1],[92,13],[89,31],[66,20],[103,4],[132,6],[101,16],[126,27],[135,28],[122,33],[111,44],[87,47],[64,53],[56,70],[17,74],[4,93],[-2,73],[-14,81],[-32,118],[-39,110],[-44,130],[-26,86],[-15,44],[-12,39],[-10,53],[-19,97],[-70,166],[-70,154],[-66,153],[-61,131],[-57,115],[-108,199],[-47,96],[-46,113],[-47,128],[-39,120],[-23,98],[22,138],[8,47],[14,42],[33,29],[113,76],[74,28],[102,23],[150,24],[111,10],[67,-6],[141,-34],[157,-26],[83,-11],[133,5],[130,18],[89,27],[112,37],[80,24],[114,17],[110,9],[79,-13],[129,-53],[165,-44],[125,-24],[93,-13],[51,-24],[38,-21],[86,-30],[192,-113],[76,-44],[148,-104],[78,-68],[27,-16],[26,-38],[61,-72],[177,-215],[105,-155],[55,-71],[93,-162],[49,-79],[22,-42],[47,-131],[40,-88],[66,-174],[57,-223],[13,-46],[16,-37],[-2,-37],[-7,-144],[-7,-151],[-14,-62],[-11,-73],[-24,-86],[-30,-86],[-25,-80],[-31,-88],[-59,-131],[-24,-43],[-53,-81],[-56,-75],[-80,-120],[-47,-62],[-57,-65],[-64,-70],[-56,-60],[-77,-75],[-62,-60],[-64,-66],[-64,-64],[-82,-81],[-154,-117],[-54,-36],[-59,-72],[-121,-127],[-61,-73],[-56,-72],[-22,-30],[-41,-34],[-64,-59],[-81,-110],[-57,-58],[-52,-52],[-24,-35],[-22,-38],[-33,-95],[-19,-88],[-14,-100],[0,-63],[37,-192],[33,-85],[19,-79],[29,-38],[28,-31],[192,-339],[29,-41],[40,-51],[52,-41],[29,-28],[101,-71],[277,-162],[142,-70],[105,-48],[75,-23],[113,-44],[115,-30],[78,-12],[119,-4],[40,5],[122,-1],[119,27],[78,24],[40,7],[163,-3],[39,-9],[82,1],[92,28],[77,23],[88,41],[70,30],[97,28],[97,10],[92,13],[104,16],[95,4],[79,0],[72,-9],[73,-18],[55,-22],[75,-18],[89,4],[77,15],[79,18],[49,11],[87,17],[86,8],[85,6],[43,0],[85,-13],[124,-30],[84,-27],[161,-50],[80,-30],[78,-34],[79,-35],[118,-50],[78,-36],[151,-83],[70,-48],[76,-43],[73,-43],[75,-40],[75,-41],[72,-47],[67,-50],[63,-58],[61,-59],[56,-64],[57,-67],[144,-162],[52,-67],[77,-108],[43,-74],[44,-79],[48,-73],[35,-77],[36,-79],[31,-130],[39,-210],[1,-43],[-4,-46],[-22,-83],[-33,-82],[-33,-81],[-21,-38],[-48,-71],[-24,-35],[-60,-67],[-62,-56],[-63,-55],[-49,-35],[-37,-22],[-82,-55],[-126,-73],[-135,-64],[-138,-52],[-92,-28],[-92,-19],[-129,-3],[-94,10],[-146,32],[-137,42],[-183,74],[-87,43],[-86,51],[-73,38],[-30,26],[-97,55],[-374,220],[-28,24],[-31,31],[-18,15],[-41,23],[-69,41],[-239,171],[-198,164],[-176,178],[-81,97],[-58,56],[-68,47],[-38,15],[-40,8],[-43,8],[-75,-12],[-71,-29],[-60,-39],[-59,-44],[-66,-51],[-97,-77],[-97,-84],[-31,-29],[-26,-36],[-35,-75],[-23,-37],[-14,-41],[-11,-44],[1,-43],[6,-43],[-13,-89],[-7,-134],[16,-125],[-6,-87],[1,-34],[-8,-26],[-7,-33],[2,-46],[4,-91],[38,-133],[55,-229],[22,-94],[36,-86],[59,-72],[53,-80],[32,-87],[18,-89],[21,-237],[21,-91],[91,-218],[124,-142],[203,-194],[67,-61],[72,-53],[138,-121],[67,-32],[69,-25],[88,-15],[56,-66],[73,-63],[7,-5],[72,-52],[65,-61],[50,-44],[57,-57],[42,-23],[31,-19],[32,-20],[43,-20],[96,-22],[236,-37],[95,-11],[193,-6],[199,3],[140,1],[102,10],[47,10],[42,25],[42,21],[49,-2],[46,-9],[97,-7],[96,1],[49,-14],[137,-51],[93,-26],[182,-75],[220,-98],[44,-23],[40,-27],[84,-50],[39,-26],[176,-167],[112,-100],[33,-38],[23,-43],[15,-29],[50,-40],[169,-152],[100,-89],[108,-80],[39,-21],[40,-19],[41,-20],[89,-34],[70,-17],[74,-13],[74,2],[71,7],[74,16],[33,11],[60,40],[58,49],[30,23],[74,79],[50,63],[49,65],[22,33],[48,59],[36,38],[55,66],[61,74],[57,81],[28,39],[26,40],[7,77],[18,72],[20,71],[23,68],[23,62],[40,67],[33,69],[56,93],[68,116],[57,105],[86,161],[40,91],[47,97],[43,88],[72,129],[54,99],[72,109],[47,83],[26,41],[62,74],[36,33],[77,52],[44,39],[65,36],[83,36],[89,28],[101,11],[85,4],[115,-12],[97,-9],[85,-19],[91,-35],[77,-54],[33,-29],[35,-36],[61,-73],[27,-42],[46,-82],[11,-35],[8,-51],[-2,-64],[-9,-79],[-18,-70],[-22,-72],[-43,-101],[-40,-93],[-44,-82],[-58,-103],[-84,-116],[-112,-155],[-29,-42],[-33,-48],[-36,-71],[-28,-74],[-35,-88],[-34,-73],[-24,-70],[-18,-75],[-12,-78],[-2,-76],[5,-49],[10,-49],[20,-45],[53,-61],[33,-27],[60,-47],[62,-43],[62,-34],[32,-17],[35,-12],[38,-8],[31,-4],[35,-1],[36,3],[35,9],[35,13],[35,16],[31,19],[51,46],[33,32],[27,26],[21,29],[11,27],[41,84],[38,84],[54,74],[49,82],[55,71],[25,40],[71,124],[50,82],[82,112],[34,37],[71,60],[38,28],[86,37],[43,17],[92,-20],[79,-50],[31,-33],[28,-40],[24,-94],[13,-95],[0,-51],[-13,-48],[-25,-94],[-36,-91],[-70,-122],[-18,-47],[-22,-92],[-19,-82],[-15,-60],[-28,-84],[-29,-82],[-35,-108],[-34,-60],[-37,-62],[-44,-83],[-38,-89],[-28,-73],[-21,-60],[-19,-65],[-17,-66],[-25,-179],[-16,-88],[-5,-67],[-13,-90],[-9,-97],[-11,-161],[55,-117],[33,-76],[35,-73],[48,-86],[48,-85],[42,-80],[37,-77],[47,-76],[36,-83],[33,-85],[18,-54],[45,-83],[62,-101],[54,-89],[53,-95],[30,-70],[34,-96],[17,-86],[18,-114],[18,-149],[3,-89],[0,-37],[-20,-98],[-13,-51],[-36,-111],[-36,-113],[-37,-108],[-38,-102],[-36,-92],[-46,-92],[-35,-65],[-49,-77],[-63,-88],[-64,-75],[-77,-71],[-68,-70],[-76,-80],[-88,-84],[-90,-80],[-80,-67],[-67,-60],[-66,-49],[-38,-25],[-44,-22],[-35,-15],[-34,-20],[-79,-54],[-60,-41],[-70,-47],[-54,-44],[-52,-59],[-58,-64],[-51,-72],[-27,-39],[-18,-45],[-9,-48],[-2,-48],[11,-62],[28,-69],[28,-72],[36,-69],[41,-57],[79,-92],[59,-55],[51,-41],[71,-47],[78,-56],[32,-21],[38,-20],[82,-51],[83,-55],[86,-57],[72,-58],[129,-68],[89,-47],[64,-24],[45,-2],[59,-22],[75,-45],[51,-32],[63,-42],[61,-35],[88,-37],[66,-47],[71,-47],[34,-25],[55,-68],[45,-73],[51,-142],[9,-24],[5,-47],[-11,-488],[27,-264],[-1,-324],[21,-227],[32,-132],[38,-127],[39,-84],[21,-40],[48,-73],[58,-68],[61,-65],[99,-90],[167,-155],[71,-56],[70,-52],[79,-47],[256,-165],[39,-23],[82,-35],[123,-47],[80,-33],[119,-53],[77,-43],[77,-45],[71,-64],[58,-48],[67,-58],[29,-31],[31,-28],[27,-21],[74,-54],[78,-60],[71,-70],[85,-58],[74,-56],[94,-68],[127,-110],[111,-113],[107,-104],[220,-196],[74,-63],[78,-60],[77,-60],[185,-162],[73,-69],[138,-143],[73,-80],[65,-78],[64,-71],[66,-73],[60,-74],[27,-39],[39,-89],[109,-167],[50,-142],[31,-95],[46,-142],[43,-148],[57,-77],[12,-46],[13,-100],[-3,-100],[-10,-152],[-22,-147],[-14,-100],[-9,-88],[-22,-95],[-21,-125],[-19,-121],[-46,-289],[20,-167],[89,-235],[82,-89],[33,-28],[70,-43],[148,-63],[222,-88],[149,-50],[81,-18],[118,-17],[55,-3],[89,9],[100,20],[95,11],[184,27],[141,15],[235,33],[92,16],[94,15],[96,9],[97,-6],[91,-5],[96,-10],[91,-30],[40,-21],[75,-61],[31,-40],[93,-226],[20,-46],[32,-93],[4,-198],[-8,-48],[-17,-46],[-66,-73],[-143,-129],[-78,-57],[-83,-49],[-73,-60],[-113,-88],[-68,-66],[-108,-96],[-77,-57],[-78,-54],[-83,-43],[-179,-68],[-139,-39],[-137,-44],[-177,-64],[-84,-43],[-38,-26],[-23,-42],[-24,-44],[-15,-41],[-11,-86],[-8,-37],[-10,-40],[-6,-24],[-14,-30],[-17,-92],[-18,-88],[-21,-91],[-54,-180],[-15,-90],[-19,-94],[-20,-83],[-16,-98],[2,-89],[-26,-180],[-24,-185],[-8,-185],[10,-141],[6,-91],[2,-97],[29,-87],[44,-130],[19,-46],[77,-115],[54,-72],[29,-35],[30,-25],[35,-33],[75,-47],[81,-36],[40,-17],[87,-13],[172,-34],[88,-16],[85,10],[43,7],[156,80],[207,85],[114,70],[85,102],[42,77],[14,41],[100,132],[45,86],[46,78],[86,102],[24,40],[29,36],[228,205],[30,35],[96,90],[69,51],[104,77],[77,40],[68,49],[154,80],[82,24],[159,65],[39,9],[89,-3],[42,5],[120,47],[83,22],[83,11],[84,12],[44,9],[44,3],[50,-13],[40,-20],[38,-8],[74,-36],[76,-32],[35,-14],[73,-41],[38,-19],[34,-21],[66,-47],[67,-50],[31,-26],[83,-94],[46,-68],[17,-38],[17,-38],[4,-44],[0,-42],[-7,-43],[-11,-39],[-19,-37],[-105,-136],[-54,-63],[-26,-33],[-46,-72],[-55,-65],[-134,-162],[-53,-66],[-55,-64],[-57,-63],[-106,-130],[-31,-27],[-30,-21],[-41,-39],[-30,-31],[-99,-90],[-100,-87],[-31,-32],[-51,-68],[-125,-193],[-77,-114],[-60,-117],[-46,-77],[-34,-83],[-13,-88],[19,-41],[51,-83],[29,-96],[33,-115],[37,-112],[27,-93],[34,-97],[39,-74],[29,-51],[27,-40],[68,-84],[144,-134],[80,-62],[43,-28],[47,-29],[1248,-309],[1972,346],[96,17],[32,5],[1231,222],[-752,-1361],[-294,-1165],[-24,-98],[-10,-34],[-118,-507],[-15,-49],[-18,-45],[-156,-631],[-1267,-768],[1355,-1010],[68,-51],[63,-44],[43,-31],[391,-289],[44,-31],[21,-19],[606,-450],[1351,-1428],[-1021,-1486],[-55,-79],[-24,-32],[-473,-696],[-877,-1270],[-43,-64],[-26,-37],[-409,-596],[409,-256],[36,-10],[53,-30],[734,-455],[42,-26],[56,-35],[1753,-1094],[591,-366],[42,-25],[42,-21],[1504,-931],[112,-948],[8,-60],[-1,-30],[248,-2296],[125,-1096],[4,-55],[6,-29],[114,-1061],[269,-2321],[7,-53],[7,-40],[70,-756],[778,-635],[39,-35],[59,-53],[956,-768],[413,-315],[84,88],[83,-50],[77,-54],[84,-43],[106,-42],[109,-25],[95,-9],[116,-12],[96,-4],[102,1],[106,9],[110,6],[97,1],[84,0],[94,-22],[94,-34],[72,-48],[76,-61],[55,-58],[41,-47],[27,-44],[29,-46],[36,-45],[38,-56],[20,-50],[17,-46],[10,-56],[4,-97],[5,-46],[-2,-23],[-13,-81],[-22,-99],[-20,-45],[-4,-100],[-18,-48],[-53,-84],[-70,-68],[-70,-72],[-131,-95],[-85,-51],[-88,-39],[-42,-8],[-42,-7],[-49,-5],[-41,-15],[-80,-58],[-210,-123],[-73,-121],[-26,-35],[-47,-73],[-80,-54],[-39,-21],[-88,-31],[-99,-26],[-99,-8],[-99,0],[-88,33],[-124,77],[-33,30],[-136,195],[-42,94],[-39,142],[-47,182],[-32,84],[-46,87],[-29,35],[-65,65],[-110,75],[-130,33],[-41,6],[-78,-13],[-25,-31],[-23,-38],[-50,-62],[-81,-104],[-33,-31],[-82,-112],[-30,-36],[-106,-94],[-67,-63],[-62,-74],[-26,-56],[-21,-33],[-31,-52],[-101,-212],[-1,-98],[-19,-102],[-5,-103],[-17,-94],[-43,-140],[-22,-100],[-19,-99],[-13,-45],[15,-95],[38,-144],[15,-49],[80,-185],[21,-48],[50,-87],[52,-63],[28,-47],[28,-41],[58,-71],[31,-37],[116,-94],[81,-52],[41,-25],[137,-40],[48,-4],[193,14],[73,14],[156,33],[89,28],[51,14],[134,14],[93,25],[97,23],[95,17],[83,41],[81,50],[269,112],[135,38],[155,4],[51,-1],[49,-18],[84,-58],[75,-63],[63,-77],[27,-40],[17,-51],[9,-51],[17,-192],[-8,-104],[-47,-83],[-35,-61],[-15,-24],[-37,-35],[-42,-26],[-77,-52],[-38,-23],[-271,-120],[-41,-31],[-30,-44],[-69,-137],[-53,-146],[-37,-42],[-80,-64],[-177,-99],[-41,-35],[-40,-37],[-37,-45],[-29,-46],[-15,-48],[-3,-51],[17,-52],[21,-46],[19,-52],[7,-53],[3,-212],[7,-145],[-4,-165],[-34,-244],[12,-52],[43,-93],[87,-132],[62,-78],[44,-29],[48,-9],[154,6],[47,20],[126,75],[47,16],[53,2],[138,-45],[42,-22],[73,-50],[132,-25],[40,-17],[86,-50],[73,-63],[138,-127],[112,-50],[133,-33],[88,-34],[42,-23],[51,-24],[31,-24],[78,-98],[39,-55],[30,-56],[5,-122],[-10,-121],[-6,-88],[-11,-33],[-27,-93],[-26,-98],[-38,-144],[-8,-49],[-2,-100],[9,-51],[16,-47],[47,-88],[63,-75],[77,-70],[74,-65],[137,-117],[114,-94],[32,-37],[21,-45],[11,-48],[-3,-52],[-26,-91],[-53,-135],[-31,-48],[-74,-186],[-13,-49],[11,-158],[17,-46],[26,-46],[71,-63],[44,-18],[88,7],[119,23],[127,41],[89,47],[105,71],[122,92],[98,77],[74,48],[97,34],[50,1],[94,-13],[96,-29],[81,-47],[41,-31],[27,-46],[16,-48],[3,-29],[-2,-24],[-37,-92],[-38,-97],[-23,-65],[-5,-98],[0,-120],[7,-118],[7,-127],[14,-112],[10,-128],[11,-205],[8,-152],[19,-97],[19,-52],[7,-40],[20,-66],[96,-230],[14,-52],[10,-89],[-14,-97],[-21,-102],[-25,-75],[-71,-117],[-69,-106],[-78,-108],[-73,-91],[-23,-48],[-22,-100],[-4,-50],[47,-192],[33,-93],[21,-41],[74,-68],[89,-22],[50,2],[32,11],[60,20],[94,45],[95,58],[106,72],[104,67],[96,52],[105,66],[112,80],[114,82],[97,70],[122,72],[87,31],[45,10],[46,-6],[31,-13],[21,-19],[36,-21],[27,-30],[63,-89],[25,-45],[20,-47],[34,-94],[43,-148],[24,-93],[42,-118],[42,-86],[58,-86],[71,-98],[52,-83],[46,-88],[28,-98],[18,-80],[5,-65],[-9,-56],[-17,-46],[-33,-63],[-30,-38],[-25,-28],[-192,-127],[-78,-34],[-80,-39],[-97,-71],[-33,-25],[-33,-59],[-28,-53],[0,-250],[19,-52],[26,-46],[76,-73],[62,-45],[119,-76],[119,-62],[74,-21],[84,-12],[88,-2],[74,5],[73,23],[61,35],[116,92],[40,38],[-3,25],[-13,37],[54,87],[97,171],[53,63],[83,80],[75,62],[77,34],[83,22],[51,6],[96,-29],[63,-32],[62,-54],[38,-55],[27,-81],[21,-64],[9,-126],[24,-66],[20,-55],[3,-34],[34,-150],[-1,-107],[-5,-56],[-19,-41],[-42,-46],[-81,-59],[-86,-49],[-85,-45],[-89,-34],[-98,-19],[-107,-12],[-101,-5],[-129,-2],[-100,-8],[-104,-23],[-78,-24],[-52,-24],[-72,-54],[-62,-75],[-52,-92],[-44,-71],[-47,-92],[-44,-91],[-49,-93],[-53,-101],[-55,-102],[-43,-102],[-35,-88],[-39,-115],[-36,-115],[-44,-176],[-13,-56],[-13,-156],[19,-97],[24,-88],[23,-74],[37,-96],[43,-106],[50,-86],[76,-100],[73,-101],[72,-85],[83,-78],[81,-62],[95,-45],[90,-26],[90,-19],[94,-5],[90,0],[127,-6],[78,-6],[70,-23],[47,-17],[24,-19],[32,-19],[28,-31],[37,-48],[34,-56],[29,-70],[10,-67],[8,-103],[-10,-108],[-21,-104],[-33,-96],[-19,-47],[-25,-45],[-35,-45],[-75,-62],[-77,-66],[-58,-31],[-84,-29],[-65,-13],[-69,-3],[-120,15],[-96,16],[-103,30],[-107,38],[-121,57],[-77,37],[-49,46],[-55,67],[-55,60],[-55,77],[-49,84],[-50,83],[-24,59],[-31,61],[-64,86],[-29,39],[-15,23],[-68,49],[-102,45],[-95,28],[-88,8],[-96,5],[-48,-5],[-91,-5],[-109,-22],[-41,-32],[-41,-41],[-51,-56],[-44,-56],[-54,-59],[-57,-62],[-55,-43],[-39,-31],[-50,-4],[-51,9],[-46,26],[-66,54],[-18,69],[-11,52],[-1,98],[7,52],[13,52],[4,15],[17,89],[13,93],[15,94],[4,91],[-9,56],[-24,73],[-34,52],[-66,51],[-84,36],[-52,7],[-97,-17],[-90,-31],[-87,-37],[-84,-50],[-62,-50],[-85,-76],[-63,-72],[-27,-39],[-51,-86],[-48,-84],[-34,-68],[-16,-32],[-21,-33],[-26,-47],[-19,-47],[-40,-92],[-32,-78],[-35,-100],[-34,-93],[-28,-96],[-26,-95],[-22,-98],[-16,-68],[-6,-81],[-22,-100],[-23,-96],[-34,-92],[-45,-67],[-53,-42],[-50,-31],[-83,-17],[-94,-16],[-47,-10],[-46,-16],[-45,-24],[-35,-36],[-26,-45],[-4,-51],[21,-44],[29,-46],[31,-71],[34,-89],[25,-44],[29,-41],[55,-50],[61,-53],[46,-37],[74,-45],[75,-45],[78,-50],[67,-40],[71,-39],[57,-43],[63,-45],[61,-42],[59,-45],[64,-44],[52,-28],[71,-16],[88,-25],[78,-13],[66,-1],[76,-15],[77,-18],[61,-18],[69,-34],[70,-47],[51,-51],[45,-67],[37,-75],[40,-96],[50,-169],[36,-100],[30,-78],[13,-58],[12,-50],[-1,-32],[5,-38],[-2,-74],[-14,-99],[-6,-55],[-22,-70],[-30,-65],[-29,-73],[-20,-67],[-4,-61],[8,-58],[11,-49],[20,-40],[42,-66],[53,-74],[33,-64],[44,-86],[34,-79],[27,-80],[27,-91],[33,-89],[35,-33],[40,-30],[90,-33],[87,-20],[76,-5],[80,8],[72,20],[66,38],[75,54],[78,57],[76,63],[99,84],[43,38],[26,9],[25,20],[50,23],[54,5],[86,-34],[75,-70],[29,-34],[23,-55],[4,-49],[-5,-49],[-11,-47],[-22,-45],[-44,-83],[-62,-80],[-45,-78],[-55,-80],[-47,-75],[-55,-76],[-15,-28],[-17,-44],[-36,-118],[-4,-85],[2,-80],[-10,-117],[-8,-71],[-17,-61],[-24,-55],[-28,-41],[-46,-47],[-39,-33],[-73,-33],[-81,-28],[-87,-18],[-80,-19],[-70,-25],[-42,-40],[-17,-37],[0,-79],[17,-69],[7,-17],[21,-55],[42,-82],[45,-88],[47,-83],[28,-52],[18,-35],[32,-35],[39,-48],[43,-58],[56,-62],[85,-84],[64,-63],[57,-55],[55,-48],[36,-30],[20,-13],[59,-51],[67,-48],[61,-36],[62,-43],[81,-45],[80,-34],[72,-26],[79,-12],[88,-10],[107,-2],[93,-14],[95,-14],[139,-23],[140,-22],[94,-19],[90,-18],[105,-27],[86,-34],[59,-32],[34,-26],[62,-74],[26,-43],[17,-47],[2,-51],[-16,-94],[-19,-96],[-23,-77],[-33,-97],[-21,-97],[-11,-62],[2,-75],[5,-77],[14,-71],[30,-81],[23,-77],[29,-83],[28,-91],[2,-59],[-12,-69],[-20,-63],[-25,-68],[-36,-66],[-37,-75],[-39,-73],[-31,-81],[-52,-121],[-28,-80],[-6,-45],[-5,-48],[7,-45],[18,-93],[20,-94],[-5,-70],[8,-37],[39,-126],[5,-65],[-20,-126],[-7,-60],[1,-62],[4,-104],[15,-94],[28,-18],[82,-39],[82,-31],[73,-16],[64,-21],[66,-26],[60,-16],[58,-6],[79,4],[98,17],[71,15],[58,17],[46,24],[52,40],[50,30],[55,22],[33,3],[133,-73],[53,-38],[49,-48],[46,-59],[44,-94],[15,-103],[11,-67],[13,-69],[17,-59],[28,-52],[48,-63],[51,-72],[60,-73],[64,-75],[40,-37],[40,-76],[46,-78],[36,-85],[40,-95],[30,-78],[20,-75],[25,-98],[29,-102],[18,-49],[61,-146],[75,-244],[24,-97],[16,-78],[5,-80],[-8,-90],[-16,-122],[-5,-48],[-9,-106],[-24,-72],[-3,-79],[-3,-97],[-5,-53],[-6,-53],[-4,-49],[13,-49],[35,-69],[46,-53],[54,-62],[58,-70],[57,-63],[68,-74],[47,-46],[80,-53],[82,-51],[75,-47],[87,-48],[83,-52],[58,-47],[32,-40],[39,-66],[51,-91],[50,-84],[51,-89],[55,-96],[57,-94],[52,-68],[57,-60],[42,-47],[24,-42],[14,-57],[19,-92],[26,-60],[50,-82],[58,-82],[49,-70],[52,-88],[51,-95],[62,-106],[67,-119],[54,-88],[68,-87],[63,-57],[72,-58],[81,-53],[84,-49],[85,-44],[94,-54],[90,-40],[94,-47],[108,-55],[76,-32],[88,-33],[54,-15],[54,-23],[36,-19],[105,-32],[68,-24],[93,-37],[115,-35],[104,-30],[226,-78],[104,-31],[92,-15],[102,-32],[81,-25],[78,-34],[80,-25],[96,-39],[102,-47],[90,-43],[115,-61],[81,-40],[55,-39],[73,-56],[67,-52],[112,-108],[42,-72],[53,-73],[30,-59],[22,-75],[18,-77],[18,-112],[17,-144],[11,-103],[0,-64],[-1,-92],[11,-85],[11,-98],[9,-97],[22,-93],[21,-91],[20,-79],[29,-86],[33,-89],[35,-85],[43,-84],[52,-97],[57,-93],[52,-90],[41,-104],[47,-111],[52,-114],[26,-54],[32,-50],[31,-50],[36,-49],[22,-21],[42,-41],[95,-66],[61,-18],[120,-2],[32,-2],[32,-10],[49,-9],[38,-20],[30,-38],[17,-48],[-6,-51],[-24,-46],[-42,-35],[-62,-10],[-33,-4],[-44,-17],[-87,-44],[-57,-51],[-32,-36],[-14,-75],[-1,-57],[32,-87],[26,-79],[18,-70],[37,-80],[82,-104],[39,-49],[34,-27],[43,-32],[73,-52],[76,-59],[76,-62],[64,-53],[81,-57],[61,-39],[62,-57],[86,-69],[70,-51],[43,-39],[59,-34],[89,-43],[86,-28],[115,-30],[83,-24],[89,-27],[105,-62],[95,-50],[80,-46],[52,-40],[64,-63],[58,-50],[83,-74],[77,-57],[55,-17],[22,-17],[43,-32],[12,-9],[35,-25],[89,-67],[16,-8],[213,-111],[14,-8],[216,-112],[95,-70],[149,-220],[63,-70],[108,-92],[58,-54],[57,-55],[126,-94],[69,-40],[39,-12],[208,-22],[243,-21],[232,-13],[191,25],[158,32],[239,63],[24,-14],[65,8],[41,25],[42,26],[68,18],[215,56],[194,15],[226,5],[67,-11],[64,-24],[66,-31],[49,-33],[36,-38],[73,-91],[28,-39],[33,-77],[18,-91],[0,-59],[-10,-104],[-99,-164],[-95,-103],[-146,-119],[-98,-71],[-112,-96],[-143,-178],[-106,-147],[-179,-196],[-131,-125],[-75,-98],[-45,-94],[-33,-68],[-26,-71],[-5,-44],[1,-52],[20,-107],[56,-184],[28,-79],[33,-109],[9,-46],[5,-72],[6,-97],[10,-77],[20,-91],[24,-77],[40,-89],[42,-57],[78,-86],[75,-64],[80,-57],[26,-18],[134,-39],[109,-6],[128,7],[158,23],[25,-10],[57,4],[66,19],[71,32],[88,42],[108,17],[84,-20],[81,-33],[53,-60],[29,-66],[10,-73],[-18,-70],[-69,-103],[-35,-52],[-61,-55],[-59,-37],[-105,-36],[-76,-35],[-55,-49],[-25,-23],[-64,-116],[-54,-100],[-154,-180],[-75,-88],[-70,-102],[-34,-70],[-10,-96],[0,-55],[7,-42],[20,-51],[36,-50],[76,-70],[172,-69],[126,-44],[97,-50],[105,-91],[84,-37],[90,-14],[269,-23],[178,-16],[97,-8],[89,-39],[80,-57],[85,-72],[57,-71],[38,-68],[19,-57],[3,-47],[-10,-46],[-25,-57],[-49,-69],[-75,-78],[-55,-42],[-61,-32],[-57,-8],[-96,8],[-62,18],[-101,55],[-77,53],[-65,41],[-100,18],[-85,-12],[-78,-38],[-52,-55],[-26,-40],[-17,-82],[-2,-84],[18,-81],[31,-89],[72,-105],[111,-129],[81,-65],[67,-55],[214,-128],[260,-115],[71,-31],[112,-50],[66,-68],[56,-77],[41,-58],[53,-146],[68,-185],[45,-83],[34,-63],[76,-88],[68,-80],[101,-67],[94,-42],[109,-32],[80,-2],[50,11],[64,21],[116,77],[111,101],[93,103],[107,74],[82,15],[90,7],[88,-20],[84,-36],[48,-47],[30,-47],[27,-80],[17,-84],[-9,-72],[-15,-54],[-47,-94],[-76,-71],[-127,-55],[-143,-56],[-260,-89],[-140,-28],[-214,-17],[-160,-26],[-84,-43],[-76,-56],[-36,-48],[-24,-64],[1,-61],[20,-70],[36,-52],[65,-59],[218,-195],[179,-180],[79,-90],[44,-50],[35,-65],[36,-134],[16,-90],[7,-134],[-3,-101],[6,-90],[13,-52],[28,-53],[39,-33],[61,-34],[67,-18],[51,-4],[79,1],[38,11],[49,26],[30,42],[20,47],[59,96],[116,78],[114,65],[156,111],[59,61],[113,115],[109,134],[87,118],[125,104],[113,45],[118,-24],[59,-31],[42,-44],[34,-50],[13,-61],[3,-51],[-5,-67],[-28,-59],[-37,-54],[-95,-76],[-132,-61],[-132,-61],[-130,-77],[-69,-65],[-91,-100],[-105,-143],[-73,-87],[-154,-125],[-120,-129],[-40,-69],[-38,-84],[-54,-149],[-11,-52],[-18,-89],[1,-79],[2,-60],[12,-71],[64,-98],[49,-63],[43,-67],[15,-42],[2,-45],[3,-68],[-9,-60],[-26,-91],[-42,-101],[-73,-125],[-55,-112],[-30,-62],[-32,-90],[-24,-87],[-9,-89],[-2,-55],[4,-49],[18,-63],[23,-47],[16,-31],[82,-143],[67,-99],[48,-81],[55,-76],[48,-59],[73,-68],[56,-53],[122,-77],[84,-65],[118,-68],[76,-42],[75,-41],[145,-65],[98,-53],[54,-39],[58,-54],[42,-45],[39,-48],[25,-45],[30,-60],[15,-54],[11,-44],[8,-77],[3,-37],[-2,-89],[-9,-63],[-18,-68],[-24,-75],[-14,-42],[-14,-43],[-7,-57],[-3,-28],[-1,-46],[3,-52],[12,-67],[20,-83],[35,-77],[70,-102],[97,-108],[140,-138],[61,-61],[38,-49],[26,-34],[61,-134],[32,-72],[34,-150],[23,-198],[28,-79],[28,-79],[88,-117],[105,-36],[74,-19],[26,12],[205,88],[170,129],[129,35],[25,7],[57,16],[301,92],[55,16],[335,94],[317,128],[169,6],[145,-50],[16,-6],[20,-25],[57,-69],[29,-71],[8,-28],[13,-47],[-20,-90],[-43,-94],[-54,-51],[-37,-34],[-7,-8],[-23,-14],[-40,-26],[-91,-57],[-60,-38],[-64,-53],[-24,-34],[-21,-60],[-7,-64],[9,-59],[22,-88],[68,-194],[64,-98],[38,-38],[58,-57],[28,-17],[151,-89],[42,-7],[60,-16],[82,-21],[110,-42],[50,9],[63,11],[81,-26],[70,-49],[83,-17],[150,-29],[78,-4],[75,-4],[143,12],[141,24],[85,56],[63,60],[39,57],[39,90],[20,98],[0,100],[-18,98],[-37,91],[-57,80],[-41,58],[-55,82],[-5,20],[-10,40],[0,52],[0,40],[6,59],[18,57],[37,63],[59,69],[114,75],[121,59],[48,35],[47,34],[62,68],[35,76],[26,79],[37,116],[36,116],[29,73],[30,41],[41,28],[45,20],[49,7],[65,-7],[64,-17],[48,-30],[44,-38],[30,-50],[15,-58],[10,-75],[-1,-75],[-7,-53],[-20,-80],[-72,-112],[-78,-87],[-87,-77],[-58,-103],[-78,-137],[-80,-165],[-15,-31],[-10,-76],[-26,-190],[-6,-155],[2,-219],[-7,-198],[-6,-187],[-6,-175],[19,-136],[27,-110],[64,-105],[61,-75],[82,-47],[73,-11],[73,8],[58,22],[53,35],[44,45],[34,74],[70,182],[113,240],[59,134],[24,175],[0,1],[1,17],[6,151],[0,9],[12,117],[2,17],[1,5],[17,59],[27,58],[47,60],[43,22],[56,13],[68,3],[53,-10],[51,-21],[51,-20],[90,-50],[119,-76],[112,-66],[3,-2],[146,-106],[92,-85],[34,-31],[98,-101],[41,-41],[26,-21],[53,-41],[69,-41],[71,-35],[116,-19],[91,7],[72,21],[56,36],[47,50],[35,65],[29,74],[11,54],[2,73],[-5,82],[-17,89],[-33,68],[-39,65],[-53,74],[-42,31],[-92,49],[-100,26],[-93,23],[-53,21],[-55,32],[-7,4],[-41,50],[-23,61],[-8,65],[23,76],[33,126],[6,14],[40,106],[66,109],[181,214],[96,65],[90,35],[39,5],[75,10],[79,-9],[75,-29],[60,-39],[33,-35],[60,-73],[39,-66],[22,-54],[6,-68],[0,-129],[-19,-196],[-3,-190],[-1,-21],[12,-60],[29,-145],[42,-269],[33,-193],[53,-172],[31,-100],[71,-142],[88,-161],[64,-100],[133,-197],[0,0],[70,-71],[64,-65],[17,-18],[14,-12],[5,-4],[60,-51],[85,-59],[67,-46],[173,-75],[8,-3],[60,-27],[82,-35],[21,-6],[90,-24],[24,-11],[92,-44],[73,-35],[28,-27],[33,-32],[36,-49],[52,-85],[60,-115],[17,-41],[7,-87],[7,-92],[5,-57],[-5,-132],[0,-4],[0,-10],[5,-112],[4,-44],[25,-60],[0,0],[62,-139],[101,-136],[75,-68],[23,-21],[7,-6],[25,-23],[7,-2],[60,-23],[90,-15],[33,-6],[11,-2],[90,3],[42,6],[0,0],[95,29],[87,38],[104,58],[124,93],[87,88],[70,84],[56,76],[35,24],[25,5],[33,-1],[22,-12],[2,-1],[35,-18],[49,-43],[57,-51],[34,-54],[46,-96],[5,-13],[35,-100],[40,-105],[14,-100],[1,-64],[-7,-137],[1,-116],[9,-54],[5,-27],[25,-94],[22,-83],[13,-102],[0,-45],[0,-19],[-4,-25],[-10,-65],[-9,-64],[-26,-99],[-16,-59],[-11,-39],[-32,-81],[-18,-47],[-21,-54],[-28,-74],[-22,-44],[-24,-98],[-31,-102],[-40,-131],[-50,-127],[-68,-118],[-27,-48],[-48,-89],[0,0],[-31,-37],[-30,-38],[-26,-31],[-42,-32],[-88,-54],[0,0],[-13,-8],[-93,-58],[-72,-29],[-40,-13],[-33,-10],[-22,-2],[-63,-7],[-124,-13],[0,0],[-2,-1],[0,0],[0,0],[-96,4],[-10,1],[-120,27],[-96,14],[-78,5],[-56,-4],[-54,-20],[-44,-28],[0,0],[-53,-42],[-12,-28],[-25,-86],[3,-105],[13,-64],[11,-54],[43,-121],[37,-72],[46,-92],[60,-153],[42,-103],[56,-120],[68,-169],[0,0],[25,-89],[4,-46],[5,-55],[-9,-65],[-2,-9],[-18,-87],[-25,-76],[-42,-84],[-48,-80],[-44,-64],[-48,-51],[-62,-44],[-86,-47],[-129,-37],[-131,-26],[-61,-19],[-57,-19],[-56,-40],[-44,-44],[-26,-46],[-24,-73],[1,-51],[2,-57],[26,-91],[26,-90],[23,-80],[12,-100],[3,-26],[1,-17],[7,-96],[4,-46],[33,-166],[9,-43],[59,-146],[3,-5],[60,-111],[7,-13],[56,-103],[94,-89],[106,-72],[92,-42],[128,-47],[74,-40],[43,-39],[54,-47],[66,-81],[83,-100],[41,-36],[23,-19],[58,-20],[60,-10],[60,4],[59,15],[63,33],[55,44],[49,65],[32,75],[17,62],[37,86],[36,55],[27,30],[8,10],[52,26],[58,12],[42,-14],[48,-36],[36,-41],[29,-60],[14,-58],[11,-75],[-9,-57],[-29,-69],[-37,-64],[-32,-67],[-7,-29],[-8,-33],[4,-69],[9,-53],[18,-51],[32,-42],[57,-42],[83,-29],[83,-28],[74,-20],[50,-25],[35,-28],[25,-19],[38,-47],[29,-55],[16,-53],[10,-73],[0,-41],[-1,-33],[-6,-53],[-5,-22],[-7,-34],[-10,-21],[-1,-2],[-19,-44],[-24,-66],[-12,-32],[-10,-27],[-1,-9],[-1,-18],[-5,-58],[-5,-76],[-4,-36],[-13,-140],[-4,-67],[-4,-67],[0,-10],[-4,-68],[-2,-32],[1,-136],[16,-72],[31,-146],[76,-163],[160,-178],[37,-15],[118,-47],[113,7],[99,55],[101,132],[43,108],[26,82],[24,41],[27,8],[31,5],[30,-9],[31,-27],[80,-103],[36,-50],[38,-110],[6,-80],[-28,-150],[-11,-166],[-22,-103],[-46,-160],[-26,-225],[-13,-133],[-10,-235],[-4,-100],[-20,-100],[-52,-110],[-63,-100],[-38,-40],[-47,-26],[-93,-6],[-115,27],[-97,59],[-63,28],[-108,-4],[-70,-25],[-136,-88],[-124,-111],[-174,-168],[-143,-145],[-64,-95],[-32,-68],[-36,-144],[-9,-173],[5,-189],[19,-195],[-6,-130],[-27,-163],[-49,-182],[-39,-143],[1,-38],[-4,-98],[21,-81],[20,-81],[134,-260],[16,-67],[4,-81],[-10,-84],[-19,-33],[-81,-93],[-76,-67],[-64,-86],[-33,-69],[-1,-47],[-1,-24],[-1,-24],[24,-59],[30,-58],[72,-75],[67,-68],[56,-122],[9,-65],[2,-75],[-12,-69],[-34,-87],[-48,-121],[-10,-66],[-2,-73],[11,-63],[25,-58],[47,-58],[59,-36],[70,-28],[74,-14],[79,0],[95,16],[77,36],[87,65],[121,137],[157,164],[72,76],[86,150],[43,96],[79,210],[48,112],[34,54],[62,44],[60,17],[56,-3],[43,-22],[44,-43],[37,-49],[32,-61],[22,-66],[6,-82],[-6,-162],[-16,-129],[-37,-105],[-51,-76],[-113,-118],[-141,-97],[-117,-58],[-119,-65],[-140,-57],[-133,-44],[-103,-59],[-76,-47],[-62,-67],[-35,-100],[-11,-106],[6,-79],[18,-70],[73,-108],[48,-29],[101,-36],[54,-4],[83,7],[41,22],[76,56],[98,55],[117,17],[143,-1],[73,-12],[125,-50],[120,-53],[154,-109],[106,-93],[87,-113],[57,-97],[52,-64],[39,-21],[44,-7],[44,8],[67,36],[162,98],[141,129],[49,72],[36,80],[21,65],[12,83],[-7,109],[-25,157],[-28,118],[-12,97],[3,70],[26,80],[56,70],[61,41],[70,18],[59,-5],[47,-25],[39,-37],[29,-54],[18,-69],[0,-83],[-22,-264],[3,-93],[29,-72],[41,-53],[70,-48],[107,-37],[89,-41],[60,-28],[48,-35],[17,-49],[-3,-53],[-15,-37],[-77,-142],[-52,-143],[-40,-148],[-18,-120],[-10,-129],[-1,-128],[-1,-118],[0,-57],[-33,-177],[-30,-221],[-22,-164],[-31,-231],[-63,-251],[-80,-268],[-30,-103],[-97,-208],[-56,-121],[-31,-89],[-15,-72],[-5,-73],[5,-73],[13,-60],[30,-91],[49,-81],[43,-52],[46,-26],[61,-17],[63,-6],[62,9],[58,26],[57,50],[68,87],[65,102],[77,98],[101,82],[100,82],[90,55],[50,12],[51,1],[50,-5],[53,-33],[38,-36],[21,-37],[14,-55],[9,-58],[8,-50],[8,-144],[16,-110],[7,-130],[-6,-123],[-12,-91],[-41,-117],[-54,-110],[-47,-86],[-38,-68],[-33,-61],[-20,-94],[-4,-128],[19,-113],[51,-102],[60,-63],[70,-49],[81,-24],[75,-5],[91,25],[122,57],[118,100],[73,89],[58,113],[44,110],[40,67],[48,50],[48,6],[48,-8],[39,-30],[17,-57],[17,-132],[19,-94],[7,-102],[1,-51],[-14,-77],[-31,-65],[-60,-66],[-86,-85],[-92,-78],[-77,-66],[-99,-92],[-107,-82],[-140,-142],[-189,-168],[-91,-77],[-141,-121],[-62,-68],[-79,-102],[-57,-90],[-64,-115],[-33,-71],[-37,-63],[-44,-54],[-63,-40],[-67,-35],[-51,-8],[-61,3],[-97,30],[-58,39],[-54,66],[-38,60],[-33,108],[-28,91],[-38,95],[-29,58],[-40,45],[-37,9],[-80,0],[-176,-14],[-210,-3],[-287,-19],[-66,-5],[-143,-33],[-114,-34],[-125,-51],[-135,-90],[-84,-85],[-52,-62],[-33,-61],[-16,-54],[-8,-71],[8,-65],[20,-52],[43,-63],[62,-65],[75,-37],[76,-20],[99,-9],[59,4],[169,28],[111,28],[118,23],[114,37],[123,30],[81,6],[98,-2],[73,-2],[49,-6],[110,-43],[91,-65],[69,-64],[51,-68],[31,-56],[19,-67],[7,-70],[-10,-70],[-32,-76],[-57,-76],[-64,-56],[-109,-59],[-80,-43],[-54,-54],[-43,-60],[-23,-60],[-3,-64],[5,-58],[21,-69],[38,-77],[54,-67],[59,-71],[78,-96],[133,-135],[108,-76],[122,-47],[97,-17],[53,-9],[38,3],[61,22],[46,24],[45,37],[44,82],[18,59],[12,70],[-3,54],[-12,58],[-16,64],[-24,61],[-27,48],[-73,90],[-87,126],[-39,95],[-8,53],[0,82],[19,80],[58,84],[110,176],[150,258],[121,208],[62,79],[74,48],[64,17],[58,1],[102,-22],[84,-35],[64,-34],[49,-37],[84,-108],[75,-138],[31,-84],[24,-87],[12,-151],[-1,-183],[-10,-49],[-37,-112],[-74,-108],[-98,-128],[-134,-142],[-116,-123],[-80,-100],[-36,-57],[-32,-81],[-10,-49],[7,-50],[18,-61],[11,-21],[18,-20],[40,-19],[38,-6],[41,-6],[41,4],[48,8],[143,31],[71,24],[194,99],[108,55],[95,54],[121,51],[130,47],[80,36],[44,30],[58,50],[24,21],[34,49],[29,63],[16,33],[36,112],[39,139],[48,135],[64,204],[38,119],[30,68],[25,36],[34,28],[41,13],[35,2],[26,-9],[24,-13],[26,-38],[30,-83],[42,-88],[78,-146],[74,-124],[66,-130],[54,-130],[54,-180],[47,-159],[22,-72],[4,-30],[13,-91],[4,-87],[8,-103],[10,-171],[14,-93],[3,-76],[-9,-123],[-15,-136],[-8,-74],[-8,-112],[0,-96],[6,-73],[17,-80],[33,-80],[30,-52],[54,-54],[56,-39],[68,-28],[52,-11],[43,0],[47,11],[39,29],[47,56],[41,59],[38,68],[34,99],[43,96],[60,67],[64,56],[77,35],[76,17],[50,-8],[64,-19],[49,-29],[40,-40],[43,-70],[29,-60],[12,-52],[9,-74],[-2,-65],[-14,-53],[-19,-44],[-96,-148],[-87,-135],[-92,-156],[-82,-142],[-127,-168],[-46,-62],[-29,-66],[-12,-62],[-3,-33],[-4,-46],[3,-34],[13,-47],[24,-42],[36,-43],[40,-32],[44,-25],[64,-12],[65,-7],[93,-15],[96,-20],[178,-41],[129,-31],[99,-29],[103,-32],[68,-28],[71,-29],[38,-20],[53,-34],[63,-40],[88,-74],[52,-32],[62,-19],[51,-11],[53,-4],[52,5],[36,18],[24,34],[15,34],[11,61],[0,79],[-4,89],[-1,123],[-4,75],[-13,96],[-24,77],[-67,119],[-110,157],[-59,117],[-15,56],[-2,36],[6,36],[18,22],[45,35],[62,36],[49,24],[84,28],[95,22],[101,24],[66,9],[88,11],[115,-2],[79,-6],[100,-22],[80,-43],[57,-48],[71,-88],[58,-100],[36,-79],[54,-99],[33,-38],[53,-49],[51,-31],[56,-21],[42,-7],[16,1],[16,2],[29,13],[26,20],[25,32],[20,45],[18,69],[14,96],[10,97],[16,105],[20,110],[14,42],[26,27],[43,15],[54,2],[53,-23],[49,-31],[57,-54],[48,-61],[53,-93],[49,-96],[17,-41],[17,-41],[8,-24],[8,-25],[2,-13],[11,-87],[16,-56],[31,-77],[7,-20],[8,-19],[137,-332],[80,-158],[117,-129],[89,-68],[139,-54],[106,8],[58,35],[58,36],[93,102],[77,169],[11,172],[9,136],[40,177],[-34,251],[-90,235],[-104,158],[-21,177],[30,98],[51,43],[120,7],[180,-53],[110,-48],[74,-54],[38,-110],[15,-251],[41,-328],[-47,-394],[-65,-390],[-5,-159],[17,-158],[83,-132],[105,-88],[132,-21],[55,7],[55,6],[77,-13],[53,-61],[-42,-84],[-102,-268],[-27,-84],[-27,-83],[-27,-175],[-14,-302],[29,-538],[59,-168],[66,-149],[114,-130],[72,-53],[88,-14],[69,27],[37,67],[73,179],[27,223],[-18,223],[57,258],[50,163],[82,87],[102,40],[132,0],[268,-58],[318,-111],[202,-71],[396,-180],[121,-24],[105,12],[69,40],[41,70],[-1,104],[-71,171],[-123,204],[-126,340],[-74,477],[10,140],[50,116],[80,96],[115,39],[200,0],[149,-8],[196,-59],[214,-120],[228,-205],[139,-218],[115,-233],[121,-166],[111,-86],[137,-22],[119,44],[163,90],[123,107],[179,77],[125,32],[87,-13],[86,-62],[113,-174],[68,-59],[98,-53],[83,-76],[74,-86],[41,-71],[110,-251],[156,-249],[45,-109],[142,-343],[89,-217],[51,-549],[26,-106],[26,-106],[2,-58],[-19,-80],[-59,-184],[-40,-100],[-40,-100],[-13,-130],[13,-95],[38,-59],[84,-37],[92,-3],[186,122],[136,137],[109,75],[120,51],[112,12],[123,-30],[83,-53],[57,-83],[1,-103],[12,-138],[-13,-286],[-70,-298],[-134,-312],[-124,-251],[-50,-214],[-39,-165],[2,-207],[101,-169],[189,-175],[190,-130],[236,-136],[401,-168],[180,-104],[114,-80],[78,-97],[49,-117],[15,-128],[-57,-93],[-162,-103],[-356,-25],[-164,18],[-139,94],[-138,153],[-105,116],[-244,-7],[-239,-54],[-120,-59],[-53,-67],[-22,-76],[-4,-98],[30,-125],[47,-252],[93,-237],[70,-119],[82,-51],[93,-21],[67,34],[50,60],[-17,120],[22,119],[66,134],[102,105],[174,80],[132,19],[67,-6],[42,-72],[42,-72],[42,-52],[131,-43],[117,-112],[73,-148],[31,-128],[72,-168],[27,-115],[-42,-165],[-72,-184],[-101,-167],[-92,-52],[-102,-28],[-169,26],[-143,151],[-49,126],[-39,101],[-45,43],[-97,4],[-63,-78],[-151,-186],[-98,-121],[-80,-154],[-4,-130],[-5,-140],[35,-181],[73,-169],[9,-16],[103,-172],[135,-121],[133,-214],[214,-121],[142,-37],[146,-8],[100,63],[85,113],[59,129],[90,108],[108,46],[107,-50],[21,-81],[-19,-117],[-27,-170],[-100,-162],[-177,-158],[-75,-108],[-59,-118],[-97,-259],[-11,-167],[16,-166],[103,-125],[144,-68],[213,-22],[362,89],[342,152],[235,76],[282,38],[358,-61],[156,-112],[59,-125],[16,-118],[-22,-133],[-114,-288],[-75,-189],[-95,-179],[-200,-240],[-118,-100],[-35,-107],[45,-104],[40,-31],[144,-31],[282,-34],[426,16],[146,16],[146,-10],[159,-48],[134,-71],[149,-121],[103,-125],[73,-138],[3,-75],[-11,-129],[-37,-175],[-42,-192],[-230,-317],[-166,-210],[-237,-247],[-88,-193],[-128,-314],[-86,-249],[-1,-121],[38,-98],[60,-39],[70,-8],[97,33],[121,69],[228,235],[334,314],[123,78],[142,23],[101,-13],[93,-72],[13,-43],[34,-73],[18,-75],[-20,-74],[-56,-124],[-85,-132],[-53,-83],[-60,-138],[-57,-175],[-83,-409],[-41,-298],[23,-44],[4,-50],[-11,-85],[-17,-133],[-13,-134],[28,-149],[-41,-448],[51,-217],[74,-117],[100,-94],[152,-94],[245,-102],[194,-33],[215,29],[242,140],[288,272],[76,52],[80,-7],[49,-36],[33,-71],[41,-118],[30,-134],[-3,-76],[-28,-127],[-78,-177],[-211,-414],[-162,-333],[-27,-81],[-33,-99],[-71,-259],[-5,-197],[-39,-269],[-50,-171],[-95,-271],[-26,-234],[35,-252],[58,-157],[69,-78],[147,-73],[86,-43],[89,-62],[165,-158],[178,-104],[190,-111],[193,-41],[159,31],[160,30],[37,-9],[37,-10],[41,-69],[-20,-134],[-4,-204],[-49,-126],[-59,-77],[-162,-161],[-69,-74],[-458,-490],[-160,-219],[-67,-125],[-42,-157],[26,-232],[40,-195],[-51,-80],[-86,-83],[-55,-7],[-100,31],[-87,140],[-49,79],[-75,49],[-71,30],[-159,0],[-216,21],[-134,38],[-136,20],[-91,-2],[-74,-20],[-82,-47],[-85,-66],[-122,-176],[-113,-162],[-65,-135],[-34,-91],[2,-91],[17,-145],[61,-111],[74,-62],[103,-57],[114,-18],[111,36],[98,64],[164,145],[141,170],[109,54],[121,3],[21,-10],[89,-42],[81,-94],[24,-38],[110,-174],[250,-494],[36,-190],[-31,-191],[-62,-99],[-71,-47],[-119,4],[-28,17],[-102,60],[-111,65],[-150,59],[-298,69],[-524,231],[-235,49],[-190,-29],[-94,-35],[-42,-54],[-19,-66],[-6,-76],[14,-84],[96,-124],[111,-110],[150,-87],[216,-43],[390,-30],[147,-27],[321,-105],[215,-91],[406,-149],[426,-61],[468,14],[510,78],[155,2],[206,-37],[157,-88],[154,-169],[134,-146],[134,-59],[127,-27],[101,18],[90,54],[133,143],[249,316],[116,83],[129,-5],[78,-58],[18,-73],[-47,-107],[-104,-121],[-83,-97],[-31,-85],[1,-71],[5,-47],[4,-47],[74,-107],[73,-80],[113,-47],[150,-28],[240,34],[324,129],[149,119],[130,119],[92,46],[99,-15],[235,-254],[167,-153],[320,-325],[100,-182],[66,-198],[71,-168],[-3,-90],[-40,-190],[-68,-181],[-119,-201],[-128,-148],[-135,-80],[-107,-29],[-109,18],[-86,73],[-35,164],[16,274],[-95,316],[-116,259],[-118,113],[-145,70],[-102,7],[-61,-48],[-41,-67],[-15,-79],[4,-80],[-7,-80],[-30,-112],[-72,-129],[-130,-112],[-170,-146],[-163,-60],[-369,-98],[-165,-63],[-121,-81],[-51,-68],[-19,-102],[31,-99],[30,-34],[70,-82],[69,-81],[51,-95],[126,-302],[216,-237],[192,-148],[290,-118],[274,-38],[250,2],[350,-110],[271,-85],[277,-61],[306,-41],[283,2],[183,-36],[103,-56],[25,-79],[-52,-133],[-144,-177],[-85,-103],[-45,-129],[1,-137],[92,-197],[220,-314],[160,-136],[131,-84],[126,-34],[156,23],[128,51],[73,102],[-4,86],[-61,128],[-33,224],[33,133],[105,80],[178,4],[235,-76],[203,17],[222,45],[134,-7],[96,-44],[58,-66],[25,-86],[-25,-113],[-58,-99],[-100,-115],[-120,-55],[-94,-26],[-98,-2],[-96,22],[-97,6],[-112,-33],[-67,-49],[-46,-54],[-33,-78],[11,-107],[36,-52],[38,-40],[55,-22],[59,-6],[56,18],[47,73],[43,66],[77,39],[154,16],[114,0],[112,-26],[102,-68],[136,-91],[87,-110],[103,-132],[154,-131],[113,-70],[155,-25],[111,-35],[58,-44],[33,-67],[-12,-124],[-57,-182],[-82,-128],[-170,-194],[-81,-134],[-44,-110],[-29,-130],[8,-133],[74,-124],[109,-71],[150,-79],[189,-47],[193,72],[100,48],[94,19],[76,-12],[80,-55],[102,-124],[91,-141],[166,-230],[115,-168],[81,-139],[76,-222],[90,-356],[63,-341],[18,-376],[-9,-310],[-6,-209],[79,-192],[65,-52],[166,11],[183,146],[134,198],[66,147],[88,86],[110,51],[91,-46],[53,-67],[71,-194],[71,-127],[169,-200],[156,-184],[208,-203],[113,-135],[69,-124],[159,-340],[51,-46],[94,-1],[105,72],[120,108],[63,28],[82,3],[82,-11],[126,-40],[126,-78],[111,-101],[91,-135],[115,-169],[191,-250],[310,-227],[200,-36],[182,13],[188,41],[95,55],[85,70],[49,102],[29,127],[-27,160],[0,81],[18,48],[45,20],[58,-13],[58,-35],[50,-102],[92,-152],[57,-124],[68,-150],[76,-244],[47,-93],[86,-74],[88,-41],[120,-17],[135,6],[122,-17],[141,-37],[455,-169],[198,-73],[174,-97],[95,-89],[61,-119],[34,-109],[-15,-113],[-10,-81],[-50,-62],[-72,-26],[-143,-27],[-144,-15],[-158,58],[-224,82],[-88,10],[-100,-27],[-209,-133],[-280,-132],[-83,-52],[-93,-100],[-50,-80],[-27,-98],[-2,-64],[21,-60],[38,-63],[55,-2],[46,-2],[91,-52],[101,-101],[120,-168],[113,-89],[141,-60],[125,-28],[139,33],[148,49],[110,36],[169,127],[191,80],[214,90],[205,45],[119,-42],[34,-55],[-16,-111],[-92,-159],[-111,-95],[-108,-34],[-168,16],[-95,-12],[-59,-50],[-40,-66],[20,-278],[18,-260],[47,-130],[97,-128],[82,-25],[45,51],[2,91],[14,89],[84,107],[189,88],[325,115],[297,81],[183,10],[180,-39],[166,-84],[116,-119],[76,-117],[16,-87],[-6,-144],[21,-209],[62,-200],[78,-194],[107,-146],[167,-171],[159,-95],[274,-127],[176,-29],[110,41],[12,69],[4,26],[14,79],[26,148],[86,152],[112,92],[99,45],[115,-19],[124,-79],[162,-119],[103,-106],[97,-144],[24,-85],[7,-151],[-46,-197],[-103,-223],[-21,-112],[-12,-114],[14,-113],[52,-78],[115,-6],[124,24],[169,-57],[83,-34],[83,-34],[572,-205],[280,-137],[279,-170],[242,-172],[240,-117],[277,-82],[176,-12],[200,36],[159,49],[98,103],[35,117],[-6,107],[-34,275],[-1,110],[67,141],[201,228],[132,71],[124,19],[124,-9],[121,-33],[113,-14],[154,21],[116,15],[69,-13],[76,-68],[116,-123],[93,-98],[76,-114],[41,-150],[77,-183],[47,-154],[25,-218],[-11,-206],[20,-157],[56,-107],[103,-99],[116,-27],[85,40],[58,78],[78,187],[16,204],[37,165],[53,110],[120,58],[82,-25],[74,-68],[94,-197],[140,-309],[146,-325],[92,-368],[68,-273],[19,-244],[-76,-127],[-42,-25],[-85,5],[-87,48],[-107,194],[-115,210],[-209,255],[-152,125],[-166,101],[-173,47],[-139,-13],[-186,-57],[-186,-131],[-106,-115],[-117,-194],[-86,-171],[-143,-150],[-80,-127],[-64,-188],[-16,-129],[52,-117],[119,-89],[113,-57],[95,-3],[35,49],[5,115],[49,103],[82,75],[110,36],[97,-20],[88,-70],[174,-236],[98,-132],[97,-132],[-18,-135],[-59,-121],[-62,-12],[-80,66],[-79,65],[-50,-1],[-37,-9],[-42,-35],[1,-56],[38,-69],[27,-59],[71,-53],[155,-69],[89,-40],[78,-59],[72,-92],[51,-118],[47,-63],[60,-49],[128,-95],[255,-175],[155,-66],[127,-5],[102,23],[36,68],[10,58],[10,58],[-53,103],[-103,115],[-103,115],[-30,91],[32,108],[60,51],[75,15],[106,-28],[90,-66],[121,-154],[61,-139],[27,-96],[0,-99],[-17,-98],[-66,-120],[-65,-101],[-37,-42],[-20,-42],[13,-60],[31,-58],[92,-30],[174,-56],[174,-57],[289,-138],[316,-183],[287,-191],[397,-285],[260,-200],[89,-58],[89,-58],[283,-117],[221,-44],[124,-44],[109,-75],[60,-74],[10,-120],[-37,-147],[-67,-98],[-121,-59],[-99,-33],[-99,-33],[-68,-80],[-24,-53],[6,-25],[18,-81],[5,-20],[10,-13],[13,-29],[38,-1],[137,5],[102,9],[81,7],[85,5],[65,-7],[47,-6],[85,-27],[54,-15],[58,-26],[44,-26],[50,-38],[59,-61],[36,-41],[26,-31],[103,-168],[17,-50],[26,-46],[30,-39],[45,-40],[45,-41],[58,-34],[53,-31],[42,-19],[85,-36],[34,-27],[39,-14],[83,-41],[68,-32],[67,-32],[53,-22],[46,-32],[39,-35],[27,-31],[7,-29],[16,-36],[2,-49],[-11,-131],[-2,-41],[-11,-47],[-17,-48],[-22,-45],[-53,-72],[-44,-52],[-49,-50],[-58,-56],[-34,-28],[-39,-25],[-43,-31],[-44,-18],[-20,-4],[-23,-5],[-88,-11],[-87,-9],[-44,-8],[-86,-12],[-41,-7],[-83,-30],[-75,-44],[-40,-21],[-69,-53],[-93,-95],[-29,-33],[-50,-80],[-11,-48],[-10,-91],[-1,-46],[15,-92],[11,-45],[13,-45],[36,-82],[19,-43],[41,-84],[17,-43],[13,-44],[15,-90],[10,-139],[-2,-49],[-35,-130],[-23,-42],[-35,-29],[-37,-25],[-43,-10],[-86,1],[-43,6],[-86,19],[-43,-2],[-84,-24],[-188,-111],[-36,-27],[-33,-30],[-28,-35],[-23,-40],[-21,-13],[5,-32],[10,-94],[3,-44],[13,-46],[35,-85],[142,-280],[93,-152],[59,-68],[29,-32],[32,-39],[26,-26],[66,-68],[69,-63],[77,-55],[80,-46],[83,-41],[42,-15],[46,-12],[92,-7],[93,-3],[45,0],[93,14],[87,17],[44,13],[83,34],[39,12],[53,19],[48,12],[40,-18],[18,-44],[8,-49],[7,-50],[1,-49],[-3,-46],[-17,-96],[-29,-95],[-19,-44],[-50,-79],[-57,-80],[-25,-28],[-28,-38],[-53,-73],[-54,-79],[-23,-42],[-19,-45],[-51,-184],[-14,-98],[-6,-98],[-2,-48],[4,-48],[14,-48],[19,-41],[23,-43],[35,-34],[39,-24],[42,3],[71,68],[28,22],[31,57],[70,124],[49,85],[58,78],[33,34],[81,51],[44,10],[57,1],[64,-37],[44,-37],[50,-41],[61,-74],[24,-61],[-16,-242],[-14,-97],[-55,-190],[-33,-91],[-16,-48],[-17,-95],[-10,-49],[-10,-149],[4,-49],[4,-49],[-14,-99],[-13,-44],[-44,-88],[-23,-43],[-27,-41],[-30,-37],[-49,-61],[-46,-27],[-56,-27],[-42,-17],[-44,-10],[-49,-4],[-66,6],[-20,6],[-43,17],[-43,23],[-37,27],[-33,35],[-61,78],[-23,41],[-21,46],[-14,45],[-16,46],[-35,39],[-42,20],[-46,-8],[-29,-35],[-16,-48],[0,-49],[3,-48],[7,-48],[13,-48],[20,-43],[172,-236],[25,-41],[22,-53],[13,-52],[3,-48],[-1,-37],[-10,-50],[-28,-84],[-19,-45],[-33,-57],[-32,-49],[-31,-44],[-40,-27],[-38,-17],[-45,-6],[-40,23],[-34,48],[-20,70],[-23,81],[-15,57],[-9,50],[-11,50],[-5,36],[-17,45],[-23,47],[-30,48],[-39,36],[-39,25],[-49,10],[-93,1],[-46,-7],[-48,-14],[-93,-46],[-42,-34],[-25,-38],[11,-66],[15,-43],[5,-22],[12,-46],[30,-85],[39,-88],[41,-92],[53,-80],[85,-90],[45,-24],[54,-7],[59,-3],[81,-8],[66,-11],[132,-22],[86,-14],[93,-12],[106,-11],[73,-7],[41,-2],[52,-2],[38,0],[91,6],[88,0],[90,-1],[182,-13],[87,-5],[88,-10],[90,-11],[88,-12],[43,-7],[82,-23],[84,-32],[83,-37],[37,-24],[37,-24],[134,-122],[30,-36],[50,-80],[54,-118],[22,-53],[9,-45],[3,-47],[-5,-45],[-14,-43],[-22,-38],[-35,-28],[-36,-24],[-83,-32],[-41,-8],[-46,6],[-39,21],[-29,36],[-24,38],[-28,89],[-17,39],[-36,27],[-37,23],[-82,27],[-84,18],[-86,3],[-42,-7],[-44,-6],[-81,-27],[-79,-40],[-58,-24],[-41,-39],[-9,-45],[11,-48],[31,-38],[27,-39],[32,-35],[67,-60],[73,-57],[74,-47],[268,-139],[198,-91],[120,-60],[234,-136],[158,-83],[372,-149],[39,-25],[34,-27],[50,-78],[2,-43],[-3,-44],[-12,-43],[-31,-87],[-15,-42],[-48,-77],[-54,-70],[-23,-38],[-138,-338],[-55,-123],[-44,-60],[-30,-56],[-49,-78],[-49,-71],[-29,-55],[-22,-51],[-22,-18],[-31,-61],[-34,-60],[-37,-42],[-19,-43],[-22,-94],[-15,-76],[-14,-54],[-32,-75],[-39,-69],[-31,-70],[-44,-76],[-62,-57],[-36,-32],[-34,-22],[-42,-19],[-45,-8],[-29,14],[-45,53],[-63,47],[-55,37],[-46,23],[-43,19],[-92,16],[-82,1],[-86,-2],[-85,-9],[-82,-16],[-56,-18],[-67,-47],[-34,-32],[-13,-37],[9,-57],[9,-64],[26,-82],[27,-97],[24,-80],[66,-127],[26,-58],[14,-56],[19,-62],[5,-39],[-9,-39],[-51,-32],[-55,-4],[-70,8],[-71,13],[-48,9],[-46,5],[-37,7],[-36,12],[-85,41],[-61,42],[-55,54],[-74,80],[-66,83],[-56,61],[-40,25],[-40,22],[-43,-15],[-57,-75],[-49,-63],[-41,-54],[-24,-61],[-30,-67],[-39,-61],[-71,-104],[-49,-75],[-39,-62],[-26,-78],[-14,-64],[9,-87],[9,-41],[41,-69],[43,-63],[49,-54],[56,-39],[60,-27],[72,-24],[80,-20],[121,-16],[41,-11],[38,-29],[18,-47],[0,-47],[-56,-67],[-42,-41],[-76,-57],[-50,-40],[-33,-48],[-36,-63],[-51,-104],[-24,-91],[-7,-51],[3,-49],[2,-38],[18,-57],[30,-3],[53,-2],[63,21],[63,19],[52,22],[30,22],[39,27],[81,45],[61,27],[66,17],[46,10],[48,5],[78,-3],[28,-1],[90,-23],[46,-23],[37,-25],[35,-36],[26,-42],[18,-35],[31,-83],[15,-33],[10,-57],[-1,-65],[14,-114],[20,-85],[17,-50],[24,-38],[40,-26],[52,-3],[74,51],[151,150],[126,141],[81,102],[58,79],[25,35],[12,31],[40,37],[47,33],[51,6],[40,-7],[44,-44],[7,-25],[12,-33],[16,-43],[32,-63],[35,-63],[22,-45],[15,-51],[49,-134],[43,-106],[34,-92],[30,-126],[37,-117],[37,-91],[34,-47],[40,-40],[43,-23],[48,7],[32,24],[28,53],[21,75],[8,106],[21,141],[-1,77],[-7,96],[-18,72],[-28,93],[-23,65],[-5,55],[6,82],[15,44],[21,41],[29,25],[52,9],[83,-26],[33,-30],[62,-76],[89,-148],[58,-112],[45,-114],[27,-73],[17,-68],[16,-53],[6,-133],[-9,-110],[-6,-106],[-14,-127],[-22,-145],[-18,-93],[-22,-92],[-26,-87],[-33,-108],[-29,-100],[-43,-177],[-2,-51],[0,-67],[6,-63],[11,-62],[24,-44],[31,-43],[51,-42],[148,-81],[55,-34],[60,-44],[75,-67],[85,-64],[71,-64],[27,-32],[38,-89],[14,-39],[12,-57],[-11,-58],[-50,-27],[-58,-1],[-80,4],[-69,6],[-158,-32],[-49,-22],[-82,-53],[-37,-42],[-62,-106],[-69,-124],[-57,-69],[-34,-21],[-47,-54],[-91,-96],[-46,-44],[-60,-40],[-60,-36],[-72,-13],[-63,-3],[-45,21],[-108,66],[-87,39],[-51,14],[-62,7],[-89,-12],[-114,-29],[-89,-38],[-79,-42],[-51,-42],[-44,-52],[-39,-56],[-37,-74],[-25,-75],[-17,-65],[-11,-64],[-10,-78],[43,-42],[49,-22],[90,-5],[87,-17],[92,-8],[90,-9],[70,-6],[141,-3],[115,8],[122,15],[99,18],[89,18],[139,5],[87,-2],[62,-7],[40,-16],[45,-27],[28,-37],[10,-43],[-12,-43],[-28,-40],[-37,-37],[-66,-63],[-116,-65],[-44,-25],[-86,-56],[-88,-64],[-31,-53],[-27,-59],[35,-66],[54,-82],[49,-52],[30,-51],[48,-76],[40,-55],[95,-86],[67,-82],[51,-53],[73,-60],[79,-74],[73,-67],[102,-94],[102,-73],[88,-66],[89,-58],[40,-24],[76,-31],[96,-47],[90,-51],[82,-54],[85,-73],[66,-57],[40,-24],[58,-35],[11,-61],[12,-51],[-1,-45],[-37,-39],[-51,-25],[-100,-27],[-111,-18],[-108,-18],[-131,-16],[-80,-26],[-25,-19],[-20,-59],[-5,-52],[1,-45],[-5,-32],[24,-49],[34,-33],[36,-34],[39,-25],[88,-31],[95,-9],[92,0],[187,8],[52,2],[37,-1],[189,67],[147,-67],[-10,-119],[-215,-411],[-1,-323],[-110,-109],[-36,10],[-41,26],[-36,29],[-151,187],[-45,57],[-32,56],[-26,48],[-26,33],[-37,23],[-52,-13],[-63,-41],[-101,-68],[-67,-76],[-71,-96],[-91,-171],[-32,-93],[-12,-46],[-31,-155],[-16,-86],[-11,-114],[-13,-112],[-15,-179],[-30,-97],[-39,-89],[-29,-40],[-32,-35],[-41,-14],[-41,25],[-64,112],[-37,77],[-51,128],[-31,88],[-15,73],[-22,53],[-29,34],[-36,5],[-58,-27],[-31,-30],[-46,-83],[-50,-80],[-20,-46],[-11,-48],[-7,-48],[0,-31],[14,-31],[30,-38],[31,-29],[49,-41],[58,-33],[59,-34],[55,-36],[49,-36],[60,-46],[90,-85],[71,-61],[71,-65],[72,-71],[28,-39],[51,-91],[6,-11],[18,-33],[27,-60],[13,-52],[8,-53],[5,-73],[5,-91],[2,-85],[7,-87],[11,-116],[8,-51],[8,-39],[2,-58],[8,-229],[5,-358],[1,-183],[-6,-90],[-13,-92],[-19,-100],[-40,-177],[-36,-133],[-40,-125],[-31,-90],[-24,-83],[-5,-46],[8,-48],[15,-34],[23,-41],[29,-34],[173,-261],[46,-75],[57,-65],[29,-33],[53,-42],[76,-15],[39,1],[69,47],[52,70],[43,78],[43,75],[98,202],[43,74],[54,69],[29,29],[38,49],[78,39],[43,21],[41,-12],[36,-30],[13,-46],[12,-97],[-2,-98],[-9,-98],[-3,-50],[1,-249],[-3,-49],[-6,-48],[-9,-46],[-28,-95],[-48,-142],[-36,-90],[-31,-93],[-30,-88],[-18,-40],[0,-186],[9,-5],[40,-20],[130,-23],[174,-13],[138,-4],[137,-10],[46,-12],[59,-30],[13,-18],[9,-47],[-11,-49],[-19,-30],[-8,-15],[-28,-32],[-30,-29],[-45,-75],[-41,-73],[-32,-82],[-30,-80],[-21,-77],[-18,-88],[-12,-42],[-5,-43],[0,-44],[14,-84],[7,-47],[33,-76],[47,-74],[57,-70],[60,-64],[51,-64],[53,-69],[58,-60],[49,-68],[75,-94],[34,-29],[29,-29],[48,-70],[96,-81],[71,-42],[38,-20],[40,-16],[95,-18],[170,-5],[80,13],[126,21],[82,19],[35,13],[73,36],[40,14],[167,-18],[82,-20],[59,-94],[61,-260],[77,-119],[88,-108],[157,-30],[123,10],[231,167],[97,-18],[18,-88],[-29,-108],[-106,-130],[-192,-187],[-72,-87],[-72,-87],[-15,-115],[38,-150],[147,-100],[259,-105],[200,-83],[106,-125],[78,-212],[273,-634],[108,-226],[91,-83],[74,18],[67,70],[49,190],[0,236],[-84,293],[-56,190],[-8,130],[70,102],[107,8],[130,-19],[88,-51],[87,-81],[59,-65],[34,-140],[-6,-97],[-65,-247],[-76,-269],[8,-197],[50,-174],[89,-91],[122,10],[132,6],[117,-45],[347,-284],[185,-217],[143,-259],[25,-148],[-32,-77],[-52,-12],[-126,79],[-136,87],[-152,51],[-270,5],[-280,-31],[-281,9],[-265,-31],[-98,-56],[-21,-69],[11,-50],[100,-170],[261,-264],[109,-79],[86,3],[139,137],[151,103],[99,55],[133,37],[127,-4],[84,-61],[28,-100],[-33,-100],[-148,-140],[-195,-117],[-112,-109],[-65,-86],[-35,-82],[-12,-50],[-5,-82],[42,-85],[107,-113],[72,-63],[83,-53],[115,-29],[104,40],[125,110],[191,190],[120,83],[80,15],[69,-19],[50,-52],[39,-71],[35,-93],[4,-463],[-2,-446],[-83,-472],[-60,-249],[1,-145],[46,-80],[84,-47],[147,19],[190,151],[169,106],[91,47],[50,-16],[54,-50],[-13,-114],[-114,-165],[-79,-175],[-81,-208],[-94,-127],[-79,-39],[-67,-15],[-59,16],[-58,143],[-73,133],[-78,36],[-98,6],[-102,-66],[-73,-84],[-38,-124],[-17,-162],[-71,-166],[-78,-162],[-26,-131],[10,-126],[45,-63],[59,-28],[77,17],[50,67],[51,69],[57,26],[73,1],[35,-92],[-20,-71],[-48,-124],[-40,-200],[3,-103],[64,-96],[80,-43],[105,-9],[101,51],[114,84],[103,37],[101,-55],[74,-144],[52,-208],[29,-212],[-6,-110],[-53,-77],[-58,-6],[-174,119],[-125,69],[-110,5],[-76,-26],[-31,-67],[-10,-87],[46,-218],[55,-223],[56,-224],[60,-212],[104,-196],[57,-65],[56,-64],[21,-35],[50,-71],[43,-55],[45,-59],[49,-42],[58,-58],[26,-5],[20,-5],[32,-7],[40,10],[57,21],[57,21],[231,150],[150,98],[164,81],[86,-1],[84,-77],[98,-157],[84,-292],[37,-197],[-4,-185],[-30,-112],[-33,-67],[-72,-32],[-98,35],[-99,22],[-165,-22],[-81,-55],[-93,-56],[-16,-17],[-72,-79],[-65,-144],[-49,-114],[-38,-88],[-23,-54],[-37,-66],[-15,-46],[-2,-14],[-2,-48],[9,-47],[15,-33],[16,-39],[20,-50],[16,-27],[13,-13],[17,-6],[240,25],[80,12],[50,-1],[81,-18],[64,-15],[64,-15],[15,-9],[70,-34],[19,-9],[23,-29],[24,-28],[60,-142],[7,-56],[7,-55],[22,-90],[32,-87],[65,-76],[113,34],[115,124],[86,68],[33,27],[134,37],[103,27],[66,3],[20,-5],[16,-15],[7,-25],[5,-63],[-31,-136],[-48,-224],[-36,-128],[-6,-29],[-3,-41],[6,-62],[7,-75],[5,-68],[8,-51],[16,-26],[31,-34],[23,-26],[27,-35],[26,-9],[40,7],[65,4],[48,-8],[115,-19],[52,-11],[2,-2],[11,-2],[67,-41],[80,-69],[139,-159],[75,-132],[42,-130],[40,-208],[21,-201],[26,-172],[8,-101],[4,-41],[1,-18],[0,-41],[1,-132],[0,-176],[-1,-44],[-24,-132],[-51,-102],[-72,-82],[-86,-49],[-58,-35],[-96,-22],[-85,-27],[-166,-46],[-88,-51],[-63,-60],[-76,-111],[-14,-53],[5,-63],[37,-89],[42,-57],[67,-44],[69,-30],[113,-43],[196,-47],[147,-11],[89,-10],[106,-15],[98,-37],[158,-86],[80,-69],[56,-73],[39,-84],[36,-109],[20,-126],[-11,-128],[-22,-141],[-30,-166],[-57,-202],[-26,-99],[-24,-174],[-45,-179],[-33,-63],[-27,-42],[-36,-30],[-61,-6],[-59,13],[-50,18],[-57,13],[-70,18],[-45,2],[-40,-3],[-38,-30],[-18,-39],[-13,-74],[19,-83],[10,-33],[82,-116],[148,-147],[134,-126],[96,-63],[142,-55],[53,10],[44,32],[31,52],[4,76],[4,401],[-2,112],[6,99],[40,89],[48,80],[171,185],[115,92],[96,37],[91,-3],[72,-30],[42,-73],[17,-102],[27,-222],[18,-240],[18,-282],[24,-72],[45,-92],[79,-215],[89,-190],[49,-144],[18,-115],[8,-141],[-14,-131],[-34,-125],[-43,-60],[-25,-53],[-18,-65],[8,-52],[25,-45],[86,-76],[107,-124],[107,-90],[89,-47],[95,-33],[144,-29],[58,12],[55,24],[50,77],[37,73],[13,237],[3,175],[-29,202],[-32,121],[-36,74],[-27,90],[-79,132],[-9,48],[25,63],[27,44],[92,25],[106,-3],[78,-28],[81,-49],[72,-49],[139,-138],[58,-106],[33,-96],[11,-129],[-2,-130],[-39,-124],[-55,-128],[-39,-98],[-21,-100],[11,-83],[87,-87],[113,-168],[157,-257],[41,-126],[59,-120],[28,-179],[14,-137],[-16,-119],[-41,-111],[-23,-36],[-33,-14],[-2,-1],[-6,2],[-24,7],[-42,19],[-6,9],[-6,5],[-4,10],[-42,51],[-33,24],[-82,35],[-43,18],[-42,11],[-43,-10],[-14,-21],[-9,-14],[0,-43],[20,-51],[65,-125],[22,-48],[13,-36],[34,-155],[10,-103],[6,-154],[-4,-112],[-4,-192],[4,-84],[24,-177],[17,-105],[58,-219],[30,-188],[17,-73],[12,-189],[-8,-61],[-20,-99],[-27,-151],[-9,-85],[-2,-82],[13,-98],[38,-78],[41,-69],[64,-77],[268,-244],[256,-227],[179,-173],[42,-50],[18,-20],[-8,-36],[-1,-38],[-17,-27],[-32,-10],[-41,-19],[-39,-8],[-40,-2],[-35,8],[-46,12],[-47,22],[-229,89],[-30,21],[-34,8],[-38,-4],[-41,-4],[-22,-23],[-22,-33],[-39,-30],[-35,-63],[-25,-38],[-15,-45],[-10,-43],[-5,-48],[15,-61],[25,-40],[40,-41],[175,-119],[178,-135],[96,-63],[24,-40],[53,-96],[27,-60],[29,-79],[16,-69],[14,-106],[7,-47],[6,-58],[-3,-52],[-2,-60],[-3,-93],[-10,-70],[-7,-59],[-3,-40],[-10,-52],[-26,-121],[-14,-44],[-30,-54],[-42,-42],[-29,-28],[-59,-30],[-72,-33],[-42,-21],[-41,-34],[-52,-29],[-42,-52],[-40,-50],[-22,-42],[-38,-66],[-8,-64],[-10,-69],[6,-52],[3,-44],[19,-74],[26,-69],[64,-116],[50,-48],[94,-43],[29,-5],[95,20],[62,20],[100,47],[71,12],[109,9],[47,-1],[87,-12],[52,-17],[32,-29],[16,-41],[29,-58],[15,-44],[7,-14],[114,-286],[24,-61],[16,-41],[8,-40],[151,-538],[6,-165],[-105,-395],[-151,-275],[-4,-80],[78,-87],[216,-302],[61,-168],[-266,-279],[-121,-70],[-27,-9],[-45,-28],[-87,-59],[-108,-107],[-75,-95],[-53,-55],[-33,-39],[-29,-70],[-20,-72],[0,-46],[14,-55],[17,-36],[28,-32],[53,-43],[88,-28],[105,-48],[74,-28],[60,-16],[25,-14],[54,-37],[21,-12],[95,-133],[-25,-34],[-73,-14],[-44,-37],[-42,-27],[-148,-48],[-209,-78],[-105,-39],[-83,-39],[-56,-41],[-73,-46],[-77,-84],[-60,-74],[-43,-75],[-54,-109],[-42,-100],[-69,-180],[-33,-87],[-39,-84],[-13,-80],[5,-76],[19,-62],[33,-72],[33,-31],[69,-38],[44,-41],[64,-85],[37,-80],[18,-98],[-5,-55],[-10,-86],[-34,-99],[-56,-137],[-67,-148],[-55,-123],[-73,-107],[-57,-68],[-62,-65],[-57,-46],[-120,-80],[-92,-54],[-71,-32],[-103,-46],[-112,-53],[-59,-35],[-38,-49],[-1,-35],[15,-48],[47,-54],[48,-17],[67,-12],[163,-33],[144,-50],[72,-29],[76,-26],[116,-38],[71,-39],[74,-27],[40,-25],[56,-38],[34,-30],[34,-44],[31,-25],[15,-40],[-14,-43],[-12,-31],[-41,-42],[-77,-24],[-115,-49],[-37,-18],[-38,-3],[-25,-7],[-39,-13],[-38,-7],[-43,-10],[-65,-4],[-24,-1],[-34,1],[-30,4],[-31,-3],[-30,-4],[-42,4],[-86,24],[-123,21],[-95,14],[-81,5],[-68,6],[-57,9],[-43,5],[-33,14],[-42,4],[-100,7],[-32,-7],[-31,-12],[-46,6],[-37,-8],[-54,6],[-60,1],[-45,-4],[-42,-10],[-43,-9],[-64,-25],[-48,-42],[-24,-41],[-5,-39],[-2,-78],[15,-111],[12,-56],[-3,-48],[7,-46],[22,-54],[10,-70],[23,-122],[15,-76],[7,-66],[45,-148],[32,-104],[12,-56],[0,-36],[18,-73],[20,-97],[1,-35],[1,-53],[15,-66],[12,-41],[55,-118],[43,-70],[26,-63],[39,-62],[44,-59],[56,-28],[12,-5],[-2,-27],[-3,-45],[-12,-54],[-17,-40],[-32,-44],[-46,-54],[-27,-31],[-13,-32],[-18,-36],[-15,-45],[-31,-56],[-26,-55],[-11,-44],[-1,-56],[-5,-95],[-1,-70],[20,-43],[7,-33],[8,-13],[3,-2],[20,-17],[8,-2],[26,-17],[68,-25],[25,-4],[89,-1],[61,8],[88,27],[136,51],[96,41],[58,3],[33,-1],[25,-12],[5,-2],[36,-32],[8,-40],[-5,-47],[-3,-45],[-2,-112],[1,-82],[-5,-143],[7,-83],[-6,-78],[0,-16],[-4,-163],[-1,-85],[1,-29],[0,0],[1,-28],[7,-58],[15,-44],[22,-72],[11,-49],[16,-103],[10,-54],[4,-12],[13,-38],[0,-1],[20,-75],[12,-40],[32,-69],[70,-160],[49,-92],[13,-57],[1,-31],[1,-19],[-11,-34],[-18,-28],[-15,-12],[-8,-7],[-29,-3],[-42,6],[-66,12],[-68,7],[-121,24],[-36,13],[-35,27],[-37,25],[-110,123],[-116,124],[-56,39],[-54,26],[-48,1],[-1,0],[-7,-2],[-44,-9],[-44,-32],[-26,-29],[-53,-68],[-46,-73],[-67,-125],[-49,-109],[-56,-102],[-59,-117],[-16,-22],[-18,-35],[-98,-149],[-33,-131],[-16,-44],[-75,-173],[0,-1],[-11,-128],[11,-51],[26,-32],[24,-37],[33,-30],[39,-11],[38,-16],[65,-66],[10,-42],[-11,-46],[-25,-40],[-1,-1],[-5,-8],[-26,-24],[-53,-50],[-96,-101],[-68,-64],[-41,-36],[-36,-25],[-38,-23],[-14,-25],[-2,-5],[-6,-3],[-49,-32],[-57,-83],[-78,-109],[-21,-27],[-51,-67],[-50,-75],[-35,-82],[-38,-91],[-27,-73],[-21,-76],[-13,-88],[2,-37],[6,-11],[73,-16],[88,-5],[108,-4],[41,-7],[42,-23],[38,-27],[69,-58],[76,-63],[97,-97],[37,-33],[36,-29],[40,-23],[85,-39],[47,-13],[34,10],[9,12],[2,51],[-18,118],[-9,53],[45,150],[33,78],[22,7],[2,4],[85,26],[52,2],[83,-37],[34,-27],[34,-29],[27,-45],[9,-35],[1,-52],[-68,-184],[-59,-133],[-53,-185],[-26,-91],[-17,-101],[-6,-144],[8,-49],[17,-42],[45,-67],[69,-13],[48,1],[41,16],[2,1],[104,91],[93,103],[29,39],[30,29],[17,-7],[18,-41],[4,-62],[-8,-171],[-5,-131],[-8,-170],[-13,-143],[-16,-114],[-37,-137],[-24,-108],[-35,-97],[-32,-88],[-36,-65],[-60,-98],[-53,-79],[-69,-91],[-41,-48],[-34,-29],[-9,-9],[-16,-15],[-72,-60],[-30,-17],[-60,-15],[-40,-14],[-50,-5],[-38,4],[-40,12],[-51,20],[-77,39],[-94,127],[-56,84],[-52,122],[-65,50],[-60,33],[-53,21],[-40,11],[-63,-4],[-57,-13],[-33,-12],[-63,-44],[-58,-50],[-47,-58],[-15,-40],[3,-37],[15,-46],[13,-17],[19,-21],[42,-38],[28,-25],[93,-84],[32,-18],[28,-24],[67,-32],[53,-59],[64,-69],[55,-68],[36,-71],[38,-68],[26,-80],[34,-84],[38,-116],[27,-90],[56,-144],[19,-70],[47,-163],[27,-87],[36,-146],[14,-66],[2,-55],[-14,-50],[-14,-35],[-12,-44],[-21,-21],[-25,-11],[-38,-1],[-74,15],[-69,32],[-69,41],[-120,87],[-60,52],[-53,48],[-79,40],[-3,2],[-27,13],[-34,17],[-37,12],[-81,3],[-28,-27],[-24,-77],[-13,-39],[-28,-70],[-18,-38],[-20,-33],[-93,-122],[-57,-65],[-40,-59],[-48,-61],[-47,-62],[-40,-65],[-41,-68],[-35,-74],[-37,-68],[-59,-146],[-9,-40],[-1,-85],[20,-32],[32,-23],[4,-1],[33,-11],[42,-10],[69,-26],[71,-28],[119,-65],[65,-43],[60,-46],[59,-43],[3,-2],[3,-3],[38,-30],[16,-42],[-3,-39],[-24,-57],[-31,-55],[-35,-20],[-79,-59],[-62,-52],[-92,-84],[-34,-40],[-28,-53],[-21,-41],[-19,-22],[0,-44],[4,-50],[20,-36],[26,-21],[44,-12],[41,-6],[72,-10],[77,-12],[69,-4],[72,-10],[69,14],[94,48],[21,35],[16,73],[20,18],[15,17],[16,47],[20,55],[45,111],[28,71],[42,71],[61,99],[48,61],[53,64],[34,8],[75,-12],[35,-22],[39,-36],[23,-20],[15,-26],[33,-70],[22,-79],[8,-76],[19,-78],[7,-38],[3,-43],[-5,-36],[-1,-51],[9,-47],[2,-16],[3,-43],[3,-144],[-1,-101],[-2,-194],[5,-96],[4,-50],[17,-44],[29,-37],[84,-42],[46,-12],[175,53],[182,11],[134,7],[135,-24],[22,-40],[10,-46],[-24,-96],[-59,-132],[-48,-81],[-23,-44],[-28,-91],[-29,-97],[-41,-135],[-36,-140],[-4,-48],[18,-96],[8,-48],[15,-141],[11,-50],[51,-79],[51,-82],[85,-98],[38,-42],[67,-65],[28,-43],[20,-47],[12,-44],[-2,-50],[-70,-72],[-42,-42],[-46,-43],[-64,-36],[-71,-49],[-77,-55],[-53,-26],[-62,-24],[-193,-125],[-92,-219],[5,-48],[27,-41],[35,-31],[28,-41],[108,-43],[144,-64],[88,-39],[95,-40],[96,-38],[47,-24],[180,-122],[137,-85],[80,-53],[51,-24],[65,26],[30,36],[40,112],[57,93],[63,102],[94,173],[29,46],[30,38],[44,14],[39,15],[47,11],[48,3],[46,-14],[74,-56],[62,-43],[82,-84],[74,-59],[58,-65],[59,-80],[101,-142],[50,-149],[4,-139],[-1,-55],[-16,-44],[-159,-299],[-12,-44],[18,-336],[2,-59],[-10,-89],[25,-26],[69,-71],[43,-31],[54,-33],[53,-26],[99,-30],[48,-10],[39,-1],[50,-9],[85,-22],[88,-17],[44,-7],[44,-2],[44,-12],[-61,-119],[-117,-60],[-81,-38],[-45,-15],[-43,-23],[-47,-27],[-24,-11],[-66,-34],[-127,-109],[-79,-89],[-34,-49],[10,-62],[27,-36],[42,-26],[105,-27],[94,-12],[52,-1],[23,1],[14,0],[132,-3],[131,-2],[130,-1],[129,-4],[87,-4],[42,1],[43,-4],[86,-5],[39,-10],[38,-13],[72,-33],[39,-25],[30,-31],[10,-49],[-19,-95],[-5,-48],[-24,-89],[-15,-93],[-8,-46],[-81,-52],[-34,-30],[-32,-33],[-35,-28],[-122,-64],[-38,-21],[-38,-15],[-143,-34],[-17,-8],[-15,-5],[-88,-26],[-90,-28],[-84,-28],[-84,-31],[-43,-23],[-4,-4],[-26,-14],[-15,-15],[-68,-59],[-107,-86],[-111,-91],[-103,-92],[-111,-98],[-66,-65],[-75,-56],[-81,-58],[-105,-95],[-43,-40],[-18,-44],[2,-50],[5,-51],[23,-147],[19,-96],[9,-97],[12,-46],[26,-101],[13,-51],[16,-48],[25,-46],[70,-71],[61,-2],[97,0],[105,9],[96,4],[43,-12],[45,4],[50,-5],[48,-13],[51,-12],[46,-15],[41,-5],[38,-8],[19,-4],[21,-2],[42,-7],[135,17],[132,11],[132,15],[91,11],[89,13],[43,7],[42,1],[43,2],[45,-7],[30,-6],[23,-15],[12,-142],[27,-141],[22,-144],[31,-181],[34,-184],[100,-267],[71,-179],[84,-221],[37,-166],[-2,-54],[-25,-55],[-54,-22],[-59,-73],[-63,-73],[-64,-66],[-66,-68],[-61,-65],[-66,-67],[-63,-68],[-63,-66],[-35,-34],[-21,-39],[-16,-94],[29,-89],[33,-94],[21,-43],[31,-33],[26,-44],[51,-81],[41,-89],[22,-45],[14,-49],[28,-94],[38,-91],[40,-85],[32,-69],[-11,-64],[-23,-69],[-13,-96],[-15,-46],[-41,-92],[-55,-81],[-86,-117],[-96,-110],[-69,-71],[-35,-35],[-40,-24],[-82,-41],[-85,-40],[-84,-35],[-39,-23],[-40,-25],[-33,-33],[-35,-34],[-22,-44],[-15,-47],[-4,-50],[-7,-99],[2,-148],[9,-103],[4,-103],[6,-49],[2,-55],[1,-52],[7,-25],[1,-84],[-95,-58],[-55,-1],[-43,-34],[-44,24],[-29,17],[-62,40],[-61,39],[-67,29],[-68,30],[-26,23],[-34,17],[-37,15],[-41,27],[-52,19],[-77,19],[-87,16],[-76,2],[-78,8],[-85,-9],[-95,-11],[-116,-5],[-115,-7],[-179,-11],[-116,-12],[-102,-13],[-84,-29],[-30,-26],[-21,-23],[-59,-37],[-23,-21],[-26,-31],[-25,-34],[-33,-112],[-21,-75],[-9,-74],[-7,-79],[-3,-77],[1,-158],[6,-156],[11,-151],[9,-114],[18,-116],[19,-73],[28,-69],[35,-70],[58,-51],[39,-6],[147,10],[111,5],[73,3],[35,2],[35,7],[35,5],[109,3],[74,-8],[35,-4],[35,-15],[22,-34],[11,-35],[3,-24],[-17,-52],[-78,-134],[-65,-99],[-39,-67],[-27,-26],[-109,-103],[-56,-49],[-26,-24],[-36,-12],[-105,20],[-65,30],[-31,18],[-32,17],[-68,16],[-109,3],[-70,-9],[-32,-8],[-69,4],[-71,-10],[-64,-25],[-33,-21],[-53,-50],[-24,-30],[-57,-38],[-49,-52],[-67,-89],[-31,-100],[-17,-92],[-8,-65],[0,-65],[8,-59],[16,-55],[21,-31],[22,-25],[34,-25],[30,-17],[29,-21],[38,-22],[31,-10],[71,-7],[104,2],[106,14],[69,10],[90,51],[93,50],[90,54],[123,71],[93,55],[95,45],[67,10],[104,18],[35,5],[34,-2],[67,-22],[55,-45],[21,-28],[33,-64],[27,-66],[26,-66],[36,-65],[38,-60],[64,-90],[66,-92],[46,-58],[43,-72],[60,-98],[-16,-91],[-20,-52],[-34,-31],[-73,-56],[-80,-54],[-85,-40],[-83,-52],[-106,-95],[-49,-67],[-33,-57],[-28,-39],[-49,-90],[-91,-119],[-93,-98],[-78,-33],[-79,46],[-76,61],[-107,99],[-30,41],[-36,35],[-42,22],[-47,2],[-47,-3],[-48,-12],[-90,-31],[-93,-16],[-47,1],[-95,12],[-93,27],[-136,45],[-34,27],[-24,27],[-31,41],[-32,41],[-92,112],[-28,30],[-6,6],[-71,67],[-143,134],[-52,60],[-31,36],[-56,56],[-34,18],[-32,12],[-79,6],[-1,-44],[-19,-63],[-64,-87],[-45,-86],[-17,-37],[-21,-39],[-24,-39],[-7,-41],[0,-86],[-3,-89],[-2,-44],[10,-53],[33,-27],[39,-33],[33,-19],[57,-35],[35,-27],[35,-37],[39,-24],[47,-8],[92,-23],[129,-56],[88,-36],[41,-23],[32,-35],[42,-24],[36,-34],[28,-36],[19,-44],[9,-47],[-26,-43],[-60,-75],[-71,-73],[-68,-65],[-68,-71],[-93,-111],[-61,-75],[-58,-82],[-56,-83],[-23,-44],[-19,-45],[-25,-44],[-7,-35],[8,-41],[16,-40],[80,-46],[131,-40],[46,-7],[45,-5],[48,-2],[42,-20],[21,-41],[-23,-28],[-38,-44],[-84,-37],[-85,-45],[-90,-25],[-45,-4],[-47,0],[-137,61],[-38,25],[-74,45],[-42,35],[-36,11],[-37,-4],[-44,-27],[-52,-48],[-63,-71],[-70,-91],[-54,-77],[-52,-74],[-43,-72],[-49,-76],[-23,-42],[-16,-38],[-20,-89],[-6,-46],[-17,-89],[-14,-82],[-15,-84],[-18,-88],[-6,-38],[-4,-33],[2,-26],[-3,-23],[-9,-97],[-13,-97],[-13,-42],[-18,-42],[-28,-24],[-44,1],[-112,61],[-81,52],[-80,53],[-38,27],[-90,40],[-47,15],[-44,20],[-46,13],[-94,10],[-96,-1],[-49,-4],[-46,-18],[-41,-23],[-36,-35],[-20,-48],[-30,-40],[-43,-94],[-41,-94],[-38,-88],[-24,-41],[-17,-49],[-7,-51],[-10,-49],[-6,-50],[-5,-46],[7,-38],[27,-12],[44,-5],[92,-1],[47,-2],[89,9],[46,7],[136,1],[91,-4],[137,2],[95,-2],[90,-1],[96,-20],[36,-32],[21,-30],[8,-35],[-15,-40],[-37,-44],[-77,-67],[-78,-60],[-69,-68],[-40,-25],[-45,-28],[-22,-43],[3,-48],[61,-69],[83,-52],[36,-27],[71,-68],[0,-96],[-90,-15],[-84,19],[-88,25],[-108,27],[-45,18],[-41,19],[-41,29],[-43,20],[-47,13],[-49,5],[-46,0],[-43,-12],[-31,-24],[-12,-54],[14,-72],[28,-79],[22,-99],[13,-48],[-12,-47],[14,-156],[13,-200],[10,-100],[28,-95],[27,-45],[31,-32],[41,-18],[42,15],[129,138],[86,23],[88,27],[83,31],[47,12],[45,6],[45,-8],[89,-20],[43,-19],[36,-29],[32,-32],[24,-38],[-1,-48],[-26,-57],[-66,-67],[-33,-35],[-24,-39],[-33,-39],[-78,-44],[-81,-47],[-79,-47],[-40,-19],[-57,-19],[-68,-28],[-85,-11],[-137,-20],[-129,-17],[-56,0],[-72,8],[-85,-1],[-128,21],[-130,22],[-130,22],[-42,10],[-75,51],[-43,23],[-23,43],[9,95],[31,36],[35,29],[33,35],[24,39],[10,53],[-13,52],[-42,19],[-75,-54],[-64,-89],[-26,-39],[-38,-88],[-40,-86],[-18,-42],[-5,-51],[12,-96],[11,-98],[14,-96],[3,-49],[14,-48],[44,-95],[40,-95],[23,-37],[46,-71],[24,-38],[21,-43],[87,-91],[56,-66],[54,-69],[57,-47],[35,-27],[32,-42],[22,-45],[6,-53],[-36,-40],[-120,-53],[-149,-29],[-85,0],[-42,4],[-82,30],[-40,15],[-82,25],[-118,39],[-80,29],[-80,27],[-39,20],[-36,23],[-64,54],[-34,29],[-23,11],[-14,10],[-35,29],[-25,40],[-11,49],[35,36],[12,7],[24,2],[32,11],[35,11],[77,32],[107,39],[44,26],[21,36],[-7,46],[-29,28],[-41,9],[-80,8],[-83,14],[-40,1],[-36,-3],[-23,-10],[-48,-11],[-91,-23],[-45,-18],[-76,-57],[-30,-37],[-10,-52],[11,-49],[31,-37],[56,-78],[54,-78],[23,-39],[58,-131],[38,-95],[18,-49],[5,-11],[29,-76],[18,-33],[32,-84],[68,-166],[30,-83],[17,-41],[37,-81],[13,-44],[11,-41],[21,-42],[67,-53],[69,-49],[71,-51],[70,-48],[70,-58],[30,-33],[70,-47],[71,-38],[43,-11],[45,4],[38,23],[21,34],[12,85],[-15,85],[-23,79],[-25,84],[-14,82],[-12,87],[-17,89],[0,45],[8,44],[63,55],[39,-11],[41,-17],[57,-16],[65,-37],[66,-53],[91,-104],[33,-31],[47,-82],[65,-110],[37,-76],[19,-36],[17,-36],[10,-31],[7,-37],[-25,-112],[-28,-32],[-31,-30],[-37,-25],[-74,-53],[-57,-57],[-69,-83],[-60,-77],[-44,-62],[-37,-88],[-28,-77],[-15,-82],[8,-62],[22,-136],[42,-69],[44,-63],[34,-61],[29,-66],[25,-65],[23,-72],[12,-57],[3,-51],[-15,-35],[-38,-19],[-39,-14],[-42,-9],[-41,0],[-40,-3],[-50,2],[-94,15],[-119,47],[-61,59],[-58,68],[-92,99],[-89,101],[-60,66],[-24,36],[-19,39],[-31,34],[-41,14],[-42,-24],[-29,-36],[-53,-82],[-52,-85],[-21,-36],[-52,-76],[-18,-28],[-27,-31],[-32,-37],[-29,-44],[-45,-69],[-27,-52],[-14,-55],[-20,-58],[-3,-32],[23,-54],[22,-17],[39,-23],[39,-17],[43,-11],[31,-13],[18,-3],[9,-1],[91,-28],[85,-34],[86,-30],[85,-32],[43,-20],[39,-22],[77,-48],[78,-42],[37,-24],[27,-34],[9,-90],[-28,-45],[-39,-19],[-85,-21],[-39,-7],[-80,-46],[-113,-70],[-41,-24],[-33,-27],[-29,-35],[-72,-59],[-28,-39],[-25,-37],[-18,-45],[8,-44],[24,-44],[37,-24],[84,-18],[46,-3],[41,-13],[37,-18],[42,-27],[55,-36],[80,-52],[34,-43],[58,-83],[49,-71],[49,-74],[32,-59],[87,-39],[43,12],[36,29],[31,35],[23,41],[33,93],[30,89],[17,43],[24,96],[24,97],[42,142],[25,94],[7,47],[14,35],[34,41],[83,-30],[67,-61],[37,-42],[55,-56],[46,-82],[12,-92],[15,-92],[17,-148],[16,-143],[12,-95],[19,-140],[30,-187],[18,-37],[8,-54],[51,-73],[43,-16],[86,23],[88,19],[86,15],[129,29],[38,10],[86,26],[44,7],[40,2],[44,-8],[51,-26],[42,-22],[15,-29],[10,-49],[8,-27],[-20,-90],[-58,-69],[-78,-109],[-81,-118],[-37,-84],[-43,-85],[-43,-136],[-26,-138],[-38,-88],[-33,-81],[-31,-83],[-36,-85],[-28,-77],[-27,-72],[-15,-32],[-46,-72],[-49,-79],[-50,-76],[-26,-37],[-49,-73],[-42,-73],[-50,-78],[-49,-76],[-50,-77],[-51,-72],[-51,-78],[-22,-39],[-46,-85],[-46,-80],[-38,-77],[-43,-85],[-73,-168],[-49,-79],[-30,-38],[-32,-28],[-40,-23],[-37,-18],[-42,-2],[-85,5],[-89,18],[-88,14],[-48,1],[-84,17],[-42,-3],[-90,-22],[-91,-27],[-84,-33],[-53,-40],[-44,-43],[-39,-38],[-31,-43],[-23,-18],[-16,-5],[-64,-67],[-67,-73],[-40,-35],[-73,-64],[-46,-19],[-33,-33],[-35,-19],[-43,-12],[-43,-7],[-46,7],[-43,21],[-36,31],[-30,38],[-31,43],[-68,40],[-37,-22],[-24,-27],[-20,-33],[-25,-43],[-4,-44],[-4,-102],[3,-102],[-4,-99],[3,-49],[36,-91],[32,-88],[38,-82],[33,-38],[99,-96],[74,-58],[81,-53],[40,-18],[47,-11],[43,2],[46,4],[44,18],[79,34],[10,1],[79,7],[45,-4],[17,-10],[26,-21],[31,-41],[20,-43],[13,-41],[8,-33],[4,-25],[-26,-123],[-14,-66],[-48,-123],[-9,-23],[-68,-157],[-77,-28],[-2,1],[-53,21],[-235,114],[-68,0],[-12,2],[-35,1],[-7,-2],[-30,-9],[-4,-1],[-42,-12],[-42,-16],[-35,-23],[-27,-37],[-16,-40],[-6,-49],[16,-91],[35,-84],[38,-84],[32,-86],[38,-131],[37,-132],[6,-46],[1,-27],[-16,-39],[-26,-28],[-34,-9],[-45,2],[-38,20],[-78,59],[-62,66],[-63,63],[-82,106],[-62,66],[-122,133],[-53,71],[-86,97],[-58,70],[-29,32],[-26,78],[17,79],[22,50],[34,25],[41,23],[44,29],[66,64],[29,43],[23,39],[30,37],[57,77],[45,83],[19,48],[30,90],[-4,52],[-11,49],[-15,47],[-56,83],[-64,71],[-99,101],[-73,66],[-78,50],[-57,28],[-28,10],[-49,5],[-44,-4],[-41,-14],[-59,-78],[-70,-120],[-21,-47],[-17,-46],[-8,-50],[-26,-100],[-19,-97],[-15,-94],[-3,-50],[1,-53],[3,-51],[6,-97],[13,-156],[0,-50],[0,-13],[6,-34],[-3,-88],[1,-89],[-1,-141],[8,-139],[-2,-96],[-3,-94],[0,-86],[6,-50],[46,-184],[11,-50],[-2,-138],[-5,-139],[-18,-95],[-12,-43],[-40,-19],[-85,-8],[-87,9],[-42,-3],[-122,-52],[-152,-75],[-61,-19],[-46,6],[-42,13],[-39,22],[-31,37],[-11,58],[7,65],[25,61],[29,54],[69,117],[27,36],[49,84],[46,79],[15,41],[8,45],[-3,36],[-17,29],[-29,30],[-37,8],[-104,14],[-74,7],[-80,6],[-44,-2],[-211,-49],[-127,-12],[-133,-10],[-42,12],[-31,26],[-54,126],[-28,89],[-6,41],[-14,93],[-8,93],[-10,88],[-7,41],[-13,40],[-16,45],[-40,87],[-11,35],[-20,42],[-22,63],[-29,37],[-45,24],[-82,55],[-40,34],[-49,4],[-94,-22],[-47,-13],[-47,-23],[-39,-29],[-30,-38],[-17,-53],[-24,-39],[8,-39],[-3,-46],[12,-85],[27,-93],[18,-45],[26,-87],[35,-95],[24,-91],[29,-86],[35,-87],[28,-87],[25,-91],[27,-107],[28,-83],[26,-64],[37,-77],[24,-72],[40,-130],[6,-44],[-9,-182],[-6,-93],[4,-47],[-12,-87],[-12,-49],[-9,-54],[-20,-52],[-26,-50],[-45,-23],[-52,-18],[-63,0],[-49,4],[-41,6],[-89,-10],[-129,-23],[-92,-18],[-85,-3],[-87,20],[-70,16],[-37,10],[-28,21],[-13,37],[-30,86],[17,93],[18,89],[9,41],[32,87],[93,213],[74,167],[23,41],[37,90],[53,116],[30,81],[15,52],[1,38],[-29,22],[-58,31],[-127,11],[-43,8],[-68,18],[-50,0],[-85,-9],[-66,-9],[-99,-56],[-63,-64],[-69,-63],[-96,-91],[-25,-37],[-43,-71],[-44,-72],[-44,-71],[-21,-42],[-46,-72],[-37,-137],[-28,-141],[-18,-137],[-3,-46],[2,-131],[7,-221],[-1,-125],[3,-137],[5,-122],[-2,-98],[5,-165],[3,-89],[6,-84],[-14,-138],[-13,-83],[-7,-92],[-3,-82],[-12,-85],[-8,-93],[-10,-42],[-32,-84],[-23,-41],[-50,-68],[-56,-74],[-32,-53],[-6,-76],[18,-34],[33,-51],[30,-47],[36,-56],[38,-64],[21,-89],[-8,-40],[-22,-34],[-60,-63],[-67,-52],[-67,-53],[-35,-21],[-40,-12],[-79,-32],[-44,-13],[-84,-14],[-86,-7],[-83,-12],[-88,3],[-84,-1],[-84,-7],[-42,9],[-29,-25],[-19,-36],[-21,-39],[7,-43],[61,-117],[76,-104],[71,-130],[43,-76],[24,-35],[46,-76],[19,-42],[21,-86],[21,-121],[18,-98],[34,-22],[49,-24],[50,-13],[42,-5],[42,7],[122,36],[119,36],[119,36],[120,42],[79,19],[122,36],[82,28],[39,6],[41,8],[84,-8],[84,-13],[36,-25],[52,-76],[53,-74],[22,-41],[59,-68],[24,-35],[48,-79],[55,-73],[50,-77],[54,-67],[20,-40],[32,-86],[17,-63],[6,-65],[-10,-49],[-33,-43],[-70,-54],[-74,-51],[-71,-54],[-75,-48],[-36,-23],[-35,-27],[-32,-32],[-32,-30],[-47,-32],[-9,-5],[-73,-61],[-79,-52],[-67,-60],[-67,-64],[-32,-31],[-39,-19],[-42,19],[-34,27],[-30,39],[-49,79],[-24,41],[-55,74],[-10,13],[-20,32],[-49,66],[-55,73],[-27,49],[-34,41],[-34,3],[-35,-19],[-42,-41],[-32,-26],[-54,-73],[-29,-36],[-22,-38],[-60,-55],[-25,-35],[-51,-60],[-53,-58],[-37,-54],[-66,-64],[-64,-65],[-57,-73],[-53,-69],[-57,-74],[-51,-75],[-51,-70],[-50,-80],[-76,-117],[-75,-120],[-50,-78],[-26,-36],[-22,-27],[-27,-66],[-21,-43],[-30,-35],[-46,-21],[-44,-22],[-41,-3],[-56,10],[-36,26],[-30,36],[-31,146],[-7,50],[-40,24],[-49,11],[-37,-39],[-8,-44],[7,-50],[21,-72],[20,-86],[19,-88],[20,-91],[-11,-88],[-16,-90],[-18,-94],[-48,-1],[-41,11],[-65,64],[-30,28],[-23,37],[-37,81],[-19,42],[-40,81],[-21,39],[-32,87],[-19,83],[-29,133],[-21,90],[-23,87],[-23,88],[-15,45],[-11,45],[-10,92],[-10,42],[-22,40],[-42,10],[-43,10],[-37,-25],[-34,-25],[-29,-35],[-29,-30],[-36,-40],[-46,-57],[-51,-79],[-52,-124],[-13,-44],[-36,-83],[-19,-89],[-12,-95],[-12,-88],[-2,-90],[9,-93],[7,-94],[6,-91],[9,-91],[16,-87],[21,-85],[25,-91],[26,-85],[35,-137],[38,-128],[25,-84],[15,-45],[10,-48],[6,-91],[3,-46],[-1,-47],[-7,-88],[-9,-91],[-17,-142],[-16,-142],[-11,-88],[-23,-121],[-20,-95],[-17,-90],[-31,-86],[-13,-43],[-41,-82],[-18,-39],[-11,-45],[-18,-41],[-34,-85],[-45,-78],[-48,-74],[-47,-71],[-54,-75],[-40,-80],[-38,-69],[-15,-37],[-15,-53],[2,-39],[24,-50],[44,-42],[39,-22],[40,-12],[84,-12],[87,1],[83,-10],[42,-5],[40,-23],[70,-52],[27,-35],[18,-44],[3,-44],[0,-90],[-13,-93],[-26,-96],[-38,-127],[-31,-83],[-20,-39],[-23,-35],[-26,-35],[-34,-31],[-47,-22],[-82,-1],[-44,-10],[-36,-25],[-31,-34],[-7,-43],[14,-44],[32,-39],[43,-27],[46,-8],[53,-18],[58,-30],[84,-33],[94,-64],[68,-47],[70,-48],[70,-44],[35,-29],[28,-35],[51,-76],[13,-41],[4,-45],[-13,-46],[-18,-40],[-25,-36],[-32,-33],[-67,-59],[-63,-60],[-33,-33],[-28,-35],[-24,-38],[-24,-41],[-20,-42],[-19,-39],[-36,-45],[-44,-64],[-39,-69],[-37,-70],[-29,-75],[-10,-38],[-8,-39],[1,-43],[5,-38],[19,-70],[14,-36],[87,-125],[22,-32],[39,-66],[43,-64],[59,-82],[64,-55],[38,-23],[22,-8],[32,2],[17,3],[36,12],[59,45],[62,41],[56,48],[50,55],[27,26],[40,67],[20,31],[17,38],[26,73],[15,78],[17,80],[0,81],[-4,41],[-21,76],[-21,39],[-14,35],[-4,38],[-7,41],[-28,82],[-7,10],[-4,19],[-25,84],[-12,49],[-8,44],[-6,94],[-1,94],[3,47],[12,44],[42,81],[31,32],[36,29],[75,46],[82,18],[86,8],[42,0],[81,-25],[77,-40],[73,-50],[64,-61],[35,-28],[28,-24],[131,-223],[107,-238],[16,-52],[9,-39],[6,-43],[3,-39],[0,-82],[8,-36],[0,-39],[-9,-74],[-3,-84],[-11,-80],[-7,-78],[-10,-81],[-11,-39],[-23,-77],[-20,-75],[-23,-79],[-22,-73],[-24,-78],[-49,-108],[-32,-78],[-21,-25],[-15,-37],[-10,-5],[-6,-23],[-10,-21],[-20,-14],[-16,-33],[-54,-61],[-46,-62],[-25,-30],[-49,-59],[-54,-57],[-55,-52],[-82,-77],[-117,-105],[-56,-53],[-26,-30],[-12,-40],[-7,-36],[-4,-44],[11,-82],[6,-82],[8,-85],[14,-78],[16,-81],[11,-39],[17,-35],[25,-32],[29,-36],[25,-16],[27,-15],[49,-10],[80,13],[110,43],[68,34],[77,35],[32,18],[45,36],[31,19],[60,39],[64,34],[62,32],[87,53],[63,38],[61,40],[100,54],[66,35],[74,35],[34,10],[62,20],[69,22],[35,18],[64,31],[70,23],[69,14],[38,4],[39,1],[32,-14],[27,-27],[28,-26],[18,-29],[20,-48],[21,-44],[25,-53],[18,-44],[21,-48],[20,-57],[41,-64],[32,-75],[42,-58],[22,-31],[35,-19],[38,-3],[35,-3],[31,19],[56,50],[63,36],[32,13],[36,-8],[33,-24],[22,-32],[25,-82],[14,-72],[0,-75],[3,-77],[2,-75],[3,-84],[-5,-45],[3,-82],[-1,-78],[1,-40],[-4,-44],[-5,-98],[2,-105],[-6,-46],[-10,-99],[-17,-97],[-26,-142],[-17,-46],[-44,-84],[-33,-33],[-42,-8],[-34,7],[-42,12],[-37,35],[-62,73],[-64,73],[-63,66],[-67,71],[-30,34],[-35,32],[-38,28],[-39,25],[-87,28],[-41,22],[-46,9],[-89,-1],[-46,-7],[-40,-11],[-36,-29],[-37,-28],[-12,-47],[-8,-34],[-3,-65],[6,-50],[15,-91],[18,-101],[40,-87],[37,-88],[22,-47],[32,-34],[34,-31],[81,-51],[39,-14],[48,-27],[79,-35],[48,-8],[42,-18],[88,-14],[133,-28],[137,-30],[131,-23],[92,-18],[93,-15],[44,-11],[146,-59],[22,-32],[-2,-53],[-4,-48],[-17,-71],[-17,-52],[-31,-60],[-40,-88],[-27,-42],[-28,-33],[-79,-54],[-35,-29],[-60,-14],[-64,-5],[-44,-2],[-46,6],[-47,7],[-42,7],[-52,12],[-66,18],[-38,21],[-45,19],[-81,40],[-42,21],[-81,47],[-76,51],[-78,47],[-36,28],[-39,31],[-41,24],[-75,52],[-42,22],[-82,39],[-42,18],[-47,3],[-42,-12],[-37,-25],[-27,-39],[-23,-43],[-45,-97],[-3,-92],[18,-97],[21,-95],[14,-46],[19,-44],[51,-82],[56,-78],[37,-35],[45,-34],[58,-51],[77,-45],[79,-46],[80,-45],[76,-45],[47,-16],[78,-50],[78,-46],[74,-61],[67,-62],[62,-72],[31,-42],[53,-63],[55,-96],[29,-35],[46,-87],[44,-82],[39,-90],[13,-45],[44,-85],[45,-86],[30,-35],[16,-23],[16,-36],[34,-80],[29,-83],[10,-42],[7,-41],[6,-49],[-8,-36],[-39,-26],[-37,-10],[-40,-3],[-39,0],[-78,-8],[-77,-15],[-40,-11],[-73,-29],[-71,-43],[-69,-41],[-31,-26],[-55,-62],[-28,-36],[-39,-75],[-30,-78],[-17,-39],[-22,-60],[-21,-63],[-27,-69],[-22,-87],[-19,-37],[-27,-82],[-24,-77],[-23,-86],[-25,-84],[-29,-123],[-16,-84],[-29,-80],[-22,-81],[-26,-82],[-22,-39],[-29,-27],[-40,-12],[-37,5],[-36,13],[-68,45],[-64,47],[-64,51],[-34,22],[-74,32],[-36,23],[-34,8],[-41,3],[-32,-13],[-40,-45],[-22,-32],[-19,-40],[-25,-79],[-26,-79],[-28,-80],[-32,-76],[-44,-116],[-28,-83],[-15,-79],[-13,-81],[-8,-39],[-19,-80],[-22,-84],[-1,-83],[-7,-64],[0,-66],[-1,-41],[1,-48],[9,-36],[27,-40],[28,-28],[60,-51],[73,-33],[69,-33],[37,-15],[69,-43],[33,-22],[30,-28],[45,-46],[35,-30],[31,-31],[48,-85],[9,-58],[1,-74],[-2,-76],[-12,-118],[-10,-57],[-17,-67],[-22,-59],[-26,-55],[-34,-62],[-33,-52],[-52,-49],[-54,-56],[-49,-53],[-60,-91],[-39,-63],[-20,-50],[-10,-65],[-8,-65],[16,-64],[33,-95],[28,-73],[32,-80],[30,-92],[36,-102],[40,-118],[40,-116],[34,-100],[35,-111],[27,-48],[36,-43],[37,-33],[35,-15],[74,0],[89,13],[106,15],[90,4],[57,-11],[50,-18],[36,-26],[23,-36],[16,-43],[-4,-42],[-10,-40],[-31,-70],[-48,-81],[-57,-85],[-68,-86],[-88,-123],[-33,-35],[-47,-84],[-54,-86],[-30,-38],[-35,-39],[-38,-29],[-41,-8],[-40,5],[-42,30],[-111,74],[-63,34],[-38,13],[-41,5],[-47,1],[-58,-15],[-29,-35],[-18,-42],[-3,-55],[5,-57],[-3,-56],[13,-40],[22,-96],[19,-95],[16,-73],[16,-102],[11,-85],[7,-56],[6,-76],[1,-96],[-7,-98],[-12,-53],[-15,-75],[-23,-100],[-23,-81],[-25,-98],[-14,-45],[-38,-141],[-8,-49],[-2,-45],[6,-52],[13,-66],[16,-63],[22,-114],[9,-98],[8,-94],[-7,-59],[-3,-66],[-4,-41],[-12,-36],[-25,-12],[-25,-10],[-20,-4],[-14,-1],[-26,-11],[-45,0],[-48,15],[-92,50],[-72,40],[-75,50],[-60,34],[-37,19],[-25,6],[-55,-13],[-71,-52],[-35,-27],[-12,-14],[-20,-33],[-36,-60],[-29,-78],[-7,-16],[-23,-49],[-25,-88],[-11,-26],[-17,-100],[-14,-102],[5,-67],[3,-41],[15,-42],[2,-6],[10,-16],[6,-11],[65,-59],[64,-49],[49,-22],[77,-49],[84,-34],[88,-38],[106,-38],[65,-37],[63,-29],[35,-24],[24,-23],[-3,-48],[-17,-42],[-29,-64],[-14,-20],[-82,-85],[-28,-30],[-26,-35],[-67,-58],[-72,-55],[-81,-40],[-82,-30],[-91,-16],[-46,-5],[-43,-1],[-86,5],[-86,10],[-40,10],[-39,12],[-78,44],[-62,70],[-50,75],[-39,22],[-41,29],[-45,6],[-39,7],[-42,-14],[-45,-13],[-60,-68],[-39,-89],[-31,-96],[-29,-92],[-30,-86],[-32,-138],[-22,-102],[-20,-91],[-34,-93],[-35,-27],[-44,-22],[-38,13],[-115,47],[-81,27],[-88,23],[-84,-13],[-46,-60],[32,-115],[69,-57],[77,-47],[81,-44],[74,-45],[71,-50],[75,-51],[23,-40],[15,-43],[10,-101],[2,-95],[-18,-91],[-8,-46],[-27,-94],[-33,-87],[-36,-82],[-35,-89],[-19,-40],[-26,-88],[-12,-98],[24,-42],[18,-41],[69,-69],[78,-41],[41,-16],[39,-17],[84,-39],[82,-34],[80,-39],[40,-26],[37,-28],[68,-62],[21,-49],[2,-51],[-13,-48],[-12,-50],[-24,-39],[-29,-38],[-66,-65],[-70,-60],[-73,-67],[-73,-63],[-37,-34],[-42,-34],[-34,-86],[-6,-16],[-6,-40],[34,-86],[27,-53],[22,-47],[27,-79],[30,-73],[47,-146],[11,-46],[7,-76],[6,-83],[-4,-41],[-10,-35],[-19,-25],[-24,-20],[-33,-16],[-44,-10],[-52,-5],[-53,3],[-57,7],[-77,34],[-59,32],[-58,30],[-44,26],[-49,47],[-41,39],[-34,40],[-36,50],[-34,48],[-46,54],[-30,35],[-32,31],[-29,19],[-34,21],[-43,14],[-43,1],[-33,-16],[-36,-23],[-28,-31],[-28,-38],[-21,-43],[-10,-27],[-23,-91],[-12,-39],[-29,-54],[-35,-59],[-28,-26],[-29,-15],[-34,-8],[-32,6],[-39,14],[-44,27],[-62,46],[-68,50],[-44,28],[-26,15],[-33,6],[-36,-10],[-29,-24],[-26,-35],[-20,-43],[-3,-61],[6,-52],[14,-57],[19,-81],[25,-92],[13,-61],[18,-75],[12,-69],[6,-71],[5,-50],[1,-65],[-6,-47],[-11,-39],[-13,-29],[-55,-47],[-82,-45],[-42,-28],[-60,-46],[-42,-49],[-27,-47],[-55,-134],[-12,-48],[-23,-66],[-17,-60],[-12,-65],[-15,-51],[-9,-40],[2,-55],[23,-41],[29,-35],[43,-42],[51,-36],[68,-43],[46,-23],[45,-27],[83,-50],[28,-18],[70,-48],[63,-39],[68,-48],[79,-49],[56,-32],[80,-22],[58,-10],[92,-30],[69,-23],[70,-16],[46,-20],[41,-24],[27,-30],[10,-33],[4,-50],[-12,-75],[-15,-80],[-14,-47],[-28,-88],[-18,-64],[-39,-88],[-16,-40],[-32,-51],[-40,-51],[-38,-43],[-29,-24],[-36,-20],[-57,-10],[-107,7],[-99,12],[-58,12],[-69,8],[-57,3],[-50,7],[-45,3],[-67,-11],[-80,-10],[-53,-11],[-54,-19],[-67,-34],[-35,-24],[-44,-34],[-5,-35],[-4,-47],[4,-63],[13,-91],[7,-49],[29,-74],[21,-48],[30,-83],[32,-75],[28,-66],[33,-72],[35,-83],[27,-52],[24,-42],[14,-17],[26,-31],[30,-35],[51,-41],[34,-29],[47,-13],[47,-9],[235,66],[69,20],[104,22],[95,12],[144,21],[104,13],[83,3],[74,-4],[67,-9],[67,-15],[55,-18],[41,-27],[34,-33],[23,-24],[19,-47],[4,-51],[-10,-42],[-54,-76],[-54,-81],[-61,-82],[-67,-92],[-54,-84],[-53,-78],[-37,-68],[-30,-55],[-37,-89],[-18,-52],[-9,-55],[-8,-58],[1,-96],[11,-50],[16,-48],[31,-59],[51,-61],[54,-52],[64,-56],[50,-55],[37,-48],[30,-41],[14,-43],[2,-54],[-14,-44],[-39,-34],[-39,-15],[-58,-15],[-63,-6],[-57,3],[-55,10],[-55,19],[-47,22],[-127,71],[-48,27],[-45,6],[-36,-9],[-27,-20],[-61,-95],[-20,-53],[-14,-53],[-5,-52],[-4,-46],[-1,-34],[-2,-42],[-20,-52],[-35,-89],[-22,-56],[-28,-58],[-37,-59],[-55,-82],[-41,-54],[-30,-38],[-41,-36],[-37,-54],[-23,-42],[-29,-35],[-74,-75],[-65,-85],[-29,-34],[-22,-41],[-17,-39],[-8,-40],[-27,-93],[-12,-77],[-8,-62],[-5,-78],[8,-81],[13,-109],[13,-96],[16,-93],[13,-74],[0,-73],[-13,-68],[-14,-62],[-34,-87],[-28,-74],[-30,-88],[-34,-97],[-16,-70],[-15,-59],[-4,-80],[-3,-101],[-2,-86],[0,-97],[-8,-99],[-9,-89],[-16,-93],[-16,-81],[-21,-70],[-36,-93],[-32,-90],[-1,-85],[19,-45],[25,-37],[37,-38],[60,-55],[51,-58],[47,-40],[50,-29],[56,-28],[63,-32],[39,-20],[84,-32],[40,-16],[55,-25],[64,-28],[47,-29],[34,-26],[22,-25],[16,-26],[17,-40],[26,-71],[17,-92],[10,-37],[7,-35],[-2,-38],[-18,-56],[-46,-69],[-35,-42],[-58,-53],[-67,-65],[-53,-50],[-53,-54],[-32,-29],[-66,-37],[-40,-37],[-64,-50],[-69,-56],[-60,-53],[-71,-60],[-72,-60],[-68,-50],[-64,-44],[-58,-50],[-37,-30],[-25,-27],[-35,-55],[-15,-26],[-18,-48],[0,-33],[9,-52],[14,-37],[34,-67],[36,-57],[52,-77],[35,-28],[42,-16],[68,-10],[58,-12],[45,-7],[40,-14],[61,-33],[37,-22],[37,-28],[27,-33],[28,-41],[27,-65],[23,-61],[23,-73],[13,-42],[16,-45],[35,-71],[45,-85],[30,-55],[15,-28],[51,-92],[58,-101],[37,-62],[42,-75],[4,-10],[21,-15],[37,-82],[33,-81],[17,-59],[25,-70],[11,-69],[10,-65],[8,-94],[11,-87],[6,-104],[6,-84],[15,-76],[21,-79],[31,-80],[43,-78],[41,-79],[32,-83],[28,-76],[29,-73],[19,-45],[26,-33],[39,-28],[41,-18],[57,-15],[54,-8],[112,-11],[79,-10],[48,-6],[35,-10],[48,-29],[43,-19],[33,-29],[25,-28],[16,-45],[6,-48],[1,-53],[-3,-52],[-8,-67],[-25,-121],[-18,-77],[-22,-72],[-23,-63],[-26,-72],[-31,-66],[-25,-60],[-28,-42],[-38,-64],[-59,-65],[-63,-60],[-44,-34],[-41,-28],[-54,-28],[-53,-26],[-27,-18],[-37,-45],[-29,-43],[-29,-59],[-15,-66],[-12,-69],[-17,-89],[-17,-99],[-4,-45],[-4,-103],[4,-46],[11,-40],[32,-31],[36,-18],[46,-7],[58,3],[72,7],[77,11],[78,18],[76,25],[64,26],[68,25],[60,24],[51,14],[41,3],[49,-1],[34,-8],[30,-11],[24,-27],[19,-34],[11,-34],[8,-57],[2,-47],[-2,-89],[-6,-44],[-7,-33],[-20,-47],[-18,-39],[-22,-38],[-27,-32],[-30,-39],[-34,-31],[-54,-43],[-55,-38],[-51,-43],[-55,-39],[-51,-40],[-43,-34],[-40,-29],[-26,-37],[-21,-24],[-26,-40],[-19,-58],[8,-38],[14,-38],[25,-40],[25,-30],[26,-34],[31,-33],[45,-35],[67,-39],[74,-48],[63,-36],[58,-37],[64,-43],[43,-26],[57,-53],[39,-44],[29,-34],[29,-53],[30,-59],[14,-43],[9,-45],[-2,-48],[-12,-46],[-13,-26],[-44,-47],[-54,-53],[-54,-48],[-49,-51],[-46,-54],[-39,-50],[-36,-56],[-19,-43],[-15,-57],[-9,-66],[-2,-60],[7,-52],[21,-87],[19,-59],[6,-11],[4,-8],[9,-18],[23,-39],[37,-66],[43,-61],[44,-54],[51,-52],[36,-43],[48,-43],[43,-35],[65,-46],[52,-39],[40,-32],[49,-45],[31,-33],[29,-38],[24,-35],[8,-17],[16,-42],[32,-82],[31,-85],[52,-95],[21,-46],[32,-60],[14,-34],[36,-47],[36,-47],[40,-61],[27,-47],[24,-49],[13,-47],[16,-67],[15,-66],[-1,-94],[-2,-106],[0,-70],[7,-79],[2,-72],[3,-68],[11,-58],[15,-50],[23,-69],[22,-61],[18,-57],[22,-65],[28,-62],[37,-72],[35,-61],[26,-51],[23,-54],[22,-54],[22,-64],[11,-56],[16,-59],[8,-49],[7,-92],[-7,-45],[-23,-93],[-15,-75],[-24,-64],[-22,-75],[-32,-77],[-33,-72],[-28,-66],[-23,-55],[-20,-73],[-20,-57],[-22,-74],[-31,-61],[-40,-81],[-33,-80],[-26,-66],[-44,-82],[12,-165],[139,-167],[399,-318],[151,-229],[115,-372],[87,-473],[89,-165],[24,-29],[29,-36],[60,-76],[37,-66],[31,-61],[24,-60],[15,-38],[14,-88],[4,-48],[-6,-43],[-13,-48],[-14,-49],[-20,-38],[-43,-45],[-80,-68],[-36,-25],[-26,-11],[-31,-25],[-38,-25],[-37,-25],[-55,-48],[-48,-54],[-59,-67],[-34,-39],[-27,-40],[-26,-95],[-20,-72],[-7,-49],[-3,-44],[-10,-56],[1,-43],[11,-53],[5,-46],[2,-49],[-1,-48],[-3,-51],[-8,-55],[-24,-95],[-17,-49],[-43,-89],[-49,-85],[-45,-84],[-25,-41],[-29,-42],[-57,-78],[-44,-82],[-38,-89],[-32,-91],[-8,-48],[-5,-49],[3,-50],[24,-93],[20,-51],[12,-43],[31,-89],[42,-85],[48,-81],[27,-40],[24,-46],[70,-118],[68,-126],[25,-46],[18,-45],[14,-50],[9,-50],[6,-50],[3,-102],[-5,-49],[-9,-51],[-34,-94],[-25,-49],[-27,-36],[-37,-42],[-29,-28],[-39,-18],[-73,-8],[-65,6],[-68,7],[-75,5],[-85,-3],[-54,-2],[-55,1],[-85,-18],[-36,-25],[-33,-35],[-21,-46],[-2,-95],[5,-99],[12,-103],[14,-97],[12,-99],[8,-63],[6,-47],[21,-43],[46,-87],[55,-78],[39,-38],[63,-51],[76,-55],[39,-35],[28,-36],[27,-41],[20,-45],[10,-48],[2,-45],[-5,-100],[-2,-98],[14,-95],[13,-52],[18,-44],[44,-86],[44,-84],[22,-45],[13,-45],[1,-49],[-16,-46],[-37,-43],[-37,-26],[-41,-16],[-83,-26],[-92,-27],[-125,-45],[-41,-23],[-77,-56],[-43,-52],[-13,-82],[6,-50],[15,-50],[19,-46],[26,-36],[64,-74],[69,-62],[39,-27],[42,-21],[44,-14],[48,-5],[46,3],[86,21],[85,37],[123,63],[45,15],[41,17],[44,11],[48,2],[49,-4],[40,-12],[46,-28],[31,-36],[25,-39],[28,-92],[30,-42],[39,16],[35,30],[29,37],[40,178],[86,163],[24,37],[63,65],[20,6],[64,-3],[38,-25],[56,-70],[61,-64],[51,-77],[50,-78],[53,-72],[30,-35],[21,-37],[15,-44],[10,-48],[6,-46],[-2,-48],[-11,-43],[-18,-41],[-22,-41],[-60,-65],[-29,-34],[-47,-77],[-50,-74],[-38,-81],[-5,-48],[-10,-93],[19,-48],[34,-26],[43,0],[83,8],[91,8],[43,-1],[46,1],[39,-10],[39,-15],[39,-22],[27,-41],[3,-28],[3,-59],[-36,-87],[-53,-74],[-57,-70],[-42,-43],[-22,-35],[-25,-40],[-53,-76],[-50,-69],[-26,-37],[-47,-127],[-33,-88],[-53,-122],[-36,-84],[-44,-183],[-4,-42],[8,-96],[18,-141],[18,-133],[11,-89],[6,-95],[0,-33],[1,-107],[-5,-93],[-6,-92],[-6,-43],[-14,-46],[-16,-45],[-19,-46],[-22,-37],[-40,-10],[-83,14],[-87,30],[-42,13],[-51,20],[-59,30],[-45,9],[-40,8],[-42,16],[-43,13],[-59,13],[-59,-3],[-59,-4],[-41,-18],[-49,-27],[-41,-26],[-59,-61],[-57,-63],[-55,-70],[-74,-100],[-32,-26],[-41,-48],[-47,-53],[-45,-45],[-46,-28],[-38,-19],[-42,-7],[-36,4],[-109,22],[-82,24],[-81,22],[-88,11],[-84,2],[-63,-1],[-91,-14],[-84,-12],[-62,-22],[-37,-27],[-33,-40],[-27,-54],[-10,-45],[3,-48],[10,-48],[42,-74],[49,-86],[58,-100],[60,-115],[45,-88],[40,-83],[26,-73],[30,-78],[12,-43],[29,-184],[46,-197],[40,-88],[48,-90],[38,-31],[81,-51],[79,-47],[77,-53],[36,-30],[31,-36],[16,-42],[-17,-44],[-58,-77],[-62,-73],[-25,-42],[-20,-49],[-17,-94],[16,-97],[14,-47],[7,-48],[-5,-95],[-16,-44],[-22,-40],[-39,-35],[-121,-52],[-182,-27],[-177,-33],[-91,-8],[-48,-12],[-41,-18],[-25,-38],[-7,-54],[-2,-31],[54,-106],[74,-68],[37,-21],[41,-18],[43,-16],[38,-29],[60,-72],[32,-42],[16,-42],[16,-44],[21,-93],[12,-46],[15,-101],[14,-98],[23,-95],[15,-52],[22,-41],[54,-83],[59,-70],[34,-40],[27,-38],[50,-131],[17,-49],[3,-101],[-13,-46],[-6,-52],[-22,-43],[-37,-40],[-32,-29],[-73,-50],[-74,-46],[-39,-24],[-64,-61],[-39,-86],[4,-86],[43,-81],[56,-67],[52,-78],[51,-72],[42,-80],[20,-44],[18,-42],[26,-87],[15,-93],[-3,-47],[-19,-38],[-105,-76],[-41,-26],[-33,-32],[-49,-71],[-24,-92],[15,-46],[19,-41],[25,-38],[118,-137],[58,-60],[60,-72],[49,-72],[30,-34],[17,-48],[-1,-40],[-25,-42],[-26,-38],[-87,-99],[-60,-65],[-148,-170],[-56,-70],[-31,-31],[-30,-31],[-54,-73],[-26,-38],[-20,-44],[-12,-45],[12,-71],[44,-53],[32,-28],[73,-44],[80,-43],[38,-17],[84,-25],[38,-12],[89,3],[87,4],[89,3],[43,-9],[86,0],[87,8],[82,21],[82,21],[46,1],[40,0],[41,-16],[36,-85],[18,-86],[18,-89],[4,-83],[31,-151],[6,-48],[11,-100],[25,-144],[35,-189],[24,-96],[18,-97],[18,-94],[18,-97],[9,-50],[4,-49],[6,-102],[-5,-53],[-4,-46],[-19,-100],[-19,-53],[-36,-89],[-44,-90],[-17,-48],[-10,-47],[-8,-49],[19,-51],[43,-87],[40,-88],[36,-91],[39,-90],[25,-43],[55,-80],[15,-38],[15,-36],[18,-66],[-4,-47],[-31,-96],[-24,-43],[-47,-83],[-82,-122],[-54,-82],[-73,-64],[-31,-29],[-43,-22],[-50,-7],[-46,0],[-41,16],[-41,19],[-68,65],[-69,73],[-66,60],[-78,54],[-42,13],[-48,-3],[-43,-23],[-37,-27],[-30,-41],[-33,-93],[-9,-50],[3,-102],[15,-108],[12,-96],[20,-102],[23,-99],[13,-67],[33,-81],[29,-44],[21,-40],[66,-58],[115,-16],[90,29],[87,43],[80,37],[78,46],[90,40],[49,9],[44,-20],[19,-45],[12,-104],[3,-64],[4,-46],[11,-48],[15,-42],[50,-84],[29,-33],[32,-23],[12,-9],[30,-21],[35,-31],[28,-32],[42,-40],[20,-5],[25,-40],[49,-80],[35,-95],[42,-103],[46,-83],[71,-133],[52,-89],[54,-73],[70,-77],[70,-72],[71,-84],[70,-85],[72,-69],[92,-70],[92,-69],[75,-67],[58,-53],[44,-55],[32,-33],[41,-33],[49,-31],[33,-12],[36,8],[55,22],[66,38],[54,40],[56,32],[60,29],[34,10],[71,0],[65,3],[56,3],[48,11],[51,21],[54,36],[51,60],[46,60],[74,55],[46,31],[44,10],[62,8],[76,-2],[57,-5],[39,1],[51,9],[34,19],[46,46],[56,64],[55,58],[62,36],[59,52],[57,45],[114,73],[35,0],[35,-7],[46,-26],[67,-40],[29,-41],[21,-29],[17,-43],[-5,-84],[-26,-65],[-35,-66],[-43,-67],[-37,-47],[-14,-43],[-5,-50],[15,-42],[42,-24],[84,-20],[41,-22],[44,-21],[44,-35],[33,-64],[33,-288],[-29,-210],[-89,-174],[-25,-44],[-33,-30],[-30,-25],[-63,-15],[-127,-11],[-99,-8],[-32,-25],[-50,-21],[-25,-36],[-11,-64],[5,-75],[1,-45],[13,-45],[12,-50],[2,-84],[-5,-131],[-14,-47],[-18,-43],[-40,-76],[-54,-72],[-25,-33],[-36,-78],[-14,-83],[-4,-42],[23,-83],[30,-73],[14,-38],[47,-71],[25,-33],[21,-33],[35,-79],[7,-40],[1,-42],[-13,-50],[-55,-51],[-26,-32],[-118,-16],[-38,2],[-74,25],[-69,41],[-67,43],[-41,6],[-37,-10],[-35,-26],[-23,-43],[-13,-79],[-17,-83],[-37,-117],[-21,-84],[-16,-85],[-3,-44],[8,-88],[35,-66],[21,-53],[48,-67],[59,-52],[30,-25],[75,-87],[53,-66],[48,-73],[52,-111],[53,-104],[19,-39],[24,-36],[62,-52],[99,-70],[65,-44],[75,-34],[70,-42],[10,-41],[2,-47],[-6,-47],[-34,-70],[-24,-54],[-15,-8],[-9,-5],[-13,-17],[-60,-76],[-41,-68],[-20,-34],[-16,-38],[1,-43],[25,-75],[33,-77],[14,-40],[9,-23],[13,-40],[17,-50],[16,-93],[8,-48],[3,-95],[-1,-101],[-4,-99],[-3,-142],[0,-53],[18,-96],[10,-71],[31,-27],[31,-20],[88,-21],[94,10],[43,12],[65,24],[75,14],[45,-9],[36,-21],[30,-32],[18,-40],[15,-43],[12,-96],[12,-100],[8,-95],[15,-97],[22,-90],[13,-45],[20,-46],[35,-22],[61,-64],[36,-29],[42,-5],[118,-56],[68,-38],[82,-43],[72,-38],[78,-33],[112,-53],[79,-38],[85,-42],[40,-21],[37,-25],[70,-78],[18,-93],[-10,-45],[-15,-46],[-31,-96],[-48,-89],[-39,-91],[-31,-92],[-16,-39],[-9,-53],[-7,-49],[13,-50],[22,-45],[75,-112],[3,-53],[-17,-50],[-31,-36],[-39,-32],[-38,-20],[-80,-36],[-52,-11],[-37,-23],[-47,-17],[-39,-32],[-61,-110],[-4,-48],[-20,-96],[-13,-99],[-22,-95],[-61,-121],[-19,-49],[3,-46],[35,-87],[29,-29],[119,-90],[90,-14],[92,20],[85,32],[91,18],[46,1],[40,-16],[38,-32],[21,-48],[-1,-101],[-8,-43],[-35,-90],[-49,-86],[-47,-77],[-51,-84],[-57,-134],[-19,-46],[-48,-79],[-13,-96],[-12,-101],[8,-149],[13,-49],[32,-90],[52,-89],[59,-71],[58,-76],[26,-40],[46,-88],[68,-128],[72,-130],[73,-121],[54,-81],[91,-109],[27,-43],[33,-68],[23,-117],[-7,-51],[-15,-98],[-15,-44],[-14,-34],[-15,-17],[-29,-28],[-1,-1],[-67,-72],[-35,-33],[-35,-29],[-39,-32],[-117,-83],[-114,-82],[-80,-50],[-76,-52],[-84,-35],[-88,-34],[-87,-23],[-43,4],[-47,-2],[-45,-11],[-63,-72],[-20,-41],[-11,-62],[-1,-69],[40,-93],[53,-83],[50,-85],[69,-124],[30,-38],[69,-128],[35,-90],[51,-140],[34,-89],[24,-102],[-2,-44],[-10,-101],[-21,-45],[-49,-83],[-40,-90],[-41,-93],[-19,-98],[-19,-202],[22,-143],[18,-94],[33,-94],[36,-89],[35,-92],[41,-85],[43,-91],[41,-85],[42,-91],[34,-88],[8,-23],[26,-83],[10,-50],[10,-46],[18,-185],[6,-144],[6,-90],[5,-134],[9,-48],[33,-88],[45,-79],[53,-66],[31,-29],[73,-41],[80,-33],[41,-13],[118,-66],[28,-32],[10,-43],[-25,-39],[-52,-73],[-61,-60],[-33,-30],[-20,-43],[-9,-93],[-4,-50],[9,-94],[14,-93],[24,-39],[33,-85],[16,-44],[6,-46],[-5,-44],[-64,-127],[-62,-70],[-54,-79],[-84,-114],[-58,-130],[-28,-100],[-23,-93],[-7,-94],[3,-142],[3,-96],[2,-100],[-4,-90],[-15,-86],[-12,-40],[-34,-106],[-53,-64],[-66,-139],[-75,-134],[-39,-62],[-21,-35],[-62,-93],[-56,-102],[-41,-107],[-28,-75],[-13,-41],[-3,-78],[20,-121],[11,-39],[33,-68],[41,-68],[75,-86],[51,-61],[42,-62],[43,-71],[33,-71],[51,-150],[20,-120],[-2,-79],[-6,-83],[-34,-71],[-43,-66],[-56,-53],[-62,-47],[-63,-33],[-35,-21],[-75,-13],[-74,-4],[-76,6],[-112,18],[-38,4],[-74,-7],[-41,-1],[-34,-4],[-29,-28],[-27,-73],[6,-42],[43,-102],[21,-31],[84,-76],[66,-33],[49,-12],[55,-9],[41,7],[75,8],[74,5],[42,-3],[38,-1],[106,-42],[64,-41],[61,-45],[31,-19],[179,-21],[71,26],[139,55],[37,8],[37,-2],[38,-7],[77,-25],[58,-36],[31,-26],[66,-65],[69,-75],[10,-44],[40,-86],[34,-87],[15,-50],[0,-87],[0,-36],[1,-88],[-22,-91],[-14,-45],[-22,-39],[-51,-80],[-44,-82],[-16,-95],[-20,-84],[-33,-89],[-23,-41],[-31,-29],[-38,-20],[-40,-17],[-42,-7],[-88,3],[-40,-5],[-74,-4],[-55,-21],[-79,-32],[-83,-8],[-40,-23],[-22,-39],[-8,-43],[-42,-82],[-29,-41],[-64,-62],[-73,-52],[-43,-8],[-83,-5],[-86,3],[-90,-16],[-126,-29],[-162,-54],[-80,-35],[-70,-52],[-34,-26],[-45,-84],[-43,-83],[-50,-80],[-41,-81],[-52,-74],[-49,-86],[-26,-40],[-53,-90],[-25,-42],[-60,-80],[-46,-89],[-43,-87],[-16,-47],[-30,-92],[-27,-100],[-33,-147],[-26,-97],[-33,-93],[-30,-103],[-21,-99],[-23,-46],[-34,-27],[-81,-51],[-92,-12],[-126,-32],[-45,-35],[-27,-27],[-12,-33],[-13,-13],[-10,-39],[-17,-67],[-9,-88],[-2,-75],[-2,-71],[-2,-49],[-20,-67],[-36,-53],[-24,-23],[-29,-17],[-38,-3],[-34,4],[-49,17],[-92,39],[-65,51],[-42,40],[-20,28],[-13,24],[-10,31],[-15,88],[-18,112],[-20,118],[0,9],[-13,25],[-65,76],[-44,29],[-49,16],[-43,-2],[-48,-8],[-89,-24],[-86,-34],[-81,-48],[-40,-27],[-12,-12],[-16,-28],[-48,-22],[-86,-19],[-107,-35],[-89,-20],[-80,-22],[-52,-23],[-22,-12],[-16,-25],[-7,-23],[-1,-18],[8,-23],[21,-58],[45,-119],[43,-114],[33,-101],[20,-63],[18,-88],[-6,-52],[-15,-54],[-19,-35],[-41,-28],[-37,-21],[-50,2],[-51,11],[-54,28],[-95,65],[-142,105],[-191,173],[-189,148],[-60,50],[-56,65],[-31,50],[-25,57],[-26,90],[-27,158],[-24,106],[-39,116],[-27,47],[-39,40],[-38,23],[-37,10],[-44,-4],[-95,-12],[-170,-16],[-117,-9],[-115,-11],[-90,-19],[-87,-34],[-67,-66],[-46,-97],[-22,-74],[-20,-61],[-8,-53],[-12,-86],[-11,-63],[-45,-123],[-64,-110],[-51,-75],[-97,-84],[-137,-94],[-128,-76],[-115,-52],[-111,-34],[-104,-21],[-121,-18],[-74,-23],[-72,-37],[-31,-31],[-27,-56],[-24,-79],[-23,-107],[-22,-116],[-12,-52],[-16,-41],[-25,-33],[-38,-37],[-43,-38],[-55,-46],[-116,-105],[-111,-96],[-136,-108],[-104,-83],[-86,-77],[-75,-77],[-42,-44],[-58,-51],[-54,-62],[-37,-34],[-53,-58],[-30,-47],[-25,-49],[-21,-60],[-18,-76],[-11,-74],[-5,-131],[-2,-121],[-2,-83],[0,-23],[-1,-46],[-1,-27],[1,-74],[19,-104],[20,-84],[29,-107],[24,-90],[55,-185],[56,-179],[43,-133],[47,-100],[36,-54],[61,-82],[109,-93],[112,-83],[106,-76],[73,-37],[50,-8],[53,-3],[39,4],[39,-4],[35,-20],[85,-60],[89,-64],[69,-71],[79,-89],[45,-60],[39,-71],[48,-94],[73,-139],[61,-122],[70,-160],[56,-136],[56,-122],[50,-126],[31,-50],[38,-44],[51,-52],[56,-40],[47,-29],[58,-13],[81,-2],[97,-8],[82,-16],[86,-28],[62,-32],[73,-66],[67,-58],[63,-104],[61,-91],[58,-91],[35,-78],[43,-88],[46,-56],[55,-144],[32,-114],[36,-79],[48,-81],[60,-62],[84,-64],[108,-61],[75,-34],[29,-27],[9,-34],[2,-43],[-10,-18],[-30,-30],[-64,-42],[-48,-31],[-69,-52],[-67,-57],[-50,-49],[-31,-40],[-30,-61],[-11,-52],[5,-64],[27,-74],[88,-153],[88,-108],[76,-89],[54,-67],[50,-59],[24,-23],[31,-12],[42,4],[34,15],[40,43],[51,49],[56,61],[41,47],[39,31],[40,25],[33,7],[16,3],[24,-7],[24,-8],[21,-14],[17,-18],[13,-27],[10,-36],[-1,-40],[0,-48],[2,-45],[4,-41],[8,-73],[5,-37],[7,-24],[15,-24],[26,-2],[31,11],[26,27],[20,33],[29,47],[20,45],[24,65],[17,65],[16,72],[22,64],[17,46],[31,64],[28,50],[37,62],[30,43],[43,25],[41,6],[29,-10],[25,-28],[18,-37],[27,-75],[16,-59],[13,-95],[6,-74],[7,-94],[12,-67],[14,-65],[22,-64],[24,-44],[39,-29],[53,-24],[45,4],[36,12],[27,19],[24,27],[29,45],[28,49],[23,48],[15,42],[11,43],[1,35],[-2,53],[-6,30],[-30,76],[-25,54],[-27,48],[-15,61],[-9,61],[-10,80],[-10,68],[1,72],[7,47],[13,49],[18,43],[27,24],[29,21],[49,11],[48,8],[66,12],[50,-4],[56,-14],[62,-24],[69,-36],[43,-42],[41,-46],[47,-69],[28,-70],[31,-129],[34,-121],[42,-121],[36,-109],[23,-87],[37,-118],[42,-172],[35,-131],[12,-84],[12,-90],[13,-85],[33,-138],[20,-77],[20,-70],[22,-60],[14,-28],[28,-24],[37,-20],[31,2],[43,8],[34,18],[35,19],[26,30],[21,29],[37,35],[46,52],[37,40],[42,57],[43,88],[46,118],[47,147],[28,75],[55,127],[44,92],[53,103],[54,99],[51,92],[85,114],[62,79],[46,56],[44,54],[45,31],[32,11],[44,2],[33,-5],[27,-15],[20,-23],[13,-37],[17,-50],[2,-84],[-1,-127],[1,-83],[12,-84],[7,-72],[0,-66],[-10,-88],[-17,-102],[-17,-90],[-19,-95],[-21,-111],[-21,-119],[-23,-91],[-18,-81],[-25,-70],[-19,-59],[-24,-58],[-28,-42],[-40,-35],[-41,-30],[-86,-53],[-148,-78],[-75,-48],[-60,-28],[-78,-31],[-53,-20],[-38,-18],[-33,-21],[-27,-25],[-16,-21],[-12,-34],[-2,-45],[2,-38],[11,-29],[22,-43],[31,-39],[41,-34],[53,-40],[81,-36],[62,-13],[79,-6],[60,0],[91,3],[75,9],[76,18],[75,20],[59,8],[70,9],[67,3],[76,-5],[38,-13],[34,-18],[19,-24],[21,-45],[3,-30],[-4,-29],[-5,-40],[-8,-30],[-10,-38],[-13,-41],[-36,-81],[-30,-55],[-36,-51],[-39,-58],[-38,-50],[-37,-58],[-29,-48],[-22,-64],[-11,-36],[-17,-77],[-13,-47],[-11,-65],[-7,-70],[7,-35],[6,-45],[27,-61],[41,-81],[72,-120],[78,-105],[61,-78],[56,-87],[51,-111],[37,-81],[30,-105],[37,-144],[37,-113],[47,-108],[41,-63],[45,-39],[51,-14],[71,-11],[75,-6],[58,-17],[54,-27],[55,-64],[24,-84],[26,-127],[19,-142],[15,-98],[11,-103],[7,-99],[11,-90],[-13,-197],[-5,-128],[-3,-80],[0,-131],[2,-110],[-12,-88],[-22,-99],[-28,-81],[-27,-59],[-32,-53],[-39,-31],[-42,-21],[-53,-18],[-37,-17],[-40,-19],[-30,-26],[-25,-36],[-15,-24],[-14,-41],[-4,-43],[14,-31],[36,-33],[69,-54],[72,-55],[60,-65],[58,-91],[59,-108],[42,-112],[22,-152],[21,-95],[0,-71],[-7,-133],[-7,-130],[-5,-96],[-15,-107],[-11,-68],[-17,-70],[-10,-43],[-20,-22],[-34,-15],[-53,32],[-65,51],[-63,44],[-72,49],[-79,29],[-56,9],[-94,4],[-82,4],[-69,3],[-76,-13],[-57,-11],[-36,-26],[-37,-33],[-25,-49],[-4,-51],[-8,-41],[15,-55],[31,-22],[100,-60],[118,-62],[143,-84],[165,-92],[117,-44],[120,-51],[83,-36],[83,-65],[53,-66],[23,-56],[-4,-41],[-13,-71],[-13,-68],[-17,-68],[-43,-92],[-35,-90],[-32,-86],[-41,-78],[-41,-94],[-37,-102],[-19,-92],[-25,-112],[-30,-99],[-37,-79],[-62,-112],[-28,-58],[-43,-42],[-56,-34],[-79,-33],[-101,-19],[-88,-3],[-90,-12],[-99,-5],[-93,-10],[-58,1],[-60,-16],[-40,-21],[-41,-55],[-8,-54],[-2,-55],[11,-37],[35,-32],[74,-33],[104,-36],[93,-20],[142,-6],[122,-6],[108,-4],[123,-26],[114,-30],[63,-20],[41,-27],[16,-38],[6,-55],[-6,-57],[-13,-77],[-21,-93],[-23,-130],[-31,-150],[-60,-229],[-40,-135],[-15,-61],[-16,-82],[-11,-91],[6,-60],[15,-44],[16,-35],[58,-21],[63,14],[105,11],[150,37],[231,82],[119,43],[99,18],[91,8],[55,-25],[41,-27],[62,-93],[72,-139],[59,-103],[57,-103],[50,-93],[57,-99],[41,-93],[53,-132],[32,-95],[38,-118],[20,-106],[17,-98],[29,-175],[33,-177],[29,-253],[11,-98],[19,-206],[17,-165],[17,-110],[7,-94],[9,-92],[13,-103],[11,-49],[28,-40],[40,-52],[72,-55],[65,-32],[78,-45],[50,-41],[36,-47],[33,-66],[33,-67],[35,-75],[45,-140],[38,-99],[16,-85],[19,-113],[3,-101],[11,-133],[16,-78],[14,-90],[34,-83],[34,-95],[38,-59],[42,-48],[216,-195],[376,-141],[346,-101],[266,-106],[567,-143],[544,-250],[163,-114],[179,-178],[108,-57],[107,-57],[121,-51],[347,28],[97,8],[284,-16],[270,-68],[667,-275],[103,-42],[273,-111],[293,-120],[485,-162],[885,-396],[268,-102],[274,-95],[88,-14],[78,-33],[335,-143],[1047,-614],[674,-671],[535,-709],[27,-37],[67,-131],[295,-809],[412,-998],[13,-110],[-2,-367],[-9,-665],[0,-66],[-139,-1497],[-5,-86],[-1,-60],[-3,-37],[-149,-1722],[156,-946],[275,-621],[20,-45],[568,-1253],[517,-827],[139,-230],[522,-1020],[31,-91],[19,-49],[20,-50],[141,-356],[253,-532],[24,-47],[98,-227],[79,-175],[18,-47],[13,-18],[242,-505],[192,-402],[93,-380],[76,-270],[140,-434],[15,-44],[113,-343],[788,-1706],[232,-387],[15,-21],[195,-282],[19,-45],[73,-171],[80,-162],[80,-164],[22,-39],[57,-123],[22,-44],[15,-26],[579,-924],[231,-300],[32,-40],[183,-273],[32,-40],[609,-588],[39,-33],[778,-355],[529,-241],[625,-300],[45,-21],[453,-242],[42,-21],[51,-27],[174,-86],[40,-25],[833,-473],[389,-213],[186,-113],[86,-35],[81,-35],[201,-87],[575,-247],[123,-49],[120,-59],[433,-205],[80,-35],[142,-49],[472,-226],[2393,-1276],[297,-144],[40,-19],[33,-16],[344,-153],[22,-16],[37,-17],[235,-121],[83,-41],[76,-40],[157,-84],[83,-25],[209,-51],[83,-16],[77,-33],[95,-25],[213,-43],[171,-51],[119,-37],[82,-24],[155,-73],[164,-73],[236,-114],[123,-64],[118,-50],[123,-62],[114,-54],[40,-17],[109,-55],[43,-14],[157,-82],[2038,-1068],[594,-312],[511,-285],[41,-22],[45,-26],[202,-146],[1051,-627],[1237,-587],[1139,-476],[851,-486],[448,-446],[1327,-949],[381,-238],[61,-27],[405,27],[10,-14],[35,-20],[323,-201],[20,-12],[47,-6],[2233,-275],[303,-44],[40,-7],[753,-89],[993,-65],[1535,-79],[19,-1],[44,-2],[938,-59],[2193,-656],[178,-54],[46,-18],[850,-285],[959,-333],[1396,-948],[75,-51],[30,-8],[41,-22],[1076,-661],[374,-151],[557,-156],[92,-18],[446,-62],[698,44],[74,5],[47,5],[91,5],[1335,583],[228,114],[88,43],[77,38],[87,45],[68,40],[81,68],[299,251],[381,320],[45,12],[415,60],[67,17],[27,15],[80,16],[1288,327],[1860,207],[108,13],[84,18],[103,35],[113,49],[151,74],[123,48],[141,56],[121,52],[84,51],[116,101],[62,71],[75,101],[72,129],[68,124],[35,93],[14,50],[22,101],[14,110],[0,163],[-2,114],[-67,441],[-13,61],[-129,28],[-99,211],[-302,428],[-290,219],[-342,386],[-412,211],[-419,168],[-307,57],[-248,265],[-365,306],[-303,390],[-645,1332],[-394,904],[-54,477],[-6,450],[211,447],[326,352],[280,172],[348,115],[437,43],[766,-42],[778,-69],[548,73],[173,55],[269,79],[316,216],[341,571],[515,708],[223,469],[174,498],[54,389],[-17,219],[-63,163],[-190,285],[-693,551],[-499,270],[-586,246],[-433,294],[-221,344],[-33,352],[87,278],[166,230],[151,147],[446,334],[487,307],[147,93],[922,381],[781,45],[122,18],[677,-41],[541,-311],[176,-185],[392,-597],[605,-869],[472,-474],[793,-565],[1062,-299],[713,9],[613,169],[504,-145],[149,-47],[276,-188],[325,-399],[363,-603],[695,-750],[99,-107],[959,-1165],[897,-815],[114,-105],[611,-617],[565,-382],[661,-481],[742,-299],[391,-81],[704,55],[503,281],[167,118],[200,265],[207,445],[151,569],[20,127],[74,476],[-86,720],[-453,1162],[-165,592],[115,510],[477,764],[404,1200],[216,466],[515,776],[54,110],[1160,4],[731,-47],[355,90],[176,128],[403,290],[550,238],[219,268],[447,565],[224,243],[269,223],[280,188],[436,266],[327,112],[300,156],[393,203],[590,353],[531,456],[638,716],[177,170],[255,166],[590,-191],[377,-59],[421,61],[297,140],[145,138],[100,104],[341,254],[602,369],[509,313],[425,451],[243,383],[67,55],[213,168],[439,88],[885,39],[383,-62],[298,-7],[281,70],[82,24],[33,23],[506,311],[366,320],[457,427],[307,137],[160,11],[65,6],[741,187],[814,313],[1312,572],[1944,1083],[760,550],[291,307],[224,328],[197,847],[123,399],[83,172],[143,144],[151,145],[1110,576],[281,55],[276,37],[162,32],[378,109],[391,76],[457,238],[537,336],[511,389],[520,711],[666,711],[331,236],[290,151],[347,71],[289,31],[197,22],[840,-325],[746,-626],[504,-261],[979,-165],[454,34],[273,-104],[816,262],[598,368],[653,666],[301,505],[299,405],[38,41],[746,994],[271,194],[171,77],[213,19],[584,14],[684,-306],[688,-668],[534,-432],[349,-168],[805,-215],[920,179],[732,-18],[45,5],[446,241],[293,54],[559,-323],[438,-218],[235,-11],[329,56],[282,-46],[380,183],[323,211],[475,259],[537,202],[570,158],[679,60],[461,-38],[226,-252],[256,-472],[163,-307],[53,-96],[290,-304],[204,-111],[340,-106],[565,-149],[443,-169],[653,-260],[439,-225],[354,-261],[448,-373],[351,-202],[484,-189],[365,-57],[205,-84],[707,-168],[360,-130],[369,-43],[67,-16],[474,-67],[541,-173],[530,-161],[156,-56],[460,-174],[362,-161],[763,-160],[972,-249],[308,-161],[16,-10],[99,-69],[287,-73],[1222,-725],[453,-306],[55,-31],[331,-167],[310,-233],[723,-665],[1070,-745],[635,-421],[379,-401],[396,-611],[436,-478],[383,-418],[376,-572],[46,-64],[1383,-2066],[229,-421],[60,-91],[298,-355],[347,-476],[1292,-1371],[962,-1060],[16,-259],[402,-635],[73,-171],[13,-45],[166,-600],[369,-1097],[189,-782],[175,-454],[280,-513],[131,-315],[102,-358],[6,-79],[96,-536],[2,-599],[-23,-452],[3,-425],[77,-419],[87,-322],[6,-56],[376,-1282],[194,-735],[52,-348],[64,-1281],[-236,-402],[-450,-294],[-451,-425],[-250,-255],[-92,-162],[-146,-330],[-158,-592],[-125,-467],[-24,-248],[3,-73],[-11,-69],[8,-249],[36,-151],[85,-334],[57,-378],[21,-331],[36,-229],[80,-302],[62,-140],[132,-312],[160,-365],[117,-263],[50,-188],[64,-217],[73,-340],[45,-286],[162,-714],[135,-256],[216,-400],[208,-374],[176,-236],[286,-468],[123,-349],[63,-379],[-103,14],[-83,-36],[-81,-60],[-37,97],[-161,-72],[-105,79],[-184,-25],[-133,49],[-139,162],[-176,171],[-63,66],[251,63],[-1056,495],[68,387],[-563,22],[-1197,758],[-981,920],[-352,-520],[-488,-721],[-150,12],[40,-296],[11,-502],[163,-684],[124,-508],[121,-840],[140,-1436],[157,-902],[122,-857],[162,-735],[185,-706],[93,-459],[154,-377],[100,-130],[176,-247],[116,-244],[125,-184],[114,-137],[130,-91],[96,-141],[46,21],[7,112],[83,82],[-22,-72],[268,36],[276,-94],[623,-134],[1132,7],[143,5],[158,24],[180,41],[367,95],[571,397],[184,-32],[1526,488],[-81,68],[153,43],[281,75],[538,56],[453,-22],[-33,-152],[115,-190],[-666,-124],[-296,-44],[-351,-189],[-311,-172],[-343,-387],[-456,-416],[-344,-458],[-265,-348],[-104,-247],[-109,-267],[-562,-1063],[-432,-908],[-354,-900],[-373,-1025],[-44,-212],[-140,-148],[-145,-494],[-46,-328],[-201,-721],[-150,-595],[-199,-589],[-188,-929],[-271,-1591],[-36,-133],[-31,-423],[36,-701],[-67,-299],[-30,-152],[-34,-415],[12,-227],[-32,-345],[-71,-551],[0,0],[-30,-236],[-175,-1203],[85,-214],[-48,-221],[5,-238],[18,-128],[-51,-254],[-95,-580],[-49,-303],[-79,-1027],[-100,-726],[-12,-130],[-27,-203],[-102,-1197],[-101,-1685],[-124,-1238],[-144,-1033],[-110,-1382],[-163,-213],[316,-265],[-57,-302],[-158,-1381],[-424,-2468],[-181,-1395],[-193,-937],[-15,-202],[-62,-165],[-266,-1813],[-338,-2199],[-203,-1459],[-6,-403],[-74,-799],[-12,-113],[13,-683],[-26,-446],[37,-813],[-74,-1965],[-31,-1275],[-34,-262],[-64,-80],[-76,20],[-203,31],[-209,228],[-1412,-1242],[-73,-80],[-225,-2],[-66,-75],[65,-189],[60,-117],[51,-52],[49,-51],[71,-190],[207,-962],[-38,-30],[55,-100],[135,-261],[140,-857],[288,-415],[22,-83],[87,358],[200,723],[93,644],[-132,904],[92,474],[-62,278],[35,16],[113,-129],[41,-275],[-57,-330],[45,-353],[36,-537],[-45,-558],[-269,-912],[-339,-1188],[-132,-263],[-99,-537],[-154,-367],[-360,-624],[-756,-1443],[-466,-983],[-767,-1019],[-316,-642],[-1716,-2377],[-1593,-1924],[-2035,-1492],[-1860,-988],[-1742,-315],[-824,106],[-502,252],[-185,288],[123,139],[382,-5],[835,-236],[411,-80],[-136,284],[347,-40],[348,-3],[616,35],[424,176],[191,154],[-93,135],[-78,97],[236,77],[364,-23],[258,168],[-22,222],[-1,313],[-178,85],[8,165],[251,40],[530,-33],[336,89],[405,122],[279,-54],[556,149],[196,264],[124,157],[358,180],[357,475],[567,700],[403,417],[249,315],[429,599],[215,299],[335,384],[508,520],[452,1021],[388,454],[392,509],[139,433],[120,397],[279,258],[259,499],[937,1532],[124,633],[-220,-228],[-83,-16],[-102,-185],[32,-71],[-267,-96],[-144,-86],[-243,-38],[22,-92],[-106,7],[-418,-306],[-43,-98],[-323,-381],[-286,-149],[-327,-326],[-126,29],[-67,11],[-96,-31],[-42,86],[-181,10],[-100,93],[-76,11],[-163,-67],[-150,35],[-62,-48],[-116,51],[-32,143],[-47,-10],[-196,-307],[-120,-307],[-156,-239],[-65,-154],[-30,-87],[-41,-120],[-118,-137],[-11,-52],[-312,-289],[-109,-196],[20,-48],[-33,-35],[-88,22],[-143,-147],[-118,-132],[-172,-64],[-128,-100],[-41,-78],[-343,-240],[-336,206],[-159,43],[-514,-91],[-169,80],[-585,62],[-1367,-38],[-382,-96],[-455,-76],[-682,-85],[-434,-13],[-557,-195],[-255,-102],[-354,-138],[-1578,-367],[-1707,-302],[-1107,-261],[-1494,-301],[-457,-180],[-92,-36],[-3281,-652],[-454,-122],[-583,-89],[-251,-5],[-283,-106],[-601,-56],[-514,-9],[-638,-57],[-108,-12],[-360,-23],[-468,-132],[-1091,27],[-820,16],[-2249,-16],[-1415,-275],[-187,-11],[-196,-55],[-1096,-129],[-2378,-218],[-545,-54],[-17,-7],[-296,-120],[-1503,-240],[-666,-81],[-334,-39],[-2721,-794],[-81,-99],[-903,-498],[-2304,-1106],[-354,477],[-187,-47],[-1301,-383],[-775,-198],[-618,-146],[-1942,-935],[-1355,-676],[-519,-41],[-180,-351],[-679,-474],[-744,-586],[-2196,-1870],[-153,-116],[-168,-122],[-2002,-2119],[-575,-664],[-265,-135],[-3134,-3712],[-134,-199],[-180,-261],[-598,-787],[-1303,-1822],[-1014,-1500],[-69,-85],[-157,-185],[-105,-69],[-108,-140],[-1,-3],[6,-112],[-88,-282],[-253,-313],[-505,-760],[-6,-77],[-88,-80],[-85,-134],[13,-92],[-237,-178],[-36,-71],[-68,-130],[-247,-437],[-288,-573],[-507,-731],[-210,-358],[-147,-307],[-678,-720],[-133,-10],[-160,-124],[-172,-313],[-346,-658],[-349,-381],[-141,-50],[-70,-134],[11,-106],[-4,-135],[-83,-171],[-111,-71],[-112,-268],[-120,-429],[-236,-334],[-210,-510],[-24,-58],[51,-127],[-9,-149],[-56,-163],[-79,-190],[-34,-199],[-151,-371],[-292,-710],[-72,-171],[-164,-416],[-380,-909],[-67,-63],[-29,33],[-25,126],[-44,-11],[24,-158],[35,-123],[-210,-486],[-198,-351],[-16,-29],[-225,-537],[-137,-381],[-165,-175],[-94,-87],[8,-161],[-62,-208],[-105,-232],[-172,-278],[-73,-169],[-85,-197],[-60,-140],[-55,-95],[-37,-100],[-60,-176],[-126,-184],[-210,-474],[-148,-444],[-123,-200],[-129,-271],[-156,-326],[-155,-327],[-1070,-2386],[-514,-1155],[-184,-420],[-43,-178],[-32,-75],[-11,-59],[-116,-136],[-64,-208],[-96,-146],[-214,-407],[-330,-717],[-497,-965],[-83,-153],[-65,-80],[-49,-103],[-105,-127],[-37,-130],[-81,-167],[-33,-147],[-98,-162],[-875,-1398],[-426,-865],[-132,-184],[-213,-358],[-259,-302],[-77,-136],[-40,-52],[-34,-67],[-97,-92],[-105,-248],[-188,-277],[-40,-101],[-225,-300],[-158,-194],[-510,-797],[-263,-316],[-267,-287],[-315,-432],[-793,-863],[-344,-449],[-33,-32],[-5,-45],[-790,-1043],[-41,-49],[-212,-214],[-674,-685],[-17,-24],[-189,-263],[-89,-135],[-236,-271],[-179,-234],[-136,-171],[-171,-217],[-229,-309],[-47,-64],[-157,-216],[-123,-141],[-139,-189],[-220,-294],[-250,-357],[-95,-123],[-167,-239],[-221,-374],[-49,-65],[-196,-295],[-199,-327],[-82,-127],[-155,-265],[-72,-119],[-105,-183],[-52,-81],[-21,-48],[-2,-37],[2,-31],[-13,-15],[-15,10],[-12,20],[-19,17],[-25,-2],[-20,-13],[-157,-141],[-147,-148],[-75,-75],[-135,-124],[-151,-138],[-112,-142],[-126,-182],[-64,-124],[-52,-99],[-198,-248],[-281,-435],[-158,-244],[-210,-302],[-189,-316],[-34,-52],[-61,-92],[-10,-14],[-24,-37],[-132,-173],[-271,-439],[-201,-296],[-198,-320],[-50,-84],[-73,-119],[-99,-148],[-97,-160],[-136,-204],[-127,-175],[-111,-184],[-23,-21],[-72,-122],[-65,-114],[-93,-145],[-76,-106],[-83,-134],[-44,-77],[-58,-100],[-81,-124],[-54,-93],[-125,-199],[-91,-156],[-30,-54],[-85,-154],[-99,-173],[-96,-173],[-92,-168],[-68,-132],[-56,-118],[-28,-72],[-19,-13],[-27,-10],[-32,-5],[-27,-2],[-21,-13],[-31,-24],[-45,-44],[-51,-51],[-96,-93],[-41,-35],[-32,-40],[-25,-37],[-83,-106],[-126,-153],[-79,-113],[-99,-143],[-6,-11],[-3,-5],[-38,-68],[-93,-141],[-41,-65],[-99,-185],[-138,-278],[-140,-289],[-100,-209],[-78,-185],[-44,-106],[-17,-51],[-29,-89],[-56,-146],[-14,-58],[-10,-37],[-10,-69],[-40,-90],[-66,-134],[-68,-25],[-37,-25],[-32,-46],[-27,-59],[-216,-598],[-62,-133],[-75,-172],[-52,-231],[-99,-355],[-91,-275],[-143,-436],[-45,-136],[-1,-100],[41,-312],[11,-24],[3,-54],[36,-228],[31,-165],[-10,-22],[-18,-1],[-18,14],[-15,32],[0,32],[-2,26],[-5,30],[-13,32],[-6,30],[-25,44],[-22,-3],[-25,-11],[-23,1],[-34,-5],[-46,-17],[-36,-15],[-36,-19],[-25,-23],[-17,-27],[-3,-25],[0,-23],[15,-7],[20,-14],[15,-22],[-17,0],[-29,-2],[-53,-4],[-25,-20],[-14,-29],[-47,-95],[-58,-117],[-79,-184],[-8,-16],[-28,-65],[-2,-107],[-17,-356],[-7,-156],[-6,-271],[-3,-127],[-8,-243],[-3,-97],[-10,-267],[1,-43],[0,-31],[-4,-119],[-3,-69],[14,-18],[8,-29],[12,-44],[5,-48],[9,-45],[17,-48],[60,-124],[525,-1259],[-112,-39],[-542,1474],[-19,58],[-18,79],[-2,52],[6,58],[6,144],[0,37],[12,295],[2,53],[4,140],[8,208],[1,51],[0,32],[-19,22],[-31,2],[-4,0],[-82,3],[-80,6],[-32,0],[-4,-3],[-5,4],[-5,6],[-14,8],[-15,0],[-25,-1],[-7,1],[8,265],[4,69],[3,139],[7,160],[4,161],[5,128],[1,19],[-189,8],[-119,6],[-16,1],[-5,6],[-15,17],[-5,1],[-11,0],[-11,5],[-6,13],[-4,5],[-11,7],[-10,3],[-4,5],[-8,2],[-7,-3],[-16,-56],[-9,-27],[-25,-67],[-31,-92],[-20,-60],[-11,-38],[-17,-65],[-8,-35],[-3,-13],[-3,-5],[-5,-16],[-4,-27],[-4,-39],[0,-5],[0,-17],[-2,-9],[-2,-4],[-10,1],[-216,8],[-64,3],[0,0],[-5,0],[-2,-74],[-2,-88],[-5,-122],[-3,-70],[0,-1],[-1,-8],[0,-14],[-5,0],[0,-3],[5,0],[0,-10],[-5,0],[0,-7],[-6,1],[0,8],[-4,0],[0,9],[4,0],[0,2],[-2,3],[1,3],[-6,1],[0,2],[-3,0],[0,5],[-59,3],[0,-4],[-2,-1],[-1,-9],[6,-1],[-1,-10],[-5,0],[0,-11],[-6,1],[1,10],[-6,1],[1,10],[4,0],[1,10],[-1,2],[-3,0],[-16,0],[-5,-5],[-6,-1],[0,-2],[2,0],[0,-6],[-5,1],[0,-4],[4,0],[0,-11],[-5,0],[-1,-10],[-1,0],[-4,0],[1,11],[-5,0],[1,10],[4,0],[0,5],[-6,0],[3,99],[0,1],[2,74],[7,180],[1,26],[-7,2],[0,4],[7,0],[0,10],[3,5],[0,27],[-2,6],[-5,3],[-6,3],[-6,15],[0,25],[2,16],[0,1],[1,5],[0,20],[-1,11],[-1,11],[-3,9],[-8,1],[-5,2],[4,5],[4,14],[-1,5],[-2,5],[-6,6],[-25,2],[-34,0],[-23,2],[-8,-1],[-3,-4],[-1,-5],[0,-11],[-7,-9],[-8,-3],[-5,4],[-2,17],[0,3],[0,27],[3,29],[1,48],[2,21],[0,2],[-2,17],[-2,2],[-8,11],[-2,5],[0,6],[4,7],[20,21],[3,16],[15,17],[22,36],[0,1],[10,15],[3,3],[4,3],[2,7],[4,8],[4,7],[4,6],[35,53],[26,49],[32,57],[20,33],[10,25],[6,11],[5,9],[5,12],[-5,7],[-5,6],[-11,4],[0,3],[7,-2],[1,0],[1,6],[-2,10],[-16,1],[-15,4],[-5,1],[-11,2],[-12,6],[-6,7],[-2,3],[-6,0],[-2,1],[-5,0],[-25,12],[-23,5],[-14,-7],[-1,0],[-15,-16],[-29,-45],[-37,-53],[-36,-52],[-34,-48],[-22,-39],[-7,-12],[-5,-14],[-16,-18],[-14,-18],[-9,-12],[-9,-11],[-6,-11],[-8,-13],[-15,-22],[-12,-16],[-7,-9],[-13,-20],[-15,-23],[-2,-2],[0,-1],[-13,-18],[-6,-8],[-31,-45],[-45,-61],[-8,-12],[-5,-7],[-7,-2],[-11,1],[-24,5],[-16,1],[-51,1],[-65,4],[-83,5],[0,0],[-104,5],[-127,9],[-61,4],[-31,0],[-27,2],[-12,-2],[-10,-7],[-6,-6],[-8,-10],[-19,-26],[-23,-38],[-21,-41],[-2,-5],[-3,-3],[-21,-29],[-12,-19],[-23,-35],[-27,-43],[-9,-20],[-11,-16],[-9,-13],[-16,-27],[-15,-26],[-32,-50],[-38,-66],[-30,-50],[-39,-61],[-49,-79],[-5,-10],[-14,-28],[-10,-14],[-11,-16],[-9,-17],[-3,-44],[-1,-71],[-2,-100],[-2,-67],[3,-53],[-2,-74],[0,-23],[3,-39],[-1,-31],[-4,-28],[2,-7],[8,-11],[10,-7],[14,-1],[15,-1],[20,1],[20,0],[24,-3],[14,-3],[8,4],[6,3],[16,-2],[15,-6],[6,-2],[12,-2],[15,1],[9,3],[5,6],[15,-1],[12,1],[10,-9],[16,-2],[17,-1],[34,-1],[6,3],[5,6],[9,4],[9,0],[8,-8],[7,-7],[10,0],[29,0],[20,0],[4,2],[4,6],[7,1],[10,0],[13,-10],[12,-4],[30,-3],[13,1],[6,3],[6,7],[6,3],[9,1],[8,-2],[11,-12],[14,-2],[40,-4],[6,2],[8,7],[7,6],[7,0],[9,-6],[7,-9],[56,-2],[14,2],[5,4],[12,4],[8,-3],[5,-6],[9,-3],[12,-1],[8,1],[14,-1],[14,1],[14,0],[7,5],[5,1],[8,0],[8,-4],[4,-5],[8,-2],[17,1],[10,0],[5,-4],[12,1],[11,-1],[2,3],[4,10],[8,4],[13,0],[7,-4],[3,-12],[3,-4],[45,-2],[9,4],[6,8],[9,6],[19,3],[21,-6],[14,-13],[7,-1],[8,5],[10,14],[10,20],[11,13],[7,10],[7,17],[2,11],[2,22],[4,12],[-1,5],[0,5],[-11,1],[0,5],[22,-1],[4,-1],[0,-9],[0,-3],[-2,-56],[-5,-137],[-3,-101],[-10,0],[0,3],[-11,0],[0,4],[5,0],[-2,6],[-3,8],[-10,12],[-12,9],[-23,22],[-17,8],[-18,9],[-6,8],[1,8],[-1,10],[-6,11],[-9,6],[-19,6],[-31,4],[-83,3],[-68,2],[-72,4],[-16,-2],[-13,-1],[-14,5],[-17,7],[-42,2],[-51,3],[-62,2],[-20,1],[-67,1],[-16,-3],[-17,6],[-22,2],[-30,1],[-35,1],[-50,2],[-47,1],[-78,5],[-52,1],[-3,-26],[-1,-30],[-2,-23],[2,-18],[6,-9],[14,-7],[26,-3],[30,-2],[14,0],[4,-2],[4,-8],[1,-9],[-47,3],[-66,3],[-163,4],[-103,6],[-1,-23],[-1,-13],[-3,-85],[-1,-26],[-2,-35],[-3,0],[-1,10],[-6,-1],[-7,-3],[-7,-4],[-4,-3],[-7,-3],[-9,-7],[-9,-3],[-8,-3],[-4,-5],[-8,-8],[-7,-7],[-6,-12],[-4,-13],[-2,-18],[-2,-24],[-2,-25],[-2,-8],[-3,-13],[0,-18],[-3,-24],[-5,-21],[-1,-13],[-2,-19],[-1,-25],[-2,-11],[-1,-16],[-1,-19],[4,-25],[9,-29],[6,-9],[19,-1],[17,2],[6,-1],[14,-1],[5,-2],[-3,-6],[-6,1],[-5,0],[-5,0],[-11,-3],[-35,0],[-29,-6],[-32,-8],[-38,-10],[-20,-2],[-37,-11],[-38,-12],[-33,-12],[-30,-9],[-53,-14],[-21,-7],[-28,-7],[-36,-10],[-21,-6],[-21,-7],[-42,-13],[-48,-15],[-46,-14],[-44,-13],[-31,-3],[-32,-4],[-34,-6],[-17,0],[-15,-3],[-12,-3],[-3,-6],[0,-7],[1,-4],[5,-13],[-5,-4],[-3,-1],[-1,-1],[-8,-2],[-4,3],[-1,6],[-1,7],[0,4],[-9,8],[-3,10],[-6,2],[10,-25],[181,-433],[4,-10],[300,-18],[5,0],[3548,-216],[-11,-213],[-2149,184],[-3176,142],[-24,2],[-59,-47],[-51,-123],[-62,-150],[-234,-624],[-37,-101],[-114,-358],[-1,-3],[-233,-734],[-74,-264],[-234,-754],[-161,-601],[-92,-429],[-73,-350],[-108,-622],[-68,-423],[-58,-498],[-36,-390],[-2,-15],[-6,-68],[-56,-446],[-24,-359],[-15,-238],[-26,-443],[-3,-49],[-6,-127],[-4,-64],[-5,-98],[-2,-95],[-2,-107],[-1,-39],[-3,-168],[0,0],[-3,-122],[-4,-186],[-5,-205],[-2,-161],[0,-4],[-6,-546],[10,-414],[12,-569],[18,-388],[18,-323],[11,-197],[31,-401],[53,-207],[62,-288],[24,-334],[11,-144],[7,-99],[24,-75],[34,-111],[51,-147],[21,-138],[16,-148],[8,-117],[7,-63],[4,-26],[32,-166],[21,-70],[33,-62],[20,-54],[11,-30],[23,-66],[39,-72],[28,-41],[11,-45],[5,-49],[11,-75],[4,-73],[4,-59],[3,-41],[18,-89],[16,-65],[1,-7],[14,-59],[36,-105],[22,-89],[21,-108],[12,-83],[18,-114],[17,-49],[45,-113],[52,-98],[52,-108],[35,-85],[37,-94],[18,-54],[26,-84],[30,-72],[47,-106],[36,-60],[22,-30],[9,-12],[49,-71],[61,-83],[54,-92],[25,-48],[9,-38],[17,-59],[33,-66],[4,-8],[33,-86],[34,-76],[47,-59],[42,-33],[42,-21],[28,-5],[25,-4],[24,1],[26,17],[22,19],[9,18],[3,18],[-2,10],[-10,5],[-7,8],[-3,7],[-1,14],[7,10],[9,1],[8,-4],[12,-25],[27,-45],[11,-24],[0,-9],[-6,-10],[-5,-21],[-7,-31],[-2,-16],[7,-9],[25,-25],[19,-18],[0,0],[6,-6],[3,-9],[-5,-8],[-9,-3],[-6,1],[0,-7],[6,-24],[25,-13],[31,-12],[35,-8],[17,4],[22,7],[14,-15],[36,-12],[28,7],[6,2],[2,0],[10,2],[24,6],[24,19],[17,6],[5,2],[14,4],[17,9],[7,9],[-1,13],[-6,10],[-1,2],[-7,7],[-3,2],[1,7],[0,4],[2,2],[5,5],[6,2],[2,-2],[13,-11],[32,-30],[1,1],[5,2],[7,9],[18,23],[10,15],[32,47],[6,9],[39,60],[76,104],[18,27],[11,16],[8,9],[36,45],[32,40],[34,41],[21,38],[16,21],[17,7],[20,-1],[23,-16],[57,-46],[27,-21],[80,-69],[59,-51],[35,-29],[35,-33],[20,-25],[11,-10],[0,-3],[1,-11],[-7,-7],[-10,1],[-1,1],[-15,8],[-17,14],[-15,14],[-21,15],[-13,0],[-16,-15],[-15,-18],[-11,-3],[-7,7],[1,7],[0,2],[0,2],[10,18],[14,16],[3,15],[-12,16],[-61,48],[-45,43],[-51,34],[-30,24],[0,1],[-10,4],[-27,-7],[-27,-5],[-22,-8],[-16,-15],[-14,-22],[-16,-18],[-2,-3],[-13,-15],[0,-3],[1,-5],[3,-7],[-1,-1],[-3,-7],[-8,-6],[-2,-2],[-19,-15],[-22,-31],[-29,-39],[-3,-17],[-10,-15],[-23,-23],[-3,-4],[-6,-7],[-12,-16],[-1,-6],[-1,-3],[3,-2],[2,-2],[6,-20],[9,-27],[1,-4],[7,-12],[4,-7],[42,-79],[17,-35],[8,-8],[21,-11],[5,-6],[7,-9],[0,-3],[0,-5],[-4,-2],[-3,-3],[-9,1],[-12,3],[-6,0],[-2,0],[-1,0],[-5,-4],[-9,-5],[0,-1],[-11,-12],[-44,-66],[-34,-50],[-14,-22],[-20,-31],[-1,-15],[2,-4],[0,-1],[5,-12],[2,-13],[1,-9],[9,-19],[3,-8],[7,-17],[15,-36],[7,-16],[6,-8],[16,-22],[8,-10],[4,-3],[17,-12],[21,-11],[13,-2],[5,5],[1,0],[1,2],[14,21],[15,19],[12,6],[0,0],[2,1],[31,2],[34,-6],[10,-7],[18,-13],[6,-4],[6,-6],[21,-19],[2,-2],[2,-4],[20,-29],[1,-1],[33,-53],[27,-61],[25,-40],[20,-19],[33,-5],[34,-2],[14,-12],[9,-22],[19,-42],[47,-75],[46,-55],[39,-33],[7,-5],[3,-1],[0,0],[4,2],[13,19],[9,4],[4,2],[2,1],[4,-1],[6,-2],[2,-1],[7,-11],[4,-6],[2,-3],[7,-26],[12,-22],[13,-19],[3,-5],[3,-3],[6,-6],[13,-19],[3,-4],[8,-14],[2,-4],[6,-11],[8,-30],[14,-52],[8,-29],[0,0],[2,-9],[4,-15],[6,-12],[3,-4],[7,-13],[2,-13],[2,-10],[7,-15],[30,-34],[54,-56],[21,-23],[2,-1],[1,-2],[6,-30],[13,-38],[2,-12],[-6,-6],[-9,-2],[-4,2],[-2,1],[-2,1],[-9,24],[-15,27],[-10,27],[-22,28],[-25,30],[-15,18],[-7,1],[-26,-16],[-21,-10],[-37,-36],[-39,-51],[-23,-43],[-10,-31],[-19,-80],[-5,-49],[3,-109],[3,-69],[4,-62],[6,-21],[0,0],[3,-11],[14,-20],[15,-7],[11,-2],[22,5],[31,5],[8,-3],[-1,-8],[-2,-1],[-3,-2],[-9,-7],[-20,-8],[-16,-6],[-3,-20],[4,-38],[9,-67],[16,-78],[15,-42],[30,-88],[30,-80],[35,-91],[6,-15],[3,-9],[43,-94],[14,-28],[18,-35],[1,-3],[29,-46],[31,-32],[59,-34],[2,-2],[2,-1],[57,-31],[6,-3],[1,0],[31,-6],[46,-7],[32,2],[34,7],[17,8],[33,25],[7,20],[-5,44],[-12,41],[-16,35],[-9,20],[14,14],[9,-2],[2,-4],[3,-4],[8,-13],[15,-39],[9,-29],[0,-1],[2,-25],[4,-27],[1,-3],[4,-55],[5,-18],[18,-50],[20,-55],[25,-63],[25,-70],[4,-12],[1,-2],[13,-22],[13,-26],[10,-29],[5,-50],[-1,-2],[-3,-8],[-1,-2],[-8,-4],[-8,4],[-2,9],[-4,34],[-8,31],[-9,16],[-12,0],[-22,-5],[-34,-16],[-35,-26],[-28,-26],[-4,-3],[0,-1],[-10,-11],[-12,1],[-16,-21],[-12,-13],[-5,-6],[-23,-40],[-1,-2],[-20,-51],[-25,-71],[-12,-38],[-9,-52],[-5,-43],[-2,-40],[-10,-86],[-10,-65],[-14,-72],[-8,-113],[-6,-88],[2,-57],[8,-66],[27,-82],[16,-35],[26,-36],[43,-41],[51,-29],[39,-13],[35,-4],[18,6],[6,14],[3,34],[7,70],[0,0],[2,14],[0,1],[0,0],[4,1],[6,4],[9,-4],[2,-15],[0,-4],[0,-1],[1,-25],[-6,-67],[-4,-54],[-2,-2],[0,0],[-6,-5],[-32,-8],[-90,-31],[-67,-25],[-27,-8],[-5,-7],[9,-32],[6,-25],[-2,-9],[-8,-1],[-3,2],[-1,0],[-4,3],[-5,10],[-7,7],[-13,-5],[-13,-11],[-9,-20],[-7,-26],[-8,-58],[-1,-39],[-5,-61],[-5,-58],[0,0],[0,-5],[1,-56],[2,-14],[1,-8],[2,-13],[10,-51],[16,-32],[27,-26],[17,-4],[7,9],[1,9],[8,16],[3,2],[2,3],[5,3],[8,0],[3,-8],[1,-3],[0,-3],[-3,-22],[-4,-11],[-7,-18],[-4,-3],[-8,-5],[-11,-8],[-5,-4],[-12,-11],[0,-20],[-1,-45],[0,0],[-2,-66],[6,-11],[22,-13],[27,-13],[1,-4],[5,-15],[2,-4],[-1,-28],[-2,-3],[-3,-3],[-1,-3],[-12,-2],[-15,10],[-14,18],[-5,20],[-7,13],[-15,4],[-20,-10],[-25,-24],[-1,0],[0,-2],[-17,-31],[0,0],[-1,-1],[-1,-11],[-4,-25],[-1,-18],[0,-1],[-4,-40],[4,-97],[2,-39],[1,-10],[8,-79],[12,-53],[17,-39],[11,-9],[26,1],[33,2],[22,15],[14,11],[7,-1],[5,-11],[-7,-12],[-7,-7],[-7,-7],[-2,-4],[-2,-6],[-1,-12],[5,-72],[1,-12],[1,-33],[1,-2],[5,-8],[1,-1],[13,-4],[7,-3],[1,-1],[2,-3],[2,-2],[-3,-14],[-11,-4],[-13,4],[-13,1],[-19,-1],[-32,-14],[-18,-7],[0,-6],[0,-2],[-1,-13],[5,-41],[1,-6],[3,-6],[23,-43],[55,-44],[77,-35],[53,-9],[28,6],[18,16],[30,38],[9,61],[5,55],[12,12],[3,2],[2,3],[6,-2],[8,-3],[0,0],[2,-58],[0,-1],[1,-70],[-10,-10],[-50,-48],[-21,-24],[-7,-13],[-10,-20],[-3,-5],[-10,-3],[-12,-4],[-1,-1],[-19,-18],[-1,0],[0,-1],[-4,-3],[-30,-34],[-1,-2],[28,-55],[1,-1],[6,-36],[0,-2],[0,0],[-6,-13],[-1,-1],[-3,-1],[-5,-1],[-1,0],[-14,28],[-2,1],[-1,0],[-12,6],[-29,-12],[-18,-27],[-9,-48],[-1,-4],[1,-2],[6,-44],[1,-7],[2,-2],[31,-48],[2,-2],[0,-1],[57,-42],[58,-22],[16,-6],[0,0],[5,-2],[44,-4],[86,-7],[27,-3],[27,-3],[13,-2],[16,17],[20,19],[6,5],[31,36],[14,14],[13,15],[3,8],[2,5],[1,6],[0,2],[2,1],[5,5],[5,9],[2,14],[1,19],[-1,17],[-1,8],[2,5],[5,19],[4,14],[0,1],[8,23],[1,15],[-4,15],[1,11],[-4,8],[-2,17],[3,6],[1,2],[8,1],[5,2],[2,-1],[3,-2],[3,-5],[3,-6],[8,-14],[4,-20],[4,-23],[-3,-18],[-6,-27],[-2,-22],[-5,-23],[-15,-38],[-6,-15],[32,-23],[47,-28],[89,-60],[52,-34],[30,-20],[1,0],[36,-24],[48,-34],[16,-14],[5,-5],[11,-11],[3,-3],[18,-42],[5,-19],[2,-8],[-1,-21],[0,-3],[-3,-30],[-5,-5],[-4,-6],[-1,0],[-10,-2],[-10,3],[-2,5],[-1,0],[-1,3],[-3,17],[1,19],[6,22],[-2,11],[-12,33],[-8,11],[-30,27],[-41,27],[-26,17],[-40,26],[-28,15],[-5,3],[-1,0],[-6,1],[-12,-1],[-1,0],[0,0],[-3,-5],[-2,-3],[-9,7],[10,19],[0,1],[-49,33],[-30,20],[0,0],[-24,16],[-37,24],[-11,8],[-5,3],[-1,0],[-5,0],[-1,-1],[-6,-4],[-27,-29],[-54,-60],[-17,-18],[-17,-19],[-44,-50],[-12,-12],[0,-4],[0,-5],[3,-9],[14,-30],[17,-35],[9,-18],[0,0],[8,-15],[15,-30],[9,-24],[1,-3],[11,-22],[1,-7],[0,0],[28,-59],[9,-16],[8,-19],[11,-22],[-65,-39],[-55,-34],[-1,1],[-4,8],[-6,-3],[0,0],[14,-29],[0,-1],[6,-12],[13,-28],[3,-6],[40,-82],[23,-50],[8,-16],[78,-23],[17,-5],[143,-42],[43,-13],[3,-1],[2,8],[2,10],[0,0],[20,87],[10,44],[0,1],[-30,76],[-25,62],[0,2],[-7,16],[-19,50],[-22,57],[-20,49],[-34,86],[-16,41],[-16,40],[0,2],[14,12],[0,1],[21,36],[0,-1],[9,-6],[-14,-25],[0,-1],[3,-8],[11,-30],[33,-86],[19,-45],[15,-30],[14,-44],[25,-59],[10,-29],[18,-52],[6,-9],[2,-2],[6,-17],[2,-5],[1,-2],[7,-12],[9,-22],[17,-25],[9,-10],[3,-10],[6,-25],[20,-15],[24,-28],[14,-23],[12,-22],[14,-33],[3,-10],[38,-108],[1,-1],[9,-27],[16,-49],[21,-62],[6,-8],[5,-6],[4,-12],[-1,-8],[0,-2],[-9,-15],[-14,-17],[-29,-25],[-43,-43],[-35,-31],[-34,-36],[-13,-19],[-6,-16],[-3,-16],[0,-2],[0,-16],[8,-17],[-1,-19],[-13,-17],[-1,-1],[-22,-15],[-28,-16],[-25,-2],[-18,3],[-8,2],[-21,22],[-19,9],[-12,6],[-49,-7],[-66,-15],[-48,-15],[-4,-2],[0,0],[-41,-23],[-16,-16],[-3,-18],[7,-23],[6,-19],[-3,-14],[1,-27],[-7,-60],[-27,-137],[-16,-85],[-22,-17],[-61,-44],[-1,-6],[0,-1],[-16,-143],[-25,-230],[-29,-240],[-1,-4],[-8,-71],[-10,-96],[0,-82],[7,-52],[23,-47],[17,-18],[34,-40],[63,-50],[84,-75],[70,-67],[82,-68],[47,-40],[76,-64],[183,-155],[102,-85],[24,-19],[300,-249],[49,-33],[45,-29],[34,-35],[79,-66],[63,-66],[36,-39],[8,-17],[2,-4],[5,-29],[19,-118],[27,-149],[37,-202],[2,-10],[23,-124],[12,-84],[12,-86],[19,-80],[9,-83],[2,-28],[3,-61],[-13,-363],[0,-72],[-3,-102],[-2,-104],[12,-46],[7,-13],[3,-8],[10,-23],[1,-1],[20,-52],[19,-27],[41,-57],[108,-135],[112,-132],[25,-41],[52,-54],[959,-1172],[2,-2],[1570,-1920],[179,-659],[140,-515],[496,-1068],[-70,-35],[-475,1028],[-129,483],[-180,665],[-751,934],[-4,4],[-1740,2160],[-41,52],[-21,29],[-26,35],[-19,22],[-13,16],[-34,41],[-27,36],[-16,19],[-28,34],[-29,38],[-52,61],[-30,38],[-27,40],[-44,50],[-10,15],[-15,16],[-7,8],[-22,10],[-20,12],[-5,9],[0,28],[1,28],[2,12],[8,12],[7,13],[3,39],[5,73],[1,32],[0,28],[-2,0],[-5,1],[3,73],[3,72],[4,0],[4,1],[1,24],[-1,35],[5,17],[3,17],[-3,7],[2,26],[4,31],[-2,17],[2,23],[2,41],[1,18],[0,10],[2,20],[0,27],[-4,8],[-6,0],[-15,-5],[-9,-3],[-11,-3],[-6,-2],[-7,-1],[-5,-1],[-7,-1],[0,0],[0,0],[-5,-2],[-11,-4],[-3,0],[-3,0],[3,-9],[0,0],[-5,-2],[-6,-2],[0,1],[-1,3],[-8,25],[-3,14],[0,0],[9,4],[10,6],[2,2],[1,0],[-1,3],[-1,0],[0,0],[-1,3],[8,5],[0,0],[67,24],[5,4],[5,5],[2,5],[-2,4],[-2,15],[-1,24],[-1,15],[-6,31],[-7,38],[-14,87],[-4,25],[-4,8],[0,15],[-6,32],[-7,50],[-3,15],[-5,28],[-4,9],[-2,18],[-6,35],[-6,12],[-4,28],[-2,16],[-7,5],[-9,2],[-2,2],[5,13],[2,16],[-2,17],[2,7],[-1,12],[1,7],[-2,15],[-1,7],[0,6],[-2,6],[-4,1],[-6,5],[-22,-5],[-12,-3],[-1,0],[-1,1],[-2,1],[-1,1],[0,1],[-13,78],[-10,61],[-1,7],[0,1],[0,2],[0,1],[0,0],[2,2],[26,5],[9,2],[0,3],[5,0],[0,1],[0,15],[-6,29],[-8,32],[-1,12],[1,7],[-4,28],[-2,15],[-8,12],[-6,5],[-11,10],[-8,10],[-17,19],[-25,21],[-4,3],[-9,-4],[-7,-10],[-13,-20],[0,0],[-2,-1],[-3,0],[-73,62],[0,3],[0,4],[17,25],[2,8],[-3,11],[-8,6],[-16,11],[-38,34],[-20,16],[-8,1],[-6,-3],[-7,-10],[-6,-7],[-5,-8],[-13,-20],[-1,-3],[-2,-3],[-4,-10],[-3,-10],[-2,-4],[0,0],[-8,-12],[-10,-15],[0,-11],[-8,-12],[-3,2],[-3,-6],[-5,-6],[-1,-2],[0,-1],[-2,-1],[-3,0],[-151,128],[-60,50],[-102,86],[-16,14],[-4,3],[0,0],[0,1],[0,2],[0,1],[0,0],[1,1],[74,109],[0,0],[-57,47],[-72,62],[-9,8],[-22,19],[-1,0],[-29,-43],[-70,-105],[-10,-15],[-2,-1],[-2,1],[-54,46],[-14,11],[-26,22],[-6,6],[-2,1],[0,0],[0,1],[-1,1],[0,1],[0,2],[0,0],[0,0],[27,40],[15,22],[37,56],[12,17],[25,36],[-37,31],[-71,61],[-5,-7],[-4,-6],[-38,-56],[-33,-50],[-23,-35],[-12,-17],[0,0],[0,0],[-2,-1],[-3,1],[-16,13],[-14,13],[-1,1],[-7,5],[0,1],[0,0],[-1,0],[0,1],[1,3],[0,0],[0,0],[56,83],[63,94],[-109,93],[-146,124],[-41,35],[-78,65],[-11,10],[-6,1],[-7,-69],[-3,-33],[17,-2],[4,-1],[1,-2],[1,-2],[-11,-105],[-30,-271],[-5,-40],[-1,-15],[-1,-2],[-2,-3],[-2,0],[-113,16],[-9,2],[-4,1],[-1,3],[1,7],[3,34],[17,153],[3,24],[13,111],[20,183],[3,26],[-89,12],[-17,2],[-12,2],[-2,2],[15,148],[0,1],[1,1],[0,1],[2,1],[1,0],[7,0],[22,-3],[50,-5],[8,65],[22,207],[15,132],[4,35],[9,81],[1,1],[4,43],[15,127],[20,176],[7,63],[6,53],[-2,14],[-30,-10],[-35,-13],[-101,-37],[-72,-26],[0,0],[-11,-4],[-1,0],[-2,0],[-1,0],[-1,1],[-1,1],[-4,16],[-32,109],[-8,29],[0,1],[0,2],[0,1],[0,1],[0,1],[1,0],[0,1],[1,1],[0,0],[13,5],[62,22],[95,35],[21,8],[7,2],[8,3],[3,0],[3,-2],[5,-18],[89,33],[10,4],[-5,17],[-39,-15],[-13,45],[-30,103],[-14,48],[-1,2],[-16,57],[-21,73],[-20,71],[-67,-24],[-168,-61],[-107,-39],[-184,-68],[-35,-12],[-2,-1],[-60,-22],[-8,-72],[-15,-126],[-13,-119],[-15,-127],[-3,-31],[-4,-26],[12,-1],[209,-30],[112,-15],[-2,-19],[-14,-124],[0,-2],[0,-1],[-233,33],[-99,15],[-40,6],[-206,29],[-154,22],[-37,35],[-34,32],[4,35],[-5,4],[-9,2],[-138,19],[-103,15],[-34,5],[-6,-48],[-4,-37],[0,-1],[92,-13],[77,-12],[21,-2],[0,0],[0,-1],[2,-1],[0,-6],[-1,-9],[0,0],[-1,-2],[-11,2],[-177,25],[-4,1],[-5,-38],[-6,-52],[-2,-19],[0,-9],[22,-3],[89,-13],[70,-10],[43,-7],[-1,-6],[2,-65],[2,-2],[46,1],[48,1],[38,1],[23,3],[74,-11],[73,-10],[209,-30],[112,-16],[103,-15],[28,-4],[-4,-33],[-10,-84],[0,-9],[0,-2],[-1,0],[0,-3],[-1,-1],[-2,-1],[-2,-1],[-48,7],[-99,14],[-78,11],[-9,2],[-28,4],[0,3],[-30,4],[-4,-32],[-2,-21],[-2,-23],[0,-1],[21,-3],[4,2],[4,0],[0,-4],[-2,-18],[0,-5],[-1,-1],[-4,1],[-3,4],[-22,4],[-10,-93],[29,-4],[12,-4],[151,-21],[58,-9],[78,-11],[53,-7],[0,-19],[-3,-30],[-9,-80],[-4,-45],[-3,-3],[-4,-1],[-290,42],[-259,38],[-20,3],[-4,-1],[-20,-171],[393,-55],[231,-33],[1,-4],[-21,-188],[-4,-2],[-39,5],[-90,12],[-115,17],[-196,28],[-140,20],[-280,40],[-32,4],[-6,-51],[-23,-191],[-6,-49],[1,-3],[16,-2],[548,-77],[507,-72],[16,-2],[4,-2],[6,-1],[2,-1],[1,-3],[-27,-248],[-5,-39],[-1,-5],[-3,-2],[-2,-1],[-379,54],[-720,103],[-35,-295],[-4,-32],[248,-35],[605,-85],[329,-48],[23,-3],[2,-1],[0,-8],[-31,-3],[2,-34],[29,3],[1,-2],[1,-5],[-1,-3],[-165,-58],[-177,-63],[-314,-110],[-532,-187],[89,-314],[667,236],[511,180],[9,3],[3,-2],[43,-147],[29,-103],[0,-4],[-1,-3],[-221,-78],[-419,-149],[-391,-137],[-157,-55],[87,-313],[189,66],[403,143],[311,109],[442,156],[16,6],[4,-2],[125,-450],[6,-6],[17,5],[1,-3],[14,4],[3,0],[14,5],[9,4],[67,22],[34,13],[30,11],[-9,31],[-81,291],[-12,45],[-15,52],[-12,41],[0,0],[2,5],[0,0],[76,27],[3,1],[0,0],[0,0],[4,-4],[129,-460],[32,10],[16,5],[27,8],[42,13],[35,12],[29,8],[11,9],[-8,28],[-22,77],[-23,82],[-47,169],[-23,84],[-7,25],[0,0],[2,3],[0,1],[38,13],[27,9],[5,2],[3,-1],[1,-1],[0,0],[57,-202],[73,-260],[26,8],[89,31],[81,30],[-39,141],[-6,20],[-60,207],[-14,48],[-5,23],[-6,24],[2,4],[23,9],[4,1],[4,-1],[0,0],[1,-2],[3,-9],[3,-7],[7,0],[1,0],[2,0],[6,-1],[2,-2],[1,-1],[4,-3],[17,-53],[7,-18],[5,-14],[11,-43],[19,-49],[7,-29],[6,-32],[7,-20],[15,-17],[9,-16],[4,-12],[1,-22],[11,-39],[5,-19],[6,-23],[0,-1],[-6,-17],[-8,-17],[-5,-11],[7,-27],[12,-36],[13,4],[58,21],[38,14],[18,7],[7,2],[1,0],[0,-1],[1,-1],[4,-6],[13,-1],[18,8],[1,0],[0,0],[7,5],[8,6],[7,2],[4,-12],[8,-28],[-1,0],[0,-1],[-7,-4],[-1,2],[-1,2],[-1,0],[-12,-7],[-29,-22],[0,-5],[-1,-1],[-5,-1],[-2,6],[-5,2],[-4,0],[0,1],[-3,-1],[-25,-9],[-12,-12],[-1,0],[-6,-3],[0,0],[0,0],[-6,7],[-33,-8],[-13,-10],[-6,-19],[6,-15],[1,-13],[6,-12],[1,-30],[-8,-16],[-8,-2],[-11,5],[-8,11],[-9,40],[-5,23],[-13,11],[-30,-13],[4,-14],[3,-20],[-10,-18],[-20,-15],[-21,-2],[-12,-5],[-21,-3],[-32,-78],[-2,-12],[10,6],[9,-33],[-48,-17],[-280,-99],[-432,-152],[-292,-103],[-54,-19],[-63,-22],[-276,-95],[-445,-156],[-40,-14],[-59,-20],[26,-91],[6,-23],[1,0],[1,-6],[25,-87],[25,-91],[34,-121],[25,-89],[43,13],[8,1],[0,-5],[-7,-1],[-7,-2],[3,-13],[-10,-4],[-8,-7],[-4,-12],[-2,-17],[4,-23],[10,-38],[12,-27],[14,-11],[7,0],[12,4],[19,2],[15,5],[15,4],[15,4],[30,9],[13,7],[15,3],[5,4],[10,2],[16,7],[15,5],[18,2],[18,4],[12,5],[213,81],[65,11],[107,34],[109,50],[80,33],[43,31],[54,20],[46,13],[33,-3],[32,9],[42,16],[55,33],[58,23],[23,10],[22,-7],[33,6],[24,13],[16,14],[61,14],[35,7],[15,7],[15,17],[16,3],[46,11],[27,-6],[50,20],[55,24],[52,20],[15,4],[12,0],[8,-18],[-9,-21],[-82,-32],[-388,-131],[-282,-103],[-43,-26],[-20,-14],[-11,-30],[-25,-31],[-21,-38],[-6,-28],[-6,-58],[11,-14],[1,-33],[8,-28],[38,-152],[60,-200],[16,-61],[31,-126],[46,-157],[32,-80],[17,-66],[5,-64],[9,-74],[17,-70],[9,-45],[15,-67],[13,-64],[13,-38],[16,-30],[7,-46],[14,-53],[15,-51],[31,-36],[29,-24],[28,7],[18,9],[52,12],[49,22],[43,13],[21,9],[37,7],[15,-17],[-15,-24],[-42,-8],[-54,-21],[-34,-35],[-43,-93],[-11,-32],[-5,-15],[-13,-37],[-3,-39],[0,-23],[7,-65],[5,-35],[2,-71],[-6,-67],[7,-59],[17,-59],[15,-41],[8,-38],[27,-50],[25,-60],[10,-61],[13,-30],[23,-35],[46,-73],[12,-30],[12,-38],[6,-37],[4,-41],[13,-53],[28,-91],[18,-110],[3,-85],[1,-48],[1,-37],[23,-72],[14,-74],[28,-101],[25,-69],[23,-49],[19,-44],[12,-35],[5,-65],[-6,-86],[5,-62],[0,-32],[10,-33],[24,-66],[20,-78],[18,-74],[21,-48],[3,-6],[30,-38],[30,-19],[27,6],[36,1],[19,-15],[17,-63],[18,-41],[6,-7],[2,-3],[37,-51],[259,-304],[109,-130],[90,-110],[80,-20],[55,-7],[165,-45],[124,-25],[87,-19],[7,-14],[-5,-7],[-104,16],[-238,55],[-136,26],[88,-106],[-54,-49],[-28,30],[-14,51],[-10,23],[-63,75],[-79,91],[-81,93],[-33,12],[-19,5],[-21,31],[0,20],[-18,27],[-56,75],[-73,95],[-59,69],[-31,28],[-29,20],[-21,12],[-31,4],[-22,5],[-43,-2],[-81,-1],[-55,1],[-38,0],[-26,6],[-37,8],[-43,-2],[-46,-1],[-28,1],[-63,15],[-65,4],[-108,5],[-54,8],[-25,3],[-32,-1],[-43,0],[-24,-1],[-24,6],[-51,9],[-42,2],[-47,6],[-121,-2],[-134,-10],[-69,7],[-32,12],[-13,9],[-28,26],[-17,20],[-6,11],[5,16],[14,5],[21,-10],[39,-32],[34,-7],[34,2],[41,-7],[60,-3],[29,0],[30,1],[34,-5],[42,0],[31,6],[69,14],[45,13],[43,4],[34,-6],[39,-21],[38,-11],[34,-3],[28,4],[23,-1],[39,-3],[45,3],[70,8],[82,9],[34,-5],[24,13],[17,13],[31,1],[30,-3],[12,2],[15,6],[32,-2],[27,6],[10,20],[6,20],[4,14],[1,29],[-13,26],[-32,32],[-31,29],[-20,31],[-21,35],[-27,37],[-13,23],[-8,28],[-10,31],[-10,25],[-17,24],[-14,28],[-5,19],[3,25],[-11,32],[-26,47],[-20,30],[-15,47],[-1,49],[8,62],[4,26],[5,32],[-3,41],[-16,41],[-20,33],[-6,34],[2,35],[3,50],[-10,57],[-17,55],[-14,68],[-7,69],[-27,81],[-22,68],[-18,31],[-14,44],[5,28],[15,28],[7,34],[-11,46],[-9,32],[-9,33],[-8,54],[-22,61],[-22,67],[-29,55],[-47,103],[-21,50],[-14,26],[-9,21],[2,32],[0,67],[-4,47],[-8,22],[-13,21],[-25,31],[-11,34],[-3,30],[0,68],[-14,43],[-15,80],[-9,55],[-13,57],[-11,31],[-19,27],[-16,35],[-3,23],[-20,27],[-5,27],[-14,39],[-24,64],[-9,26],[-8,15],[-10,13],[-22,14],[-24,-2],[-26,-29],[-11,-40],[-14,-19],[-15,-12],[-8,-6],[-24,-4],[-31,-3],[-43,-8],[-24,-10],[-10,-31],[-12,-22],[-13,-15],[-24,-28],[-14,-14],[-7,-24],[-11,-37],[-3,-19],[3,-17],[11,-10],[16,-18],[7,-17],[17,-24],[8,-38],[21,-41],[14,-40],[21,-24],[15,-15],[16,-16],[17,-39],[21,-66],[5,-30],[7,-37],[1,-15],[1,-17],[-10,-25],[-19,-11],[-7,-14],[0,-25],[5,-22],[-2,-36],[10,-40],[10,-26],[9,-13],[9,-25],[1,-40],[-4,-33],[-15,-29],[-4,-20],[16,-58],[25,-78],[13,-59],[27,-96],[37,-133],[-4,-16],[-70,-26],[-230,-80],[-259,-90],[-207,-72],[-4,-48],[-11,-327],[-17,-423],[-5,-143],[-5,-57],[5,-12],[-7,-30],[2,-43],[0,-14],[42,-60],[26,-22],[25,-35],[20,-21],[34,-6],[62,7],[45,5],[42,-5],[43,-9],[21,-29],[-20,-24],[-32,-5],[-56,1],[-63,11],[-76,11],[-29,10],[-30,43],[-18,35],[-27,34],[-31,33],[-9,37],[0,51],[4,65],[2,77],[3,77],[18,396],[15,414],[3,21],[1,10],[26,15],[88,27],[341,120],[247,86],[38,16],[13,1],[3,14],[-7,31],[-26,103],[-32,111],[-26,90],[-9,15],[-6,16],[-3,22],[0,17],[-6,22],[-12,32],[-5,16],[-5,16],[-4,15],[-8,19],[-5,17],[-6,21],[-5,14],[-8,18],[-7,19],[2,12],[-2,18],[-9,31],[-6,17],[-7,30],[-5,16],[-4,22],[-4,22],[-8,21],[-7,14],[-8,22],[-2,21],[-4,12],[-10,17],[-8,16],[-2,26],[-4,20],[-9,28],[-6,27],[-6,6],[-9,4],[9,14],[-3,14],[-6,24],[-5,25],[-4,17],[-11,33],[-8,22],[-6,17],[-10,28],[-5,27],[-6,16],[-6,23],[-11,42],[-5,21],[-13,39],[-14,48],[-176,6],[-9,-11],[-11,-6],[-239,-85],[-286,-101],[-32,-11],[-115,-41],[-52,-18],[-6,-163],[-9,-210],[-8,-197],[-4,-108],[-6,-160],[-9,-213],[-3,-81],[-6,-147],[-1,-24],[-7,-167],[-4,-124],[-6,-130],[-6,-158],[-3,-64],[-4,-89],[-4,-118],[-1,-20],[-3,-5],[-207,10],[-8,-207],[-2,-25],[-4,1],[-1,3],[-9,4],[-2,11],[0,13],[3,56],[3,70],[2,57],[1,26],[-2,13],[3,5],[8,1],[10,-11],[15,0],[43,-3],[69,-3],[47,-2],[5,6],[5,17],[1,16],[-2,14],[-8,26],[1,12],[7,9],[4,9],[0,9],[0,10],[1,6],[-4,19],[-7,15],[-3,12],[-1,24],[-7,23],[-5,13],[-3,24],[3,18],[-7,15],[-8,21],[-2,15],[1,15],[7,21],[1,11],[-8,19],[-11,21],[-2,14],[-5,21],[0,17],[1,12],[-3,3],[-4,4],[-6,-1],[-9,-5],[-2,-1],[-9,-7],[-22,-2],[-19,2],[-14,-5],[-16,-9],[-29,-4],[-17,-4],[-26,-12],[-17,-3],[-24,-3],[-2,0],[-20,-3],[-14,-10],[-18,-10],[-24,-6],[-25,-4],[-28,-5],[-15,-11],[-5,-16],[-5,-47],[3,-12],[-3,-37],[-4,-43],[-8,-34],[0,-23],[-3,-19],[5,-41],[5,-40],[-4,-19],[-3,-26],[-1,-21],[5,-44],[6,-16],[9,-30],[8,-33],[-3,-14],[-2,-13],[3,-9],[5,-22],[1,-16],[2,-25],[1,-17],[6,-19],[8,-25],[4,-21],[-1,-18],[-1,-15],[5,-12],[13,-13],[14,-27],[7,-20],[13,-22],[12,-29],[2,-18],[3,-5],[18,-1],[27,1],[52,-5],[41,-5],[45,-14],[39,-14],[21,-17],[5,-8],[6,-7],[9,-16],[7,-3],[17,-20],[19,-12],[10,-5],[3,0],[4,0],[0,-7],[-4,-110],[-15,-362],[-2,-41],[-6,-140],[-2,-42],[-2,-47],[-4,-116],[-5,-114],[-4,-88],[-3,-92],[-3,0],[-2,-1],[-6,0],[-9,-5],[-5,-6],[-6,-7],[-11,-11],[-5,-1],[-7,0],[-4,-4],[-2,-5],[0,-18],[1,-22],[-1,-16],[2,-4],[5,-3],[7,-4],[4,-6],[3,-7],[0,-10],[0,-12],[0,-13],[0,-8],[-2,-40],[-3,-8],[-75,-223],[0,-2],[0,0],[281,-18],[291,-19],[49,682],[50,682],[870,-49],[871,-48],[324,-25],[-14,-447],[-15,-447],[7,-8],[1505,-85],[1492,-85],[3,1],[17,4],[25,-18],[16,-38],[-19,-274],[-6,-69],[1,-162],[-7,-67],[0,-46],[5,-69],[-14,-51],[-10,-191],[-1,-81],[-12,-300],[-9,-328],[-8,-260],[-1,-13],[-15,-41],[-27,-24],[-63,-41],[-23,-22],[-139,-130],[-133,-129],[-82,-84],[-76,-64],[-11,-9],[-45,-21],[-20,-4],[-48,23],[-179,14],[-199,22],[-48,3],[-289,20],[-302,16],[-41,2],[-60,-3],[-13,0],[-15,-8],[-25,1],[-33,12],[-1,0],[-37,15],[-172,3],[-122,3],[-268,19],[-187,2],[-29,-3],[-8,-1],[-41,-4],[-51,-11],[-205,-54],[-5,-6],[-9,-9],[-23,-9],[-30,1],[-162,-44],[-433,-109],[-272,-75],[-171,-51],[-22,-8],[-93,-25],[-122,-31],[-21,-12],[-27,-22],[-30,-11],[-30,-4],[-18,5],[-21,1],[-28,-3],[-122,-31],[-141,-39],[-190,-47],[-80,-25],[-102,-33],[-67,-18],[-92,-24],[-45,-11],[-52,-11],[-7,-2],[-5,-1],[-23,-4],[-22,-22],[-1,-2],[-26,-49],[-17,-29],[-8,-19],[-2,-13],[-8,1],[-15,-6],[-13,-14],[-9,-23],[-19,-44],[-14,-38],[-3,-19],[-9,-5],[-17,1],[-19,6],[-7,18],[-3,19],[-8,15],[-8,3],[-6,1],[-15,-3],[-18,-10],[-19,-13],[-12,-17],[-14,-29],[-2,-8],[-6,-26],[-3,-33],[5,-11],[9,-16],[6,-12],[7,-13],[2,-3],[12,-13],[12,-10],[8,1],[14,24],[6,-5],[-9,-17],[-4,-12],[2,-17],[-4,-9],[-7,1],[1,15],[-3,8],[-7,0],[-10,-3],[-10,-11],[-9,-20],[0,-1],[-8,-17],[-16,-41],[-10,-35],[-11,-29],[-6,-37],[-8,-45],[-1,-22],[-8,-35],[-20,-46],[-16,-31],[-13,-21],[-17,-25],[-17,-24],[-13,-18],[-15,-26],[-11,-19],[-15,-39],[-13,-33],[-14,-44],[-13,-38],[-8,-17],[0,-6],[6,-2],[4,-9],[2,-13],[-1,-8],[-8,-11],[-8,-18],[-31,-70],[-17,-117],[0,-266],[36,-99],[-1,-57],[0,-77],[0,-31],[6,-23],[8,-20],[8,-8],[19,3],[7,1],[13,2],[18,3],[9,3],[12,0],[4,-7],[-1,-7],[-4,-5],[-12,-4],[-14,0],[-16,-4],[-6,0],[-9,1],[-20,-2],[-12,-3],[-4,-7],[-2,-14],[1,-14],[2,-23],[5,-27],[4,-20],[7,-34],[12,-21],[-4,-25],[-3,-22],[-3,-38],[-5,-37],[5,-17],[7,-9],[15,0],[3,2],[16,9],[19,6],[13,8],[29,7],[20,8],[12,5],[7,-5],[2,-11],[-7,-2],[-5,-7],[-14,1],[-17,-8],[-23,-6],[-27,-10],[-23,-10],[-1,0],[-10,0],[-4,-5],[-3,-18],[-1,-19],[3,-19],[8,-34],[-2,-29],[5,-28],[9,-28],[5,-10],[13,-25],[17,-26],[9,-25],[4,-31],[8,-18],[10,-8],[24,7],[14,8],[20,6],[23,8],[29,7],[9,-3],[99,28],[-5,32],[23,6],[2,5],[4,5],[6,-9],[3,-12],[7,-18],[3,-17],[0,-14],[-11,-10],[-12,-7],[-12,2],[-6,29],[-70,-20],[-20,-6],[-25,-10],[-32,-10],[-34,-10],[-25,-6],[-5,-6],[5,-27],[-9,-3],[-2,11],[-4,1],[-8,-6],[-3,-7],[1,-13],[3,-19],[8,-16],[15,-17],[14,-11],[0,-12],[-7,-26],[-5,-21],[-1,-19],[5,-22],[-2,-15],[-4,-7],[0,-6],[10,4],[11,4],[4,7],[4,15],[3,16],[0,12],[5,15],[7,16],[4,19],[5,25],[4,9],[0,9],[1,7],[6,6],[9,-2],[1,-8],[-4,-20],[-12,-43],[-9,-31],[-6,-22],[-3,-18],[-1,-14],[0,-17],[-1,-16],[-6,-4],[-7,2],[-4,5],[-2,13],[-4,6],[-7,-1],[-12,-3],[-4,-2],[-7,-2],[-8,-16],[-5,-24],[-2,-14],[0,-24],[2,-36],[3,-19],[13,-46],[14,-42],[10,-23],[4,-9],[6,-6],[6,0],[8,3],[7,3],[9,2],[10,0],[6,6],[12,3],[14,5],[13,2],[7,2],[8,-1],[3,-5],[-2,-6],[-4,-5],[-8,1],[-14,-4],[-20,-4],[-19,-6],[-18,-6],[-3,-9],[0,-14],[5,-19],[7,-30],[11,-25],[23,-32],[27,-25],[23,-10],[16,0],[9,7],[8,14],[9,20],[9,8],[11,5],[14,-5],[10,3],[25,5],[31,8],[30,4],[35,8],[34,7],[14,7],[16,5],[7,-1],[9,-9],[3,-17],[4,-33],[5,-38],[5,-34],[8,-26],[5,-36],[2,-39],[5,-30],[5,-23],[-4,-19],[-2,-28],[-7,-14],[-9,-8],[-10,0],[-7,2],[-1,14],[2,14],[2,15],[-9,7],[-10,1],[-13,-2],[-9,-5],[-7,0],[-8,1],[-9,10],[-1,8],[5,10],[8,14],[3,11],[4,11],[-19,162],[-147,-25],[6,-48],[13,-108],[67,11],[2,-14],[3,-9],[6,-14],[8,-12],[-2,-8],[-9,-5],[-18,-5],[-17,-2],[-29,-5],[-22,-4],[-15,1],[-12,8],[-5,-2],[-7,-12],[-12,-18],[-8,-20],[-10,-24],[-10,-26],[-8,-29],[-5,-42],[-5,-47],[-3,-45],[2,-65],[-4,-53],[4,-43],[-1,-31],[2,-59],[0,-52],[5,-63],[10,-53],[9,-26],[1,-3],[4,-24],[-3,-14],[8,-49],[-2,-47],[4,-46],[7,-61],[8,-76],[2,-20],[4,-34],[2,-22],[10,-42],[7,-39],[2,-36],[2,-52],[2,-56],[5,-45],[5,-13],[6,-10],[10,-4],[6,3],[11,0],[4,-9],[-2,-7],[4,-5],[5,-4],[10,-15],[6,-8],[12,-10],[7,1],[11,3],[16,8],[15,4],[5,3],[0,7],[0,4],[1,7],[4,7],[5,4],[8,-4],[4,-10],[4,-17],[4,-14],[1,-7],[-2,-8],[-4,-3],[-7,1],[-5,0],[-4,1],[-5,4],[-1,8],[-7,-3],[-8,-6],[-5,-9],[-3,-18],[-1,-16],[3,-12],[-1,-18],[8,-27],[10,-31],[11,-20],[8,-13],[8,-5],[5,0],[9,-1],[6,7],[1,8],[3,11],[7,0],[4,-10],[1,-9],[1,-12],[4,-17],[7,-11],[1,-12],[-6,-2],[-6,4],[-7,0],[-3,-5],[-3,-7],[2,-12],[6,-38],[6,-51],[6,-67],[11,-76],[11,-65],[14,-48],[15,-73],[13,-69],[9,-52],[10,-58],[10,-46],[11,-50],[17,-82],[21,-89],[17,-81],[17,-75],[1,-6],[14,-59],[8,-54],[6,-29],[4,-25],[11,-49],[12,-40],[16,-43],[20,-40],[21,-20],[43,-1],[32,-11],[11,-6],[24,-12],[15,-45],[12,-45],[1,-4],[11,-43],[30,-90],[14,-84],[11,-63],[17,-53],[30,-68],[19,-42],[22,-19],[24,-31],[12,-24],[29,-39],[12,-43],[6,-38],[-6,-17],[-4,-11],[-14,-23],[0,-18],[9,-30],[6,-10],[11,-10],[13,-9],[8,-3],[7,-1],[6,3],[2,1],[8,3],[6,-2],[6,0],[3,4],[-1,3],[0,4],[8,3],[9,3],[7,4],[5,-1],[1,4],[-1,4],[-3,5],[1,4],[4,5],[5,-1],[4,-7],[-1,-7],[0,-4],[3,-1],[4,1],[3,-3],[2,-6],[-1,-8],[5,-4],[5,-3],[5,1],[3,-2],[0,-6],[-2,-13],[-5,-11],[0,-7],[1,-9],[-5,-8],[0,-8],[2,-7],[5,-6],[5,-1],[5,-6],[6,-8],[5,-11],[4,-12],[4,-8],[1,-12],[-3,-9],[-4,-8],[-5,-4],[-7,-1],[-2,4],[0,5],[-3,1],[-4,-2],[-1,-6],[1,-10],[2,-10],[3,-12],[9,-18],[9,-17],[15,-23],[16,-16],[12,-8],[19,-6],[7,3],[2,4],[-3,7],[-2,9],[0,9],[4,6],[7,1],[11,-5],[10,-12],[10,-18],[14,-16],[22,-28],[15,-19],[7,-6],[12,-13],[8,-12],[6,-8],[4,-6],[0,-8],[-4,-5],[-4,-3],[-4,-4],[-4,-1],[-4,2],[-5,2],[-2,5],[-2,5],[-2,5],[-6,0],[-4,3],[-5,8],[-6,5],[-6,1],[-5,3],[-6,1],[-6,-3],[-7,-8],[-5,-7],[-6,-15],[-5,-15],[0,-2],[-3,-18],[1,-15],[4,-18],[9,-21],[12,-16],[15,-14],[15,-8],[0,0],[12,-2],[13,0],[13,5],[8,6],[5,8],[-1,9],[-1,9],[-5,8],[-4,5],[0,8],[3,8],[7,5],[7,0],[6,-3],[2,-9],[2,-11],[7,-24],[4,-9],[9,-28],[10,-25],[-2,-9],[4,-12],[3,-15],[-2,-14],[-6,-5],[-7,4],[-3,10],[0,7],[-7,15],[-8,8],[-11,-3],[-9,-5],[-9,-9],[-10,-12],[-5,-11],[-2,-6],[-6,-17],[-2,-13],[-1,-15],[1,-23],[4,-24],[8,-36],[10,-27],[10,-24],[11,-25],[17,-40],[15,-22],[8,-5],[3,-1],[2,-1],[5,1],[3,3],[4,2],[10,4],[7,1],[11,3],[15,4],[31,10],[23,8],[10,3],[13,3],[9,2],[8,4],[7,3],[3,0],[8,2],[6,3],[9,2],[7,0],[4,-5],[-2,-6],[-4,-5],[-13,-4],[-9,-2],[-24,-7],[-34,-12],[-26,-9],[-28,-8],[-10,-5],[-3,-8],[-1,-14],[-3,-19],[-2,-25],[-4,-47],[-5,-48],[-1,-3],[-4,-30],[-1,-41],[1,-34],[5,-31],[4,-27],[2,-18],[2,-11],[-1,-9],[3,-17],[5,-14],[7,-21],[3,-21],[5,-29],[7,-29],[7,-30],[5,-13],[1,-1],[10,-18],[10,-18],[7,-7],[7,0],[7,3],[8,6],[15,6],[7,5],[7,2],[7,4],[3,1],[2,-5],[-4,-6],[-10,-7],[-14,-7],[-15,-8],[-10,-7],[-8,-6],[-5,-5],[-1,-10],[2,-18],[4,-18],[5,-17],[7,-20],[9,-18],[13,-29],[23,-42],[22,-33],[19,-23],[13,-16],[1,-2],[2,-2],[13,-17],[20,-18],[11,-7],[17,-8],[17,-10],[22,-6],[18,-4],[16,-1],[26,2],[24,8],[19,12],[13,12],[5,7],[0,7],[-2,8],[-6,10],[-5,13],[-8,16],[-8,13],[-7,14],[1,9],[5,6],[5,1],[7,-3],[6,-9],[7,-12],[8,-18],[8,-21],[10,-21],[9,-22],[8,-7],[11,-6],[95,41],[63,48],[25,39],[28,3],[10,-32],[-15,-60],[-11,-64],[-33,-77],[-41,-22],[-52,-18],[-24,-23],[-40,-40],[-80,-113],[-39,-62],[-52,-101],[-7,-98],[55,-145],[70,-150],[29,-76],[13,-25],[16,-27],[14,-21],[10,-22],[8,-15],[14,-19],[20,-27],[5,-5],[19,-17],[21,-15],[17,-6],[12,-3],[23,-7],[36,-11],[36,-6],[7,0],[14,4],[14,7],[29,10],[11,10],[-1,11],[-11,11],[-9,13],[3,16],[8,9],[5,15],[-3,30],[3,28],[21,13],[10,-8],[12,-28],[9,-20],[0,-36],[-12,-47],[-14,-65],[14,-15],[10,-26],[4,-27],[9,-19],[-10,-9],[-23,14],[-4,28],[-4,18],[-20,11],[-36,-1],[-56,-20],[-19,-25],[-26,-52],[-6,-29],[-3,-30],[9,-28],[2,-17],[-2,-26],[4,-20],[12,-29],[5,-9],[6,-13],[11,-9],[11,-13],[3,-17],[0,-14],[-6,-6],[-11,0],[-6,-3],[-4,-11],[3,-19],[5,-17],[4,-14],[-1,-25],[-4,-41],[4,-38],[12,-24],[11,-21],[11,-44],[11,-44],[12,-38],[9,-31],[6,-12],[7,-25],[13,-32],[7,-22],[9,-24],[6,-15],[4,-7],[0,-6],[-1,-2],[2,-7],[4,-10],[12,-22],[3,-15],[2,-25],[1,-21],[1,-48],[6,-65],[11,-46],[9,-38],[4,-46],[8,-36],[10,-35],[8,-37],[9,-24],[7,-32],[2,-11],[29,-90],[3,-10],[66,-206],[5,-22],[7,-8],[5,-5],[5,-16],[8,-17],[4,-13],[2,-5],[31,-53],[25,-62],[17,-46],[24,-75],[16,-50],[12,-98],[-2,-76],[-40,-100],[-60,-83],[-32,-30],[-17,-53],[-12,-52],[-20,-40],[-24,-64],[-15,-87],[-6,-66],[2,-94],[3,-29],[7,-65],[6,-81],[-14,-69],[-13,-82],[7,-106],[12,-116],[12,-91],[20,-67],[16,-116],[44,-167],[14,-37],[13,-46],[6,-63],[20,-91],[14,-90],[2,-7],[1,-8],[14,-106],[20,-100],[9,-59],[32,-89],[35,-72],[54,-101],[26,-67],[44,-84],[16,0],[2,4],[2,4],[8,5],[37,-59],[13,-36],[5,-60],[4,-59],[1,-53],[0,-9],[3,-29],[7,-23],[4,-12],[5,-42],[1,-18],[3,-23],[15,-41],[11,-25],[16,-65],[-1,-51],[-10,-96],[-3,-61],[-3,-30],[-1,-12],[-10,-25],[-21,-44],[-27,-89],[-6,-34],[-13,-15],[-35,-9],[-50,-2],[-66,-22],[-39,-29],[-32,-40],[-44,-35],[-29,-11],[-163,-125],[-31,-15],[-39,-30],[-40,-56],[-18,-68],[-30,-68],[-15,-26],[-20,-34],[-40,-43],[-35,-41],[-57,-70],[-7,-8],[-58,-72],[-56,-56],[-29,-30],[-80,-142],[-12,-21],[-23,-44],[-45,-107],[-36,-146],[-42,-135],[-51,-119],[-1,-44],[14,-215],[12,-73],[25,-164],[1,-10],[6,-31],[17,-34],[12,-40],[4,-42],[1,-9],[-9,-28],[-20,-69],[-18,-62],[-36,-113],[-1,0],[-5,-18],[-32,-94],[-12,-35],[-23,-44],[-13,-47],[-7,-83],[-2,-22],[2,-34],[4,-104],[0,-29],[-21,-34],[-22,-31],[-2,-3],[-30,-33],[-43,-42],[-20,-16],[-28,-22],[-17,-15],[-36,-16],[-12,-11],[-53,-47],[-56,-41],[-18,-9],[-21,-33],[-15,-24],[-8,-14],[-27,-49],[-36,-45],[-64,-54],[-51,-60],[-41,-68],[-6,-13],[-27,-59],[-16,-25],[-19,-30],[-34,-76],[-44,-95],[-29,-45],[-16,-13],[-9,-8],[-26,-21],[-43,-27],[-39,-23],[-1,-1],[0,-1],[-225,-272],[-75,-91],[-8,-9],[-47,-74],[-58,-99],[-53,-112],[-1,-3],[0,-2],[-49,-136],[-54,-159],[-9,-34],[-25,-97],[-3,-10],[-48,-122],[-23,-95],[-6,-24],[-2,-14],[0,0],[-12,-80],[-21,-91],[-23,-105],[-3,-11],[3,-2],[5,-5],[1,-6],[0,-17],[-9,-110],[-3,-56],[2,-10],[6,-4],[1,-13],[-3,-56],[-10,-57],[-3,-11],[0,-1],[-18,-53],[-18,-70],[1,-50],[3,-47],[-6,-78],[-15,-58],[-14,-102],[0,-74],[9,-77],[-4,-22],[-7,-8],[2,-22],[10,-5],[7,-4],[1,-19],[0,-24],[0,-41],[5,-8],[18,-7],[5,-9],[16,2],[18,5],[8,-7],[1,-15],[-1,-8],[-1,-1],[0,-1],[-14,-2],[-24,-5],[-9,-21],[-2,-32],[1,-36],[-8,-27],[-12,-27],[-7,-15],[1,-26],[9,-27],[10,-23],[0,-19],[-5,-7],[-3,-7],[-4,-7],[6,-5],[2,-1],[0,-20],[1,-12],[8,-7],[10,-9],[5,-17],[4,-17],[0,-18],[-5,-21],[-10,-18],[-5,-21],[-2,-29],[5,-47],[5,-46],[4,-46],[3,-31],[-1,-20],[-16,-17],[-12,-20],[-4,-34],[-1,-19],[-1,-2],[-1,-1],[-3,-4],[-17,-7],[-38,-11],[-25,-19],[-23,-23],[-26,-31],[-14,-21],[-37,-33],[-35,-50],[-25,-38],[-25,-58],[-6,-25],[-11,-42],[-12,-35],[-18,-19],[-15,-22],[-13,-36],[-8,-30],[-3,-26],[-5,-26],[-11,-37],[-1,-19],[-7,2],[-1,43],[0,40],[0,10],[0,7],[6,2],[5,0],[5,5],[1,8],[-1,18],[0,6],[6,6],[9,1],[3,5],[-2,36],[-2,13],[4,7],[10,2],[3,6],[-1,13],[4,5],[7,4],[3,3],[-1,24],[0,8],[1,6],[4,2],[7,1],[4,3],[0,18],[1,16],[3,4],[7,3],[4,3],[0,27],[0,18],[-2,3],[-11,0],[-1,-2],[-4,-5],[-6,-26],[-4,-14],[0,-1],[-5,-25],[-4,-17],[-9,-16],[-10,-14],[-1,-1],[-20,-25],[-14,-28],[-11,-36],[-3,-30],[-6,-39],[-3,-27],[-12,-32],[-1,-4],[-3,-23],[-16,-39],[0,0],[-8,-21],[-15,-38],[-1,-1],[-16,-38],[-25,-56],[-29,-80],[-17,-50],[-18,-43],[0,0],[0,0],[-7,-48],[6,-63],[0,-11],[0,-37],[12,-59],[30,-50],[16,-31],[0,0],[3,-7],[19,-55],[12,-43],[0,0],[6,-21],[13,-59],[1,-37],[4,-40],[10,-43],[19,-43],[0,-22],[0,-2],[-3,-31],[0,-2],[6,-50],[4,-17],[2,-10],[3,-11],[7,-48],[10,-39],[17,-38],[0,-1],[3,-7],[17,-32],[14,-50],[16,-57],[10,-46],[2,-55],[8,-63],[2,-70],[-4,-57],[0,-11],[0,-35],[5,-34],[0,-2],[13,-52],[9,-36],[20,-32],[14,-21],[5,-16],[-2,-17],[-7,-27],[-13,-31],[-6,-19],[-5,-14],[-6,-24],[-4,-27],[-19,-15],[-2,-1],[-13,-32],[-18,-41],[-17,-40],[-18,-36],[-22,-47],[-20,-48],[-1,-1],[-11,-28],[-1,-3],[-3,-8],[-9,-32],[-5,-17],[-10,-31],[-5,-54],[-2,-37],[-10,-32],[-10,-23],[-19,-58],[-13,-26],[-29,-31],[-18,-31],[-27,-52],[-50,-82],[-1,-1],[-39,-73],[-33,-79],[-41,-88],[-15,-31],[-44,-118],[-23,-75],[-7,-75],[-4,-25],[-9,-48],[-8,-57],[-11,-52],[-2,-8],[-8,-47],[-1,-2],[0,-2],[-42,-65],[-37,-61],[-48,-74],[-55,-62],[-44,-41],[-71,-46],[-52,-40],[-15,-11],[-47,-29],[-51,-41],[-57,-27],[-42,-10],[-45,-9],[-49,-26],[-41,-43],[-35,-37],[-54,-73],[-55,-78],[-21,-41],[-13,-26],[-69,-136],[-42,-96],[-14,-33],[-13,-30],[-4,-10],[-22,-49],[-9,-20],[-14,-69],[-20,-79],[-21,-79],[-14,-71],[-8,-44],[-6,-51],[-3,-19],[-6,-102],[-7,-29],[-6,-23],[-24,-89],[-25,-68],[-10,-40],[-17,-29],[-49,-43],[-65,-29],[-53,-14],[-40,-5],[-47,-17],[-42,-32],[-45,-41],[-41,-43],[-2,-2],[-5,-5],[-52,-67],[-66,-135],[-23,-74],[-20,-102],[8,-69],[6,-36],[4,-31],[1,-18],[2,-37],[8,-63],[-2,-42],[-2,-31],[-22,-65],[-36,-67],[-32,-54],[-32,-64],[-12,-23],[-43,-154],[-7,-45],[0,-2],[-8,-100],[-20,-81],[-11,-43],[-16,-63],[-22,-85],[-15,-87],[-12,-113],[-9,-77],[-13,-35],[-11,-30],[-6,-30],[2,-52],[6,-60],[3,-73],[9,-41],[16,-56],[11,-24],[15,-18],[19,-14],[15,-7],[16,-3],[15,3],[17,32],[13,30],[9,19],[8,7],[7,0],[6,-7],[0,-12],[-6,-23],[-13,-35],[-9,-25],[-16,-17],[-43,-39],[-29,-35],[-26,-43],[-22,-41],[-17,-27],[-11,-9],[-9,2],[-5,8],[10,19],[12,26],[1,11],[-11,13],[-34,16],[-29,4],[-37,-12],[-32,-24],[-6,-5],[-32,-45],[-22,-43],[-3,-14],[-2,-14],[-5,-29],[7,-15],[9,-5],[11,1],[7,8],[6,0],[6,-5],[1,-10],[-9,-6],[-11,-10],[-14,-15],[-5,-5],[-7,-13],[-6,-17],[-4,-15],[-6,-14],[-10,-3],[-3,11],[3,11],[4,4],[3,12],[-9,7],[-14,5],[-10,0],[-8,-1],[-22,-6],[-14,-13],[-14,-13],[-14,-28],[-6,-27],[-2,-33],[6,-33],[4,-10],[3,-8],[10,-7],[11,-2],[11,-3],[7,6],[8,19],[3,10],[8,2],[6,-2],[3,-8],[1,-10],[-5,-13],[-6,-13],[-7,-13],[-8,-10],[-7,-8],[-12,-6],[-29,-20],[-24,-15],[-7,-5],[-15,-8],[-12,-8],[-6,-13],[-6,-27],[-4,-32],[9,-38],[3,-7],[9,-22],[19,-22],[12,-10],[12,-6],[11,-1],[11,2],[8,8],[8,20],[3,17],[7,7],[8,-1],[5,-8],[0,-11],[-4,-15],[-7,-21],[-14,-43],[-4,-16],[-1,-26],[7,-39],[-1,-29],[-6,-34],[-11,-40],[-7,-34],[-7,-36],[-3,-22],[-6,-4],[-10,5],[-7,13],[2,14],[-2,14],[-11,3],[-26,-6],[-25,-22],[-10,-16],[-10,-22],[-8,-28],[-7,-41],[-7,-39],[-1,-19],[-4,-40],[-6,-49],[4,-32],[0,-37],[-4,-46],[1,-14],[1,-5],[3,-38],[-6,-33],[-3,-40],[1,-56],[1,-56],[-4,-35],[-1,-29],[0,-1],[2,-35],[1,-11],[3,-26],[1,-10],[4,-12],[4,-23],[8,-14],[-1,-11],[7,-19],[7,-40],[9,-37],[2,-34],[10,-34],[20,-45],[30,-56],[21,-32],[13,-9],[10,-1],[6,-7],[17,-8],[19,-4],[0,24],[3,-1],[15,0],[1,-19],[8,-7],[26,-1],[47,-1],[37,0],[16,-4],[8,-9],[5,-6],[54,-1],[4,92],[7,7],[8,0],[29,-32],[-3,-22],[-7,-32],[-4,-24],[7,-24],[-6,-26],[-11,-20],[-9,-20],[-9,-6],[-12,0],[-1,9],[6,92],[-55,1],[-9,-10],[-18,-2],[-25,4],[-30,2],[-36,4],[-18,-1],[-7,-9],[-1,-19],[-14,-2],[-8,1],[0,32],[-16,3],[-15,0],[-22,-6],[-12,-13],[-16,-17],[-13,-19],[-14,-23],[-17,-28],[-9,-13],[-33,-123],[-12,-51],[-13,-42],[-12,-39],[-6,-31],[6,-13],[16,-1],[17,2],[3,-12],[-14,-8],[-24,-16],[-12,-25],[-4,-12],[-10,-28],[-8,-51],[3,-73],[5,-67],[8,-52],[16,-48],[35,-103],[12,-16],[41,1],[78,0],[81,-1],[-2,66],[6,7],[13,0],[6,-11],[2,-3],[-1,-39],[-4,-34],[-9,-9],[-68,5],[-83,-3],[-59,3],[-15,-18],[-11,-31],[-26,-270],[-1,-75],[0,-1],[0,-60],[13,-162],[10,-76],[2,-73],[17,-104],[2,-33],[1,-29],[13,-69],[29,-79],[6,-21],[8,-33],[16,-40],[17,-34],[35,-19],[12,9],[5,20],[7,8],[6,-6],[0,-28],[4,-50],[14,-39],[11,-49],[-1,-36],[-2,-56],[-1,-69],[4,-17],[-5,-10],[-12,1],[-8,19],[-15,16],[-16,-1],[-12,-21],[-4,-34],[17,-39],[31,-12],[17,21],[-1,20],[12,10],[12,-3],[7,-24],[2,-39],[8,-25],[20,-29],[-2,-23],[2,-24],[-8,-17],[-17,6],[-15,35],[-18,28],[-25,2],[-23,-19],[-9,-22],[-11,-25],[-4,-18],[-1,-23],[3,-33],[10,-36],[12,-10],[26,-20],[24,-8],[19,31],[14,34],[11,10],[10,-5],[2,-15],[-8,-50],[-9,-30],[-1,-25],[9,-20],[10,-21],[8,-32],[5,-33],[5,-20],[-7,-20],[-16,6],[-3,22],[-13,15],[-17,-5],[-10,-13],[-10,-21],[-5,-14],[0,-33],[-5,-47],[4,-33],[10,-11],[18,-9],[12,-5],[5,-16],[2,-42],[18,-22],[20,-6],[9,6],[0,16],[1,56],[3,56],[0,50],[7,20],[13,1],[6,-9],[-4,-103],[-8,-53],[7,-37],[-7,-101],[-9,-17],[-15,0],[-1,16],[6,31],[-3,15],[-13,7],[-37,1],[-17,-6],[-18,-13],[-17,-35],[-7,-48],[-3,-37],[5,-21],[9,-34],[15,-14],[22,-7],[7,15],[7,16],[12,2],[8,-8],[1,-16],[0,-1],[0,-1],[2,-82],[3,-29],[-14,-43],[-14,-45],[-15,-25],[-16,-6],[-8,24],[8,19],[1,14],[-8,11],[-26,12],[-39,2],[-25,-4],[-51,-9],[-43,-11],[-30,-18],[-24,-36],[-13,-38],[0,-15],[1,-27],[3,-19],[18,-10],[15,6],[9,8],[9,-2],[2,-14],[-21,-19],[-68,-52],[-31,-52],[-10,1],[-5,8],[-1,12],[4,6],[10,14],[-6,22],[-11,13],[-22,17],[-23,7],[-28,8],[-1,0],[-22,1],[-42,-22],[-26,-31],[-5,-29],[1,-11],[1,-17],[5,-30],[10,-15],[15,-7],[9,5],[12,14],[11,4],[9,-8],[0,-9],[-6,-25],[-16,-32],[-19,-23],[-14,-20],[-12,-18],[-3,-19],[-9,-23],[-11,-3],[-9,6],[-4,11],[1,14],[9,19],[1,20],[-9,10],[-25,13],[-33,16],[-36,6],[-26,-1],[-13,-8],[-7,-5],[-28,-29],[-44,-52],[-27,-52],[-21,-56],[-12,-58],[1,-68],[13,-40],[0,0],[17,-46],[24,-42],[11,-3],[21,-1],[31,-1],[38,4],[14,3],[5,12],[6,22],[7,13],[6,3],[10,-1],[1,-9],[-3,-22],[-14,-59],[-17,-48],[-34,-61],[-20,-33],[-12,-3],[-6,9],[2,13],[14,24],[21,37],[18,37],[-1,9],[-10,15],[-15,14],[-12,2],[-15,2],[-40,-2],[-37,-2],[-25,-2],[-7,-5],[-8,-5],[-14,-17],[-26,-34],[-14,-15],[-38,-31],[-33,-26],[-20,-20],[-11,-17],[-11,-32],[-4,-25],[0,-7],[1,-9],[7,-6],[19,-11],[49,-29],[34,-21],[17,-4],[10,5],[15,15],[12,12],[11,2],[2,-9],[-1,-11],[-58,-47],[-56,-47],[-16,-9],[-8,9],[1,8],[24,17],[19,17],[11,12],[0,7],[-5,17],[-8,9],[-20,11],[-21,8],[-16,3],[-9,-6],[-15,-17],[-18,-7],[-18,5],[-13,5],[-4,2],[-11,1],[-23,-6],[-26,-17],[-35,-17],[-44,-20],[-24,-19],[-20,-23],[-4,-5],[-8,-9],[-2,-19],[2,-14],[15,-35],[21,-44],[10,-3],[11,1],[22,6],[31,8],[16,6],[8,2],[6,-7],[-2,-11],[-13,-8],[-20,-6],[-36,-12],[-84,-24],[-89,-26],[-10,14],[2,14],[15,2],[26,4],[22,6],[11,7],[-5,35],[-29,49],[-28,31],[-29,18],[-45,14],[-50,-5],[-47,-14],[-1,0],[-79,-38],[-41,-45],[-3,-3],[-13,-13],[0,-3],[-42,-61],[-33,-81],[-44,-117],[-33,-131],[-26,-131],[-12,-174],[-13,-127],[-10,-166],[-4,-161],[-1,-10],[-2,-93],[9,-230],[14,-213],[8,-74],[22,-104],[28,-86],[32,-37],[9,-4],[35,-14],[24,6],[1,9],[-5,10],[0,14],[8,8],[9,0],[17,-28],[33,-38],[17,-28],[2,-21],[-1,-43],[-5,-29],[-12,-7],[-13,11],[-8,14],[-15,3],[-17,-11],[-11,-18],[-2,-21],[-5,-23],[0,-23],[6,-22],[15,-16],[24,-8],[18,12],[10,18],[1,20],[10,11],[10,-2],[1,-1],[3,-22],[-4,-49],[-13,-24],[-24,-26],[-30,-39],[-12,-4],[-11,11],[5,14],[12,14],[-3,11],[-19,10],[-18,4],[-18,-4],[-15,-3],[-28,-22],[-21,-31],[-19,-44],[-13,-56],[2,-33],[1,-11],[23,-37],[24,-21],[11,7],[8,18],[13,18],[14,5],[6,-9],[1,-13],[-24,-37],[-18,-30],[-14,-7],[-17,4],[-17,11],[-14,6],[-17,-7],[-17,-21],[-17,-27],[-10,-25],[-4,-24],[3,-14],[21,-12],[21,-13],[13,-12],[1,-17],[-10,-19],[-11,-25],[-10,-20],[-12,-13],[-10,2],[-2,14],[5,28],[-2,15],[-12,8],[-16,7],[-21,-2],[-29,-16],[-21,-17],[-11,-19],[-5,-8],[0,-1],[-7,-31],[-1,-25],[7,-39],[19,-31],[27,-20],[22,-2],[12,9],[2,22],[3,19],[9,7],[10,-12],[-1,-42],[-6,-60],[-11,-23],[-18,-28],[-17,-25],[-3,-12],[6,-23],[20,-60],[-3,-17],[-8,-6],[-8,3],[-5,21],[-8,25],[-11,16],[-12,18],[-5,15],[3,11],[-6,6],[-14,5],[-22,-1],[-19,-13],[-22,-22],[-21,-30],[-15,-31],[-8,-30],[-2,-52],[-5,-54],[-2,-19],[-2,-37],[-1,-57],[1,-51],[10,-58],[8,-50],[9,-29],[17,-46],[10,-40],[7,-22],[11,-10],[14,-12],[31,-21],[13,-4],[10,6],[18,16],[30,23],[16,17],[8,17],[0,26],[-3,26],[5,10],[10,5],[8,-6],[0,-17],[4,-63],[1,-102],[1,-85],[-6,-11],[-9,1],[-5,6],[-2,40],[-1,75],[-9,11],[-19,5],[-21,0],[-21,-10],[-44,-33],[-3,-2],[-34,-29],[-16,-33],[-11,-29],[-2,-36],[-13,-46],[-10,-21],[-10,-34],[-8,-30],[-8,-45],[-11,-39],[-7,-17],[-5,-27],[3,-10],[-3,-31],[-6,-25],[-8,-21],[-5,-43],[3,-49],[0,-9],[5,-17],[12,-11],[14,-9],[61,-36],[73,-45],[9,0],[6,10],[19,32],[25,46],[3,13],[9,7],[10,-3],[3,-15],[-7,-21],[-20,-29],[-14,-24],[-12,-25],[-9,-22],[-2,-20],[1,-50],[-3,-23],[-9,-9],[-12,0],[-9,7],[0,11],[5,13],[1,14],[4,36],[0,23],[-3,8],[-23,12],[-42,26],[-14,4],[-17,-3],[-20,-14],[-28,-21],[-27,-30],[-27,-38],[0,-1],[-19,-39],[-10,-30],[-7,-22],[-6,-16],[-26,-77],[-9,-77],[4,-103],[9,-118],[8,-70],[22,-83],[48,-70],[54,-41],[7,-4],[45,-23],[46,-4],[34,6],[19,8],[13,15],[1,25],[0,29],[2,36],[1,28],[5,12],[7,0],[11,-7],[4,-14],[-2,-51],[-2,-54],[3,-28],[13,-13],[38,-32],[27,-28],[13,-28],[-2,-19],[-8,-10],[-13,0],[-7,8],[-4,19],[-7,21],[-18,16],[-18,16],[-17,12],[-18,-1],[-17,-10],[-23,-20],[-29,-32],[-17,-32],[-6,-10],[-18,-54],[-1,-54],[2,-66],[13,-93],[15,-74],[29,-136],[20,-102],[1,-5],[2,-3],[5,-4],[2,-2],[9,-8],[10,-9],[3,-3],[2,-1],[1,-1],[2,-2],[3,-3],[0,0],[12,-10],[3,-3],[2,-2],[0,0],[21,-17],[1,-1],[8,-6],[1,-1],[33,-27],[2,-2],[10,-13],[0,0],[8,-10],[2,-4],[8,-10],[21,-28],[13,-9],[32,-30],[10,-7],[14,-9],[12,1],[1,0],[13,9],[1,1],[7,9],[1,2],[11,21],[4,16],[0,21],[1,18],[1,1],[7,9],[13,3],[15,-13],[0,0],[-4,-27],[-3,-27],[-6,-34],[-6,-29],[-7,-16],[1,-2],[8,-8],[11,1],[8,-18],[0,-1],[3,-17],[7,-5],[1,-1],[19,-15],[1,0],[16,-13],[0,0],[35,-27],[4,-3],[26,-22],[2,-1],[25,-21],[2,-2],[5,-4],[8,-7],[3,-2],[62,-52],[22,-18],[15,-12],[8,-7],[46,-39],[25,-21],[23,-19],[100,-84],[19,-16],[13,-12],[115,-96],[17,-14],[27,-20],[43,-32],[46,-35],[73,-62],[11,-8],[48,-35],[2,-1],[35,-32],[0,-3],[0,-7],[1,-11],[-14,-32],[-24,-9],[-6,0],[-28,1],[-46,46],[-49,60],[-47,45],[-56,51],[-58,50],[-58,49],[-25,21],[-2,1],[-64,52],[-62,54],[-31,32],[-9,7],[-9,-15],[-14,-22],[-2,-3],[-15,-6],[-28,19],[-6,16],[6,11],[5,8],[12,15],[-4,17],[-20,27],[-83,72],[-19,16],[-9,7],[-4,4],[-27,23],[-21,17],[-7,6],[-39,33],[-36,29],[-71,56],[-4,2],[-60,53],[-93,76],[-57,50],[-14,12],[-3,3],[-19,18],[-11,2],[-7,-51],[-1,-6],[-9,-89],[-2,-49],[-7,-19],[-11,-5],[-13,5],[-3,20],[-4,4],[-11,11],[-1,26],[5,14],[9,12],[1,1],[8,16],[10,76],[0,0],[3,31],[-2,32],[0,1],[-5,61],[-1,5],[-15,72],[-4,19],[-3,17],[-6,27],[-6,31],[-13,67],[-5,29],[-13,66],[-8,71],[-3,91],[-12,67],[-4,14],[-11,29],[-25,42],[-33,26],[-22,12],[-45,29],[-34,25],[-13,3],[-35,-16],[-30,-29],[-14,-21],[-29,-7],[-53,-33],[-92,-78],[-6,-12],[-42,-46],[-37,-40],[-8,-8],[-45,-49],[-98,-108],[-8,-13],[-7,-15],[-9,4],[-6,16],[-9,3],[-10,-11],[-20,-19],[-11,-23],[-1,-7],[14,-22],[144,-214],[14,-22],[28,-42],[-71,-43],[-25,-15],[-27,-59],[-31,-70],[-51,-180],[-6,-21],[-2,-7],[-5,-20],[-6,-21],[-3,-11],[-6,-22],[-4,-14],[-14,-52],[-32,-114],[-8,-27],[-13,-49],[-15,-54],[-11,-40],[-2,-5],[-29,-104],[-10,-39],[-3,-9],[-2,-9],[-11,-37],[-40,-100],[-2,-4],[-16,-40],[-14,-35],[-15,-37],[-13,-32],[-10,-24],[-35,-38],[-9,-10],[-2,-17],[-4,-11],[-34,-38],[-1,-1],[-4,-2],[-32,-20],[-4,-2],[-8,-1],[-65,25],[-8,3],[-17,7],[-8,3],[-1,-2],[-2,-6],[-1,-3],[-6,-19],[-4,-2],[-22,-68],[-1,-2],[22,-9],[1,1],[3,0],[-20,-56],[-15,-44],[-1,-4],[-1,-2],[-2,-7],[-26,-14],[-2,-7],[-2,-7],[-2,-7],[1,0],[24,-21],[0,2],[27,50],[2,5],[8,-4],[8,-3],[5,-2],[22,-10],[7,-3],[8,-3],[1,-1],[15,-6],[1,0],[29,-13],[1,0],[18,-8],[10,-4],[44,-19],[17,-7],[7,-4],[1,0],[8,-3],[15,-7],[2,-1],[47,-20],[8,-3],[8,-4],[6,-2],[11,-5],[23,-10],[58,-25],[7,-3],[22,-9],[18,-8],[16,-7],[24,-10],[20,-9],[33,-14],[22,-9],[32,-14],[2,-1],[47,-20],[9,-4],[13,-5],[67,-29],[25,-11],[2,-1],[3,-1],[3,-1],[-1,-3],[27,-11],[31,-11],[35,-14],[15,-6],[7,-3],[5,-2],[3,-1],[42,-16],[22,-9],[16,-6],[122,-47],[30,63],[2,4],[3,6],[6,13],[6,13],[10,20],[25,53],[5,9],[1,3],[27,55],[7,15],[11,24],[8,15],[4,10],[2,4],[37,76],[13,28],[6,12],[23,49],[5,9],[6,14],[8,16],[20,42],[9,18],[6,14],[1,0],[13,28],[7,14],[18,39],[6,11],[3,6],[21,34],[19,29],[6,9],[4,7],[6,8],[27,43],[1,2],[6,10],[10,15],[62,97],[2,3],[21,33],[13,20],[6,9],[3,6],[17,25],[5,8],[82,128],[88,-24],[81,-22],[3,4],[8,7],[11,-1],[8,-4],[6,-7],[-17,-24],[-13,-27],[-20,-44],[0,-1],[-2,-4],[-3,-4],[-5,-8],[-14,-22],[-15,-24],[-27,-41],[-18,-29],[-1,-2],[-36,-57],[-6,-9],[-41,-64],[-1,-2],[-7,-12],[-4,-5],[-5,-8],[-7,-11],[-10,-15],[-26,-42],[-28,-43],[-13,-20],[-23,-38],[-11,-16],[-6,-11],[-1,-1],[-15,-23],[-7,-11],[-17,-26],[-20,-33],[-18,-29],[-12,-18],[-15,-24],[-11,-16],[-18,-29],[-17,-26],[-40,-63],[-50,-80],[-19,-30],[-2,-2],[-7,-11],[-7,-12],[-17,-26],[-18,-29],[-27,-42],[-5,-7],[5,-16],[2,-7],[10,-31],[20,-61],[5,-15],[1,-4],[4,-13],[4,-12],[14,-45],[16,-50],[13,-38],[21,-66],[-9,-32],[-10,-38],[-35,-37],[-5,-5],[-1,0],[-27,0],[-62,2],[-81,2],[-100,3],[-27,1],[-31,1],[-13,0],[-4,0],[-5,0],[-5,0],[-15,1],[-2,0],[-60,2],[-102,2],[-11,1],[-12,0],[-34,1],[-23,1],[-64,1],[-8,1],[-1,-2],[-21,-37],[-19,-34],[-5,-9],[-1,-1],[-5,-11],[-31,-53],[-39,-296],[-6,-114],[-2,-148],[1,-11],[13,-145],[8,-124],[3,-46],[-6,-52],[-24,-93],[-7,-20],[-18,-53],[-8,-75],[6,-63],[13,-83],[11,-27],[18,-22],[22,-29],[16,-23],[17,-11],[35,-6],[30,-1],[17,3],[24,-5],[35,3],[30,3],[18,8],[10,11],[8,0],[6,-11],[7,-39],[20,-83],[3,-46],[-3,-29],[-19,-20],[-13,-9],[-19,11],[-9,28],[17,13],[-8,27],[-3,39],[-11,16],[-21,10],[-35,3],[-28,2],[-28,-10],[-29,-23],[-23,-25],[-27,-57],[-29,-59],[-4,-11],[-42,-101],[-16,-56],[-8,-78],[7,-50],[13,-36],[21,-42],[1,-3],[36,-80],[27,-76],[16,-68],[6,-54],[-10,-48],[-11,-31],[-8,-20],[-44,-66],[-48,-63],[-15,-15],[-21,-63],[-13,-48],[-10,-39],[-3,-56],[11,-57],[0,-1],[10,-51],[10,-67],[-2,-53],[-6,-39],[-18,-39],[-2,-9],[-4,-17],[1,-11],[0,-20],[-1,-10],[0,-3],[-3,-11],[0,-10],[-3,-58],[-8,-55],[-2,-48],[-4,-70],[1,-36],[-4,-22],[-11,-22],[-3,-49],[-20,-63],[-48,-108],[-12,-20],[-16,-10],[-41,-79],[-18,-46],[-6,-25],[-5,-9],[-11,-11],[-1,0],[-2,-8],[-13,-44],[-10,-26],[-10,-26],[-2,-11],[-10,-55],[-6,-32],[2,-59],[-5,-30],[-11,-15],[-3,-3],[-15,-20],[-19,-48],[-26,-49],[-28,-55],[-3,-6],[-14,-33],[-3,-22],[-2,-11],[2,-51],[17,-75],[13,-69],[6,-57],[-2,-51],[-14,-59],[-29,-90],[-14,-45],[-10,-40],[-12,-31],[-15,-18],[-20,-22],[-14,-15],[-22,-52],[-10,-65],[-4,-110],[8,-78],[4,-45],[9,-74],[3,-30],[21,-95],[22,-93],[21,-67],[1,-3],[19,-59],[18,-47],[52,-115],[38,-90],[37,-73],[21,-50],[12,-43],[19,-61],[18,-85],[6,-26],[27,-106],[18,-106],[3,-12],[23,-77],[12,-23],[11,-26],[12,-72],[19,-69],[12,-59],[7,-35],[23,-81],[15,-54],[4,-87],[3,-120],[7,-56],[6,-55],[3,-118],[-12,-123],[-6,-46],[-3,-28],[-2,-30],[-1,-21],[0,-88],[5,-71],[-3,-42],[-12,-81],[-14,-129],[2,-84],[-40,-3],[-15,-1],[-44,-2],[-395,-22],[-399,-28],[-399,-23],[-396,-20],[-238,-9],[-133,-8],[-33,-1],[-405,-27],[-238,-16],[-357,-17],[-300,-14],[-298,-18],[-402,-23],[-399,-13],[-397,-30],[-406,-24],[-396,-18],[-398,-25],[-400,-25],[-402,-25],[-516,-36],[-539,-29],[-375,-22],[-304,-23],[-92,3],[-395,-21],[-398,-24],[-397,-30],[-398,-23],[-404,-24],[-402,-24],[-360,-21],[-268,-17],[-229,-17],[-272,-12],[-405,-26],[-395,-21],[-397,-28],[-400,-27],[-365,-20],[-34,-2],[-242,68],[-374,109],[-290,81],[-138,44],[-42,14],[-102,25],[-362,101],[-291,91],[-135,41],[-239,67],[-375,113],[-371,110],[-372,108],[-384,113],[-223,64],[-146,48],[-385,111],[-397,119],[-369,117],[-382,110],[-381,111],[-380,109],[-288,92],[-367,102],[-370,110],[-124,36],[-254,79],[-309,88],[-265,81],[-389,112],[-172,50],[-170,48],[-213,62],[-386,121],[-388,108],[-394,113],[-248,27],[-235,24],[-348,29],[-381,31],[-9,3],[-184,12],[-382,36],[-402,31],[-344,35],[-411,31],[-409,40],[-342,24],[-317,25],[-80,6],[-405,40],[-392,38],[-403,32],[-385,35],[-413,39],[-383,38],[-408,33],[-386,39],[-413,34],[-380,35],[-410,33],[-389,35],[-412,35],[-389,35],[-411,34],[-407,33],[-231,19],[-192,15],[-401,38],[-405,35],[-300,28],[-302,145],[-299,155],[-375,183],[-365,186],[-423,229],[-444,207],[-333,161],[-91,49],[-308,163],[-307,161],[-311,143],[-304,164],[-317,145],[-304,149],[-309,157],[-309,146],[-298,167],[-297,137],[-309,149],[-366,189],[-370,186],[-207,102],[-474,243],[-247,118],[-362,187],[-375,195],[-370,185],[-372,185],[-32,15],[-232,120],[-34,11],[-356,184],[-376,184],[-393,196],[-705,344],[-373,183],[-369,185],[-78,38],[-220,113],[-292,146],[-302,150],[-409,257],[-304,189],[-182,117],[-222,139],[-446,285],[-310,191],[-211,131],[-68,42],[-170,105],[-134,84],[-102,63],[-167,102],[-305,193],[-263,164],[-289,179],[-146,91],[-158,99],[-220,138],[-225,135],[-317,204],[-194,121],[-259,160],[-382,243],[-328,203],[-73,43],[-351,199],[-273,178],[-172,89],[-475,309],[-296,173],[-278,162],[-380,238],[-270,169],[-347,210],[-358,218],[-302,175],[-290,176],[-12,11],[-390,242],[-361,219],[-293,177],[-387,167],[-307,136],[-162,65],[-26,10],[-328,141],[-54,24],[-51,23],[-125,51],[-409,183],[-94,44],[-369,156],[-72,340],[-99,538],[-91,437],[-37,204],[-34,160],[-60,302],[-88,432],[-57,299],[-50,206],[-36,220],[-6,33],[-14,49],[-34,189],[-63,313],[-40,221],[-51,245],[-68,341],[-120,590],[-17,87],[-26,106],[-1,45],[-15,103],[-45,228],[-69,353],[-47,223],[-56,280],[-36,180],[-120,601],[-119,592],[-119,586],[-119,589],[-114,593],[-150,400],[-199,555],[-205,562],[-204,559],[-118,329],[-71,172],[-13,58],[-200,555],[-114,314],[-67,181],[-82,222],[-6,24],[-63,167],[-36,93],[-9,25],[-5,30],[-36,82],[-12,48],[-106,282],[-79,218],[-201,552],[-200,551],[-203,561],[-64,473],[-68,464],[-73,531],[-66,469],[-88,562],[-10,112],[-14,95],[-19,147],[-18,134],[-52,404],[-68,486],[-65,440],[-66,479],[-4,26],[-45,316],[-71,465],[-44,342],[-48,379],[-51,324],[-51,308],[-66,491],[-255,338],[-294,397],[-168,221],[-165,222],[-62,55],[-152,197],[-235,307],[-106,145],[-246,334],[-195,275],[-258,336],[-97,136],[-152,207],[-92,121],[-252,337],[-212,280],[-251,-218],[-222,-199],[-124,-112],[-425,-377],[-229,-192],[-357,-319],[-67,-78],[-144,-130],[-111,-93],[-298,-262],[-256,-228],[-74,-73],[-174,-152],[-262,-230],[-139,-136],[-139,-116],[-102,-90],[-168,-145],[-101,-91],[-181,-160],[-115,-103],[-446,-401],[-253,-227],[-28,0],[-117,-105],[-338,-302],[-254,-230],[-294,-259],[-195,-171],[-265,-241],[-392,-349],[-456,-399],[-158,-150],[-113,-97],[-148,-134],[-225,-199],[-237,-210],[-514,-82],[-514,-65],[-180,-32],[-263,-32],[-112,-18],[-180,-24],[-306,-46],[-172,-29],[-191,-28],[-213,-30],[-131,-15],[-130,-19],[-94,-18],[-231,-30],[-196,-32],[-50,-2],[-150,-17],[-367,-53],[-530,-77],[-304,-42],[-254,-37],[-493,-63],[-145,-22],[-152,-19],[-226,-34],[-329,-42],[-246,-34],[-476,-67],[-86,-14],[-107,-11],[-196,-33],[-177,-24],[-260,-30],[-130,-22],[-215,-24],[-42,-8],[-117,-20],[-153,-27],[-87,-6],[-69,-14],[-271,-31],[-503,-74],[-113,-43],[-17,-8],[-273,-127],[-209,-98],[-54,-26],[-286,-135],[-253,-111],[-248,-113],[-304,-139],[-313,29],[-297,40],[-220,75],[-290,201],[-526,175],[-269,94],[-433,143],[-124,44],[-146,53],[-136,48],[-227,77],[-110,330],[-36,107],[-33,94],[-44,136],[-29,91],[-52,163],[-109,327],[-87,272],[-120,355],[-217,643],[-125,372],[-79,246],[-74,210],[-68,219],[-40,129],[-67,189],[-53,171],[-61,167],[-77,254],[-60,172],[-70,202],[-54,172],[-25,77],[-69,207],[-161,468],[-133,402],[-102,312],[-45,138],[-35,103],[-12,50],[-62,180],[-106,307],[-86,260],[-71,202],[-35,117],[-54,159],[-29,97],[-59,166],[-77,231],[-45,138],[-44,148],[-62,154],[-63,208],[-80,241],[-110,340],[-94,281],[-82,247],[-50,137],[-59,185],[-42,115],[-57,175],[-36,106],[-17,55],[-27,88],[-38,113],[-167,517],[-340,313],[-189,186],[-147,137],[-148,132],[-76,79],[-106,93],[-57,57],[-96,84],[-136,134],[-345,315],[-330,306],[-95,98],[-39,43],[-65,63],[-75,69],[-103,94],[-273,262],[-256,244],[-180,170],[-172,146],[-198,-342],[-116,-199],[-45,-92],[-84,-132],[-141,-257],[-34,-70],[-52,-81],[-190,-343],[-87,-156],[-86,-151],[-184,-312],[-106,-205],[-59,-103],[-25,-44],[-60,-96],[-83,-163],[-154,-273],[-131,-221],[-124,-216],[-183,-326],[-35,-63],[-102,-174],[-227,-388],[-182,-324],[-226,-399],[-260,-454],[-210,-376],[-345,45],[-362,42],[-590,66],[-304,32],[-325,40],[-126,13],[-335,42],[-96,9],[-101,11],[-206,25],[-148,14],[-143,17],[-485,54],[-188,21],[-188,22],[-218,22],[-192,19],[-118,14],[-34,0],[-217,25],[-167,20],[-129,13],[-198,23],[-92,10],[-148,15],[-61,16],[-131,14],[-156,18],[-91,8],[-145,20],[-196,19],[-238,31],[-201,23],[-198,16],[-115,17],[-125,13],[-177,20],[-228,27],[-360,40],[-158,20],[-161,16],[-104,7],[-134,20],[-424,50],[-449,45],[-405,49],[-209,20],[-379,45],[-196,20],[-135,17],[-320,31],[-228,29],[-154,12],[-130,18],[-334,35],[-246,29],[-109,14],[-71,3],[-173,20],[-402,48],[-42,4],[-143,15],[-139,14],[-133,12],[-126,16],[-123,16],[-454,49],[-413,48],[-102,10],[-171,19],[-136,15],[-100,13],[-426,41],[-36,1],[-298,-68],[-155,-36],[-200,-44],[-147,-34],[-161,-37],[-154,-33],[-161,-37],[-114,-25],[-108,-30],[-129,-27],[-133,-30],[-75,-15],[-80,-16],[-181,-46],[-313,-70],[-167,-40],[-90,-24],[-103,-24],[-107,-25],[-116,-27],[-80,-20],[-77,-17],[-101,-21],[-55,-7],[-58,-9],[-145,-39],[-257,-51],[-188,-45],[-68,-16],[-197,-44],[-128,-27],[-356,-82],[-397,-98],[-429,-93],[-186,-46],[-131,-33],[-137,-28],[-106,-25],[-90,-15],[-75,-20],[-118,-30],[-203,-45],[-103,-25],[-257,-56],[-496,-110],[-170,231],[-129,201],[-109,146],[-276,398],[-260,385],[-138,203],[-272,382],[-104,162],[-83,107],[-127,202],[-284,410],[-92,134],[-123,181],[-125,180],[-96,135],[-87,97],[-64,120],[-89,126],[-137,204],[-10,12],[-86,115],[-207,298],[-176,365],[-7,46],[-158,318],[-72,154],[-245,509],[-148,318],[-266,546],[-77,163],[-121,260],[-190,402],[-107,220],[-388,144],[-414,160],[-424,157],[-507,193],[-360,135],[-493,187],[-485,185],[-595,223],[-492,186],[-458,173],[-221,86],[-291,126],[-295,126],[-100,40],[-103,48],[-306,130],[-316,133],[-459,198],[-257,117],[-33,56],[-13,136],[-3,90],[-1,387],[-1,245],[-7,387],[2,13],[-74,171],[-216,277],[-51,77],[-204,399],[-98,198],[-169,175],[-184,263],[-166,209],[-195,451],[-120,482],[-31,273],[-54,434],[14,244],[9,78],[141,211],[105,141],[155,72],[142,57],[208,82],[78,65],[12,113],[-153,210],[-237,212],[-132,117],[-284,356],[-74,230],[-25,188],[-2,52],[8,91],[0,86],[37,156],[25,70],[49,162],[10,14],[119,125],[4,20],[-9,20],[-89,135],[-41,81],[-30,43],[-40,40],[-54,33],[-79,38],[-81,70],[-98,68],[-70,37],[-50,55],[-67,38],[-5,1]],[[470954,17451],[49,190],[130,472],[78,279],[81,287],[82,289],[83,288],[77,288],[77,288],[77,287],[77,287],[62,206],[-1,13],[-93,89],[-59,2],[-60,-4],[-98,18],[-54,14],[-15,0],[-103,49],[-53,16],[-49,22],[-76,38],[-80,41],[-145,92],[-71,36],[-132,64],[-55,22],[-105,34],[-105,32],[-36,15],[-41,23],[-73,42],[-58,38],[231,486],[134,265],[111,254],[117,254],[27,59],[2,6],[237,-67],[204,-57],[205,-53],[202,-53],[196,-55],[198,-55],[202,-55],[203,-56],[203,-57],[99,-23],[16,137],[23,137],[23,138],[24,138],[19,141],[19,139],[19,134],[17,136],[8,45],[1050,211],[19,3],[39,8],[17,3],[2,0],[-8,57],[-31,212],[-28,201],[-4,33],[-5,30],[-3,0],[-2,11],[-7,50],[-19,129],[-16,108],[-4,27],[-1,3],[0,5],[-1,5],[-6,40],[-8,61],[-20,133],[-20,145],[-6,45],[-1,11],[-3,14],[-23,163],[-2,6],[-1,10],[-22,145],[-1,15],[-1,2],[0,6],[-1,1],[-1,6],[-8,58],[-7,49],[-1,18],[-18,151],[-16,131],[-2,14],[17,5],[5,0],[29,7],[16,2],[18,5],[135,27],[9,2],[5,2],[204,44],[559,124],[232,52],[92,20],[5,1],[-5,30],[-21,125],[-18,109],[-27,178],[-13,75],[-7,47],[-13,77],[-40,256],[-46,286],[-19,116],[0,8],[9,3],[62,16],[128,34],[113,30],[90,25],[7,1],[139,38],[69,17],[142,37],[10,3],[49,13],[163,42],[100,27],[248,66],[178,45],[59,16],[93,23],[140,38],[15,4],[26,7],[10,2],[3,2],[36,9],[227,61],[83,24],[155,47],[76,24],[22,8],[18,6],[51,17],[99,31],[6,3],[1,1],[2,0],[6,1],[83,27],[5,1],[5,2],[51,15],[62,19],[3,0],[5,3],[7,1],[97,30],[17,6],[61,20],[95,32],[5,0],[55,19],[43,13],[30,11],[8,1],[2,2],[30,9],[126,42],[166,52],[130,42],[293,96],[137,44],[461,151],[100,34],[69,22],[2,3],[2,-1],[4,1],[138,45],[47,15],[141,47],[31,9],[29,11],[16,4],[27,9],[39,13],[10,3],[13,7],[6,4],[47,16],[101,34],[175,59],[21,61],[-327,154],[-2,16],[-114,767],[-48,85],[-297,393],[-5,21],[-63,246],[-79,134],[-122,168],[39,161],[-6,33],[-18,97],[-8,60],[-2,10],[-1,8],[-21,143],[-33,124],[62,160],[249,1],[-5,10],[-2,4],[-71,143],[4,260],[4,491],[353,-6],[389,-6],[188,-3],[365,-8],[434,-3],[10,355],[5,187],[-32,7],[-53,-7],[-35,1],[-20,-2],[-46,4],[-27,8],[-65,24],[-77,30],[-83,43],[-97,48],[-25,9],[0,1],[-148,58],[-72,16],[-4,2],[-3,-1],[-30,7],[-34,9],[-151,36],[-42,38],[-16,14],[-18,15],[-29,19],[-24,17],[-54,37],[-61,32],[-23,8],[-6,3],[20,74],[3,7],[44,167],[6,19],[0,6],[-1,1],[-7,0],[-1,0],[-34,-4],[0,0],[-51,-6],[-8,-1],[-209,-23],[-275,19],[-265,85],[-234,-137],[-26,-14],[-45,-101],[-226,-93],[-181,-7],[-16,83],[103,63],[-16,82],[41,108],[-16,161],[50,56],[-48,143],[-38,-11],[-26,67],[4,49],[-159,72],[-231,75],[-184,-23],[-84,-30],[-108,-40],[-49,-28],[-7,-4],[-53,-31],[-190,-13],[-136,-10],[-191,-13],[-139,-10],[-9,-1],[-15,-4],[-4,1],[-9,-2],[-12,1],[-15,1],[-17,4],[-18,6],[-9,4],[-60,16],[-46,15],[-86,33],[-42,10],[-60,18],[-7,3],[-34,11],[-47,18],[-42,13],[-8,3],[-14,3],[-26,7],[-24,3],[-70,11],[-39,0],[-48,-8],[-24,-5],[-65,-10],[-22,-6],[-28,-8],[-23,-11],[-19,-6],[-11,-6],[-43,-17],[-7,-4],[-30,-13],[-11,-7],[-49,-23],[-31,-17],[-54,-38],[-21,-12],[-11,-8],[-19,-9],[-7,-3],[-29,-7],[-68,-9],[-39,-1],[-30,0],[-57,6],[-48,14],[-14,6],[-9,4],[-11,1],[-19,6],[-27,8],[-6,0],[-11,4],[-8,1],[-16,5],[-18,4],[-8,0],[-23,3],[-51,0],[-7,0],[-16,1],[-21,4],[-18,5],[-55,17],[-59,13],[-51,0],[-29,-4],[-34,-9],[-22,-7],[-45,-19],[-21,-12],[-27,-20],[-28,-23],[-36,-31],[-18,-18],[-22,-24],[-51,-62],[-19,-24],[-27,-31],[-34,-43],[-53,-76],[-18,-22],[-11,-15],[-17,-20],[-8,-11],[-23,-25],[-45,-43],[-33,-29],[-30,-20],[-20,-11],[-28,-20],[-25,-14],[-14,-10],[-25,-21],[-19,-12],[-6,-2],[-10,-6],[-12,-4],[-11,-3],[-14,-1],[-10,2],[-7,4],[-8,7],[-4,5],[-6,12],[-16,36],[-8,15],[-46,72],[-16,32],[-38,60],[-7,14],[-10,15],[-12,22],[-10,25],[-14,46],[-4,14],[-3,19],[-2,24],[-4,37],[3,28],[1,4],[1,24],[-1,29],[-1,18],[-5,41],[-8,44],[-4,20],[-4,21],[-1,26],[-2,8],[-3,44],[1,2],[1,0],[5,-2],[10,-6],[69,-51],[11,-6],[10,-3],[10,0],[18,3],[13,5],[28,20],[13,8],[22,16],[9,8],[76,65],[35,36],[61,59],[14,17],[37,51],[16,34],[3,8],[3,15],[-2,34],[-15,103],[-1,8],[22,13],[22,11],[9,6],[95,49],[159,84],[2,1],[-22,74],[21,18],[98,75],[124,96],[-3,8],[-27,90],[9,4],[5,3],[10,4],[4,1],[2,-1],[4,3],[37,10],[11,1],[16,-7],[6,-1],[7,0],[32,7],[43,7],[25,6],[47,9],[10,0],[6,-1],[25,-10],[65,-20],[26,-4],[49,-2],[13,1],[44,5],[60,14],[11,-113],[6,-82],[2,-12],[1,-3],[13,-13],[15,-14],[25,-20],[68,-59],[19,-15],[1,-1],[6,-4],[14,-7],[11,-2],[44,-17],[30,-9],[25,-9],[41,-21],[64,-37],[40,-18],[23,-7],[23,-2],[15,2],[2,0],[3,-21],[4,-53],[0,-5],[18,2],[73,6],[223,21],[183,17],[246,25],[129,11],[48,5],[61,6],[110,11],[-10,137],[92,11],[-10,92],[68,13],[108,19],[178,32],[69,48],[22,13],[45,42],[50,50],[78,64],[48,37],[41,17],[34,16],[14,17],[-3,31],[-3,55],[5,44],[4,104],[-15,51],[-12,28],[-6,30],[-4,48],[13,67],[7,90],[-14,50],[-28,23],[-51,40],[-44,25],[-48,17],[-37,23],[-29,19],[-30,51],[-19,31],[-22,52],[-15,91],[-15,32],[-35,28],[-60,7],[-108,45],[-112,97],[-55,78],[-70,97],[-55,76],[-32,59],[-6,45],[-9,49],[-35,35],[-58,18],[-18,27],[-89,133],[-23,36],[-7,36],[-8,77],[-18,61],[-16,18],[-60,45],[-13,23],[-11,65],[-33,55],[-30,32],[-55,62],[-32,47],[-26,8],[-76,13],[-21,15],[-7,12],[-26,97],[-42,95],[-106,107],[-38,38],[-37,38],[-106,65],[-196,137],[-56,40],[-53,37],[-34,39],[-20,24],[-30,119],[-29,119],[74,370],[-148,632],[-95,323],[-267,-47],[-534,-93],[92,167],[49,228],[107,29],[18,37],[-32,208],[22,110],[13,114],[-14,141],[38,7],[64,228],[-126,23],[-171,545],[-574,-218],[-437,-56],[-285,-77],[-690,-191],[-21,64],[-568,-166],[-125,-33],[-234,451],[185,85],[-584,2200],[1123,249],[528,116],[-149,1161],[-101,973],[-942,-18],[-533,-7],[-101,76],[-123,88],[-62,46],[-144,110],[-98,93],[-237,561],[-121,273],[-147,274],[-279,500],[-151,329],[-17,356],[-11,135],[-132,317],[-97,128],[-77,105],[-89,63],[-120,137],[-155,311],[-19,20],[-95,177],[-9,29],[-5,25],[-12,33],[-19,119],[-17,98],[-34,100],[-39,86],[-71,101],[-71,69],[-80,33],[-96,18],[-107,3],[-70,-4],[-64,-3],[-36,-16],[-55,-91],[-58,-70],[-50,-35],[-127,-48],[-189,920],[-177,866],[1546,633],[292,81],[225,63],[151,42],[-41,142],[-78,270],[-183,33],[-117,17],[-1072,158],[-37,374],[-85,1090],[-50,730],[-54,662],[-582,-71],[-770,-119],[-173,552],[-487,-202],[-531,-195],[-177,59],[-145,104],[-76,12],[-75,12],[-96,-35],[-96,-35],[-6,178],[-21,640],[-18,519],[545,48],[45,32],[35,148],[92,216],[102,184],[14,150],[-53,206],[-6,307],[-1045,-215],[-353,555],[758,332],[123,54],[51,65],[-29,92],[-12,105],[24,17],[65,-1],[88,-17],[22,-4],[17,-2],[89,-10],[1,6],[0,54],[-2,160],[0,93],[-2,234],[-1,119],[-10,596],[-140,267],[-25,-171],[-73,-154],[-170,-174],[-59,-61],[-140,-138],[-233,-213],[-126,-47],[-465,401],[36,138],[304,-15],[219,110],[336,297],[386,69],[66,65],[82,60],[91,66],[68,81],[67,105],[36,97],[23,87],[-11,98],[72,41],[56,78],[45,137],[17,88],[12,136],[-14,144],[-1,141],[152,147],[75,104],[32,59],[22,105],[34,87],[22,80],[45,174],[31,168],[67,369],[-13,76],[6,28],[-28,99],[-42,119],[-30,48],[-58,91],[-16,23],[-11,31],[-16,47],[-72,198],[-13,34],[223,179],[523,414],[150,118],[470,380],[73,5],[200,162],[43,-6],[116,-50],[137,-119],[91,-60],[86,-18],[440,210],[39,17],[3,-33],[299,141],[-17,30],[597,277],[442,203],[69,27],[179,88],[165,72],[88,25],[46,14],[299,98],[147,95],[-33,23],[-1,11],[111,59],[87,11],[20,-2],[90,-2],[30,10],[38,19],[62,37],[36,15],[46,1],[42,9],[92,16],[6,28],[167,40],[171,37],[29,6],[40,1],[115,30],[362,96],[59,13],[927,237],[1085,270],[2570,651],[20,5],[303,76],[93,24],[-81,754],[12,66],[-30,49],[-176,59],[-106,47],[-46,60],[-125,-17],[-176,17],[-181,24],[0,27],[50,14],[60,7],[30,3],[55,9],[54,-1],[42,-8],[46,-4],[52,4],[27,13],[30,8],[62,-4],[31,8],[22,23],[22,23],[12,21],[-20,17],[56,36],[481,304],[-115,198],[-17,4],[-162,-1],[-39,9],[-40,37],[-84,154],[-338,727],[-254,514],[-148,310],[642,203],[533,155],[49,14],[100,35],[183,53],[259,75],[914,278],[101,30],[842,247],[1421,438],[271,84],[-134,606],[-43,194],[86,18],[159,34],[296,63],[1,0],[123,26],[45,10],[129,26],[144,30],[7,2],[197,37],[276,52],[131,25],[30,5],[88,17],[483,89],[182,24],[204,26],[170,20],[187,22],[316,41],[204,25],[204,24],[189,32],[412,76],[487,91],[-86,298],[-109,378],[-82,289],[494,101],[629,106],[429,74],[133,24],[344,59],[421,84],[79,17],[134,29],[296,41],[107,12],[108,12],[364,75],[161,22],[193,64],[375,116],[193,90],[34,13],[92,-440],[52,-199],[232,192],[217,167],[260,203],[286,216],[188,146],[62,46],[15,12],[328,256],[41,32],[29,23],[-499,204],[-29,21],[-91,280],[-193,587],[-81,272],[92,85],[91,207],[70,179],[51,242],[20,125],[4,153],[-41,243],[-13,128],[-86,163],[-21,61],[-76,261],[-30,136],[-47,200],[-67,228],[-11,68],[-71,152],[-92,129],[-25,23],[-66,181],[-174,412],[-103,247],[-106,251],[5,24],[-24,667],[-14,637],[-57,66],[-182,167],[-138,127],[-93,86],[-75,69],[-236,210],[-267,238],[-278,251],[-79,69],[-55,48],[-55,48],[-223,198],[-244,216],[-310,276],[-378,342],[-219,205],[-318,356],[-205,241],[-149,199],[-55,77],[-251,353],[-295,434],[-61,121],[54,47],[183,157],[-117,1096],[-22,216],[-38,368],[-175,717],[-36,173],[-25,89],[-123,366],[-140,342],[-126,314],[-215,477],[-244,539],[-122,269],[-31,72],[-22,50],[13,41],[292,496],[232,394],[439,739],[395,434],[654,680],[453,495],[130,143],[8,8],[145,142],[5,14],[115,127],[115,128],[18,6],[88,89],[159,175],[110,138],[6,8],[59,74],[44,56],[20,24],[51,63],[76,93],[44,56],[59,73],[71,90],[49,64],[51,64],[43,57],[47,54],[88,101],[22,25],[25,30],[19,28],[14,27],[15,27],[11,13],[42,28],[21,14],[10,17],[17,35],[28,41],[18,21],[27,33],[38,53],[19,22],[18,16],[30,28],[16,18],[8,15],[32,35],[22,23],[42,50],[19,20],[17,22],[19,26],[12,16],[15,19],[17,15],[-33,24],[-49,37],[-45,29],[-10,9],[-42,32],[-32,20],[-13,11],[-2,3],[-8,11],[-6,13],[-1,3],[-15,9],[-18,9],[-19,5],[-23,11],[-25,12],[-35,16],[-22,13],[-62,32],[-43,24],[-32,15],[-31,14],[-22,10],[-29,17],[-34,19],[-26,12],[-34,16],[-22,12],[-22,11],[-24,11],[-32,15],[-33,12],[-22,9],[-15,8],[-45,31],[-12,9],[-19,6],[-14,5],[-15,7],[-17,10],[-18,12],[-15,7],[-24,9],[-28,14],[-26,16],[-38,19],[-45,22],[-17,8],[-40,20],[-64,36],[-32,15],[-39,18],[-20,8],[-22,10],[-26,13],[-58,31],[-25,14],[-74,39],[-23,8],[-27,13],[-11,8],[-90,44],[-28,12],[-22,10],[-74,39],[-30,14],[-26,12],[-53,43],[-24,18],[-42,34],[-15,14],[83,47],[265,145],[225,124],[176,98],[104,59],[182,97],[69,36],[-3,6],[-6,16],[-13,17],[-10,12],[-11,9],[-12,8],[-12,13],[-33,41],[-16,20],[-10,5],[-9,1],[-19,-9],[-10,1],[-7,1],[-6,4],[-4,6],[-10,13],[-19,27],[-17,21],[-15,18],[-22,26],[-7,9],[-16,19],[-17,18],[-16,16],[-17,13],[-32,20],[-42,28],[-26,21],[-36,31],[-32,29],[-15,13],[-22,17],[-39,25],[-26,19],[-48,39],[-27,22],[-23,24],[-13,15],[-23,32],[-21,36],[-24,47],[-30,61],[-27,65],[13,7],[22,10],[21,11],[21,13],[18,12],[40,30],[24,16],[37,27],[22,16],[18,17],[12,10],[57,52],[49,43],[22,17],[32,23],[30,21],[18,14],[-2,7],[7,34],[7,40],[4,38],[6,70],[6,57],[6,38],[9,90],[9,85],[10,73],[5,42],[3,24],[3,18],[3,31],[7,65],[5,39],[20,179],[2,21],[20,159],[35,260],[35,285],[35,277],[11,78],[19,209],[10,103],[6,64],[3,46],[45,11],[-1,7],[-1,64],[-2,123],[-2,83],[-3,146],[1,126],[3,61],[2,89],[0,77],[-2,61],[-3,46],[1,89],[1,129],[1,40],[3,46],[12,6],[0,5],[33,241],[8,53],[31,190],[25,155],[2,13],[21,112],[19,114],[20,127],[5,32],[2,30],[0,38],[-15,125],[-25,182],[-20,150],[-6,35],[-7,22],[-35,65],[-33,59],[-67,118],[-30,59],[-32,56],[-50,91],[-43,77],[-41,79],[-83,147],[-88,156],[-117,210],[-24,47],[-3,19],[-9,23],[-16,132],[-17,123],[-17,39],[4,78],[-2,130],[-16,140],[-19,129],[2,137],[-2,165],[-10,59],[-15,57],[-1,37],[15,65],[25,41],[26,34],[58,76],[25,34],[9,34],[2,125],[4,35],[20,55],[49,123],[15,91],[11,110],[26,177],[18,352],[599,287],[294,147],[327,154],[11,25],[-3,40],[-6,19],[-11,31],[-101,212],[-12,25],[-102,228],[-44,105],[-90,237],[-131,354],[73,17],[121,47],[216,74],[27,8],[49,7],[39,6],[47,4],[27,12],[136,40],[85,29],[166,55],[48,24],[27,28],[22,27],[24,31],[17,13],[72,37],[95,63],[77,57],[36,46],[11,36],[6,46],[-9,61],[-1,13],[-1,7],[-12,32],[-7,20],[-7,34],[-3,25],[4,22],[18,23],[14,22],[11,22],[8,24],[11,64],[4,35],[5,40],[3,20],[10,25],[11,18],[21,25],[18,18],[20,20],[26,26],[32,41],[58,60],[32,25],[21,20],[18,21],[14,27],[3,13],[7,29],[7,32],[2,14],[-6,26],[-5,16],[-6,27],[-4,22],[-8,12],[-14,12],[-19,13],[-23,28],[-11,21],[-15,19],[-31,28],[-30,34],[-33,49],[-26,45],[-7,29],[-8,23],[-19,17],[-28,15],[-51,3],[-37,-7],[-10,0],[-60,-21],[-44,-10],[-41,-3],[-32,10],[-15,5],[-63,23],[-29,17],[-17,12],[-12,12],[-5,11],[-3,8],[-8,14],[-5,5],[-5,4],[-13,1],[-11,-2],[-20,-4],[-15,-3],[-17,-1],[-20,1],[-25,1],[-14,3],[-12,2],[-11,6],[-38,8],[-26,6],[-10,8],[-13,18],[-9,19],[-15,29],[-9,17],[-8,17],[-12,27],[2,18],[2,18],[-85,93],[-50,42],[-51,41],[-35,61],[-57,248],[-54,124],[-100,82],[-83,79],[-48,35],[-2,24],[-15,29],[-128,187],[-33,39],[-114,131],[-89,133],[-81,163],[-19,58],[-8,33],[0,24],[12,65],[21,119],[37,193],[33,139],[63,192],[-3,64],[-4,36],[-3,21],[-12,43],[-13,24],[-16,23],[-39,41],[-52,57],[-11,18],[-12,28],[-3,11],[-8,18],[-18,17],[-18,26],[-11,17],[-15,27],[-15,34],[-8,25],[1,14],[-2,10],[-8,29],[-11,36],[-15,45],[-23,73],[-10,31],[-13,32],[-16,32],[-8,18],[-26,67],[-7,20],[-10,20],[-18,43],[-23,57],[-9,25],[-9,19],[-21,42],[-17,36],[-21,45],[-21,39],[-16,33],[-27,62],[-24,51],[-55,122],[-25,52],[-19,39],[-9,17],[-14,26],[-23,37],[-22,36],[-11,21],[-15,30],[-17,39],[-10,18],[-14,24],[-11,31],[-16,48],[-27,105],[-9,32],[-12,48],[4,8],[-2,18],[-8,32],[-13,49],[-2,15],[1,16],[-1,13],[-3,20],[-2,16],[3,26],[-1,24],[-3,13],[-26,34],[-9,29],[-1,26],[-1,35],[-4,22],[-5,21],[-20,27],[-19,24],[-13,38],[-9,17],[-17,27],[-30,31],[-10,6],[-18,7],[-26,45],[-10,19],[-37,79],[-36,87],[-16,27],[-15,42],[-4,21],[-8,30],[-2,33],[-1,68],[-7,78],[-8,79],[-3,29],[-5,59],[-3,33],[-2,35],[-4,30],[-6,26],[-2,37],[0,57],[1,31],[0,31],[-12,10],[2,25],[0,21],[-6,54],[-4,78],[-2,45],[0,26],[2,11],[6,14],[11,11],[16,11],[30,13],[72,32],[37,17],[35,14],[31,12],[40,16],[30,16],[14,7],[19,10],[76,38],[45,22],[46,21],[45,23],[44,23],[42,22],[43,26],[44,26],[44,22],[44,23],[44,22],[44,23],[47,28],[43,27],[45,23],[47,21],[39,16],[17,4],[28,7],[19,3],[19,2],[19,-1],[20,-1],[9,0],[5,1],[8,7],[12,11],[21,12],[42,16],[44,14],[43,12],[43,12],[43,12],[44,14],[43,15],[43,16],[42,14],[42,14],[41,13],[41,13],[41,12],[41,10],[53,17],[19,6],[34,13],[26,9],[21,6],[43,9],[44,12],[44,11],[43,12],[44,12],[43,13],[43,12],[43,11],[43,10],[41,9],[11,3],[34,11],[13,5],[33,7],[45,12],[47,13],[45,14],[42,12],[21,6],[14,1],[17,4],[16,6],[38,10],[48,22],[29,19],[20,6],[20,6],[44,13],[-3,7],[3,0],[54,19],[25,8],[38,13],[18,5],[38,7],[20,6],[27,4],[50,4],[50,5],[51,5],[49,3],[51,4],[50,4],[51,5],[50,3],[49,3],[50,5],[53,5],[52,4],[52,4],[54,5],[55,4],[54,3],[54,3],[53,3],[27,3],[28,1],[47,2],[23,2],[27,3],[15,2],[59,2],[52,2],[57,7],[57,6],[55,6],[40,3],[67,10],[30,2],[48,7],[26,2],[35,4],[25,2],[84,11],[34,4],[49,8],[85,9],[30,4],[23,5],[25,1],[34,1],[38,-2],[65,-4],[29,-4],[95,-7],[97,-5],[94,-9],[97,-5],[324,-23],[47,-4],[58,-6],[32,0],[105,-7],[140,-6],[112,-5],[121,-7],[32,-1],[40,-1],[31,-7],[25,-5],[21,-6],[15,-5],[39,-19],[34,-18],[25,-13],[15,-5],[18,-4],[27,-9],[8,17],[6,24],[7,25],[9,23],[30,79],[16,37],[12,32],[2,31],[-7,19],[-16,16],[-21,14],[-34,1],[-9,1],[-9,6],[-8,10],[-13,10],[-22,18],[-16,5],[-18,-3],[-12,2],[-12,14],[-4,11],[-1,11],[7,23],[25,33],[15,18],[10,29],[6,12],[26,46],[54,93],[29,47],[20,16],[28,14],[32,5],[23,7],[7,6],[31,23],[31,33],[37,43],[19,31],[5,15],[6,39],[-2,43],[5,40],[14,81],[6,38],[3,33],[5,51],[11,15],[11,10],[4,18],[4,41],[0,26],[-10,32],[-2,28],[-6,41],[-3,45],[-5,25],[-8,54],[-1,14],[4,16],[11,21],[19,41],[20,40],[2,16],[5,33],[12,32],[7,41],[13,45],[8,29],[2,16],[2,23],[-2,37],[-8,33],[-32,35],[-26,24],[-10,14],[-11,37],[-11,29],[-4,17],[-9,21],[-9,10],[-12,11],[-6,10],[-6,11],[-7,20],[-10,22],[-12,18],[-12,12],[-6,4],[-9,0],[-7,-2],[-6,0],[-16,29],[-13,29],[-17,23],[-9,19],[-1,7],[-4,8],[-4,16],[0,18],[2,10],[4,66],[3,34],[1,14],[-3,29],[-3,22],[0,15],[4,15],[14,29],[16,31],[11,30],[6,21],[5,26],[5,37],[4,35],[-1,33],[-1,8],[-2,6],[-11,28],[-13,22],[-15,19],[-23,24],[-20,19],[-20,8],[-37,20],[-41,17],[-13,7],[-16,4],[-14,3],[-8,4],[-6,4],[-8,8],[-55,63],[-16,12],[-9,5],[-1,2],[-13,3],[-7,4],[-3,3],[-4,5],[-2,5],[-2,12],[0,11],[1,9],[5,10],[4,12],[1,7],[1,25],[2,8],[6,13],[3,18],[0,4],[2,18],[0,14],[3,10],[5,9],[3,14],[0,21],[-2,13],[-5,17],[-7,20],[-4,9],[-19,32],[-24,45],[-6,9],[-18,18],[-9,12],[-5,14],[-2,17],[-5,18],[-10,24],[-12,25],[-6,23],[-4,22],[1,14],[2,12],[3,7],[6,6],[16,12],[26,12],[11,10],[11,11],[10,21],[9,15],[18,38],[7,21],[3,24],[1,7],[0,24],[-2,13],[-3,49],[-1,36],[-2,18],[2,9],[2,5],[13,17],[3,2],[6,14],[5,23],[0,16],[-4,13],[-3,8],[-6,9],[-10,8],[-2,4],[-2,4],[-4,16],[-13,26],[-10,18],[-12,18],[-14,17],[-4,7],[-8,17],[-2,1],[-16,2],[-7,2],[-16,2],[-16,2],[-57,-2],[-58,-2],[-41,-2],[-13,-1],[-12,-2],[-25,-1],[-24,-1],[-12,-1],[-11,-1],[-9,0],[-14,-1],[-13,-1],[-17,1],[-6,-1],[-6,0],[-44,-6],[-47,-2],[-9,0],[-8,0],[-17,-1],[-17,-1],[-3,0],[-1,-1],[-1,0],[-3,0],[-7,0],[-6,0],[-7,0],[-16,-1],[-11,0],[-12,0],[-18,0],[-19,-1],[-21,0],[-22,1],[-14,-1],[-16,0],[-15,0],[-5,-1],[-4,0],[-9,0],[-9,0],[-13,-1],[-6,-1],[-8,0],[-10,0],[-10,0],[-6,-1],[-5,0],[-5,-1],[-4,-1],[-7,0],[-6,1],[-4,0],[-1,-1],[-2,0],[-4,0],[-2,0],[-2,0],[-1,0],[-3,0],[-1,0],[-7,0],[-1,0],[-2,0],[-3,0],[-2,0],[-4,0],[-2,0],[-3,0],[-5,-1],[-8,0],[-2,0],[-7,0],[-12,0],[-2,0],[-4,0],[-21,-1],[-3,0],[-15,0],[-1,0],[-1,0],[-16,0],[-16,-1],[-28,0],[-13,0],[-4,-1],[1,-7],[2,-15],[0,-1],[0,0],[0,-5],[-3,0],[-1,0],[-4,0],[-8,-1],[-2,0],[0,0],[-4,0],[-5,0],[-14,-1],[-4,0],[0,0],[-8,-1],[-53,-3],[-4,0],[-23,-2],[-27,-1],[-12,-1],[-7,0],[-2,0],[-37,-3],[-31,-2],[-17,-1],[-7,0],[-5,0],[-19,-1],[-12,-1],[-7,-1],[-23,-1],[-3,0],[-27,-2],[-8,0],[-4,0],[-10,-1],[-77,-5],[-17,-1],[-4,0],[-13,-1],[-11,0],[-7,-1],[-2,0],[-29,-2],[-18,-2],[-11,-1],[-11,0],[-48,-4],[-55,-4],[-9,-1],[-29,-2],[-43,-3],[-6,-1],[-8,0],[-14,-1],[-41,-3],[-6,-1],[-3,0],[-140,-9],[-13,0],[-30,-2],[-119,-7],[-47,-3],[-21,-1],[-10,-1],[-9,0],[-4,64],[-4,71],[-3,45],[-51,-3],[-1,0],[-15,-1],[0,0],[-94,-5],[-62,-4],[-14,0],[-18,-1],[-28,-2],[-5,0],[-81,-5],[-169,-10],[-2,0],[-109,-6],[-1,0],[-25,2],[-40,3],[-73,5],[-10,1],[-25,0],[-31,0],[-35,1],[-34,0],[-77,-4],[-1,-1],[-13,0],[-4,-1],[-49,0],[-84,-2],[-12,0],[-81,-2],[-51,-1],[-77,1],[-19,-20],[-19,-3],[0,0],[-94,-5],[-2,0],[-27,-2],[-37,-2],[-28,-2],[-103,-6],[-34,-1],[-44,-3],[-59,-3],[-20,-1],[-6,3],[-135,-1],[-91,0],[-28,0],[-51,0],[-206,-2],[-5,0],[-5,0],[-112,-1],[-47,0],[-52,-1],[-6,0],[-93,-1],[0,0],[-47,0],[-59,-1],[-53,-2],[-21,0],[-36,-2],[-8,0],[0,0],[-3,0],[-40,-1],[-24,-1],[-159,1],[-108,0],[-8,0],[-38,1],[-36,0],[-223,-4],[-2,0],[-32,-1],[-111,-4],[0,0],[-224,-9],[-25,17],[-28,-1],[-215,-5],[-22,0],[-141,2],[-69,-1],[-7,-2],[0,-357],[0,-8],[0,-32],[0,-88],[0,-10],[0,-134],[0,-44],[0,-35],[-1,-67],[0,-169],[-1,-114],[0,-20],[-29,-10],[-44,-14],[-23,-8],[-31,-6],[-79,-14],[-15,-3],[-41,-7],[-12,-2],[-43,-10],[-84,-23],[-48,6],[-113,9],[-63,4],[-80,0],[-14,0],[-15,0],[-21,4],[-34,10],[-7,24],[-32,116],[-16,59],[-55,200],[-12,54],[-8,34],[0,2],[-9,36],[-10,38],[0,1],[-7,28],[-6,19],[-8,32],[-1,11],[-54,-23],[-31,-14],[-226,-100],[15,24],[32,50],[0,0],[69,108],[4,138],[3,104],[0,4],[4,125],[0,5],[0,1],[-57,-7],[-14,-14],[0,0],[-11,-22],[-16,-20],[-9,-3],[-10,13],[-56,25],[-11,5],[-35,-5],[-20,2],[-30,4],[-21,13],[-14,4],[-63,-7],[-67,-9],[-1,0],[0,0],[-15,-2],[-18,-3],[0,0],[-7,-1],[-63,-9],[-184,-28],[-38,-6],[-1,0],[-73,-10],[0,0],[-108,-17],[0,0],[-99,-10],[-13,-1],[-6,-1],[-4,0],[-31,-3],[-84,-9],[-7,0],[-8,-1],[-63,-2],[-39,-4],[-15,-1],[-15,-1],[-53,-4],[0,0],[-143,-9],[-22,-2],[-2,0],[-16,-1],[0,0],[-217,-16],[-70,-4],[-26,-3],[-79,-3],[-34,-2],[-6,-1],[-14,-1],[-51,-2],[-30,-2],[0,0],[-2,0],[-30,-2],[-3,22],[-13,23],[0,11],[-1,8],[0,0],[-8,26],[-3,14],[-6,35],[-2,13],[4,33],[19,52],[4,18],[1,1],[-2,19],[-10,23],[-2,11],[-1,7],[1,10],[4,22],[5,14],[6,11],[9,12],[23,18],[0,0],[4,4],[16,15],[16,6],[3,1],[9,5],[12,9],[10,9],[4,8],[4,10],[2,9],[3,34],[5,13],[-1,4],[-18,22],[-9,13],[-8,15],[-6,15],[-2,8],[0,0],[0,7],[-2,19],[-3,8],[-4,5],[-9,11],[-2,9],[0,12],[3,20],[-1,38],[-2,25],[-3,31],[-8,30],[-4,5],[-6,1],[-6,1],[-9,3],[-16,11],[-9,8],[-9,10],[-5,7],[-17,26],[-10,11],[-6,6],[-10,6],[-16,7],[-14,11],[-1,1],[-36,40],[-11,9],[-2,2],[-3,-2],[-44,-15],[-58,-19],[-54,-18],[0,0],[-87,-30],[-19,-6],[-34,-12],[-72,-24],[-25,-9],[-8,-2],[-11,-4],[-49,-17],[-3,-1],[-22,-7],[-16,-6],[-24,-8],[-31,-11],[-20,-6],[-1,-1],[-150,-51],[-137,-47],[-88,-30],[-49,-16],[-14,-5],[-8,-3],[-31,-10],[-45,-16],[-16,-6],[-2,0],[-90,-31],[-77,-27],[-25,-9],[-8,-3],[-26,-8],[-17,-7],[-32,-11],[-93,-33],[-19,-7],[-129,-47],[0,0],[0,0],[-35,-12],[-13,-5],[-6,-2],[-38,-14],[-4,-1],[-149,-52],[-19,-5],[-47,-17],[-77,-27],[-29,-10],[-38,-14],[-51,-18],[-15,-5],[-32,-12],[0,0],[-79,-28],[-60,-21],[-8,-3],[-68,-24],[-57,-21],[0,0],[-76,-27],[-36,-13],[-23,-8],[-13,-5],[0,0],[-17,-6],[-42,-14],[-5,-2],[-22,-8],[-34,-12],[-24,-6],[-5,-1],[-52,-13],[-9,-2],[-96,-16],[-46,-13],[-17,-5],[0,0],[-9,-3],[-28,-6],[-12,-5],[-5,-2],[-31,-11],[0,0],[-9,-4],[-6,-2],[-18,-7],[9,-28],[-20,-7],[-51,-16],[-10,-4],[-2,0],[-16,-4],[-4,-15],[0,-2],[-10,-36],[-10,-37],[-1,-1],[-7,-29],[-7,-29],[-2,-9],[-3,-13],[-10,2],[-51,7],[-25,3],[-6,1],[-15,2],[-6,1],[-13,1],[-9,2],[-7,1],[-5,0],[-2,1],[0,0],[0,7],[4,42],[1,7],[1,12],[0,8],[1,2],[1,20],[2,19],[-9,-2],[-15,-5],[-10,-3],[-2,-1],[-3,-1],[-3,13],[-1,11],[-3,13],[0,41],[1,10],[2,8],[6,10],[10,11],[21,16],[9,9],[7,8],[13,22],[6,14],[3,10],[4,20],[4,25],[11,45],[1,21],[-4,9],[-5,8],[-11,16],[-45,43],[-8,6],[-8,5],[-20,9],[-9,3],[-34,0],[-13,-1],[-15,1],[-8,1],[-13,0],[-23,2],[-23,4],[-47,10],[-14,2],[-39,5],[-24,2],[-2,0],[-5,1],[-19,2],[-15,4],[-26,3],[-13,5],[-2,0],[-17,7],[-8,4],[-21,14],[-5,6],[-20,24],[-9,9],[-36,27],[-22,12],[-15,6],[-9,3],[-11,2],[-9,0],[-7,-2],[-6,0],[-14,-2],[-28,-8],[-16,-4],[-4,-2],[-24,-9],[-11,-2],[-6,-2],[-10,-3],[-30,-17],[-12,-5],[-43,-25],[-9,-4],[-13,-3],[-26,-5],[-26,-1],[-12,-3],[-21,0],[-21,2],[-32,8],[-14,7],[-16,9],[-15,11],[-22,18],[-8,9],[-10,13],[-10,14],[-10,16],[-6,8],[-31,49],[-5,9],[-4,9],[-3,4],[-1,6],[-2,3],[-4,13],[-6,16],[-1,6],[-1,10],[-5,16],[-1,9],[-1,3],[0,16],[2,10],[2,14],[0,6],[-2,10],[-7,21],[-1,5],[1,5],[4,10],[4,5],[7,6],[8,19],[3,9],[3,5],[9,18],[9,29],[6,15],[0,5],[2,3],[3,6],[-1,1],[7,28],[5,11],[6,14],[7,7],[9,4],[5,2],[12,-1],[14,2],[3,5],[5,9],[19,20],[11,15],[9,9],[7,11],[6,14],[10,16],[17,17],[22,26],[1,12],[-1,4],[12,31],[9,40],[0,9],[-1,18],[-3,23],[-4,15],[-5,12],[-5,8],[-8,8],[-5,8],[28,17],[80,39],[18,7],[28,14],[15,7],[28,6],[3,2],[1,-1],[8,2],[3,2],[5,2],[8,4],[12,11],[17,10],[8,2],[17,7],[13,7],[19,11],[6,5],[16,9],[58,25],[17,7],[28,16],[22,12],[33,14],[29,10],[20,6],[57,21],[23,12],[10,7],[17,15],[11,7],[13,12],[5,8],[6,14],[1,14],[-1,16],[-6,19],[1,5],[-7,29],[-6,19],[3,10],[5,7],[4,5],[7,4],[17,9],[22,7],[7,1],[-90,184],[-37,76],[40,17],[79,30],[29,12],[-9,22],[-13,32],[-33,82],[-5,11],[-8,23],[-96,300],[-23,90],[-37,145],[-37,95],[-24,74],[-71,221],[-15,45],[-16,59],[-12,30],[-10,37],[-15,44],[-4,7],[-11,31],[-19,47],[-13,49],[-1,7],[-19,55],[-5,23],[-7,20],[-10,28],[-8,18],[-4,14],[-4,9],[-25,69],[-37,110],[-35,119],[-20,49],[-90,284],[-35,105],[-5,17],[-81,252],[-43,138],[-41,125],[-36,117],[-30,93],[-4,12],[-1,4],[19,7],[6,3],[191,68],[114,39],[67,25],[81,28],[40,10],[65,20],[43,16],[37,11],[12,5],[102,34],[45,15],[33,10],[1,2],[-4,11],[0,7],[2,8],[-1,9],[-10,16],[-4,9],[-1,3],[1,7],[4,15],[1,15],[-5,17],[0,18],[-5,18],[1,2],[2,2],[3,-1],[6,-3],[3,-2],[1,1],[0,8],[-1,5],[-2,5],[-1,12],[-3,2],[-1,0],[-7,-4],[-3,1],[-2,2],[-3,6],[-1,5],[1,39],[-1,9],[1,9],[3,15],[3,11],[2,3],[6,3],[4,1],[4,4],[-1,7],[-5,11],[0,3],[-1,1],[-1,3],[6,6],[1,9],[1,3],[3,2],[4,1],[3,0],[2,-3],[6,0],[3,3],[0,4],[-6,9],[2,12],[8,15],[14,20],[5,4],[3,0],[3,-3],[4,-8],[3,0],[5,4],[12,12],[3,8],[-1,4],[-3,0],[-8,-5],[-3,-1],[-2,1],[0,4],[3,8],[11,15],[6,6],[5,1],[4,-1],[5,0],[4,2],[2,4],[1,4],[0,15],[5,8],[4,4],[7,3],[16,1],[12,3],[8,4],[6,5],[8,9],[8,6],[29,15],[31,20],[18,6],[4,8],[-1,9],[3,14],[-1,6],[-5,4],[-3,10],[-1,9],[4,11],[0,2],[-4,2],[-8,0],[-3,1],[-8,12],[-8,15],[-15,35],[-9,29],[-1,6],[-10,28],[-8,14],[-8,18],[-31,73],[-6,17],[-7,26],[-6,17],[-6,20],[-1,14],[0,10],[0,9],[1,13],[0,21],[2,3],[0,14],[3,22],[2,4],[2,16],[12,54],[3,8],[1,18],[1,5],[1,42],[5,70],[0,24],[1,22],[0,6],[1,15],[1,18],[1,11],[1,16],[3,28],[0,35],[5,40],[-12,32],[-11,31],[-2,7],[-1,8],[69,68],[35,35],[34,54],[0,32],[-12,28],[-39,65],[-52,103],[-25,68],[-22,83],[-2,28],[-10,48],[-35,83],[-28,91],[-4,54],[2,49],[29,84],[14,57],[14,58],[38,87],[9,25],[-10,17],[-117,79],[-82,44],[-79,48],[-58,53],[-12,23],[-3,15],[-2,14],[-9,64],[8,44],[34,83],[5,10],[1,4],[2,6],[4,6],[2,1],[2,1],[5,0],[3,1],[7,10],[3,15],[-2,17],[2,7],[7,12],[6,8],[11,12],[13,14],[15,13],[15,9],[7,4],[1,0],[12,7],[19,16],[41,34],[18,18],[25,30],[12,18],[6,14],[6,24],[10,29],[1,6],[3,24],[8,37],[2,15],[1,22],[0,12],[-1,8],[-4,8],[-7,10],[-11,10],[-8,5],[-13,14],[-4,5],[-9,15],[-3,9],[0,8],[0,10],[-2,3],[1,2],[0,2],[-2,1],[0,5],[-1,7],[3,11],[3,4],[11,6],[16,2],[37,1],[40,7],[15,7],[11,11],[7,9],[21,39],[17,36],[14,22],[7,15],[9,34],[6,15],[3,4],[15,7],[7,4],[9,9],[6,10],[8,22],[6,25],[6,23],[22,62],[10,47],[6,37],[4,58],[2,4],[0,14],[7,62],[0,11],[-4,22],[1,6],[6,7],[41,21],[7,5],[6,2],[6,5],[9,2],[4,5],[-1,2],[-28,17],[-10,3],[-11,6],[-7,7],[-2,6],[1,4],[5,7],[11,14],[6,10],[2,10],[8,29],[8,18],[0,4],[4,8],[10,30],[2,10],[0,18],[-4,19],[-2,6],[-3,6],[-11,15],[-5,4],[-5,2],[-7,0],[-7,-5],[-3,-5],[-5,-16],[-4,-8],[-3,-18],[-4,-14],[-2,-4],[-6,-5],[-4,-2],[-6,1],[-4,4],[-7,10],[-10,13],[-12,19],[-4,5],[-1,8],[0,7],[4,11],[5,8],[9,10],[10,10],[7,11],[0,2],[-1,5],[-8,16],[-9,12],[-25,31],[-9,14],[-2,5],[-3,12],[-1,9],[1,12],[0,8],[2,9],[4,35],[1,4],[2,15],[0,25],[-5,19],[-7,13],[1,1],[-7,16],[-1,5],[-2,7],[0,23],[1,16],[1,8],[0,12],[-3,20],[-6,23],[-4,9],[-1,5],[2,8],[4,8],[17,27],[7,17],[6,16],[5,25],[0,8],[5,39],[4,46],[5,18],[3,9],[6,9],[8,10],[15,12],[6,8],[8,19],[20,53],[11,20],[3,4],[1,4],[0,3],[3,5],[1,7],[4,11],[26,50],[2,8],[3,10],[0,3],[2,6],[1,19],[2,19],[-1,10],[-6,21],[-4,10],[-3,5],[-2,1],[-5,12],[-13,24],[-9,21],[-18,28],[-7,9],[-5,12],[0,8],[2,5],[9,12],[7,11],[4,12],[5,33],[3,10],[5,9],[22,15],[4,6],[3,11],[2,18],[4,14],[8,16],[10,13],[2,4],[3,15],[14,30],[12,17],[9,15],[10,32],[5,10],[27,38],[33,38],[8,13],[6,12],[2,8],[8,24],[3,11],[1,7],[1,14],[-2,5],[-1,12],[-3,22],[-6,18],[-2,1],[-3,15],[0,9],[3,7],[10,10],[15,11],[18,9],[7,2],[7,0],[7,-3],[6,-4],[4,-4],[8,-4],[9,-1],[10,1],[16,10],[16,17],[5,8],[4,9],[2,11],[1,17],[2,18],[2,9],[3,12],[8,23],[4,14],[6,10],[8,12],[5,17],[0,14],[-6,10],[-5,6],[-12,9],[-6,8],[-9,10],[-20,17],[-5,3],[-11,9],[-14,21],[-2,11],[0,11],[7,16],[9,18],[3,3],[5,13],[1,6],[1,8],[0,10],[-6,4],[-15,9],[-7,5],[-28,-5],[-61,-19],[-12,-5],[-23,-10],[-23,-3],[-14,-5],[-20,-13],[-23,-23],[-15,-18],[-8,-7],[-5,-4],[-12,-6],[-7,-2],[-22,-5],[-22,-3],[-19,-1],[-52,3],[-1,0],[-1,2],[-6,1],[-11,1],[-8,2],[-26,3],[-16,1],[-70,-6],[-67,-6],[-27,-3],[-76,5],[-17,3],[-30,4],[-26,-1],[-63,0],[-109,1],[-46,0],[-9,2],[-4,12],[-73,1],[-84,2],[-13,0],[-39,1],[-54,1],[-129,1],[-4,1],[-5,-1],[-84,0],[-31,0],[-14,-1],[-43,1],[-48,3],[-40,1],[-36,3],[-15,0],[-17,2],[-15,0],[-57,5],[-36,3],[-15,-1],[-29,2],[-29,-1],[-22,-3],[-33,-7],[-22,-2],[-2,0],[-72,-3],[-24,0],[-43,0],[-3,-1],[-2,1],[-34,-1],[-116,1],[-267,6],[-2,0],[-72,1],[0,13],[2,222],[1,126],[0,56],[2,136],[1,23],[-1,19],[1,51],[2,140],[1,10],[1,38],[1,27],[1,54],[3,102],[1,102],[4,115],[-1,20],[0,25],[1,55],[-1,105],[0,4],[0,165],[2,44],[1,38],[-1,2],[1,26],[0,23],[1,21],[4,153],[1,47],[1,14],[0,16],[2,44],[-1,75],[3,166],[0,5],[-1,39],[1,97],[1,45],[2,49],[2,98],[1,15],[-1,158],[0,5],[1,89],[-2,56],[1,13],[-2,33],[1,39],[-2,62],[-1,167],[0,5],[0,5],[0,85],[1,280],[2,38],[4,98],[7,120],[5,98],[4,61],[1,47],[5,88],[2,14],[4,72],[6,89],[4,76],[0,7],[0,1],[-32,0],[-26,0],[-28,2],[-18,2],[-39,9],[-25,4],[-63,7],[-40,7],[-35,4],[-42,9],[-18,1],[-15,2],[-39,10],[-72,12],[-71,9],[-52,9],[-52,4],[-36,0],[-34,3],[-49,7],[-1,28],[2,52],[-1,31],[2,21],[0,73],[4,42],[3,19],[0,10],[3,12],[4,10],[4,8],[10,14],[18,24],[4,7],[4,7],[1,28],[3,26],[3,61],[11,110],[14,154],[3,62],[5,44],[1,57],[7,114],[2,88],[6,117],[1,39],[2,18],[1,52],[1,82],[3,74],[14,178],[7,76],[7,96],[1,21],[1,7],[11,309],[6,113],[4,105],[4,78],[5,101],[8,127],[5,150],[2,23],[4,91],[7,142],[4,80],[30,11],[2,1],[2,6],[0,7],[-5,26],[-4,34],[0,5],[-8,58],[-3,8],[0,8],[-4,14],[-2,18],[-4,19],[-1,15],[0,17],[-1,8],[-3,6],[-7,8],[-11,15],[-3,8],[-2,8],[-1,28],[1,16],[-1,7],[3,33],[-1,8],[1,8],[3,9],[4,9],[7,6],[3,5],[16,44],[8,16],[8,9],[11,6],[9,2],[13,1],[17,1],[25,-1],[55,-4],[59,-8],[21,-1],[29,-3],[7,1],[1,18],[0,18],[-2,38],[-4,30],[0,17],[2,34],[-1,23],[-5,41],[1,20],[4,13],[2,5],[1,27],[1,10],[-3,28],[0,22],[-1,12],[1,4],[-2,38],[-7,116],[0,36],[1,14],[-8,113],[0,59],[-6,92],[-3,22],[1,4],[0,13],[1,8],[2,5],[2,5],[7,7],[2,1],[15,8],[4,1],[11,6],[3,3],[3,5],[2,8],[2,13],[-1,15],[-3,15],[-7,14],[0,4],[-4,10],[-12,20],[-2,4],[-5,14],[-4,5],[-4,9],[-6,10],[-7,6],[-4,7],[0,2],[2,24],[7,32],[6,42],[4,46],[-2,18],[-3,10],[-5,10],[-6,8],[-8,15],[-3,7],[-2,11],[0,7],[2,8],[8,16],[7,11],[11,33],[5,11],[6,9],[9,8],[4,5],[15,9],[25,14],[5,4],[20,14],[52,35],[12,4],[79,25],[39,30],[12,52],[19,78],[10,8],[26,21],[16,42],[3,13],[2,14],[-1,9],[-1,3],[-5,10],[-16,20],[-24,20],[-12,12],[-3,5],[-7,13],[-2,16],[1,17],[6,33],[6,25],[3,9],[11,35],[10,22],[15,45],[46,87],[8,20],[8,44],[4,33],[7,13],[26,54],[127,281],[11,23],[43,97],[76,167],[17,38],[96,211],[41,93],[1,4],[1,1],[58,129],[32,74],[10,21],[58,129],[2,2],[0,3],[34,78],[89,198],[22,50],[5,30],[-1,5],[-43,195],[-2,6],[-31,142],[-35,139],[0,2],[-15,61],[0,6],[-6,27],[-2,6],[-9,35],[-3,18],[-4,18],[-3,9],[-5,7],[-6,11],[-6,16],[-4,32],[-13,52],[-7,48],[-5,22],[-12,72],[-2,2],[-6,20],[-2,9],[-5,16],[-6,35],[-5,15],[-14,62],[-7,20],[-5,16],[-3,12],[-13,49],[-5,11],[-12,29],[-9,23],[-5,9],[-7,15],[-10,20],[-9,19],[-19,42],[-6,20],[-11,24],[-8,13],[-6,7],[-8,5],[-39,-2],[-70,3],[-34,0],[-28,0],[-25,-4],[-39,-10],[-35,-5],[-17,1],[-66,11],[-47,3],[-33,4],[-18,1],[-27,1],[-23,-2],[-27,-1],[-105,-10],[-26,0],[-8,-1],[-9,-3],[-9,-5],[-2,-8],[1,-11],[9,-31],[10,-25],[3,-14],[2,-12],[6,-22],[4,-43],[-1,-24],[-5,-25],[-8,-26],[-7,-15],[-20,-38],[-11,-24],[-7,-18],[-14,-37],[-2,-3],[-7,-26],[-2,-11],[0,-9],[2,-25],[7,-35],[1,-26],[-1,-5],[-2,-3],[-3,-4],[-8,-5],[-7,-1],[-11,1],[-18,3],[-20,6],[-15,2],[-27,3],[-27,2],[-12,1],[-18,5],[-19,7],[-20,8],[-29,17],[-20,13],[-33,17],[-11,4],[-17,0],[-6,-2],[-16,-7],[-6,-2],[-14,-7],[-3,-3],[-5,-5],[-3,-5],[-1,-7],[-1,-14],[5,-32],[0,-22],[-1,-21],[-8,-67],[0,-10],[-2,-26],[-2,-9],[-3,-4],[-4,-2],[-4,0],[-12,6],[-10,9],[-9,5],[-18,4],[-31,15],[-25,9],[-10,4],[-55,15],[-39,12],[-24,8],[-20,8],[-8,2],[-35,19],[-27,9],[-32,19],[-14,15],[-3,5],[-1,8],[2,15],[16,47],[10,29],[17,33],[27,42],[29,52],[35,51],[18,31],[10,12],[9,9],[36,30],[45,35],[18,15],[8,10],[9,19],[5,15],[4,19],[8,22],[4,9],[7,8],[6,4],[11,4],[6,0],[7,-4],[9,-8],[6,-9],[8,-26],[6,-10],[1,-5],[11,-16],[5,-4],[9,-5],[7,-2],[6,0],[10,0],[9,4],[4,4],[5,11],[2,17],[2,40],[2,18],[12,47],[6,18],[13,33],[7,24],[4,29],[0,34],[1,6],[8,13],[12,11],[11,10],[16,10],[21,16],[25,22],[11,13],[4,11],[-3,14],[-2,5],[-15,15],[-41,36],[-12,14],[-11,15],[-21,45],[-11,38],[-3,6],[-7,16],[-38,84],[-4,11],[-4,26],[-1,16],[-5,37],[0,18],[-3,35],[-1,8],[-2,43],[2,43],[5,34],[5,30],[1,8],[19,60],[10,28],[6,19],[2,12],[-19,27],[-29,33],[-6,9],[-4,5],[-17,24],[-9,11],[2,8],[3,2],[5,0],[10,-2],[22,-1],[34,-1],[18,3],[20,6],[23,11],[42,27],[105,64],[26,13],[15,5],[21,5],[8,1],[14,-3],[44,-18],[2,0],[7,-2],[12,-5],[31,-15],[14,-8],[35,-16],[28,-17],[6,-5],[14,-10],[9,-6],[33,-13],[25,-13],[43,-22],[19,-13],[27,-13],[14,-4],[11,0],[4,2],[5,4],[7,8],[14,22],[16,33],[12,25],[9,26],[11,23],[6,16],[7,25],[-1,16],[-5,11],[-6,8],[-14,10],[-11,7],[-15,14],[-4,7],[-1,8],[1,6],[4,8],[3,2],[14,7],[11,4],[15,6],[14,12],[11,16],[3,10],[2,10],[-1,9],[-1,9],[-8,19],[-6,11],[-9,13],[-25,40],[-14,24],[-9,13],[-33,59],[-13,31],[-9,31],[0,12],[-1,4],[-2,14],[0,15],[1,11],[1,58],[-1,37],[-2,9],[-2,41],[-3,26],[-3,19],[-4,13],[-6,7],[-10,7],[-14,6],[-24,5],[-18,2],[-3,0],[-26,2],[-18,-2],[-9,3],[-16,12],[-7,12],[-22,42],[-6,14],[-21,39],[-16,23],[-21,25],[-7,11],[-24,30],[-12,18],[-12,23],[-8,15],[-5,13],[-3,9],[-2,17],[1,34],[1,13],[7,54],[4,24],[-1,6],[-4,13],[-13,16],[-5,3],[-11,7],[-13,5],[-21,4],[-31,1],[-21,5],[-13,1],[-30,1],[-16,2],[-37,6],[-16,4],[-6,3],[-4,4],[-5,8],[-4,10],[-1,18],[1,6],[-2,5],[1,6],[-2,16],[1,5],[-1,15],[-8,50],[0,5],[7,20],[5,13],[1,6],[0,17],[1,6],[0,14],[2,19],[-1,40],[-2,39],[-1,44],[-2,18],[-5,39],[0,14],[-2,25],[0,21],[-4,51],[-1,17],[1,11],[-1,5],[-1,15],[-4,28],[0,14],[-2,14],[-1,39],[-6,105],[-1,34],[-2,24],[-2,31],[-3,43],[0,4],[3,10],[-1,25],[-2,17],[-3,11],[-4,7],[-3,10],[0,5],[-4,16],[-2,18],[0,22],[-5,35],[-1,18],[0,41],[-6,75],[-1,6],[-1,13],[-5,20],[-4,8],[-16,24],[-5,9],[-1,6],[-2,3],[-4,13],[-3,11],[-2,17],[0,48],[1,22],[-3,12],[-4,8],[-2,10],[0,8],[1,7],[4,5],[2,8],[0,17],[-4,12],[1,11],[4,8],[3,4],[16,10],[3,4],[1,9],[-4,8],[-9,6],[-9,3],[-13,9],[-6,4],[-6,8],[-3,7],[-12,45],[-4,16],[-1,12],[1,24],[-4,29],[2,29],[-1,12],[-2,18],[-5,8],[-5,6],[-14,12],[-50,26],[-16,11],[-12,6],[-7,3],[-21,2],[-11,4],[-27,12],[-13,7],[-16,7],[-5,5],[-31,17],[-6,6],[-10,12],[-13,10],[-8,5],[-7,7],[-7,14],[-3,11],[0,16],[1,13],[9,41],[6,19],[3,15],[2,15],[2,7],[-1,14],[-4,26],[-6,22],[-3,9],[-11,15],[-8,4],[-4,4],[-18,18],[-17,24],[-10,10],[-11,6],[-6,2],[-21,3],[-6,-1],[-24,2],[-8,2],[-3,3],[-21,5],[-17,12],[-14,13],[-12,19],[-6,14],[-5,14],[-4,25],[1,26],[2,14],[4,9],[5,9],[18,19],[15,13],[2,3],[3,3],[9,10],[16,30],[4,5],[3,2],[15,24],[6,14],[4,17],[1,6],[-2,7],[-8,14],[-7,10],[-4,7],[-4,14],[-6,16],[-16,26],[-23,51],[-16,25],[-13,14],[-6,5],[-8,9],[-5,7],[-4,7],[-1,15],[-5,13],[-26,41],[-6,13],[-9,17],[-9,14],[-13,16],[-16,17],[-2,1],[-15,17],[-7,6],[-11,11],[-25,30],[-9,14],[-19,30],[-6,12],[-1,6],[-5,9],[-5,8],[-4,3],[-3,5],[-2,6],[-7,19],[-7,14],[-8,20],[-13,24],[-5,10],[-15,23],[-14,17],[-13,18],[-31,51],[-5,7],[-28,13],[-10,3],[-9,2],[-30,0],[-8,0],[-10,-2],[-18,-6],[-28,-4],[-24,0],[-42,-5],[-10,0],[-35,-5],[-26,0],[-16,-1],[-14,-2],[-10,-3],[-28,-3],[-22,2],[-22,5],[-24,4],[-16,9],[-5,1],[-1,2],[-11,6],[-46,36],[-15,16],[-7,11],[-5,21],[-2,18],[1,34],[2,14],[2,11],[3,10],[3,5],[18,62],[1,22],[-3,16],[-3,8],[-2,3],[-10,8],[-15,5],[-117,-22],[-66,-12],[-52,-11],[-20,-3],[-37,-9],[-5,0],[-43,-8],[-68,-15],[-26,-4],[-33,-7],[-112,-22],[-3,0],[6,7],[6,8],[-2,78],[-3,137],[-12,188],[-19,312],[-10,247],[-9,221],[-6,169],[0,61],[-1,9],[-4,152],[-1,3],[0,14],[-3,80],[-4,133],[-4,78],[-1,43],[-3,45],[0,3],[-2,51],[0,21],[-5,106],[-4,156],[-2,75],[-3,79],[-1,42],[-4,110],[-1,66],[-2,40],[-4,133],[0,88],[0,23],[-1,3],[1,7],[-1,6],[0,98],[-6,147],[-1,59],[-2,17],[-2,98],[-4,89],[1,3],[-2,65],[-1,9],[0,17],[-1,65],[-13,257],[-3,66],[-2,26],[-1,31],[-7,152],[-2,56],[-3,113],[-4,132],[0,29],[-6,303],[-2,143],[-6,219],[1,16],[-9,31],[-3,35],[-2,55],[0,51],[0,9],[-2,45],[-1,28],[0,32],[-4,67],[-8,72],[1,11],[2,8],[0,5],[-1,29],[-2,19],[0,10],[2,9],[4,5],[12,10],[5,11],[2,4],[11,6],[13,3],[16,0],[19,3],[4,2],[0,1],[25,16],[7,4],[11,4],[4,3],[2,3],[7,14],[14,19],[3,9],[10,20],[2,11],[-1,9],[2,7],[9,6],[2,-1],[15,5],[9,6],[4,5],[7,11],[4,11],[2,8],[1,9],[4,18],[3,3],[12,12],[8,12],[17,30],[8,9],[9,8],[11,6],[40,13],[8,1],[4,3],[4,8],[6,14],[8,12],[5,11],[1,25],[3,10],[5,8],[2,1],[7,3],[22,7],[7,4],[2,3],[6,10],[5,16],[1,4],[14,18],[7,12],[5,22],[1,5],[-2,8],[-1,7],[-4,12],[0,6],[1,6],[7,16],[5,19],[2,16],[0,11],[-2,13],[-3,17],[-11,26],[-6,9],[-6,4],[-6,1],[-4,-1],[-4,1],[-2,-1],[-9,6],[-16,4],[-3,6],[1,10],[-1,1],[-6,6],[-12,7],[-4,6],[-6,7],[-14,9],[-9,2],[-6,-3],[-7,-3],[-5,0],[-6,2],[-5,5],[0,14],[1,15],[-1,13],[-3,10],[-6,21],[-5,28],[0,9],[3,18],[9,32],[11,33],[20,45],[14,21],[8,8],[8,7],[12,7],[17,4],[18,7],[11,8],[5,5],[7,4],[7,3],[9,2],[5,2],[10,9],[8,10],[4,3],[7,3],[17,6],[10,2],[12,0],[14,-7],[26,-19],[6,-1],[4,0],[14,3],[12,8],[7,6],[10,15],[11,18],[6,7],[18,11],[4,1],[22,18],[4,5],[5,8],[3,10],[-1,25],[0,15],[2,6],[3,18],[4,7],[9,14],[23,26],[13,16],[3,25],[1,13],[2,6],[3,6],[5,4],[6,10],[4,8],[0,19],[3,21],[4,14],[2,6],[2,7],[3,8],[5,8],[15,18],[9,8],[14,7],[9,12],[4,10],[4,18],[2,31],[-1,2],[-2,3],[-6,8],[-15,21],[-36,51],[-17,24],[-31,63],[-12,45],[-81,64],[-36,23],[-1,15],[-75,-2],[-245,-9],[-77,-3],[-10,6],[-16,11],[-7,7],[-4,8],[-1,0],[-1,5],[-3,6],[0,6],[-1,5],[-2,137],[-1,47],[1,8],[-2,25],[-3,143],[-3,80],[1,14],[1,5],[2,22],[0,24],[-3,46],[0,10],[-1,8],[0,17],[0,33],[2,54],[-3,29],[-1,42],[-2,10],[-3,38],[-4,19],[-3,12],[-13,30],[-7,12],[-14,18],[-23,25],[-5,8],[-8,14],[-16,42],[-3,15],[-1,6],[1,0],[-2,8],[1,5],[-1,15],[-3,16],[-1,5],[-6,7],[-9,-1],[-26,-6],[-53,-8],[-34,-9],[-7,0],[-2,1],[-20,-3],[-8,2],[-10,8],[-5,10],[-10,10],[-7,3],[-10,0],[-7,7],[-4,12],[0,6],[5,24],[3,8],[2,2],[6,15],[15,27],[5,15],[5,24],[3,9],[8,9],[8,5],[20,6],[14,7],[4,3],[10,15],[-2,17],[-7,21],[1,7],[4,5],[4,7],[0,7],[-2,8],[-5,7],[-3,2],[-15,-4],[-8,3],[-10,7],[-4,5],[-1,11],[1,8],[-10,16],[-3,8],[-4,17],[-2,29],[0,84],[-2,14],[-5,18],[-4,11],[-6,13],[-3,9],[-1,7],[0,13],[5,23],[-1,8],[-1,3],[-8,12],[-10,10],[-14,8],[-12,2],[-6,0],[-7,2],[-6,6],[-7,11],[-4,5],[-2,1],[0,1],[-8,7],[-18,11],[-7,5],[-3,1],[-3,2],[-4,1],[-2,2],[-9,3],[-14,9],[-20,18],[-9,7],[-7,3],[-12,5],[-21,5],[-10,2],[-18,8],[-25,7],[-3,5],[-4,15],[-3,7],[-5,5],[-16,8],[-12,9],[-7,7],[-4,6],[-3,7],[-4,14],[-3,11],[0,17],[4,18],[0,5],[-3,6],[-6,7],[-7,2],[-10,-3],[-5,0],[-11,2],[-6,3],[-3,5],[0,4],[-1,30],[-1,14],[-2,9],[-8,19],[-6,6],[-8,0],[-10,-1],[-11,-6],[-7,0],[-4,1],[-2,2],[-3,8],[-1,5],[-1,12],[-1,4],[-3,7],[-6,1],[-5,0],[-13,-3],[-6,-3],[-5,-5],[-7,-15],[-3,-1],[-7,0],[-4,-1],[-5,-6],[-5,-9],[-5,-7],[-10,-6],[-12,-1],[-5,1],[-4,3],[-4,11],[-3,4],[-4,4],[-3,1],[-7,-3],[-3,-4],[-3,-5],[-1,-11],[1,-14],[6,-9],[-3,-4],[-8,-4],[-31,1],[-22,-2],[-15,1],[-3,3],[-2,12],[-1,3],[-4,4],[-16,12],[-8,6],[-3,9],[-2,7],[1,13],[4,11],[0,5],[-3,9],[0,4],[4,10],[3,3],[4,1],[10,1],[5,0],[11,2],[8,4],[6,5],[10,14],[8,19],[3,10],[7,22],[8,20],[12,11],[9,5],[40,16],[4,3],[3,5],[1,12],[-3,6],[-3,13],[-2,3],[1,3],[-11,38],[-4,22],[1,26],[4,36],[3,13],[0,10],[-2,6],[-5,7],[-6,3],[-12,5],[-20,4],[-17,4],[-10,7],[-4,6],[0,7],[3,7],[5,6],[7,5],[13,7],[13,3],[19,0],[8,3],[10,6],[5,8],[2,14],[-4,9],[-8,7],[-2,6],[-6,9],[-1,6],[1,3],[2,4],[8,6],[8,0],[5,-1],[21,-12],[1,0],[3,1],[4,6],[2,7],[-1,19],[1,8],[2,3],[8,8],[14,12],[15,10],[15,7],[6,7],[5,9],[3,9],[8,14],[8,18],[2,10],[-1,19],[-7,23],[-1,14],[4,14],[4,6],[8,4],[11,2],[12,0],[7,5],[5,8],[4,10],[0,4],[0,9],[2,10],[3,5],[12,10],[5,7],[1,3],[3,9],[-1,22],[-1,10],[-9,21],[-3,11],[1,32],[2,10],[3,9],[9,20],[14,29],[18,26],[6,12],[9,14],[14,29],[18,29],[8,27],[2,31],[6,17],[18,32],[4,15],[2,13],[0,10],[-4,16],[-6,13],[-8,14],[-8,19],[-11,17],[-14,15],[-23,18],[-4,5],[-2,4],[-5,13],[-1,8],[-3,17],[-1,8],[-5,16],[-8,14],[-4,4],[-16,12],[-10,-1],[-12,-4],[-30,-15],[-17,-10],[-11,-5],[-8,1],[-5,3],[-4,6],[-3,6],[0,3],[2,4],[6,8],[7,5],[12,4],[6,3],[10,9],[1,2],[0,5],[-2,5],[-6,7],[-21,15],[-13,11],[-4,5],[-4,8],[-3,7],[-3,16],[1,16],[2,12],[6,13],[9,13],[26,25],[12,16],[8,13],[5,27],[6,12],[8,14],[17,24],[5,12],[2,12],[0,12],[-5,21],[-8,29],[-6,12],[-8,9],[-3,7],[-17,53],[-8,16],[-12,22],[-12,27],[-11,30],[-4,7],[-7,19],[-8,22],[-4,8],[-7,10],[-12,7],[-12,5],[-14,9],[-6,5],[-7,5],[-12,14],[-10,5],[-22,3],[-15,3],[-26,9],[-12,2],[-19,6],[-12,4],[-4,3],[-4,6],[-6,18],[-1,17],[2,24],[0,20],[6,59],[1,7],[3,7],[18,20],[26,21],[21,19],[33,39],[16,12],[21,16],[19,13],[29,15],[31,11],[16,3],[13,1],[7,3],[8,1],[21,8],[21,12],[11,9],[28,29],[21,19],[14,16],[10,9],[14,20],[7,15],[2,10],[0,13],[-2,7],[-17,36],[-18,26],[-5,17],[1,9],[4,11],[11,15],[5,13],[1,7],[-1,3],[-5,9],[-5,4],[-5,1],[-8,-1],[-3,-2],[-3,1],[-15,-6],[-6,0],[-6,2],[-5,8],[-4,6],[-17,53],[-1,1],[1,0],[-9,22],[-8,19],[-16,28],[-17,28],[-16,17],[-12,8],[-20,11],[-12,4],[-1,-1],[-4,1],[-26,6],[-8,4],[-22,14],[-12,9],[-12,17],[-15,33],[0,3],[-5,14],[-2,10],[1,28],[1,10],[2,10],[8,21],[5,11],[18,36],[29,53],[11,26],[9,21],[4,13],[0,7],[0,9],[-4,15],[0,8],[-7,24],[-10,61],[-11,48],[-4,29],[-5,26],[0,6],[-3,11],[-7,36],[-7,25],[-4,27],[-3,15],[0,9],[-7,38],[-6,22],[-12,58],[-3,8],[-13,76],[-13,53],[-4,25],[-2,9],[0,5],[-4,46],[-5,36],[-6,19],[-5,25],[-8,39],[-5,22],[-5,20],[-7,32],[-7,26],[-15,47],[-7,25],[-5,14],[-17,75],[-1,5],[-24,102],[-17,77],[-75,343],[-45,200],[-3,15],[-10,39],[-5,28],[-3,8],[-2,11],[-3,16],[-5,18],[-18,83],[-14,62],[-17,84],[-66,316],[-10,51],[-4,17],[-5,24],[-17,80],[-17,77],[-10,56],[0,8],[2,16],[0,9],[-2,19],[-12,58],[-15,86],[-20,80],[-1,10],[-16,56],[-9,59],[-1,15],[-6,46],[-5,21],[-6,18],[-3,10],[2,11],[2,5],[7,9],[15,15],[3,8],[0,10],[-5,16],[-17,30],[-14,19],[-12,12],[-11,12],[-12,20],[-4,11],[-3,12],[-4,31],[-8,26],[-21,81],[-46,213],[-17,84],[-13,59],[0,6],[-2,8],[-3,11],[-1,1],[0,5],[-4,14],[-4,18],[-4,13],[-2,14],[-8,31],[-35,153],[-18,73],[-2,10],[-1,1],[-6,29],[-23,94],[-3,18],[-13,58],[-13,71],[-8,37],[-2,15],[-15,65],[-19,76],[-4,21],[-9,29],[-20,76],[-19,82],[-2,3],[-4,14],[-2,14],[-14,60],[-34,158],[-19,82],[-14,51],[-2,17],[-7,26],[-19,89],[-5,23],[-7,35],[-19,84],[-6,31],[-14,60],[-5,29],[-15,66],[28,30],[155,176],[-105,99],[-12,12],[-44,42],[-43,-1],[-24,7],[-159,118],[-52,13],[-68,-1],[-36,26],[-63,45],[-45,52],[-30,41],[-30,42],[-59,64],[4,5],[19,13],[4,2],[5,4],[10,7],[2,3],[23,19],[23,21],[31,32],[24,17],[12,9],[23,22],[9,6],[51,40],[36,27],[29,24],[15,12],[3,2],[23,20],[19,15],[5,4],[4,7],[3,9],[0,5],[27,-20],[425,264],[541,336],[136,84],[12,8],[22,18],[12,6],[27,19],[82,49],[20,17],[12,7],[27,25],[24,19],[50,32],[63,44],[12,6],[17,11],[47,26],[3,1],[6,4],[43,26],[14,9],[4,4],[27,17],[2,2],[13,6],[13,10],[68,41],[472,294],[67,44],[-16,8],[-6,4],[-5,6],[-1,5],[1,13],[3,15],[0,6],[-1,3],[-4,5],[-2,5],[2,2],[5,1],[1,4],[-4,4],[-12,0],[-2,1],[-1,5],[-1,3],[-2,1],[-4,1],[-8,9],[-5,9],[-3,3],[-5,4],[-3,7],[1,1],[-2,2],[0,4],[-5,8],[-1,5],[1,6],[-2,5],[-2,7],[1,11],[-1,4],[-3,4],[-15,6],[-3,6],[-1,9],[0,3],[-7,0],[-5,-8],[-6,-2],[-3,3],[-2,5],[0,6],[-5,7],[-27,2],[-20,6],[-15,9],[-7,8],[-6,1],[-2,1],[-8,3],[-2,2],[-5,6],[-2,8],[-8,10],[-2,5],[-2,9],[0,7],[2,5],[6,8],[5,12],[0,5],[-3,4],[-3,0],[-5,-2],[-4,-4],[-2,-5],[-1,-16],[-4,-2],[-4,2],[-7,3],[-8,5],[-5,1],[-4,-1],[-5,1],[-11,8],[-3,0],[-9,-3],[-2,1],[-3,2],[-2,4],[-4,6],[-5,2],[-6,0],[-3,2],[-1,3],[2,5],[4,5],[5,0],[0,2],[-6,12],[-21,25],[-18,24],[-2,5],[-2,8],[4,5],[2,5],[0,6],[-1,2],[-3,3],[-10,1],[-2,4],[0,1],[2,2],[1,0],[10,4],[1,-1],[2,2],[1,-1],[2,1],[9,4],[2,6],[-3,16],[-7,12],[-7,12],[-4,10],[-7,10],[0,1],[-48,58],[-1,4],[-1,8],[3,-2],[10,-15],[15,-16],[14,-11],[7,-3],[8,-8],[12,-18],[6,-5],[8,-6],[14,-5],[14,-8],[47,-39],[21,-10],[2,-1],[3,0],[6,-4],[11,-11],[5,0],[9,5],[3,-3],[6,-12],[10,-15],[4,-9],[3,-11],[0,-9],[1,-5],[2,-4],[8,-7],[6,-3],[9,-1],[7,3],[6,7],[3,2],[5,0],[9,-7],[6,-10],[11,-11],[2,-1],[6,-5],[4,-1],[4,-3],[5,-1],[7,0],[11,8],[4,7],[2,19],[7,27],[6,15],[7,25],[2,4],[4,4],[5,13],[1,6],[-4,9],[4,11],[0,16],[1,6],[2,4],[4,5],[2,5],[3,13],[11,17],[5,12],[7,15],[1,3],[3,6],[3,9],[6,33],[11,19],[4,13],[4,7],[7,5],[34,26],[20,13],[11,9],[23,14],[39,30],[6,4],[0,-21],[3,-7],[4,-3],[8,-1],[4,1],[2,-1],[10,3],[3,-2],[0,-3],[-7,-7],[-11,-5],[-6,-1],[-12,2],[-5,-1],[-3,-3],[0,-5],[-7,-2],[-4,-5],[-2,-4],[1,-6],[4,-5],[6,-13],[0,-4],[-3,-6],[2,-11],[-3,-9],[-3,-6],[-10,-10],[-2,-1],[-3,-4],[0,-2],[1,-3],[4,-5],[3,-2],[5,-1],[8,1],[9,4],[9,0],[3,2],[0,2],[-5,9],[1,3],[3,1],[6,-1],[19,-11],[13,-4],[4,-2],[12,-9],[10,1],[6,4],[17,8],[12,6],[15,11],[16,9],[7,0],[4,-2],[7,-1],[4,1],[8,2],[8,6],[8,4],[30,6],[24,10],[32,17],[32,23],[21,19],[23,15],[20,7],[12,3],[31,6],[25,0],[10,-2],[12,-7],[14,-17],[26,-29],[9,-13],[3,-9],[-1,-21],[4,-21],[0,-12],[1,-11],[5,-31],[3,-4],[8,-1],[12,1],[5,2],[11,3],[15,-2],[21,8],[30,9],[74,14],[23,7],[14,6],[16,4],[31,4],[21,6],[22,2],[21,0],[18,-2],[29,-6],[35,-1],[34,0],[13,2],[14,3],[16,6],[8,4],[1,1],[5,4],[7,7],[3,5],[1,4],[0,8],[-1,1],[-1,3],[-14,24],[-4,20],[-2,23],[-2,9],[-3,6],[-14,16],[-11,11],[-5,2],[-11,8],[-7,3],[-5,5],[-4,9],[1,4],[0,4],[-1,1],[-28,10],[-18,10],[-25,18],[-16,16],[-33,26],[-42,35],[-18,17],[-40,33],[-17,16],[-8,6],[-34,29],[406,292],[79,57],[309,223],[-15,33],[-15,33],[-1,16],[-3,9],[-5,6],[-4,3],[-3,2],[-7,2],[-6,5],[-3,9],[-8,35],[-5,11],[-4,5],[-14,11],[-14,9],[-2,3],[-33,18],[-30,11],[-12,5],[-25,16],[-17,14],[-7,4],[-6,2],[-7,-1],[-169,-129],[-50,-38],[-160,-123],[-22,-16],[-297,-207],[-109,-76],[-5,8],[-11,14],[-10,11],[-37,35],[-16,19],[-24,33],[-9,10],[-15,14],[-5,2],[-22,19],[-28,26],[-25,28],[-22,27],[-5,4],[-13,13],[-10,17],[-8,20],[-21,36],[-7,10],[-13,11],[-19,19],[-15,11],[-17,13],[-2,3],[-1,0],[-9,9],[-14,11],[-4,2],[-12,9],[-32,18],[-52,41],[-9,5],[-3,1],[-11,6],[-13,5],[-47,26],[-8,6],[-12,12],[-11,15],[-9,19],[-4,13],[-6,10],[-4,5],[-4,2],[-4,3],[-7,12],[-12,30],[-5,18],[-12,43],[-4,16],[-1,4],[-6,29],[-3,6],[-4,17],[-3,9],[-5,19],[-12,37],[-3,16],[-4,13],[-9,21],[-15,23],[-10,13],[-8,12],[-11,14],[-5,7],[-4,9],[-3,12],[0,6],[-7,34],[-10,40],[-3,18],[-1,2],[-1,19],[0,32],[4,26],[5,11],[12,16],[16,15],[23,18],[21,12],[20,13],[18,15],[9,8],[11,13],[8,14],[7,14],[3,3],[13,29],[3,14],[3,21],[0,1],[2,5],[3,23],[0,5],[-3,1],[-20,-6],[-15,-7],[-5,-6],[-2,-7],[-1,-22],[-2,-5],[1,-11],[-2,-5],[-4,-3],[-10,-1],[-15,-5],[-6,-6],[-9,-12],[-4,-3],[-5,-1],[-12,0],[-12,-4],[-4,0],[-20,10],[-4,1],[-5,-2],[-3,1],[-5,3],[-3,4],[-7,3],[-7,1],[-3,-1],[-4,-6],[-7,-2],[-3,3],[0,4],[-2,2],[-9,-1],[-8,0],[-6,1],[-1,3],[1,3],[3,2],[4,2],[13,4],[4,4],[1,4],[-3,4],[0,3],[2,6],[0,4],[-2,2],[-6,3],[-31,10],[-17,3],[-15,0],[-7,4],[-4,8],[-5,2],[-7,0],[-9,-3],[-7,0],[-16,4],[-20,0],[-28,5],[-5,1],[-17,1],[-5,-1],[-2,-5],[0,-3],[7,-9],[0,-5],[0,-2],[-6,-4],[-9,0],[-3,0],[-2,-3],[1,-7],[-2,-1],[-3,-1],[-19,13],[-10,1],[-4,-2],[-5,0],[-2,1],[-3,2],[-1,3],[4,10],[0,3],[-3,1],[-6,-3],[-2,0],[-2,2],[-1,5],[2,11],[0,4],[-2,3],[-6,1],[-10,0],[-6,7],[-7,2],[-6,0],[-5,2],[-12,8],[-4,5],[-4,10],[-1,14],[1,15],[6,19],[5,3],[9,0],[5,-1],[0,-1],[10,-3],[26,-7],[9,-3],[15,-1],[8,2],[7,4],[1,2],[-3,8],[1,5],[4,4],[6,5],[7,3],[12,1],[3,-1],[16,-7],[6,-1],[7,1],[2,2],[2,4],[0,5],[-3,12],[0,7],[2,16],[2,13],[7,28],[2,20],[1,7],[6,14],[7,11],[7,8],[15,11],[4,5],[3,7],[-2,6],[-5,8],[-1,4],[0,11],[-3,12],[-3,7],[-6,11],[-2,5],[-7,10],[-6,11],[-3,4],[-11,9],[-29,16],[-12,8],[-10,4],[-7,1],[-3,-1],[-7,-4],[-4,-1],[-2,1],[-4,7],[-1,4],[0,5],[2,9],[2,15],[2,22],[1,4],[3,5],[12,2],[5,4],[4,11],[4,23],[11,28],[3,9],[3,6],[2,2],[3,0],[14,6],[6,5],[5,10],[8,16],[4,15],[20,47],[19,31],[9,19],[5,16],[6,10],[2,7],[0,8],[-4,4],[-12,5],[-124,47],[-37,15],[-85,34],[-134,51],[-23,10],[-9,5],[-3,0],[-14,-2],[6,27],[-37,0],[-91,-1],[-51,12],[-116,26],[-16,9],[-18,3],[-59,10],[-15,0],[-14,0],[-9,3],[-18,3],[-35,0],[-14,3],[-12,0],[-6,2],[-4,3],[-13,5],[-6,1],[-6,-4],[-3,-4],[-1,-8],[-5,-7],[-8,-3],[-13,-2],[-5,-3],[-2,-4],[1,-4],[5,-10],[0,-4],[-2,-1],[-33,7],[-22,3],[-19,0],[-11,2],[-10,-1],[-20,3],[-16,7],[-32,23],[-14,7],[-24,9],[-39,7],[-5,2],[-5,4],[-5,9],[-2,2],[-3,1],[-5,-2],[-3,-5],[-1,-6],[0,-6],[-1,-4],[-3,-3],[-3,1],[-15,17],[-7,3],[-5,1],[-4,-1],[-31,-14],[-19,-6],[-12,-4],[-7,-2],[-3,-1],[-25,-9],[-19,-4],[-6,-1],[-10,2],[-6,3],[-10,7],[-2,0],[-5,-1],[-2,-3],[-4,-3],[-6,-1],[-7,0],[-10,2],[-4,4],[-35,17],[-20,11],[-5,2],[-4,0],[-2,-1],[-50,21],[-11,31],[-10,31],[-44,45],[-158,15],[-117,2],[-86,1],[-9,-1],[-29,36],[-33,46],[-26,32],[-10,11],[-18,17],[-12,8],[-12,12],[-27,25],[-8,8],[-20,19],[-34,36],[-11,13],[-5,3],[-4,3],[-27,25],[-30,37],[-26,25],[-17,15],[-52,53],[-9,8],[-30,29],[-14,15],[-13,17],[-11,17],[-4,9],[-10,21],[-3,9],[-6,29],[-5,18],[-6,17],[-9,3],[-264,-35],[-38,-5],[-4,7],[-5,7],[-71,0],[-6,0],[-26,1],[-10,-2],[-40,-1],[-11,0],[-58,-7],[-40,-4],[-38,-6],[-41,-4],[-5,-2],[-1,1],[-6,-1],[-10,-2],[-150,-19],[-75,-9],[-61,-6],[-51,-4],[-15,-16],[-30,35],[14,12],[-15,19],[-16,19],[5,4],[28,23],[76,63],[45,31],[-2,22],[-10,123],[-3,-1],[-157,-43],[-39,-13],[-81,-61],[-88,-78],[-12,-23],[-9,-30],[-16,-25],[-11,-14],[-11,-15],[-21,-14],[-20,-14],[-29,-31],[-2,-12],[-15,-45],[-12,-12],[-11,-11],[-28,-36],[-27,-36],[-20,-11],[-19,-10],[-41,15],[-26,-5],[-13,-8],[-72,-46],[-29,-19],[-21,-25],[-45,94],[-23,48],[-111,-54],[-23,-13],[-124,-70],[-32,113],[-16,53],[-11,54],[-5,46],[15,71],[0,32],[-133,-51],[-234,-91],[-156,-53],[0,4],[5,40],[18,35],[-88,-10],[-77,-9],[-61,-7],[-15,-24],[-133,-14],[-29,-3],[-35,-29],[-1,-17],[-75,-12],[-69,-11],[-70,-13],[4,-23],[-43,-14],[-53,-18],[-13,-4],[-36,-8],[-14,-3],[-25,-6],[-2,0],[0,13],[-6,-2],[-21,-5],[-31,-12],[-62,-15],[-59,-26],[-136,-58],[-227,-104],[-186,-86],[-268,-135],[-59,-30],[-457,-235],[-135,-84],[4,26],[-142,-107],[-82,-72],[-331,-156],[-72,-34],[-5,-3],[-4,-4],[-6,-2],[-4,1],[-2,3],[1,3],[3,2],[-4,7],[3,20],[2,12],[1,15],[10,18],[10,15],[4,4],[8,9],[32,31],[11,13],[20,19],[6,11],[3,28],[0,10],[2,9],[0,34],[1,20],[4,14],[4,10],[12,22],[6,13],[2,7],[-2,25],[0,20],[7,67],[4,21],[5,21],[3,18],[2,41],[3,16],[4,13],[21,52],[-1,1],[4,14],[2,10],[-1,8],[-3,9],[-13,19],[-3,2],[-5,4],[-13,4],[-5,3],[-6,1],[-9,3],[-3,4],[-4,10],[-4,6],[-1,3],[-13,21],[-13,16],[-23,23],[-16,13],[-9,5],[-15,7],[-16,10],[-14,11],[-27,19],[-12,9],[-15,16],[-23,27],[-13,19],[-11,20],[-22,44],[-11,17],[-10,11],[-23,20],[-20,23],[-8,13],[-9,25],[0,2],[-11,29],[-6,26],[-9,21],[-7,15],[-23,45],[-20,40],[-16,30],[-24,18],[-23,22],[-65,109],[-3,6],[-32,60],[-12,21],[-9,19],[-10,18],[-33,50],[-21,30],[-6,10],[-6,14],[-3,6],[-14,29],[-6,9],[-9,18],[-38,67],[-4,5],[-12,20],[-14,27],[-3,4],[-3,2],[-1,-2],[-3,-1],[-7,-3],[-4,0],[-4,0],[-11,-3],[-9,-4],[-39,-14],[-24,-9],[-14,-5],[-65,-24],[-35,-13],[-13,-4],[-11,-6],[-55,-20],[-12,-4],[-23,70],[-48,150],[-5,12],[-14,46],[-7,18],[-29,90],[-38,114],[-26,75],[-9,33],[-14,41],[-50,159],[-97,297],[-2,3],[-4,-1],[-2,1],[-2,-1],[-8,-1],[-10,-4],[-45,-16],[-20,-7],[0,-1],[-9,-2],[-34,-12],[-29,-8],[-26,-10],[-43,-15],[-70,-22],[-24,-5],[-19,-2],[-18,-2],[-12,1],[-28,-2],[-15,-2],[-11,-2],[5,37],[2,20],[1,7],[1,32],[3,29],[1,46],[-2,21],[0,8],[-4,29],[1,9],[0,6],[2,19],[3,12],[4,7],[1,8],[0,6],[-5,12],[-7,11],[-12,32],[-4,20],[-1,17],[-3,9],[-6,17],[-1,6],[-6,22],[-2,5],[-3,4],[-6,6],[-9,6],[-8,14],[-12,12],[-10,7],[-27,24],[-63,44],[-31,26],[-5,3],[-17,1],[-15,5],[-12,5],[-15,8],[-18,16],[-6,3],[-6,4],[-10,6],[-34,18],[-47,33],[-12,10],[-7,7],[-5,8],[-1,3],[-4,8],[-10,12],[-10,16],[-5,11],[-11,31],[-7,14],[-31,61],[-12,29],[-7,19],[-7,26],[-4,26],[-2,5],[0,6],[-4,19],[-4,17],[-3,8],[-6,15],[-5,22],[-19,47],[-3,5],[-4,5],[-7,1],[-5,3],[-10,11],[-7,10],[-6,17],[-3,16],[-1,18],[0,7],[4,14],[10,15],[4,9],[1,13],[-19,30],[-8,17],[-19,30],[-6,13],[-16,28],[-14,15],[-10,10],[-6,7],[-4,2],[-18,0],[-20,-5],[-37,-5],[-51,-4],[-28,-4],[-35,-8],[-33,-6],[-12,-2],[-81,-8],[-54,-8],[-16,-1],[-21,-4],[-42,-4],[-21,-3],[-15,-5],[-22,-2],[-21,-4],[-80,-24],[-10,-2],[-37,-8],[-8,-4],[-24,-8],[-7,-1],[-1,0],[-1,1],[-19,-4],[-28,-4],[-15,-2],[-37,-10],[-29,-7],[-26,-7],[-10,-4],[-13,-7],[-11,-8],[-9,-9],[-17,-19],[-17,-17],[-20,-18],[-48,-57],[-13,-16],[-41,-43],[-63,-81],[3,-26],[-4,-14],[-136,134],[-39,-68],[-4,-46],[-27,-18],[-66,-7],[-26,-13],[-27,65],[54,12],[-14,73],[-59,2],[2,76],[-14,8],[-34,67],[-19,-4],[-4,21],[38,8],[-4,23],[12,29],[19,2],[-2,21],[-64,-7],[-8,17],[-18,1],[-8,17],[-1,33],[41,2],[74,10],[60,23],[19,57],[-1,38],[-15,6],[-15,-2],[-18,120],[-12,5],[-49,21],[-28,7],[-20,0],[-12,-10],[-8,-27],[-22,-25],[-42,-26],[-21,1],[-16,1],[-10,-13],[-12,-9],[-15,1],[-26,23],[-34,50],[-25,51],[-16,20],[5,6],[3,5],[2,6],[1,13],[4,17],[0,5],[-1,6],[-19,29],[-6,13],[-1,10],[2,11],[4,10],[7,10],[6,17],[7,32],[4,37],[8,10],[4,3],[6,2],[15,2],[13,6],[8,13],[2,9],[0,21],[3,15],[-1,10],[-3,6],[-4,4],[-13,13],[-7,7],[-2,4],[-1,4],[0,5],[2,6],[7,16],[8,12],[5,13],[3,10],[2,13],[-3,14],[-7,28],[-11,25],[-3,10],[0,16],[1,9],[0,20],[-2,15],[-3,18],[-4,18],[-6,19],[-8,31],[-2,4],[-6,28],[-1,27],[-5,25],[-4,37],[-8,56],[-2,23],[-4,23],[-4,16],[-11,70],[0,6],[-5,34],[-4,42],[-8,55],[0,4],[-4,43],[-6,34],[-5,37],[-5,41],[-6,40],[-2,10],[-5,35],[-10,58],[-10,71],[-3,12],[-11,88],[-5,149],[-4,36],[-4,59],[-5,37],[-7,43],[-2,10],[1,34],[-1,42],[-1,15],[0,14],[-2,46],[-1,4],[0,1],[-1,9],[-2,46],[0,20],[-1,22],[-8,105],[-3,20],[-1,23],[-3,18],[-4,18],[-3,16],[-1,19],[-1,7],[-3,34],[-9,39],[-10,44],[-4,43],[-3,33],[-9,117],[-2,14],[-1,18],[-1,1],[-4,48],[0,13],[-3,32],[-1,11],[-6,72],[0,9],[-4,31],[0,12],[-2,19],[-13,155],[0,4],[-2,13],[-1,17],[0,3],[-1,1],[-1,16],[-7,75],[-6,51],[-1,2],[-4,23],[-4,15],[-3,5],[-5,3],[-2,-1],[-27,-16],[-32,-27],[-93,-85],[-39,-33],[-35,-32],[-13,-12],[-120,33],[-80,22],[-106,30],[-4,-23],[-26,-143],[-5,2],[-6,2],[27,154],[26,155],[50,268],[44,258],[72,430],[86,454],[22,143],[24,84],[21,48],[3,124],[20,139],[18,92],[12,78],[55,346],[74,471],[123,779],[-366,2],[-436,2],[-258,2],[4,4],[4,7],[2,8],[1,6],[-3,4],[-6,6],[-8,4],[-8,1],[-10,-4],[-10,0],[-8,4],[-3,3],[-1,10],[0,5],[2,7],[1,7],[-3,14],[-4,6],[-4,3],[-11,4],[-17,-3],[-15,-5],[-19,-1],[-6,2],[-7,7],[-12,20],[-4,5],[-4,2],[-11,-1],[-8,6],[-4,5],[-1,5],[1,10],[11,26],[1,5],[0,6],[-4,6],[-2,2],[-3,1],[-10,1],[-9,6],[-5,6],[-1,4],[0,1],[-1,10],[3,5],[7,5],[16,9],[11,10],[15,21],[10,25],[2,9],[-7,27],[-1,12],[1,3],[-1,41],[-3,11],[-3,8],[-3,16],[-3,8],[-4,5],[-5,0],[-11,-1],[-18,-10],[-8,0],[-11,3],[-22,15],[-14,5],[-4,3],[-3,5],[-1,7],[0,24],[-2,13],[1,13],[3,6],[4,5],[4,2],[7,0],[4,0],[13,-3],[2,-2],[7,-2],[12,-6],[7,-4],[11,-5],[8,3],[6,6],[1,6],[-2,4],[-5,10],[0,7],[3,3],[5,3],[8,4],[10,2],[15,14],[16,10],[6,7],[4,9],[1,10],[-2,5],[-6,16],[-6,9],[-6,6],[-15,8],[-5,3],[-12,-1],[-6,2],[-8,1],[-7,5],[-2,3],[-1,10],[2,3],[12,8],[7,6],[12,18],[2,5],[0,4],[0,6],[-2,4],[-4,3],[-15,0],[-5,1],[-9,7],[-13,12],[-9,6],[-8,0],[-14,3],[-14,6],[-9,6],[-6,1],[-22,3],[-3,1],[-6,6],[-5,8],[-1,6],[0,7],[2,7],[2,14],[0,9],[-2,4],[-4,10],[-6,6],[-18,11],[-7,6],[-6,13],[-1,10],[1,6],[19,16],[6,4],[7,8],[13,19],[5,12],[3,14],[0,20],[-1,6],[-6,15],[-20,25],[-9,16],[-5,7],[-13,6],[-27,-4],[-14,-4],[-4,0],[-3,2],[-4,3],[-1,9],[0,9],[2,9],[5,11],[2,13],[-1,11],[-2,12],[-3,7],[-2,3],[-17,11],[-12,10],[-3,3],[-3,5],[-1,9],[4,27],[0,11],[-3,12],[-6,9],[0,5],[3,8],[6,8],[19,18],[4,5],[3,6],[1,7],[-1,11],[-3,5],[-11,19],[-13,15],[-10,23],[-4,11],[-1,11],[1,9],[2,5],[12,10],[5,6],[4,8],[1,9],[2,9],[4,9],[3,4],[6,6],[11,4],[9,6],[4,5],[3,6],[1,6],[-2,5],[-6,8],[-7,3],[-12,3],[-3,1],[-7,8],[-2,6],[2,8],[4,4],[5,1],[5,-1],[11,-1],[6,3],[2,4],[2,17],[-1,12],[-1,14],[-3,13],[-6,20],[-5,5],[-4,3],[-10,3],[-4,0],[-7,1],[-26,-1],[-12,1],[-7,3],[-6,7],[-2,7],[1,11],[4,8],[13,23],[5,14],[2,7],[-1,4],[0,0],[-1,6],[-2,3],[-6,5],[-7,2],[-4,-1],[-9,1],[-24,-2],[-8,1],[-11,6],[-5,6],[-2,5],[0,4],[4,10],[3,5],[7,7],[12,6],[7,2],[5,2],[13,12],[4,12],[-1,8],[-4,9],[-5,11],[-7,8],[-7,2],[-8,-1],[-8,0],[-10,0],[-10,2],[-8,5],[-4,5],[-3,6],[-1,10],[-4,11],[-1,3],[0,4],[3,13],[2,4],[5,7],[6,7],[6,4],[6,6],[7,10],[3,6],[0,5],[-2,8],[-4,6],[-5,5],[-13,7],[-11,1],[-13,-4],[-15,-11],[-8,-5],[-6,-2],[-6,0],[-24,14],[-13,11],[-8,4],[-6,2],[-16,1],[-8,0],[-1,-1],[-27,0],[-4,1],[-13,7],[-4,7],[0,5],[4,12],[0,8],[-3,4],[-9,7],[-4,5],[-1,5],[2,11],[4,5],[4,5],[13,7],[4,4],[3,5],[6,13],[3,16],[3,41],[-1,4],[0,8],[3,10],[2,4],[3,3],[9,4],[8,2],[15,-1],[2,-1],[5,3],[1,-1],[2,4],[2,6],[-2,14],[-2,6],[0,6],[-4,8],[-1,17],[-2,9],[-5,9],[-3,3],[-7,2],[-16,-7],[-8,0],[-2,3],[-5,12],[-3,10],[1,9],[-2,10],[1,15],[-1,11],[1,10],[-1,19],[-4,13],[-5,13],[0,7],[5,14],[5,19],[1,8],[-1,17],[1,5],[4,14],[7,15],[3,13],[0,7],[-3,9],[0,5],[4,7],[11,5],[5,6],[8,15],[1,5],[-1,5],[-2,12],[-2,2],[0,3],[-11,20],[-14,18],[-15,18],[-9,9],[-10,5],[-17,5],[-15,2],[-6,2],[-4,4],[-3,3],[-2,5],[2,6],[6,6],[6,2],[3,3],[4,7],[1,6],[0,4],[1,13],[1,13],[0,14],[-3,20],[-2,6],[-1,9],[-2,4],[-4,15],[-5,19],[-6,17],[-2,8],[0,15],[4,33],[0,11],[-1,9],[-3,11],[-9,14],[-3,14],[1,13],[3,7],[4,5],[12,13],[23,16],[3,6],[0,12],[-2,7],[-3,5],[-7,7],[-8,4],[-8,2],[-9,6],[-5,6],[-4,10],[0,9],[2,6],[7,12],[11,22],[4,15],[-4,6],[-5,4],[-4,0],[-17,-4],[-7,-4],[-5,-1],[-5,-4],[-5,-1],[-4,-3],[-7,-2],[-16,-2],[-7,4],[-5,5],[-8,11],[-1,4],[-11,16],[-7,16],[-2,6],[0,4],[3,7],[0,4],[7,12],[-1,4],[-3,4],[-6,3],[-8,4],[-4,5],[-2,4],[-1,7],[-1,17],[-6,11],[-10,11],[-17,13],[-28,24],[-6,4],[-5,1],[-14,-9],[-18,-3],[-15,3],[-5,3],[-2,3],[-1,6],[5,8],[9,5],[6,6],[0,9],[-1,4],[-12,12],[-11,26],[-5,6],[-4,15],[-1,21],[-3,7],[-5,4],[-4,10],[0,8],[1,4],[19,21],[9,5],[6,11],[0,8],[-3,5],[-6,8],[-3,1],[-4,0],[-15,-12],[-4,-5],[-4,-2],[-7,2],[-4,5],[-5,2],[-3,1],[-4,-2],[-4,-2],[-18,-14],[-5,-3],[-7,-1],[-10,1],[-31,2],[-12,3],[-15,4],[-5,3],[-4,3],[-5,9],[-4,12],[-7,7],[-3,2],[-11,-2],[-8,-3],[-18,-6],[-8,-1],[-14,2],[-6,3],[-6,5],[-8,10],[-4,9],[-2,6],[2,13],[4,8],[4,3],[2,4],[0,4],[-1,3],[-4,3],[-6,1],[-7,0],[-2,1],[-13,0],[-1,-1],[-7,-2],[-4,3],[-4,6],[-1,8],[0,4],[5,11],[1,10],[-2,7],[-3,3],[-27,-4],[-6,1],[-4,3],[-3,3],[-4,8],[-6,32],[-6,12],[-4,5],[-9,1],[-3,0],[-4,-2],[-3,-4],[-5,-16],[-8,-16],[-6,-14],[-4,-19],[-9,-28],[-2,-12],[0,-6],[-4,-14],[-4,-6],[-9,-9],[-8,-4],[-5,-1],[-14,-2],[-15,1],[-6,3],[-1,2],[-1,5],[3,6],[11,8],[4,5],[4,6],[5,13],[1,10],[5,22],[1,10],[-2,4],[-1,1],[-4,1],[-6,-1],[-4,-2],[-7,-7],[-4,-8],[-6,-8],[-9,-5],[-4,-2],[-4,0],[-3,4],[-1,5],[-4,7],[-6,7],[-16,11],[-12,6],[-3,1],[-12,9],[-10,10],[-10,11],[-6,15],[-4,17],[-1,30],[-3,16],[-4,13],[-11,22],[-3,7],[-1,7],[-1,5],[1,12],[-2,17],[0,8],[-2,10],[-4,9],[-6,8],[-6,18],[-5,9],[-6,5],[-4,1],[-4,-1],[-3,-2],[-1,-3],[-10,-19],[-1,-4],[-8,-9],[-11,-8],[-5,-6],[-4,-1],[-2,1],[-3,0],[-3,2],[-3,4],[-1,5],[2,14],[-1,14],[-2,8],[-1,3],[-6,5],[-6,3],[-11,2],[-11,4],[-8,8],[-7,13],[-6,8],[-8,6],[-2,2],[-16,6],[-8,4],[-4,3],[-7,9],[-4,18],[-1,9],[3,7],[3,2],[7,2],[10,-1],[10,-7],[4,-3],[12,-16],[8,-9],[9,-5],[5,0],[4,2],[4,1],[4,2],[3,1],[27,16],[3,2],[1,4],[1,2],[-1,4],[-4,5],[-7,5],[-15,3],[-7,4],[-9,13],[-6,6],[-5,2],[-8,3],[-10,-2],[-11,0],[-4,1],[-9,5],[-3,4],[-2,6],[3,6],[5,5],[2,4],[1,-1],[9,13],[2,9],[0,6],[-7,30],[0,10],[5,19],[5,7],[4,1],[4,-2],[2,-2],[7,-13],[5,-18],[5,-5],[5,-4],[11,-5],[7,0],[5,1],[11,6],[5,6],[9,9],[5,6],[6,12],[0,8],[-2,8],[-7,7],[-8,5],[-3,4],[-1,3],[0,3],[2,3],[2,2],[3,0],[14,-5],[15,-1],[8,3],[6,5],[2,5],[1,5],[-1,4],[-2,3],[-3,3],[-7,1],[-13,3],[-3,-1],[-7,2],[-3,4],[-2,6],[1,4],[3,5],[10,7],[7,3],[5,5],[2,5],[0,4],[-4,13],[-5,7],[-6,4],[-3,1],[-4,0],[-9,-1],[-9,-5],[-5,-5],[-8,-16],[-10,-27],[-2,-9],[-5,-11],[-6,-5],[-6,-3],[-5,1],[-6,5],[-1,8],[0,6],[1,7],[1,37],[-2,12],[-3,7],[-3,1],[-3,-1],[-5,-6],[-6,-9],[-5,-5],[-3,-1],[-8,-1],[-2,1],[-4,3],[-3,7],[-2,16],[1,26],[2,8],[4,10],[2,18],[0,18],[-2,11],[-3,7],[-3,3],[-7,1],[-5,2],[-8,1],[-8,0],[-6,-2],[-3,-3],[-4,-8],[-4,-11],[-7,-31],[1,-2],[-5,-19],[-2,-12],[-4,-10],[-3,-3],[-4,-3],[-6,-1],[-7,1],[-6,10],[-3,3],[-6,11],[-1,9],[1,4],[0,3],[1,2],[2,9],[3,4],[3,1],[5,-1],[4,5],[3,5],[2,10],[0,12],[-6,12],[-8,11],[-3,0],[-5,-5],[0,-4],[-3,-10],[-12,-18],[-4,-4],[-6,-5],[-9,-2],[-4,2],[-6,6],[-3,7],[-1,9],[-2,8],[-8,9],[-2,1],[-8,1],[-8,-1],[-7,1],[-13,6],[-6,6],[-2,6],[-1,6],[3,9],[3,5],[5,5],[10,5],[22,16],[3,4],[2,3],[-1,6],[-1,2],[-8,3],[-11,-1],[-15,-5],[-5,-1],[-6,3],[-2,2],[-2,5],[2,7],[4,6],[7,4],[8,9],[15,33],[4,19],[-1,17],[1,9],[-2,5],[-6,14],[-1,5],[-3,3],[-4,0],[-2,-1],[-9,-14],[-7,-15],[-8,-19],[-5,-8],[-2,-3],[-3,-2],[-4,-1],[-7,2],[-7,7],[-6,8],[-4,11],[2,5],[6,7],[4,3],[7,3],[5,4],[1,5],[-2,7],[-4,4],[-10,9],[-7,1],[-7,-1],[-15,-10],[-12,0],[-11,6],[-4,7],[-1,6],[1,4],[5,8],[5,5],[1,4],[-1,5],[-7,7],[0,4],[6,22],[0,6],[1,7],[3,6],[2,2],[3,0],[6,-5],[9,-9],[13,-8],[6,-2],[6,1],[2,2],[4,9],[0,5],[-3,11],[-3,7],[-12,14],[-1,9],[2,5],[4,5],[6,3],[10,3],[9,11],[-2,12],[-8,12],[-2,5],[4,18],[1,22],[0,1],[-3,3],[-3,2],[-7,0],[-14,-7],[-16,-10],[-19,-4],[-16,-2],[-4,-2],[-7,-8],[-4,-2],[-2,1],[-4,3],[-5,11],[-3,4],[-5,1],[-10,2],[-4,2],[-5,8],[-4,7],[-2,8],[1,9],[2,5],[2,3],[4,3],[7,0],[8,-3],[8,0],[4,1],[4,4],[2,3],[3,8],[-1,12],[-4,5],[-2,1],[-5,-1],[-10,-2],[-7,-3],[-5,0],[-1,-1],[-8,-1],[-4,2],[-10,0],[-10,4],[-7,8],[-2,6],[-1,5],[0,4],[3,4],[6,2],[15,0],[9,2],[20,9],[2,3],[1,4],[-1,4],[-3,6],[-4,6],[-10,9],[-6,11],[-4,12],[1,9],[2,6],[3,4],[8,3],[5,0],[8,-2],[7,0],[7,2],[3,2],[9,8],[1,2],[0,5],[-1,4],[-1,3],[-5,3],[-15,0],[-10,-1],[-8,1],[-10,5],[-4,3],[-4,5],[-1,5],[6,5],[23,3],[14,6],[3,3],[3,7],[0,9],[-3,7],[-4,5],[-12,5],[-6,6],[-3,7],[-4,14],[-3,5],[-7,5],[-10,1],[-2,-1],[-6,3],[-4,5],[0,6],[4,9],[2,3],[3,1],[16,-2],[12,3],[5,4],[2,10],[0,6],[-2,11],[0,4],[2,5],[8,8],[3,0],[3,-1],[8,-7],[7,-3],[6,0],[7,2],[5,3],[4,7],[2,7],[1,11],[-1,9],[-2,5],[-5,4],[-4,2],[-11,-1],[-17,4],[-6,0],[-11,-4],[-3,-2],[-8,-1],[-3,1],[-3,4],[-4,5],[-3,10],[-1,17],[-2,5],[-7,5],[-4,0],[-2,0],[-4,-3],[-6,-2],[-3,-3],[-8,-12],[-4,-10],[-9,-7],[-2,0],[-4,1],[-3,3],[-1,7],[2,4],[-2,23],[-4,9],[-9,-6],[-11,-8],[-2,-2],[-6,-3],[-15,1],[-10,6],[-7,7],[-2,5],[0,5],[3,8],[5,6],[12,10],[5,7],[4,3],[15,8],[7,7],[3,5],[0,3],[-3,12],[-7,8],[-12,12],[-7,5],[-4,1],[-4,-3],[-2,-4],[-2,-11],[0,-18],[-3,-6],[-4,-3],[-12,0],[-10,6],[-11,9],[-10,14],[-1,0],[-1,3],[-7,7],[-8,5],[-17,9],[-4,3],[-1,3],[0,4],[3,4],[11,4],[8,5],[4,4],[6,3],[24,16],[-1,5],[-3,7],[-9,10],[-2,4],[0,3],[1,3],[8,6],[21,6],[0,3],[-3,6],[-7,4],[-5,1],[-2,5],[1,2],[11,11],[9,5],[5,6],[12,21],[0,7],[0,9],[-3,13],[-7,11],[-9,6],[-10,4],[-14,1],[-8,2],[-34,21],[-14,5],[-11,7],[-14,4],[-15,8],[-7,9],[-3,7],[-6,27],[-2,13],[0,12],[0,4],[-2,3],[-11,5],[-13,3],[-6,5],[-8,16],[-2,12],[3,17],[7,7],[13,10],[6,3],[2,2],[4,3],[8,4],[13,10],[4,0],[6,5],[4,1],[2,2],[2,8],[0,11],[-3,12],[-4,11],[-7,10],[-2,9],[-4,6],[-8,8],[-8,4],[-6,0],[-5,0],[-11,-7],[-7,-6],[-6,-14],[-5,-5],[-5,-3],[-5,0],[-16,3],[-7,5],[-6,8],[-3,9],[0,3],[1,3],[-1,4],[4,23],[2,6],[10,13],[-3,4],[-9,2],[-5,4],[-3,8],[0,7],[2,5],[10,13],[3,6],[6,8],[15,13],[7,8],[3,9],[0,21],[1,3],[3,2],[4,-2],[8,-4],[12,-1],[2,1],[4,3],[10,16],[12,15],[0,2],[-6,6],[-7,4],[-11,0],[-8,6],[-8,4],[-6,5],[-9,4],[-5,0],[-8,-2],[-16,-10],[-5,-4],[-2,0],[-4,4],[-4,6],[-3,8],[-1,5],[-3,5],[-2,8],[-1,7],[2,6],[4,6],[11,14],[4,2],[7,0],[-1,5],[-2,3],[-14,13],[-7,8],[-10,9],[-18,18],[-5,2],[-2,-1],[-18,-5],[-9,3],[-4,3],[-1,4],[0,8],[3,7],[-2,14],[1,16],[2,5],[10,10],[5,6],[2,6],[2,9],[15,24],[2,6],[1,7],[0,5],[-2,6],[-9,9],[-4,-1],[-3,-2],[-3,-4],[-7,-15],[-4,-12],[-4,-7],[-5,-4],[-5,-2],[-10,4],[-5,6],[-2,5],[-3,28],[1,24],[-2,7],[-4,2],[-3,1],[-5,-1],[-1,1],[-6,1],[-3,-1],[-4,2],[-5,-1],[-3,2],[-6,5],[-8,10],[-7,14],[-2,7],[0,6],[2,7],[4,11],[3,5],[6,6],[10,6],[10,3],[23,3],[11,-1],[13,-5],[18,-2],[11,3],[3,4],[1,7],[0,28],[-4,32],[-3,11],[-3,6],[-5,3],[-5,1],[-2,-1],[-2,1],[-8,0],[-5,6],[-4,19],[1,18],[-4,11],[-11,11],[-18,9],[-4,1],[-6,0],[-9,-7],[-3,0],[-4,3],[-2,6],[-6,34],[-1,26],[2,8],[2,1],[3,1],[5,-1],[6,-2],[8,-8],[7,-2],[5,1],[15,5],[13,11],[18,7],[2,2],[1,3],[0,2],[-6,5],[-25,8],[0,1],[-3,-1],[-9,3],[-7,4],[-2,9],[0,9],[3,10],[2,22],[1,3],[1,17],[-3,15],[-9,23],[-4,7],[-6,5],[-7,1],[-6,-2],[-1,-3],[0,-5],[6,-20],[-1,-6],[-2,-2],[-7,1],[-11,-1],[-4,1],[-4,1],[-3,2],[-25,26],[-6,10],[-1,5],[0,4],[4,8],[10,27],[2,2],[11,6],[16,1],[3,1],[2,2],[3,7],[1,4],[-2,9],[4,6],[4,5],[5,3],[6,2],[3,0],[15,2],[7,-1],[5,-2],[4,1],[7,3],[6,3],[5,5],[4,5],[-1,5],[-1,5],[-4,4],[-5,3],[-17,2],[-8,3],[-9,5],[-7,8],[-6,9],[-2,6],[-1,18],[1,4],[2,30],[0,59],[1,19],[2,13],[5,15],[4,15],[1,10],[1,11],[1,17],[-2,37],[-2,15],[-3,8],[-5,11],[-7,9],[-6,5],[-6,3],[-10,10],[-12,12],[-14,19],[-4,5],[-9,5],[-5,2],[-11,0],[-15,-2],[-11,1],[-8,1],[-13,6],[-31,22],[-15,5],[-11,0],[-8,-3],[-5,2],[-3,5],[-3,11],[1,20],[-4,36],[0,5],[-1,26],[1,8],[4,11],[1,0],[8,10],[10,16],[2,11],[2,13],[-1,8],[1,10],[-2,15],[1,28],[-3,25],[-5,16],[-10,20],[-3,9],[1,8],[4,15],[3,10],[8,10],[6,14],[0,4],[6,14],[-1,6],[-4,5],[-6,1],[-3,-2],[-16,-3],[-8,1],[-6,-2],[-11,0],[-5,2],[-5,4],[-3,13],[5,12],[1,11],[-3,10],[-3,9],[-19,18],[-6,6],[-12,20],[-7,18],[-1,9],[3,15],[0,33],[-2,12],[-4,9],[-7,11],[-18,22],[-8,12],[-1,5],[1,8],[3,8],[7,9],[7,6],[3,1],[14,12],[5,7],[1,4],[-1,8],[-7,11],[-7,19],[-6,26],[0,18],[2,24],[4,16],[4,10],[6,27],[3,26],[1,23],[0,28],[5,10],[8,14],[15,16],[21,19],[8,5],[11,5],[43,15],[17,9],[9,6],[6,7],[3,6],[1,5],[0,8],[1,5],[6,11],[14,14],[14,9],[6,7],[3,6],[-1,5],[-2,2],[-7,1],[-13,-3],[-11,6],[-4,5],[-6,9],[-2,4],[1,16],[-2,7],[-3,4],[-5,2],[-6,-5],[-11,-3],[-7,1],[-3,2],[-1,2],[-4,10],[0,4],[1,4],[0,6],[-3,9],[-4,5],[-12,9],[-8,10],[-4,6],[1,9],[3,7],[6,5],[13,6],[4,4],[0,4],[-3,7],[-7,7],[-11,2],[-5,-1],[-7,3],[-4,5],[-2,8],[2,19],[7,24],[4,22],[3,24],[2,39],[2,8],[5,11],[3,19],[-1,9],[0,10],[10,36],[2,10],[0,21],[0,9],[-5,16],[-9,22],[-10,14],[-3,3],[-4,7],[-1,4],[-2,14],[-7,15],[-15,21],[-15,17],[-13,17],[-23,45],[-14,19],[-3,5],[-1,5],[-2,7],[-7,20],[-17,37],[-6,18],[-13,26],[-10,28],[-10,36],[-10,48],[-10,75],[-3,37],[-1,29],[-1,12],[0,16],[0,14],[6,69],[10,47],[6,24],[11,35],[6,15],[15,31],[12,18],[12,15],[27,28],[25,20],[27,20],[30,21],[7,6],[12,7],[5,3],[-56,41],[-57,39],[-19,14],[-3,1],[-11,9],[-5,3],[-27,19],[-11,3],[-14,2],[-129,19],[-6,1],[-15,2],[-44,7],[-19,4],[-25,4],[-2,1],[-58,9],[-57,10],[-15,3],[0,14],[3,23],[1,8],[-53,1],[-14,3],[-20,10],[-31,21],[-22,16],[-29,17],[-38,25],[-2,0],[-12,6],[-39,24],[-38,27],[-32,20],[-58,42],[-2,0],[-18,13],[-18,10],[-27,13],[-8,7],[0,6],[9,3],[5,4],[8,13],[4,7],[4,10],[6,29],[5,39],[8,53],[4,18],[0,4],[8,44],[3,13],[0,4],[5,24],[3,38],[3,26],[6,33],[2,21],[1,30],[1,32],[2,7],[1,73],[1,7],[2,64],[0,16],[0,16],[3,54],[4,41],[2,61],[-2,16],[-8,21],[-17,36],[-20,39],[-9,23],[-6,18],[-3,9],[-13,50],[-2,14],[1,12],[4,14],[10,24],[19,34],[19,40],[3,13],[3,25],[-2,61],[-4,27],[-8,42],[-8,24],[-7,32],[-3,15],[-4,19],[-2,48],[-1,30],[3,25],[2,31],[4,44],[3,24],[4,21],[5,34],[5,18],[5,34],[2,7],[1,5],[2,6],[4,29],[24,87],[7,29],[5,35],[3,24],[0,6],[5,40],[-1,43],[-1,14],[-5,34],[-5,47],[-4,30],[-4,20],[-4,10],[-3,13],[-5,12],[-11,13],[-6,7],[-5,12],[-4,9],[-2,13],[-2,19],[0,6],[2,7],[4,9],[8,9],[26,12],[10,8],[8,9],[3,7],[7,35],[8,44],[0,9],[3,14],[1,7],[1,5],[5,34],[2,30],[-1,19],[0,14],[-6,62],[-1,22],[2,23],[8,55],[-1,10],[9,42],[1,21],[1,36],[-1,13],[-7,31],[-6,21],[-3,5],[-4,17],[-13,46],[-4,16],[-5,25],[-4,14],[-6,44],[-17,81],[-4,33],[-2,38],[-1,29],[-1,23],[1,32],[0,66],[-2,24],[-1,31],[1,10],[-2,20],[-1,65],[-2,46],[-1,6],[0,40],[-1,10],[-2,67],[5,47],[3,14],[1,1],[7,2],[35,3],[66,9],[21,1],[40,2],[16,1],[-3,82],[0,76],[-2,32],[1,4],[-2,4],[-4,3],[-7,2],[-7,1],[-41,9],[-4,-1],[-8,2],[-1,0],[-12,2],[-40,12],[-9,1],[-43,17],[-31,14],[-17,11],[-7,6],[-12,15],[-4,10],[-2,24],[0,24],[-6,22],[-3,7],[-2,7],[-4,20],[-15,39],[-3,11],[-7,13],[-10,10],[-25,21],[-9,5],[-4,5],[-3,9],[-10,38],[-5,37],[-4,46],[-5,21],[-7,19],[-21,42],[-7,25],[-3,9],[-10,53],[-3,40],[-4,43],[-1,39],[-6,35],[-9,36],[-2,14],[-2,23],[2,29],[2,22],[0,19],[-3,47],[-2,15],[-1,8],[-4,6],[-3,3],[-18,1],[-8,2],[-2,0],[-74,3],[-13,2],[-20,1],[-6,2],[-5,-1],[-16,3],[-18,1],[-38,0],[-28,1],[-50,0],[-2,3],[-35,-4],[-17,-3],[-14,-4],[-18,-7],[-16,-11],[-17,-14],[-9,-10],[-10,-12],[-17,-30],[-1,-4],[-9,-16],[-13,-31],[-21,-41],[-2,-5],[-18,-32],[-17,-41],[-7,-12],[-5,-5],[-14,-27],[-24,-55],[-4,-5],[-8,-6],[-8,-5],[-7,-2],[-9,0],[-15,8],[-8,6],[-7,10],[-3,8],[-3,13],[-5,10],[-8,26],[-2,11],[-4,11],[-18,63],[-28,81],[-2,15],[2,8],[15,31],[6,18],[6,14],[2,10],[0,10],[-4,19],[-15,37],[-19,40],[-6,10],[-9,13],[-3,4],[-12,9],[-7,3],[-22,9],[-85,28],[-65,25],[-4,0],[-16,6],[-30,9],[-42,15],[-67,20],[-30,10],[-27,7],[-18,5],[-5,1],[-3,3],[-6,0],[-3,-1],[-20,-1],[-4,-1],[-8,-1],[-15,-4],[-12,-7],[-11,-8],[-11,-9],[-9,-9],[-6,-8],[-2,-5],[-3,-7],[-2,-11],[-3,-18],[0,-43],[-1,-37],[2,-14],[0,-7],[-2,-6],[-7,-8],[-5,-2],[-4,-1],[-7,2],[-8,7],[-4,7],[-5,15],[-3,38],[1,2],[-7,28],[-5,14],[-21,32],[-8,16],[-5,7],[-2,7],[-8,15],[-7,12],[-12,14],[-15,16],[-23,27],[-14,14],[-38,33],[-17,19],[-13,12],[-10,8],[-23,14],[-35,23],[-1,0],[-32,19],[-11,4],[-15,9],[-3,1],[-9,7],[-15,12],[-19,18],[-35,40],[-6,6],[-6,4],[-7,5],[-9,6],[-10,4],[-13,-2],[-47,-16],[-7,-1],[-18,-6],[-24,-5],[-12,-4],[-6,-2],[-19,-3],[-9,-42],[-4,-12],[-6,-10],[-8,-8],[-11,-10],[-5,-8],[-1,-49],[-1,-16],[1,-5],[-1,-19],[-5,-29],[-6,-21],[-1,-8],[-1,-2],[-1,-10],[-2,-46],[1,-9],[2,-11],[3,-24],[13,-48],[3,-40],[-1,-11],[-2,-7],[-9,-17],[-16,-27],[-5,-13],[-10,-65],[-5,-25],[-1,0],[-12,-46],[-11,-25],[-9,-20],[-20,-34],[-7,-11],[-10,-18],[-15,-32],[-16,-19],[-2,-2],[-9,-13],[-2,-5],[-3,-11],[-1,-23],[-2,-14],[-17,-62],[-7,-31],[-18,-56],[-13,-43],[-11,-48],[-3,-18],[-1,-14],[-7,-38],[-21,-80],[-1,-8],[-10,-43],[-13,-34],[-1,-17],[1,-44],[0,-10],[-2,-11],[-1,-13],[-5,-10],[-9,-13],[-14,-12],[-3,-4],[-7,-11],[-4,-9],[-10,-38],[-5,-31],[0,-17],[-3,-15],[-7,-18],[-21,-32],[-10,-14],[-6,-9],[-8,-10],[-11,-16],[-20,-32],[-1,-4],[-19,-21],[-5,-6],[-2,-5],[-1,-15],[-12,-20],[-3,-9],[-2,-13],[-2,-25],[4,-43],[0,-27],[-2,-8],[-7,-21],[-3,-6],[-13,-18],[-22,-22],[-26,-22],[-20,-25],[-17,-21],[-11,-20],[-9,-21],[-17,-49],[-7,-17],[-18,-37],[-6,-7],[-9,-8],[-4,-5],[-2,-4],[-5,-15],[-1,-5],[0,-14],[3,-13],[-2,-6],[-13,-8],[-9,-11],[-6,-12],[-11,-25],[-10,-17],[-10,-19],[-9,-13],[-17,-19],[-12,-18],[-11,-14],[-23,-36],[-12,-22],[-13,-19],[-12,-15],[-12,-11],[-15,-12],[-4,-2],[-12,-9],[-7,-10],[-5,-12],[1,-17],[1,-1],[0,-5],[2,-5],[5,-10],[3,-14],[-12,-32],[-19,-38],[-20,-47],[-8,-15],[-5,-16],[-1,-16],[2,-29],[-1,-18],[-3,-9],[-6,-7],[-6,-14],[-3,-14],[-2,-11],[0,-9],[2,-17],[4,-11],[1,-2],[1,-20],[-3,-13],[-12,-29],[-7,-26],[-4,-37],[-5,-24],[-1,-10],[-4,-24],[-2,-27],[-4,-27],[-2,-14],[0,-11],[2,-20],[2,-6],[0,-11],[6,-19],[4,-4],[1,-7],[2,-4],[3,-11],[6,-14],[18,-28],[5,-10],[7,-18],[9,-17],[2,-7],[-1,-1],[2,-7],[4,-8],[1,-7],[-1,-8],[-3,-16],[19,-32],[16,-29],[18,-22],[18,-23],[22,-35],[18,-5],[9,-7],[9,-7],[3,-4],[5,-19],[6,-18],[9,-22],[9,-15],[16,-18],[3,-129],[2,-65],[8,-217],[-21,-109],[-113,12],[-46,-19],[-10,-45],[0,-60],[-1,-76],[0,-57],[4,-126],[-12,5],[-21,5],[-21,2],[-7,-1],[-6,-3],[-13,-6],[-12,-10],[-12,-6],[-15,-2],[-28,1],[-29,-2],[-33,-5],[-28,-2],[-16,-4],[-32,-15],[-14,-8],[-55,-20],[-23,-11],[-24,-14],[-43,-30],[-13,-7],[-67,-4],[-70,-4],[-86,-3],[-54,-3],[-12,0],[-1,2],[-30,-1],[-86,-4],[-11,0],[-5,-1],[-1,-1],[-3,-7],[2,-19],[17,-51],[6,-13],[16,-30],[13,-21],[32,-44],[14,-20],[30,-43],[10,-17],[19,-26],[25,-38],[65,-94],[9,-15],[8,-17],[10,-37],[27,-107],[24,-102],[0,-5],[15,-59],[36,-142],[44,-190],[1,-4],[11,-51],[10,-37],[15,-74],[24,-126],[25,-132],[9,-102],[2,-13],[10,-131],[7,-140],[2,-105],[-1,-67],[1,-23],[-1,-25],[0,-143],[1,-66],[-2,-75],[-4,-65],[-6,-114],[-4,-63],[-6,-108],[-4,-50],[-2,-43],[-3,-33],[-1,-27],[-4,-35],[-1,-10],[-3,-28],[-2,-20],[-4,-43],[-2,-15],[-5,-20],[1,-7],[-6,-56],[-6,-38],[-3,-17],[-7,-48],[-7,-36],[-10,-51],[-14,-49],[-7,-19],[-38,-82],[-60,-122],[-15,-31],[-3,-4],[-2,-4],[-2,-3],[-10,-18],[-4,-11],[-3,-2],[-7,-1],[-11,0],[-13,1],[-16,4],[-18,-1],[-8,-3],[-11,-3],[-20,-8],[-12,-7],[-11,-2],[-2,0],[-2,3],[-5,2],[-1,3],[-1,3],[0,2],[2,2],[5,2],[3,-1],[1,2],[-1,6],[-2,5],[-7,2],[-11,0],[-8,-4],[-3,-6],[-3,-2],[-3,0],[-4,4],[-1,11],[-2,2],[-2,0],[-5,0],[-19,-2],[-14,4],[-14,10],[-8,11],[-2,5],[0,5],[4,3],[5,1],[19,-1],[5,3],[1,3],[-1,5],[0,4],[1,2],[6,6],[10,8],[3,4],[0,4],[-1,4],[-5,4],[-3,1],[-4,1],[-27,-9],[-10,-6],[-12,-11],[-16,-8],[-15,-13],[-14,-5],[-12,-8],[-10,-3],[-12,0],[-20,4],[-18,8],[-14,8],[-16,6],[-14,1],[-15,-3],[-9,6],[-7,6],[-8,4],[-4,5],[-4,0],[-4,-1],[-6,0],[-4,4],[-9,14],[-5,4],[-14,8],[-9,2],[-11,-1],[-16,-6],[-3,-2],[-4,-5],[-4,-1],[-4,3],[-3,4],[-4,4],[-16,1],[-15,4],[-12,1],[-14,5],[-16,9],[-4,2],[-8,7],[-7,4],[-3,-1],[-4,-4],[-5,-2],[-7,1],[-14,9],[-8,3],[-21,4],[-16,4],[-10,4],[-17,4],[-21,8],[-10,2],[-18,9],[-16,4],[-6,3],[-4,4],[-7,0],[-5,-1],[-4,1],[-15,4],[-12,5],[-30,7],[-14,5],[-31,12],[-25,13],[-13,3],[-14,1],[-34,1],[-4,-1],[-1,-4],[-7,-1],[-38,-14],[-15,-6],[-48,-15],[-10,-3],[-33,-11],[-56,-10],[-27,-9],[-14,-3],[-31,-2],[-13,-3],[-22,-8],[-15,-8],[-14,-10],[-14,-7],[-10,-4],[-4,0],[-3,-2],[-8,-1],[-6,-3],[-2,-4],[2,-6],[9,-12],[17,-15],[10,-5],[12,-10],[15,-19],[10,-20],[8,-13],[15,-30],[5,-10],[1,-9],[0,-12],[-1,-16],[0,-10],[3,-12],[18,-53],[5,-10],[3,-14],[2,-14],[2,-23],[8,-98],[9,-26],[4,-12],[8,-21],[-10,-18],[-4,-24],[-2,-5],[-5,-23],[-7,-25],[-7,-18],[-6,-20],[-6,-15],[-5,-21],[-17,-33],[-21,-34],[-9,-18],[-22,-32],[-18,-31],[-5,-12],[-4,-10],[-4,-15],[-2,-18],[1,-20],[-2,-5],[-3,-5],[-5,-6],[-20,-14],[-4,-6],[0,-6],[8,-21],[0,-5],[-10,-33],[-3,-13],[1,-28],[-5,-17],[-2,-5],[-13,-19],[-4,-9],[-2,-8],[-1,-10],[0,-20],[-2,-28],[-2,-13],[-2,-24],[-3,-16],[-6,-28],[-7,-20],[-13,-14],[-2,-7],[-1,-13],[3,-23],[-3,-17],[0,-16],[3,-15],[2,-16],[-2,-21],[-4,-26],[0,-9],[1,-6],[3,-5],[6,-7],[4,-3],[6,-10],[4,-8],[5,-17],[0,-16],[-2,-6],[-5,-12],[-1,-6],[1,-6],[3,-7],[15,-18],[4,-8],[2,-5],[1,-13],[0,-10],[-1,-10],[-3,-13],[1,-11],[2,-4],[6,-5],[6,-4],[6,-1],[7,0],[13,5],[6,-1],[6,2],[4,-1],[6,-3],[4,-4],[5,-20],[4,-8],[2,-11],[1,-7],[0,-14],[9,-27],[3,-19],[1,-8],[-1,-15],[-4,-17],[-3,-5],[-3,-5],[-3,-2],[-7,-5],[-7,-3],[-11,-8],[-8,-10],[-6,-9],[-9,-19],[-1,-9],[0,-8],[2,-8],[1,-5],[7,-9],[10,-6],[4,-4],[2,-6],[-1,-7],[-4,-8],[-6,-6],[-12,-4],[-9,-1],[-3,-2],[-3,-5],[-1,-8],[2,-2],[0,-3],[1,-5],[4,-4],[5,-7],[7,-7],[5,-6],[2,-8],[0,-36],[2,-21],[0,-13],[-2,-29],[1,-13],[-1,-18],[-4,-15],[-1,-7],[4,-9],[3,-5],[4,-5],[1,-4],[1,-8],[-6,-14],[-12,-19],[-6,-13],[-20,-4],[-242,-50],[-236,-49],[-199,-37],[-507,-108],[-46,-10],[8,-186],[4,-101],[3,-37],[0,-27],[1,-33],[0,-9],[-3,-5],[-3,-3],[-4,-2],[-12,-4],[-22,-4],[-38,1],[-3,-1],[-2,-2],[-54,-162],[-14,-37],[-11,-35],[-4,-9],[-1,-5],[-25,-70],[-19,-59],[-3,-17],[6,-148],[0,-11],[-8,-26],[-12,-42],[-6,-35],[-8,-28],[-13,-56],[-15,-59],[-12,-57],[-4,-31],[-3,-5],[-2,-11],[-7,-18],[-11,-21],[-7,-5],[-5,-1],[-25,-11],[-21,-8],[-189,-68],[-219,-80],[-3,-1],[-1,2],[-2,-1],[-112,-41],[-11,-3],[-222,-80],[-369,-133],[-52,-19],[-151,-55],[-3,-1],[-8,-5],[-4,0],[-12,-4],[0,-1],[-14,-3],[-30,-11],[-17,-6],[-32,-5],[-17,-1],[-21,-2],[-16,-5],[-8,-1],[-20,-1],[-26,3],[-1,0],[-13,0],[-35,8],[-18,1],[-23,5],[-34,2],[-14,2],[-1,1],[-9,1],[-16,-3],[-11,-3],[-19,-9],[-30,-20],[-13,-10],[-10,-14],[-12,-13],[-19,-27],[-4,-5],[-11,-9],[-17,-10],[-14,-5],[-20,-6],[-4,-2],[-12,-3],[-19,-11],[-13,-11],[-10,-15],[-12,-7],[-12,-9],[-8,-12],[-16,-41],[-5,-11],[-6,-9],[-19,-24],[-19,-21],[-16,-9],[-15,-5],[-11,-2],[-33,0],[-37,-4],[-70,-15],[-9,1],[-28,8],[-12,2],[-28,7],[-17,3],[-13,1],[-11,-1],[-13,-5],[-11,-5],[-3,0],[-4,-2],[-18,0],[-6,-2],[-5,-4],[-8,-10],[-3,-11],[-3,-6],[-1,-4],[-6,-11],[-12,-11],[-5,-9],[-1,-6],[-1,-13],[-2,-9],[-6,-20],[-7,-7],[-9,-5],[-12,-4],[-14,0],[-15,2],[-4,3],[-7,1],[-23,6],[-14,3],[-17,2],[-27,-3],[-10,0],[-6,-2],[-12,-4],[-30,-22],[-5,-5],[-4,-10],[-1,-7],[0,-19],[4,-26],[-7,-11],[-19,-22],[-10,-18],[-3,-3],[-6,-3],[-3,-1],[-2,1],[-13,0],[-20,-12],[-8,0],[-7,2],[-17,9],[-11,7],[-12,8],[-17,14],[-6,4],[-10,2],[-10,8],[-24,12],[-8,2],[-9,-1],[-2,-1],[-21,-6],[-8,-1],[-10,-11],[-4,-10],[-3,-10],[-5,-18],[-10,-22],[-2,-8],[-3,-18],[-5,-17],[-13,-22],[-14,-27],[-5,-13],[-5,-18],[-5,-11],[-18,-24],[-11,-10],[-20,-15],[-21,-11],[-44,-19],[-16,-9],[-34,-28],[-18,-18],[-9,-14],[-14,-31],[-5,-6],[-4,-5],[-17,-14],[-6,-11],[-8,-9],[-29,-24],[-15,-19],[-13,-23],[-4,-8],[1,-4],[-1,-4],[-1,-3],[-13,-11],[-6,-8],[-6,-4],[-12,-4],[-14,-8],[-9,-7],[-21,-14],[-14,-13],[-6,-3],[-5,1],[-2,0],[-13,-6],[-3,-3],[-32,-44],[-5,-10],[-22,-35],[-1,-4],[-6,-7],[-11,-3],[-11,-8],[-7,-3],[-8,-1],[-31,1],[-14,-4],[-30,-15],[-3,-3],[-14,-8],[-11,-3],[-10,-1],[-14,-3],[1,5],[9,14],[2,6],[0,5],[-3,12],[-5,7],[-7,5],[-6,7],[-9,3],[-13,9],[-21,10],[-5,4],[-6,9],[-8,16],[-21,29],[-5,11],[-4,15],[-1,16],[2,4],[6,10],[10,11],[12,5],[17,6],[6,7],[5,6],[1,5],[0,4],[2,5],[10,18],[3,2],[13,6],[9,6],[5,7],[6,20],[4,4],[8,5],[4,4],[23,26],[11,7],[13,6],[9,5],[8,7],[7,9],[4,7],[3,12],[-1,6],[-2,9],[0,9],[1,5],[2,8],[12,13],[4,3],[9,1],[13,-2],[7,3],[2,5],[-1,16],[1,7],[1,4],[0,1],[4,9],[5,8],[12,10],[5,11],[18,23],[11,11],[10,8],[33,18],[12,6],[8,9],[4,7],[1,8],[-2,5],[-6,10],[-6,20],[-1,5],[3,8],[2,2],[0,2],[2,7],[0,7],[-2,5],[-4,5],[-7,3],[-12,3],[-36,10],[-19,4],[-5,-1],[-9,2],[-24,6],[-8,1],[-12,5],[-23,9],[-17,6],[-9,5],[-6,6],[-9,10],[-9,12],[-9,17],[-11,16],[-9,11],[-11,8],[-25,14],[-18,9],[-25,7],[-36,17],[-3,3],[-12,5],[-11,9],[-2,8],[0,12],[7,42],[4,15],[14,39],[2,1],[6,13],[7,12],[18,27],[31,33],[17,21],[9,13],[10,18],[1,4],[19,46],[20,44],[8,14],[9,18],[4,7],[11,28],[5,17],[9,26],[3,14],[3,12],[13,36],[15,29],[25,66],[6,12],[11,28],[3,11],[0,14],[0,5],[-3,6],[-6,0],[-6,-1],[-12,-7],[-12,-2],[-25,1],[-9,-1],[-22,-5],[-6,-4],[-11,-4],[-13,-2],[-20,-2],[-25,1],[-73,5],[-21,5],[-2,0],[-2,3],[-28,5],[-46,9],[-9,-3],[-5,-4],[-8,-8],[-5,-12],[-44,-66],[-9,-8],[-7,-4],[-7,2],[-20,17],[-10,11],[-15,12],[-33,21],[-15,8],[-7,3],[-3,0],[-1,-2],[1,-6],[7,-12],[15,-17],[2,-5],[0,-5],[-1,-2],[-4,-7],[-29,-34],[-35,-53],[-3,-5],[0,-6],[3,-6],[5,-6],[3,-7],[0,-5],[-1,-3],[-11,-20],[-2,-7],[-4,-7],[-7,-8],[-5,-2],[-2,0],[-7,1],[-7,4],[-9,10],[-12,7],[-6,2],[-9,0],[-11,-2],[-12,-5],[-12,-2],[-11,-1],[-18,-14],[-12,-15],[-5,-9],[1,-11],[3,-11],[5,-6],[9,-8],[2,-5],[-1,-8],[-7,-14],[-4,-5],[-4,-1],[-7,3],[-9,2],[-18,5],[-3,0],[-14,-14],[-9,-5],[-10,-2],[-8,2],[-5,0],[-8,-3],[-4,-5],[-3,-5],[-1,-6],[0,-8],[-1,-6],[-3,-6],[-6,-8],[-16,-13],[-7,-9],[-3,-11],[-2,-8],[0,-8],[2,-12],[3,-6],[6,-21],[1,-23],[-1,-16],[-4,-20],[-6,-14],[-4,-1],[-8,0],[-36,4],[-10,2],[-35,5],[-26,2],[-39,1],[-17,2],[-18,3],[-11,3],[-11,6],[-9,6],[-16,15],[-31,23],[-18,10],[-12,2],[-6,0],[-68,88],[-23,29],[-13,30],[-50,117],[-20,12],[-20,-10],[-46,-67],[-76,-114],[-96,91],[-24,23],[-84,82],[-111,95],[-10,10],[-11,9],[-11,7],[-28,27],[-11,18],[-11,23],[-4,5],[-11,15],[-39,44],[-25,32],[-75,87],[-79,84],[-18,18],[-39,31],[-20,25],[-10,17],[-37,48],[-10,12],[-5,9],[-20,24],[-4,5],[-1,1],[-30,31],[-28,26],[-4,3],[-15,14],[-17,11],[-28,16],[-10,3],[-10,4],[-15,4],[-8,0],[-5,3],[-9,17],[-8,20],[-35,76],[-51,113],[-32,72],[-10,22],[0,1],[-9,20],[-24,55],[-86,187],[2,3],[2,2],[1,4],[21,36],[77,145],[74,133],[4,7],[67,119],[17,32],[26,3],[13,5],[22,14],[16,14],[8,8],[18,26],[3,2],[6,4],[16,4],[7,5],[27,43],[13,26],[20,34],[19,38],[8,12],[9,12],[14,16],[13,11],[18,14],[22,13],[14,12],[18,20],[10,17],[15,27],[5,20],[1,9],[6,20],[5,12],[29,51],[5,15],[0,4],[1,6],[9,16],[11,15],[14,16],[5,8],[2,9],[1,9],[-1,6],[-9,22],[-7,19],[0,15],[1,5],[3,6],[4,5],[6,4],[14,8],[22,7],[22,8],[16,9],[11,7],[12,11],[6,9],[14,16],[17,18],[11,8],[15,6],[10,7],[8,11],[-1,1],[4,11],[5,16],[4,10],[7,37],[5,10],[11,11],[12,10],[14,7],[10,3],[11,5],[16,9],[8,4],[6,5],[18,27],[4,13],[25,42],[6,9],[4,9],[18,42],[5,14],[7,29],[2,14],[0,10],[2,17],[4,19],[13,35],[2,3],[3,11],[1,40],[-4,29],[-5,19],[-1,21],[1,6],[6,12],[14,17],[18,19],[4,6],[5,10],[3,5],[2,12],[5,11],[4,3],[5,4],[15,5],[13,5],[10,8],[7,7],[5,7],[3,10],[1,7],[3,9],[6,11],[5,8],[5,5],[21,15],[7,7],[3,5],[2,10],[0,2],[1,14],[-1,32],[0,14],[1,5],[3,7],[8,12],[6,6],[28,22],[26,22],[15,9],[14,5],[14,9],[6,5],[9,10],[4,6],[8,13],[11,24],[10,13],[11,7],[20,3],[9,7],[9,11],[3,6],[2,13],[0,10],[1,9],[7,19],[6,11],[12,18],[8,8],[15,9],[7,2],[9,4],[21,10],[10,12],[4,9],[2,9],[0,16],[-1,6],[0,13],[1,9],[4,13],[8,23],[27,45],[3,7],[2,11],[1,33],[-4,32],[-1,14],[-7,43],[1,13],[2,7],[10,20],[7,11],[13,15],[25,23],[22,29],[14,24],[3,11],[0,13],[-6,35],[-1,18],[2,12],[2,11],[4,11],[9,14],[17,17],[7,10],[7,10],[10,21],[3,13],[4,10],[1,10],[6,26],[6,14],[4,17],[1,4],[2,7],[6,20],[8,45],[7,22],[3,14],[2,36],[3,18],[5,15],[6,8],[13,13],[9,8],[15,20],[7,11],[10,24],[20,37],[4,8],[10,15],[25,28],[43,53],[9,7],[18,11],[2,2],[14,10],[10,4],[10,2],[21,-1],[8,-2],[2,-1],[24,-1],[11,-2],[17,0],[16,1],[10,3],[8,3],[24,11],[13,9],[11,10],[35,41],[26,30],[10,16],[4,6],[5,13],[1,7],[-4,30],[0,6],[1,5],[4,7],[15,14],[18,22],[5,7],[2,5],[2,9],[1,18],[-2,32],[-5,59],[-4,15],[0,2],[-4,19],[-4,39],[0,10],[-2,13],[-1,8],[2,20],[1,2],[-1,12],[3,39],[6,35],[6,14],[19,19],[25,20],[28,21],[2,2],[25,21],[11,11],[23,19],[1,-1],[1,1],[26,24],[20,22],[10,8],[32,17],[14,5],[43,6],[35,8],[16,4],[36,4],[41,2],[14,3],[7,1],[11,6],[5,2],[15,3],[7,-1],[15,-4],[7,-1],[6,2],[3,3],[9,10],[6,3],[6,1],[15,0],[14,-2],[11,1],[12,8],[6,6],[14,10],[7,4],[56,16],[11,4],[9,0],[17,-11],[10,-4],[9,0],[11,3],[9,-1],[1,1],[18,-7],[10,-2],[14,0],[10,1],[28,7],[23,3],[9,4],[15,9],[13,5],[13,2],[29,-2],[10,2],[8,5],[2,3],[6,5],[4,5],[17,15],[11,12],[18,21],[13,19],[40,69],[23,31],[34,41],[9,13],[10,17],[23,33],[14,25],[5,12],[10,13],[11,37],[15,39],[2,4],[5,10],[9,13],[10,13],[9,9],[17,15],[33,24],[9,4],[15,6],[8,1],[12,-1],[6,0],[10,-4],[4,3],[7,10],[24,46],[43,71],[30,41],[17,22],[16,22],[15,18],[34,33],[28,22],[8,6],[20,15],[4,5],[1,0],[8,7],[29,25],[7,8],[44,37],[10,9],[13,15],[14,15],[30,28],[24,29],[20,28],[30,34],[27,38],[33,41],[16,28],[17,24],[8,9],[6,9],[25,32],[24,33],[39,38],[26,14],[18,7],[9,6],[7,13],[9,32],[3,9],[12,18],[4,5],[7,13],[18,82],[9,48],[1,31],[2,20],[10,39],[4,13],[14,33],[11,22],[15,30],[16,41],[9,19],[14,31],[18,30],[10,18],[14,22],[21,25],[27,33],[14,16],[8,10],[16,20],[13,22],[8,12],[19,41],[8,19],[13,36],[5,16],[11,44],[11,31],[5,20],[7,22],[5,27],[3,10],[5,19],[4,30],[2,7],[2,23],[6,34],[2,38],[5,32],[4,17],[6,14],[2,7],[3,5],[4,12],[5,23],[3,23],[-1,30],[1,49],[1,5],[5,24],[8,24],[7,38],[7,16],[4,28],[8,29],[2,1],[8,22],[22,49],[11,19],[20,30],[12,19],[21,24],[19,14],[11,7],[10,8],[11,11],[18,22],[50,47],[20,22],[4,6],[14,17],[24,36],[12,16],[18,19],[9,10],[29,23],[2,1],[1,2],[35,29],[5,6],[21,16],[38,27],[42,37],[20,17],[10,11],[15,25],[-7,2],[-43,12],[-86,30],[-5,3],[-15,7],[-10,0],[-24,-21],[-21,-19],[-6,-6],[-10,-6],[-10,-4],[-60,-9],[-2,-2],[-12,-2],[-5,-3],[-7,-2],[-8,-7],[-2,-4],[1,-9],[7,-9],[3,-5],[-1,-4],[-6,-3],[-3,-2],[-13,0],[-30,5],[-9,0],[-3,2],[-23,2],[-22,5],[-38,2],[-22,-2],[-5,1],[-3,-2],[-8,0],[-10,2],[-8,3],[-8,1],[-12,-3],[-3,-1],[-2,0],[-3,-2],[-3,-1],[-10,1],[-3,-1],[-18,1],[-5,2],[-10,0],[-20,3],[-39,1],[-48,-4],[-50,-10],[-10,-4],[-19,-10],[-8,-5],[-4,-4],[-4,-2],[-7,-5],[-11,-4],[-8,0],[-13,6],[-17,13],[-29,28],[-25,16],[-26,11],[-6,4],[-8,7],[-4,6],[-4,10],[-4,22],[-6,18],[0,5],[2,4],[1,3],[3,9],[3,10],[-1,2],[3,2],[0,5],[3,11],[6,14],[14,22],[-1,2],[1,2],[3,1],[10,10],[11,10],[51,39],[20,14],[24,21],[4,2],[1,2],[11,8],[14,14],[5,3],[20,18],[8,6],[15,13],[7,7],[8,12],[9,15],[3,3],[16,20],[39,44],[30,49],[7,16],[6,20],[7,28],[3,15],[1,14],[3,11],[2,4],[0,4],[12,28],[12,21],[9,21],[4,11],[0,14],[4,6],[5,6],[5,10],[9,13],[3,10],[9,12],[6,13],[11,20],[7,21],[0,16],[-4,17],[0,19],[2,23],[9,46],[12,24],[16,26],[5,9],[5,12],[3,14],[1,12],[1,28],[1,12],[-2,14],[-2,4],[0,7],[-2,8],[-5,10],[-6,12],[-5,11],[1,9],[1,1],[7,18],[2,3],[2,6],[16,33],[15,28],[4,11],[4,14],[5,13],[2,7],[15,27],[17,22],[23,38],[2,6],[3,12],[-1,9],[0,11],[3,10],[3,6],[13,18],[22,23],[3,4],[2,5],[4,22],[7,14],[12,17],[8,7],[14,16],[7,11],[3,9],[6,26],[3,30],[3,13],[6,13],[4,8],[9,13],[2,5],[9,15],[7,17],[7,11],[16,16],[6,9],[7,7],[8,6],[11,6],[5,5],[2,5],[1,4],[-1,16],[7,18],[4,6],[5,5],[3,5],[9,13],[19,20],[9,12],[7,10],[10,19],[11,18],[59,78],[20,31],[4,12],[1,13],[0,13],[-4,25],[0,13],[0,18],[4,24],[4,21],[5,17],[2,14],[3,8],[9,20],[9,18],[1,4],[10,16],[14,29],[9,16],[17,18],[36,25],[6,8],[3,7],[0,11],[-4,9],[-5,8],[-6,8],[-6,10],[-4,11],[0,9],[1,12],[4,8],[10,18],[6,6],[14,22],[16,18],[8,8],[10,7],[7,6],[11,12],[5,9],[10,9],[6,6],[35,18],[12,9],[7,8],[11,18],[7,9],[12,15],[5,5],[29,9],[2,0],[1,-1],[8,3],[33,17],[9,2],[9,3],[2,0],[10,10],[7,15],[5,16],[2,9],[-1,13],[3,11],[3,5],[3,9],[0,6],[-4,14],[1,6],[9,19],[3,9],[1,10],[-2,11],[-4,16],[0,8],[2,14],[1,19],[1,16],[1,8],[3,5],[2,12],[12,25],[2,8],[0,11],[-2,14],[-2,8],[-6,14],[-3,20],[0,4],[-1,1],[2,3],[1,15],[0,18],[3,19],[3,7],[5,8],[15,19],[6,14],[3,11],[7,20],[27,36],[7,11],[9,17],[4,17],[3,21],[1,15],[3,19],[0,19],[-3,6],[0,5],[-3,6],[0,8],[5,18],[5,11],[3,8],[10,27],[4,16],[5,13],[5,16],[2,5],[1,9],[-1,5],[0,12],[2,10],[8,14],[24,25],[2,7],[0,11],[-1,19],[0,7],[-3,10],[-9,20],[0,9],[0,10],[9,49],[3,17],[-1,7],[1,7],[0,21],[1,16],[2,15],[4,17],[12,23],[21,20],[15,11],[11,26],[14,19],[2,4],[5,6],[6,12],[2,4],[6,28],[3,17],[5,21],[8,42],[6,16],[9,21],[9,15],[11,14],[18,17],[7,10],[9,23],[11,23],[4,6],[-13,10],[-8,3],[-13,1],[-10,-3],[-10,-2],[-20,-9],[-9,-6],[-3,0],[-9,-6],[-10,0],[-8,2],[-6,9],[-1,7],[2,6],[14,28],[1,4],[-1,3],[-2,1],[-8,-5],[-20,-16],[-13,-5],[-4,0],[-9,3],[-18,11],[-4,2],[1,-2],[-2,-9],[1,-25],[-42,13],[-5,3],[-9,1],[-3,2],[-20,3],[-12,4],[-18,8],[-7,5],[-6,10],[-1,8],[-3,18],[0,6],[1,8],[-1,5],[-2,2],[-6,2],[-6,-2],[-15,-12],[-7,-5],[-4,2],[-4,3],[-4,7],[-2,10],[1,16],[2,8],[0,8],[-1,4],[-6,2],[-4,0],[-7,-2],[-5,-5],[-4,-8],[-3,-3],[-7,-4],[-8,-2],[-7,-4],[-2,-3],[-3,-6],[-3,-18],[-4,-15],[-4,-5],[-4,-2],[-7,1],[-18,14],[-19,11],[-1,1],[-10,6],[-17,5],[-9,-1],[-2,-1],[-2,-5],[1,-24],[-2,-13],[-6,-13],[-5,-4],[-4,-2],[-4,0],[-7,4],[-24,17],[-6,5],[-16,18],[-5,3],[-11,7],[-7,2],[-9,0],[-7,-1],[-9,-5],[-6,-1],[-8,0],[-18,4],[-8,5],[-5,6],[-23,22],[-4,5],[-21,20],[-18,18],[-5,4],[-46,36],[-8,4],[-18,11],[-77,49],[25,48],[2,6],[4,10],[0,2],[-37,17],[-23,7],[-9,3],[-7,2],[-25,8],[-17,5],[-61,7],[-37,4],[-19,4],[-75,12],[-118,34],[-41,5],[-32,2],[-7,2],[-5,-1],[-7,3],[-18,16],[-11,15],[-8,18],[-1,5],[-1,14],[6,11],[3,4],[3,5],[4,12],[0,6],[-2,4],[-11,6],[-23,6],[-57,7],[-11,13],[-5,9],[-6,13],[-3,12],[-6,12],[-41,54],[-45,47],[-14,8],[-21,10],[-8,7],[-12,12],[-4,6],[-7,14],[-8,9],[-7,4],[-15,1],[-5,2],[-6,7],[-11,8],[-15,6],[-13,3],[-5,4],[-1,4],[-2,7],[2,8],[0,7],[-3,6],[-6,8],[-3,5],[-2,11],[2,6],[4,4],[3,2],[15,0],[6,1],[5,3],[4,4],[4,5],[2,11],[-1,14],[-2,9],[3,9],[6,11],[20,20],[8,9],[15,8],[3,5],[1,8],[-6,13],[-11,13],[-5,8],[-4,7],[-1,8],[-1,16],[-2,12],[-11,17],[-3,6],[-3,4],[-5,10],[-3,8],[-1,10],[0,6],[1,7],[4,6],[5,3],[3,1],[16,0],[10,-6],[6,-1],[4,3],[4,6],[3,9],[4,13],[0,9],[1,1],[-2,5],[0,11],[-4,12],[-7,13],[-2,12],[-1,3],[0,10],[-2,11],[-4,11],[-2,3],[-5,5],[-8,4],[-3,4],[0,5],[5,16],[0,6],[-6,7],[-7,3],[-5,4],[-3,4],[-1,7],[1,4],[-1,4],[5,13],[22,26],[5,12],[2,7],[-3,32],[-7,26],[-1,6],[0,5],[7,15],[2,9],[-2,25],[-2,10],[-4,9],[-6,17],[-1,2],[-1,10],[-1,22],[-2,14],[0,3],[8,19],[-1,3],[-2,7],[-10,7],[-2,3],[-1,3],[1,8],[2,4],[6,9],[3,6],[1,4],[-2,8],[-5,6],[-7,6],[-11,5],[-4,3],[-5,8],[-3,9],[-1,5],[4,38],[0,18],[5,35],[1,23],[-2,10],[-2,4],[-3,7],[-7,8],[-7,12],[-2,5],[-1,6],[3,11],[8,10],[8,7],[2,4],[3,9],[0,33],[-4,33],[-5,17],[-6,10],[-22,19],[-5,8],[-8,16],[11,19],[8,12],[8,21],[4,26],[0,11],[-3,21],[0,6],[1,5],[5,12],[3,5],[5,12],[5,7],[10,19],[9,14],[2,20],[-2,6],[-19,30],[-6,11],[-1,10],[3,11],[5,10],[2,2],[6,2],[7,4],[8,3],[4,0],[7,2],[6,7],[5,9],[3,10],[1,8],[-1,1],[0,12],[-1,16],[-1,7],[0,14],[-1,3],[1,2],[0,5],[0,6],[-1,3],[3,10],[1,15],[4,16],[9,19],[13,19],[25,25],[8,13],[8,17],[4,4],[5,9],[11,15],[8,8],[31,17],[7,5],[12,2],[8,4],[7,6],[6,9],[5,11],[2,12],[-4,15],[1,7],[3,6],[10,11],[9,14],[4,9],[4,14],[-2,10],[-3,6],[-9,10],[0,3],[-7,14],[0,5],[21,71],[7,13],[15,20],[11,21],[30,54],[24,52],[21,29],[10,9],[3,4],[3,3],[8,10],[1,1],[9,26],[1,8],[4,6],[15,19],[12,19],[7,6],[9,5],[10,8],[6,5],[4,6],[9,15],[9,25],[6,9],[9,9],[7,8],[6,13],[4,10],[4,8],[9,11],[11,11],[6,17],[5,6],[12,11],[18,10],[16,4],[17,0],[10,3],[13,5],[11,11],[7,6],[22,1],[9,2],[9,7],[1,2],[10,11],[2,4],[4,4],[12,18],[7,14],[4,5],[4,11],[17,62],[3,28],[2,58],[6,32],[4,12],[6,36],[3,52],[3,20],[-1,15],[3,20],[4,15],[1,1],[1,3],[8,22],[9,19],[4,9],[-9,6],[-8,27],[-10,37],[-1,25],[1,18],[-2,20],[-2,2],[-2,7],[-10,21],[-9,14],[-14,17],[-27,20],[-16,10],[-45,19],[-40,17],[-19,9],[-6,5],[-2,4],[-1,4],[1,3],[1,4],[3,2],[9,3],[19,3],[20,2],[22,-5],[22,-10],[28,-6],[9,-1],[9,2],[10,5],[17,11],[12,10],[14,13],[16,14],[15,9],[16,6],[21,2],[39,9],[20,2],[-1,15],[-1,16],[0,10],[0,3],[37,4],[3,0],[2,0],[2,0],[7,-1],[4,0],[18,3],[18,5],[1,2],[8,1],[5,1],[7,3],[5,1],[4,1],[6,3],[7,6],[4,5],[5,6],[9,17],[1,3],[2,3],[10,19],[4,16],[3,14],[8,63],[16,63],[36,100],[41,50],[4,3],[42,35],[12,17],[13,15],[16,22],[17,19],[8,8],[12,17],[21,20],[17,16],[26,21],[33,22],[10,9],[9,15],[5,5],[7,3],[11,-4],[10,-6],[8,-4],[4,0],[7,2],[6,5],[3,4],[9,19],[3,5],[4,3],[3,1],[5,-3],[6,-11],[4,-6],[12,-4],[5,0],[2,1],[8,-1],[2,-2],[2,-3],[0,-4],[-3,-13],[0,-4],[2,-3],[4,-3],[14,-4],[8,0],[29,6],[9,5],[18,15],[15,24],[10,18],[10,11],[17,17],[13,14],[9,8],[21,12],[4,6],[5,19],[0,14],[-2,12],[-7,16],[-2,7],[-2,7],[0,5],[0,3],[0,3],[3,9],[26,55],[11,13],[8,9],[19,17],[20,29],[19,29],[-3,6],[-11,13],[-2,4],[1,8],[4,9],[4,11],[5,8],[7,9],[11,11],[5,7],[-1,3],[4,18],[4,8],[6,7],[16,16],[6,9],[3,6],[3,9],[1,18],[-1,18],[-3,15],[-14,29],[-14,33],[-4,7],[-2,8],[0,4],[4,1],[3,-1],[12,-8],[16,-10],[9,-3],[2,-3],[5,-7],[2,-9],[3,-6],[4,-6],[5,-5],[11,-8],[7,-2],[9,2],[7,5],[9,10],[8,0],[1,-1],[2,-1],[6,-9],[4,-1],[6,6],[10,17],[10,9],[10,6],[7,1],[17,-2],[4,4],[-3,2],[1,5],[-3,7],[-1,7],[0,7],[4,9],[7,8],[7,4],[17,5],[15,4],[11,5],[6,6],[8,8],[10,13],[9,13],[18,34],[24,42],[10,22],[6,26],[1,24],[0,10],[-3,7],[-4,7],[-9,12],[-2,7],[0,11],[4,9],[1,5],[0,3],[-2,5],[0,28],[1,14],[6,27],[6,13],[5,9],[7,8],[6,4],[22,11],[7,5],[5,7],[7,10],[7,17],[1,8],[0,4],[-2,5],[3,12],[20,33],[2,8],[1,11],[-3,22],[-4,14],[0,5],[5,28],[3,12],[7,17],[9,12],[5,3],[7,0],[12,-3],[17,-11],[5,0],[4,1],[10,18],[14,20],[7,7],[16,15],[8,8],[3,6],[2,11],[0,8],[3,21],[0,32],[2,15],[8,17],[8,16],[12,16],[7,6],[5,-24],[5,-10],[8,-5],[9,-2],[8,0],[14,2],[16,5],[42,20],[13,10],[18,21],[13,7],[20,5],[8,0],[13,-4],[12,-3],[15,-6],[11,-3],[20,-1],[18,4],[52,19],[32,7],[13,6],[30,24],[30,18],[28,21],[29,20],[24,15],[37,19],[18,12],[10,9],[31,31],[35,47],[11,12],[19,14],[27,29],[16,10],[17,8],[27,6],[11,2],[10,6],[24,21],[19,14],[20,13],[23,19],[6,4],[23,11],[15,6],[8,4],[31,24],[10,9],[11,10],[12,6],[15,2],[15,6],[22,14],[30,15],[18,11],[31,35],[16,22],[10,17],[20,35],[14,22],[28,51],[13,16],[22,24],[49,40],[12,9],[16,18],[22,38],[8,15],[9,17],[1,5],[6,14],[7,24],[14,33],[5,13],[1,6],[9,33],[11,74],[3,17],[3,36],[11,79],[1,11],[-13,5],[-15,8],[-12,8],[-13,11],[-25,26],[-37,43],[-9,10],[-15,22],[-11,11],[-5,10],[-6,18],[-8,33],[-175,125],[-58,-25],[-62,50],[-41,35],[-46,47],[-46,50],[-36,38],[-31,38],[-61,-22],[-48,135],[-44,123],[-15,10],[-7,1],[-26,7],[-21,7],[-48,21],[-70,33],[-52,17],[-30,5],[-22,10],[-9,5],[-9,7],[-14,12],[-21,21],[-13,14],[-11,9],[-41,23],[-19,13],[-9,11],[-7,8],[-24,48],[-19,35],[-4,6],[-11,22],[-5,7],[-24,13],[-12,10],[-52,68],[-11,12],[-35,42],[-13,9],[-37,15],[-18,11],[-20,17],[-14,9],[-34,18],[-17,8],[-16,10],[-10,3],[-13,0],[-9,-5],[-21,-18],[-20,-21],[-10,-11],[-14,15],[-11,8],[-5,2],[-14,1],[-9,2],[-10,8],[-9,11],[-6,-1],[-6,3],[-24,32],[-6,6],[-22,13],[-17,15],[-4,3],[-11,-12],[-6,-9],[-15,-14],[-14,-11],[-12,-13],[-6,-8],[-7,-14],[-8,-23],[-8,-14],[-3,-6],[-5,-14],[-7,-27],[-1,-21],[-3,-21],[-5,-13],[-4,-7],[-4,-17],[-6,-13],[-6,-19],[1,-5],[3,-4],[17,-11],[-7,-19],[-6,-12],[-10,-28],[14,-8],[4,0],[7,-2],[3,-3],[1,-3],[-1,-7],[-4,-15],[-9,-20],[-1,-4],[-3,-5],[-6,-19],[0,-6],[3,-4],[4,-2],[3,0],[12,11],[1,-1],[5,5],[11,6],[4,1],[8,-2],[22,-13],[54,-41],[31,-20],[53,-25],[39,-13],[0,-3],[-5,-20],[-1,-4],[-21,8],[-26,5],[-26,7],[-34,13],[-14,0],[-11,-3],[-4,-3],[-19,-20],[-8,-6],[-14,-5],[-9,0],[-20,1],[-28,11],[-21,6],[-53,24],[-20,3],[-11,0],[-13,-2],[-17,-5],[-7,-3],[-10,-6],[-13,-12],[-8,-12],[-4,-8],[-2,-10],[-2,-11],[-1,-4],[-2,-5],[-5,-3],[-9,-4],[-7,-2],[-46,-3],[-5,-2],[-20,-16],[-18,-18],[-10,-11],[-15,-19],[-18,-28],[-1,-4],[-11,-19],[-11,-23],[-3,-15],[0,-4],[1,-6],[6,-12],[42,-48],[6,-9],[4,-16],[-2,-6],[-6,-7],[-9,-5],[-9,-3],[-3,1],[-11,9],[-8,5],[-27,10],[-17,5],[-24,2],[-28,6],[-23,11],[-56,40],[-6,2],[-5,-2],[-13,-18],[-19,-19],[-34,-39],[-18,-17],[-33,-33],[-31,-32],[-19,-22],[-9,-12],[-31,-52],[-45,-70],[-12,-15],[-53,-48],[-9,-6],[-38,-20],[-14,-9],[-13,-13],[-8,-5],[-172,-245],[-30,44],[-93,119],[81,75],[-62,56],[-10,32],[-120,156],[-1,3],[0,7],[2,9],[13,17],[3,6],[2,12],[-1,20],[1,4],[6,7],[15,11],[3,20],[4,9],[26,14],[8,8],[6,6],[6,9],[9,19],[3,19],[-1,9],[-1,5],[-9,17],[-2,3],[0,6],[3,8],[16,29],[9,11],[6,10],[6,20],[8,39],[8,30],[14,30],[5,5],[15,27],[21,29],[27,43],[18,25],[40,39],[35,29],[24,25],[20,26],[20,28],[5,9],[6,9],[10,20],[11,27],[7,22],[10,36],[7,22],[13,46],[12,32],[14,50],[4,11],[7,26],[13,47],[17,47],[16,39],[9,26],[14,29],[10,25],[6,13],[6,8],[3,6],[31,42],[23,36],[33,40],[23,24],[7,12],[5,25],[2,17],[-1,3],[1,9],[-2,17],[1,11],[-1,7],[1,10],[0,15],[2,22],[1,36],[4,43],[0,11],[-2,9],[1,5],[10,10],[0,1],[4,4],[1,0],[8,8],[9,12],[7,30],[4,10],[3,6],[22,35],[7,10],[13,20],[0,4],[3,6],[1,6],[3,11],[0,1],[5,21],[61,253],[0,4],[7,39],[5,13],[1,4],[6,13],[23,37],[10,20],[106,186],[31,64],[20,40],[16,23],[6,12],[13,21],[8,15],[-7,18],[0,8],[3,15],[0,9],[3,14],[1,4],[2,42],[2,9],[0,4],[-5,5],[-3,3],[-30,29],[-18,20],[-2,3],[-5,5],[-15,16],[-6,12],[-15,16],[-13,17],[-19,20],[-9,12],[-10,17],[-4,10],[-3,10],[-2,11],[1,10],[4,15],[0,10],[-4,16],[-2,12],[1,6],[1,31],[4,33],[0,20],[0,13],[-1,8],[-3,6],[-9,11],[-7,6],[-4,5],[-7,5],[-9,6],[-13,5],[-45,16],[-26,5],[-15,6],[-10,3],[-4,2],[-1,4],[5,10],[4,2],[-2,3],[12,21],[12,32],[17,36],[16,43],[17,37],[4,7],[8,21],[6,10],[12,17],[12,25],[15,39],[18,48],[3,26],[0,7],[-4,39],[-2,25],[-3,37],[-2,33],[1,31],[-3,29],[-1,18],[-4,16],[-9,20],[64,-19],[168,-51],[18,62],[-115,41],[-69,25],[-45,16],[12,8],[11,6],[12,8],[17,14],[13,9],[26,23],[28,23],[13,14],[5,7],[5,12],[3,11],[2,12],[0,16],[-4,24],[-3,18],[0,12],[1,9],[-1,1],[4,25],[5,16],[18,55],[30,58],[5,12],[1,12],[-1,11],[-1,15],[-2,7],[-1,13],[2,9],[7,11],[9,6],[6,1],[25,2],[12,3],[3,2],[10,6],[14,18],[8,14],[8,22],[9,30],[8,21],[7,25],[3,23],[-2,30],[-1,13],[-1,5],[2,9],[0,4],[4,16],[10,18],[9,15],[21,21],[6,8],[4,2],[2,4],[7,9],[16,23],[19,21],[19,14],[28,16],[27,20],[7,4],[10,2],[10,-1],[6,-4],[7,-6],[17,-22],[8,-6],[7,-4],[6,-1],[7,-1],[5,2],[7,8],[13,21],[18,18],[12,6],[11,1],[8,3],[4,2],[3,4],[4,6],[4,14],[2,21],[1,2],[0,5],[3,12],[3,9],[6,9],[13,11],[28,15],[5,5],[15,9],[21,17],[4,5],[5,3],[2,6],[8,12],[2,6],[4,17],[2,22],[2,6],[32,55],[10,11],[2,1],[39,11],[10,4],[6,4],[3,3],[4,7],[4,22],[4,6],[7,8],[12,12],[8,5],[34,8],[5,2],[9,12],[12,20],[14,21],[22,30],[9,9],[8,3],[5,2],[7,-1],[12,3],[3,2],[3,3],[6,12],[5,11],[9,12],[2,5],[2,5],[1,19],[3,7],[10,14],[11,11],[9,12],[6,13],[7,25],[4,9],[1,5],[5,3],[15,14],[5,7],[4,7],[6,16],[10,39],[1,2],[10,33],[26,68],[8,24],[1,6],[0,5],[3,5],[9,30],[6,14],[14,18],[16,13],[3,5],[0,6],[1,3],[0,1],[11,32],[2,10],[0,13],[-1,10],[-9,50],[-5,18],[0,14],[3,14],[6,7],[10,11],[10,7],[11,7],[18,13],[7,10],[9,14],[9,16],[5,12],[15,35],[0,7],[-8,25],[-1,8],[3,11],[2,1],[10,13],[-1,10],[-3,8],[-2,6],[-6,10],[-5,12],[1,1],[-1,9],[1,10],[4,8],[8,11],[11,14],[3,5],[2,5],[4,23],[2,43],[3,25],[0,6],[1,11],[-1,14],[-2,8],[-1,6],[-3,16],[-8,18],[0,11],[0,9],[2,12],[5,11],[8,13],[9,12],[2,4],[1,6],[-4,12],[-2,10],[1,8],[4,10],[8,9],[17,14],[17,22],[10,10],[32,24],[25,22],[26,20],[8,13],[9,9],[22,14],[5,10],[5,13],[5,22],[3,21],[2,7],[4,5],[11,8],[15,19],[6,4],[5,1],[21,2],[9,3],[8,7],[7,8],[14,26],[8,9],[5,3],[11,5],[18,-4],[7,0],[8,4],[9,11],[5,10],[8,38],[10,19],[9,13],[8,7],[8,4],[6,1],[20,0],[10,2],[11,6],[6,6],[26,31],[14,14],[28,25],[4,4],[5,8],[6,11],[6,18],[6,64],[5,16],[4,9],[7,14],[15,15],[6,9],[21,40],[14,18],[13,9],[20,11],[27,19],[14,8],[12,6],[29,11],[21,6],[8,0],[7,8],[11,4],[2,1],[9,2],[5,4],[7,2],[1,2],[11,8],[28,23],[28,31],[8,11],[7,10],[14,28],[30,52],[7,14],[1,5],[2,3],[13,29],[30,54],[13,18],[10,11],[8,5],[18,7],[10,6],[7,11],[11,25],[4,6],[6,6],[19,17],[18,28],[6,10],[3,9],[4,5],[3,8],[11,20],[8,12],[22,30],[8,13],[6,8],[12,20],[7,17],[1,6],[10,24],[5,12],[7,14],[16,23],[12,16],[6,10],[16,34],[6,9],[8,10],[11,11],[8,4],[7,3],[8,1],[16,0],[3,2],[1,13],[-4,13],[-2,5],[-13,20],[5,2],[24,7],[7,3],[3,0],[8,2],[22,3],[22,-3],[30,-9],[20,-7],[29,-6],[10,-1],[21,1],[18,-1],[10,1],[15,6],[34,19],[9,7],[40,32],[20,18],[4,2],[31,26],[23,16],[34,16],[32,12],[22,5],[15,2],[4,-1],[18,1],[36,-6],[8,2],[0,3],[0,5],[-8,13],[-1,3],[-16,35],[-7,19],[1,1],[-5,11],[-16,28],[-7,8],[-12,11],[-33,26],[-8,5],[-23,16],[-29,3],[-15,3],[-22,5],[-11,8],[-5,6],[-3,9],[-2,9],[-1,16],[1,9],[2,15],[3,9],[14,25],[2,9],[2,2],[-1,4],[-1,69],[-4,28],[-2,9],[-6,7],[-15,10],[-7,6],[-8,9],[-22,22],[-37,34],[-32,29],[-7,5],[-10,9],[-22,13],[-29,21],[-2,1],[-24,17],[-24,15],[-14,5],[-9,6],[-20,9],[-1,2],[-13,7],[-16,4],[-8,4],[-7,6],[-23,21],[-16,17],[-1,4],[-4,3],[-28,30],[-10,16],[-12,26],[-8,22],[-4,8],[-5,5],[-10,8],[-4,1],[-2,3],[-11,9],[-14,8],[-18,7],[-23,4],[-11,7],[-25,9],[-3,4],[-18,13],[-7,15],[-3,16],[-4,11],[-7,28],[-8,45],[-4,11],[-5,15],[-10,18],[-4,9],[-15,24],[-8,11],[-8,7],[-11,6],[-16,7],[-21,18],[-7,10],[-10,13],[-51,50],[-10,8],[-21,10],[-10,9],[-13,13],[-5,5],[-4,10],[-9,42],[-7,16],[-15,21],[-10,7],[-13,13],[-12,15],[-1,3],[-8,8],[-3,2],[-10,12],[-7,7],[-5,3],[-12,7],[-14,3],[-8,4],[-13,9],[-5,6],[-14,21],[-9,19],[-10,30],[-30,29],[-19,27],[-8,9],[-7,6],[-15,10],[-11,15],[-21,21],[-14,16],[-12,18],[-21,36],[0,2],[-22,36],[-23,29],[-12,19],[-19,25],[-15,15],[-29,24],[-18,20],[-12,11],[-9,9],[-20,26],[-18,25],[-8,15],[-4,6],[-8,17],[-12,21],[-18,27],[-18,23],[-30,41],[-9,10],[-18,16],[-39,29],[-8,5],[-3,0],[-3,2],[-28,8],[-3,-1],[-8,2],[-8,0],[-29,3],[-11,0],[-34,3],[-13,2],[-17,5],[-14,8],[-23,21],[-10,7],[-10,3],[-8,0],[-15,6],[-8,7],[-7,9],[-8,7],[-7,5],[-48,22],[-13,7],[-30,15],[-23,8],[-6,3],[-31,6],[-11,5],[-21,15],[13,25],[5,9],[4,9],[12,22],[-72,255],[-78,-8],[-126,13],[-33,3],[-50,-2],[-37,0],[-36,3],[-32,4],[-36,3],[-50,5],[-78,11],[-3,31],[-4,55],[32,10],[33,10],[24,9],[20,7],[20,6],[21,8],[29,11],[19,7],[29,13],[21,10],[16,11],[15,11],[12,18],[10,17],[12,27],[9,12],[5,15],[5,13],[4,17],[5,16],[0,15],[0,14],[3,24],[0,10],[0,10],[0,13],[-4,8],[-17,3],[-15,2],[-12,6],[-13,4],[-11,6],[-12,6],[8,11],[12,15],[8,17],[8,13],[29,39],[36,45],[31,38],[46,40],[33,51],[71,204],[14,36],[36,49],[43,83],[19,27],[21,50],[43,69],[29,52],[40,60],[64,57],[39,23],[55,40],[50,32],[45,37],[34,41],[16,41],[19,45],[47,-39],[23,-21],[29,-24],[30,-15],[45,-18],[49,-4],[60,5],[52,15],[68,53],[32,50],[22,43],[35,80],[29,59],[25,45],[38,76],[25,44],[19,29],[49,56],[43,57],[56,74],[38,45],[34,47],[-15,12],[-4,8],[0,10],[-1,9],[-4,9],[-6,7],[-13,10],[-11,4],[-11,5],[-12,4],[-12,1],[-24,-4],[20,34],[30,45],[17,22],[19,37],[13,29],[11,44],[18,41],[15,31],[45,3],[54,-3],[61,-2],[132,-70],[4,11],[55,114],[11,19],[12,23],[7,14],[21,39],[19,33],[18,32],[29,53],[3,6],[22,38],[35,64],[3,6],[1,1],[70,129],[12,19],[1,0],[13,24],[18,39],[64,133],[54,99],[25,47],[18,24],[26,31],[5,3],[15,13],[59,34],[25,14],[44,20],[110,53],[22,10],[11,6],[58,28],[9,3],[43,28],[61,41],[5,3],[2,2],[61,41],[1,2],[7,4],[15,11],[10,6],[20,14],[27,18],[4,1],[36,27],[38,27],[13,10],[41,49],[24,31],[19,23],[18,22],[3,3],[5,6],[26,32],[10,13],[17,20],[6,8],[16,18],[6,9],[6,15],[36,70],[12,33],[7,19],[1,4],[10,28],[17,81],[5,21],[1,21],[3,23],[0,6],[-1,6],[1,2],[0,9],[5,10],[5,45],[0,21],[1,2],[2,31],[1,2],[-1,5],[2,9],[4,47],[-1,2],[1,4],[1,21],[0,27],[3,57],[2,17],[0,18],[9,100],[3,30],[3,37],[4,35],[2,30],[5,38],[8,26],[8,29],[12,48],[9,34],[4,17],[6,25],[4,16],[2,13],[3,13],[6,18],[7,29],[3,11],[2,11],[6,28],[7,25],[4,16],[5,16],[8,30],[7,33],[7,27],[6,21],[2,7],[5,20],[13,41],[11,42],[6,25],[12,40],[6,19],[-5,2],[-9,4],[-3,1],[-7,4],[-14,6],[-2,1],[-22,10],[-38,18],[-2,0],[-85,39],[-76,33],[-16,9],[-11,4],[-3,3],[-4,0],[-12,6],[-44,17],[-3,4],[-1,-2],[-30,12],[-7,3],[-6,1],[-23,10],[-15,6],[-5,2],[-3,1],[-43,17],[-5,4],[-3,0],[-52,21],[-19,7],[-47,21],[-17,6],[1,3],[15,39],[2,9],[10,24],[8,22],[7,17],[4,13],[19,93],[-1,4],[3,9],[-1,6],[2,9],[3,8],[6,9],[1,2],[-2,10],[-3,16],[0,14],[1,9],[6,16],[6,13],[24,14],[18,3],[17,12],[20,26],[5,11],[1,9],[1,4],[-76,29],[-13,5],[-24,5],[-21,5],[5,29],[1,8],[-37,9],[-27,6],[-8,1],[-15,-3],[-10,0],[-4,-1],[-23,-2],[-13,-2],[-4,3],[-6,12],[-25,-9],[-24,-10],[-6,18],[-27,71],[-4,4],[-27,15],[-5,5],[-26,58],[-15,36],[-6,14],[-4,6],[-3,1],[-12,0],[-17,2],[-26,2],[-1,-1],[-32,4],[-35,3],[-41,2],[-5,1],[-11,-1],[-6,2],[-24,13],[-9,2],[-15,0],[-18,9],[-29,12],[-12,-1],[-11,-4],[-11,-7],[-8,-7],[-3,-4],[-20,-14],[-8,-4],[-8,-2],[-10,1],[-17,5],[-12,5],[-5,1],[-23,8],[-5,0],[-6,3],[-10,2],[-20,-1],[-11,1],[-12,2],[-19,5],[-14,1],[-7,3],[-8,1],[-3,3],[-8,2],[-9,6],[-31,25],[-11,7],[-8,8],[-5,3],[-9,8],[-4,1],[-8,8],[-14,10],[-16,13],[-30,23],[-7,5],[-2,0],[-4,5],[-30,23],[-59,36],[-7,2],[-2,3],[-4,3],[-22,13],[-40,-3],[-19,-1],[-5,0],[-11,-1],[-15,0],[-10,-2],[-4,1],[-39,-3],[-2,-1],[-2,2],[-11,3],[-15,6],[-1,-1],[-3,0],[-26,-10],[-64,-16],[-2,-2],[-196,-53],[-31,-2],[-10,-2],[-88,-7],[-14,-2],[-4,-1],[-4,1],[-10,7],[-3,3],[-2,0],[-31,14],[-29,15],[-29,14],[-4,2],[-12,4],[-6,4],[-1,0],[-28,12],[-32,18],[-13,5],[-9,4],[-83,31],[-36,14],[-31,10],[-21,8],[-19,6],[-21,4],[-23,8],[-6,0],[-39,17],[-20,10],[-31,9],[-29,12],[-3,3],[-23,8],[-11,4],[-19,9],[-14,5],[-35,11],[-10,3],[-4,2],[-4,0],[-6,3],[-16,6],[-16,7],[-25,9],[-18,9],[-28,8],[-34,7],[-6,3],[-5,5],[-3,7],[-1,5],[2,18],[0,18],[-2,8],[-4,7],[-11,11],[-45,31],[-23,12],[-7,1],[-16,-8],[-2,-2],[-6,-1],[-5,0],[-4,2],[-12,9],[-9,5],[-13,4],[-8,4],[-17,15],[-6,3],[-15,4],[-23,3],[-17,0],[-23,1],[-21,-1],[-8,-2],[-6,0],[-15,-2],[-1,0],[-7,-1],[-10,1],[-10,8],[-8,9],[-16,9],[-9,10],[-15,20],[-6,13],[-8,11],[-41,31],[-21,21],[-10,6],[-13,9],[-26,11],[-20,13],[-58,32],[-22,13],[-15,7],[-8,6],[-28,10],[-23,12],[-26,11],[-6,3],[-24,11],[-29,10],[-28,8],[-15,5],[-7,4],[-8,6],[-14,14],[-9,5],[-80,8],[-20,5],[-29,5],[4,16],[5,35],[3,10],[3,18],[5,9],[4,4],[13,9],[17,9],[19,13],[8,5],[14,11],[6,7],[3,7],[11,27],[17,14],[5,3],[6,1],[6,4],[3,4],[5,13],[12,14],[19,42],[14,26],[30,53],[2,7],[1,11],[9,26],[10,21],[21,34],[18,24],[13,12],[13,9],[11,11],[4,7],[8,15],[3,11],[2,3],[0,2],[6,15],[2,11],[0,10],[0,19],[1,10],[11,47],[1,24],[2,13],[3,12],[20,37],[8,24],[8,15],[8,31],[1,24],[-1,25],[2,18],[-2,8],[-5,10],[-1,11],[1,15],[0,7],[3,12],[2,33],[4,55],[6,31],[8,81],[3,22],[1,26],[4,26],[-1,25],[3,14],[4,15],[10,26],[3,18],[0,33],[3,30],[4,31],[-1,16],[2,4],[3,5],[46,34],[13,16],[6,13],[4,27],[4,14],[0,7],[4,25],[4,18],[-2,33],[3,19],[6,16],[4,7],[12,16],[3,5],[7,8],[5,7],[7,8],[12,9],[23,15],[11,4],[17,-1],[5,-3],[4,-2],[7,-3],[9,1],[12,5],[4,0],[15,-2],[7,1],[12,11],[13,4],[39,24],[6,2],[10,0],[6,2],[8,8],[8,5],[3,4],[2,17],[2,6],[3,3],[7,2],[5,0],[9,-3],[3,0],[1,-2],[3,0],[13,5],[8,9],[7,12],[2,5],[0,9],[-3,15],[0,8],[3,6],[2,2],[9,1],[2,-3],[10,-4],[4,1],[2,4],[0,4],[-1,3],[-3,3],[-11,7],[-4,5],[-1,5],[1,5],[4,9],[26,18],[14,12],[11,13],[6,10],[2,7],[13,29],[1,9],[-3,19],[8,20],[10,19],[1,5],[-3,18],[-2,9],[-1,9],[0,8],[1,5],[-24,14],[-24,15],[12,10],[6,5],[5,5],[25,20],[33,26],[34,24],[23,16],[11,16],[0,15],[-5,9],[-23,18],[-10,0],[-7,3],[-6,6],[-1,1],[-6,11],[-3,8],[-8,10],[-2,7],[1,10],[5,19],[-1,33],[-3,10],[0,12],[0,4],[3,6],[6,6],[13,12],[18,13],[6,8],[2,5],[4,18],[4,12],[11,17],[6,14],[8,12],[5,10],[7,9],[4,5],[-5,6],[-12,8],[-13,7],[-12,10],[-8,13],[-6,10],[-3,16],[-1,11],[146,-56],[5,16],[4,18],[4,15],[8,6],[26,20],[29,20],[23,21],[29,27],[14,13],[24,11],[31,20],[28,14],[22,15],[22,22],[21,18],[16,13],[20,13],[26,8],[27,2],[15,-1],[25,-7],[20,-7],[24,-3],[22,-2],[16,-7],[10,-5],[10,-1],[23,3],[38,13],[16,12],[18,8],[25,20],[14,5],[14,5],[26,12],[32,10],[4,2],[7,2],[14,5],[58,39],[37,18],[1,2],[10,6],[13,6],[2,0],[25,14],[30,18],[19,11],[24,10],[5,3],[5,2],[23,12],[32,19],[8,7],[32,22],[11,10],[9,10],[27,35],[20,22],[22,27],[29,32],[16,15],[21,15],[5,3],[4,4],[41,32],[5,6],[3,6],[2,8],[3,8],[15,50],[3,24],[-1,21],[-4,14],[-7,15],[-12,16],[-2,6],[0,15],[2,8],[3,6],[8,10],[39,35],[9,9],[17,21],[3,5],[2,10],[0,3],[11,21],[39,68],[19,37],[8,16],[21,26],[20,22],[17,21],[5,5],[16,24],[2,2],[4,9],[5,11],[4,16],[12,32],[4,17],[-1,11],[-1,3],[-1,3],[-6,3],[-9,0],[-9,-3],[-2,1],[-7,-2],[-8,-1],[-14,1],[-24,4],[-10,7],[-7,7],[-13,15],[-8,13],[-4,8],[-6,11],[-15,23],[-18,20],[-10,14],[-3,6],[-2,8],[1,33],[0,14],[-2,17],[-6,22],[-11,32],[-4,16],[0,10],[2,14],[2,11],[6,15],[0,5],[-2,4],[-6,9],[-4,14],[-3,34],[-1,41],[-2,15],[-6,16],[-27,35],[-11,22],[-2,9],[16,57],[4,23],[0,14],[-6,46],[1,19],[4,15],[12,17],[5,4],[1,3],[7,6],[25,16],[15,7],[7,0],[8,4],[19,6],[10,6],[31,17],[12,8],[16,17],[4,10],[1,9],[0,5],[-2,6],[-8,15],[-8,22],[-7,12],[-3,9],[-2,7],[2,25],[3,20],[2,23],[3,20],[8,36],[1,15],[-4,59],[2,29],[1,7],[0,19],[0,12],[-4,89],[-43,-12],[-21,-4],[-33,-13],[-20,-6],[-40,-10],[-40,-7],[-25,1],[-28,4],[-28,6],[-33,6],[-27,15],[-4,-8],[-17,-44],[-14,-31],[-16,-20],[-15,-18],[-14,-22],[-9,-12],[-15,-11],[-13,-11],[-17,-12],[-14,-12],[-4,-5],[-8,-10],[-4,-5],[-4,-7],[-21,7],[-25,7],[-19,0],[-96,8],[-71,3],[-104,-8],[-41,0],[-79,7],[-4,19],[-8,12],[-10,12],[-13,17],[-22,22],[-12,19],[-14,21],[-30,32],[-19,20],[-6,13],[-6,15],[-9,17],[-16,31],[-7,18],[-2,15],[1,23],[1,20],[1,16],[-3,2],[-5,-5],[-11,-9],[-12,-6],[-17,-8],[4,34],[3,56],[17,64],[12,1],[16,2],[11,5],[19,6],[23,8],[26,13],[14,1],[11,-1],[18,-3],[15,-1],[20,6],[17,7],[17,6],[19,6],[20,11],[14,7],[13,8],[8,11],[9,15],[8,13],[9,13],[14,16],[12,9],[8,6],[13,6],[12,2],[19,2],[14,-1],[17,0],[21,7],[12,3],[20,8],[19,2],[5,56],[1,17],[1,6],[3,51],[1,3],[1,25],[3,29],[0,6],[-1,1],[-6,3],[-14,2],[-86,2],[-5,3],[-5,7],[-6,5],[-6,3],[-11,3],[-30,1],[-3,2],[-2,18],[0,11],[-5,12],[-8,9],[-9,11],[-10,11],[-1,12],[-3,12],[-1,13],[-5,23],[3,42],[1,23],[1,17],[1,28],[1,19],[4,20],[2,6],[3,9],[5,11],[6,9],[2,10],[1,11],[0,11],[-4,12],[-2,3],[-1,13],[-2,9],[2,74],[0,13],[0,24],[1,12],[1,36],[-29,2],[-3,83],[-16,-7],[-40,-22],[-36,-18],[-46,-23],[-34,-18],[-7,-4],[-24,-14],[-28,-17],[-25,-18],[-53,-40],[-29,-16],[-23,-6],[-29,-6],[-52,-5],[-49,-7],[-38,-5],[-40,-8],[-30,-7],[-60,-19],[0,31],[-6,24],[4,21],[-2,26],[-5,14],[-4,20],[-2,27],[-2,40],[-7,49],[-8,33],[-4,31],[-8,6],[-11,5],[-19,-11],[-30,-7],[-29,-3],[-11,0],[-2,20],[-6,92],[23,2],[45,7],[-10,54],[-3,60],[-11,100],[-32,0],[-90,-11],[-77,-15],[-133,-13],[11,136],[9,57],[4,38],[-2,60],[-43,-4],[-1,12],[-1,10],[-2,9],[-1,13],[-5,42],[2,2],[-2,2],[-1,3],[-2,23],[-23,70],[-2,7],[19,17],[24,24],[17,20],[16,14],[18,11],[33,18],[31,18],[31,26],[19,13],[21,10],[8,1],[18,-1],[16,2],[16,3],[19,6],[37,18],[12,4],[20,7],[16,2],[45,-5],[22,-7],[13,-5],[9,-7],[3,-2],[5,-10],[12,-9],[19,-7],[25,-9],[22,-2],[16,2],[23,3],[27,6],[19,5],[68,13],[7,1],[17,-2],[18,-5],[13,-8],[18,-12],[17,-19],[6,6],[10,12],[13,15],[13,13],[15,18],[13,11],[17,10],[19,7],[14,-4],[11,-10],[8,-3],[10,2],[6,8],[-5,16],[-3,21],[-8,10],[-10,5],[-14,0],[-19,-2],[-17,-2],[-13,0],[-15,5],[-11,2],[-9,-2],[-24,-8],[-12,-2],[-41,-1],[-56,6],[-45,11],[-7,-1],[-10,3],[-4,9],[-2,9],[4,10],[6,6],[5,24],[1,18],[-2,39],[-7,34],[-2,13],[-3,5],[-2,9],[1,10],[4,9],[9,14],[12,10],[10,8],[11,7],[6,9],[2,7],[-1,9],[-2,6],[0,6],[-4,13],[-1,6],[0,4],[-7,29],[-6,23],[-10,27],[-23,47],[-10,23],[-24,47],[-13,29],[-10,21],[-18,40],[-4,8],[-8,18],[-1,12],[-1,16],[1,16],[-2,17],[3,15],[9,8],[18,11],[13,9],[14,8],[18,12],[13,9],[15,7],[13,4],[13,2],[9,-1],[9,-1],[8,9],[14,15],[14,16],[11,14],[18,21],[14,15],[12,13],[17,12],[0,8],[15,12],[14,11],[21,16],[16,15],[22,20],[25,23],[31,24],[8,-9],[7,-12],[3,-5],[3,-1],[1,0],[12,15],[6,10],[12,23],[5,14],[7,22],[12,16],[2,6],[-4,26],[0,7],[1,7],[7,21],[17,41],[3,9],[32,75],[4,14],[3,16],[1,15],[4,18],[3,10],[3,6],[2,2],[3,-1],[6,-4],[28,-27],[9,-8],[17,-9],[9,-4],[8,-3],[81,-41],[34,-15],[42,-21],[20,-8],[27,-13],[20,20],[8,4],[10,6],[5,8],[4,12],[4,8],[17,17],[10,14],[18,13],[85,99],[8,8],[3,4],[6,-9],[104,-146],[18,-25],[1,-4],[4,-5],[168,-208],[85,-117],[23,-29],[20,-32],[13,-39],[13,-33],[19,-13],[46,-35],[39,-29],[28,-8],[17,-24],[0,-41],[-1,-58],[-2,-67],[16,-82],[9,-62],[9,-26],[21,-30],[19,-29],[22,-31],[28,-42],[49,-60],[13,-9],[13,0],[17,1],[26,0],[31,0],[22,5],[21,6],[30,17],[23,9],[27,13],[27,12],[45,27],[26,22],[45,74],[11,20],[122,209],[6,12],[27,43],[12,35],[6,26],[1,12],[2,11],[-1,5],[2,17],[1,19],[3,18],[4,7],[17,33],[16,19],[21,14],[8,4],[12,24],[7,17],[3,17],[6,20],[-1,2],[2,3],[2,14],[14,56],[5,24],[4,23],[13,53],[6,88],[-1,8],[0,19],[1,32],[1,24],[1,7],[1,35],[-2,16],[-10,33],[-4,9],[-15,48],[-8,16],[-4,13],[-4,21],[-1,10],[-6,42],[-8,32],[-8,17],[-5,8],[-4,4],[-1,4],[0,4],[-16,28],[-13,18],[-17,23],[-6,12],[1,7],[6,6],[9,7],[12,6],[14,4],[8,7],[12,12],[0,7],[-4,15],[-10,17],[-3,9],[-4,28],[1,3],[-5,32],[-4,20],[-4,29],[-3,17],[-4,8],[-11,15],[-6,9],[-3,9],[-4,11],[-1,9],[1,13],[-2,10],[-3,10],[-1,12],[-6,17],[1,43],[-3,37],[-1,32],[3,25],[9,18],[-1,54],[-1,11],[-3,13],[-19,49],[-2,10],[-1,8],[4,17],[9,25],[6,26],[3,8],[1,6],[5,10],[6,20],[3,11],[3,19],[8,27],[11,28],[10,24],[16,50],[21,87],[7,13],[10,17],[19,34],[9,15],[19,42],[7,19],[4,15],[3,31],[13,19],[22,27],[15,16],[22,26],[9,13],[6,14],[4,27],[2,3],[3,4],[2,9],[10,25],[7,16],[5,21],[2,18],[-1,28],[-1,12],[-3,18],[-7,15],[-5,9],[-3,9],[-16,58],[-1,13],[2,21],[1,4],[6,11],[2,3],[3,1],[1,5],[4,6],[29,33],[22,20],[4,5],[7,12],[1,4],[3,14],[0,9],[-4,15],[-9,27],[-9,24],[-14,40],[-5,13],[-15,23],[-52,70],[-22,36],[-6,12],[-1,4],[-6,14],[-3,10],[-3,11],[-3,17],[-7,31],[-6,57],[0,19],[1,12],[10,37],[10,26],[2,8],[2,18],[1,10],[0,18],[-7,47],[0,10],[2,13],[8,18],[20,30],[13,15],[11,16],[13,22],[7,10],[7,8],[11,18],[16,21],[22,26],[11,15],[8,14],[6,7],[4,8],[2,3],[5,7],[16,32],[2,7],[8,16],[4,11],[3,12],[5,19],[4,19],[2,20],[0,15],[-1,16],[-1,7],[-1,21],[-2,19],[0,8],[-3,14],[1,1],[-1,11],[0,10],[1,7],[14,33],[12,20],[7,10],[7,10],[21,22],[20,17],[9,5],[9,5],[34,13],[5,3],[6,3],[2,2],[3,3],[0,0],[0,3],[-1,3],[-4,5],[-6,4],[-13,11],[-18,16],[-27,26],[-12,15],[-6,9],[-6,14],[-4,13],[-5,25],[-8,36],[-6,42],[0,32],[8,46],[2,28],[-1,15],[-4,32],[-9,41],[-7,17],[-4,22],[-10,32],[-6,25],[-6,21],[-8,19],[-7,29],[-9,27],[-5,23],[1,4],[-2,1],[-2,12],[-4,7],[-6,16],[-18,28],[-3,5],[-3,11],[-5,12],[-13,22],[-7,10],[-12,10],[-16,18],[-7,13],[-2,6],[0,20],[3,38],[2,13],[6,21],[19,45],[3,14],[-4,16],[-6,29],[-12,42],[-6,18],[-12,32],[-10,38],[-8,38],[-16,97],[-3,15],[-3,8],[-3,10],[-6,15],[-9,27],[-6,12],[-26,43],[-7,10],[-8,8],[-12,8],[-9,3],[-10,8],[15,20],[8,18],[0,7],[-2,4],[-3,3],[-8,5],[-7,3],[-31,17],[-20,14],[-62,44],[-26,7],[-31,4],[-11,4],[-7,5],[-5,5],[-22,31],[-8,9],[-23,21],[-7,7],[-5,8],[-11,27],[-4,26],[-3,17],[-10,20],[-5,8],[-8,9],[-6,4],[-29,16],[-22,26],[-30,34],[-6,9],[-6,10],[-17,39],[-4,11],[-1,11],[0,13],[-2,18],[-2,36],[0,6],[-2,9],[-9,23],[-20,36],[-6,13],[-3,6],[-9,23],[-8,39],[-3,28],[-1,57],[-1,8],[0,5],[5,23],[23,75],[5,29],[4,21],[2,25],[1,20],[-1,12],[-2,8],[-12,19],[-25,32],[-5,10],[-2,8],[-1,5],[-12,6],[-37,25],[-5,3],[-49,52],[-17,25],[-26,28],[-27,17],[-115,-3],[-32,12],[-44,29],[-47,37],[-25,16],[-22,11],[-38,20],[32,36],[-21,23],[-12,9],[-36,27],[-33,19],[-1,20],[0,21],[0,39],[-1,19],[-2,8],[-7,39],[-3,12],[-9,21],[-9,22],[-56,55],[-38,36],[-66,81],[-29,35],[-40,39],[-12,-4],[-2,22],[-7,76],[-30,53],[-80,60],[-24,8],[-41,14],[-23,8],[-24,8],[-11,47],[-7,72],[15,21],[0,34],[5,23],[-6,30],[-9,1],[-33,4],[-22,12],[-23,18],[-26,15],[-18,6],[-9,0],[1,31],[2,8],[3,15],[1,17],[-2,26],[0,21],[-3,27],[-10,73],[-3,24],[-4,29],[6,18],[32,85],[-53,53],[-13,14],[-10,41],[-3,14],[-7,23],[-1,5],[-9,19],[-4,15],[-1,9],[-8,17],[-14,22],[-5,12],[-11,31],[-4,21],[-2,12],[-2,23],[0,30],[-3,18],[-4,11],[-5,11],[-5,9],[-4,4],[-18,11],[-5,6],[-8,11],[-11,28],[-11,31],[-20,46],[-1,6],[-1,4],[2,10],[9,17],[9,15],[1,1],[7,13],[4,15],[1,8],[4,13],[1,5],[4,10],[4,13],[1,10],[0,10],[-4,16],[-12,19],[-4,7],[-5,14],[-2,8],[-1,14],[1,46],[-1,28],[-1,6],[0,9],[0,0],[0,5],[25,-7],[19,0],[13,0],[3,0],[4,-2],[11,-3],[23,-7],[14,-8],[17,-15],[6,-6],[34,-36],[13,-7],[7,-3],[5,-1],[43,-13],[9,-1],[16,-5],[11,-2],[10,-3],[16,-1],[27,-9],[12,-2],[13,-5],[5,-1],[6,-2],[18,-7],[49,-14],[15,-7],[14,-6],[2,-2],[1,0],[2,-1],[34,-18],[7,-3],[36,-16],[20,-10],[12,-3],[5,0],[12,-1],[60,0],[18,-4],[57,-25],[19,-12],[11,-11],[3,-3],[4,2],[4,9],[2,12],[1,10],[3,15],[4,8],[7,8],[7,2],[12,-3],[10,-13],[2,-2],[5,-1],[17,0],[15,2],[26,8],[9,7],[2,6],[0,2],[-9,6],[-4,5],[-1,4],[1,6],[6,12],[9,9],[9,6],[16,9],[29,14],[1,-2],[2,2],[1,-1],[14,8],[13,5],[11,7],[28,11],[37,19],[14,7],[26,15],[20,9],[22,7],[17,7],[9,4],[12,8],[25,12],[21,1],[17,-1],[31,3],[19,-1],[15,1],[6,2],[6,0],[2,2],[9,1],[17,-1],[29,-3],[10,2],[8,2],[7,4],[16,14],[14,9],[22,7],[27,4],[32,1],[31,6],[21,2],[17,0],[30,-4],[3,3],[3,14],[5,11],[4,12],[3,11],[1,9],[3,16],[2,12],[1,16],[-6,13],[-6,8],[-9,9],[-26,17],[-18,15],[-27,28],[-13,19],[-10,17],[-15,33],[-8,21],[-4,19],[-6,21],[-11,19],[-10,12],[-5,2],[-5,0],[-9,-3],[-3,-2],[-13,-15],[-4,-9],[-5,-9],[-4,0],[-2,-1],[-5,0],[-7,7],[-6,9],[-4,16],[-1,13],[1,6],[0,12],[5,35],[7,75],[2,46],[-1,21],[-2,14],[-5,28],[0,8],[-7,28],[0,2],[-2,4],[0,4],[-3,5],[-1,4],[-1,3],[-3,6],[-6,12],[-5,5],[-8,7],[-13,7],[-24,6],[-3,1],[14,44],[7,18],[9,17],[5,7],[24,16],[10,11],[6,10],[13,37],[11,21],[16,18],[17,12],[11,10],[5,5],[13,20],[11,14],[12,14],[8,7],[10,7],[6,3],[2,-1],[1,2],[11,5],[3,1],[-9,31],[-19,51],[-8,19],[-16,34],[-9,24],[-4,9],[-5,17],[-1,10],[-4,13],[-4,5],[-8,8],[-7,4],[-16,11],[-10,16],[-6,18],[-3,31],[-4,15],[-6,13],[0,3],[-4,4],[-14,28],[-15,33],[-6,20],[-6,30],[-5,14],[-2,10],[0,6],[-7,26],[-4,22],[-1,5],[42,-4],[90,-7],[20,-1],[52,-4],[14,-1],[2,56],[2,2],[2,2],[55,27],[23,13],[29,20],[36,21],[18,10],[10,3],[54,18],[32,9],[27,8],[10,2],[50,11],[62,13],[81,19],[41,8],[36,11],[9,1],[20,5],[20,8],[13,3],[24,2],[34,0],[24,-2],[12,0],[17,3],[14,9],[8,7],[6,7],[7,11],[13,23],[9,18],[12,36],[8,21],[20,38],[9,13],[11,10],[3,5],[4,3],[15,9],[8,6],[29,34],[11,16],[7,14],[5,15],[0,7],[2,13],[0,19],[-6,30],[-4,12],[-3,14],[5,22],[10,25],[9,18],[10,16],[9,11],[19,30],[15,19],[12,13],[0,6],[-2,14],[-13,53],[-7,20],[-9,22],[-12,24],[-19,32],[-8,13],[-16,25],[-19,21],[-16,21],[-20,24],[-34,36],[-4,4],[-26,26],[-62,63],[-31,30],[-4,8],[0,27],[-2,12],[0,11],[-4,19],[-15,50],[-13,33],[-5,10],[-7,21],[-7,7],[-4,5],[-6,22],[-3,6],[-26,41],[-7,19],[-4,15],[-2,20],[-2,4],[-1,11],[-1,8],[-6,14],[-15,48],[-9,47],[-11,46],[-16,42],[-26,61],[-18,36],[-13,22],[-25,32],[-25,30],[-31,46],[-18,20],[-4,5],[-13,14],[-15,21],[-13,13],[-9,13],[-7,12],[-8,13],[-16,13],[-9,9],[-6,3],[-41,38],[-59,56],[-30,28],[-33,33],[-22,18],[-9,5],[-6,2],[-5,1],[-16,-5],[-6,-3],[-32,-17],[-7,-5],[-11,-10],[-19,-11],[-27,-9],[-17,-2],[-12,2],[-18,5],[-21,4],[-13,6],[-8,6],[-11,10],[-23,25],[-4,3],[-5,3],[-12,2],[-43,-2],[-28,-3],[-5,2],[-4,3],[-15,15],[-4,6],[-29,50],[-12,13],[-4,4],[-6,2],[-7,0],[-16,-5],[-24,-16],[-8,-3],[-7,-1],[-11,1],[-26,11],[-12,3],[-11,0],[-13,-2],[-22,-5],[-32,-10],[-19,-7],[-19,-10],[-18,-8],[-2,-1],[-1,2],[-16,-6],[-18,-6],[-16,0],[-27,4],[-23,0],[-19,-2],[-33,-6],[-9,3],[-4,2],[-11,9],[-15,17],[-8,9],[-5,5],[-37,35],[-6,3],[-10,3],[-9,0],[-14,-3],[-23,-12],[-6,-4],[-5,-2],[-36,2],[-14,3],[-28,12],[-13,7],[-7,4],[-11,13],[-18,13],[-14,5],[-9,0],[-9,-3],[-11,1],[-10,6],[-15,16],[-7,3],[-3,1],[-7,-3],[-4,-6],[-2,-16],[-1,-11],[2,-33],[-2,-8],[-2,-3],[-4,-3],[-4,1],[-5,3],[-11,14],[-5,7],[-13,10],[-26,12],[-7,1],[-9,-2],[-1,-2],[-6,-2],[-9,-3],[-18,-10],[-5,-2],[-2,-2],[-8,-3],[-3,-4],[-8,-6],[-25,-22],[-3,-2],[-2,-3],[-3,0],[-3,-3],[-2,0],[-15,-11],[-19,-10],[-7,-6],[-13,-15],[-23,-38],[-5,-5],[-5,-9],[-7,-9],[-40,-44],[-8,-5],[-2,-1],[-11,24],[-1,7],[-2,2],[-1,7],[-9,25],[-4,20],[-2,19],[-1,5],[-1,13],[-7,23],[-7,15],[-7,10],[-7,7],[-2,3],[-5,2],[-12,3],[-5,6],[-4,9],[-11,27],[-4,9],[-5,4],[-6,2],[-12,3],[-11,1],[-17,-6],[-2,0],[-15,-6],[-23,-17],[-18,-11],[-18,-14],[-10,-5],[-10,-3],[-19,-1],[-7,3],[-4,3],[-3,8],[-2,5],[2,7],[6,15],[6,8],[24,27],[13,16],[5,10],[1,16],[-3,12],[-6,11],[-11,15],[-16,20],[-13,18],[-9,15],[-5,13],[-6,19],[0,15],[-4,30],[-1,13],[-3,14],[-10,18],[-13,17],[-15,16],[-10,7],[-18,9],[-28,11],[-47,12],[-22,5],[-7,1],[-8,2],[-11,2],[-13,3],[-8,4],[-10,8],[-25,33],[-10,11],[-6,5],[-15,8],[-15,6],[-12,8],[-13,15],[-16,23],[-20,21],[-20,25],[-19,20],[-26,31],[-14,18],[-19,27],[-27,34],[-19,18],[-15,11],[-25,20],[-7,4],[-7,7],[-18,13],[-18,17],[-38,27],[-30,26],[-7,2],[-6,0],[-7,2],[-10,-3],[-10,1],[-5,4],[-8,15],[-7,11],[-5,4],[-7,4],[-16,-4],[-3,-1],[-20,-3],[-15,5],[-18,10],[-7,6],[-5,8],[-1,14],[0,16],[-1,14],[-3,18],[-3,8],[-3,3],[-8,4],[-13,4],[-11,1],[-5,2],[-26,23],[-31,32],[-8,6],[-3,3],[-12,6],[-3,8],[10,8],[20,20],[9,9],[39,44],[17,23],[14,23],[2,5],[0,6],[-1,9],[-6,8],[-6,5],[-14,6],[-20,6],[-9,7],[-1,2],[0,4],[5,11],[10,13],[30,29],[7,4],[9,4],[7,1],[4,1],[5,-4],[5,-7],[0,-12],[-4,-20],[-1,-5],[2,-3],[3,0],[1,1],[5,7],[3,10],[2,9],[0,5],[0,1],[1,8],[3,11],[1,2],[5,1],[5,-3],[5,-6],[3,-2],[3,1],[2,3],[5,19],[0,21],[4,8],[5,5],[2,1],[5,0],[9,-6],[2,0],[6,1],[2,-1],[4,0],[2,2],[3,7],[1,9],[3,5],[13,15],[2,2],[4,9],[2,14],[3,6],[8,8],[7,5],[5,6],[3,5],[6,8],[9,8],[16,19],[6,8],[6,12],[5,4],[2,1],[7,0],[7,5],[3,5],[-1,7],[-3,12],[0,6],[2,5],[5,6],[6,2],[7,7],[43,58],[4,4],[3,1],[2,-1],[3,-2],[2,-5],[3,-5],[7,5],[10,7],[15,14],[1,3],[3,3],[13,20],[16,19],[9,7],[7,4],[2,2],[1,7],[-1,29],[1,7],[0,16],[2,6],[2,2],[13,11],[12,5],[1,1],[-3,-22],[0,-9],[7,-5],[4,-9],[2,-1],[6,0],[5,3],[4,5],[6,9],[12,14],[7,11],[9,8],[4,3],[6,1],[12,-4],[9,1],[20,38],[15,31],[15,14],[9,7],[4,1],[12,2],[20,2],[35,-2],[16,-3],[12,-5],[8,0],[18,-4],[17,-7],[24,-6],[11,1],[30,-3],[11,1],[4,-2],[8,-5],[13,3],[5,1],[31,-4],[8,2],[24,10],[185,79],[5,1],[1,2],[8,7],[10,6],[45,21],[14,7],[40,16],[26,14],[14,4],[24,11],[10,3],[1,-1],[7,3],[19,6],[6,3],[25,8],[48,26],[4,4],[2,5],[1,12],[-1,5],[-7,10],[-20,41],[-9,17],[-2,6],[-9,19],[-3,9],[-3,5],[-2,6],[-2,13],[4,8],[10,10],[3,4],[4,5],[2,3],[0,6],[0,32],[-1,18],[-5,20],[-11,30],[-8,32],[-4,31],[1,7],[3,4],[11,15],[1,3],[12,13],[6,9],[1,4],[-13,39],[-19,45],[-2,2],[-7,0],[-16,-1],[-27,0],[-15,1],[-18,7],[-14,7],[-12,8],[-50,26],[-33,7],[-15,5],[-32,5],[-7,0],[-10,0],[-17,4],[-11,8],[-6,6],[-5,9],[-6,15],[-1,6],[-4,12],[-5,16],[-2,8],[-9,41],[-2,8],[-4,17],[-2,13],[-1,24],[-4,27],[-6,39],[-6,41],[-1,11],[0,3],[-3,10],[-5,25],[-3,10],[-3,7],[-9,13],[-13,15],[-17,12],[-28,14],[-10,5],[-10,4],[-20,6],[-4,0],[-7,4],[-16,7],[-3,1],[-6,2],[-16,2],[-16,4],[-12,2],[-42,-2],[-19,2],[-86,17],[-27,3],[-16,4],[-9,1],[-52,11],[-13,0],[-16,2],[-30,-1],[-20,3],[-31,1],[-36,6],[-52,-2],[-11,2],[-13,5],[-7,4],[-10,11],[-15,17],[-22,31],[-30,32],[-49,67],[-5,6],[-12,10],[-9,7],[-37,23],[-22,12],[-15,7],[-24,6],[-12,7],[-11,8],[-10,6],[-27,21],[-8,5],[-18,8],[-10,2],[-5,2],[-12,2],[-4,2],[-13,4],[-5,4],[-7,10],[-3,10],[-2,17],[-4,10],[-6,7],[-8,6],[-11,5],[-27,5],[-20,6],[-18,7],[-41,20],[-30,16],[-60,30],[-26,17],[-19,18],[-11,6],[-4,3],[-6,9],[-5,12],[-9,16],[-9,21],[-3,10],[0,9],[1,10],[7,47],[2,28],[0,14],[-1,6],[-5,18],[-2,11],[-3,8],[-4,2],[-3,0],[-4,-3],[-3,-5],[-4,-13],[-14,-37],[-14,-24],[-18,-28],[-9,-12],[-4,-3],[-14,-20],[-6,-8],[-20,-22],[-36,-36],[-16,-13],[-13,-9],[-32,-19],[-19,-17],[-12,-13],[-13,-23],[-24,-37],[-9,-13],[-12,-14],[-6,-6],[-4,-2],[-4,-6],[-22,-17],[-13,-8],[-9,-5],[-22,-8],[-41,-18],[-20,-12],[-19,-13],[-56,-48],[-26,-23],[-11,-12],[-24,-26],[-27,-27],[-24,-27],[-42,-43],[-22,-26],[-5,-3],[0,-3],[-21,-23],[-6,-5],[-10,-7],[-7,-3],[-5,0],[0,23],[0,23],[-7,35],[-1,16],[-4,11],[-6,7],[-8,12],[-7,20],[-7,11],[-3,3],[-5,3],[-9,1],[-10,-3],[-6,-5],[-9,-16],[-9,-14],[-9,-8],[-10,-6],[-21,-6],[-9,-1],[-7,1],[-15,6],[-10,6],[-5,5],[-12,17],[-12,24],[-2,6],[0,7],[-3,16],[0,7],[-1,7],[-10,21],[-4,20],[-9,23],[-3,19],[2,23],[-1,12],[-7,22],[-6,34],[-5,15],[-4,9],[-8,9],[-10,4],[-10,3],[-2,1],[-9,3],[-6,2],[-6,7],[-2,4],[-3,17],[-2,29],[-2,12],[-3,5],[-8,10],[-4,6],[-6,19],[-5,7],[-10,6],[-21,14],[-14,4],[-28,1],[-6,2],[-4,2],[-10,9],[-7,3],[-11,2],[-19,-2],[-8,0],[-5,2],[-29,14],[-8,10],[-3,6],[0,12],[-3,9],[-13,15],[-4,8],[-6,15],[-10,36],[-6,25],[-9,55],[-1,16],[0,9],[-1,14],[1,17],[-3,57],[0,8],[1,9],[3,13],[6,17],[1,16],[-1,18],[7,24],[5,9],[6,15],[4,13],[-1,57],[3,12],[7,15],[3,10],[3,4],[8,7],[4,8],[-3,11],[-6,11],[-6,7],[-3,5],[-1,18],[-2,6],[-3,2],[-5,6],[-1,19],[-5,11],[-2,5],[0,4],[2,7],[11,19],[1,8],[-3,12],[0,18],[-2,12],[-4,8],[-8,7],[-6,8],[-1,5],[-1,9],[3,7],[4,5],[8,7],[13,10],[6,5],[4,9],[4,14],[8,11],[3,8],[-1,5],[-2,3],[-3,3],[-8,5],[-10,2],[-32,0],[-6,2],[-4,6],[-1,16],[-1,6],[-1,16],[-3,9],[-10,19],[-9,14],[-5,6],[-13,11],[-15,8],[-32,14],[-22,5],[-6,6],[-2,7],[0,7],[2,14],[6,35],[2,16],[15,81],[4,29],[1,29],[-1,8],[-4,10],[-5,6],[-5,3],[-5,2],[-26,5],[-6,3],[-3,4],[-3,6],[0,13],[0,14],[-1,17],[-2,8],[-4,5],[-8,4],[-19,-1],[-12,0],[-11,1],[-29,0],[-13,2],[-7,3],[-3,3],[-6,12],[-2,8],[-4,14],[-1,13],[-6,25],[-3,15],[0,21],[-1,6],[-8,25],[-7,19],[-6,14],[-1,16],[7,28],[0,19],[-4,33],[0,61],[-1,23],[-3,28],[-4,23],[-7,28],[-22,70],[-5,22],[-2,5],[0,6],[-1,9],[1,15],[4,14],[12,34],[3,17],[2,10],[0,14],[-3,19],[-10,37],[0,9],[1,7],[6,18],[20,49],[13,28],[19,33],[9,16],[13,20],[12,20],[6,16],[3,24],[1,2],[5,5],[10,5],[14,4],[8,3],[-8,12],[-8,11],[-1,12],[-1,26],[-15,53],[-6,63],[-25,66],[-3,72],[5,19],[35,27],[12,14],[2,32],[-57,118],[-28,55],[2,28],[-3,24],[-16,16],[-19,17],[-28,50],[-19,55],[-12,33],[5,4],[-2,2],[-22,48],[-11,29],[-7,23],[-1,10],[-1,14],[2,21],[-2,15],[-7,18],[-11,19],[-6,8],[-5,1],[-5,2],[-16,-2],[-33,-9],[-10,0],[-14,1],[-13,-3],[-12,-2],[-12,0],[22,44],[29,54],[3,2],[1,1],[18,26],[13,25],[15,33],[4,12],[1,15],[-1,10],[-4,19],[0,12],[3,9],[8,16],[4,12],[5,5],[8,0],[12,3],[14,9],[9,7],[6,9],[6,8],[6,14],[4,14],[1,13],[-3,12],[-1,14],[1,23],[1,10],[6,12],[5,9],[13,17],[26,25],[2,5],[6,20],[4,6],[7,5],[12,3],[6,3],[18,13],[5,2],[5,2],[9,3],[9,1],[23,-5],[15,-2],[21,0],[31,8],[6,0],[51,-7],[7,1],[3,3],[4,5],[5,3],[3,1],[12,-4],[10,-6],[11,-10],[12,-16],[4,-3],[5,-1],[6,2],[7,5],[3,0],[8,7],[10,14],[22,41],[12,16],[13,12],[17,10],[10,8],[13,13],[8,5],[4,2],[2,3],[8,32],[4,17],[5,18],[26,80],[6,19],[8,21],[14,51],[10,27],[9,20],[0,4],[-1,1],[-1,4],[-9,10],[-3,4],[45,50],[9,15],[2,4],[-5,10],[-36,42],[-73,72],[-10,11],[-7,18],[-6,19],[-6,14],[-7,14],[-21,48],[-41,72],[-21,19],[-32,10],[-22,12],[-34,-2],[-36,0],[5,16],[19,39],[22,16],[2,13],[-1,19],[-22,14],[-1,13],[15,26],[21,15],[43,19],[24,19],[16,17],[16,16],[2,7],[15,48],[13,26],[8,8],[12,14],[20,21],[23,46],[20,18],[15,34],[3,7],[15,23],[44,46],[21,30],[-1,14],[0,5],[30,29],[45,24],[31,20],[41,28],[27,18],[11,17],[1,0],[19,14],[3,5],[3,6],[3,29],[5,6],[23,1],[29,-8],[16,-6],[6,1],[8,24],[12,42],[15,18],[8,9],[5,12],[3,35],[8,52],[-17,109],[-9,34],[-13,32],[-2,21],[4,32],[23,20],[4,18],[-2,48],[15,14],[3,3],[3,10],[2,13],[6,15],[5,7],[7,10],[16,16],[11,15],[15,15],[4,8],[2,5],[0,7],[0,7],[-6,19],[-4,29],[2,23],[2,13],[9,25],[5,13],[13,26],[6,15],[4,7],[4,9],[4,11],[4,14],[2,21],[-1,11],[-2,15],[20,19],[69,68],[38,37],[1,17],[1,268],[1,68],[5,6],[20,36],[8,12],[6,4],[15,8],[6,3],[11,9],[7,11],[2,5],[1,7],[-1,19],[1,5],[4,12],[3,16],[1,8],[-2,10],[-4,12],[-5,7],[-23,31],[-8,16],[-3,12],[-5,55],[-9,50],[-4,28],[-3,12],[0,9],[-2,12],[-3,12],[-15,24],[-29,43],[-8,14],[-8,17],[-11,16],[-9,7],[-1,5],[1,14],[3,22],[10,42],[3,10],[9,0],[6,1],[13,4],[24,13],[10,6],[27,1],[72,-4],[18,-1],[60,15],[28,3],[25,-2],[17,-6],[31,-17],[33,-36],[21,-18],[7,-3],[7,-3],[23,1],[30,12],[7,5],[-7,39],[-4,25],[-4,8],[-10,24],[-12,27],[-2,10],[-4,22],[-11,26],[-1,13],[0,12],[7,17],[2,2],[0,1],[2,2],[12,18],[9,22],[3,19],[0,17],[-1,10],[-5,15],[-7,13],[-7,10],[-20,15],[-7,10],[-4,10],[-13,63],[-24,52],[-4,5],[-4,9],[-4,10],[-4,27],[1,40],[-2,26],[-6,25],[-7,14],[-5,19],[-10,49],[-5,42],[-3,8],[-2,3],[-7,3],[-7,77],[-4,37],[-28,95],[-19,29],[-1,2],[-9,17],[30,23],[8,8],[26,22],[23,15],[14,11],[14,14],[15,19],[7,11],[10,12],[5,8],[6,11],[8,23],[7,10],[21,22],[11,8],[9,11],[7,11],[4,13],[1,16],[0,8],[-11,37],[-2,7],[0,9],[-2,8],[-2,2],[-6,3],[-16,-4],[-6,1],[-7,6],[-17,19],[-4,3],[-6,3],[-9,1],[-3,2],[-11,2],[-5,6],[-2,5],[1,26],[-2,9],[-4,8],[-8,4],[-4,1],[-4,-2],[-8,-6],[-18,-19],[-13,-17],[-4,-4],[-4,-2],[-5,2],[-5,6],[-20,36],[-2,6],[-2,12],[-3,19],[-1,4],[-3,6],[-5,4],[-5,1],[-6,0],[-10,-2],[-10,-3],[-9,0],[-7,1],[-7,7],[-5,9],[0,6],[1,9],[4,13],[2,7],[0,10],[-1,4],[-5,4],[-8,5],[-19,4],[-15,0],[-15,2],[-33,-11],[-35,-20],[-8,-9],[-8,-6],[-26,-14],[-10,-7],[-10,-5],[-14,-4],[-21,-3],[-13,3],[-11,6],[-8,6],[-6,9],[-2,5],[-2,4],[-19,41],[-4,5],[-4,4],[-16,8],[-16,13],[-6,3],[-5,1],[-20,0],[-10,2],[-15,5],[-8,6],[-6,8],[-5,13],[-2,10],[-1,15],[-2,11],[-4,6],[-5,5],[-15,4],[-11,-2],[-6,-4],[-11,-11],[-4,-1],[-7,0],[-11,6],[-6,0],[-16,-2],[-13,-5],[-8,-2],[-3,2],[-9,11],[-8,-4],[-6,3],[-5,9],[-8,19],[-7,10],[-9,12],[-1,4],[1,5],[19,18],[12,8],[9,3],[6,0],[23,-6],[7,0],[6,2],[8,4],[14,13],[17,18],[10,8],[8,5],[52,14],[26,6],[24,8],[27,14],[15,10],[7,2],[5,1],[4,-1],[3,0],[10,-2],[11,-6],[9,-2],[6,0],[10,2],[9,3],[12,9],[11,12],[17,25],[8,15],[4,12],[8,15],[7,21],[8,19],[4,13],[12,31],[12,28],[6,11],[3,9],[15,30],[30,41],[10,12],[19,16],[5,2],[21,13],[3,4],[12,10],[14,14],[6,10],[12,35],[1,3],[1,8],[0,7],[-2,28],[3,10],[2,3],[12,13],[8,8],[8,12],[8,18],[10,24],[6,10],[14,16],[29,26],[14,7],[32,10],[17,4],[64,9],[31,8],[26,11],[33,9],[14,2],[15,1],[11,1],[23,9],[8,4],[11,8],[10,12],[3,7],[5,10],[8,30],[4,7],[6,5],[10,13],[11,17],[15,32],[7,16],[15,28],[3,9],[4,14],[10,30],[12,24],[4,13],[14,26],[9,12],[6,6],[15,12],[20,19],[19,21],[10,14],[7,7],[10,4],[22,6],[21,9],[19,9],[9,8],[6,8],[7,17],[13,54],[7,18],[12,24],[11,18],[8,16],[11,17],[11,15],[14,16],[16,11],[11,6],[9,9],[8,10],[20,31],[19,41],[9,13],[22,19],[25,24],[14,9],[24,12],[10,4],[7,5],[10,10],[7,6],[8,12],[9,14],[4,10],[8,12],[12,13],[16,15],[24,29],[5,7],[2,5],[2,6],[0,10],[-2,8],[-1,2],[-6,17],[-19,44],[-10,25],[-17,51],[-7,16],[-4,12],[-5,27],[-2,8],[-1,15],[0,67],[-2,23],[-6,66],[-5,23],[-3,31],[1,42],[-1,41],[1,3],[2,3],[0,2],[12,14],[17,23],[8,11],[42,60],[12,23],[14,21],[8,16],[5,13],[2,8],[1,7],[-2,23],[-3,15],[-13,41],[-13,31],[-3,8],[-8,15],[-24,50],[-17,27],[-23,31],[-8,14],[-6,14],[-5,19],[-6,27],[-5,18],[-11,25],[-8,16],[-30,54],[-20,42],[-11,37],[-16,71],[-9,26],[-19,36],[-24,32],[-21,33],[-14,26],[-6,17],[-4,12],[-12,48],[-12,37],[-4,9],[-8,11],[-41,47],[-47,65],[-4,9],[-3,4],[-9,20],[-9,16],[-8,18],[-4,10],[-3,17],[0,16],[3,14],[3,10],[6,13],[10,15],[4,9],[6,19],[7,19],[13,20],[5,10],[6,19],[4,8],[13,21],[21,36],[10,20],[7,22],[3,15],[1,17],[-1,12],[-2,56],[-3,16],[0,18],[3,15],[2,9],[4,10],[8,18],[1,9],[-4,2],[10,37],[24,90],[18,81],[-8,41],[-21,39],[-33,41],[-6,4],[8,4],[-14,12],[-49,31],[-8,7],[-7,5],[-12,10],[-7,10],[-5,5],[-24,12],[-9,6],[-14,13],[-18,14],[-16,18],[-12,10],[-12,18],[-8,19],[-2,10],[1,4],[-1,4],[2,6],[1,12],[3,7],[4,8],[9,12],[13,20],[3,7],[9,15],[-5,1],[2,0],[3,0],[1,-2],[3,-1],[5,-3],[6,-3],[10,2],[12,9],[18,14],[6,7],[7,9],[2,5],[1,11],[0,6],[-1,2],[0,12],[-1,13],[0,16],[2,13],[6,16],[21,46],[4,21],[6,18],[1,3],[-3,1],[-8,2],[-14,2],[-57,-2],[-20,-3],[-26,-8],[-22,-14],[-13,-5],[-26,-9],[-18,-3],[-14,2],[-17,5],[-7,4],[-13,3],[-7,0],[-9,2],[-8,0],[-6,-1],[-7,-4],[-37,-26],[-7,-6],[-12,-13],[-9,-5],[-30,-9],[-19,-3],[-17,0],[-8,1],[-18,7],[-65,37],[-37,18],[-26,14],[-18,7],[-16,9],[-23,15],[-10,6],[-15,7],[-7,1],[-96,-41],[-20,-9],[-40,-25],[-40,-26],[1,18],[1,18],[13,33],[6,24],[0,14],[-1,3],[-2,7],[-2,5],[-1,13],[-3,32],[-3,21],[-1,34],[4,42],[2,30],[3,19],[2,32],[8,53],[3,104],[4,24],[6,16],[7,27],[0,8],[-1,11],[1,17],[9,48],[7,70],[5,18],[3,24],[2,6],[1,5],[3,10],[11,25],[5,9],[5,15],[3,17],[0,20],[-3,11],[-1,10],[-7,23],[-4,25],[-2,17],[-1,31],[2,14],[8,38],[4,14],[11,31],[11,19],[3,3],[4,6],[24,25],[7,6],[11,6],[26,9],[26,23],[2,4],[16,12],[24,25],[15,13],[14,18],[11,9],[4,6],[3,1],[8,9],[37,30],[17,11],[4,8],[4,14],[5,7],[23,18],[8,8],[14,12],[7,8],[16,22],[3,7],[5,14],[4,20],[0,32],[1,14],[6,21],[18,56],[4,7],[14,14],[27,22],[14,14],[15,20],[11,18],[10,13],[6,9],[9,8],[21,13],[10,4],[9,1],[5,-1],[1,-1],[25,-5],[10,-3],[10,0],[22,6],[15,7],[9,7],[4,4],[13,26],[12,22],[5,7],[2,6],[12,18],[7,6],[6,5],[2,1],[14,-1],[10,1],[11,0],[2,1],[9,0],[25,6],[30,8],[12,2],[66,20],[4,3],[32,6],[15,5],[10,2],[3,3],[6,15],[2,22],[2,9],[2,14],[10,48],[5,16],[6,18],[14,31],[11,19],[11,16],[17,19],[18,29],[9,21],[5,31],[1,8],[6,37],[3,31],[1,23],[1,5],[-1,5],[1,18],[5,29],[0,13],[1,6],[0,4],[-1,43],[-4,31],[-4,15],[-5,12],[-7,28],[-5,14],[-5,27],[-11,47],[-4,20],[-9,21],[-7,10],[-5,5],[-12,12],[-21,10],[-12,2],[-21,0],[-9,-1],[-15,-5],[-48,-10],[-44,-15],[-22,1],[-3,1],[-1,2],[-7,1],[-5,3],[-9,11],[-9,12],[-3,7],[-1,6],[0,11],[-5,10],[-6,12],[-13,15],[-8,6],[-6,4],[-5,2],[-11,1],[-15,-1],[-24,-5],[-47,-14],[-19,-3],[-8,-3],[-1,1],[-9,-3],[-19,-2],[-16,1],[-11,2],[-18,5],[-6,4],[-4,4],[-1,4],[-2,9],[2,6],[5,8],[6,6],[41,25],[14,13],[4,7],[2,5],[0,6],[4,9],[18,24],[37,41],[29,32],[9,13],[14,27],[4,14],[6,15],[3,11],[4,9],[8,6],[16,4],[9,3],[17,9],[9,8],[11,15],[7,13],[11,22],[6,17],[8,17],[6,8],[7,4],[8,0],[7,-2],[4,-4],[4,-7],[1,-5],[1,-9],[0,-43],[2,-6],[4,-5],[5,-3],[4,0],[7,1],[3,3],[7,7],[16,27],[14,21],[6,5],[6,1],[4,0],[5,-3],[5,-8],[8,-19],[5,-24],[5,-13],[6,-9],[6,-5],[3,-2],[5,0],[19,4],[6,4],[6,6],[7,12],[6,9],[2,5],[9,30],[6,16],[5,7],[6,4],[8,0],[10,-4],[13,-10],[20,-18],[10,-12],[8,-4],[9,-2],[7,0],[9,1],[9,4],[9,11],[6,12],[4,11],[3,12],[3,22],[3,66],[2,10],[8,13],[-22,28],[-7,14],[-10,23],[-7,26],[-3,24],[-1,52],[2,33],[4,26],[1,12],[-1,13],[-3,9],[-2,14],[-7,43],[-8,37],[-10,34],[-5,21],[-3,20],[-3,6],[-10,7],[-22,15],[-20,11],[-5,4],[-5,7],[-16,25],[-6,6],[-8,2],[-14,-1],[-9,1],[-7,5],[-10,11],[-7,4],[-11,3],[-3,0],[-4,2],[-12,-2],[-18,-7],[-10,-1],[-7,2],[-8,5],[-7,7],[-4,6],[-3,9],[0,5],[0,4],[4,11],[18,30],[27,39],[4,6],[3,9],[-1,9],[-1,8],[-9,25],[-7,18],[0,5],[-13,38],[-3,11],[-21,84],[-8,26],[-19,44],[-4,15],[-6,27],[1,19],[-3,33],[4,37],[2,29],[8,54],[6,13],[4,6],[14,12],[9,5],[7,2],[32,8],[8,5],[4,4],[7,13],[7,26],[5,14],[4,18],[4,5],[4,5],[9,4],[5,2],[36,1],[12,2],[7,6],[9,16],[-10,9],[13,32],[11,6],[11,5],[8,18],[8,19],[3,15],[2,11],[1,1],[3,12],[6,8],[5,3],[9,3],[8,1],[10,-4],[5,-2],[-2,8],[-7,27],[-5,14],[-14,21],[-16,23],[-15,16],[-17,15],[-37,24],[-48,29],[-18,11],[-18,11],[-14,11],[-25,16],[-46,27],[-24,15],[-43,30],[-26,16],[-25,18],[-34,21],[-13,6],[-19,11],[-15,10],[-16,17],[-29,43],[-24,29],[-19,28],[-9,32],[-7,21],[-23,51],[-5,7],[-3,3],[-8,5],[-39,10],[-27,6],[-22,0],[-7,6],[-4,10],[-1,4],[1,5],[3,13],[8,9],[6,5],[4,3],[6,1],[35,2],[29,9],[12,2],[22,11],[28,7],[27,9],[18,9],[6,2],[5,3],[9,3],[23,19],[10,11],[11,17],[13,22],[21,46],[5,22],[1,13],[0,8],[-3,17],[-3,5],[-7,7],[-7,3],[-8,1],[-41,1],[-49,3],[-25,2],[-33,-4],[-26,3],[-15,4],[-7,4],[-8,12],[-4,9],[-2,8],[1,5],[1,5],[4,11],[12,13],[26,25],[7,8],[16,14],[4,5],[11,22],[2,14],[-2,8],[-2,6],[-14,28],[-10,15],[-6,7],[-10,9],[-14,9],[-28,0],[-31,-5],[-30,-3],[-19,1],[-15,4],[-8,5],[-15,15],[-11,17],[-23,28],[-7,7],[-8,9],[-6,6],[-4,2],[-9,6],[-9,5],[-26,5],[-9,3],[-17,0],[-13,-1],[-14,-3],[-11,-5],[-46,-25],[-40,-17],[-36,-18],[-22,-9],[-5,0],[-32,-10],[-16,-9],[-11,-4],[-12,-6],[-20,-6],[-6,-2],[-8,-3],[-13,-4],[-2,-2],[-34,-7],[-32,-5],[-16,-4],[-37,-13],[-37,-8],[-14,-2],[-52,3],[-4,-1],[-23,1],[-25,-1],[-6,-2],[-8,-4],[-13,-11],[-8,-12],[-5,-4],[-5,-10],[-10,-13],[-6,-6],[-7,-9],[-10,-8],[-23,-10],[-29,-8],[-19,-6],[-17,-5],[-17,-2],[-30,-3],[-19,1],[-8,1],[-2,3],[-13,1],[-23,0],[-12,-3],[-5,-4],[-3,-4],[-13,-28],[-2,-3],[-13,-22],[-18,-22],[-6,-5],[-14,-8],[-29,-11],[-10,-3],[-11,-1],[-3,1],[-7,3],[-9,6],[-13,15],[-7,10],[-9,15],[-10,11],[-14,3],[-7,-3],[-7,-6],[-4,-8],[-1,-4],[-1,-25],[-4,-6],[-1,-9],[-5,-10],[-7,-7],[-12,-7],[-8,-2],[-18,0],[-5,3],[-1,2],[0,5],[6,14],[0,17],[-2,13],[1,2],[-1,1],[0,7],[-4,24],[-1,13],[-5,35],[-1,21],[0,24],[2,47],[2,23],[4,21],[4,12],[6,10],[27,300],[46,314],[46,196],[-66,674],[-199,649],[-198,648],[37,48],[18,104],[18,104],[25,79],[51,87],[26,99],[91,164],[76,83],[16,88],[-24,100],[-55,85],[-27,193],[0,115],[75,187],[28,98],[-56,82],[-64,30],[-24,-33],[-201,180],[-188,194],[-67,13],[-92,319],[-22,103],[21,104],[53,-13],[61,-143],[37,-38],[131,-64],[129,-121],[297,49],[223,-14],[129,19],[98,50],[62,-15],[50,-67],[72,-20],[6,-44],[-45,-85],[20,-84],[144,-163],[80,-91],[99,-7],[53,21],[101,-3],[61,-14],[159,-3],[136,-2],[24,-1],[12,1],[6,-4],[10,-13],[10,-14],[7,-7],[7,-3],[28,-9],[9,-5],[6,-4],[2,-4],[2,-6],[-1,-9],[-1,-3],[0,-10],[3,-8],[5,-5],[8,-3],[6,-2],[28,3],[19,2],[32,11],[8,8],[6,16],[5,6],[4,4],[6,1],[6,-2],[10,-5],[15,-18],[10,-6],[23,-3],[22,-8],[22,-6],[10,1],[130,-74],[133,-102],[99,-77],[164,-46],[86,47],[43,-11],[29,-46],[-7,-20],[-6,-20],[9,-42],[48,-41],[33,13],[36,-48],[18,-97],[31,-108],[115,-219],[221,90],[435,-37],[246,-62],[-9,121],[-31,117],[-53,71],[-18,62],[-13,108],[-42,44],[-102,19],[-104,83],[-45,70],[-20,63],[21,150],[34,66],[34,66],[42,110],[11,95],[-1,74],[-61,30],[-53,14],[-50,23],[-60,38],[-59,55],[-59,99],[-60,128],[-1,3],[-31,66],[-5,104],[12,43],[53,26],[14,2],[7,-4],[27,-25],[34,-26],[47,4],[34,35],[-13,147],[-17,61],[-27,79],[-44,42],[-51,13],[-49,22],[-145,20],[-39,10],[-18,35],[-1,71],[25,58],[-2,59],[-34,76],[-67,91],[-67,91],[-60,97],[1,60],[22,71],[47,56],[36,12],[72,-31],[46,12],[17,26],[-1,60],[-84,181],[-78,131],[-42,69],[-4,50],[16,59],[28,67],[-2,9],[-3,8],[-7,15],[-6,6],[-8,7],[-13,7],[-30,7],[-16,2],[-28,0],[-15,3],[-8,0],[-30,9],[-15,6],[-13,8],[-4,2],[-15,11],[-16,17],[-11,15],[-3,5],[-9,14],[-3,7],[-2,2],[-4,9],[-7,22],[-6,14],[-12,37],[-5,27],[-3,25],[-1,51],[-2,10],[-6,9],[-2,4],[-10,3],[-10,2],[-10,4],[-10,5],[-8,5],[-10,9],[-6,11],[-1,5],[0,6],[1,12],[7,25],[3,9],[4,15],[2,20],[-3,31],[-4,18],[-3,10],[-16,40],[-2,9],[-5,14],[-1,7],[2,17],[4,17],[7,17],[19,30],[15,31],[3,9],[6,20],[6,13],[12,19],[8,8],[9,6],[30,17],[11,4],[18,4],[23,2],[35,2],[41,0],[31,-1],[17,0],[33,-2],[47,-7],[26,-1],[53,2],[20,-3],[5,0],[15,18],[22,-7],[14,-3],[4,2],[4,-3],[55,-11],[36,-5],[52,-11],[27,-2],[58,0],[18,2],[104,1],[50,0],[25,-5],[26,-7],[42,-18],[38,-26],[22,-9],[10,0],[10,3],[20,17],[4,8],[0,5],[3,5],[3,28],[-5,109],[2,26],[22,95],[14,39],[36,88],[10,33],[18,72],[4,40],[0,28],[-3,28],[-17,79],[-2,28],[1,30],[-3,16],[2,5],[0,9],[-9,21],[1,3],[-2,10],[-24,53],[-41,53],[-5,7],[-2,8],[-15,23],[-55,70],[-30,38],[-45,73],[-17,56],[-35,91],[-17,56],[-5,25],[-1,30],[2,90],[7,63],[-1,46],[-4,25],[-14,33],[-30,51],[-4,2],[-9,15],[-25,35],[-62,81],[-39,55],[-15,23],[-3,8],[-32,45],[-7,15],[-4,5],[-9,15],[-1,6],[-4,5],[-5,10],[-10,12],[-4,10],[-7,10],[-22,51],[-15,41],[-18,38],[-12,18],[-18,20],[-19,16],[-21,14],[-34,1],[-7,4],[-12,10],[-22,19],[-22,20],[-11,8],[-6,7],[-2,0],[-25,22],[-29,29],[-19,17],[-36,18],[-8,4],[-10,7],[-22,27],[-15,31],[-4,15],[-1,13],[5,15],[4,10],[20,31],[31,32],[10,15],[3,9],[11,43],[1,14],[1,4],[0,10],[1,5],[0,12],[-1,5],[-1,4],[-4,5],[-8,7],[-16,9],[-41,31],[-18,13],[-5,4],[-15,17],[-14,11],[-16,6],[-13,1],[-7,-1],[-23,-6],[-14,-2],[-14,0],[-6,2],[-11,5],[-14,13],[-13,16],[-6,10],[-10,22],[-7,18],[-3,16],[-2,17],[4,12],[8,10],[11,6],[7,1],[44,12],[14,6],[20,10],[15,10],[11,10],[16,23],[15,25],[13,28],[1,8],[8,22],[4,19],[0,16],[-3,14],[-5,16],[-8,12],[-8,11],[-7,7],[-6,4],[-9,5],[-11,3],[-15,2],[-29,0],[-8,-1],[-17,-1],[-20,-5],[-28,-9],[-40,-15],[-27,-7],[-13,-1],[-17,0],[-3,-1],[-22,-3],[-8,0],[-19,3],[-50,7],[-45,1],[-25,-2],[-15,1],[-8,2],[-15,8],[-8,6],[-9,10],[-10,16],[-6,11],[-1,4],[1,9],[-1,7],[-9,20],[-10,12],[-9,26],[-3,16],[-3,42],[-6,48],[-4,14],[-5,11],[-5,27],[0,14],[1,9],[3,19],[6,13],[5,9],[11,13],[40,30],[32,31],[16,22],[7,6],[32,32],[4,5],[2,5],[-1,55],[-3,33],[-6,37],[-7,28],[-5,25],[-11,32],[-28,73],[-8,28],[-4,20],[-6,55],[-2,38],[-7,51],[-3,35],[-1,2],[1,4],[-2,9],[-1,14],[-3,23],[-5,29],[-5,32],[-6,26],[-3,10],[-5,12],[-8,13],[-11,16],[-2,2],[-1,3],[-6,11],[-4,12],[-9,38],[-2,9],[1,4],[-1,3],[0,9],[1,14],[3,11],[-1,17],[1,13],[-2,17],[-4,15],[-20,41],[-7,18],[-3,17],[-1,11],[1,15],[3,16],[10,44],[12,86],[1,28],[-2,20],[0,18],[-7,45],[-5,20],[-4,13],[-20,47],[-10,17],[-8,11],[-14,18],[-18,25],[-14,15],[-12,6],[-14,7],[-1,2],[-25,20],[-10,9],[-4,3],[-14,7],[-18,4],[-6,1],[-9,4],[-16,12],[-11,6],[-12,8],[-4,5],[-11,9],[-14,9],[-14,12],[-40,31],[-25,14],[-24,7],[-10,5],[-10,6],[-13,9],[-23,19],[-16,16],[-20,28],[-15,25],[-30,46],[-13,34],[-5,24],[-4,35],[-1,28],[1,40],[2,30],[0,12],[2,4],[1,12],[3,21],[7,25],[8,20],[3,13],[1,12],[0,15],[-4,21],[-16,60],[-12,35],[-17,28],[-7,9],[-5,5],[-25,14],[-27,12],[-18,6],[-19,12],[-12,9],[-16,16],[-19,16],[-4,6],[-6,6],[-14,19],[-21,25],[-14,21],[-12,28],[-8,25],[-4,16],[-1,18],[-1,4],[0,8],[3,18],[3,6],[4,16],[6,13],[19,23],[25,22],[10,8],[18,20],[14,18],[8,14],[20,47],[13,24],[5,14],[8,37],[0,14],[-1,19],[-6,23],[-8,19],[-8,13],[-17,24],[-12,17],[-19,22],[-7,10],[-5,12],[-7,29],[-7,54],[-11,41],[-1,13],[1,8],[2,18],[3,13],[17,34],[11,34],[16,32],[17,38],[9,14],[63,69],[13,22],[9,16],[1,5],[4,4],[4,12],[2,14],[-1,16],[-2,5],[-16,23],[-2,2],[-6,8],[-8,8],[-10,8],[-8,7],[-13,7],[-15,5],[-15,8],[-33,10],[-18,10],[-20,14],[-27,16],[-10,7],[-16,17],[-10,8],[-21,12],[-12,6],[-5,3],[-9,3],[-7,3],[-55,10],[-13,8],[-7,8],[-4,6],[-3,11],[0,17],[2,12],[6,12],[25,28],[35,32],[6,8],[9,10],[22,21],[10,7],[4,4],[35,25],[47,49],[13,12],[18,15],[10,11],[2,5],[1,9],[-1,14],[-3,25],[0,21],[2,11],[4,12],[12,33],[4,18],[1,3],[2,14],[4,60],[10,74],[8,34],[5,19],[23,61],[4,23],[-2,17],[-2,7],[-4,12],[-19,26],[-19,25],[-11,19],[-8,19],[-2,8],[-1,8],[-7,27],[-9,52],[-7,25],[-3,9],[-8,16],[-22,33],[-9,15],[-22,28],[-37,46],[-57,62],[-48,73],[-10,18],[-16,33],[-6,16],[-1,4],[-4,9],[-3,10],[-3,14],[-11,34],[-14,26],[-5,8],[-10,20],[-10,24],[-7,19],[-4,19],[-3,7],[-4,17],[-6,17],[-3,5],[-5,16],[-5,27],[-4,55],[2,49],[1,25],[0,14],[-2,7],[0,4],[-2,6],[-6,17],[-8,18],[-8,14],[-11,25],[-9,32],[-2,15],[1,7],[-1,2],[4,14],[7,9],[6,5],[10,13],[7,13],[4,13],[1,8],[-1,13],[-7,24],[-7,18],[-12,17],[-15,29],[-18,29],[-24,47],[-4,18],[-1,26],[-3,23],[-9,28],[-16,35],[-13,22],[-13,16],[-5,4],[-3,1],[-3,4],[-7,7],[-6,3],[-4,4],[-6,25],[-2,16],[-2,24],[-1,15],[1,7],[1,16],[5,24],[3,21],[2,16],[0,2],[3,9],[4,32],[7,24],[6,29],[8,30],[8,42],[9,39],[7,34],[6,16],[11,36],[9,21],[10,19],[12,19],[7,9],[2,4],[27,36],[12,19],[10,16],[6,14],[13,36],[5,15],[7,38],[-1,22],[-1,20],[-2,12],[-2,8],[-1,6],[-6,16],[-16,36],[-13,22],[-31,44],[-13,25],[-19,28],[-8,18],[-8,21],[-3,5],[0,2],[-20,43],[-4,17],[-1,13],[1,16],[3,9],[4,8],[13,19],[24,22],[10,12],[12,25],[7,18],[1,9],[3,7],[3,14],[-1,22],[-1,11],[-8,19],[-3,12],[-2,13],[1,11],[2,10],[6,15],[7,11],[10,12],[6,10],[15,27],[11,21],[9,24],[6,23],[2,18],[4,16],[14,21],[4,13],[1,9],[-1,14],[0,19],[1,33],[1,6],[1,37],[2,15],[1,41],[3,19],[-1,76],[-1,16],[-6,33],[-13,43],[-3,11],[-2,4],[-2,12],[-4,11],[-5,21],[-6,30],[0,10],[-1,2],[-1,16],[1,17],[2,25],[5,16],[4,10],[4,5],[18,33],[5,12],[2,10],[1,10],[-2,9],[-6,16],[-3,18],[1,13],[2,8],[12,32],[17,37],[11,31],[14,50],[6,29],[13,46],[12,57],[2,18],[-1,16],[-4,18],[-20,53],[-4,20],[0,10],[2,11],[5,12],[5,7],[5,7],[8,11],[45,51],[14,18],[13,26],[3,10],[0,8],[0,15],[-2,9],[-4,10],[-11,20],[-23,28],[-5,7],[-19,28],[-9,10],[-22,29],[-6,7],[-23,20],[-13,15],[-3,5],[-9,17],[-4,17],[-2,12],[0,30],[5,15],[15,29],[14,20],[21,31],[17,26],[32,46],[10,10],[20,16],[28,21],[32,21],[21,16],[30,33],[9,13],[3,8],[1,13],[-1,5],[1,6],[-3,13],[-6,16],[-13,22],[-8,15],[-4,16],[-14,61],[-4,32],[-3,22],[-1,8],[-3,25],[-1,15],[-4,16],[-5,10],[-4,11],[-12,25],[-2,7],[-2,11],[1,10],[11,35],[7,12],[8,8],[7,7],[8,6],[9,4],[6,0],[7,-2],[9,-3],[8,-4],[12,-9],[8,-7],[8,-8],[5,-8],[11,-19],[7,-8],[3,-3],[15,-6],[10,-9],[5,-2],[13,-1],[13,3],[5,1],[5,3],[7,6],[10,22],[4,13],[1,10],[2,3],[3,15],[7,23],[6,13],[8,22],[1,6],[3,9],[3,12],[1,10],[-1,1],[2,32],[4,16],[7,21],[15,28],[7,16],[9,17],[4,12],[4,6],[13,27],[4,17],[2,25],[-2,20],[-2,8],[-1,1],[0,7],[-3,11],[-10,32],[-3,11],[0,7],[0,10],[4,13],[5,12],[4,7],[25,26],[16,15],[7,5],[16,8],[19,2],[13,0],[29,-6],[35,-8],[10,-4],[11,-5],[13,-5],[24,-11],[5,-1],[7,-3],[14,-4],[16,-1],[19,2],[20,7],[11,4],[18,15],[9,9],[17,23],[11,12],[26,23],[10,7],[14,7],[17,7],[15,4],[8,2],[13,0],[27,-1],[16,-3],[7,0],[17,-5],[25,-4],[20,-3],[9,-2],[7,-1],[30,2],[22,3],[49,12],[11,5],[17,11],[15,7],[13,6],[13,4],[22,4],[11,0],[5,-1],[10,-1],[12,3],[33,5],[10,3],[9,3],[24,9],[5,3],[8,7],[12,13],[5,9],[22,25],[29,32],[22,30],[11,10],[13,9],[17,8],[21,6],[26,1],[17,0],[8,-1],[31,-7],[34,-13],[33,-8],[11,-5],[1,0],[53,-22],[13,-7],[8,-8],[18,-32],[7,-10],[10,-11],[7,-5],[15,-9],[15,-5],[3,0],[18,-15],[4,1],[31,-10],[38,-5],[27,-3],[36,-15],[20,-13],[11,-10],[11,-14],[26,-26],[24,-8],[10,2],[14,-2],[23,8],[9,2],[23,10],[21,5],[18,11],[11,14],[12,19],[39,79],[21,15],[18,2],[36,-13],[29,-23],[64,-66],[51,-40],[31,-12],[21,0],[14,2],[21,9],[15,11],[21,36],[4,8],[3,21],[2,5],[2,40],[4,28],[5,20],[12,24],[5,14],[24,49],[28,45],[4,5],[26,13],[23,3],[2,-2],[32,-4],[14,-4],[19,-12],[11,-11],[6,-6],[9,-14],[6,-3],[5,-9],[22,-24],[18,-15],[21,-23],[17,-14],[24,-15],[9,-2],[4,-4],[11,-4],[24,-13],[12,-4],[29,-20],[17,-49],[7,-39],[12,-42],[5,-7],[9,-8],[4,-2],[12,0],[7,3],[11,9],[67,62],[10,19],[11,31],[4,23],[1,56],[-2,15],[-7,21],[-13,55],[-4,26],[1,6],[4,5],[4,4],[9,2],[26,-5],[12,-6],[12,-3],[39,-21],[24,-9],[9,1],[35,13],[37,32],[10,33],[10,44],[13,37],[11,20],[20,29],[17,15],[31,12],[20,1],[65,-29],[32,-17],[25,-8],[4,-4],[28,5],[14,10],[10,19],[6,48],[-1,33],[6,25],[10,24],[11,15],[54,67],[9,13],[11,21],[10,25],[7,31],[0,15],[4,21],[28,69],[19,61],[19,49],[18,55],[15,24],[22,17],[19,6],[28,3],[20,-1],[7,1],[6,-3],[26,-3],[32,5],[28,12],[32,20],[10,4],[20,15],[24,25],[17,25],[18,38],[20,100],[3,23],[4,58],[10,44],[11,13],[16,11],[35,15],[18,3],[30,2],[22,12],[20,18],[20,38],[18,52],[21,44],[20,34],[37,43],[22,35],[17,38],[47,93],[26,59],[10,28],[3,15],[1,23],[-5,18],[-11,11],[-42,28],[-16,9],[-33,16],[-51,36],[-9,11],[-9,23],[0,7],[-12,45],[-7,23],[3,15],[-2,5],[2,11],[21,33],[17,18],[7,5],[29,26],[26,29],[32,30],[51,63],[18,28],[8,20],[10,29],[9,38],[0,13],[-4,30],[-17,76],[-12,43],[-7,38],[-26,89],[-10,46],[-17,43],[-33,106],[-4,23],[-16,46],[1,18],[6,9],[13,13],[9,4],[14,10],[56,24],[30,25],[34,41],[19,36],[1,16],[-2,30],[-8,25],[-10,21],[-24,36],[-31,27],[-11,12],[-16,25],[-4,36],[-2,25],[1,28],[5,34],[9,30],[5,28],[3,29],[4,20],[3,43],[0,76],[4,46],[0,38],[2,18],[3,16],[9,20],[35,62],[13,28],[6,20],[2,13],[0,20],[-4,18],[-8,23],[-26,56],[-10,30],[4,81],[8,79],[26,182],[17,63],[14,41],[20,52],[14,23],[7,14],[30,31],[49,62],[19,35],[2,10],[3,18],[-1,54],[3,28],[2,43],[-2,43],[1,28],[4,23],[6,13],[0,30],[12,83],[8,33],[27,86],[12,54],[4,20],[1,54],[-2,22],[-5,21],[-12,38],[-21,50],[-25,45],[-21,29],[-38,42],[-10,9],[-33,22],[-12,12],[-56,81],[-12,25],[-9,28],[-8,30],[-11,23],[-9,26],[-6,16],[-2,5],[-3,18],[-7,20],[-8,9],[-12,7],[-3,5],[-19,6],[-46,21],[-15,13],[-17,8],[-4,9],[-45,51],[-11,18],[-3,15],[-4,71],[-8,41],[-10,20],[-17,25],[-41,47],[-24,43],[-11,15],[-2,8],[-3,3],[-7,1],[-6,10],[-20,17],[-14,18],[-8,15],[-6,20],[-5,30],[-14,28],[-20,24],[-38,39],[-16,22],[-9,20],[-5,26],[1,21],[7,21],[12,19],[1,7],[3,3],[3,8],[3,35],[-2,13],[1,15],[-8,40],[-21,61],[-9,56],[-18,70],[-20,43],[-11,13],[0,2],[-6,10],[-6,3],[-9,14],[-43,35],[-37,22],[-91,49],[-33,8],[-9,-1],[-3,2],[-2,-2],[-18,1],[-17,-7],[-9,0],[-8,1],[-11,7],[-13,20],[-19,43],[-35,104],[-7,25],[-11,81],[-12,65],[-21,76],[-18,43],[-13,30],[-31,46],[-13,22],[-2,10],[5,28],[-3,15],[-5,15],[-7,11],[-19,13],[-12,1],[-36,-8],[-17,-11],[-12,-14],[-9,-13],[-6,-15],[-14,-39],[-2,-58],[-6,-8],[-10,-3],[-11,4],[-16,13],[-8,10],[-11,17],[-45,94],[-4,12],[-8,33],[-2,31],[3,48],[-3,22],[-11,23],[-23,28],[-4,7],[-10,23],[-3,13],[-33,63],[-21,52],[-20,43],[-4,18],[-6,15],[-10,20],[-9,13],[-13,30],[-6,15],[-5,31],[2,38],[15,37],[29,40],[44,43],[31,30],[41,47],[11,21],[1,13],[-3,18],[-6,17],[-15,26],[-26,40],[-53,60],[-12,18],[-8,15],[-1,17],[1,8],[16,52],[17,39],[25,45],[7,10],[36,32],[19,10],[28,10],[21,4],[14,6],[16,11],[8,10],[70,160],[21,35],[16,21],[16,15],[30,18],[4,1],[3,-2],[33,10],[9,5],[8,12],[6,26],[2,35],[-3,99],[2,26],[4,27],[10,44],[13,40],[4,9],[8,17],[20,22],[25,23],[48,37],[40,22],[30,11],[18,5],[4,-1],[6,6],[7,0],[18,4],[34,16],[6,4],[13,16],[19,30],[22,43],[16,37],[13,19],[19,42],[11,17],[14,14],[18,9],[2,-2],[14,4],[25,-4],[17,0],[49,-4],[59,-11],[29,-1],[37,-11],[35,-15],[11,-2],[19,0],[17,12],[10,26],[1,12],[-1,38],[-1,13],[1,28],[3,13],[-1,17],[5,20],[9,24],[5,8],[34,31],[31,17],[39,15],[77,39],[40,23],[40,19],[30,30],[9,19],[5,51],[1,33],[5,31],[8,36],[7,17],[6,1],[2,5],[2,13],[12,28],[7,24],[6,16],[15,21],[16,13],[30,14],[18,3],[42,12],[24,-2],[13,1],[14,2],[10,5],[13,12],[23,31],[22,43],[6,7],[14,16],[25,18],[14,3],[28,1],[17,-5],[11,-5],[16,-8],[28,-23],[43,-42],[4,-10],[5,1],[37,-24],[23,-10],[33,-7],[21,1],[27,6],[14,6],[15,10],[25,29],[18,33],[16,43],[9,33],[12,55],[7,23],[9,19],[7,9],[14,9],[46,20],[45,23],[14,11],[15,21],[21,34],[58,121],[12,31],[1,10],[9,31],[8,18],[17,23],[29,33],[18,29],[27,33],[12,22],[11,27],[17,29],[34,45],[29,32],[3,10],[5,38],[14,16],[34,14],[2,-2],[4,2],[2,-1],[18,2],[4,-1],[1,2],[10,-2],[6,2],[4,-3],[7,0],[12,-5],[37,-1],[12,-4],[25,1],[18,4],[12,12],[20,36],[8,44],[6,16],[38,50],[17,15],[14,23],[3,12],[1,10],[-3,16],[-9,28],[-7,17],[-20,33],[-20,40],[-10,30],[-16,61],[-21,55],[-16,31],[-2,14],[-17,48],[-4,26],[1,36],[5,31],[2,8],[13,25],[4,18],[5,28],[1,28],[-9,51],[-16,65],[-1,13],[-7,18],[-1,15],[-14,48],[-5,15],[-5,9],[-17,41],[-14,20],[-22,25],[-8,21],[-2,12],[2,7],[1,11],[1,7],[11,34],[0,12],[-16,51],[-17,26],[-4,6],[-18,13],[-51,31],[-26,7],[-18,9],[-33,34],[-37,29],[-5,10],[-10,11],[-15,20],[-7,13],[-8,25],[-4,33],[1,31],[-7,52],[0,14],[-13,49],[-14,33],[-37,61],[-28,61],[-7,41],[7,28],[5,38],[10,43],[0,21],[-5,28],[-6,23],[-19,35],[-6,21],[-7,35],[-2,39],[-17,66],[-29,64],[-17,43],[-22,31],[-11,23],[-11,45],[0,26],[0,18],[23,101],[1,31],[-7,13],[-49,71],[-5,30],[-1,40],[0,39],[-2,76],[-31,81],[-58,74],[-63,76],[-31,77],[-10,59],[-11,107],[0,105],[8,25],[8,26],[5,30],[5,31],[-11,85],[-28,62],[-15,48],[-7,28],[-6,28],[-10,45],[-11,44],[-15,127],[-29,96],[-11,156],[-54,189],[47,111],[2,390],[-32,147],[21,151],[22,150],[18,125],[32,68],[26,149],[3,82],[-16,160],[-112,223],[-73,102],[-86,98],[-123,198],[-59,151],[-59,151],[-117,103],[-111,263],[-31,192],[-77,176]],[[751088,84624],[-48,5],[-122,8],[-160,19],[-85,-4],[-146,-31],[-227,-37],[-187,-59],[-298,-106],[-127,-65],[-185,-242],[-245,-305],[-168,-211],[-239,-61],[-212,18],[-25,-11],[-37,-20],[-583,-273],[-68,-23],[-183,-65],[-715,-184],[-515,-39],[-619,48],[-603,27],[-74,15],[-45,10],[-844,203],[-791,176],[-756,117],[-776,103],[-63,-10],[-34,5],[-55,18],[-123,76],[-252,172],[-104,90],[-217,234],[-89,132],[-22,48],[-24,42],[-49,72],[-51,75],[-64,80],[-461,393],[-280,191],[-434,271],[-124,72],[-131,57],[-877,409],[-45,31],[-142,98],[-742,455],[-486,200],[-268,73],[-378,59],[-135,20],[-277,19],[-209,-15],[-523,-79],[-101,21],[-71,-12],[-45,-7],[-126,-50],[-682,-177],[-150,-22],[-133,-35],[-805,-206],[-137,-28],[-133,-44],[-818,-448],[-134,-49],[-176,-59],[-52,-20],[-128,-37],[-1034,-20],[-234,50],[-862,164],[-977,229],[-406,276],[-46,-53],[-368,230],[-423,312],[-216,223],[71,408],[-656,102],[-860,-135],[-445,-62],[-42,-10],[-42,-12],[-717,-197],[-391,-175],[-624,-280],[-739,-321],[7,-128],[-801,-301],[-28,-10],[-64,-28],[-337,-126],[-826,-46],[-102,12],[-1083,185],[-723,157],[-105,23],[-80,15],[-74,5],[-501,28],[-364,-63],[-893,-155],[-1003,-254],[-300,-17],[-114,-16],[-47,-5],[-53,-4],[-232,-34],[-573,-76],[-560,-75],[-5,50],[-1170,236],[-601,-63],[-141,-64],[-38,-18],[-28,-5],[-677,-259],[-663,-419],[-806,-535],[-220,-138],[-47,-29],[-40,-26],[-55,-34],[91,-198],[-771,-335],[-161,-58],[-28,-5],[-72,-25],[-176,-64],[-886,-330],[-1011,-377],[-44,-24],[-1052,-573],[-124,-75],[-30,-15],[-76,-43],[-1059,-907],[-276,-246],[-153,-136],[-69,-52],[-729,-470],[-662,-430],[-250,-220],[-37,-20],[-50,-31],[-326,-193],[-988,-619],[-1205,-817],[-342,-235],[-307,-211],[-177,-153],[-8,-9],[-36,-30],[-71,-58],[-1038,-511],[-582,-255],[-838,-199],[-492,-22],[-200,-59],[-65,-13],[-41,-10],[-431,-90],[-979,-264],[-1140,-210],[-7,310],[-533,62],[-224,40],[-44,10],[-868,172],[-872,-42],[-1036,-259],[-246,-116],[-212,-103],[-16,-2],[-42,-18],[-806,-346],[-806,-607],[-817,-405],[107,-335],[-41,-12],[-204,-59],[-50,-14],[-1051,-212],[-879,-177],[-603,2],[-955,-250],[-299,-80],[-235,-87],[-225,-66],[-689,-156],[-56,-21],[-669,-258],[-818,-448],[-832,-299],[-59,27],[-20,4],[-38,15],[-156,58],[-811,295],[-1312,266],[-766,50],[-246,17],[-23,0],[-42,1],[-331,18],[-703,-38],[-1396,11],[-854,-102],[-27,-3],[-42,-3],[-90,-13],[-1049,-307],[-977,-472],[-430,-215],[-351,-160],[-22,60],[-360,-130],[-32,-11],[-31,-9],[-392,-134],[-832,-203],[-1281,-375],[-291,-91],[-526,-167],[-40,-15],[-948,-302],[95,-394],[-375,-157],[-1061,-239],[-779,-39],[-205,-41],[-19,-3],[-31,-5],[-98,-19],[-12,372],[-938,34],[-1021,229],[-1058,85],[15,84],[-214,115],[-37,17],[-489,252],[-773,131],[-242,62],[-58,16],[-29,6],[-162,32],[-837,208],[-3,0],[-458,-13],[-130,-34],[-103,-26],[-243,-71],[-256,-119],[-53,-29],[-39,-19],[-1030,-445],[-664,-171],[-1091,-604],[-31,-12],[-666,-235],[-1257,-413],[-1171,-362],[-196,-117],[-12,-20],[-29,-16],[-458,-264],[-164,241],[-874,-764],[-300,-259],[-27,-24],[-504,-466],[-544,-596],[-367,-337],[-52,-48],[-23,-23],[61,-207],[-108,-40],[-50,-19],[-845,-338],[-1087,-616],[-877,-415],[-288,-76],[-149,-40],[-149,-35],[-379,-58],[5,-75],[-140,-48],[-207,-81],[-535,-372],[-878,-526],[-1122,-458],[-741,-404],[-1390,-646],[-248,-123],[-291,-145],[-622,8],[-629,1],[-46,302],[-1057,14],[-1269,40],[-1177,-197],[-1332,-497],[-1016,-517],[-172,-115],[-918,-557],[-350,-314],[-1044,-1461],[-381,-717],[-101,-186],[-491,-892],[241,-233],[-1030,-1158],[-488,-811],[-959,-1127],[-59,-130],[-472,-1042],[-481,-610],[-164,-198],[-156,-181],[106,-108],[-147,-202],[-143,-259],[-113,-202],[-354,-888],[-623,-882],[-516,-593],[-1017,-706],[-59,-26],[-980,-427],[-1151,-730],[-1246,-1005],[-169,269],[-129,-106],[-141,-148],[-426,-370],[-1007,-917],[-86,-145],[-65,-74],[-28,-36],[-24,-29],[-569,-724],[-837,-548],[-90,-48],[-58,-31],[-494,-263],[-307,-173],[-464,-386],[-35,-29],[-309,-294],[-612,-583],[-209,-277],[-22,-30],[-360,-489],[-136,125],[-418,-697],[-10,-21],[-167,-283],[-176,-256],[-365,-501],[-55,-72],[-28,-59],[-286,-627],[-48,-100],[-308,-519],[-23,-35],[-24,-41],[-106,-145],[-268,-544],[-170,-835],[-269,-874],[-371,-945],[-14,-36],[-17,-48],[-15,-32],[-16,-36],[-75,55],[-33,24],[-165,125],[-93,-129],[-27,-34],[-179,-231],[-22,-29],[-223,-286],[-358,-461],[-782,-979],[-537,-815],[-250,-552],[-20,-43],[-8,-25],[-17,-55],[-103,-226],[-236,-582],[328,-455],[-1161,-1398],[-294,-335],[-283,-372],[-21,-30],[-19,-23],[-129,-168],[-509,-611],[-731,-850],[-974,-724],[-334,-171],[-34,-18],[-20,-11],[-620,-306],[-107,-46],[-1255,-544],[-236,302],[-337,-315],[-14,-13],[-480,-445],[-199,-175],[-36,-37],[-47,-59],[-18,-21],[-538,-622],[-498,-818],[-385,-915],[-101,-285],[-26,-76],[-158,-446],[-276,-984],[-358,-565],[-431,-463],[-219,-337],[-311,-305],[-23,-19],[-522,-321],[-57,-40],[-22,-17],[-824,-493],[-575,-326],[-308,-203],[-492,-326],[-493,-300],[-59,-35],[-21,-11],[-239,-143],[-484,-351],[-814,-380],[-886,-255],[-734,-179],[-49,264],[-49,4],[-64,4],[-869,-9],[-913,75],[-721,-36],[-653,-10],[-133,0],[-65,-7],[-24,0],[-669,-17],[-846,-50],[-20,-1],[-696,-252],[-966,-613],[-786,-611],[-887,-829],[74,-160],[-951,-360],[-871,-322],[-80,-52],[-541,-323],[-905,-500],[-191,-144],[-814,-639],[-474,-325],[-747,-556],[-625,-551],[-666,-580],[-663,-563],[-822,-373],[-249,-79],[-42,-19],[-607,-70],[-534,1],[-323,55],[-203,34],[-43,-235],[-1018,81],[-698,220],[-242,32],[-578,76],[-696,-49],[-67,202],[-483,-240],[-112,324],[-1053,-347],[-392,-134],[-917,-261],[-785,-246],[-244,-79],[-369,-237],[-507,-321],[-133,-97],[-365,-281],[-350,-270],[-43,-26],[-1034,-446],[49,-333],[-424,-83],[-791,-155],[-390,-68],[-34,-8],[-386,-146],[-406,-164],[-31,-12],[-920,-285],[-576,-165],[-260,-26],[-554,-177],[-136,-44],[-791,-146],[-821,-85],[-733,80],[-437,183],[-226,94],[-386,172],[-35,14],[-275,-68],[-258,-27],[-148,31],[-519,295],[-411,171],[-743,313],[-599,389],[-656,471],[-71,81],[-580,663],[11,4],[-581,638],[-605,635],[-421,281],[-391,265],[-174,102],[-240,137],[-388,227],[-490,188],[-447,226],[-526,318],[-648,268],[58,185],[-327,319],[-201,243],[-262,316],[-118,158],[-414,513],[-164,198],[-241,299],[-295,426],[-226,321],[67,70],[-8,7],[-239,206],[-368,322],[-609,514],[-450,370],[-403,185],[-53,17],[-193,69],[-296,73],[-444,108],[-209,50],[-172,38],[-401,78],[-251,50],[-203,39],[-81,18],[-87,35],[-402,127],[-147,47],[-384,124],[-484,157],[-367,118],[-273,87],[-363,122],[-762,219],[-326,150],[-436,202],[-345,160],[-641,271],[-758,246],[-629,61],[8,-381],[-635,-77],[-376,-136],[-334,-119],[-251,-81],[-537,-225],[-246,-103],[-146,-60],[-64,174],[-60,162],[-248,-147],[-237,-135],[-87,-48],[-338,-179],[-191,-101],[37,-147],[-96,-42],[-63,-31],[-186,-81],[-138,-60],[-337,-172],[-162,-91],[-521,-176],[-792,-279],[0,-117],[-760,85],[-864,114],[-355,145],[-275,194],[-46,-126],[-543,213],[-896,215],[-970,138],[-676,176],[-287,46],[-513,192],[-676,397],[-572,680],[-609,710],[27,71],[-490,314],[-407,464],[-179,205],[-420,247],[-747,511],[132,174],[-188,220],[-162,352],[-337,667],[-139,194],[-141,196],[-239,85],[-224,80],[-526,284],[-603,47],[-648,38],[-134,8],[-673,73],[-760,-44],[-728,181],[-649,117],[-856,-54],[-65,-5],[-348,-27],[-296,-107],[-270,-207],[-327,-149],[-340,-245],[-314,-292],[-49,-965],[35,-260],[-1007,19],[-588,-138],[-127,-38],[-514,-153],[-422,-234],[-423,-145],[-504,-73],[-756,-300],[-443,-224],[-135,-38],[-480,-130],[-375,-70],[-595,-47],[-1041,-106],[-854,145],[-454,208],[-545,249],[-531,293],[-566,219],[-608,113],[-711,3],[-877,-155],[-511,-154],[-164,-35],[-387,-80],[-794,-245],[69,-208],[8,-25],[-543,-409],[-714,-530],[-837,-716],[-757,-564],[-727,-406],[-733,-415],[-688,-426],[-430,-110],[-120,-24],[-710,-178],[-686,-22],[-796,214],[-689,281],[-815,426],[-866,529],[-919,749],[-813,721],[-283,204],[-273,191],[-495,509],[-120,131],[-403,548],[-650,688],[142,191],[-989,821],[-311,227],[-1,1],[0,0]],[[470954,17451],[-424,310],[-569,560],[-663,760],[-102,117],[-1013,818],[-491,263],[-335,226],[-45,73],[-276,126],[-1045,494],[-737,258],[-836,324],[-24,15],[-404,142],[-47,17],[-259,94],[-597,194],[-621,197],[-817,217],[-831,126],[-159,36],[-13,-1],[-110,25],[-67,-186],[-1121,290],[-745,151],[-938,175],[-354,92],[-20,3],[-43,14],[-534,131],[-1235,422],[28,391],[-937,-240],[-594,-296],[-14,-6],[-17,-7],[-33,-21],[-379,-230],[-703,-479],[-668,-370],[-689,-453],[-618,-380],[-56,-31],[-24,-17],[-162,-99],[-23,-13],[-38,-20],[-713,-397],[-681,-296],[-814,-468],[-176,437],[-128,-23],[-67,-13],[-76,-23],[-89,-36],[-93,-35],[-85,-38],[-87,-28],[-93,-27],[-98,-33],[-67,-20],[-20,-9],[-32,-10],[-92,-28],[-78,-29],[-120,-42],[-106,-44],[-102,-40],[-107,-32],[-108,-38],[-111,-42],[-115,-41],[-137,-44],[-115,-41],[-83,-21],[-86,-25],[-56,-10],[-48,0],[-74,-15],[-93,-25],[-134,-46],[-106,-38],[-99,-22],[-150,-31],[-146,-45],[-127,-45],[-160,-67],[-125,-59],[-129,-63],[-97,-47],[-94,-63],[-90,-68],[-93,-69],[-5,-5],[-110,-89],[-21,-25],[-23,-29],[-15,-17],[-92,-87],[-52,-55],[-45,-56],[-33,-51],[-55,-75],[-46,-67],[-48,-62],[-83,-90],[-52,-72],[-52,-64],[-47,-56],[-53,-73],[-50,-67],[-69,-89],[-11,-16],[-18,-17],[-18,-31],[-43,-63],[-44,-60],[-36,-59],[-22,-54],[-4,-27],[5,-72],[3,-42],[-11,-52],[-18,-40],[-31,-45],[-36,-50],[-46,-41],[-72,-57],[-65,-41],[-68,-46],[-79,-51],[-70,-39],[-54,-37],[-68,-44],[-41,-20],[-31,-21],[-53,-43],[-54,-43],[-64,-48],[-55,-40],[-54,-42],[-68,-52],[-51,-41],[-73,-66],[-68,-58],[-67,-57],[-46,-40],[-18,-34],[-11,-53],[-5,-63],[-11,-27],[-23,-54],[-47,-90],[-88,-134],[-182,-181],[247,-512],[-450,-258],[-384,-292],[-30,-22],[-20,-14],[-35,-23],[-276,-174],[-8,-6],[-21,-10],[-36,-29],[-492,-402],[-404,-298],[-732,-662],[-644,-375],[-681,-22],[-23,0],[-76,-2],[-167,-3],[-856,203],[-220,67],[-91,31],[-106,34],[-84,29],[-113,8],[-73,7],[-73,11],[-58,5],[-69,0],[-72,-4],[-70,0],[-63,9],[-66,8],[-73,23],[-70,28],[-63,34],[-73,49],[-66,28],[-655,-41],[-45,-3],[-23,3],[-21,-3],[-307,-99],[-879,-192],[-866,-113],[-1049,-249],[-1077,-312],[-1270,-305],[-484,-224],[-517,-73],[-228,-8],[-27,-1],[-47,-7],[-979,-114],[-807,-208],[-468,-256],[-41,-23],[-86,-35],[-49,-18],[-663,-233],[-242,-19],[-350,-32],[-677,14],[-881,-119],[-333,-118],[-381,-135],[-613,-122],[-44,-3],[-9,0],[-12,-3],[-109,-3],[-501,40],[-733,12],[-1574,493],[-419,266],[-402,240],[-577,348],[-442,351],[-66,-122],[-563,322],[-678,294],[-586,248],[-25,11],[-10,-2],[-35,11],[-82,22],[-1037,345],[-490,114],[-722,87],[-637,25],[-319,49],[-27,5],[-20,5],[-39,8],[-426,95],[-138,50],[-563,425],[-457,474],[-72,71],[-37,31],[-406,457],[138,240],[-409,441],[-610,417],[-276,187],[-33,23],[-22,19],[-572,285],[-81,40],[-372,131],[-976,402],[-719,283],[-486,200],[-118,44],[-1083,326],[-42,21],[-609,336],[-888,474],[-649,323],[-63,31],[-18,14],[-359,187],[-696,357],[-699,213],[-678,255],[-77,29],[-732,264],[-76,26],[-77,41],[-830,87],[-954,-19],[-394,16],[-362,-2],[-763,5],[-50,1],[-207,1],[-767,-9],[-740,180],[-875,310],[-112,33],[-589,172],[-62,14],[-170,39],[-73,16],[-34,9],[-266,70],[-787,74],[-665,187],[-966,162],[-334,60],[-1083,344],[-762,354],[-831,580],[-1004,405],[-863,462],[114,274],[-943,420],[-459,230],[-866,650],[-34,27],[-29,22],[-94,-271],[-692,292],[-1170,294],[-1119,373],[-922,502],[-853,525],[-336,447],[-293,467],[-196,486],[-400,603],[185,373],[-599,187],[-146,-7],[-1157,108],[-941,-38],[-970,171],[-597,154],[-706,45],[-742,49],[-613,-93],[-7,-154],[-964,52],[-288,-54],[-771,-145],[-686,-201],[-612,-210],[-613,-211],[-923,-369],[-683,-241],[-118,-58],[-104,-37],[-948,-205],[-951,-206],[-509,0],[-692,174],[-1154,408],[-841,406],[-152,567],[-558,-701],[-645,107],[-688,299],[-716,316],[172,442],[-764,225],[-54,27],[-48,26],[-49,25],[-385,199],[-239,125],[-242,126],[-234,142],[-257,155],[-483,348],[-24,24],[-639,549],[-579,471],[-899,843],[188,248],[-559,596],[-552,482],[-587,322],[-245,139],[-961,324],[-55,-227],[-856,349],[-30,-82],[-972,304],[-835,166],[-912,210],[-1799,1064],[-741,375],[-474,231],[-23,7],[-293,70],[-388,92],[-834,114],[-710,166],[-445,-92],[1,53],[-353,-48],[-1198,-289],[-573,-8],[-72,-1],[-311,-4],[-1043,-433],[-478,-56],[-155,8],[-938,92],[-684,111],[-453,41],[-51,5],[-572,51],[-1141,109],[-1106,-10],[-525,-14],[0,-48],[-474,-30],[-599,-72],[-1186,-153],[-722,-34],[-782,-52],[-619,-51],[-16,161],[-478,-58],[-826,-176],[-957,-392],[-1111,-740],[-159,-103],[-51,-34],[-81,-52],[-730,-295],[-1071,44],[-829,-336],[-890,-397],[-326,-203],[-720,-435],[-886,-392],[-340,-154],[-173,-79],[-441,-199],[-1149,-521],[-880,-482],[-1118,-632],[-1014,-567],[-969,-536],[-788,-418],[-390,-112],[-377,-108],[-12,-1],[-1575,-246],[-1231,-273],[-997,-165],[-829,-121],[-536,-33],[-4,-263],[-742,-129],[-783,-88],[-447,-47],[-325,-34],[1,70],[-1152,45],[82,311],[-1049,451],[48,319],[-587,145],[-1269,196],[-1029,121],[-971,318],[-337,71],[-1048,275],[-120,-370],[-871,440],[-119,-236],[-895,410],[-634,236],[-269,127],[-471,223],[-132,-216],[-617,653],[152,282],[-519,328],[-801,305],[-16,7],[-217,152],[-908,205],[-672,26],[-666,14],[-681,143],[-629,217],[-631,261],[-600,300],[-646,284],[-265,124],[-538,250],[-244,93],[-322,224],[-152,129],[-229,223],[-44,-31],[-388,433],[-393,695],[-670,899],[-611,1205],[-490,1019],[171,100],[-103,322],[59,26],[-89,419],[-122,628],[-134,303],[-187,14],[-21,532],[-25,635],[37,819],[-59,21],[605,1652],[400,1270],[18,827],[340,-47],[338,812],[216,429],[237,467],[254,637],[140,159],[158,1497],[-352,150],[375,898],[234,718],[249,695],[365,1729],[14,77],[156,1269],[25,71],[28,100],[402,1684],[315,588],[-183,144],[324,384],[453,618],[617,704],[174,-196],[129,100],[432,225],[723,225],[463,87],[1040,592],[527,279],[494,264],[759,229],[816,253],[635,143],[667,140],[651,201],[850,247],[105,-467],[843,110],[1071,281],[1059,323],[48,16],[45,15],[504,155],[643,387],[695,867],[-283,323],[42,51],[460,613],[473,549],[440,681],[244,392],[24,39],[100,160],[234,372],[286,607],[260,558],[485,1265],[355,940],[4,31],[19,735],[2,54],[1,108],[1,48],[-149,708],[-302,716],[-127,532],[-345,687],[-387,489],[-31,40],[-29,39],[-406,492],[-32,33],[-502,536],[-1194,722],[-1500,434],[-43,14],[-35,9],[-193,62],[-549,164],[-791,77],[-1853,51],[-53,-3],[-271,0],[-499,2],[-1338,121],[-1151,82],[-1124,397],[-317,219],[-40,28],[-199,147],[-537,477],[-571,418],[-487,347],[-38,29],[-63,40],[-590,390],[-511,501],[-487,544],[-563,617],[-12,24],[-47,49],[-389,421],[-376,348],[-280,266],[-39,35],[-27,19],[-264,251],[-531,353],[-591,357],[-628,341],[34,78],[-509,304],[-225,134],[-155,127],[-325,266],[-326,266],[-51,-81],[-174,135],[-174,135],[-313,160],[-313,159],[-323,109],[-322,109],[-324,104],[-324,104],[-310,146],[-309,145],[-120,106],[-120,105],[-7,7],[-49,44],[-313,278],[-365,287],[-366,288],[-485,425],[-54,48],[-226,220],[-227,220],[-46,45],[-23,13],[-211,205],[-463,463],[-251,259],[-339,388],[-355,441],[-477,564],[-260,277],[42,32],[42,33],[-263,277],[-263,277],[-136,205],[-130,203],[-130,203],[-234,282],[-480,596],[-245,314],[-149,59],[-149,59],[8,61],[8,61],[-51,18],[-51,18],[-26,22],[-36,13],[-304,118],[-304,118],[-635,215],[-617,130],[-335,48],[-335,48],[-667,112],[-179,6],[-443,7],[-443,6],[-2,0],[-278,4],[-610,73],[-570,149],[-253,168],[-252,167],[-408,251],[-274,291],[-415,418],[-415,417],[-87,124],[-155,223],[-125,396],[-51,526],[17,532],[19,548],[175,699],[197,526],[415,967],[377,976],[158,530],[68,223],[8,85],[4,48],[33,371],[9,89],[2,52],[-1,101],[-4,415],[-1,117],[-8,158],[-22,594],[-4,112],[-6,53],[-19,89],[-133,626],[-23,96],[-25,114],[-11,34],[-42,100],[-181,443],[-191,463],[-57,144],[-50,84],[-194,312],[-45,72],[-78,75],[-259,251],[-116,117],[-92,45],[-454,233],[-233,116],[-299,146],[-225,114],[-529,266],[-696,369],[-136,77],[-221,125],[-90,34],[-108,35],[-153,40],[-415,81],[-47,11],[-47,11],[-72,-6],[-391,-25],[-169,-11],[-354,-19],[-147,-4],[-238,-4],[-643,-14],[-53,-2],[-38,1],[-79,21],[-483,138],[-533,155],[-120,33],[-53,16],[-26,8],[-32,16],[-40,20],[-548,263],[-529,254],[-52,27],[-52,18],[-34,12],[-294,139],[-507,173],[-414,190],[-395,231],[-347,97],[-489,42],[-275,36],[-446,150],[-287,249],[-134,111],[-196,234],[-11,20],[-237,397],[-39,96],[-30,70],[-171,410],[-190,500],[-403,770],[-208,242],[-231,278],[-302,324],[-419,423],[-335,287],[-188,171],[-251,236],[-164,183],[-189,225],[-273,409],[-53,170],[-166,842],[-198,826],[-181,670],[-22,82],[-159,589],[-310,947],[-374,1101],[-192,581],[-173,290],[-85,137],[-76,155],[-65,166],[-59,182],[-45,127],[-18,114],[-20,118],[-48,272],[-50,292],[-129,694],[-49,268],[-41,390],[-35,332],[-20,211],[-35,436],[-11,297],[-28,686],[-39,1027],[2,212],[40,89],[131,286],[71,144],[11,51],[9,48],[28,138],[9,33],[-165,231],[-181,263],[-156,214],[-377,325],[-441,405],[-320,376],[-249,364],[-316,399],[-286,195],[-379,186],[-328,299],[-482,692],[-202,359],[-126,297],[-56,178],[-156,490],[-87,237],[19,412],[-25,147],[-60,135],[-239,422],[-103,349],[-66,419],[-88,501],[-28,909],[146,493],[75,238],[314,510],[500,375],[167,66],[256,51],[463,34],[712,-171],[547,-130],[1160,-209],[243,-114],[561,-266],[263,-102],[96,-40],[57,-41],[200,-140],[366,-177],[251,-67],[141,-38],[515,50],[273,103],[409,229],[425,270],[582,272],[500,314],[660,432],[317,430],[430,922],[154,734],[111,754],[125,478],[166,600],[5,942],[-25,785],[28,830],[136,1245],[127,865],[230,603],[383,573],[416,550],[542,569],[494,402],[398,177],[275,73],[287,47],[344,94],[660,82],[429,23],[376,2],[715,16],[64,6],[179,-25],[191,-40],[221,-53],[285,-130],[326,-160],[150,-116],[222,-209],[360,-232],[150,-84],[107,-18],[211,-52],[244,-61],[297,-141],[271,-333],[153,-198],[109,-111],[272,-285],[89,-105],[149,-149],[239,-248],[368,-297],[350,-279],[496,-472],[541,-477],[508,-422],[538,-460],[370,-287],[361,-217],[452,-215],[432,-103],[345,26],[239,65],[483,147],[241,89],[353,156],[637,453],[925,539],[492,285],[725,390],[412,210],[352,172],[425,195],[64,44],[116,49],[104,50],[142,60],[113,41],[41,31],[108,65],[215,124],[223,166],[166,166],[114,127],[100,144],[65,113],[17,84],[27,136],[17,103],[18,212],[12,162],[-2,285],[-8,145],[-7,107],[-47,247],[-35,156],[-48,275],[-21,148],[-76,310],[-41,160],[-117,312],[-59,156],[-136,270],[-114,227],[-105,201],[-160,243],[-127,206],[-141,223],[-246,345],[-172,259],[-163,210],[-217,306],[-83,116],[-185,219],[-272,309],[-254,370],[-211,304],[-87,133],[-67,96],[-9,14],[-100,118],[-177,191],[-183,219],[-173,209],[-138,180],[-116,155],[-108,146],[-106,159],[-105,130],[-130,162],[-180,218],[-134,168],[-150,196],[-234,308],[-158,186],[-120,152],[-157,174],[-31,41],[-58,77],[-100,100],[-123,106],[-92,64],[-124,59],[-121,39],[-125,24],[-101,2],[-27,-4],[-100,18],[-211,15],[-152,26],[-272,68],[-164,37],[-205,55],[-177,72],[-179,85],[-180,102],[-137,66],[-70,54],[-69,68],[-68,65],[-51,43],[-78,61],[-63,90],[-96,158],[-89,201],[-41,88],[-31,120],[-25,95],[-12,132],[-15,140],[-19,133],[-11,99],[-44,80],[-89,71],[-81,55],[-7,5],[-125,78],[-111,55],[-149,64],[-114,40],[-159,42],[-49,5],[-89,6],[-99,0],[-56,-5],[-91,-20],[-134,-47],[-143,-32],[-265,-66],[-180,-38],[-465,-89],[-162,-37],[-281,-57],[-380,-94],[-734,-210],[-204,-55],[-245,-48],[-85,-15],[-281,-19],[-239,-32],[-250,-8],[-303,10],[-181,27],[-165,26],[-188,39],[-183,62],[-191,81],[-403,269],[-230,155],[-295,173],[-447,263],[-444,272],[-169,124],[-273,219],[-464,319],[-365,254],[-156,85],[-364,272],[-159,148],[-110,123],[-68,52],[-91,59],[-151,61],[-224,64],[-210,97],[-136,87],[-302,254],[-232,249],[-132,182],[-97,142],[-83,121],[-141,243],[-73,211],[-56,311],[-33,250],[-20,280],[-28,65],[-31,25],[-104,28],[-91,21],[-129,54],[-78,65],[-117,124],[-122,156],[-87,134],[-28,50],[-102,103],[-107,100],[-210,317],[-151,236],[-185,222],[-131,153],[-102,118],[-36,53],[-40,71],[-39,78],[-74,90],[-117,79],[-121,79],[-185,94],[-164,108],[-88,73],[-108,127],[-85,141],[-79,164],[-65,254],[-473,436],[-207,236],[-229,364],[-245,371],[-166,71],[-108,56],[-743,820],[-156,259],[-352,828],[-86,223],[-148,216],[-205,239],[-310,293],[-138,96],[-312,178],[-350,329],[-1731,1964],[-122,71],[-174,108],[-203,163],[-594,308],[-276,104],[-276,103],[-672,-118],[-363,-221],[-321,20],[-2031,-464],[-249,-8],[-320,-192],[-648,-445],[-781,-1123],[-408,-532],[-1223,-1946],[-388,-447],[-549,-438],[-637,-508],[-800,-396],[-210,-102],[-91,-28],[-161,-59],[-432,-83],[-327,2],[-816,66],[-658,157],[-451,152],[-504,202],[-318,131],[-323,-74],[-490,-135],[-177,-155],[-422,-469],[-519,-747],[-99,-120],[-163,-194],[-276,-256],[-385,-355],[-177,-190],[-267,-274],[-203,-286],[-239,-428],[-96,-206],[-165,-672],[16,-308],[37,-292],[3,-14],[5,-173],[-51,-400],[-112,-368],[-110,-199],[-84,-89],[-211,-225],[-330,-154],[-176,-96],[-457,-476],[-157,-178],[-266,-232],[-205,-89],[-97,-29],[-183,-82],[-182,-89],[-188,-183],[-199,-284],[-43,-129],[-40,-114],[-41,-251],[-16,-260],[-12,-189],[0,-277],[2,-375],[-75,-492],[-67,-308],[-71,-285],[-48,-169],[-250,-617],[-43,-138],[-40,-121],[-132,-488],[-120,-401],[-64,-260],[-152,-335],[-292,-477],[-104,-153],[-289,-379],[-101,-135],[-267,-489],[-129,-238],[-299,-550],[-87,-128],[-430,-691],[-203,-375],[-144,-289],[-409,-525],[-276,-315],[-237,-341],[-168,-261],[-85,-129],[-81,-189],[-166,-481],[-86,-282],[-213,-398],[-314,-654],[-203,-651],[-58,-227],[-169,-464],[-53,-125],[-53,-86],[-208,-367],[-118,-241],[-149,-454],[-106,-264],[-119,-372],[-233,-771],[-113,-285],[-224,-510],[-120,-261],[-187,-360],[-218,-314],[-169,-224],[-282,-436],[-118,-185],[-158,-422],[-36,-229],[-75,-522],[-80,-304],[-103,-218],[-106,-244],[258,-336],[-117,-561],[-80,-382],[-348,-930],[-445,-658],[-540,-496],[-535,-352],[-511,-153],[-395,-60],[-1312,-228],[-741,-95],[-894,42],[-551,166],[-414,215],[-499,498],[-1534,1253],[-650,455],[-1433,1218],[-813,881],[-628,704],[-193,434],[-106,824],[40,1195],[-134,458],[-300,684],[-179,313],[-638,681],[-604,528],[-917,714],[-682,491],[-392,470],[-287,540],[-262,741],[-245,796],[-264,762],[-155,767],[-118,879],[65,732],[55,1040],[9,929],[-47,351],[-158,435],[-202,241],[-217,107],[-129,121],[-33,52],[-347,383],[-39,49],[-291,368],[-197,237],[-110,116],[-324,329],[-188,203],[-114,166],[-37,128],[-3,93],[-62,459],[-52,364],[-11,60],[-10,87],[-30,175],[-52,403],[-53,387],[-112,621],[-89,344],[-99,293],[-24,31],[-141,242],[-196,153],[-177,200],[-215,156],[-218,91],[-215,46],[-187,18],[-516,6],[-128,-5],[-360,-131],[-136,-42],[-414,5],[-430,77],[-15,5],[-497,57],[-342,106],[-239,24],[-253,-6],[-166,11],[-265,65],[-197,82],[-294,134],[-321,159],[-271,151],[-275,182],[-229,181],[-148,101],[-248,199],[-173,120],[-347,209],[-343,192],[-27,19],[-395,216],[-304,110],[-321,32],[-487,-72],[-136,-37],[-419,-125],[-383,-124],[-333,-102],[-254,-14],[-440,50],[-330,66],[-147,44],[-353,97],[-418,151],[-218,97],[-283,114],[-190,106],[-185,53],[-408,132],[-455,43],[-495,61],[-424,105],[-490,153],[-565,232],[-327,89],[-24,-3],[-170,0],[-221,-40],[-163,-57],[-303,-173],[-461,-231],[-462,-122],[-418,-45],[-348,4],[-205,12],[-183,35],[-237,65],[-153,76],[-124,75],[-175,165],[-261,300],[-297,415],[-215,399],[-149,255],[-217,231],[-105,86],[-352,142],[-204,30],[-341,-58],[-718,-234],[-153,-27],[-38,-3],[-465,-85],[-462,-79],[-346,-91],[-561,-191],[-298,-109],[-584,-223],[-633,-235],[-152,-26],[-329,-89],[-167,-45],[-228,-59],[-355,-57],[-107,-17],[-184,-38],[-407,-69],[-178,-24],[-462,2],[-373,36],[-234,31],[-284,93],[-125,64],[-284,171],[-266,186],[-347,269],[-348,287],[-273,228],[-121,107],[-341,229],[-160,67],[-250,91],[-390,102],[-332,17],[-161,12],[-482,-35],[-453,-45],[-291,-59],[-407,-130],[-411,-172],[-705,-218],[-669,-188],[-553,-94],[-668,-83],[-354,48],[-556,283],[-275,195],[-214,158],[-421,343],[-77,82],[-79,61],[-38,65],[-182,254],[-61,117],[-42,79],[-185,423],[-143,438],[-119,395],[-168,534],[-160,572],[-92,452],[-75,1592],[-2,645],[14,259],[66,531],[87,388],[63,206],[27,110],[219,786],[3,178],[-38,292],[-124,553],[-102,438],[-175,794],[-227,787],[-217,590],[-210,494],[-170,353],[-263,568],[-286,568],[-214,440],[-22,20],[-201,395],[-306,570],[-340,419],[-63,55],[-149,131],[-26,23],[-270,159],[-494,200],[-471,223],[-217,118],[-346,229],[-541,350],[-359,137],[-91,56],[-250,85],[-199,52],[-112,35],[-129,37],[-1447,457],[-344,85],[-209,28],[-218,20],[-206,3],[-667,-57],[-756,-117],[-556,-51],[-292,-45],[-599,-31],[-484,97],[-138,37],[-171,56],[-369,89],[-320,61],[-253,35],[-448,52],[-208,48],[-732,152],[-407,121],[-426,108],[-396,69],[-406,40],[-269,-7],[-251,-43],[-468,-129],[-347,-85],[-122,-23],[-398,-32],[-92,3],[-366,42],[-248,7],[-67,11],[-180,-41],[-178,-54],[-310,-135],[-462,-110],[-416,10],[-208,18],[-444,93],[-403,128],[-553,180],[-270,106],[-292,144],[-159,89],[-401,351],[-182,225],[-160,249],[-129,291],[-120,417],[-44,247],[-30,164],[-63,283],[-23,550],[-59,514],[-98,420],[-112,506],[-79,306],[-181,442],[-129,247],[-236,385],[-238,355],[-147,271],[-324,181],[-67,50],[-400,327],[-388,225],[-772,289],[-199,907],[97,72],[61,68],[61,30],[61,43],[130,75],[36,-12],[30,-29],[94,-118],[131,21],[76,101],[61,96],[-46,199],[-15,80],[-37,136],[-1,68],[-52,39],[-88,1],[-86,-40],[-146,-2],[-96,-28],[-23,-41],[-80,-2],[-35,-11],[-42,-21],[-73,21],[-24,97],[-63,49],[-2,59],[-8,24],[20,26],[16,9],[41,12],[57,6],[65,10],[84,53],[47,39],[24,29],[58,132],[57,105],[14,76],[-1,55],[-12,73],[-12,36],[-25,31],[-24,15],[-27,2],[-20,-7],[-20,-19],[-82,-156],[-39,-70],[-22,-33],[-25,-11],[-19,-1],[-15,7],[-14,18],[-5,25],[0,36],[6,50],[-5,36],[-9,34],[-12,23],[-16,23],[-26,24],[-45,31],[-46,43],[-32,35],[-84,55],[-19,19],[-6,12],[-13,62],[-11,30],[-67,129],[-15,58],[-9,54],[-2,48],[5,36],[10,29],[17,30],[34,33],[36,27],[34,20],[41,6],[216,-47],[52,-25],[81,-73],[64,-36],[67,-41],[27,-25],[34,-39],[26,-17],[27,-4],[26,4],[56,38],[47,57],[8,20],[4,58],[13,89],[11,39],[10,70],[15,205],[-2,37],[-11,24],[-16,12],[-19,-1],[-102,-50],[-56,-17],[-66,-11],[-42,3],[-28,20],[-28,39],[-19,35],[-37,94],[-5,31],[0,25],[6,22],[16,44],[6,23],[-3,21],[-10,22],[-26,38],[-38,62],[-7,28],[0,21],[5,20],[14,19],[40,21],[38,13],[84,47],[31,26],[22,25],[14,28],[8,31],[0,31],[-8,26],[-17,36],[-27,42],[-51,54],[-117,160],[-9,30],[0,21],[8,20],[19,18],[38,27],[38,34],[60,65],[24,11],[47,18],[19,26],[30,72],[60,182],[4,46],[-20,145],[-1,35],[3,30],[12,30],[17,30],[14,42],[37,206],[11,41],[15,26],[57,63],[43,33],[55,52],[21,34],[51,115],[8,31],[-5,33],[-1,38],[2,60],[6,66],[9,49],[13,61],[33,120],[21,69],[56,81],[62,79],[9,28],[-1,27],[7,58],[12,42],[22,42],[62,92],[18,21],[146,114],[124,88],[45,36],[44,48],[80,63],[41,21],[73,19],[64,0],[108,-20],[53,-13],[19,-7],[12,-8],[14,-15],[8,-14],[15,-12],[15,-5],[52,-7],[55,3],[47,6],[29,7],[77,27],[33,3],[60,-11],[128,-17],[182,-42],[16,-11],[15,-16],[38,-47],[15,-14],[16,-10],[22,-9],[64,-19],[49,-10],[36,-5],[24,0],[18,5],[11,5],[16,12],[10,12],[12,27],[-1,25],[-7,69],[0,41],[7,78],[6,25],[9,22],[55,94],[65,139],[13,22],[26,32],[23,22],[34,23],[59,35],[21,22],[14,16],[11,9],[10,7],[25,3],[15,-1],[40,-10],[97,-41],[116,-69],[138,-72],[43,-29],[76,-59],[187,-151],[60,-52],[34,-26],[28,-13],[17,-4],[27,0],[42,5],[28,8],[15,7],[34,27],[144,138],[47,36],[27,20],[17,10],[21,7],[36,7],[19,-3],[86,-71],[101,-79],[56,-39],[53,-31],[30,-10],[103,-7],[59,-16],[89,-39],[15,-3],[22,1],[13,3],[66,26],[6,10],[-1,120],[3,103],[-16,149],[1,16],[7,30],[7,15],[10,12],[19,14],[38,16],[22,5],[26,1],[26,-3],[137,-44],[44,-20],[88,-30],[72,-16],[53,-2],[24,3],[16,4],[45,18],[46,22],[16,13],[9,12],[9,12],[3,9],[-2,33],[3,58],[8,55],[10,32],[64,94],[38,49],[75,84],[10,15],[47,93],[21,28],[50,36],[61,36],[65,30],[38,14],[16,1],[9,-8],[1,-57],[3,-22],[18,-62],[41,-82],[16,-21],[52,-31],[43,-20],[164,-61],[60,-17],[19,-1],[63,2],[33,13],[40,20],[39,34],[27,16],[45,21],[24,3],[37,0],[31,-2],[56,-13],[53,-18],[76,-42],[47,-38],[54,-56],[84,-106],[35,-38],[35,-34],[65,-44],[66,-71],[67,-66],[42,-42],[20,-11],[13,3],[14,9],[27,36],[20,70],[4,32],[10,48],[24,99],[19,54],[8,17],[12,17],[38,39],[23,17],[25,17],[26,10],[60,14],[27,1],[33,-4],[24,-7],[18,-10],[18,-18],[17,-26],[37,-32],[21,-29],[14,-28],[8,-28],[13,-89],[23,-77],[33,-55],[17,-24],[27,-22],[83,-91],[59,-74],[72,-64],[76,-57],[53,-22],[111,-20],[51,0],[55,5],[57,18],[32,12],[27,20],[20,31],[18,48],[-2,48],[-10,48],[-28,81],[-18,25],[-22,16],[-113,64],[-26,5],[-30,-5],[-37,3],[-19,15],[-26,46],[-20,46],[-4,39],[3,24],[12,22],[17,20],[29,25],[42,31],[59,32],[39,30],[23,23],[30,54],[22,49],[52,145],[12,29],[22,32],[76,88],[45,40],[46,28],[48,16],[46,8],[39,-6],[39,-13],[35,-18],[38,-28],[65,-68],[17,-40],[12,-45],[7,-36],[-1,-39],[-7,-55],[-17,-85],[-4,-67],[4,-31],[13,-26],[23,-21],[36,-27],[63,-29],[43,-11],[35,-1],[42,11],[23,11],[27,24],[29,30],[13,24],[2,19],[-4,21],[-17,37],[-32,49],[-17,44],[0,67],[6,51],[7,40],[13,46],[15,35],[23,35],[46,44],[32,15],[30,6],[33,1],[33,-9],[32,-17],[32,-23],[22,-27],[23,-35],[78,-160],[158,-190],[29,-44],[17,-21],[44,-28],[46,-25],[278,-117],[63,-37],[36,-30],[23,-23],[9,-29],[3,-31],[0,-60],[7,-41],[13,-35],[20,-30],[31,-25],[43,-18],[46,-8],[38,-3],[32,9],[86,35],[122,60],[17,13],[25,36],[15,32],[41,75],[14,50],[10,99],[17,54],[24,34],[37,41],[43,31],[50,25],[60,20],[73,20],[86,7],[63,-4],[58,-14],[40,-15],[39,-19],[54,-46],[81,-74],[66,-83],[44,-69],[63,-116],[14,-21],[18,-7],[32,-1],[41,8],[25,10],[141,178],[5,23],[-3,16],[-22,64],[4,26],[8,34],[11,14],[25,10],[104,28],[42,-14],[92,-45],[39,-30],[43,-45],[28,-19],[29,-5],[36,3],[31,-1],[36,-18],[31,-31],[129,-147],[18,-42],[20,-26],[59,-39],[30,32],[203,121],[5,281],[88,141],[138,67],[130,7],[77,-53],[141,-97],[40,24],[159,95],[174,98],[19,15],[71,44],[27,-26],[51,-10],[38,-1],[64,-29],[-11,15],[24,103],[-13,13],[-21,4],[61,46],[442,243],[100,68],[134,79],[116,66],[67,106],[39,48],[139,224],[73,102],[106,156],[183,49],[231,56],[158,44],[168,37],[202,52],[170,38],[846,98],[93,2],[125,17],[170,16],[196,83],[429,187],[384,160],[212,78],[188,62],[954,323],[491,161],[90,32],[-24,227],[-44,475],[-39,372],[-50,548],[-28,270],[-6,5],[-2,7],[4,43],[-4,41],[1,23],[-3,36],[-13,45],[-18,41],[-1,8],[0,7],[4,8],[34,40],[4,18],[-3,10],[-5,6],[-47,16],[-14,17],[-2,23],[8,25],[-1,7],[-4,7],[-21,19],[-5,10],[0,11],[5,22],[-2,35],[-4,9],[-26,9],[-16,15],[-12,15],[-6,12],[-1,12],[3,15],[4,4],[17,4],[9,11],[3,20],[4,52],[3,16],[6,12],[26,21],[12,4],[24,-3],[54,-22],[5,0],[5,5],[4,13],[1,19],[-2,12],[-6,8],[-20,14],[-10,11],[-2,15],[1,22],[-7,35],[6,50],[-1,12],[-25,28],[-2,8],[4,18],[16,32],[0,9],[-49,82],[-15,54],[-14,29],[-52,137],[-20,41],[-30,29],[-2,37],[-33,17],[6,37],[-20,46],[-14,40],[-1,29],[-3,18],[-11,24],[-6,27],[-8,20],[-8,9],[-28,17],[-30,27],[-28,40],[-6,13],[1,28],[-4,17],[-23,49],[-29,35],[-13,36],[-17,27],[-4,14],[3,31],[-3,16],[-9,21],[-20,29],[-10,18],[-14,57],[-11,19],[-12,13],[-10,10],[-22,11],[-18,14],[-18,22],[-43,75],[-15,12],[-25,43],[-53,82],[-26,28],[-11,16],[-13,30],[5,33],[-8,27],[4,31],[-38,31],[-9,19],[-9,69],[13,40],[-23,22],[-1,29],[2,23],[-3,29],[6,37],[-1,20],[-16,46],[1,40],[40,164],[15,24],[5,66],[56,72],[27,-10],[25,10],[37,-8],[40,10],[34,14],[-1,16],[-1,6],[5,43],[37,23],[-29,117],[-17,86],[8,157],[0,67],[-28,34],[-45,44],[-60,43],[-94,133],[-73,72],[-41,68],[-96,73],[-100,133],[-57,5],[-65,120],[12,147],[13,74],[-1,91],[-10,71],[-70,60],[-69,47],[-78,61],[-155,94],[-12,9],[-15,23],[-41,32],[-11,13],[-8,13],[-15,10],[-75,76],[-23,18],[-20,11],[-68,22],[-16,8],[-30,24],[-71,33],[-23,16],[-18,15],[-56,65],[-27,24],[-52,34],[-99,53],[-54,23],[-14,9],[-80,77],[-30,24],[-14,3],[-37,-4],[-15,5],[-64,33],[-39,34],[-21,10],[-24,8],[-20,10],[-25,20],[-22,36],[-40,26],[-14,27],[-146,102],[-15,5],[-38,2],[-43,32],[-34,29],[-41,25],[-19,6],[-38,-6],[-9,2],[-3,11],[2,15],[0,33],[-3,16],[-16,21],[-36,15],[-15,14],[-13,21],[-11,11],[-15,2],[-19,-4],[-25,-1],[-29,3],[-34,11],[-31,13],[-34,21],[-39,0],[-38,-20],[-60,7],[-112,-4],[-86,-53],[-22,39],[-181,-105],[-118,-121],[-218,161],[-217,165],[-219,161],[-218,165],[-175,129],[-364,272],[-271,127],[-257,127],[-209,95],[-135,58],[-76,50],[-203,95],[-473,216],[-188,96],[-239,153],[-209,146],[-382,255],[-115,84],[-155,99],[-230,169],[-234,155],[-206,140],[-89,57],[-174,120],[-32,17],[-25,25],[-98,78],[-219,50],[-297,78],[-173,40],[-240,52],[-91,27],[-189,47],[-91,20],[-226,60],[-175,36],[-73,24],[-260,63],[-134,36],[-151,38],[-225,53],[-254,-90],[-240,-76],[-41,-18],[-33,-1],[-135,-54],[-57,-35],[-26,1],[-179,169],[-61,60],[-141,118],[-197,177],[-222,191],[-414,374],[-667,582],[-452,409],[-692,605],[-342,310],[220,352],[158,241],[168,284],[193,315],[118,188],[-247,121],[-791,382],[89,224],[77,216],[-168,69],[-253,132],[-252,123],[-44,17],[-215,102],[-1015,494],[-241,248],[-8,18],[-152,161],[-185,202],[220,202],[-26,27],[221,199],[-140,117],[-30,-37],[-748,556],[-133,-248],[-115,138],[-173,223],[-98,134],[-1414,1783],[58,129],[27,40],[16,17],[13,6],[10,0],[9,-6],[7,-15],[27,-88],[20,-36],[9,-10],[13,-5],[26,3],[15,8],[22,23],[11,24],[7,30],[16,115],[11,44],[25,34],[20,12],[64,30],[11,11],[30,63],[33,91],[34,57],[27,31],[57,53],[46,32],[39,23],[66,51],[100,107],[37,19],[30,5],[40,2],[98,-6],[157,-25],[56,14],[15,12],[10,20],[-9,58],[-3,75],[12,36],[102,142],[63,54],[52,15],[17,3],[13,-2],[16,-12],[12,-14],[18,-6],[109,4],[36,-4],[6,-4],[2,-7],[-2,-21],[-25,-78],[-4,-17],[0,-19],[4,-14],[10,-23],[15,-16],[10,-6],[21,0],[8,6],[7,11],[82,161],[17,32],[14,21],[21,22],[27,22],[37,19],[33,4],[15,-2],[10,-3],[9,-8],[20,-35],[5,-20],[1,-8],[-2,-10],[-20,-47],[-28,-31],[-3,-8],[0,-11],[4,-15],[4,-12],[5,-9],[8,-3],[9,0],[24,14],[9,9],[19,27],[12,7],[13,4],[36,5],[21,0],[15,-6],[14,-18],[7,-48],[-6,-23],[-25,-55],[-3,-13],[2,-19],[6,-17],[17,-20],[25,-16],[4,-7],[5,-25],[24,-32],[10,-7],[35,-2],[56,-24],[11,0],[27,10],[14,14],[16,31],[4,15],[-1,11],[-4,8],[-9,5],[-34,11],[-29,13],[-52,36],[-13,16],[-1,8],[1,17],[12,15],[36,30],[12,8],[29,12],[9,6],[43,54],[12,8],[28,11],[43,32],[12,12],[13,30],[36,48],[34,36],[11,9],[10,3],[10,0],[6,-4],[3,-9],[-3,-120],[2,-13],[8,-12],[11,-10],[16,-4],[48,7],[12,6],[18,24],[11,11],[26,13],[24,8],[27,0],[24,-6],[32,-13],[20,-4],[14,4],[11,9],[10,19],[6,31],[5,29],[5,107],[10,18],[9,7],[11,2],[17,0],[6,-4],[4,-5],[1,-8],[-12,-61],[5,-31],[4,-10],[6,-6],[9,-2],[20,1],[13,4],[86,59],[17,6],[17,-4],[7,-7],[6,-10],[4,-13],[4,-28],[-7,-41],[-16,-73],[1,-29],[21,-69],[17,-31],[12,-12],[12,-7],[17,-2],[72,5],[118,23],[16,7],[11,8],[6,8],[12,40],[14,29],[10,12],[15,15],[65,40],[52,10],[19,12],[7,7],[15,43],[2,25],[-5,10],[-12,10],[-103,45],[-41,24],[-13,15],[-4,25],[1,26],[3,12],[6,11],[18,24],[22,22],[34,26],[20,8],[13,0],[19,-10],[8,-6],[16,-22],[98,-107],[8,-7],[11,-4],[17,1],[39,10],[20,3],[95,-8],[14,5],[17,18],[8,12],[3,10],[-1,11],[-4,11],[-5,8],[-98,86],[-40,41],[-20,31],[-5,15],[-2,15],[1,16],[6,22],[16,25],[21,19],[27,17],[26,12],[24,5],[38,-1],[17,-6],[46,-26],[12,-2],[30,2],[30,-6],[13,-10],[16,-19],[13,-21],[30,-98],[13,-26],[9,-15],[11,-9],[16,-7],[14,-3],[26,3],[19,9],[13,12],[16,20],[33,52],[12,40],[5,31],[-2,11],[-10,13],[-42,30],[-26,29],[-11,24],[1,7],[6,12],[33,42],[87,99],[51,66],[57,91],[14,11],[9,2],[44,0],[22,3],[26,26],[82,105],[24,36],[9,20],[3,21],[0,12],[-4,24],[-13,44],[-4,30],[24,152],[19,33],[37,32],[17,7],[17,2],[24,-3],[39,-12],[14,-8],[9,-12],[7,-15],[23,-109],[10,-14],[18,-16],[14,-7],[15,-3],[109,3],[28,-3],[42,-12],[44,-6],[15,1],[34,8],[13,7],[56,38],[12,5],[34,1],[14,-3],[16,-11],[24,4],[13,7],[11,8],[4,6],[1,16],[-4,6],[2,4],[33,11],[284,6],[181,7],[110,7],[97,2],[33,8],[32,15],[25,6],[26,2],[56,-2],[33,-8],[32,-11],[19,-10],[13,-12],[6,-11],[1,-22],[-13,-30],[-14,-11],[-22,-10],[-22,-4],[-20,0],[-8,-6],[-1,-5],[1,-8],[5,-5],[56,-46],[19,-20],[9,-27],[5,-16],[1,-41],[-2,-13],[-12,-21],[-8,-22],[-2,-28],[7,-36],[13,-22],[74,-85],[27,-41],[16,-28],[8,-27],[3,-21],[16,-28],[23,-24],[21,-13],[16,-1],[14,5],[14,12],[8,19],[15,58],[15,25],[52,56],[39,34],[33,24],[26,34],[22,42],[13,33],[16,51],[39,67],[55,45],[570,143],[461,122],[287,82],[261,70],[282,81],[265,62],[533,146],[265,70],[270,65],[-55,148],[-41,148],[-174,544],[-281,856],[-12,57],[-6,45],[-29,45],[-22,47],[-6,27],[-9,29],[-9,8],[-30,11],[-80,14],[-20,6],[-42,26],[-17,2],[-36,-8],[-34,8],[-10,6],[-14,20],[-5,9],[-2,46],[-22,89],[1,17],[12,27],[3,20],[-1,9],[-12,25],[-3,11],[0,7],[10,20],[-1,20],[-10,43],[-3,13],[-9,41],[8,18],[-1,21],[4,25],[-8,40],[28,50],[26,35],[10,6],[4,7],[-32,49],[0,10],[8,23],[-7,14],[1,14],[8,40],[10,25],[-2,36],[6,9],[23,-3],[13,9],[1,15],[24,47],[-5,16],[15,21],[31,9],[10,27],[18,25],[13,4],[9,-3],[19,-27],[13,20],[23,18],[13,6],[118,23],[4,9],[-42,87],[-10,89],[3,22],[10,13],[27,3],[25,40],[-5,37],[-31,63],[0,12],[4,8],[110,80],[24,46],[29,28],[34,23],[56,92],[24,26],[52,-12],[81,44],[17,6],[55,3],[8,3],[4,9],[-2,10],[-32,51],[-2,7],[60,84],[36,27],[7,18],[6,108],[27,96],[37,43],[27,20],[6,28],[2,46],[-14,32],[9,24],[33,9],[29,60],[74,114],[34,32],[34,70],[13,39],[-54,187],[-1,22],[46,194],[34,78],[34,63],[26,29],[53,46],[41,13],[64,13],[45,34],[41,1],[30,12],[19,14],[39,46],[39,77],[30,46],[31,35],[32,34],[30,26],[36,19],[34,24],[14,30],[9,67],[-12,28],[1,16],[12,24],[52,123],[84,179],[15,10],[11,21],[6,50],[23,29],[36,61],[50,65],[311,456],[53,33],[134,97],[100,104],[64,118],[36,77],[5,59],[-4,85],[9,44],[43,131],[34,54],[128,149],[44,41],[119,95],[69,75],[58,52],[124,163],[161,147],[70,41],[108,34],[-36,114],[-57,166],[-51,134],[-46,157],[-50,118],[-145,159],[-78,81],[-153,144],[-55,39],[-93,78],[-86,56],[-47,58],[-44,73],[-48,88],[-75,109],[-115,183],[-19,40],[-89,127],[-45,75],[-19,16],[-22,8],[-16,24],[-16,41],[-45,144],[-11,118],[88,11],[58,17],[16,256],[11,103],[7,163],[9,114],[17,99],[65,60],[112,112],[75,62],[76,59],[8,72],[30,151],[58,111],[-3,91],[-10,86],[52,72],[119,133],[27,56],[16,41],[39,78],[18,99],[12,89],[18,96],[10,75],[16,82],[-4,44],[2,66],[-5,69],[2,79],[18,22],[32,30],[24,14],[114,88],[44,25],[24,23],[65,50],[59,40],[30,24],[24,41],[25,19],[28,30],[36,10],[31,15],[18,18],[25,21],[65,29],[58,59],[37,10],[45,65],[52,26],[36,8],[19,17],[71,15],[42,-3],[33,-14],[31,13],[44,-26],[61,2],[33,-26],[32,9],[71,-17],[40,10],[6,-30],[-21,-73],[49,-3],[43,43],[36,31],[84,22],[26,-8],[48,-6],[57,-55],[68,20],[37,-5],[31,-15],[23,-17],[51,24],[34,24],[46,21],[91,49],[69,24],[22,10],[121,71],[336,177],[4,52],[17,46],[8,99],[175,112],[50,37],[208,124],[162,104],[187,113],[204,131],[248,154],[220,133],[234,145],[55,53],[162,92],[234,142],[218,135],[247,158],[52,627],[92,900],[9,49],[-170,605],[-272,954],[-131,440],[-102,236],[-131,268],[-64,146],[-125,256],[-118,257],[-37,56],[-56,100],[-60,127],[-71,139],[-60,69],[-86,88],[-74,82],[-77,94],[-55,23],[-47,-11],[-64,-20],[-79,-44],[-80,-24],[-83,-7],[-103,-16],[-71,-3],[-91,18],[-140,42],[-96,61],[-56,32],[-47,9],[-191,69],[-71,36],[-72,43],[-82,30],[-103,21],[-100,57],[-114,-40],[-105,-44],[-36,-20],[-20,-2],[-23,11],[-105,70],[-123,74],[-21,15],[-10,10],[-6,8],[-17,56],[-394,1145],[-137,375],[-85,248],[-38,124],[-97,274],[-89,243],[-29,88],[-57,154],[-42,104],[-64,211],[-17,52],[-12,27],[-13,29],[-11,13],[-17,10],[-75,33],[-123,48],[-179,75],[-3,-8],[-43,18],[-137,58],[0,0],[-73,32],[-206,88],[-253,109],[-187,73],[-237,95],[-254,98],[-405,169],[-214,87],[-285,112],[-263,88],[-249,86],[-247,89],[-223,78],[-253,90],[-257,95],[-55,-96],[-62,59],[-116,65],[-51,32],[-258,106],[-59,61],[-130,163],[-40,161],[-26,181],[-47,54],[-70,230],[-31,33],[-19,6],[-11,24],[6,24],[-18,23],[-22,19],[-14,62],[-6,27],[-5,41],[-12,20],[17,16],[4,16],[-16,-1],[-15,17],[5,16],[-8,27],[-19,0],[-10,39],[-21,18],[-1,14],[-3,27],[-33,9],[-8,22],[19,-2],[-2,17],[-16,1],[-3,10],[-24,11],[-5,15],[-11,0],[-8,7],[-4,22],[-17,22],[-29,-5],[-42,46],[-16,18],[14,22],[-14,35],[-24,-7],[-1,20],[-19,18],[10,29],[-8,27],[-8,21],[-44,46],[-17,-3],[-5,25],[-42,-2],[-10,15],[-67,18],[-12,-2],[-31,-30],[-18,13],[-12,31],[13,36],[-39,4],[-12,-20],[-20,10],[11,52],[-37,5],[9,63],[22,7],[-19,20],[-55,-23],[-27,21],[-18,-12],[4,46],[23,15],[-59,3],[-36,-53],[-29,24],[-30,45],[-7,-27],[-23,28],[17,15],[-16,46],[-26,-9],[1,53],[-24,-4],[-23,22],[14,28],[-57,37],[-10,-23],[11,-29],[-26,-36],[-27,63],[-33,47],[-72,1],[-39,43],[-20,-58],[-24,25],[-25,57],[-30,-16],[-11,24],[-9,74],[-29,36],[-35,-13],[-82,30],[-12,-27],[-17,-34],[-35,29],[11,35],[-8,39],[-56,-2],[4,-27],[-32,55],[-26,33],[-11,-28],[-10,-19],[-18,24],[4,44],[-6,15],[-17,-17],[-12,74],[-34,4],[-7,22],[-48,11],[-24,35],[3,49],[-28,29],[-33,10],[-50,38],[-9,26],[-20,33],[-48,-3],[11,47],[1,42],[-29,-7],[5,41],[-28,6],[-23,-14],[-26,30],[-20,-51],[24,1],[0,-28],[-65,-15],[7,39],[-18,39],[-41,-12],[-8,-17],[-18,8],[-1,25],[-34,21],[-32,-6],[5,-24],[-34,21],[-6,17],[-69,70],[31,34],[-27,18],[-31,59],[13,16],[-11,39],[28,15],[-30,84],[-13,5],[-3,-17],[-42,19],[38,65],[-67,-34],[-18,11],[-18,19],[30,34],[1,40],[48,-33],[50,11],[-5,55],[-19,23],[-35,6],[-15,17],[25,61],[-67,40],[-38,20],[-31,39],[-37,27],[6,30],[-11,25],[-30,-9],[-19,37],[-8,-9],[-11,-32],[-25,-20],[-22,15],[-10,27],[-33,30],[-18,51],[23,45],[0,32],[-28,13],[-64,-48],[-21,16],[-18,55],[-18,14],[-40,-10],[-33,25],[7,90],[5,41],[-42,43],[-24,-10],[-3,35],[-25,23],[-12,6],[-121,39],[-10,36],[-17,22],[-19,6],[-24,-16],[-6,-23],[-37,-103],[-158,-319],[-97,-204],[-122,-229],[-127,-279],[-120,-253],[-160,-324],[-194,91],[-122,48],[-149,64],[-242,105],[-314,134],[-259,117],[-231,101],[-256,112],[-227,106],[-303,130],[-175,84],[-274,120],[-268,-167],[-238,-155],[-286,-181],[-238,-161],[-151,137],[-234,226],[-155,134],[-128,127],[-138,130],[-120,112],[-122,112],[-129,120],[-147,132],[-145,138],[-130,117],[-145,140],[-184,75],[-226,86],[-225,88],[163,422],[-111,-24],[-485,142],[-136,-334],[-754,293],[30,528],[-527,96],[-84,-451],[-1084,200],[-510,105],[1,129],[-528,98],[-860,291],[-176,-253],[-673,-792],[-986,-1094],[-923,767],[-1020,896],[-150,325],[-477,284],[-2203,1260],[-777,394],[-518,-406],[-184,334],[-87,127],[-782,1027],[-670,955],[423,1046],[226,603],[-712,679],[-565,485],[-358,428],[-235,431],[-60,430],[-51,354],[-67,325],[-173,562],[-377,1100],[-165,428],[-186,321],[-142,568],[-4,119],[-7,201],[145,171],[257,274],[-244,293],[-34,101],[274,380],[-284,336],[-73,14],[-113,-83],[-70,54],[-126,193],[-193,205],[-338,-365],[-433,-415],[-213,-165],[-18,15],[-172,585],[-122,174],[-170,151],[-215,-300],[-294,-262],[-236,-225],[-145,-169],[93,-127],[-219,-198],[-31,-31],[-244,-227],[189,-228],[128,-148],[178,-212],[-154,-167],[-143,-151],[-166,-171],[-35,-34],[-10,-3],[-169,-239],[-179,-251],[-168,-237],[-14,-13],[-295,-1],[-281,-3],[-291,-2],[-422,-12],[-151,-4],[-331,-2],[-130,-63],[-116,-58],[-253,-110],[-4,-10],[-250,-115],[-140,-71],[-266,-86],[-253,-77],[-73,-22],[-273,-24],[-200,-20],[-251,-118],[-256,-126],[-249,-129],[-198,-93],[-251,-127],[-200,-217],[-8,21],[-150,330],[-141,309],[-130,284],[-44,96],[-84,179],[-123,265],[-121,270],[-126,274],[-110,235],[-102,229],[-109,243],[-109,235],[-103,226],[-106,234],[-106,229],[-348,-209],[-241,-139],[-243,-138],[-245,-140],[18,186],[-211,21],[-203,26],[-204,24],[-207,25],[-236,25],[26,305],[27,300],[31,304],[31,297],[33,293],[24,298],[32,299],[42,418],[-1,54],[-5,110],[-277,-73],[-265,-73],[-270,-70],[-263,-71],[-267,-66],[-317,-87],[-210,-68],[-26,-10],[-244,-59],[-268,-73],[-270,-73],[-307,-81],[-295,-79],[-339,-99],[-216,-38],[-233,-43],[-228,-40],[-241,-40],[-50,-8],[-186,-29],[-59,-9],[-195,-33],[-11,38],[-58,237],[-64,257],[-72,285],[-72,288],[-72,291],[-19,72],[-92,339],[-87,319],[-101,377],[-73,261],[9,15],[-614,32],[-440,26],[-52,2],[-49,30],[-106,77],[-152,111],[-63,47],[-25,23],[-132,149],[-201,223],[-133,149],[-99,131],[-120,170],[-142,206],[-85,124],[-155,270],[-76,130],[-96,185],[-112,217],[-108,232],[-65,134],[-147,122],[-262,221],[-263,220],[-263,218],[-238,200],[-156,132],[-90,45],[-300,147],[-84,39],[-255,127],[-143,69],[-86,45],[-247,330],[-229,308],[-336,445],[-154,208],[-50,51],[-16,129],[-65,407],[-25,160],[-60,414],[-61,385],[-29,210],[-6,50],[2,18],[0,15],[-9,8],[-52,-128],[-36,-58],[-29,-44],[-34,-45],[-48,-24],[-44,-13],[-38,4],[-49,29],[-52,40],[-43,48],[-34,50],[-48,88],[-45,93],[-23,45],[-23,19],[-30,16],[-38,21],[-108,4],[-158,4],[-193,14],[-142,9],[-242,10],[-323,16],[-12,95],[-30,199],[-42,281],[-18,118],[-20,144],[-4,88],[417,48],[168,20],[4,15],[-67,242],[-51,179],[-16,67],[-71,247],[-164,556],[-76,246],[-30,-24],[-35,-20],[-49,-20],[-54,-19],[-49,2],[-49,11],[-46,30],[-33,33],[-23,43],[-21,52],[-12,52],[4,56],[6,51],[14,49],[11,48],[10,45],[2,43],[-9,21],[-17,27],[-9,12],[-20,14],[-20,7],[-38,6],[-15,6],[-41,20],[-36,34],[-35,40],[-32,40],[-55,85],[-27,40],[-34,38],[-20,19],[-21,14],[-14,15],[-6,32],[-19,102],[-34,155],[-65,257],[-51,205],[-74,306],[-75,310],[-35,139],[-37,158],[-299,11],[-253,-5],[-86,-2],[-473,1],[-218,-10],[-286,-15],[-58,-2],[-446,-36],[-583,353],[-295,181],[-203,125],[-98,56],[-25,8],[-368,169],[-192,90],[-323,171],[-218,121],[-243,134],[-169,100],[-212,180],[-209,188],[-245,217],[-168,140],[-159,143],[-125,109],[30,15],[46,25],[47,14],[54,11],[42,5],[15,3],[24,23],[14,7],[33,5],[40,4],[47,14],[40,12],[45,13],[26,8],[13,19],[5,21],[-1,24],[-4,15],[-6,9],[-29,23],[-54,30],[-41,19],[-49,19],[-45,19],[-50,21],[-12,6],[-31,26],[-38,36],[-23,42],[-15,49],[-8,43],[5,53],[17,47],[30,33],[36,30],[47,30],[50,27],[32,20],[16,21],[32,27],[45,29],[52,25],[54,18],[52,18],[49,17],[44,5],[40,-3],[32,-7],[29,-13],[24,-7],[37,-8],[34,4],[41,10],[23,11],[31,10],[47,24],[29,19],[37,40],[25,32],[18,24],[10,26],[7,25],[3,21],[0,32],[-9,89],[-3,78],[-2,114],[-5,90],[-3,49],[-6,36],[-30,137],[-17,66],[-22,56],[-16,32],[-15,24],[-26,28],[-43,35],[-43,35],[-36,36],[-24,31],[-39,50],[-15,30],[-4,14],[-5,24],[-1,26],[4,26],[9,27],[12,30],[15,8],[17,16],[11,9],[29,8],[35,7],[26,6],[33,1],[45,-6],[39,-21],[57,-41],[46,-34],[38,-23],[61,-22],[44,-10],[21,0],[46,14],[48,15],[53,25],[57,36],[34,19],[49,23],[145,-11],[-10,23],[-25,61],[-41,59],[-37,47],[-9,6],[-102,166],[-24,40],[-51,114],[-77,152],[-3,94],[-1,91],[25,83],[25,82],[33,74],[29,106],[28,98],[-6,116],[-47,56],[-47,32],[-65,29],[-37,-3],[-57,-9],[-99,-26],[-84,-112],[-23,-5],[-72,85],[-45,61],[-40,21],[-88,33],[-97,13],[-71,20],[-20,5],[2,24],[40,56],[4,9],[23,20],[23,18],[24,6],[37,4],[22,2],[18,9],[2,20],[10,23],[-7,46],[-4,18],[-62,92],[-42,52],[-35,58],[-6,63],[37,145],[-5,15],[-30,49],[-32,51],[-122,200],[-70,114],[-96,155],[-66,110],[-114,187],[-14,24],[-19,-28],[-7,-2],[-51,1],[-155,67],[-122,14],[-144,-50],[-28,-14],[-46,115],[-17,-5],[-89,91],[-131,102],[-262,205],[-253,195],[-238,191],[-220,174],[-52,42],[-250,199],[-31,26],[-168,134],[-255,208],[-218,168],[-305,239],[-233,181],[-258,201],[-261,-11],[-307,-7],[-229,-7],[-361,-8],[-305,-4],[-276,1],[-279,5],[-274,-5],[-70,-5],[-206,4],[-291,-1],[-268,-3],[-260,1],[-311,-1],[-324,1],[-312,-8],[-304,-4],[-257,1],[-359,2],[-242,4],[-336,5],[-252,10],[-250,10],[-298,13],[-3,350],[1,309],[1,18],[-2,330],[2,342],[3,13],[239,147],[204,132],[171,109],[19,11],[-8,17],[-213,389],[-125,225],[-137,251],[-134,247],[-132,240],[-135,238],[-2,18],[33,16],[235,149],[265,167],[258,167],[258,166],[248,171],[240,155],[22,12],[326,200],[256,169],[269,171],[244,151],[242,154],[135,82],[276,174],[283,179],[217,135],[4,-6],[40,25],[110,67],[149,95],[145,201],[187,256],[388,507],[192,263],[187,253],[201,270],[29,38],[57,77],[199,269],[22,26],[65,92],[191,260],[199,265],[190,256],[238,146],[259,166],[-48,94],[-173,312],[-165,288],[-96,187],[-17,35],[-44,0],[-42,71],[-17,32],[-70,119],[-143,244],[-95,164],[-38,65],[-56,97],[-128,224],[-120,211],[-163,280],[169,101],[160,100],[59,36],[3,12],[-65,117],[-79,148],[-100,186],[-160,288],[-81,149],[-167,306],[-15,40],[-130,232],[-171,295],[-154,279],[-155,288],[191,303],[42,68],[-254,415],[-161,272],[-182,284],[-140,218],[-171,272],[-176,289],[-159,257],[-147,258],[-80,145],[-17,63],[-11,45],[-112,-24],[-137,324],[-136,314],[-39,88],[-8,17],[-15,29],[-194,-61],[-234,-82],[-238,-67],[-333,-107],[-271,-90],[-311,-102],[-294,-98],[-303,-98],[-317,-96],[-8,54],[-48,382],[-54,384],[-36,256],[-63,448],[-38,291],[-32,248],[-60,419],[-36,273],[-40,275],[-42,310],[-17,167],[-4,89],[-35,235],[-35,230],[-54,403],[-31,224],[-38,279],[9,13],[186,209],[72,82],[167,188],[245,272],[164,183],[148,163],[157,183],[164,189],[155,188],[83,329],[-3,33],[61,231],[63,235],[57,218],[91,341],[62,225],[58,207],[74,285],[69,259],[125,464],[71,268],[63,227],[70,259],[48,182],[14,62],[136,151],[72,80],[134,151],[206,230],[200,224],[201,227],[113,127],[79,90],[30,34],[191,213],[172,196],[131,149],[65,74],[-9,14],[-19,22],[-35,153],[-22,106],[-16,59],[-16,69],[-42,191],[-43,184],[-8,34],[-22,95],[-87,371],[-41,185],[-43,190],[-39,241],[-22,120],[-22,157],[-31,141],[-11,70],[-1,55],[16,97],[23,100],[12,55],[51,254],[21,117],[24,129],[13,70],[16,70],[45,253],[23,140],[25,117],[6,37],[22,94],[8,41],[12,68],[4,36],[-58,62],[-77,87],[-79,94],[-67,76],[-86,101],[-29,32],[-113,130],[-125,138],[-81,89],[-23,33],[26,76],[28,61],[12,46],[17,56],[61,183],[20,62],[27,74],[40,122],[28,83],[32,113],[52,148],[10,21],[35,118],[34,94],[24,70],[38,125],[31,101],[23,62],[34,128],[22,83],[28,104],[19,74],[28,83],[5,49],[-37,35],[-42,38],[-92,78],[-37,37],[-55,48],[-51,40],[-43,52],[-13,9],[-18,36],[-4,16],[15,11],[31,13],[29,9],[35,1],[16,1],[32,-14],[23,-16],[18,-21],[22,-16],[24,-10],[4,68],[2,75],[1,58],[1,49],[5,177],[-1,61],[9,148],[1,86],[-1,66],[7,103],[-1,113],[7,82],[5,299],[9,299],[9,261],[10,317],[6,303],[11,317],[7,315],[9,346],[11,359],[11,347],[4,356],[6,348],[11,337],[10,343],[11,349],[90,254],[91,263],[87,272],[88,276],[80,251],[82,225],[75,231],[308,51],[251,43],[281,47],[60,222],[87,205],[17,42],[50,307],[47,296],[40,309],[49,300],[44,301],[46,314],[50,283],[48,306],[51,290],[47,292],[46,309],[16,111],[19,127],[43,294],[-217,89],[-254,107],[-286,126],[-294,122],[-292,127],[-283,121],[-377,160],[-256,106],[-265,116],[-324,139],[-282,122],[-268,110],[-273,116],[-280,117],[-282,121],[-39,-198],[-45,-221],[-68,-348],[-69,-345],[-61,-312],[-75,-361],[-67,-352],[-59,-303],[-67,-336],[-65,-337],[-64,-330],[-66,-326],[-66,-331],[-62,-299],[-69,-371],[-26,-178],[-27,-152],[-18,-130],[-408,23],[-292,28],[-196,5],[-51,4],[-257,14],[-136,7],[-85,4],[-237,8],[-215,6],[-200,12],[-211,10],[-192,12],[-221,11],[-203,9],[-216,4],[-204,16],[-224,11],[-225,10],[-217,13],[-225,16],[-221,-8],[8,-84],[-256,-145],[-110,78],[-287,-169],[-157,-14],[-180,-90],[-276,-68],[-41,-97],[-124,-75],[-161,20],[5,-300],[8,-81],[-95,-1],[-56,14],[-64,-12],[-308,2],[-103,201],[-54,-32],[-269,-41],[-78,82],[-104,58],[-161,-64],[-119,42],[-205,-8],[-248,-95],[-41,24],[-4,23],[-56,281],[-39,165],[-47,225],[-71,292],[-75,325],[-74,328],[-221,-54],[-197,-60],[-93,393],[-77,350],[-70,336],[422,106],[-64,275],[-63,277],[-74,320],[-82,347],[-77,332],[-72,350],[-50,167],[-102,308],[-105,344],[-103,333],[-101,333],[-103,322],[-21,66],[-59,202],[-125,394],[-114,364],[-107,333],[-209,-60],[-273,-78],[-305,-86],[-272,-70],[-306,-80],[-306,-78],[-316,-74],[-44,158],[-89,324],[-86,330],[-92,322],[-85,335],[-102,400],[-12,50],[-51,191],[-56,204],[-230,-108],[-93,144],[-180,275],[-190,290],[123,331],[-1,-2],[116,318],[109,312],[118,313],[91,252],[115,320],[113,315],[47,149],[214,614],[-179,210],[-240,269],[-264,303],[-337,371],[-261,292],[-246,270],[-262,289],[-208,231],[-342,383],[-276,309],[-271,302],[-225,247],[-200,227],[-216,237],[-220,246],[-225,240],[-194,220],[-161,187],[-190,202],[-499,556],[-194,209],[-326,-89],[-281,-71],[-320,-87],[-448,-131],[-85,307],[-68,258],[-72,273],[-78,281],[-81,253],[-97,295],[-282,-66],[-176,-49],[-309,-83],[-327,-96],[-290,-80],[-100,315],[-152,502],[-133,423],[-121,-42],[-91,195],[-75,165],[170,98],[-64,207],[-60,193],[-63,194],[-53,181],[225,85],[222,80],[-60,242],[-69,270],[-62,254],[-76,336],[-75,301],[-76,321],[-72,300],[-74,311],[-72,304],[-78,311],[-74,321],[-75,303],[-75,326],[-72,294],[-420,-117],[-292,-83],[-281,-90],[-264,-73],[-279,-83],[-76,-13],[-235,-68],[-331,-96],[-267,-77],[87,-243],[131,-358],[137,-377],[-25,-22],[-268,-97],[-251,-90],[-244,-88],[-232,-83],[-263,-95],[-354,-127],[-286,-103],[-276,-100],[-265,-95],[-300,-108],[-293,-108],[-287,-102],[-301,-108],[-129,264],[-124,254],[-137,280],[-131,269],[-131,270],[-30,61],[-84,170],[-176,361],[-109,224],[-85,174],[-154,320],[-214,448],[-80,285],[-88,314],[-77,274],[-62,224],[-66,88],[-64,375],[-67,238],[-140,489],[-101,356],[-134,470],[-106,377],[-115,407],[-125,439],[-129,453],[-110,391],[-27,97],[-108,375],[-106,374],[-50,203],[-52,209],[-75,236],[-64,198],[-74,262],[-293,214],[-162,120],[-248,183],[-248,182],[-250,184],[-241,177],[-246,181],[-260,191],[-273,200],[-261,192],[-267,196],[-261,191],[-274,203],[-264,194],[-244,177],[-27,18],[-335,-65],[-315,-61],[-355,-69],[-334,-61],[-288,-48],[-280,-54],[-317,-53],[-294,-56],[-288,-52],[-248,-46],[-273,-48],[-280,-54],[-304,-51],[-291,-58],[-278,-56],[-205,189],[-205,196],[-191,178],[-309,291],[-208,194],[-200,192],[-206,190],[-212,199],[-219,208],[-266,247],[-216,203],[-215,198],[-197,183],[-171,163],[-212,197],[-212,196],[-229,214],[-211,198],[-204,190],[-294,275],[-236,220],[-186,175],[-26,25],[-175,163],[-261,245],[-267,252],[-263,248],[-261,247],[-61,52],[-6,9],[64,42],[40,19],[68,14],[70,-14],[207,-86],[34,2],[31,22],[17,39],[-5,41],[-114,384],[-14,82],[8,93],[30,73],[53,67],[79,46],[331,75],[63,18],[23,17],[18,36],[3,67],[-9,4],[-89,285],[-102,290],[-54,147],[-27,89],[-82,243],[-84,245],[-84,243],[-83,241],[-87,252],[-84,245],[-13,44],[-140,372],[-151,397],[-134,357],[-123,322],[-137,368],[-115,306],[-112,301],[-121,323],[-68,412],[-13,82],[-60,365],[100,231],[100,234],[111,258],[106,242],[287,37],[-181,193],[-205,216],[-197,206],[-189,203],[-225,236],[-209,221],[-222,232],[-206,217],[-143,138],[-58,76],[-265,278],[-264,280],[-225,235],[-252,261],[-247,253],[-241,249],[-217,226],[-177,185],[-198,210],[214,256],[-66,187],[-79,215],[-181,-31],[-125,284],[-122,278],[-123,287],[-21,6],[-92,205],[-56,133],[-15,84],[-82,475],[-10,41],[-280,181],[-282,177],[-259,163],[-277,166],[-254,164],[-259,167],[-250,152],[-247,158],[-260,157],[-255,164],[-270,167],[-214,137],[-72,197],[-39,88],[-40,85],[-194,315],[-93,168],[-68,54],[-69,235],[-48,126],[-44,115],[-95,112],[-89,120],[-27,36],[-21,45],[-14,52],[-7,51],[33,124],[15,45],[60,133],[33,50],[84,127],[33,47],[54,-29],[32,-47],[15,-21],[81,-35],[33,-4],[95,7],[131,47],[45,18],[42,19],[73,33],[74,20],[77,13],[54,3],[66,21],[21,12],[52,62],[52,92],[20,17],[21,49],[16,19],[48,85],[7,13],[36,52],[-11,29],[97,46],[19,6],[68,32],[100,55],[116,54],[51,32],[34,29],[74,79],[17,35],[9,73],[-73,-30],[-16,-5],[-54,23],[-36,21],[-38,15],[-45,36],[-76,16],[-54,4],[-72,-11],[-106,-35],[-67,-25],[-8,-11],[-67,-24],[-84,-37],[-25,-16],[-80,-41],[-32,-17],[-95,-33],[-85,-36],[-79,-37],[-52,-13],[-82,-16],[-80,7],[-200,69],[-53,33],[-34,23],[-146,103],[-21,11],[-81,51],[-29,9],[-28,8],[-79,61],[-37,45],[-29,32],[-40,101],[-18,34],[-41,98],[-2,40],[-14,62],[4,58],[-6,84],[4,41],[16,78],[33,107],[11,22],[35,70],[45,55],[84,84],[140,109],[-40,48],[-23,59],[-24,56],[-36,48],[77,27],[238,84],[124,26],[75,9],[124,-3],[40,156],[17,104],[19,195],[26,193],[26,175],[33,111],[128,-92],[102,241],[42,-62],[133,43],[102,169],[58,94],[91,153],[208,370],[97,161],[30,49],[65,124],[78,110],[88,144],[267,318],[204,241],[153,182],[173,204],[301,356],[198,235],[174,202],[246,-53],[321,218],[381,268],[376,273],[173,-491],[195,-560],[282,200],[397,280],[437,309],[394,278],[409,291],[421,297],[410,290],[383,270],[408,289],[378,268],[398,280],[290,202],[148,-321],[199,-431],[186,-400],[200,-432],[198,-422],[210,-454],[235,-334],[75,33],[38,-41],[67,121],[247,208],[84,47],[24,23],[47,64],[185,160],[210,193],[257,10],[123,14],[180,-124],[165,-124],[117,-89],[126,-87],[218,-125],[211,-124],[182,-108],[210,-104],[101,251],[37,97],[45,108],[48,108],[62,142],[39,90],[13,1],[128,-72],[187,-103],[231,-127],[78,-136],[80,-151],[4,-18],[177,-135],[171,-131],[219,-168],[21,-12],[185,-102],[190,-104],[186,-99],[238,-134],[21,-10],[190,-104],[183,-103],[123,-66],[181,-99],[123,-67],[171,-91],[528,-149],[1527,-418],[209,30],[831,94],[430,56],[155,169],[284,318],[131,145],[151,161],[292,316],[439,473],[12,10],[420,670],[547,674],[413,502],[393,474],[411,490],[82,135],[58,62],[58,69],[26,115],[-3,24],[-41,74],[-16,24],[-50,33],[-22,33],[-98,177],[120,266],[36,65],[187,278],[1,15],[2,24],[-10,59],[-283,285],[1,85],[-7,12],[-199,80],[310,321],[259,224],[45,37],[41,15],[-4,143],[-19,25],[-21,9],[-20,4],[-19,-19],[-38,-25],[-9,-2],[-11,4],[-123,111],[-5,14],[11,232],[109,189],[23,14],[-5,22],[32,7],[48,-14],[214,7],[73,-47],[123,268],[457,-253],[360,-244],[224,-134],[328,-224],[399,-234],[365,-234],[260,-129],[64,-13],[141,-23],[296,-20],[262,-75],[49,-14],[119,-9],[231,41],[66,4],[65,-7],[55,-18],[48,-33],[20,-30],[15,-26],[13,-44],[67,-36],[60,15],[58,18],[55,8],[54,7],[56,3],[63,-9],[57,-16],[53,-35],[50,-40],[54,-37],[91,-70],[60,-28],[125,-40],[120,-46],[59,-22],[119,-61],[123,-70],[41,-38],[3,-18],[10,-22],[17,-22],[15,-26],[7,-36],[1,-33],[-6,-34],[-3,-35],[-8,-29],[-19,-57],[1,-36],[13,-36],[9,-32],[26,-32],[16,-23],[18,-16],[22,-15],[36,-3],[54,0],[66,1],[67,-2],[66,-14],[62,-29],[53,-39],[25,-28],[12,-19],[27,-70],[7,-23],[40,-18],[165,-130],[199,-151],[20,-20],[29,-3],[7,1],[356,-213],[45,-40],[664,-710],[222,-186],[109,-91],[100,-77],[42,-39],[47,-65],[44,-30],[58,-23],[55,-23],[88,-52],[29,-21],[21,-30],[24,-31],[31,-32],[55,-99],[78,-90],[28,-11],[75,-81],[25,-15],[109,-97],[213,-186],[104,-77],[134,-97],[70,-48],[246,-252],[64,-82],[127,-95],[104,-67],[80,-68],[44,-54],[79,-89],[70,-70],[32,-30],[16,-10],[72,-55],[26,-18],[42,-30],[146,-50],[40,-14],[192,-99],[110,-78],[107,-66],[405,-230],[88,-38],[107,-48],[211,-117],[94,-63],[200,-146],[36,-43],[70,-93],[232,-418],[193,-183],[37,-23],[86,-140],[42,-54],[137,-117],[141,-139],[76,-76],[57,-75],[84,-101],[68,-72],[102,-117],[134,-144],[43,-81],[85,-173],[61,-117],[186,-172],[142,-133],[281,-238],[206,-190],[53,-31],[254,-54],[253,75],[300,248],[322,496],[267,365],[139,280],[60,1248],[45,314],[170,396],[236,290],[327,149],[559,217],[379,29],[231,-41],[587,-343],[228,-320],[227,-182],[241,-116],[339,-23],[252,36],[137,111],[215,342],[249,262],[159,345],[61,241],[83,353],[30,288],[83,301],[120,119],[228,114],[637,219],[79,-17],[30,12],[6,28],[0,0],[0,0],[3,10],[10,17],[26,34],[31,30],[170,128],[37,53],[35,95],[45,142],[21,29],[24,23],[96,48],[32,11],[69,12],[71,21],[124,10],[57,20],[68,53],[31,67],[5,10],[67,75],[22,86],[1,96],[14,18],[7,19],[45,7],[54,212],[-55,18],[68,292],[39,160],[65,285],[18,87],[82,353],[30,129],[60,240],[33,164],[51,196],[61,249],[64,246],[60,261],[79,323],[25,-4],[140,-39],[65,2],[38,2],[17,65],[16,80],[67,70],[35,9],[1,22],[60,8],[90,6],[37,23],[36,50],[50,-12],[102,83],[33,42],[30,64],[12,30],[16,14],[10,-19],[45,-5],[43,12],[47,44],[125,127],[36,59],[8,69],[13,61],[16,75],[26,49],[22,65],[-6,24],[-26,26],[-91,-70],[-31,68],[-74,56],[-148,140],[-119,48],[-196,75],[-175,64],[-39,21],[51,248],[38,211],[28,82],[68,282],[67,320],[50,281],[-48,176],[-73,223],[108,-10],[154,-22],[266,-37],[266,-33],[266,-41],[197,-24],[173,-23],[29,0],[77,-19],[172,-22],[151,-23],[166,-21],[70,-7],[90,-11],[69,-12],[123,-16],[264,-36],[265,-27],[262,-42],[111,-14],[142,-15],[141,-19],[133,-22],[-50,285],[-61,289],[-1,19],[-48,255],[-53,286],[-42,284],[-50,280],[-54,279],[-51,281],[-51,289],[-44,277],[-55,280],[-36,199],[-16,82],[-53,287],[-32,170],[-16,107],[-53,293],[-47,268],[-45,243],[-41,216],[-12,106],[-55,290],[-52,279],[-48,277],[-51,287],[-44,248],[-58,315],[-49,277],[-50,283],[-42,212],[-19,70],[-15,90],[138,190],[140,205],[136,211],[79,110],[115,173],[110,179],[149,204],[109,166],[131,203],[175,252],[184,266],[86,130],[141,207],[121,183],[137,201],[135,197],[130,191],[151,219],[137,203],[135,209],[146,215],[81,104],[144,-69],[180,-76],[134,-67],[190,-87],[190,-87],[309,-37],[315,-48],[149,45],[142,49],[282,80],[271,86],[257,80],[326,77],[160,48],[271,69],[200,37],[167,51],[97,28],[258,65],[258,64],[268,64],[255,66],[270,57],[270,71],[260,50],[271,61],[255,65],[269,88],[295,92],[265,74],[324,84],[269,70],[258,68],[279,72],[252,65],[267,72],[262,67],[267,70],[253,65],[267,71],[258,65],[269,81],[268,70],[10,4],[120,-194],[147,-193],[95,-209],[98,-228],[161,-165],[144,-155],[171,-180],[151,-224],[159,-232],[135,-188],[138,-203],[156,-254],[151,-225],[11,-25],[0,-1],[2,-1],[245,-119],[145,-66],[254,-123],[224,-108],[223,-107],[216,-103],[324,-152],[215,-97],[207,-99],[209,-97],[205,-96],[202,-93],[209,-100],[104,-52],[212,-96],[133,-65],[65,-29],[20,144],[29,270],[34,258],[34,289],[49,340],[24,226],[47,334],[40,301],[28,246],[256,55],[137,23],[223,52],[228,50],[236,43],[82,16],[145,45],[233,57],[223,48],[224,40],[160,33],[169,32],[37,-125],[48,-193],[82,-330],[56,-228],[25,-104],[72,-294],[65,-284],[64,-323],[88,-251],[50,-142],[36,-115],[96,-43],[154,-65],[47,-22],[209,-94],[198,-105],[224,-102],[270,-58],[283,-62],[224,-41],[255,-50],[267,-37],[307,-35],[230,-27],[280,-41],[200,-19],[163,-15],[141,-19],[176,-16],[170,-17],[163,-18],[202,38],[113,25],[236,48],[159,29],[153,28],[27,-4],[172,32],[168,34],[179,41],[180,45],[209,48],[254,62],[177,39],[191,57],[137,41],[176,55],[36,14],[23,13],[130,71],[166,94],[190,99],[207,121],[223,132],[103,-243],[104,-237],[100,-241],[120,-265],[104,-269],[102,-271],[106,-267],[86,-223],[84,-205],[71,-156],[58,-160],[66,-161],[32,-108],[31,-90],[88,-209],[82,10],[104,-8],[126,1],[125,-11],[157,-34],[158,-39],[180,-43],[165,-45],[148,-40],[206,-50],[171,-47],[170,-45],[178,-42],[172,-44],[184,-49],[156,-41],[115,-55],[61,-31],[171,-84],[123,-67],[192,-91],[60,217],[72,212],[57,215],[66,215],[85,294],[61,195],[70,245],[37,121],[44,139],[86,-25],[330,-113],[513,-167],[32,124],[71,226],[77,282],[87,71],[30,25],[20,6],[35,6],[23,-19],[11,-22],[14,-94],[21,-73],[8,-9],[22,-34],[33,-17],[26,-22],[24,-16],[38,-9],[63,24],[75,42],[15,22],[115,281],[-35,21],[-7,23],[-4,28],[1,33],[18,63],[-52,90],[-7,33],[0,56],[17,51],[50,1],[142,-103],[32,-36],[165,-37],[13,5],[11,5],[17,16],[50,162],[15,21],[63,57],[57,50],[34,49],[30,47],[5,20],[45,143],[29,87],[36,45],[28,3],[84,1],[179,11],[20,8],[12,5],[33,22],[54,39],[36,36],[43,45],[30,30],[59,38],[52,26],[79,-17],[34,-61],[35,-129],[10,-24],[23,-14],[26,-11],[46,-15],[22,-4],[30,48],[102,425],[62,256],[51,209],[73,297],[35,147],[25,56],[17,61],[61,261],[71,284],[130,515],[14,65],[36,277],[48,273],[22,274],[42,262],[62,446],[34,220],[37,225],[23,38],[13,31],[14,68],[21,105],[18,121],[54,328],[15,132],[52,241],[56,266],[43,207],[47,189],[33,171],[15,62],[191,-25],[190,-36],[197,-31],[177,-32],[88,25],[118,26],[220,57],[214,53],[221,58],[209,58],[253,62],[204,57],[224,54],[204,56],[189,46],[73,22],[225,61],[57,-211],[69,-250],[13,-73],[47,-170],[53,-205],[133,-81],[134,-94],[155,-107],[108,96],[116,55],[240,12],[214,0],[205,-10],[204,-14],[282,-36],[198,-42],[211,-1],[205,21],[199,161],[66,50],[124,101],[33,26],[48,35],[64,208],[68,216],[4,18],[168,57],[181,73],[170,67],[-41,111],[-50,152],[-52,167],[-40,123],[-57,148],[-53,163],[-56,171],[-71,229],[-13,38],[-54,178],[-89,247],[-43,117],[-50,160],[-55,179],[-71,200],[68,94],[118,147],[135,178],[74,199],[76,225],[-14,72],[-43,266],[-33,181],[-18,90],[-25,161],[-47,252],[184,90],[124,61],[-71,215],[-64,199],[-1,7],[-64,200],[-74,227],[131,45],[133,52],[134,54],[171,62],[200,69],[217,84],[58,24],[142,71],[246,103],[92,30],[42,98],[96,138],[93,134],[124,178],[105,150],[64,91],[206,296],[127,179],[116,201],[-11,225],[-16,226],[-8,215],[-17,232],[-11,223],[-13,227],[-4,127],[-18,237],[-15,215],[-12,230],[-15,221],[-15,229],[-12,276],[-12,184],[-11,188],[-18,312],[-1,43],[-23,32],[19,1],[-106,182],[46,214],[46,230],[25,144],[17,52],[34,235],[40,191],[46,249],[44,220],[44,220],[44,223],[39,219],[42,221],[17,85],[25,133],[42,219],[41,229],[46,214],[43,223],[47,233],[40,208],[46,231],[41,213],[44,224],[55,261],[53,263],[44,250],[185,-38],[171,-38],[192,-43],[175,-37],[172,-39],[180,-39],[50,253],[51,277],[52,269],[49,261],[55,263],[42,221],[161,93],[113,26],[-8,24],[92,23],[152,119],[158,122],[167,-51],[199,-74],[200,-75],[199,-67],[138,-42],[108,-43],[148,-51],[187,-66],[185,-63],[30,-6],[194,12],[250,11],[197,6],[199,3],[69,-9],[110,-30],[177,-45],[147,-41],[30,-8],[237,-62],[212,-60],[215,-60],[185,-32],[182,-36],[137,-30],[237,-41],[238,-39],[189,-33],[196,-36],[206,-34],[195,-39],[211,-149],[216,-144],[201,-142],[197,-141],[17,-10],[146,65],[155,64],[254,100],[254,104],[190,87],[199,82],[128,54],[70,31],[-95,124],[-119,186],[-99,149],[-98,145],[-111,187],[-114,194],[-87,152],[3,31],[21,242],[29,41],[110,106],[51,53],[97,84],[113,106],[78,260],[61,212],[80,279],[30,101],[32,97],[93,189],[94,160],[68,132],[99,180],[71,129],[99,190],[115,201],[111,208],[27,94],[108,162],[106,168],[111,159],[139,204],[147,223],[132,191],[64,130],[14,28],[63,67],[28,72],[10,243],[20,177],[15,243],[17,213],[11,151],[16,166],[25,204],[13,52],[21,49],[115,98],[126,67],[208,34],[-7,48],[-132,236],[-90,177],[-84,154],[-96,181],[-89,159],[-74,132],[-73,139],[-42,71],[-15,20],[-97,159],[-99,173],[-101,185],[-96,176],[-94,162],[-97,166],[-103,219],[-97,177],[-88,173],[-44,86],[-134,269],[-133,269],[-47,77],[-82,160],[-89,155],[-83,166],[-78,158],[-194,10],[-209,11],[-88,7],[-201,39],[-208,43],[-169,28],[-238,52],[-274,-32],[-273,-40],[-171,-18],[-170,-18],[-161,-22],[-11,43],[-29,225],[-21,124],[-24,170],[-26,180],[-32,222],[-26,185],[-99,190],[-98,196],[-103,187],[-23,34],[-108,233],[-99,249],[-76,156],[-91,210],[-78,216],[-110,231],[-97,216],[-101,238],[-81,221],[-41,144],[-20,69],[-66,200],[-34,110],[64,216],[49,194],[81,230],[69,208],[63,201],[67,214],[75,254],[45,167],[55,178],[53,175],[23,76],[61,185],[56,215],[61,204],[30,110],[15,55],[50,182],[60,182],[54,194],[50,175],[93,292],[59,180],[78,227],[64,226],[54,186],[23,69],[41,122],[57,158],[60,182],[53,176],[24,80],[-15,91],[-35,163],[-27,147],[-43,151],[-38,190],[-52,216],[38,36],[62,65],[77,81],[17,18],[152,159],[154,171],[165,173],[158,-20],[152,-22],[174,-26],[187,-16],[202,-13],[92,-12],[32,4],[106,228],[101,239],[63,213],[49,211],[50,198],[40,190],[13,40],[104,37],[145,74],[169,86],[128,182],[111,168],[127,193],[136,191],[147,232],[154,226],[-15,85],[-6,19],[-32,102],[-46,202],[-68,208],[76,144],[86,152],[139,145],[150,159],[92,175],[102,166],[133,226],[19,36],[109,161],[132,210],[138,222],[87,198],[93,208],[148,231],[93,168],[100,183],[120,248],[33,60],[-30,37],[-27,21],[-104,98],[-163,146],[-173,164],[-138,-149],[19,-12],[-97,-91],[-155,144],[-148,141],[-37,29],[-116,120],[-147,134],[-64,-70],[-85,-112],[-47,60],[-148,308],[-123,-13],[-124,134],[-98,124],[-91,119],[55,178],[55,159],[55,183],[63,179],[91,161],[99,168],[100,167],[94,165],[-1,239],[6,239],[64,208],[56,221],[72,237],[11,25],[131,262],[75,277],[17,57],[72,216],[50,159],[58,158],[61,214],[72,227],[15,190],[16,179],[123,193],[118,181],[113,194],[135,207],[77,105],[90,129],[88,143],[23,26],[6,9],[114,196],[130,196],[120,184],[156,160],[154,157],[155,168],[38,32],[50,57],[218,-171],[291,-245],[19,-9],[81,66],[136,45],[221,72],[238,51],[227,43],[204,55],[212,44],[70,18],[26,-31],[41,-37],[19,-1],[71,-30],[97,-15],[42,9],[53,4],[39,-5],[54,-15],[58,-13],[75,-52],[212,198],[195,187],[207,199],[215,197],[175,174],[235,223],[97,91],[92,-45],[214,-124],[190,-117],[233,-137],[106,-62],[158,-77],[218,-126],[120,-69],[41,-24],[27,-28],[22,-22],[6,-29],[87,-291],[77,-298],[39,-81],[15,-22],[17,-18],[19,-14],[30,-19],[256,-84],[67,-18],[93,-34],[52,-25],[122,-41],[266,-97],[265,-96],[261,-91],[109,-38],[201,-65],[33,-9],[167,-51],[150,-57],[229,-78],[230,-79],[245,-89],[227,-77],[77,-32],[18,118],[57,138],[63,158],[20,49],[30,142],[35,230],[43,252],[33,222],[36,235],[45,255],[27,216],[16,82],[-4,22],[4,165],[15,43],[57,92],[58,236],[55,246],[33,265],[43,271],[139,161],[144,170],[136,163],[144,164],[69,15],[196,51],[189,42],[72,15],[206,53],[204,50],[185,46],[38,3],[56,42],[188,105],[121,64],[72,43],[186,110],[187,105],[118,76],[36,12]]],"transform":{"scale":[0.000009332317001861772,0.000005994968662209347],"translate":[20.2619854104719,43.61901921938969]},"objects":{"ro_admin_macroregion_polygon":{"type":"GeometryCollection","geometries":[{"arcs":[[0,1,2,3]],"type":"Polygon","properties":{"id":1,"name":"Macroregiunea 1","version":"2025-03-26"}},{"arcs":[[4,-4,5]],"type":"Polygon","properties":{"id":2,"name":"Macroregiunea 2","version":"2025-03-26"}},{"arcs":[[6,-1,-5,7]],"type":"Polygon","properties":{"id":3,"name":"Macroregiunea 3","version":"2025-03-26"}},{"arcs":[[8,-2,-7]],"type":"Polygon","properties":{"id":4,"name":"Macroregiunea 4","version":"2025-03-26"}}]}}}