{
"type": "FeatureCollection",
"name": "ro_admin_region_simplified_line",
"crs": { "type": "name", "properties": { "name": "urn:ogc:def:crs:OGC:1.3:CRS84" } },
"features": [
{ "type": "Feature", "properties": { "id": 1, "leftRegion": "Nord-Est", "leftId": 813, "rightRegion": "Sud-Est", "rightId": 822, "version": "2025/03/26" }, "geometry": { "type": "MultiLineString", "coordinates": [ [ [ 26.758431361591107, 46.089226574458067 ], [ 26.763014404442039, 46.086868360113982 ] ], [ [ 26.753667391120214, 46.087502669619212 ], [ 26.758431361591107, 46.089226574458067 ] ], [ [ 26.745489868411372, 46.089027815204993 ], [ 26.753667391120214, 46.087502669619212 ] ], [ [ 26.740033041252349, 46.087485443268982 ], [ 26.745489868411372, 46.089027815204993 ] ], [ [ 26.733417884613175, 46.095409527713009 ], [ 26.740033041252349, 46.087485443268982 ] ], [ [ 26.719228170692446, 46.089209918349056 ], [ 26.733417884613175, 46.095409527713009 ] ], [ [ 26.704610547319657, 46.093884434937138 ], [ 26.719228170692446, 46.089209918349056 ] ], [ [ 26.683120917668145, 46.083765791776223 ], [ 26.704610547319657, 46.093884434937138 ] ], [ [ 26.682139708413057, 46.079618367040219 ], [ 26.683120917668145, 46.083765791776223 ] ], [ [ 26.670868762724389, 46.077097054879701 ], [ 26.682139708413057, 46.079618367040219 ] ], [ [ 26.661080772593863, 46.079769132243328 ], [ 26.670868762724389, 46.077097054879701 ] ], [ [ 26.652509580448516, 46.079191990772614 ], [ 26.661080772593863, 46.079769132243328 ] ], [ [ 26.646083747148602, 46.074380669006544 ], [ 26.652509580448516, 46.079191990772614 ] ], [ [ 26.63953915227378, 46.070708680877168 ], [ 26.646083747148602, 46.074380669006544 ] ], [ [ 26.63953915227378, 46.070708680877168 ], [ 26.640101649110147, 46.064772521210102 ] ], [ [ 26.634338308915513, 46.061585580398024 ], [ 26.640101649110147, 46.064772521210102 ] ], [ [ 26.633975283728066, 46.057480141388474 ], [ 26.634338308915513, 46.061585580398024 ] ], [ [ 26.618580970989832, 46.05313969583267 ], [ 26.633975283728066, 46.057480141388474 ] ], [ [ 26.615419051604047, 46.049186922524072 ], [ 26.618580970989832, 46.05313969583267 ] ], [ [ 26.607758317467116, 46.044693303323356 ], [ 26.615419051604047, 46.049186922524072 ] ], [ [ 26.601582682792696, 46.047387447091751 ], [ 26.607758317467116, 46.044693303323356 ] ], [ [ 26.590530409830254, 46.04083051509329 ], [ 26.601582682792696, 46.047387447091751 ] ], [ [ 26.586673490642326, 46.040568417889268 ], [ 26.590530409830254, 46.04083051509329 ] ], [ [ 26.585444013227939, 46.031794402906236 ], [ 26.586673490642326, 46.040568417889268 ] ], [ [ 26.579780947955626, 46.021598703351671 ], [ 26.585444013227939, 46.031794402906236 ] ], [ [ 26.572482145061052, 46.016857839737959 ], [ 26.579780947955626, 46.021598703351671 ] ], [ [ 26.559486570144493, 46.020337806923919 ], [ 26.572482145061052, 46.016857839737959 ] ], [ [ 26.552174427409412, 46.020802303222162 ], [ 26.559486570144493, 46.020337806923919 ] ], [ [ 26.54997540432095, 46.023463929753554 ], [ 26.552174427409412, 46.020802303222162 ] ], [ [ 26.540051913628641, 46.023301127641403 ], [ 26.54997540432095, 46.023463929753554 ] ], [ [ 26.535573600929975, 46.027914500483774 ], [ 26.540051913628641, 46.023301127641403 ] ], [ [ 26.515648160885281, 46.026919428869469 ], [ 26.535573600929975, 46.027914500483774 ] ], [ [ 26.505326691109072, 46.033115469083221 ], [ 26.515648160885281, 46.026919428869469 ] ], [ [ 26.501542197801907, 46.038916837038506 ], [ 26.505326691109072, 46.033115469083221 ] ], [ [ 26.491722305733081, 46.045219372341784 ], [ 26.501542197801907, 46.038916837038506 ] ], [ [ 26.479842719511936, 46.044724741297557 ], [ 26.491722305733081, 46.045219372341784 ] ], [ [ 26.477416942997369, 46.040063723302417 ], [ 26.479842719511936, 46.044724741297557 ] ], [ [ 26.470515528933102, 46.037336542343382 ], [ 26.477416942997369, 46.040063723302417 ] ], [ [ 26.456078673895764, 46.035180965827827 ], [ 26.470515528933102, 46.037336542343382 ] ], [ [ 26.446442945178678, 46.03846528064949 ], [ 26.456078673895764, 46.035180965827827 ] ], [ [ 26.44000685908463, 46.038886161030334 ], [ 26.446442945178678, 46.03846528064949 ] ], [ [ 28.115896507504964, 46.112552466449941 ], [ 28.11607575580134, 46.10763498598557 ] ], [ [ 28.10429330055733, 46.116813724157147 ], [ 28.115896507504964, 46.112552466449941 ] ], [ [ 28.075955964336803, 46.11752478814909 ], [ 28.10429330055733, 46.116813724157147 ] ], [ [ 28.057910463388836, 46.112478822147608 ], [ 28.075955964336803, 46.11752478814909 ] ], [ [ 28.041287386538862, 46.106446857654724 ], [ 28.057910463388836, 46.112478822147608 ] ], [ [ 28.022634634000326, 46.103956833463478 ], [ 28.041287386538862, 46.106446857654724 ] ], [ [ 28.008895343212377, 46.104936401173923 ], [ 28.022634634000326, 46.103956833463478 ] ], [ [ 28.008895343212377, 46.104936401173923 ], [ 28.010549207687006, 46.110185384559742 ] ], [ [ 28.009333347990069, 46.115341379598888 ], [ 28.010549207687006, 46.110185384559742 ] ], [ [ 28.002055805066441, 46.115848098335633 ], [ 28.009333347990069, 46.115341379598888 ] ], [ [ 27.984256227469444, 46.110495503186762 ], [ 28.002055805066441, 46.115848098335633 ] ], [ [ 27.98081216552082, 46.117081560316073 ], [ 27.984256227469444, 46.110495503186762 ] ], [ [ 27.979731722093085, 46.123449241420921 ], [ 27.98081216552082, 46.117081560316073 ] ], [ [ 27.973168421441319, 46.121492307602068 ], [ 27.979731722093085, 46.123449241420921 ] ], [ [ 27.968166849666641, 46.131067532639413 ], [ 27.973168421441319, 46.121492307602068 ] ], [ [ 27.964613534145137, 46.141454775282838 ], [ 27.968166849666641, 46.131067532639413 ] ], [ [ 27.939561929331909, 46.13512236981127 ], [ 27.964613534145137, 46.141454775282838 ] ], [ [ 27.935969192727441, 46.141179308777758 ], [ 27.939561929331909, 46.13512236981127 ] ], [ [ 27.926215411187076, 46.152476141029005 ], [ 27.935969192727441, 46.141179308777758 ] ], [ [ 27.917102508156997, 46.148641440847953 ], [ 27.926215411187076, 46.152476141029005 ] ], [ [ 27.910700468344018, 46.153835568424483 ], [ 27.917102508156997, 46.148641440847953 ] ], [ [ 27.88533709843464, 46.145386053235875 ], [ 27.910700468344018, 46.153835568424483 ] ], [ [ 27.8718931183273, 46.145570366275997 ], [ 27.88533709843464, 46.145386053235875 ] ], [ [ 27.869156019820121, 46.16128589506107 ], [ 27.8718931183273, 46.145570366275997 ] ], [ [ 27.857209315268577, 46.163104932027316 ], [ 27.869156019820121, 46.16128589506107 ] ], [ [ 27.856233747620468, 46.157682398630733 ], [ 27.857209315268577, 46.163104932027316 ] ], [ [ 27.846885927475064, 46.157767087964011 ], [ 27.856233747620468, 46.157682398630733 ] ], [ [ 27.846885927475064, 46.157767087964011 ], [ 27.845993058334631, 46.129355906853476 ] ], [ [ 27.841850504258176, 46.125613046141744 ], [ 27.845993058334631, 46.129355906853476 ] ], [ [ 27.830168889897152, 46.127177078836922 ], [ 27.841850504258176, 46.125613046141744 ] ], [ [ 27.830168889897152, 46.127177078836922 ], [ 27.837961878798016, 46.115473972261768 ] ], [ [ 27.829325750781216, 46.111351335976039 ], [ 27.837961878798016, 46.115473972261768 ] ], [ [ 27.821889108825609, 46.118827420045072 ], [ 27.829325750781216, 46.111351335976039 ] ], [ [ 27.816523973434006, 46.113527888226201 ], [ 27.821889108825609, 46.118827420045072 ] ], [ [ 27.808149739990625, 46.111692029909356 ], [ 27.816523973434006, 46.113527888226201 ] ], [ [ 27.808149739990625, 46.111692029909356 ], [ 27.815464585019448, 46.104820851813514 ] ], [ [ 27.787691991377866, 46.095598308859209 ], [ 27.815464585019448, 46.104820851813514 ] ], [ [ 27.787543499611505, 46.106927380018313 ], [ 27.787691991377866, 46.095598308859209 ] ], [ [ 27.786050444496201, 46.112449379882982 ], [ 27.787543499611505, 46.106927380018313 ] ], [ [ 27.778826669464184, 46.110554212102336 ], [ 27.786050444496201, 46.112449379882982 ] ], [ [ 27.763541201914894, 46.115677509934727 ], [ 27.778826669464184, 46.110554212102336 ] ], [ [ 27.762448109576681, 46.12813039376443 ], [ 27.763541201914894, 46.115677509934727 ] ], [ [ 27.743246150144561, 46.127283334478975 ], [ 27.762448109576681, 46.12813039376443 ] ], [ [ 27.74181411500382, 46.129859643200113 ], [ 27.743246150144561, 46.127283334478975 ] ], [ [ 27.726466672336571, 46.129804649042299 ], [ 27.74181411500382, 46.129859643200113 ] ], [ [ 27.711036988190543, 46.129203206659682 ], [ 27.726466672336571, 46.129804649042299 ] ], [ [ 27.710026544398801, 46.138568345922344 ], [ 27.711036988190543, 46.129203206659682 ] ], [ [ 27.693232866857837, 46.132165381336357 ], [ 27.710026544398801, 46.138568345922344 ] ], [ [ 27.675926575201807, 46.14139337254452 ], [ 27.693232866857837, 46.132165381336357 ] ], [ [ 27.671622012353513, 46.132807178572172 ], [ 27.675926575201807, 46.14139337254452 ] ], [ [ 27.667571471013968, 46.133047442586879 ], [ 27.671622012353513, 46.132807178572172 ] ], [ [ 27.6504783531134, 46.140353375738037 ], [ 27.667571471013968, 46.133047442586879 ] ], [ [ 27.647139436829345, 46.129898950800552 ], [ 27.6504783531134, 46.140353375738037 ] ], [ [ 27.633895101068166, 46.138379707147294 ], [ 27.647139436829345, 46.129898950800552 ] ], [ [ 27.626690263767195, 46.134308773434178 ], [ 27.633895101068166, 46.138379707147294 ] ], [ [ 27.618282200896232, 46.136562166699221 ], [ 27.626690263767195, 46.134308773434178 ] ], [ [ 27.610271710579077, 46.136259299897326 ], [ 27.618282200896232, 46.136562166699221 ] ], [ [ 27.607428542957699, 46.130534410981227 ], [ 27.610271710579077, 46.136259299897326 ] ], [ [ 27.597871094914375, 46.139181373410004 ], [ 27.607428542957699, 46.130534410981227 ] ], [ [ 27.597871094914375, 46.139181373410004 ], [ 27.603581212482059, 46.144481099624144 ] ], [ [ 27.595114563235146, 46.147334897702244 ], [ 27.603581212482059, 46.144481099624144 ] ], [ [ 27.582436217978639, 46.147108878014052 ], [ 27.595114563235146, 46.147334897702244 ] ], [ [ 27.581106053281285, 46.144551655451096 ], [ 27.582436217978639, 46.147108878014052 ] ], [ [ 27.581106053281285, 46.144551655451096 ], [ 27.585761512854457, 46.140193327995362 ] ], [ [ 27.58414357492574, 46.135523553654487 ], [ 27.585761512854457, 46.140193327995362 ] ], [ [ 27.58414357492574, 46.135523553654487 ], [ 27.590280108863769, 46.13381619761067 ] ], [ [ 27.590280108863769, 46.13381619761067 ], [ 27.595389182568134, 46.122283545023919 ] ], [ [ 27.591181090169638, 46.118641684280973 ], [ 27.595389182568134, 46.122283545023919 ] ], [ [ 27.591181090169638, 46.118641684280973 ], [ 27.594866602563929, 46.114640739285363 ] ], [ [ 27.588078424819511, 46.11140166621901 ], [ 27.594866602563929, 46.114640739285363 ] ], [ [ 27.588078424819511, 46.11140166621901 ], [ 27.60636119833519, 46.091338840070357 ] ], [ [ 27.604978840621605, 46.090676779446127 ], [ 27.60636119833519, 46.091338840070357 ] ], [ [ 27.604978840621605, 46.090676779446127 ], [ 27.610957717900746, 46.076788728785509 ] ], [ [ 27.587077639055128, 46.072819944770565 ], [ 27.610957717900746, 46.076788728785509 ] ], [ [ 27.587077639055128, 46.072819944770565 ], [ 27.590099007945788, 46.069360339526078 ] ], [ [ 27.590099007945788, 46.069360339526078 ], [ 27.6144174028023, 46.073354887191911 ] ], [ [ 27.6144174028023, 46.073354887191911 ], [ 27.619919111085395, 46.071030084309342 ] ], [ [ 27.619919111085395, 46.071030084309342 ], [ 27.627711449478632, 46.061393143028837 ] ], [ [ 27.599886567846173, 46.055926049599577 ], [ 27.627711449478632, 46.061393143028837 ] ], [ [ 27.599886567846173, 46.055926049599577 ], [ 27.599989751207385, 46.043833632724052 ] ], [ [ 27.599989751207385, 46.043833632724052 ], [ 27.604814827429841, 46.035886483769147 ] ], [ [ 27.595908804896382, 46.027697931793625 ], [ 27.604814827429841, 46.035886483769147 ] ], [ [ 27.595908804896382, 46.027697931793625 ], [ 27.604481190376909, 46.019374921877962 ] ], [ [ 27.586916275689948, 46.007622558588537 ], [ 27.604481190376909, 46.019374921877962 ] ], [ [ 27.562583212683922, 46.00288720152767 ], [ 27.586916275689948, 46.007622558588537 ] ], [ [ 27.562119889274154, 46.00668687955509 ], [ 27.562583212683922, 46.00288720152767 ] ], [ [ 27.550944731335093, 46.010930494867047 ], [ 27.562119889274154, 46.00668687955509 ] ], [ [ 27.550944731335093, 46.010930494867047 ], [ 27.552410311935819, 46.012015518387805 ] ], [ [ 27.541357268463308, 46.02023628988583 ], [ 27.552410311935819, 46.012015518387805 ] ], [ [ 27.52729201823341, 46.044141152469422 ], [ 27.541357268463308, 46.02023628988583 ] ], [ [ 27.515500934296554, 46.056202702279379 ], [ 27.52729201823341, 46.044141152469422 ] ], [ [ 27.515500934296554, 46.056202702279379 ], [ 27.531935694043117, 46.06712693130374 ] ], [ [ 27.517191139937612, 46.085360070412172 ], [ 27.531935694043117, 46.06712693130374 ] ], [ [ 27.517191139937612, 46.085360070412172 ], [ 27.520768640935806, 46.089472606222422 ] ], [ [ 27.520768640935806, 46.089472606222422 ], [ 27.5354543307485, 46.094558858426964 ] ], [ [ 27.528827394345193, 46.108333950078787 ], [ 27.5354543307485, 46.094558858426964 ] ], [ [ 27.523374557176933, 46.116142426962263 ], [ 27.528827394345193, 46.108333950078787 ] ], [ [ 27.512328119099667, 46.126646527600442 ], [ 27.523374557176933, 46.116142426962263 ] ], [ [ 27.504569053427932, 46.134026732963598 ], [ 27.512328119099667, 46.126646527600442 ] ], [ [ 27.50308127501394, 46.139631831773258 ], [ 27.504569053427932, 46.134026732963598 ] ], [ [ 27.502357891207328, 46.143334448269144 ], [ 27.50308127501394, 46.139631831773258 ] ], [ [ 27.484925621453197, 46.145223703158514 ], [ 27.502357891207328, 46.143334448269144 ] ], [ [ 27.484925621453197, 46.145223703158514 ], [ 27.486718844031948, 46.153057190554144 ] ], [ [ 27.486718844031948, 46.153057190554144 ], [ 27.492846535279007, 46.159223961299311 ] ], [ [ 27.492940275255108, 46.162465768219406 ], [ 27.492846535279007, 46.159223961299311 ] ], [ [ 27.479685734743192, 46.166993741173236 ], [ 27.492940275255108, 46.162465768219406 ] ], [ [ 27.476178079684573, 46.160810650562027 ], [ 27.479685734743192, 46.166993741173236 ] ], [ [ 27.466236965090893, 46.157157833087908 ], [ 27.476178079684573, 46.160810650562027 ] ], [ [ 27.459169164291641, 46.157431542944167 ], [ 27.466236965090893, 46.157157833087908 ] ], [ [ 27.454805674223774, 46.162468874730436 ], [ 27.459169164291641, 46.157431542944167 ] ], [ [ 27.45031680310959, 46.17211918138797 ], [ 27.454805674223774, 46.162468874730436 ] ], [ [ 27.45031680310959, 46.17211918138797 ], [ 27.453510653248262, 46.172871446661894 ] ], [ [ 27.448034860572744, 46.184213462441583 ], [ 27.453510653248262, 46.172871446661894 ] ], [ [ 27.437796495398739, 46.185054381830845 ], [ 27.448034860572744, 46.184213462441583 ] ], [ [ 27.433941353873443, 46.188284331110616 ], [ 27.437796495398739, 46.185054381830845 ] ], [ [ 27.42088402273313, 46.189969132967896 ], [ 27.433941353873443, 46.188284331110616 ] ], [ [ 27.419779790572413, 46.193827107322015 ], [ 27.42088402273313, 46.189969132967896 ] ], [ [ 27.404806006164325, 46.194377447673524 ], [ 27.419779790572413, 46.193827107322015 ] ], [ [ 27.387859876576712, 46.193829873665422 ], [ 27.404806006164325, 46.194377447673524 ] ], [ [ 27.38585939312166, 46.18939529054196 ], [ 27.387859876576712, 46.193829873665422 ] ], [ [ 27.37897634233402, 46.189910644560733 ], [ 27.38585939312166, 46.18939529054196 ] ], [ [ 27.375971256448583, 46.177710309175986 ], [ 27.37897634233402, 46.189910644560733 ] ], [ [ 27.375971256448583, 46.177710309175986 ], [ 27.380962216134439, 46.165077444028839 ] ], [ [ 27.373743955947948, 46.161502263969375 ], [ 27.380962216134439, 46.165077444028839 ] ], [ [ 27.373743955947948, 46.161502263969375 ], [ 27.374422169546158, 46.15738441748578 ] ], [ [ 27.363289909210998, 46.156351663771758 ], [ 27.374422169546158, 46.15738441748578 ] ], [ [ 27.350032962179721, 46.152716266273679 ], [ 27.363289909210998, 46.156351663771758 ] ], [ [ 27.347010208112536, 46.15700560932283 ], [ 27.350032962179721, 46.152716266273679 ] ], [ [ 27.347010208112536, 46.15700560932283 ], [ 27.350740221964443, 46.161286831522013 ] ], [ [ 27.350401741998454, 46.168897846205418 ], [ 27.350740221964443, 46.161286831522013 ] ], [ [ 27.338101721125128, 46.169736316722144 ], [ 27.350401741998454, 46.168897846205418 ] ], [ [ 27.333902090983297, 46.168483441590617 ], [ 27.338101721125128, 46.169736316722144 ] ], [ [ 27.330366598671763, 46.179435399035917 ], [ 27.333902090983297, 46.168483441590617 ] ], [ [ 27.321974556990444, 46.184024013567026 ], [ 27.330366598671763, 46.179435399035917 ] ], [ [ 27.314189344721516, 46.183794459803558 ], [ 27.321974556990444, 46.184024013567026 ] ], [ [ 27.314189344721516, 46.183794459803558 ], [ 27.315172445062235, 46.189798489692933 ] ], [ [ 27.315172445062235, 46.189798489692933 ], [ 27.319292505774825, 46.191914770935632 ] ], [ [ 27.317960335399924, 46.20276721650616 ], [ 27.319292505774825, 46.191914770935632 ] ], [ [ 27.309407635491439, 46.205422406761365 ], [ 27.317960335399924, 46.20276721650616 ] ], [ [ 27.295088274165735, 46.204181085627191 ], [ 27.309407635491439, 46.205422406761365 ] ], [ [ 27.277965789659774, 46.201329528581915 ], [ 27.295088274165735, 46.204181085627191 ] ], [ [ 27.263034377872838, 46.200448405648807 ], [ 27.277965789659774, 46.201329528581915 ] ], [ [ 27.263034377872838, 46.200448405648807 ], [ 27.264242713713696, 46.194141250206847 ] ], [ [ 27.264242713713696, 46.194141250206847 ], [ 27.269885741964089, 46.183219200394433 ] ], [ [ 27.250660156496718, 46.180823369759942 ], [ 27.269885741964089, 46.183219200394433 ] ], [ [ 27.245775730801871, 46.177881810007278 ], [ 27.250660156496718, 46.180823369759942 ] ], [ [ 27.239366915015125, 46.178326683534294 ], [ 27.245775730801871, 46.177881810007278 ] ], [ [ 27.237876399613949, 46.181957669568732 ], [ 27.239366915015125, 46.178326683534294 ] ], [ [ 27.23552859691539, 46.189595472546401 ], [ 27.237876399613949, 46.181957669568732 ] ], [ [ 27.226186813816714, 46.186847098960335 ], [ 27.23552859691539, 46.189595472546401 ] ], [ [ 27.221682240056161, 46.1913636701588 ], [ 27.226186813816714, 46.186847098960335 ] ], [ [ 27.201307336554599, 46.17949110387157 ], [ 27.221682240056161, 46.1913636701588 ] ], [ [ 27.198179804792876, 46.185600218789517 ], [ 27.201307336554599, 46.17949110387157 ] ], [ [ 27.190360999334231, 46.186450348004719 ], [ 27.198179804792876, 46.185600218789517 ] ], [ [ 27.190360999334231, 46.186450348004719 ], [ 27.190896624302063, 46.17995250257615 ] ], [ [ 27.187788783276865, 46.175912482824941 ], [ 27.190896624302063, 46.17995250257615 ] ], [ [ 27.184050052561052, 46.17228271183793 ], [ 27.187788783276865, 46.175912482824941 ] ], [ [ 27.178411387889433, 46.18000896233891 ], [ 27.184050052561052, 46.17228271183793 ] ], [ [ 27.173241495711206, 46.181278542589823 ], [ 27.178411387889433, 46.18000896233891 ] ], [ [ 27.173241495711206, 46.181278542589823 ], [ 27.173231135787685, 46.177697661275154 ] ], [ [ 27.165687282089685, 46.172123602779315 ], [ 27.173231135787685, 46.177697661275154 ] ], [ [ 27.165687282089685, 46.172123602779315 ], [ 27.170170091376818, 46.169604173771134 ] ], [ [ 27.150077468996162, 46.159071616637306 ], [ 27.170170091376818, 46.169604173771134 ] ], [ [ 27.130841019829905, 46.149766940782868 ], [ 27.150077468996162, 46.159071616637306 ] ], [ [ 27.123622750883921, 46.147481812794624 ], [ 27.130841019829905, 46.149766940782868 ] ], [ [ 27.123622750883921, 46.147481812794624 ], [ 27.127247571093665, 46.137810498776709 ] ], [ [ 27.127247571093665, 46.137810498776709 ], [ 27.140113545511767, 46.13419376465486 ] ], [ [ 27.133236156357256, 46.120604465684508 ], [ 27.140113545511767, 46.13419376465486 ] ], [ [ 27.133236156357256, 46.120604465684508 ], [ 27.136727853580336, 46.119085615638404 ] ], [ [ 27.131921045934465, 46.117076610473177 ], [ 27.136727853580336, 46.119085615638404 ] ], [ [ 27.122967827439279, 46.104090607144286 ], [ 27.131921045934465, 46.117076610473177 ] ], [ [ 27.111460395532404, 46.109089947202918 ], [ 27.122967827439279, 46.104090607144286 ] ], [ [ 27.093315646497601, 46.111224986436582 ], [ 27.111460395532404, 46.109089947202918 ] ], [ [ 27.093315646497601, 46.111224986436582 ], [ 27.097657794763027, 46.105403242546352 ] ], [ [ 27.097657794763027, 46.105403242546352 ], [ 27.105193681248284, 46.105020234248244 ] ], [ [ 27.105193681248284, 46.105020234248244 ], [ 27.105644390892525, 46.088700129895109 ] ], [ [ 27.086723410374923, 46.093360406320322 ], [ 27.105644390892525, 46.088700129895109 ] ], [ [ 27.07944884586751, 46.088226900920255 ], [ 27.086723410374923, 46.093360406320322 ] ], [ [ 27.073969597023236, 46.087556109875152 ], [ 27.07944884586751, 46.088226900920255 ] ], [ [ 27.061730886102918, 46.092767564425422 ], [ 27.073969597023236, 46.087556109875152 ] ], [ [ 27.052706316718485, 46.095328735824708 ], [ 27.061730886102918, 46.092767564425422 ] ], [ [ 27.045395563597623, 46.095540697081084 ], [ 27.052706316718485, 46.095328735824708 ] ], [ [ 27.042126937450664, 46.098312374186492 ], [ 27.045395563597623, 46.095540697081084 ] ], [ [ 27.031683937865079, 46.099156478317219 ], [ 27.042126937450664, 46.098312374186492 ] ], [ [ 27.029376822789867, 46.102244384168166 ], [ 27.031683937865079, 46.099156478317219 ] ], [ [ 27.017620658723153, 46.105999742693925 ], [ 27.029376822789867, 46.102244384168166 ] ], [ [ 27.011994776171285, 46.105637904893747 ], [ 27.017620658723153, 46.105999742693925 ] ], [ [ 26.990008840260984, 46.112968695405712 ], [ 27.011994776171285, 46.105637904893747 ] ], [ [ 26.98001850493225, 46.112387837685638 ], [ 26.990008840260984, 46.112968695405712 ] ], [ [ 26.977673721054487, 46.111079960160538 ], [ 26.98001850493225, 46.112387837685638 ] ], [ [ 26.961211674721401, 46.108716036733014 ], [ 26.977673721054487, 46.111079960160538 ] ], [ [ 26.951477909282168, 46.104281619182125 ], [ 26.961211674721401, 46.108716036733014 ] ], [ [ 26.948933770193104, 46.09928704557305 ], [ 26.951477909282168, 46.104281619182125 ] ], [ [ 26.948933770193104, 46.09928704557305 ], [ 26.952891691892432, 46.087262332629749 ] ], [ [ 26.948254171175975, 46.080901224827002 ], [ 26.952891691892432, 46.087262332629749 ] ], [ [ 26.939943650288544, 46.077739256236903 ], [ 26.948254171175975, 46.080901224827002 ] ], [ [ 26.937331013958254, 46.066958966237621 ], [ 26.939943650288544, 46.077739256236903 ] ], [ [ 26.932649744434649, 46.064562607876205 ], [ 26.937331013958254, 46.066958966237621 ] ], [ [ 26.92338641271613, 46.065514234597011 ], [ 26.932649744434649, 46.064562607876205 ] ], [ [ 26.918040696852227, 46.069702987179582 ], [ 26.92338641271613, 46.065514234597011 ] ], [ [ 26.909201620612706, 46.071816441322795 ], [ 26.918040696852227, 46.069702987179582 ] ], [ [ 26.895477608905004, 46.078636144736855 ], [ 26.909201620612706, 46.071816441322795 ] ], [ [ 26.891674442566899, 46.077439983498763 ], [ 26.895477608905004, 46.078636144736855 ] ], [ [ 26.886359638717522, 46.080787479155482 ], [ 26.891674442566899, 46.077439983498763 ] ], [ [ 26.877223319329737, 46.081892903484679 ], [ 26.886359638717522, 46.080787479155482 ] ], [ [ 26.870136773616238, 46.085139808360296 ], [ 26.877223319329737, 46.081892903484679 ] ], [ [ 26.862011442083034, 46.080348506263292 ], [ 26.870136773616238, 46.085139808360296 ] ], [ [ 26.848330613610536, 46.078778049722068 ], [ 26.862011442083034, 46.080348506263292 ] ], [ [ 26.844630340376987, 46.071326428668478 ], [ 26.848330613610536, 46.078778049722068 ] ], [ [ 26.829493512003527, 46.070548541667861 ], [ 26.844630340376987, 46.071326428668478 ] ], [ [ 26.825027257602276, 46.07225731193612 ], [ 26.829493512003527, 46.070548541667861 ] ], [ [ 26.805891689688007, 46.066267587190602 ], [ 26.825027257602276, 46.07225731193612 ] ], [ [ 26.801756680763773, 46.070753084053123 ], [ 26.805891689688007, 46.066267587190602 ] ], [ [ 26.801334763447976, 46.075617991029418 ], [ 26.801756680763773, 46.070753084053123 ] ], [ [ 26.788416482243445, 46.079369250151835 ], [ 26.801334763447976, 46.075617991029418 ] ], [ [ 26.788416482243445, 46.079369250151835 ], [ 26.788624693958187, 46.081907059707397 ] ], [ [ 26.78102223407129, 46.093728650351046 ], [ 26.788624693958187, 46.081907059707397 ] ], [ [ 26.777847042605295, 46.093555194026578 ], [ 26.78102223407129, 46.093728650351046 ] ], [ [ 26.772376073458307, 46.08900815197574 ], [ 26.777847042605295, 46.093555194026578 ] ], [ [ 26.767747221320473, 46.089970461270816 ], [ 26.772376073458307, 46.08900815197574 ] ], [ [ 26.763014404442039, 46.086868360113982 ], [ 26.767747221320473, 46.089970461270816 ] ] ] } },
{ "type": "Feature", "properties": { "id": 2, "leftRegion": "Centru", "leftId": 877, "rightRegion": "Nord-Est", "rightId": 813, "version": "2025/03/26" }, "geometry": { "type": "MultiLineString", "coordinates": [ [ [ 26.437873256339468, 46.053580723218673 ], [ 26.44000685908463, 46.038886161030334 ] ], [ [ 26.432764134640426, 46.058441038577421 ], [ 26.437873256339468, 46.053580723218673 ] ], [ [ 26.432297422422906, 46.063175880020637 ], [ 26.432764134640426, 46.058441038577421 ] ], [ [ 26.425118824301467, 46.066963482085939 ], [ 26.432297422422906, 46.063175880020637 ] ], [ [ 26.425118824301467, 46.066963482085939 ], [ 26.427589126257768, 46.075635286766442 ] ], [ [ 26.427589126257768, 46.075635286766442 ], [ 26.430651862685401, 46.078017586350235 ] ], [ [ 26.42044117542456, 46.083015084590208 ], [ 26.430651862685401, 46.078017586350235 ] ], [ [ 26.408602014757413, 46.091146625583583 ], [ 26.42044117542456, 46.083015084590208 ] ], [ [ 26.407564108301383, 46.103686005040089 ], [ 26.408602014757413, 46.091146625583583 ] ], [ [ 26.393265386484085, 46.101005615995739 ], [ 26.407564108301383, 46.103686005040089 ] ], [ [ 26.383778413334237, 46.102741729795802 ], [ 26.393265386484085, 46.101005615995739 ] ], [ [ 26.376303813711992, 46.106749335192234 ], [ 26.383778413334237, 46.102741729795802 ] ], [ [ 26.371945123554227, 46.108570086795375 ], [ 26.376303813711992, 46.106749335192234 ] ], [ [ 26.36754289506781, 46.118146980383933 ], [ 26.371945123554227, 46.108570086795375 ] ], [ [ 26.36754289506781, 46.118146980383933 ], [ 26.377520305211373, 46.124097355553538 ] ], [ [ 26.377520305211373, 46.124097355553538 ], [ 26.379312868202462, 46.127691960803155 ] ], [ [ 26.379312868202462, 46.127691960803155 ], [ 26.38576308678541, 46.128737931286295 ] ], [ [ 26.38576308678541, 46.128737931286295 ], [ 26.389556162692948, 46.1329879654281 ] ], [ [ 26.387717440492917, 46.137801575344916 ], [ 26.389556162692948, 46.1329879654281 ] ], [ [ 26.383727982893738, 46.13884989750003 ], [ 26.387717440492917, 46.137801575344916 ] ], [ [ 26.383727982893738, 46.13884989750003 ], [ 26.385348588830087, 46.145018516574574 ] ], [ [ 26.375201698849501, 46.145805728776708 ], [ 26.385348588830087, 46.145018516574574 ] ], [ [ 26.359004765045164, 46.140638678682357 ], [ 26.375201698849501, 46.145805728776708 ] ], [ [ 26.35470873177254, 46.141614935554422 ], [ 26.359004765045164, 46.140638678682357 ] ], [ [ 26.343027410806961, 46.137708264477503 ], [ 26.35470873177254, 46.141614935554422 ] ], [ [ 26.343027410806961, 46.137708264477503 ], [ 26.347732047437699, 46.152705598164594 ] ], [ [ 26.34473070326575, 46.155724840635017 ], [ 26.347732047437699, 46.152705598164594 ] ], [ [ 26.34473070326575, 46.155724840635017 ], [ 26.347475602066041, 46.161569806238219 ] ], [ [ 26.343631630000292, 46.166853096111758 ], [ 26.347475602066041, 46.161569806238219 ] ], [ [ 26.334394860249724, 46.175206642534086 ], [ 26.343631630000292, 46.166853096111758 ] ], [ [ 26.331020492557837, 46.185956407529609 ], [ 26.334394860249724, 46.175206642534086 ] ], [ [ 26.331020492557837, 46.185956407529609 ], [ 26.333284299197366, 46.195835481269043 ] ], [ [ 26.333284299197366, 46.195835481269043 ], [ 26.341466823670956, 46.200973775274903 ] ], [ [ 26.338040883610283, 46.215316896101911 ], [ 26.341466823670956, 46.200973775274903 ] ], [ [ 26.334130850099857, 46.218314730313764 ], [ 26.338040883610283, 46.215316896101911 ] ], [ [ 26.324948422695609, 46.231176112018353 ], [ 26.334130850099857, 46.218314730313764 ] ], [ [ 26.309825670087623, 46.238954646407869 ], [ 26.324948422695609, 46.231176112018353 ] ], [ [ 26.284869608705716, 46.245681521189873 ], [ 26.309825670087623, 46.238954646407869 ] ], [ [ 26.274876963524861, 46.246892568403538 ], [ 26.284869608705716, 46.245681521189873 ] ], [ [ 26.263460095889528, 46.246348922454914 ], [ 26.274876963524861, 46.246892568403538 ] ], [ [ 26.258680456706109, 46.250027004034344 ], [ 26.263460095889528, 46.246348922454914 ] ], [ [ 26.258680456706109, 46.250027004034344 ], [ 26.260475620791457, 46.258337670078184 ] ], [ [ 26.25813951717673, 46.264387211520884 ], [ 26.260475620791457, 46.258337670078184 ] ], [ [ 26.253405398029848, 46.266628868340575 ], [ 26.25813951717673, 46.264387211520884 ] ], [ [ 26.253355280647412, 46.27713252073729 ], [ 26.253405398029848, 46.266628868340575 ] ], [ [ 26.253355280647412, 46.27713252073729 ], [ 26.262623942335551, 46.27990895480464 ] ], [ [ 26.262623942335551, 46.27990895480464 ], [ 26.26860032050481, 46.286670646467776 ] ], [ [ 26.26860032050481, 46.286670646467776 ], [ 26.274367109985878, 46.287351467462727 ] ], [ [ 26.27123262475536, 46.29292112404147 ], [ 26.274367109985878, 46.287351467462727 ] ], [ [ 26.27123262475536, 46.29292112404147 ], [ 26.272171917732543, 46.296444796308435 ] ], [ [ 26.272171917732543, 46.296444796308435 ], [ 26.278647187276732, 46.299314114195788 ] ], [ [ 26.278647187276732, 46.299314114195788 ], [ 26.281015560770115, 46.313379376409131 ] ], [ [ 26.281015560770115, 46.313379376409131 ], [ 26.283831426755881, 46.321438336459728 ] ], [ [ 26.283831426755881, 46.321438336459728 ], [ 26.288265582215029, 46.323471231491823 ] ], [ [ 26.288265582215029, 46.323471231491823 ], [ 26.292852010218763, 46.334242439232476 ] ], [ [ 26.288526495665764, 46.33756133405258 ], [ 26.292852010218763, 46.334242439232476 ] ], [ [ 26.282654075559599, 46.338150330295363 ], [ 26.288526495665764, 46.33756133405258 ] ], [ [ 26.27091141043136, 46.344898154333521 ], [ 26.282654075559599, 46.338150330295363 ] ], [ [ 26.257150481651912, 46.341114709752958 ], [ 26.27091141043136, 46.344898154333521 ] ], [ [ 26.244655476699542, 46.339993267063647 ], [ 26.257150481651912, 46.341114709752958 ] ], [ [ 26.242117085738133, 46.335865111750806 ], [ 26.244655476699542, 46.339993267063647 ] ], [ [ 26.23548203829758, 46.334887338810198 ], [ 26.242117085738133, 46.335865111750806 ] ], [ [ 26.231703615864284, 46.325317459513123 ], [ 26.23548203829758, 46.334887338810198 ] ], [ [ 26.224434611135663, 46.31663742066106 ], [ 26.231703615864284, 46.325317459513123 ] ], [ [ 26.208450365867364, 46.31190852272524 ], [ 26.224434611135663, 46.31663742066106 ] ], [ [ 26.200922367272582, 46.310913752189528 ], [ 26.208450365867364, 46.31190852272524 ] ], [ [ 26.190972720371921, 46.312411783487896 ], [ 26.200922367272582, 46.310913752189528 ] ], [ [ 26.177317532095412, 46.31067522381872 ], [ 26.190972720371921, 46.312411783487896 ] ], [ [ 26.162864721320663, 46.316417106623106 ], [ 26.177317532095412, 46.31067522381872 ] ], [ [ 26.156100891966187, 46.315169638903875 ], [ 26.162864721320663, 46.316417106623106 ] ], [ [ 26.15068166724604, 46.321632214257313 ], [ 26.156100891966187, 46.315169638903875 ] ], [ [ 26.149264392028552, 46.3290390544743 ], [ 26.15068166724604, 46.321632214257313 ] ], [ [ 26.149264392028552, 46.3290390544743 ], [ 26.154944327997772, 46.33997054897155 ] ], [ [ 26.154944327997772, 46.33997054897155 ], [ 26.164404776548576, 46.347127272249367 ] ], [ [ 26.164404776548576, 46.347127272249367 ], [ 26.166655481446892, 46.35486016101801 ] ], [ [ 26.163529825509368, 46.361917996858544 ], [ 26.166655481446892, 46.35486016101801 ] ], [ [ 26.163529825509368, 46.361917996858544 ], [ 26.166832986910467, 46.369283662516729 ] ], [ [ 26.1635284490436, 46.37288263876011 ], [ 26.166832986910467, 46.369283662516729 ] ], [ [ 26.162679867631592, 46.380815171735129 ], [ 26.1635284490436, 46.37288263876011 ] ], [ [ 26.159717678376833, 46.385819342508178 ], [ 26.162679867631592, 46.380815171735129 ] ], [ [ 26.149261364688037, 46.388725759251308 ], [ 26.159717678376833, 46.385819342508178 ] ], [ [ 26.146548027431908, 46.391186509290002 ], [ 26.149261364688037, 46.388725759251308 ] ], [ [ 26.126610955686122, 46.397595703740357 ], [ 26.146548027431908, 46.391186509290002 ] ], [ [ 26.118596116552776, 46.397423881742917 ], [ 26.126610955686122, 46.397595703740357 ] ], [ [ 26.109484020558295, 46.400574672662181 ], [ 26.118596116552776, 46.397423881742917 ] ], [ [ 26.09991262319431, 46.401380633813332 ], [ 26.109484020558295, 46.400574672662181 ] ], [ [ 26.085335076695266, 46.399342798827853 ], [ 26.09991262319431, 46.401380633813332 ] ], [ [ 26.061919646461821, 46.400702120080901 ], [ 26.085335076695266, 46.399342798827853 ] ], [ [ 26.056396792068423, 46.40355341406346 ], [ 26.061919646461821, 46.400702120080901 ] ], [ [ 26.056396792068423, 46.40355341406346 ], [ 26.061824537702229, 46.411331296386244 ] ], [ [ 26.046905961333405, 46.416581823272196 ], [ 26.061824537702229, 46.411331296386244 ] ], [ [ 26.033185829127095, 46.416751917281047 ], [ 26.046905961333405, 46.416581823272196 ] ], [ [ 26.029968024866246, 46.410126307752549 ], [ 26.033185829127095, 46.416751917281047 ] ], [ [ 26.024915359249395, 46.41491094240142 ], [ 26.029968024866246, 46.410126307752549 ] ], [ [ 26.020517958545351, 46.414269203840121 ], [ 26.024915359249395, 46.41491094240142 ] ], [ [ 26.019654014819345, 46.409166562980587 ], [ 26.020517958545351, 46.414269203840121 ] ], [ [ 26.009896183925292, 46.412461306996164 ], [ 26.019654014819345, 46.409166562980587 ] ], [ [ 26.003524641930941, 46.406365374205848 ], [ 26.009896183925292, 46.412461306996164 ] ], [ [ 25.995259124830749, 46.406758665012106 ], [ 26.003524641930941, 46.406365374205848 ] ], [ [ 25.995259124830749, 46.406758665012106 ], [ 26.000203744380915, 46.413617384489555 ] ], [ [ 25.997157204339356, 46.420074167939887 ], [ 26.000203744380915, 46.413617384489555 ] ], [ [ 25.997157204339356, 46.420074167939887 ], [ 26.003619296666919, 46.42305001691517 ] ], [ [ 26.001995783186612, 46.427311110644148 ], [ 26.003619296666919, 46.42305001691517 ] ], [ [ 25.994798004922206, 46.432758822741313 ], [ 26.001995783186612, 46.427311110644148 ] ], [ [ 25.987193238176971, 46.439116515604496 ], [ 25.994798004922206, 46.432758822741313 ] ], [ [ 25.987193238176971, 46.439116515604496 ], [ 26.005827765578999, 46.444850700525116 ] ], [ [ 26.00452110737783, 46.452969398456247 ], [ 26.005827765578999, 46.444850700525116 ] ], [ [ 26.00452110737783, 46.452969398456247 ], [ 26.007927594096206, 46.458610753757206 ] ], [ [ 26.007927594096206, 46.458610753757206 ], [ 26.015431589102295, 46.460005732241221 ] ], [ [ 26.015219619260346, 46.464642826687367 ], [ 26.015431589102295, 46.460005732241221 ] ], [ [ 26.011595653078786, 46.469223730795662 ], [ 26.015219619260346, 46.464642826687367 ] ], [ [ 26.011595653078786, 46.469223730795662 ], [ 26.016684215428224, 46.472793915421526 ] ], [ [ 26.016512832610267, 46.477562074997749 ], [ 26.016684215428224, 46.472793915421526 ] ], [ [ 26.006652958421842, 46.48165006204178 ], [ 26.016512832610267, 46.477562074997749 ] ], [ [ 26.006652958421842, 46.48165006204178 ], [ 26.018032398002408, 46.491871041580985 ] ], [ [ 26.018032398002408, 46.491871041580985 ], [ 26.034117385582224, 46.491200527118593 ] ], [ [ 26.034117385582224, 46.491200527118593 ], [ 26.047365846219751, 46.492238048338152 ] ], [ [ 26.047365846219751, 46.492238048338152 ], [ 26.058404278869698, 46.494168677594011 ] ], [ [ 26.058404278869698, 46.494168677594011 ], [ 26.064084192768728, 46.487489096116001 ] ], [ [ 26.064084192768728, 46.487489096116001 ], [ 26.074610258230951, 46.484536634435983 ] ], [ [ 26.074610258230951, 46.484536634435983 ], [ 26.081646717008073, 46.507541409290148 ] ], [ [ 26.081646717008073, 46.507541409290148 ], [ 26.083226461926692, 46.512473878166105 ] ], [ [ 26.074633490064933, 46.522434132233229 ], [ 26.083226461926692, 46.512473878166105 ] ], [ [ 26.073794493701378, 46.525734248033594 ], [ 26.074633490064933, 46.522434132233229 ] ], [ [ 26.061453763392748, 46.525659461564615 ], [ 26.073794493701378, 46.525734248033594 ] ], [ [ 26.057220063385127, 46.528980358637831 ], [ 26.061453763392748, 46.525659461564615 ] ], [ [ 26.048212227948703, 46.531961748801052 ], [ 26.057220063385127, 46.528980358637831 ] ], [ [ 26.035072938139834, 46.544652067164634 ], [ 26.048212227948703, 46.531961748801052 ] ], [ [ 26.035072938139834, 46.544652067164634 ], [ 26.040532881458873, 46.550426395261354 ] ], [ [ 26.039195627800218, 46.555665804279926 ], [ 26.040532881458873, 46.550426395261354 ] ], [ [ 26.032321585207896, 46.559072832623926 ], [ 26.039195627800218, 46.555665804279926 ] ], [ [ 26.031247447674872, 46.567512900128769 ], [ 26.032321585207896, 46.559072832623926 ] ], [ [ 26.031247447674872, 46.567512900128769 ], [ 26.033579367272701, 46.57035975374135 ] ], [ [ 26.026068672869197, 46.577261940448466 ], [ 26.033579367272701, 46.57035975374135 ] ], [ [ 26.021759339783916, 46.588533625179828 ], [ 26.026068672869197, 46.577261940448466 ] ], [ [ 26.012176091706195, 46.590009053335201 ], [ 26.021759339783916, 46.588533625179828 ] ], [ [ 26.009937304662511, 46.593718981248891 ], [ 26.012176091706195, 46.590009053335201 ] ], [ [ 26.003547818201746, 46.596622320439138 ], [ 26.009937304662511, 46.593718981248891 ] ], [ [ 25.99832774727917, 46.601823860537543 ], [ 26.003547818201746, 46.596622320439138 ] ], [ [ 25.997078480433746, 46.609033426807109 ], [ 25.99832774727917, 46.601823860537543 ] ], [ [ 25.990477880433634, 46.616111096635549 ], [ 25.997078480433746, 46.609033426807109 ] ], [ [ 25.990477880433634, 46.616111096635549 ], [ 25.992883172611034, 46.622890560490923 ] ], [ [ 25.992883172611034, 46.622890560490923 ], [ 25.999537737576908, 46.624906671768834 ] ], [ [ 25.999537737576908, 46.624906671768834 ], [ 26.007455270955042, 46.635274239099616 ] ], [ [ 26.007455270955042, 46.635274239099616 ], [ 26.019429972171093, 46.634331609505772 ] ], [ [ 26.012361569168586, 46.644727288421585 ], [ 26.019429972171093, 46.634331609505772 ] ], [ [ 26.007739908488858, 46.648400448189371 ], [ 26.012361569168586, 46.644727288421585 ] ], [ [ 26.006470401693313, 46.659720109753856 ], [ 26.007739908488858, 46.648400448189371 ] ], [ [ 26.000131583546171, 46.663338979338164 ], [ 26.006470401693313, 46.659720109753856 ] ], [ [ 25.99939674597135, 46.666423221520951 ], [ 26.000131583546171, 46.663338979338164 ] ], [ [ 25.99212628806497, 46.674007777366995 ], [ 25.99939674597135, 46.666423221520951 ] ], [ [ 25.981051956334582, 46.680169853183521 ], [ 25.99212628806497, 46.674007777366995 ] ], [ [ 25.974587254772501, 46.689498541858619 ], [ 25.981051956334582, 46.680169853183521 ] ], [ [ 25.974587254772501, 46.689498541858619 ], [ 25.97517802372354, 46.697325533040328 ] ], [ [ 25.961590080100528, 46.699071629947383 ], [ 25.97517802372354, 46.697325533040328 ] ], [ [ 25.954968240626851, 46.695228711879103 ], [ 25.961590080100528, 46.699071629947383 ] ], [ [ 25.94780436475542, 46.698919305904028 ], [ 25.954968240626851, 46.695228711879103 ] ], [ [ 25.93177749573751, 46.702412308422701 ], [ 25.94780436475542, 46.698919305904028 ] ], [ [ 25.917015593092906, 46.700316681789538 ], [ 25.93177749573751, 46.702412308422701 ] ], [ [ 25.90831306083841, 46.700861151625702 ], [ 25.917015593092906, 46.700316681789538 ] ], [ [ 25.904034733632898, 46.704027260493135 ], [ 25.90831306083841, 46.700861151625702 ] ], [ [ 25.891274187057054, 46.69923205589982 ], [ 25.904034733632898, 46.704027260493135 ] ], [ [ 25.889421530661199, 46.693191927134492 ], [ 25.891274187057054, 46.69923205589982 ] ], [ [ 25.883866262602396, 46.688694204196267 ], [ 25.889421530661199, 46.693191927134492 ] ], [ [ 25.883866262602396, 46.688694204196267 ], [ 25.886074007440715, 46.683284997252109 ] ], [ [ 25.886074007440715, 46.683284997252109 ], [ 25.895332778031062, 46.675606363462542 ] ], [ [ 25.895332778031062, 46.675606363462542 ], [ 25.898053024652622, 46.670454994111218 ] ], [ [ 25.898053024652622, 46.670454994111218 ], [ 25.903311181732789, 46.667734229141828 ] ], [ [ 25.902986125295282, 46.664359056311859 ], [ 25.903311181732789, 46.667734229141828 ] ], [ [ 25.902986125295282, 46.664359056311859 ], [ 25.908612488437974, 46.656115548848682 ] ], [ [ 25.901539393255398, 46.649347937608198 ], [ 25.908612488437974, 46.656115548848682 ] ], [ [ 25.888484412801887, 46.648108803752734 ], [ 25.901539393255398, 46.649347937608198 ] ], [ [ 25.877166888358744, 46.650871446338122 ], [ 25.888484412801887, 46.648108803752734 ] ], [ [ 25.867390931216558, 46.649431651452069 ], [ 25.877166888358744, 46.650871446338122 ] ], [ [ 25.862008470484174, 46.655248177493668 ], [ 25.867390931216558, 46.649431651452069 ] ], [ [ 25.860429667820359, 46.660093224618898 ], [ 25.862008470484174, 46.655248177493668 ] ], [ [ 25.854186063541011, 46.663992697408581 ], [ 25.860429667820359, 46.660093224618898 ] ], [ [ 25.848319898311484, 46.670988758169756 ], [ 25.854186063541011, 46.663992697408581 ] ], [ [ 25.84207652157404, 46.672281662626006 ], [ 25.848319898311484, 46.670988758169756 ] ], [ [ 25.837415360554449, 46.676792083089886 ], [ 25.84207652157404, 46.672281662626006 ] ], [ [ 25.835628377730721, 46.682714589586425 ], [ 25.837415360554449, 46.676792083089886 ] ], [ [ 25.828909552464619, 46.685737862792081 ], [ 25.835628377730721, 46.682714589586425 ] ], [ [ 25.813057724435897, 46.698137425925488 ], [ 25.828909552464619, 46.685737862792081 ] ], [ [ 25.804353339665102, 46.706776705449599 ], [ 25.813057724435897, 46.698137425925488 ] ], [ [ 25.795297595623975, 46.719900286890756 ], [ 25.804353339665102, 46.706776705449599 ] ], [ [ 25.795297595623975, 46.719900286890756 ], [ 25.79974837602979, 46.728198303341145 ] ], [ [ 25.79974837602979, 46.728198303341145 ], [ 25.807207551348249, 46.737393758440057 ] ], [ [ 25.803566625118709, 46.741410821327818 ], [ 25.807207551348249, 46.737393758440057 ] ], [ [ 25.803566625118709, 46.741410821327818 ], [ 25.804603542215663, 46.75239887715194 ] ], [ [ 25.803135138447679, 46.761080844511369 ], [ 25.804603542215663, 46.75239887715194 ] ], [ [ 25.803135138447679, 46.761080844511369 ], [ 25.805029798196163, 46.764932941724659 ] ], [ [ 25.800214825563799, 46.768100476773036 ], [ 25.805029798196163, 46.764932941724659 ] ], [ [ 25.800214825563799, 46.768100476773036 ], [ 25.801046475770352, 46.772635444585624 ] ], [ [ 25.801046475770352, 46.772635444585624 ], [ 25.806301827417858, 46.77633940134524 ] ], [ [ 25.806301827417858, 46.77633940134524 ], [ 25.808621673874519, 46.785790480162021 ] ], [ [ 25.808621673874519, 46.785790480162021 ], [ 25.808821838731102, 46.792897839425649 ] ], [ [ 25.800919810097128, 46.800059812206293 ], [ 25.808821838731102, 46.792897839425649 ] ], [ [ 25.800919810097128, 46.800059812206293 ], [ 25.806973503967313, 46.80518842379464 ] ], [ [ 25.794683236065197, 46.810804883334228 ], [ 25.806973503967313, 46.80518842379464 ] ], [ [ 25.785161559895837, 46.812754301264235 ], [ 25.794683236065197, 46.810804883334228 ] ], [ [ 25.779912353318473, 46.824876116364457 ], [ 25.785161559895837, 46.812754301264235 ] ], [ [ 25.779912353318473, 46.824876116364457 ], [ 25.782811416630796, 46.833776339006626 ] ], [ [ 25.782811416630796, 46.833776339006626 ], [ 25.794065591296619, 46.83307268484306 ] ], [ [ 25.794065591296619, 46.83307268484306 ], [ 25.804810099375146, 46.840620619773951 ] ], [ [ 25.792860227125953, 46.84829288057594 ], [ 25.804810099375146, 46.840620619773951 ] ], [ [ 25.782273298360682, 46.85116368562938 ], [ 25.792860227125953, 46.84829288057594 ] ], [ [ 25.779438961173696, 46.850451233399795 ], [ 25.782273298360682, 46.85116368562938 ] ], [ [ 25.779438961173696, 46.850451233399795 ], [ 25.780089731885791, 46.843446878833021 ] ], [ [ 25.780089731885791, 46.843446878833021 ], [ 25.783797211007265, 46.841608822385069 ] ], [ [ 25.77947408189544, 46.834239740548533 ], [ 25.783797211007265, 46.841608822385069 ] ], [ [ 25.772126073900864, 46.834578086496165 ], [ 25.77947408189544, 46.834239740548533 ] ], [ [ 25.762448269497192, 46.841232288958032 ], [ 25.772126073900864, 46.834578086496165 ] ], [ [ 25.762448269497192, 46.841232288958032 ], [ 25.762842003325762, 46.846064554921099 ] ], [ [ 25.762842003325762, 46.846064554921099 ], [ 25.774902116268535, 46.853247281626501 ] ], [ [ 25.774902116268535, 46.853247281626501 ], [ 25.781431994617019, 46.863520233011997 ] ], [ [ 25.780167011832091, 46.865357943751128 ], [ 25.781431994617019, 46.863520233011997 ] ], [ [ 25.780167011832091, 46.865357943751128 ], [ 25.781082198059355, 46.868594275373326 ] ], [ [ 25.775284037606976, 46.871069354517715 ], [ 25.781082198059355, 46.868594275373326 ] ], [ [ 25.766897259585328, 46.88032059659578 ], [ 25.775284037606976, 46.871069354517715 ] ], [ [ 25.765398528013922, 46.88446698894932 ], [ 25.766897259585328, 46.88032059659578 ] ], [ [ 25.765398528013922, 46.88446698894932 ], [ 25.770808100509282, 46.887792571925566 ] ], [ [ 25.770808100509282, 46.887792571925566 ], [ 25.789893850344271, 46.907479855382348 ] ], [ [ 25.789893850344271, 46.907479855382348 ], [ 25.795730506286802, 46.909678578063428 ] ], [ [ 25.795730506286802, 46.909678578063428 ], [ 25.801481990759701, 46.915265037361024 ] ], [ [ 25.800982938441834, 46.926086885924526 ], [ 25.801481990759701, 46.915265037361024 ] ], [ [ 25.800982938441834, 46.926086885924526 ], [ 25.803719370584812, 46.929004585006588 ] ], [ [ 25.803719370584812, 46.929004585006588 ], [ 25.813262619802682, 46.927126665928817 ] ], [ [ 25.813262619802682, 46.927126665928817 ], [ 25.823190007342745, 46.923500500410562 ] ], [ [ 25.823190007342745, 46.923500500410562 ], [ 25.83926161477779, 46.923490343153844 ] ], [ [ 25.83926161477779, 46.923490343153844 ], [ 25.842100524685637, 46.920417488503801 ] ], [ [ 25.842100524685637, 46.920417488503801 ], [ 25.855845136051034, 46.920793052637251 ] ], [ [ 25.855845136051034, 46.920793052637251 ], [ 25.861985363111312, 46.923397612173595 ] ], [ [ 25.854335156465449, 46.924258762392093 ], [ 25.861985363111312, 46.923397612173595 ] ], [ [ 25.851965034806152, 46.9316972628123 ], [ 25.854335156465449, 46.924258762392093 ] ], [ [ 25.842401585437269, 46.943165133797564 ], [ 25.851965034806152, 46.9316972628123 ] ], [ [ 25.842247057033617, 46.951824168144391 ], [ 25.842401585437269, 46.943165133797564 ] ], [ [ 25.838405202673517, 46.962283589190854 ], [ 25.842247057033617, 46.951824168144391 ] ], [ [ 25.828771364225865, 46.972332694073025 ], [ 25.838405202673517, 46.962283589190854 ] ], [ [ 25.820132198374722, 46.976488111086162 ], [ 25.828771364225865, 46.972332694073025 ] ], [ [ 25.805929092788855, 46.964971127473937 ], [ 25.820132198374722, 46.976488111086162 ] ], [ [ 25.801662443688752, 46.967563317455188 ], [ 25.805929092788855, 46.964971127473937 ] ], [ [ 25.793139825988209, 46.978798635899452 ], [ 25.801662443688752, 46.967563317455188 ] ], [ [ 25.790504450717524, 46.986345164547089 ], [ 25.793139825988209, 46.978798635899452 ] ], [ [ 25.789769304412186, 46.996426252958052 ], [ 25.790504450717524, 46.986345164547089 ] ], [ [ 25.780751922335387, 47.008055329253125 ], [ 25.789769304412186, 46.996426252958052 ] ], [ [ 25.773285574052515, 47.012010600234596 ], [ 25.780751922335387, 47.008055329253125 ] ], [ [ 25.769181393811731, 47.017427453381046 ], [ 25.773285574052515, 47.012010600234596 ] ], [ [ 25.769181393811731, 47.017427453381046 ], [ 25.773048571269833, 47.024437435794525 ] ], [ [ 25.769435521602556, 47.035260161768903 ], [ 25.773048571269833, 47.024437435794525 ] ], [ [ 25.762822003388667, 47.039951475384349 ], [ 25.769435521602556, 47.035260161768903 ] ], [ [ 25.748336418778575, 47.047185861076898 ], [ 25.762822003388667, 47.039951475384349 ] ], [ [ 25.742464429383791, 47.054466764708735 ], [ 25.748336418778575, 47.047185861076898 ] ], [ [ 25.739317873849917, 47.070004762634824 ], [ 25.742464429383791, 47.054466764708735 ] ], [ [ 25.733191577390226, 47.074106954337076 ], [ 25.739317873849917, 47.070004762634824 ] ], [ [ 25.714185779837429, 47.077280685300664 ], [ 25.733191577390226, 47.074106954337076 ] ], [ [ 25.709528775907138, 47.081527921157864 ], [ 25.714185779837429, 47.077280685300664 ] ], [ [ 25.704566620630334, 47.079681041006118 ], [ 25.709528775907138, 47.081527921157864 ] ], [ [ 25.690974442709333, 47.084817152495994 ], [ 25.704566620630334, 47.079681041006118 ] ], [ [ 25.681715475690243, 47.085972169426874 ], [ 25.690974442709333, 47.084817152495994 ] ], [ [ 25.677065719238179, 47.08961460793995 ], [ 25.681715475690243, 47.085972169426874 ] ], [ [ 25.664718229658021, 47.088737595113606 ], [ 25.677065719238179, 47.08961460793995 ] ], [ [ 25.661598730629368, 47.091661523449929 ], [ 25.664718229658021, 47.088737595113606 ] ], [ [ 25.652151745742401, 47.087226003111525 ], [ 25.661598730629368, 47.091661523449929 ] ], [ [ 25.640383689508198, 47.093196721360194 ], [ 25.652151745742401, 47.087226003111525 ] ], [ [ 25.630248404823273, 47.0949538419381 ], [ 25.640383689508198, 47.093196721360194 ] ], [ [ 25.621260555991281, 47.09372662944034 ], [ 25.630248404823273, 47.0949538419381 ] ], [ [ 25.619364708828257, 47.089240119969283 ], [ 25.621260555991281, 47.09372662944034 ] ], [ [ 25.61318286154269, 47.083471881771281 ], [ 25.619364708828257, 47.089240119969283 ] ], [ [ 25.601595555739426, 47.077338867481167 ], [ 25.61318286154269, 47.083471881771281 ] ], [ [ 25.589775129087236, 47.079666767526838 ], [ 25.601595555739426, 47.077338867481167 ] ], [ [ 25.574415497341491, 47.084698043961524 ], [ 25.589775129087236, 47.079666767526838 ] ], [ [ 25.561345676913337, 47.083554540529448 ], [ 25.574415497341491, 47.084698043961524 ] ], [ [ 25.552347366984197, 47.081245642972711 ], [ 25.561345676913337, 47.083554540529448 ] ], [ [ 25.539819558157379, 47.082240483483439 ], [ 25.552347366984197, 47.081245642972711 ] ], [ [ 25.531971602714634, 47.086747637351515 ], [ 25.539819558157379, 47.082240483483439 ] ], [ [ 25.531379653541503, 47.097198251234218 ], [ 25.531971602714634, 47.086747637351515 ] ], [ [ 25.527409831037058, 47.100067166815869 ], [ 25.531379653541503, 47.097198251234218 ] ], [ [ 25.526817678699089, 47.105304048256329 ], [ 25.527409831037058, 47.100067166815869 ] ], [ [ 25.526817678699089, 47.105304048256329 ], [ 25.530300491023148, 47.110530393794917 ] ], [ [ 25.524876733302417, 47.115294410388614 ], [ 25.530300491023148, 47.110530393794917 ] ], [ [ 25.516733354131102, 47.118996529580436 ], [ 25.524876733302417, 47.115294410388614 ] ], [ [ 25.508995736602643, 47.116866929406164 ], [ 25.516733354131102, 47.118996529580436 ] ], [ [ 25.498398970137085, 47.122871993445742 ], [ 25.508995736602643, 47.116866929406164 ] ], [ [ 25.494582070256747, 47.12863693173378 ], [ 25.498398970137085, 47.122871993445742 ] ], [ [ 25.487476841687243, 47.130605204565519 ], [ 25.494582070256747, 47.12863693173378 ] ], [ [ 25.480784303368257, 47.134720476836527 ], [ 25.487476841687243, 47.130605204565519 ] ], [ [ 25.473554487842893, 47.136297331058373 ], [ 25.480784303368257, 47.134720476836527 ] ], [ [ 25.471295236966391, 47.13978537771068 ], [ 25.473554487842893, 47.136297331058373 ] ], [ [ 25.456676436852945, 47.145481069189891 ], [ 25.471295236966391, 47.13978537771068 ] ], [ [ 25.445621822908691, 47.153262358741252 ], [ 25.456676436852945, 47.145481069189891 ] ], [ [ 25.440592422248187, 47.159795606728885 ], [ 25.445621822908691, 47.153262358741252 ] ], [ [ 25.425403763807722, 47.171287777628919 ], [ 25.440592422248187, 47.159795606728885 ] ], [ [ 25.425403763807722, 47.171287777628919 ], [ 25.42767654362067, 47.18059538847929 ] ], [ [ 25.425144567976442, 47.18385727524975 ], [ 25.42767654362067, 47.18059538847929 ] ], [ [ 25.413511862455991, 47.182774219727762 ], [ 25.425144567976442, 47.18385727524975 ] ], [ [ 25.403925295059945, 47.178476573281586 ], [ 25.413511862455991, 47.182774219727762 ] ], [ [ 25.399426183220353, 47.180801347998667 ], [ 25.403925295059945, 47.178476573281586 ] ], [ [ 25.384985693104458, 47.179878973239433 ], [ 25.399426183220353, 47.180801347998667 ] ], [ [ 25.373410344432134, 47.175329635738386 ], [ 25.384985693104458, 47.179878973239433 ] ], [ [ 25.359064627976505, 47.179699446088449 ], [ 25.373410344432134, 47.175329635738386 ] ], [ [ 25.352104067228556, 47.174648489175048 ], [ 25.359064627976505, 47.179699446088449 ] ], [ [ 25.331887897201433, 47.170086333101615 ], [ 25.352104067228556, 47.174648489175048 ] ], [ [ 25.324651320604413, 47.165986120531521 ], [ 25.331887897201433, 47.170086333101615 ] ], [ [ 25.316428116189513, 47.164857299716445 ], [ 25.324651320604413, 47.165986120531521 ] ], [ [ 25.307000647774064, 47.165680399259749 ], [ 25.316428116189513, 47.164857299716445 ] ], [ [ 25.294407746294855, 47.155873635417478 ], [ 25.307000647774064, 47.165680399259749 ] ], [ [ 25.294407746294855, 47.155873635417478 ], [ 25.296098714167641, 47.148355069811856 ] ], [ [ 25.29216339052477, 47.143495728434054 ], [ 25.296098714167641, 47.148355069811856 ] ], [ [ 25.28723025428247, 47.133233991286744 ], [ 25.29216339052477, 47.143495728434054 ] ], [ [ 25.28723025428247, 47.133233991286744 ], [ 25.297012021905196, 47.12066983474341 ] ], [ [ 25.296245718673458, 47.115728301014066 ], [ 25.297012021905196, 47.12066983474341 ] ], [ [ 25.279365602934419, 47.103688649473554 ], [ 25.296245718673458, 47.115728301014066 ] ], [ [ 25.264013915837026, 47.103581769833191 ], [ 25.279365602934419, 47.103688649473554 ] ], [ [ 25.251517855670393, 47.097821127471441 ], [ 25.264013915837026, 47.103581769833191 ] ], [ [ 25.246724213176229, 47.097933745474144 ], [ 25.251517855670393, 47.097821127471441 ] ], [ [ 25.24106061962565, 47.096803862182746 ], [ 25.246724213176229, 47.097933745474144 ] ], [ [ 25.233365412540746, 47.098312250651396 ], [ 25.24106061962565, 47.096803862182746 ] ], [ [ 25.225133037197079, 47.108623557189865 ], [ 25.233365412540746, 47.098312250651396 ] ], [ [ 25.210862937085608, 47.112116505382865 ], [ 25.225133037197079, 47.108623557189865 ] ], [ [ 25.200026045974617, 47.113553859014694 ], [ 25.210862937085608, 47.112116505382865 ] ], [ [ 25.190927104564974, 47.119831892975697 ], [ 25.200026045974617, 47.113553859014694 ] ], [ [ 25.182308807843167, 47.127958181516426 ], [ 25.190927104564974, 47.119831892975697 ] ], [ [ 25.173372068481132, 47.130504244770435 ], [ 25.182308807843167, 47.127958181516426 ] ], [ [ 25.164309829804179, 47.129655139211437 ], [ 25.173372068481132, 47.130504244770435 ] ], [ [ 25.157154750326207, 47.122399443695642 ], [ 25.164309829804179, 47.129655139211437 ] ], [ [ 25.150735519894038, 47.119056207129994 ], [ 25.157154750326207, 47.122399443695642 ] ], [ [ 25.144438629024666, 47.113322766516767 ], [ 25.150735519894038, 47.119056207129994 ] ], [ [ 25.137604947460144, 47.116820953506782 ], [ 25.144438629024666, 47.113322766516767 ] ], [ [ 25.129014351711334, 47.11820271275937 ], [ 25.137604947460144, 47.116820953506782 ] ], [ [ 25.122231919176851, 47.12188806065771 ], [ 25.129014351711334, 47.11820271275937 ] ], [ [ 25.109344041865455, 47.119629553431572 ], [ 25.122231919176851, 47.12188806065771 ] ], [ [ 25.09383845984501, 47.120652290086397 ], [ 25.109344041865455, 47.119629553431572 ] ], [ [ 25.083363969131817, 47.126538077889371 ], [ 25.09383845984501, 47.120652290086397 ] ], [ [ 25.079003219788678, 47.126298590652659 ], [ 25.083363969131817, 47.126538077889371 ] ], [ [ 25.071091222673633, 47.134471942593443 ], [ 25.079003219788678, 47.126298590652659 ] ], [ [ 25.063395528202111, 47.136553062544515 ], [ 25.071091222673633, 47.134471942593443 ] ] ] } },
{ "type": "Feature", "properties": { "id": 3, "leftRegion": "Nord-Est", "leftId": 813, "rightRegion": "Nord-Vest", "rightId": 868, "version": "2025/03/26" }, "geometry": { "type": "MultiLineString", "coordinates": [ [ [ 25.063395528202111, 47.136553062544515 ], [ 25.06595325054062, 47.143113610822759 ] ], [ [ 25.057735138048873, 47.150325319436767 ], [ 25.06595325054062, 47.143113610822759 ] ], [ [ 25.057735138048873, 47.150325319436767 ], [ 25.066524427800523, 47.164893441088125 ] ], [ [ 25.064655659803613, 47.175502781029884 ], [ 25.066524427800523, 47.164893441088125 ] ], [ [ 25.061501802746967, 47.184482806240993 ], [ 25.064655659803613, 47.175502781029884 ] ], [ [ 25.056626741181134, 47.188015912848371 ], [ 25.061501802746967, 47.184482806240993 ] ], [ [ 25.05609486055808, 47.193128073957602 ], [ 25.056626741181134, 47.188015912848371 ] ], [ [ 25.05609486055808, 47.193128073957602 ], [ 25.059089944747122, 47.199126853146851 ] ], [ [ 25.044274068239503, 47.216091365079485 ], [ 25.059089944747122, 47.199126853146851 ] ], [ [ 25.044274068239503, 47.216091365079485 ], [ 25.059301881743234, 47.23449846181343 ] ], [ [ 25.059301881743234, 47.23449846181343 ], [ 25.074866947293206, 47.246180349155956 ] ], [ [ 25.074866947293206, 47.246180349155956 ], [ 25.079599455043041, 47.258640562629857 ] ], [ [ 25.069525638234385, 47.260971303789319 ], [ 25.079599455043041, 47.258640562629857 ] ], [ [ 25.051348437271681, 47.270235111233085 ], [ 25.069525638234385, 47.260971303789319 ] ], [ [ 25.038397494510043, 47.283011811058032 ], [ 25.051348437271681, 47.270235111233085 ] ], [ [ 25.028074003499022, 47.286669908969941 ], [ 25.038397494510043, 47.283011811058032 ] ], [ [ 25.028074003499022, 47.286669908969941 ], [ 25.033320123308322, 47.292796270636657 ] ], [ [ 25.033320123308322, 47.292796270636657 ], [ 25.045293268939659, 47.300061171463618 ] ], [ [ 25.045293268939659, 47.300061171463618 ], [ 25.047644140908972, 47.303737582759091 ] ], [ [ 25.047644140908972, 47.303737582759091 ], [ 25.058326152449499, 47.304392047759244 ] ], [ [ 25.058326152449499, 47.304392047759244 ], [ 25.062211261389571, 47.309724458716175 ] ], [ [ 25.062211261389571, 47.309724458716175 ], [ 25.076377379709193, 47.310898067465793 ] ], [ [ 25.076377379709193, 47.310898067465793 ], [ 25.078674348079225, 47.314965645488023 ] ], [ [ 25.07498680367685, 47.319828699794584 ], [ 25.078674348079225, 47.314965645488023 ] ], [ [ 25.07498680367685, 47.319828699794584 ], [ 25.07591018586934, 47.324985488151668 ] ], [ [ 25.073032330475115, 47.328219419757829 ], [ 25.07591018586934, 47.324985488151668 ] ], [ [ 25.072873002232374, 47.335035291050303 ], [ 25.073032330475115, 47.328219419757829 ] ], [ [ 25.072873002232374, 47.335035291050303 ], [ 25.076445430472166, 47.341226881060948 ] ], [ [ 25.072254650322311, 47.342071690479379 ], [ 25.076445430472166, 47.341226881060948 ] ], [ [ 25.062331499415688, 47.349100350811071 ], [ 25.072254650322311, 47.342071690479379 ] ], [ [ 25.060580176780753, 47.353562115419471 ], [ 25.062331499415688, 47.349100350811071 ] ], [ [ 25.060580176780753, 47.353562115419471 ], [ 25.064274907544007, 47.366395666530785 ] ], [ [ 25.064274907544007, 47.366395666530785 ], [ 25.069132845648333, 47.369081707715466 ] ], [ [ 25.062646502321059, 47.379196916910821 ], [ 25.069132845648333, 47.369081707715466 ] ], [ [ 25.050612254470835, 47.377499095264781 ], [ 25.062646502321059, 47.379196916910821 ] ], [ [ 25.039973540356307, 47.380444514051725 ], [ 25.050612254470835, 47.377499095264781 ] ], [ [ 25.034721216206609, 47.384976291093324 ], [ 25.039973540356307, 47.380444514051725 ] ], [ [ 25.034721216206609, 47.384976291093324 ], [ 25.03577014339395, 47.391514313636364 ] ], [ [ 25.026881522693138, 47.396841264545841 ], [ 25.03577014339395, 47.391514313636364 ] ], [ [ 25.01925316876109, 47.404550966874694 ], [ 25.026881522693138, 47.396841264545841 ] ], [ [ 25.006987271167056, 47.410068538475088 ], [ 25.01925316876109, 47.404550966874694 ] ], [ [ 25.00340936836113, 47.413135261763337 ], [ 25.006987271167056, 47.410068538475088 ] ], [ [ 24.996166876314973, 47.413209023005166 ], [ 25.00340936836113, 47.413135261763337 ] ], [ [ 24.991314743033815, 47.418058862123203 ], [ 24.996166876314973, 47.413209023005166 ] ], [ [ 24.985608145832899, 47.418077398139395 ], [ 24.991314743033815, 47.418058862123203 ] ], [ [ 24.982845358463049, 47.424035728842512 ], [ 24.985608145832899, 47.418077398139395 ] ], [ [ 24.982845358463049, 47.424035728842512 ], [ 24.98649292148199, 47.42460788507293 ] ], [ [ 24.98649292148199, 47.42460788507293 ], [ 24.994631128388839, 47.420070128470179 ] ], [ [ 24.994631128388839, 47.420070128470179 ], [ 24.999469433579026, 47.420216326136504 ] ], [ [ 24.999469433579026, 47.420216326136504 ], [ 25.012118520203437, 47.428387776173196 ] ], [ [ 25.012118520203437, 47.428387776173196 ], [ 25.014651639575966, 47.43343423669323 ] ], [ [ 25.014651639575966, 47.43343423669323 ], [ 25.026709686056254, 47.435813151778945 ] ], [ [ 25.026709686056254, 47.435813151778945 ], [ 25.032476962636899, 47.433281642462681 ] ], [ [ 25.032476962636899, 47.433281642462681 ], [ 25.050040073479042, 47.418360687428112 ] ], [ [ 25.050040073479042, 47.418360687428112 ], [ 25.058287465910155, 47.416548010163808 ] ], [ [ 25.058287465910155, 47.416548010163808 ], [ 25.059092032939841, 47.420782788071094 ] ], [ [ 25.050937948420955, 47.424094104874449 ], [ 25.059092032939841, 47.420782788071094 ] ], [ [ 25.050937948420955, 47.424094104874449 ], [ 25.052381338659746, 47.431020177296787 ] ], [ [ 25.052381338659746, 47.431020177296787 ], [ 25.061549961414855, 47.433448100219181 ] ], [ [ 25.061549961414855, 47.433448100219181 ], [ 25.062312786948841, 47.436951503170619 ] ], [ [ 25.062312786948841, 47.436951503170619 ], [ 25.073474906116939, 47.436897807038008 ] ], [ [ 25.073474906116939, 47.436897807038008 ], [ 25.077954602065393, 47.438454289674304 ] ], [ [ 25.077954602065393, 47.438454289674304 ], [ 25.088898962797234, 47.446660818439661 ] ], [ [ 25.081622911312898, 47.453857323132183 ], [ 25.088898962797234, 47.446660818439661 ] ], [ [ 25.070237324583747, 47.450362617640138 ], [ 25.081622911312898, 47.453857323132183 ] ], [ [ 25.063338214180934, 47.454682104601751 ], [ 25.070237324583747, 47.450362617640138 ] ], [ [ 25.060024626944976, 47.462683379083089 ], [ 25.063338214180934, 47.454682104601751 ] ], [ [ 25.056086858783907, 47.466755897808369 ], [ 25.060024626944976, 47.462683379083089 ] ], [ [ 25.046993985054957, 47.470234720507399 ], [ 25.056086858783907, 47.466755897808369 ] ], [ [ 25.045373912181145, 47.481046226846729 ], [ 25.046993985054957, 47.470234720507399 ] ], [ [ 25.045373912181145, 47.481046226846729 ], [ 25.052107599888437, 47.480798116742932 ] ], [ [ 25.052107599888437, 47.480798116742932 ], [ 25.070086176840388, 47.487282404691889 ] ], [ [ 25.070086176840388, 47.487282404691889 ], [ 25.072761636602561, 47.493114242929302 ] ], [ [ 25.072761636602561, 47.493114242929302 ], [ 25.080426920527938, 47.496367475971233 ] ], [ [ 25.080426920527938, 47.496367475971233 ], [ 25.093796598126829, 47.503977658243052 ] ], [ [ 25.093553482121759, 47.510331410792411 ], [ 25.093796598126829, 47.503977658243052 ] ], [ [ 25.093553482121759, 47.510331410792411 ], [ 25.095046200087108, 47.515856566030727 ] ], [ [ 25.091811516130853, 47.519896537945598 ], [ 25.095046200087108, 47.515856566030727 ] ], [ [ 25.081358731677533, 47.526151454897999 ], [ 25.091811516130853, 47.519896537945598 ] ], [ [ 25.066497294152519, 47.530355999773036 ], [ 25.081358731677533, 47.526151454897999 ] ], [ [ 25.061006315872827, 47.536953617457357 ], [ 25.066497294152519, 47.530355999773036 ] ], [ [ 25.055876302956378, 47.5480536417327 ], [ 25.061006315872827, 47.536953617457357 ] ], [ [ 25.055876302956378, 47.5480536417327 ], [ 25.05657528875086, 47.552512560974556 ] ], [ [ 25.051962083862033, 47.560457206852433 ], [ 25.05657528875086, 47.552512560974556 ] ], [ [ 25.044522090728002, 47.559895860446495 ], [ 25.051962083862033, 47.560457206852433 ] ], [ [ 25.036426462473738, 47.56156653770357 ], [ 25.044522090728002, 47.559895860446495 ] ], [ [ 25.018972129683398, 47.568091729577645 ], [ 25.036426462473738, 47.56156653770357 ] ], [ [ 25.007783354334073, 47.568841113069269 ], [ 25.018972129683398, 47.568091729577645 ] ], [ [ 25.000942026721514, 47.57589828532619 ], [ 25.007783354334073, 47.568841113069269 ] ], [ [ 24.994211501892231, 47.577192495628154 ], [ 25.000942026721514, 47.57589828532619 ] ], [ [ 24.990201307793846, 47.585677244996894 ], [ 24.994211501892231, 47.577192495628154 ] ], [ [ 24.983131724944599, 47.587348783744318 ], [ 24.990201307793846, 47.585677244996894 ] ], [ [ 24.974935860722116, 47.592524454052821 ], [ 24.983131724944599, 47.587348783744318 ] ], [ [ 24.960848656572701, 47.596867847672897 ], [ 24.974935860722116, 47.592524454052821 ] ], [ [ 24.958848526830113, 47.603391833382936 ], [ 24.960848656572701, 47.596867847672897 ] ], [ [ 24.958569719956813, 47.615193116057632 ], [ 24.958848526830113, 47.603391833382936 ] ], [ [ 24.958569719956813, 47.615193116057632 ], [ 24.964210026163165, 47.616214541424569 ] ], [ [ 24.964210026163165, 47.616214541424569 ], [ 24.974239423206459, 47.613678732959798 ] ], [ [ 24.974239423206459, 47.613678732959798 ], [ 24.984295443487994, 47.620375887701442 ] ], [ [ 24.984295443487994, 47.620375887701442 ], [ 24.99053568288231, 47.620208372082189 ] ], [ [ 24.99053568288231, 47.620208372082189 ], [ 24.993203737782057, 47.625167481009605 ] ], [ [ 24.993203737782057, 47.625167481009605 ], [ 24.998403373911504, 47.62611310065973 ] ], [ [ 24.998403373911504, 47.62611310065973 ], [ 25.009752514671959, 47.632946723390923 ] ], [ [ 25.009752514671959, 47.632946723390923 ], [ 25.024232458046921, 47.633878890267411 ] ], [ [ 25.024232458046921, 47.633878890267411 ], [ 25.03266903098562, 47.637878793701432 ] ], [ [ 25.03266903098562, 47.637878793701432 ], [ 25.053074162761433, 47.641413982370693 ] ], [ [ 25.053074162761433, 47.641413982370693 ], [ 25.056377617597796, 47.647865388553228 ] ], [ [ 25.055494676977492, 47.654449085682771 ], [ 25.056377617597796, 47.647865388553228 ] ], [ [ 25.050525013507599, 47.659118232999134 ], [ 25.055494676977492, 47.654449085682771 ] ], [ [ 25.044096565449603, 47.659323307904721 ], [ 25.050525013507599, 47.659118232999134 ] ], [ [ 25.038362609523848, 47.66412164321568 ], [ 25.044096565449603, 47.659323307904721 ] ], [ [ 25.022162871963108, 47.666395329232493 ], [ 25.038362609523848, 47.66412164321568 ] ], [ [ 25.017212613274197, 47.674444665100829 ], [ 25.022162871963108, 47.666395329232493 ] ], [ [ 25.007598045222917, 47.676681874527624 ], [ 25.017212613274197, 47.674444665100829 ] ], [ [ 25.000727352026001, 47.682966688291856 ], [ 25.007598045222917, 47.676681874527624 ] ], [ [ 24.996129172851116, 47.683989193487406 ], [ 25.000727352026001, 47.682966688291856 ] ], [ [ 24.98203255634964, 47.694790549943278 ], [ 24.996129172851116, 47.683989193487406 ] ], [ [ 24.974695050495974, 47.699182016867098 ], [ 24.98203255634964, 47.694790549943278 ] ], [ [ 24.959555777856846, 47.705638074423057 ], [ 24.974695050495974, 47.699182016867098 ] ], [ [ 24.952056039548079, 47.705796668664952 ], [ 24.959555777856846, 47.705638074423057 ] ], [ [ 24.952056039548079, 47.705796668664952 ], [ 24.953728795666304, 47.711819121354431 ] ], [ [ 24.94792483455317, 47.717190023060695 ], [ 24.953728795666304, 47.711819121354431 ] ], [ [ 24.947111735913207, 47.729141477865817 ], [ 24.94792483455317, 47.717190023060695 ] ] ] } },
{ "type": "Feature", "properties": { "id": 4, "leftRegion": "Nord-Est", "leftId": 813, "rightRegion": null, "rightId": null, "version": "2025/03/26" }, "geometry": { "type": "MultiLineString", "coordinates": [ [ [ 24.947111735913207, 47.729141477865817 ], [ 24.983432462541838, 47.729487482713971 ] ], [ [ 24.983432462541838, 47.729487482713971 ], [ 24.996554090906564, 47.725196669956816 ] ], [ [ 24.996554090906564, 47.725196669956816 ], [ 25.006953568583043, 47.734369545523741 ] ], [ [ 25.006953568583043, 47.734369545523741 ], [ 25.016713194189848, 47.730987101726718 ] ], [ [ 25.016713194189848, 47.730987101726718 ], [ 25.026302733019232, 47.730961057917355 ] ], [ [ 25.026302733019232, 47.730961057917355 ], [ 25.029346167886768, 47.727836819943768 ] ], [ [ 25.029346167886768, 47.727836819943768 ], [ 25.040109617393934, 47.725419385878553 ] ], [ [ 25.040109617393934, 47.725419385878553 ], [ 25.042552221550174, 47.731425134346978 ] ], [ [ 25.042552221550174, 47.731425134346978 ], [ 25.050187679470742, 47.739702231493723 ] ], [ [ 25.050187679470742, 47.739702231493723 ], [ 25.05443361412566, 47.746055982146082 ] ], [ [ 25.05443361412566, 47.746055982146082 ], [ 25.063008666708424, 47.740536532955147 ] ], [ [ 25.063008666708424, 47.740536532955147 ], [ 25.076728199198804, 47.745490659664028 ] ], [ [ 25.076728199198804, 47.745490659664028 ], [ 25.082488670356046, 47.74522607749379 ] ], [ [ 25.082488670356046, 47.74522607749379 ], [ 25.088781157842671, 47.748948180473739 ] ], [ [ 25.088781157842671, 47.748948180473739 ], [ 25.097988303882882, 47.749316489178767 ] ], [ [ 25.097988303882882, 47.749316489178767 ], [ 25.103164889138384, 47.752915343735779 ] ], [ [ 25.103164889138384, 47.752915343735779 ], [ 25.115611126865129, 47.75484126296351 ] ], [ [ 25.115611126865129, 47.75484126296351 ], [ 25.116096866094061, 47.767680756384181 ] ], [ [ 25.116096866094061, 47.767680756384181 ], [ 25.132877743946729, 47.780517843170315 ] ], [ [ 25.132877743946729, 47.780517843170315 ], [ 25.141750700309942, 47.785770774912848 ] ], [ [ 25.141750700309942, 47.785770774912848 ], [ 25.148837982240327, 47.792046940003935 ] ], [ [ 25.148837982240327, 47.792046940003935 ], [ 25.153275416818229, 47.789195761874282 ] ], [ [ 25.153275416818229, 47.789195761874282 ], [ 25.165790856033098, 47.790729732083847 ] ], [ [ 25.165790856033098, 47.790729732083847 ], [ 25.170852010506923, 47.79656859363368 ] ], [ [ 25.170181906184506, 47.804980893207592 ], [ 25.170852010506923, 47.79656859363368 ] ], [ [ 25.166868677760696, 47.808957129187924 ], [ 25.170181906184506, 47.804980893207592 ] ], [ [ 25.166868677760696, 47.808957129187924 ], [ 25.177528449226767, 47.81412519797837 ] ], [ [ 25.177528449226767, 47.81412519797837 ], [ 25.180762596081237, 47.821448349222379 ] ], [ [ 25.179982905696395, 47.825351090823411 ], [ 25.180762596081237, 47.821448349222379 ] ], [ [ 25.179982905696395, 47.825351090823411 ], [ 25.196588565320617, 47.834190026641473 ] ], [ [ 25.196588565320617, 47.834190026641473 ], [ 25.202472234393234, 47.84017846590254 ] ], [ [ 25.201975180293989, 47.843094984015785 ], [ 25.202472234393234, 47.84017846590254 ] ], [ [ 25.201319320517783, 47.849601078619791 ], [ 25.201975180293989, 47.843094984015785 ] ], [ [ 25.201319320517783, 47.849601078619791 ], [ 25.206732980129054, 47.85377057562166 ] ], [ [ 25.206732980129054, 47.85377057562166 ], [ 25.221958270544704, 47.858676373537847 ] ], [ [ 25.221958270544704, 47.858676373537847 ], [ 25.222327521259633, 47.869762982473659 ] ], [ [ 25.222327521259633, 47.869762982473659 ], [ 25.224851040663204, 47.872899649914217 ] ], [ [ 25.222516099765784, 47.879489556223774 ], [ 25.224851040663204, 47.872899649914217 ] ], [ [ 25.222516099765784, 47.879489556223774 ], [ 25.229461541161783, 47.892437919096679 ] ], [ [ 25.229461541161783, 47.892437919096679 ], [ 25.237837878100898, 47.895331631326904 ] ], [ [ 25.237837878100898, 47.895331631326904 ], [ 25.24487284233307, 47.893186369487417 ] ], [ [ 25.24487284233307, 47.893186369487417 ], [ 25.251866207364845, 47.895079329676904 ] ], [ [ 25.251866207364845, 47.895079329676904 ], [ 25.258278836628321, 47.891973086728783 ] ], [ [ 25.258278836628321, 47.891973086728783 ], [ 25.262449857934481, 47.893811741171142 ] ], [ [ 25.262449857934481, 47.893811741171142 ], [ 25.269820924878534, 47.892378781717184 ] ], [ [ 25.269820924878534, 47.892378781717184 ], [ 25.310898886699832, 47.914344537395905 ] ], [ [ 25.310898886699832, 47.914344537395905 ], [ 25.325943245081103, 47.913626753585838 ] ], [ [ 25.325943245081103, 47.913626753585838 ], [ 25.342265037169117, 47.914371197707318 ] ], [ [ 25.342265037169117, 47.914371197707318 ], [ 25.34671394847356, 47.916015113240377 ] ], [ [ 25.34671394847356, 47.916015113240377 ], [ 25.400032131573678, 47.921564592212505 ] ], [ [ 25.400032131573678, 47.921564592212505 ], [ 25.455277918303064, 47.927710899677123 ] ], [ [ 25.455277918303064, 47.927710899677123 ], [ 25.501366647297576, 47.932819215316023 ] ], [ [ 25.501366647297576, 47.932819215316023 ], [ 25.580897112016679, 47.93771574362286 ] ], [ [ 25.580897112016679, 47.93771574362286 ], [ 25.592323627416917, 47.938447751331182 ] ], [ [ 25.592323627416917, 47.938447751331182 ], [ 25.625542758875024, 47.948795220181509 ] ], [ [ 25.625542758875024, 47.948795220181509 ], [ 25.656177928254902, 47.949403609768353 ] ], [ [ 25.656177928254902, 47.949403609768353 ], [ 25.686110064696052, 47.944019848305594 ] ], [ [ 25.686110064696052, 47.944019848305594 ], [ 25.698238710151866, 47.945409870280393 ] ], [ [ 25.698238710151866, 47.945409870280393 ], [ 25.717131742177429, 47.940855317394906 ] ], [ [ 25.717131742177429, 47.940855317394906 ], [ 25.720607569747738, 47.944390850799394 ] ], [ [ 25.720607569747738, 47.944390850799394 ], [ 25.733343134622146, 47.945678147545038 ] ], [ [ 25.733343134622146, 47.945678147545038 ], [ 25.739356693716385, 47.941641548296133 ] ], [ [ 25.739356693716385, 47.941641548296133 ], [ 25.774645449999312, 47.939389525338882 ] ], [ [ 25.774645449999312, 47.939389525338882 ], [ 25.795057110022, 47.945216209728727 ] ], [ [ 25.795057110022, 47.945216209728727 ], [ 25.811700870140271, 47.951512092600609 ] ], [ [ 25.811700870140271, 47.951512092600609 ], [ 25.818684830352797, 47.954089275500138 ] ], [ [ 25.818684830352797, 47.954089275500138 ], [ 25.825955093391119, 47.963895242866229 ] ], [ [ 25.825955093391119, 47.963895242866229 ], [ 25.837487565593069, 47.967197935064462 ] ], [ [ 25.837487565593069, 47.967197935064462 ], [ 25.861279126907391, 47.970215470314379 ] ], [ [ 25.861279126907391, 47.970215470314379 ], [ 25.880036390307147, 47.963077791678025 ] ], [ [ 25.880036390307147, 47.963077791678025 ], [ 25.891881830018779, 47.961218173921665 ] ], [ [ 25.891881830018779, 47.961218173921665 ], [ 25.900690615901606, 47.963259836931769 ] ], [ [ 25.900690615901606, 47.963259836931769 ], [ 25.907879890269726, 47.96490626746882 ] ], [ [ 25.907879890269726, 47.96490626746882 ], [ 25.914672404205337, 47.977394847191263 ] ], [ [ 25.914672404205337, 47.977394847191263 ], [ 25.924126032476718, 47.977405890198135 ] ], [ [ 25.924126032476718, 47.977405890198135 ], [ 25.940454769004329, 47.975845905061185 ] ], [ [ 25.940454769004329, 47.975845905061185 ], [ 25.951984003602064, 47.970856390919081 ] ], [ [ 25.951984003602064, 47.970856390919081 ], [ 25.975267039188868, 47.975341233540597 ] ], [ [ 25.975267039188868, 47.975341233540597 ], [ 26.03020156670916, 47.983355729781451 ] ], [ [ 26.03020156670916, 47.983355729781451 ], [ 26.061137215084631, 47.988019716936016 ] ], [ [ 26.061137215084631, 47.988019716936016 ], [ 26.072681492820472, 47.985864183455284 ] ], [ [ 26.072681492820472, 47.985864183455284 ], [ 26.098832343731427, 47.978819109317165 ] ], [ [ 26.098832343731427, 47.978819109317165 ], [ 26.100978142623479, 47.978256107638835 ] ], [ [ 26.100978142623479, 47.978256107638835 ], [ 26.117101468668711, 47.981821852897014 ] ], [ [ 26.117101468668711, 47.981821852897014 ], [ 26.12656173251283, 47.987811360587784 ] ], [ [ 26.12656173251283, 47.987811360587784 ], [ 26.137406037632854, 47.984177310929489 ] ], [ [ 26.137406037632854, 47.984177310929489 ], [ 26.144122453744799, 47.986014271957082 ] ], [ [ 26.144122453744799, 47.986014271957082 ], [ 26.170968813780839, 47.990813444354458 ] ], [ [ 26.170968813780839, 47.990813444354458 ], [ 26.188058810448016, 47.995484519194974 ] ], [ [ 26.188058810448016, 47.995484519194974 ], [ 26.199195957937029, 48.008023837725645 ] ], [ [ 26.199195957937029, 48.008023837725645 ], [ 26.207966059661231, 48.028900884198315 ] ], [ [ 26.207966059661231, 48.028900884198315 ], [ 26.212111321948115, 48.050785704985358 ] ], [ [ 26.212111321948115, 48.050785704985358 ], [ 26.218545665259764, 48.054587776992463 ] ], [ [ 26.218545665259764, 48.054587776992463 ], [ 26.231913688078819, 48.061387490592303 ] ], [ [ 26.231913688078819, 48.061387490592303 ], [ 26.260835191803697, 48.074436396168807 ] ], [ [ 26.260835191803697, 48.074436396168807 ], [ 26.266869466672535, 48.076510914447354 ] ], [ [ 26.266869466672535, 48.076510914447354 ], [ 26.27542845213943, 48.086155854828739 ] ], [ [ 26.27542845213943, 48.086155854828739 ], [ 26.27783188510033, 48.095228021411721 ] ], [ [ 26.27783188510033, 48.095228021411721 ], [ 26.282418863553374, 48.100764438413698 ] ], [ [ 26.282418863553374, 48.100764438413698 ], [ 26.284845919566816, 48.113264213540653 ] ], [ [ 26.284845919566816, 48.113264213540653 ], [ 26.287333219129032, 48.118448829344452 ] ], [ [ 26.287333219129032, 48.118448829344452 ], [ 26.298005604315492, 48.133690336150394 ] ], [ [ 26.298005604315492, 48.133690336150394 ], [ 26.307071969521484, 48.141416445902806 ] ], [ [ 26.307071969521484, 48.141416445902806 ], [ 26.316541690895271, 48.148615529398519 ] ], [ [ 26.316541690895271, 48.148615529398519 ], [ 26.327974307616365, 48.153011045082806 ] ], [ [ 26.327974307616365, 48.153011045082806 ], [ 26.334239802047218, 48.159406779816976 ] ], [ [ 26.333726415705428, 48.166799229741258 ], [ 26.334239802047218, 48.159406779816976 ] ], [ [ 26.327856038317535, 48.176220108325232 ], [ 26.333726415705428, 48.166799229741258 ] ], [ [ 26.327856038317535, 48.176220108325232 ], [ 26.33452141011718, 48.18424346203485 ] ], [ [ 26.33452141011718, 48.18424346203485 ], [ 26.348845293792166, 48.183270479670888 ] ], [ [ 26.348845293792166, 48.183270479670888 ], [ 26.351813402414489, 48.191525450886033 ] ], [ [ 26.351813402414489, 48.191525450886033 ], [ 26.357498690778332, 48.184933354351195 ] ], [ [ 26.357498690778332, 48.184933354351195 ], [ 26.361615504861767, 48.185779135432092 ] ], [ [ 26.361615504861767, 48.185779135432092 ], [ 26.370172539109191, 48.191760299222757 ] ], [ [ 26.370172539109191, 48.191760299222757 ], [ 26.371013047305553, 48.195726626226396 ] ], [ [ 26.371013047305553, 48.195726626226396 ], [ 26.377834936148947, 48.1987286432106 ] ], [ [ 26.377834936148947, 48.1987286432106 ], [ 26.3860322893835, 48.19467692639595 ] ], [ [ 26.37916037169278, 48.188781559638315 ], [ 26.3860322893835, 48.19467692639595 ] ], [ [ 26.37916037169278, 48.188781559638315 ], [ 26.386843516232339, 48.186964394359947 ] ], [ [ 26.386843516232339, 48.186964394359947 ], [ 26.393335472313847, 48.189570496926407 ] ], [ [ 26.393335472313847, 48.189570496926407 ], [ 26.400888522591323, 48.188784386802901 ] ], [ [ 26.400888522591323, 48.188784386802901 ], [ 26.416297557715883, 48.196733318529958 ] ], [ [ 26.416297557715883, 48.196733318529958 ], [ 26.420458849109917, 48.201531735404423 ] ], [ [ 26.420458849109917, 48.201531735404423 ], [ 26.425087000704917, 48.200044653023184 ] ], [ [ 26.425087000704917, 48.200044653023184 ], [ 26.438097971908917, 48.194280458341325 ] ], [ [ 26.438097971908917, 48.194280458341325 ], [ 26.43840544753694, 48.19853859506086 ] ], [ [ 26.432179842231793, 48.200040032067548 ], [ 26.43840544753694, 48.19853859506086 ] ], [ [ 26.432179842231793, 48.200040032067548 ], [ 26.435233308243347, 48.204546981557897 ] ], [ [ 26.435233308243347, 48.204546981557897 ], [ 26.447028924216749, 48.203840761775304 ] ], [ [ 26.447028924216749, 48.203840761775304 ], [ 26.456025729330776, 48.205958325353343 ] ], [ [ 26.456025729330776, 48.205958325353343 ], [ 26.460573197093488, 48.209940061329938 ] ], [ [ 26.456750345043702, 48.213710490053963 ], [ 26.460573197093488, 48.209940061329938 ] ], [ [ 26.456750345043702, 48.213710490053963 ], [ 26.467435385252145, 48.216161012424401 ] ], [ [ 26.467435385252145, 48.216161012424401 ], [ 26.472278285622984, 48.22023426694912 ] ], [ [ 26.472278285622984, 48.22023426694912 ], [ 26.477538244822803, 48.215999857543494 ] ], [ [ 26.477538244822803, 48.215999857543494 ], [ 26.485502842307355, 48.215733791725157 ] ], [ [ 26.485502842307355, 48.215733791725157 ], [ 26.494491757969879, 48.218369746898567 ] ], [ [ 26.494491757969879, 48.218369746898567 ], [ 26.507290856687945, 48.214905286556281 ] ], [ [ 26.507290856687945, 48.214905286556281 ], [ 26.518330068759223, 48.211346563130952 ] ], [ [ 26.518330068759223, 48.211346563130952 ], [ 26.52377144244144, 48.213750180164297 ] ], [ [ 26.52377144244144, 48.213750180164297 ], [ 26.530079089414372, 48.209981380055865 ] ], [ [ 26.530079089414372, 48.209981380055865 ], [ 26.539436747519339, 48.214607442895407 ] ], [ [ 26.539436747519339, 48.214607442895407 ], [ 26.549937193985272, 48.216536947549272 ] ], [ [ 26.547862967266525, 48.222286286601154 ], [ 26.549937193985272, 48.216536947549272 ] ], [ [ 26.547862967266525, 48.222286286601154 ], [ 26.549714822089914, 48.225100267452419 ] ], [ [ 26.549714822089914, 48.225100267452419 ], [ 26.569918802730157, 48.219447523183923 ] ], [ [ 26.569918802730157, 48.219447523183923 ], [ 26.573109863418843, 48.22356587785999 ] ], [ [ 26.569015863371551, 48.230082322220966 ], [ 26.573109863418843, 48.22356587785999 ] ], [ [ 26.569015863371551, 48.230082322220966 ], [ 26.571328078899107, 48.238315854519954 ] ], [ [ 26.571328078899107, 48.238315854519954 ], [ 26.578184517886676, 48.243982206477831 ] ], [ [ 26.578184517886676, 48.243982206477831 ], [ 26.589704632410982, 48.245845848667578 ] ], [ [ 26.589704632410982, 48.245845848667578 ], [ 26.598171046063317, 48.238439025759945 ] ], [ [ 26.598171046063317, 48.238439025759945 ], [ 26.610321195926208, 48.240067144648201 ] ], [ [ 26.610321195926208, 48.240067144648201 ], [ 26.621004602637672, 48.241137458827865 ] ], [ [ 26.614816405251961, 48.249079837810889 ], [ 26.621004602637672, 48.241137458827865 ] ], [ [ 26.614816405251961, 48.249079837810889 ], [ 26.620761197648466, 48.251286306799592 ] ], [ [ 26.620761197648466, 48.251286306799592 ], [ 26.629138218115518, 48.247478237120383 ] ], [ [ 26.629138218115518, 48.247478237120383 ], [ 26.630893139045011, 48.252549014552336 ] ], [ [ 26.630518635517102, 48.260139615417195 ], [ 26.630893139045011, 48.252549014552336 ] ], [ [ 26.630518635517102, 48.260139615417195 ], [ 26.636443736185456, 48.26187963561285 ] ], [ [ 26.636443736185456, 48.26187963561285 ], [ 26.644308826426926, 48.255769856795901 ] ], [ [ 26.644308826426926, 48.255769856795901 ], [ 26.645690105221561, 48.252446467016135 ] ], [ [ 26.645690105221561, 48.252446467016135 ], [ 26.652910924140553, 48.254367165418671 ] ], [ [ 26.652910924140553, 48.254367165418671 ], [ 26.661169151877946, 48.264290047293031 ] ], [ [ 26.661169151877946, 48.264290047293031 ], [ 26.665810845283588, 48.26196888066027 ] ], [ [ 26.665810845283588, 48.26196888066027 ], [ 26.66602274119407, 48.257523544329601 ] ], [ [ 26.662804375528509, 48.252993971150651 ], [ 26.66602274119407, 48.257523544329601 ] ], [ [ 26.662804375528509, 48.252993971150651 ], [ 26.667844169733854, 48.246729755379725 ] ], [ [ 26.667844169733854, 48.246729755379725 ], [ 26.683985337667522, 48.249584423005352 ] ], [ [ 26.683985337667522, 48.249584423005352 ], [ 26.691977424212563, 48.254411975023324 ] ], [ [ 26.691977424212563, 48.254411975023324 ], [ 26.695799821404101, 48.263233070247566 ] ], [ [ 26.695799821404101, 48.263233070247566 ], [ 26.704510771013229, 48.263433708907186 ] ], [ [ 26.704510771013229, 48.263433708907186 ], [ 26.708439663411646, 48.252963771198729 ] ], [ [ 26.708439663411646, 48.252963771198729 ], [ 26.721236160854414, 48.246353844715706 ] ], [ [ 26.721236160854414, 48.246353844715706 ], [ 26.729299176386363, 48.246549822996272 ] ], [ [ 26.729299176386363, 48.246549822996272 ], [ 26.731867990817193, 48.250276585804663 ] ], [ [ 26.726337589331031, 48.256788451146072 ], [ 26.731867990817193, 48.250276585804663 ] ], [ [ 26.726337589331031, 48.256788451146072 ], [ 26.731967654610148, 48.258223050671077 ] ], [ [ 26.731967654610148, 48.258223050671077 ], [ 26.741929284520626, 48.254781440329289 ] ], [ [ 26.741929284520626, 48.254781440329289 ], [ 26.742457420117077, 48.252856492137468 ] ], [ [ 26.733602064132896, 48.24638336530262 ], [ 26.742457420117077, 48.252856492137468 ] ], [ [ 26.733602064132896, 48.24638336530262 ], [ 26.740533323404588, 48.245125918871821 ] ], [ [ 26.740533323404588, 48.245125918871821 ], [ 26.753322217515873, 48.248295970264834 ] ], [ [ 26.753322217515873, 48.248295970264834 ], [ 26.756645796485383, 48.24758389711139 ] ], [ [ 26.756645796485383, 48.24758389711139 ], [ 26.766990145753489, 48.24823203420253 ] ], [ [ 26.766990145753489, 48.24823203420253 ], [ 26.781617309647565, 48.243149088056711 ] ], [ [ 26.781617309647565, 48.243149088056711 ], [ 26.785565729158847, 48.244783069802921 ] ], [ [ 26.785565729158847, 48.244783069802921 ], [ 26.788473517232823, 48.250207692343942 ] ], [ [ 26.788473517232823, 48.250207692343942 ], [ 26.798817579597145, 48.25035923959058 ] ], [ [ 26.798817579597145, 48.25035923959058 ], [ 26.80649777102257, 48.254486957910245 ] ], [ [ 26.80649777102257, 48.254486957910245 ], [ 26.815820683264086, 48.248926695038257 ] ], [ [ 26.815820683264086, 48.248926695038257 ], [ 26.817048689006544, 48.245865622953644 ] ], [ [ 26.817048689006544, 48.245865622953644 ], [ 26.826576897904225, 48.244251535639989 ] ], [ [ 26.826576897904225, 48.244251535639989 ], [ 26.829457033506355, 48.235044930478772 ] ], [ [ 26.829070287182649, 48.230275624896258 ], [ 26.829457033506355, 48.235044930478772 ] ], [ [ 26.829070287182649, 48.230275624896258 ], [ 26.833875019669499, 48.226030487921804 ] ], [ [ 26.833875019669499, 48.226030487921804 ], [ 26.842148023822734, 48.228448193367164 ] ], [ [ 26.842148023822734, 48.228448193367164 ], [ 26.845976081932726, 48.232335732755644 ] ], [ [ 26.845976081932726, 48.232335732755644 ], [ 26.851752408048149, 48.234111684490635 ] ], [ [ 26.851752408048149, 48.234111684490635 ], [ 26.855929622816344, 48.231010816775232 ] ], [ [ 26.855929622816344, 48.231010816775232 ], [ 26.860748640103406, 48.21813105401155 ] ], [ [ 26.860748640103406, 48.21813105401155 ], [ 26.873400337588787, 48.211088129545978 ] ], [ [ 26.873400337588787, 48.211088129545978 ], [ 26.884232116499827, 48.202422233721933 ] ], [ [ 26.884232116499827, 48.202422233721933 ], [ 26.888417475621594, 48.200871489361099 ] ], [ [ 26.888417475621594, 48.200871489361099 ], [ 26.903800240070115, 48.202177024367671 ] ], [ [ 26.903800240070115, 48.202177024367671 ], [ 26.908775410869161, 48.199197522422786 ] ], [ [ 26.902184296020017, 48.194335235949445 ], [ 26.908775410869161, 48.199197522422786 ] ], [ [ 26.893951435107134, 48.193712213678687 ], [ 26.902184296020017, 48.194335235949445 ] ], [ [ 26.893322782155483, 48.188543700781601 ], [ 26.893951435107134, 48.193712213678687 ] ], [ [ 26.893322782155483, 48.188543700781601 ], [ 26.901297678344356, 48.181961803550493 ] ], [ [ 26.901297678344356, 48.181961803550493 ], [ 26.908909035339772, 48.179850621740108 ] ], [ [ 26.908909035339772, 48.179850621740108 ], [ 26.918964597511781, 48.181185285167132 ] ], [ [ 26.918964597511781, 48.181185285167132 ], [ 26.921065814487225, 48.183640004661633 ] ], [ [ 26.913180909771896, 48.1970169509773 ], [ 26.921065814487225, 48.183640004661633 ] ], [ [ 26.913180909771896, 48.1970169509773 ], [ 26.914955044456249, 48.19900476258173 ] ], [ [ 26.914955044456249, 48.19900476258173 ], [ 26.930379641699215, 48.19987540914169 ] ], [ [ 26.930379641699215, 48.19987540914169 ], [ 26.942394584977045, 48.196475853963165 ] ], [ [ 26.942394584977045, 48.196475853963165 ], [ 26.950112447849094, 48.187285216778328 ] ], [ [ 26.945727410746009, 48.179377278828788 ], [ 26.950112447849094, 48.187285216778328 ] ], [ [ 26.933147079981488, 48.171099047798762 ], [ 26.945727410746009, 48.179377278828788 ] ], [ [ 26.933147079981488, 48.171099047798762 ], [ 26.935902102980165, 48.163454401572217 ] ], [ [ 26.935902102980165, 48.163454401572217 ], [ 26.946047111009353, 48.160283683579785 ] ], [ [ 26.946047111009353, 48.160283683579785 ], [ 26.969556801022449, 48.161797759239647 ] ], [ [ 26.969556801022449, 48.161797759239647 ], [ 26.985551130953159, 48.156899842486759 ] ], [ [ 26.985551130953159, 48.156899842486759 ], [ 26.991722250634059, 48.149767690779228 ] ], [ [ 26.990008848677302, 48.146892860316214 ], [ 26.991722250634059, 48.149767690779228 ] ], [ [ 26.98127640744373, 48.143737768764019 ], [ 26.990008848677302, 48.146892860316214 ] ], [ [ 26.967873525985702, 48.147262060851631 ], [ 26.98127640744373, 48.143737768764019 ] ], [ [ 26.959109861032157, 48.152060463886045 ], [ 26.967873525985702, 48.147262060851631 ] ], [ [ 26.95137053304996, 48.149455017233549 ], [ 26.959109861032157, 48.152060463886045 ] ], [ [ 26.951035315501191, 48.144442298462224 ], [ 26.95137053304996, 48.149455017233549 ] ], [ [ 26.951035315501191, 48.144442298462224 ], [ 26.956352297760539, 48.135099855682654 ] ], [ [ 26.956352297760539, 48.135099855682654 ], [ 26.964193785373698, 48.13129338958948 ] ], [ [ 26.964193785373698, 48.13129338958948 ], [ 26.967851189758814, 48.129520660643408 ] ], [ [ 26.967851189758814, 48.129520660643408 ], [ 26.981661482767663, 48.129384688298018 ] ], [ [ 26.981661482767663, 48.129384688298018 ], [ 26.988426117772477, 48.127663328241709 ] ], [ [ 26.988426117772477, 48.127663328241709 ], [ 26.997284436185897, 48.122619492812355 ] ], [ [ 26.997284436185897, 48.122619492812355 ], [ 27.004309645666968, 48.122765788668673 ] ], [ [ 27.004309645666968, 48.122765788668673 ], [ 27.016803861477339, 48.136760066265225 ] ], [ [ 27.016803861477339, 48.136760066265225 ], [ 27.02105673105639, 48.138547047523744 ] ], [ [ 27.02105673105639, 48.138547047523744 ], [ 27.029017728795626, 48.136291412199284 ] ], [ [ 27.0229564365284, 48.125421819569048 ], [ 27.029017728795626, 48.136291412199284 ] ], [ [ 27.0229564365284, 48.125421819569048 ], [ 27.029905690121989, 48.124611444550077 ] ], [ [ 27.029905690121989, 48.124611444550077 ], [ 27.034855525270792, 48.129682934740302 ] ], [ [ 27.034855525270792, 48.129682934740302 ], [ 27.039569159567286, 48.128233991879632 ] ], [ [ 27.033717950809216, 48.115348124500983 ], [ 27.039569159567286, 48.128233991879632 ] ], [ [ 27.033717950809216, 48.115348124500983 ], [ 27.040343757507156, 48.106797611388146 ] ], [ [ 27.037052318062205, 48.097973187874544 ], [ 27.040343757507156, 48.106797611388146 ] ], [ [ 27.026878998965657, 48.092553387197732 ], [ 27.037052318062205, 48.097973187874544 ] ], [ [ 27.026878998965657, 48.092553387197732 ], [ 27.027958358290537, 48.087206450098286 ] ], [ [ 27.027958358290537, 48.087206450098286 ], [ 27.041368457989407, 48.082180951713362 ] ], [ [ 27.041368457989407, 48.082180951713362 ], [ 27.042785033863371, 48.080487732833362 ] ], [ [ 27.042785033863371, 48.080487732833362 ], [ 27.043252141203848, 48.072248932946351 ] ], [ [ 27.043252141203848, 48.072248932946351 ], [ 27.046022106630588, 48.068717660674892 ] ], [ [ 27.046022106630588, 48.068717660674892 ], [ 27.058512191771257, 48.063658621023173 ] ], [ [ 27.058512191771257, 48.063658621023173 ], [ 27.075416326135411, 48.054346136643048 ] ], [ [ 27.075416326135411, 48.054346136643048 ], [ 27.081396738915771, 48.049469438856562 ] ], [ [ 27.081396738915771, 48.049469438856562 ], [ 27.083754203907052, 48.044970332665606 ] ], [ [ 27.082199036183496, 48.037679701836964 ], [ 27.083754203907052, 48.044970332665606 ] ], [ [ 27.082199036183496, 48.037679701836964 ], [ 27.084943957747438, 48.034306879001129 ] ], [ [ 27.084943957747438, 48.034306879001129 ], [ 27.092157652513624, 48.032874285199206 ] ], [ [ 27.092157652513624, 48.032874285199206 ], [ 27.102667806341557, 48.033804204393519 ] ], [ [ 27.102667806341557, 48.033804204393519 ], [ 27.10869008422689, 48.028830902925733 ] ], [ [ 27.092017604512733, 48.021734037161622 ], [ 27.10869008422689, 48.028830902925733 ] ], [ [ 27.08952877163313, 48.009742619315041 ], [ 27.092017604512733, 48.021734037161622 ] ], [ [ 27.08952877163313, 48.009742619315041 ], [ 27.091877125194923, 48.006832888656582 ] ], [ [ 27.091877125194923, 48.006832888656582 ], [ 27.0987451889232, 48.005607602002847 ] ], [ [ 27.0987451889232, 48.005607602002847 ], [ 27.115298751473379, 48.0149400941376 ] ], [ [ 27.115298751473379, 48.0149400941376 ], [ 27.123408589969657, 48.016162381533903 ] ], [ [ 27.123408589969657, 48.016162381533903 ], [ 27.130426753819354, 48.011544207892904 ] ], [ [ 27.12089463995526, 48.004655824457693 ], [ 27.130426753819354, 48.011544207892904 ] ], [ [ 27.116814184696015, 48.000026548882566 ], [ 27.12089463995526, 48.004655824457693 ] ], [ [ 27.116814184696015, 48.000026548882566 ], [ 27.123409333611303, 47.993199155439221 ] ], [ [ 27.123409333611303, 47.993199155439221 ], [ 27.13505724703294, 47.991350662751799 ] ], [ [ 27.13505724703294, 47.991350662751799 ], [ 27.166146148684039, 47.994886634529976 ] ], [ [ 27.15913068955944, 47.986727438436077 ], [ 27.166146148684039, 47.994886634529976 ] ], [ [ 27.153203326692964, 47.971567245655017 ], [ 27.15913068955944, 47.986727438436077 ] ], [ [ 27.141373761641152, 47.96695975652068 ], [ 27.153203326692964, 47.971567245655017 ] ], [ [ 27.141373761641152, 47.96695975652068 ], [ 27.154021911975661, 47.960905374680806 ] ], [ [ 27.154021911975661, 47.960905374680806 ], [ 27.165555589784578, 47.9554194100999 ] ], [ [ 27.165555589784578, 47.9554194100999 ], [ 27.178166076120135, 47.946860786034982 ] ], [ [ 27.150837550266235, 47.921319655561199 ], [ 27.178166076120135, 47.946860786034982 ] ], [ [ 27.150837550266235, 47.921319655561199 ], [ 27.199943360902743, 47.90184402573621 ] ], [ [ 27.199943360902743, 47.90184402573621 ], [ 27.208989360875268, 47.849419513051046 ] ], [ [ 27.208989360875268, 47.849419513051046 ], [ 27.229939885256655, 47.838591032958313 ] ], [ [ 27.229939885256655, 47.838591032958313 ], [ 27.242533401182616, 47.837783935834238 ] ], [ [ 27.242533401182616, 47.837783935834238 ], [ 27.247779286667843, 47.835023451457651 ] ], [ [ 27.245760002421651, 47.82953722623359 ], [ 27.247779286667843, 47.835023451457651 ] ], [ [ 27.23252474547844, 47.824919897421751 ], [ 27.245760002421651, 47.82953722623359 ] ], [ [ 27.227045548119094, 47.830461282589219 ], [ 27.23252474547844, 47.824919897421751 ] ], [ [ 27.222819190119818, 47.831668664534156 ], [ 27.227045548119094, 47.830461282589219 ] ], [ [ 27.215932649315992, 47.825684710970613 ], [ 27.222819190119818, 47.831668664534156 ] ], [ [ 27.214640204476424, 47.820997986142508 ], [ 27.215932649315992, 47.825684710970613 ] ], [ [ 27.214640204476424, 47.820997986142508 ], [ 27.220743206714332, 47.814780740347992 ] ], [ [ 27.220743206714332, 47.814780740347992 ], [ 27.240786814232127, 47.816237485604169 ] ], [ [ 27.240786814232127, 47.816237485604169 ], [ 27.241050411253259, 47.812137188355052 ] ], [ [ 27.230788202499955, 47.806253807691306 ], [ 27.241050411253259, 47.812137188355052 ] ], [ [ 27.230788202499955, 47.806253807691306 ], [ 27.230954367106435, 47.7998502644826 ] ], [ [ 27.230954367106435, 47.7998502644826 ], [ 27.248709093316904, 47.794691209211138 ] ], [ [ 27.248709093316904, 47.794691209211138 ], [ 27.250194914412113, 47.786786002353509 ] ], [ [ 27.250194914412113, 47.786786002353509 ], [ 27.253941553811629, 47.784712426322187 ] ], [ [ 27.253941553811629, 47.784712426322187 ], [ 27.254249842962714, 47.778584432975236 ] ], [ [ 27.254249842962714, 47.778584432975236 ], [ 27.265068670145762, 47.780980750078093 ] ], [ [ 27.265068670145762, 47.780980750078093 ], [ 27.267911717814044, 47.767999718941198 ] ], [ [ 27.264642148911211, 47.763825020858377 ], [ 27.267911717814044, 47.767999718941198 ] ], [ [ 27.264642148911211, 47.763825020858377 ], [ 27.26741124300267, 47.760223470226016 ] ], [ [ 27.26741124300267, 47.760223470226016 ], [ 27.27895428058687, 47.764570376318595 ] ], [ [ 27.27895428058687, 47.764570376318595 ], [ 27.285308167839155, 47.757594509534577 ] ], [ [ 27.279669186172864, 47.750803197146652 ], [ 27.285308167839155, 47.757594509534577 ] ], [ [ 27.279669186172864, 47.750803197146652 ], [ 27.283605443726618, 47.748686104640825 ] ], [ [ 27.283605443726618, 47.748686104640825 ], [ 27.296906007250684, 47.752129689909374 ] ], [ [ 27.295220255406203, 47.746261563381317 ], [ 27.296906007250684, 47.752129689909374 ] ], [ [ 27.285960621816564, 47.744585766368999 ], [ 27.295220255406203, 47.746261563381317 ] ], [ [ 27.280673287199519, 47.735889973404539 ], [ 27.285960621816564, 47.744585766368999 ] ], [ [ 27.280673287199519, 47.735889973404539 ], [ 27.286094453654005, 47.730056496163073 ] ], [ [ 27.286094453654005, 47.730056496163073 ], [ 27.293381086245837, 47.729174558088211 ] ], [ [ 27.292517487406258, 47.723262424436157 ], [ 27.293381086245837, 47.729174558088211 ] ], [ [ 27.284110962628656, 47.723963448289126 ], [ 27.292517487406258, 47.723262424436157 ] ], [ [ 27.279669865268318, 47.728071854631416 ], [ 27.284110962628656, 47.723963448289126 ] ], [ [ 27.267348152016837, 47.727646767605229 ], [ 27.279669865268318, 47.728071854631416 ] ], [ [ 27.266773750027468, 47.732540444524815 ], [ 27.267348152016837, 47.727646767605229 ] ], [ [ 27.259957758133947, 47.730569452278438 ], [ 27.266773750027468, 47.732540444524815 ] ], [ [ 27.255295535799931, 47.722207449396805 ], [ 27.259957758133947, 47.730569452278438 ] ], [ [ 27.250048148523735, 47.719528938873665 ], [ 27.255295535799931, 47.722207449396805 ] ], [ [ 27.250048148523735, 47.719528938873665 ], [ 27.259382255594211, 47.714055891794629 ] ], [ [ 27.259382255594211, 47.714055891794629 ], [ 27.265992368378708, 47.712766675485646 ] ], [ [ 27.265992368378708, 47.712766675485646 ], [ 27.268921322185925, 47.708308894410877 ] ], [ [ 27.267953764164425, 47.703864915093575 ], [ 27.268921322185925, 47.708308894410877 ] ], [ [ 27.267953764164425, 47.703864915093575 ], [ 27.270872579559619, 47.699857263389482 ] ], [ [ 27.270872579559619, 47.699857263389482 ], [ 27.282753124883964, 47.699616915360778 ] ], [ [ 27.277410598113292, 47.691836082945073 ], [ 27.282753124883964, 47.699616915360778 ] ], [ [ 27.273438056822982, 47.689651048927566 ], [ 27.277410598113292, 47.691836082945073 ] ], [ [ 27.273438056822982, 47.689651048927566 ], [ 27.28435842465711, 47.682610704351426 ] ], [ [ 27.28435842465711, 47.682610704351426 ], [ 27.296642018116611, 47.679810090748241 ] ], [ [ 27.296642018116611, 47.679810090748241 ], [ 27.296714382795013, 47.673342637415573 ] ], [ [ 27.294016197574102, 47.668263177401748 ], [ 27.296714382795013, 47.673342637415573 ] ], [ [ 27.294016197574102, 47.668263177401748 ], [ 27.294806295347964, 47.662411567191754 ] ], [ [ 27.294806295347964, 47.662411567191754 ], [ 27.304655108826704, 47.662404292161867 ] ], [ [ 27.304655108826704, 47.662404292161867 ], [ 27.312714860643755, 47.654047610295144 ] ], [ [ 27.312714860643755, 47.654047610295144 ], [ 27.315265707864402, 47.648234885919393 ] ], [ [ 27.314490446272849, 47.64362528998884 ], [ 27.315265707864402, 47.648234885919393 ] ], [ [ 27.314490446272849, 47.64362528998884 ], [ 27.322661761331048, 47.638690202011063 ] ], [ [ 27.322661761331048, 47.638690202011063 ], [ 27.331297624372514, 47.629170047666776 ] ], [ [ 27.331297624372514, 47.629170047666776 ], [ 27.339632163286229, 47.625378419346291 ] ], [ [ 27.339632163286229, 47.625378419346291 ], [ 27.358668787863277, 47.620881414313004 ] ], [ [ 27.358668787863277, 47.620881414313004 ], [ 27.362704425319592, 47.618132102468849 ] ], [ [ 27.362704425319592, 47.618132102468849 ], [ 27.363783916540328, 47.612452872940949 ] ], [ [ 27.363783916540328, 47.612452872940949 ], [ 27.370924172355114, 47.599746501245882 ] ], [ [ 27.370924172355114, 47.599746501245882 ], [ 27.38028021383089, 47.593353500496683 ] ], [ [ 27.38028021383089, 47.593353500496683 ], [ 27.391388382234979, 47.589485404593241 ] ], [ [ 27.391388382234979, 47.589485404593241 ], [ 27.404676171381645, 47.582913757479474 ] ], [ [ 27.404676171381645, 47.582913757479474 ], [ 27.411050039969751, 47.582579259991874 ] ], [ [ 27.411050039969751, 47.582579259991874 ], [ 27.424706835800976, 47.58413108937021 ] ], [ [ 27.424706835800976, 47.58413108937021 ], [ 27.42865924408072, 47.580550020655167 ] ], [ [ 27.416647421838519, 47.571378350640536 ], [ 27.42865924408072, 47.580550020655167 ] ], [ [ 27.416647421838519, 47.571378350640536 ], [ 27.421759849318398, 47.562944397051247 ] ], [ [ 27.421759849318398, 47.562944397051247 ], [ 27.432970017644834, 47.561972064074084 ] ], [ [ 27.42406658428354, 47.55528013739378 ], [ 27.432970017644834, 47.561972064074084 ] ], [ [ 27.42406658428354, 47.55528013739378 ], [ 27.425262593741046, 47.553098656197527 ] ], [ [ 27.425262593741046, 47.553098656197527 ], [ 27.436630836704431, 47.550986980260205 ] ], [ [ 27.432060322901705, 47.543405049990817 ], [ 27.436630836704431, 47.550986980260205 ] ], [ [ 27.432060322901705, 47.543405049990817 ], [ 27.439574705375428, 47.540743915312241 ] ], [ [ 27.439574705375428, 47.540743915312241 ], [ 27.444307018857039, 47.535659045500296 ] ], [ [ 27.444307018857039, 47.535659045500296 ], [ 27.452936767624351, 47.537120848086168 ] ], [ [ 27.452936767624351, 47.537120848086168 ], [ 27.455910379503401, 47.533625658710726 ] ], [ [ 27.44616894654245, 47.531999415546451 ], [ 27.455910379503401, 47.533625658710726 ] ], [ [ 27.44616894654245, 47.531999415546451 ], [ 27.452331471344941, 47.521484993748352 ] ], [ [ 27.452331471344941, 47.521484993748352 ], [ 27.459603236348592, 47.524214586218484 ] ], [ [ 27.455472874639195, 47.515572406188724 ], [ 27.459603236348592, 47.524214586218484 ] ], [ [ 27.454336025068223, 47.50775922259551 ], [ 27.455472874639195, 47.515572406188724 ] ], [ [ 27.454336025068223, 47.50775922259551 ], [ 27.457671080524289, 47.504163840959023 ] ], [ [ 27.457671080524289, 47.504163840959023 ], [ 27.467373446403052, 47.49985939662804 ] ], [ [ 27.467373446403052, 47.49985939662804 ], [ 27.467698653030123, 47.493687556162598 ] ], [ [ 27.467698653030123, 47.493687556162598 ], [ 27.47206313288585, 47.49027920385339 ] ], [ [ 27.47206313288585, 47.49027920385339 ], [ 27.476471486785748, 47.484978648569083 ] ], [ [ 27.476471486785748, 47.484978648569083 ], [ 27.49158944982268, 47.488677904161271 ] ], [ [ 27.49158944982268, 47.488677904161271 ], [ 27.491533070449552, 47.483948444394564 ] ], [ [ 27.491533070449552, 47.483948444394564 ], [ 27.49535881176033, 47.47936755989938 ] ], [ [ 27.49535881176033, 47.47936755989938 ], [ 27.504173824307404, 47.478198451896269 ] ], [ [ 27.504173824307404, 47.478198451896269 ], [ 27.50717461227692, 47.483627056455362 ] ], [ [ 27.50717461227692, 47.483627056455362 ], [ 27.514420313505745, 47.49094235487221 ] ], [ [ 27.514420313505745, 47.49094235487221 ], [ 27.517188687623328, 47.488085439459077 ] ], [ [ 27.512826994752793, 47.483820998541404 ], [ 27.517188687623328, 47.488085439459077 ] ], [ [ 27.512272151301477, 47.476626141499075 ], [ 27.512826994752793, 47.483820998541404 ] ], [ [ 27.512272151301477, 47.476626141499075 ], [ 27.517439588458476, 47.474385233168768 ] ], [ [ 27.517439588458476, 47.474385233168768 ], [ 27.521297328527044, 47.482172849730553 ] ], [ [ 27.521297328527044, 47.482172849730553 ], [ 27.533204301131953, 47.477921805423776 ] ], [ [ 27.533204301131953, 47.477921805423776 ], [ 27.536114030735231, 47.482352015639606 ] ], [ [ 27.531316646832529, 47.484519881030479 ], [ 27.536114030735231, 47.482352015639606 ] ], [ [ 27.531316646832529, 47.484519881030479 ], [ 27.536315512133072, 47.488987793444188 ] ], [ [ 27.536315512133072, 47.488987793444188 ], [ 27.540807195315445, 47.487250230663832 ] ], [ [ 27.540807195315445, 47.487250230663832 ], [ 27.542518249381668, 47.477996750351778 ] ], [ [ 27.542518249381668, 47.477996750351778 ], [ 27.545835931591004, 47.474402676248559 ] ], [ [ 27.545835931591004, 47.474402676248559 ], [ 27.555217719894546, 47.470886418930981 ] ], [ [ 27.555217719894546, 47.470886418930981 ], [ 27.557544110125882, 47.465569339467571 ] ], [ [ 27.557544110125882, 47.465569339467571 ], [ 27.564505986749204, 47.462794709724285 ] ], [ [ 27.564505986749204, 47.462794709724285 ], [ 27.569436186604815, 47.465414764128575 ] ], [ [ 27.569436186604815, 47.465414764128575 ], [ 27.573337131942953, 47.462625370238989 ] ], [ [ 27.573337131942953, 47.462625370238989 ], [ 27.574105891425081, 47.45758505979645 ] ], [ [ 27.568772166885129, 47.448770088821611 ], [ 27.574105891425081, 47.45758505979645 ] ], [ [ 27.557579811107757, 47.447153578878229 ], [ 27.568772166885129, 47.448770088821611 ] ], [ [ 27.557579811107757, 47.447153578878229 ], [ 27.560195578736483, 47.437095542333061 ] ], [ [ 27.552606224943897, 47.432910385998369 ], [ 27.560195578736483, 47.437095542333061 ] ], [ [ 27.552606224943897, 47.432910385998369 ], [ 27.55567601525307, 47.426119147204417 ] ], [ [ 27.55567601525307, 47.426119147204417 ], [ 27.565394879840031, 47.422383467787867 ] ], [ [ 27.565394879840031, 47.422383467787867 ], [ 27.569437183309599, 47.425367675320814 ] ], [ [ 27.569437183309599, 47.425367675320814 ], [ 27.57433977575856, 47.415649944895847 ] ], [ [ 27.573958167500582, 47.411408095151714 ], [ 27.57433977575856, 47.415649944895847 ] ], [ [ 27.573958167500582, 47.411408095151714 ], [ 27.578050483532291, 47.407685933184609 ] ], [ [ 27.578050483532291, 47.407685933184609 ], [ 27.584439524950945, 47.408039985710168 ] ], [ [ 27.582758014036923, 47.399813909075426 ], [ 27.584439524950945, 47.408039985710168 ] ], [ [ 27.570410924575331, 47.395560965935815 ], [ 27.582758014036923, 47.399813909075426 ] ], [ [ 27.56819004545034, 47.386678116277864 ], [ 27.570410924575331, 47.395560965935815 ] ], [ [ 27.56819004545034, 47.386678116277864 ], [ 27.569633861761289, 47.376998221421523 ] ], [ [ 27.569633861761289, 47.376998221421523 ], [ 27.574006790349923, 47.36794742318714 ] ], [ [ 27.574006790349923, 47.36794742318714 ], [ 27.581786111904876, 47.368398393297788 ] ], [ [ 27.581786111904876, 47.368398393297788 ], [ 27.589511237929337, 47.36480713665366 ] ], [ [ 27.589511237929337, 47.36480713665366 ], [ 27.597023352327025, 47.368961440839129 ] ], [ [ 27.597023352327025, 47.368961440839129 ], [ 27.60132572334518, 47.366783952241185 ] ], [ [ 27.59822290715935, 47.355584834676023 ], [ 27.60132572334518, 47.366783952241185 ] ], [ [ 27.594701026901912, 47.348484205105571 ], [ 27.59822290715935, 47.355584834676023 ] ], [ [ 27.594701026901912, 47.348484205105571 ], [ 27.599250555516413, 47.346557808903263 ] ], [ [ 27.599250555516413, 47.346557808903263 ], [ 27.606183170075099, 47.349229567779311 ] ], [ [ 27.604797271333155, 47.341795063015383 ], [ 27.606183170075099, 47.349229567779311 ] ], [ [ 27.604797271333155, 47.341795063015383 ], [ 27.607897672130452, 47.338328108887012 ] ], [ [ 27.607897672130452, 47.338328108887012 ], [ 27.614851706642792, 47.338335996959245 ] ], [ [ 27.597544304577386, 47.329036035449874 ], [ 27.614851706642792, 47.338335996959245 ] ], [ [ 27.595114016105793, 47.332169489848411 ], [ 27.597544304577386, 47.329036035449874 ] ], [ [ 27.587123122836285, 47.331980589861224 ], [ 27.595114016105793, 47.332169489848411 ] ], [ [ 27.584621604605339, 47.32689545863569 ], [ 27.587123122836285, 47.331980589861224 ] ], [ [ 27.584621604605339, 47.32689545863569 ], [ 27.593362727020704, 47.327744439334332 ] ], [ [ 27.592694407907977, 47.322190031586182 ], [ 27.593362727020704, 47.327744439334332 ] ], [ [ 27.592694407907977, 47.322190031586182 ], [ 27.597084334972394, 47.317555535351936 ] ], [ [ 27.597084334972394, 47.317555535351936 ], [ 27.602084484912009, 47.318895199046395 ] ], [ [ 27.599570303266084, 47.323758286908252 ], [ 27.602084484912009, 47.318895199046395 ] ], [ [ 27.599570303266084, 47.323758286908252 ], [ 27.603660838130576, 47.328110079538646 ] ], [ [ 27.603660838130576, 47.328110079538646 ], [ 27.608860483207081, 47.328213792196351 ] ], [ [ 27.608860483207081, 47.328213792196351 ], [ 27.610518416869041, 47.322743993244956 ] ], [ [ 27.610518416869041, 47.322743993244956 ], [ 27.616341926719475, 47.319375800233615 ] ], [ [ 27.616341926719475, 47.319375800233615 ], [ 27.622361860272559, 47.325850867390137 ] ], [ [ 27.622361860272559, 47.325850867390137 ], [ 27.626964701183191, 47.318956047325791 ] ], [ [ 27.626964701183191, 47.318956047325791 ], [ 27.627917664789017, 47.310105770052132 ] ], [ [ 27.627917664789017, 47.310105770052132 ], [ 27.638186347458994, 47.309787626589788 ] ], [ [ 27.633241545299306, 47.304921566174997 ], [ 27.638186347458994, 47.309787626589788 ] ], [ [ 27.633241545299306, 47.304921566174997 ], [ 27.634281333829197, 47.302347181107237 ] ], [ [ 27.634281333829197, 47.302347181107237 ], [ 27.64887972811535, 47.300393140046545 ] ], [ [ 27.647763559924066, 47.307447234756076 ], [ 27.64887972811535, 47.300393140046545 ] ], [ [ 27.647763559924066, 47.307447234756076 ], [ 27.662039936451812, 47.307751669157689 ] ], [ [ 27.662039936451812, 47.307751669157689 ], [ 27.667221032073542, 47.303938807717245 ] ], [ [ 27.667221032073542, 47.303938807717245 ], [ 27.669392124884684, 47.300770283703429 ] ], [ [ 27.669392124884684, 47.300770283703429 ], [ 27.676269655176682, 47.301362609040147 ] ], [ [ 27.676269655176682, 47.301362609040147 ], [ 27.684455867926353, 47.29697517709338 ] ], [ [ 27.682988829264474, 47.287413522249167 ], [ 27.684455867926353, 47.29697517709338 ] ], [ [ 27.682988829264474, 47.287413522249167 ], [ 27.688385125927788, 47.285969248970204 ] ], [ [ 27.688385125927788, 47.285969248970204 ], [ 27.69241249835796, 47.291924336019413 ] ], [ [ 27.69241249835796, 47.291924336019413 ], [ 27.705575896611485, 47.289338415292484 ] ], [ [ 27.703003731648575, 47.298603449692848 ], [ 27.705575896611485, 47.289338415292484 ] ], [ [ 27.703003731648575, 47.298603449692848 ], [ 27.708546551834715, 47.300064299065355 ] ], [ [ 27.708546551834715, 47.300064299065355 ], [ 27.720315942751764, 47.293414612754368 ] ], [ [ 27.720315942751764, 47.293414612754368 ], [ 27.726929219350641, 47.295510699258458 ] ], [ [ 27.726929219350641, 47.295510699258458 ], [ 27.732618563473544, 47.292378111111375 ] ], [ [ 27.732618563473544, 47.292378111111375 ], [ 27.738057222555778, 47.28494421025966 ] ], [ [ 27.738057222555778, 47.28494421025966 ], [ 27.739560061766458, 47.27531151768985 ] ], [ [ 27.739560061766458, 47.27531151768985 ], [ 27.748200406417293, 47.276692645763113 ] ], [ [ 27.744330512664533, 47.264858434651345 ], [ 27.748200406417293, 47.276692645763113 ] ], [ [ 27.744330512664533, 47.264858434651345 ], [ 27.75749266204831, 47.259091829622278 ] ], [ [ 27.756774458932181, 47.255865604895106 ], [ 27.75749266204831, 47.259091829622278 ] ], [ [ 27.748363833945202, 47.257999427068363 ], [ 27.756774458932181, 47.255865604895106 ] ], [ [ 27.74223540995704, 47.256877915411664 ], [ 27.748363833945202, 47.257999427068363 ] ], [ [ 27.74223540995704, 47.256877915411664 ], [ 27.744239448776739, 47.251440733718937 ] ], [ [ 27.744239448776739, 47.251440733718937 ], [ 27.75205496315861, 47.25499833865257 ] ], [ [ 27.75205496315861, 47.25499833865257 ], [ 27.757441719229583, 47.249542720210783 ] ], [ [ 27.752046606721255, 47.246126710412867 ], [ 27.757441719229583, 47.249542720210783 ] ], [ [ 27.744906780524317, 47.245442260923994 ], [ 27.752046606721255, 47.246126710412867 ] ], [ [ 27.744906780524317, 47.245442260923994 ], [ 27.745918807446611, 47.241629482373241 ] ], [ [ 27.745918807446611, 47.241629482373241 ], [ 27.749380536908671, 47.23858691885119 ] ], [ [ 27.749380536908671, 47.23858691885119 ], [ 27.758957318383963, 47.237837391042866 ] ], [ [ 27.754216373688209, 47.233012090407342 ], [ 27.758957318383963, 47.237837391042866 ] ], [ [ 27.754216373688209, 47.233012090407342 ], [ 27.75656509421097, 47.229861499523942 ] ], [ [ 27.75656509421097, 47.229861499523942 ], [ 27.773290650075182, 47.231491592142667 ] ], [ [ 27.773290650075182, 47.231491592142667 ], [ 27.775239207737108, 47.22856723800281 ] ], [ [ 27.770091032887965, 47.221141916915627 ], [ 27.775239207737108, 47.22856723800281 ] ], [ [ 27.770091032887965, 47.221141916915627 ], [ 27.780761573950002, 47.220885078634865 ] ], [ [ 27.780761573950002, 47.220885078634865 ], [ 27.786530712645092, 47.217868722284251 ] ], [ [ 27.785722060084804, 47.214450277350238 ], [ 27.786530712645092, 47.217868722284251 ] ], [ [ 27.779812471828212, 47.209805581676825 ], [ 27.785722060084804, 47.214450277350238 ] ], [ [ 27.779812471828212, 47.209805581676825 ], [ 27.790724374672319, 47.20653524974972 ] ], [ [ 27.787633933339571, 47.202179474686581 ], [ 27.790724374672319, 47.20653524974972 ] ], [ [ 27.786217733398729, 47.191692636736988 ], [ 27.787633933339571, 47.202179474686581 ] ], [ [ 27.786217733398729, 47.191692636736988 ], [ 27.788317241207775, 47.18912237354634 ] ], [ [ 27.788317241207775, 47.18912237354634 ], [ 27.803386960418155, 47.187298989680585 ] ], [ [ 27.798926219298224, 47.181269826903993 ], [ 27.803386960418155, 47.187298989680585 ] ], [ [ 27.796187014442818, 47.173680663934249 ], [ 27.798926219298224, 47.181269826903993 ] ], [ [ 27.796187014442818, 47.173680663934249 ], [ 27.797458092137532, 47.169358634708253 ] ], [ [ 27.797458092137532, 47.169358634708253 ], [ 27.810607689615232, 47.162865670208042 ] ], [ [ 27.803626082972059, 47.158057816667906 ], [ 27.810607689615232, 47.162865670208042 ] ], [ [ 27.801734307563358, 47.152498298631997 ], [ 27.803626082972059, 47.158057816667906 ] ], [ [ 27.790353528616301, 47.153924768760611 ], [ 27.801734307563358, 47.152498298631997 ] ], [ [ 27.784141564766365, 47.149730003239796 ], [ 27.790353528616301, 47.153924768760611 ] ], [ [ 27.784141564766365, 47.149730003239796 ], [ 27.787603654375086, 47.146831760684158 ] ], [ [ 27.787603654375086, 47.146831760684158 ], [ 27.795570701570753, 47.149347972251668 ] ], [ [ 27.795570701570753, 47.149347972251668 ], [ 27.799913377490512, 47.14455066246046 ] ], [ [ 27.797610154282935, 47.141417936678351 ], [ 27.799913377490512, 47.14455066246046 ] ], [ [ 27.784097613702613, 47.144716490601709 ], [ 27.797610154282935, 47.141417936678351 ] ], [ [ 27.784097613702613, 47.144716490601709 ], [ 27.78427783310142, 47.140728105832437 ] ], [ [ 27.78427783310142, 47.140728105832437 ], [ 27.804070321504977, 47.13769171857804 ] ], [ [ 27.804070321504977, 47.13769171857804 ], [ 27.816571534718324, 47.138033057925114 ] ], [ [ 27.816571534718324, 47.138033057925114 ], [ 27.833134681459313, 47.132951881581228 ] ], [ [ 27.833134681459313, 47.132951881581228 ], [ 27.842787730199859, 47.135540565525766 ] ], [ [ 27.842787730199859, 47.135540565525766 ], [ 27.85173453484218, 47.127866468094673 ] ], [ [ 27.848397491267551, 47.123010283611201 ], [ 27.85173453484218, 47.127866468094673 ] ], [ [ 27.844316183634081, 47.122906496200173 ], [ 27.848397491267551, 47.123010283611201 ] ], [ [ 27.842172010093567, 47.128975996285902 ], [ 27.844316183634081, 47.122906496200173 ] ], [ [ 27.838761093155764, 47.130114528898524 ], [ 27.842172010093567, 47.128975996285902 ] ], [ [ 27.833887309906334, 47.125000027440571 ], [ 27.838761093155764, 47.130114528898524 ] ], [ [ 27.826169353633613, 47.121376658268176 ], [ 27.833887309906334, 47.125000027440571 ] ], [ [ 27.826169353633613, 47.121376658268176 ], [ 27.832931386074687, 47.115708164659999 ] ], [ [ 27.832931386074687, 47.115708164659999 ], [ 27.856107804006353, 47.112804437057939 ] ], [ [ 27.854275983308963, 47.107923166716326 ], [ 27.856107804006353, 47.112804437057939 ] ], [ [ 27.854275983308963, 47.107923166716326 ], [ 27.861075701920399, 47.103334387219803 ] ], [ [ 27.861075701920399, 47.103334387219803 ], [ 27.864782105968111, 47.108295643671873 ] ], [ [ 27.864782105968111, 47.108295643671873 ], [ 27.874749879515839, 47.107928486149241 ] ], [ [ 27.874178905094553, 47.103198852876574 ], [ 27.874749879515839, 47.107928486149241 ] ], [ [ 27.874178905094553, 47.103198852876574 ], [ 27.883998018453411, 47.09856371999394 ] ], [ [ 27.88032758910089, 47.091017516524964 ], [ 27.883998018453411, 47.09856371999394 ] ], [ [ 27.88032758910089, 47.091017516524964 ], [ 27.88957313621701, 47.090266644419231 ] ], [ [ 27.88957313621701, 47.090266644419231 ], [ 27.894756198524608, 47.085459750210084 ] ], [ [ 27.894756198524608, 47.085459750210084 ], [ 27.896923049273727, 47.07458598364974 ] ], [ [ 27.896923049273727, 47.07458598364974 ], [ 27.905238829344803, 47.076952478978164 ] ], [ [ 27.905238829344803, 47.076952478978164 ], [ 27.91606716267372, 47.067238626553134 ] ], [ [ 27.91606716267372, 47.067238626553134 ], [ 27.922809758614111, 47.067917006100458 ] ], [ [ 27.922809758614111, 47.067917006100458 ], [ 27.93162306817689, 47.062166186622072 ] ], [ [ 27.93162306817689, 47.062166186622072 ], [ 27.93694238373925, 47.062270099563158 ] ], [ [ 27.93694238373925, 47.062270099563158 ], [ 27.956958447920918, 47.058240546456403 ] ], [ [ 27.94404483822807, 47.050603725070943 ], [ 27.956958447920918, 47.058240546456403 ] ], [ [ 27.94404483822807, 47.050603725070943 ], [ 27.958306559840366, 47.042747915823654 ] ], [ [ 27.958306559840366, 47.042747915823654 ], [ 27.969337958672831, 47.044780215370047 ] ], [ [ 27.969337958672831, 47.044780215370047 ], [ 27.976065779440155, 47.042686749202957 ] ], [ [ 27.976065779440155, 47.042686749202957 ], [ 27.977667575724634, 47.037686118343878 ] ], [ [ 27.977667575724634, 47.037686118343878 ], [ 27.986927898995475, 47.034525028147662 ] ], [ [ 27.986927898995475, 47.034525028147662 ], [ 27.990225991732988, 47.038192284795585 ] ], [ [ 27.990225991732988, 47.038192284795585 ], [ 27.996125437936911, 47.03397587539466 ] ], [ [ 27.994427154369724, 47.030105391942676 ], [ 27.996125437936911, 47.03397587539466 ] ], [ [ 27.994427154369724, 47.030105391942676 ], [ 28.015449627961942, 47.023513288537607 ] ], [ [ 28.015449627961942, 47.023513288537607 ], [ 28.024270125483529, 47.024779948798077 ] ], [ [ 28.024270125483529, 47.024779948798077 ], [ 28.028774114438164, 47.030481364692854 ] ], [ [ 28.028774114438164, 47.030481364692854 ], [ 28.038648200029385, 47.027863454680158 ] ], [ [ 28.038648200029385, 47.027863454680158 ], [ 28.040510481134028, 47.021462686068631 ] ], [ [ 28.040510481134028, 47.021462686068631 ], [ 28.048706988998113, 47.02455998201971 ] ], [ [ 28.048706988998113, 47.02455998201971 ], [ 28.053746061759352, 47.015735451900007 ] ], [ [ 28.042610396502788, 47.019262186179397 ], [ 28.053746061759352, 47.015735451900007 ] ], [ [ 28.036847356156603, 47.017370010298826 ], [ 28.042610396502788, 47.019262186179397 ] ], [ [ 28.032613653171609, 47.010918062073436 ], [ 28.036847356156603, 47.017370010298826 ] ], [ [ 28.032613653171609, 47.010918062073436 ], [ 28.040011790260934, 47.011752760530975 ] ], [ [ 28.040011790260934, 47.011752760530975 ], [ 28.043024949460101, 47.005590667741444 ] ], [ [ 28.043024949460101, 47.005590667741444 ], [ 28.049474642797126, 47.001685793133561 ] ], [ [ 28.049474642797126, 47.001685793133561 ], [ 28.061524223906861, 46.997790812908171 ] ], [ [ 28.061524223906861, 46.997790812908171 ], [ 28.074944540126229, 46.99194202191434 ] ], [ [ 28.074944540126229, 46.99194202191434 ], [ 28.082380867041195, 46.989824113010798 ] ], [ [ 28.077939152573233, 46.985329130453323 ], [ 28.082380867041195, 46.989824113010798 ] ], [ [ 28.077939152573233, 46.985329130453323 ], [ 28.084627899406819, 46.98490055701464 ] ], [ [ 28.084627899406819, 46.98490055701464 ], [ 28.095525033660191, 46.979345678289384 ] ], [ [ 28.095525033660191, 46.979345678289384 ], [ 28.095787420918651, 46.976396437094074 ] ], [ [ 28.086269267531055, 46.973182301103179 ], [ 28.095787420918651, 46.976396437094074 ] ], [ [ 28.086269267531055, 46.973182301103179 ], [ 28.086208634133389, 46.966292266754174 ] ], [ [ 28.078331886518821, 46.963341029331005 ], [ 28.086208634133389, 46.966292266754174 ] ], [ [ 28.078331886518821, 46.963341029331005 ], [ 28.086002588594226, 46.956324293156129 ] ], [ [ 28.086002588594226, 46.956324293156129 ], [ 28.093140621791282, 46.956824503603393 ] ], [ [ 28.090314649098762, 46.951103038894111 ], [ 28.093140621791282, 46.956824503603393 ] ], [ [ 28.090314649098762, 46.951103038894111 ], [ 28.098420158908368, 46.948807481580992 ] ], [ [ 28.096644781294831, 46.941598461641512 ], [ 28.098420158908368, 46.948807481580992 ] ], [ [ 28.084335184959734, 46.934125417604747 ], [ 28.096644781294831, 46.941598461641512 ] ], [ [ 28.084335184959734, 46.934125417604747 ], [ 28.10045813131357, 46.933211111158869 ] ], [ [ 28.098986586897855, 46.926950433359956 ], [ 28.10045813131357, 46.933211111158869 ] ], [ [ 28.098986586897855, 46.926950433359956 ], [ 28.112731627268012, 46.922231801643392 ] ], [ [ 28.102336119498744, 46.909373487104688 ], [ 28.112731627268012, 46.922231801643392 ] ], [ [ 28.098431974605035, 46.910579557623656 ], [ 28.102336119498744, 46.909373487104688 ] ], [ [ 28.087018423053017, 46.907525519323379 ], [ 28.098431974605035, 46.910579557623656 ] ], [ [ 28.083298813586843, 46.903792913874597 ], [ 28.087018423053017, 46.907525519323379 ] ], [ [ 28.083298813586843, 46.903792913874597 ], [ 28.085662391479527, 46.896982508052844 ] ], [ [ 28.085662391479527, 46.896982508052844 ], [ 28.094089269253097, 46.896075960416731 ] ], [ [ 28.094089269253097, 46.896075960416731 ], [ 28.097581022701288, 46.892386975399745 ] ], [ [ 28.097581022701288, 46.892386975399745 ], [ 28.10262362358143, 46.896030158949586 ] ], [ [ 28.10262362358143, 46.896030158949586 ], [ 28.107326465658339, 46.889831137716634 ] ], [ [ 28.107326465658339, 46.889831137716634 ], [ 28.11428969525095, 46.891358301197755 ] ], [ [ 28.112411861165569, 46.882240741916824 ], [ 28.11428969525095, 46.891358301197755 ] ], [ [ 28.112411861165569, 46.882240741916824 ], [ 28.118269660143497, 46.879153401986763 ] ], [ [ 28.109526227545356, 46.873618560609117 ], [ 28.118269660143497, 46.879153401986763 ] ], [ [ 28.10196573399941, 46.873700732953175 ], [ 28.109526227545356, 46.873618560609117 ] ], [ [ 28.099070747387735, 46.869802669112772 ], [ 28.10196573399941, 46.873700732953175 ] ], [ [ 28.099070747387735, 46.869802669112772 ], [ 28.111044794094315, 46.86984777846606 ] ], [ [ 28.107195003049711, 46.866077575348591 ], [ 28.111044794094315, 46.86984777846606 ] ], [ [ 28.107195003049711, 46.866077575348591 ], [ 28.114630802352401, 46.860699111336217 ] ], [ [ 28.114630802352401, 46.860699111336217 ], [ 28.123139342715508, 46.857142207114883 ] ], [ [ 28.115292292113594, 46.847169161148834 ], [ 28.123139342715508, 46.857142207114883 ] ], [ [ 28.114710624641891, 46.837614970843866 ], [ 28.115292292113594, 46.847169161148834 ] ], [ [ 28.114710624641891, 46.837614970843866 ], [ 28.115964920820382, 46.828151464288737 ] ], [ [ 28.114038003936226, 46.822253624158428 ], [ 28.115964920820382, 46.828151464288737 ] ], [ [ 28.114038003936226, 46.822253624158428 ], [ 28.118001681654363, 46.818743893813341 ] ], [ [ 28.118001681654363, 46.818743893813341 ], [ 28.125536016235564, 46.822065020927269 ] ], [ [ 28.123459423030123, 46.813837760319309 ], [ 28.125536016235564, 46.822065020927269 ] ], [ [ 28.123459423030123, 46.813837760319309 ], [ 28.130506758431522, 46.812749888313284 ] ], [ [ 28.127753751150461, 46.808720100276631 ], [ 28.130506758431522, 46.812749888313284 ] ], [ [ 28.127753751150461, 46.808720100276631 ], [ 28.133445428837412, 46.802816250808007 ] ], [ [ 28.133445428837412, 46.802816250808007 ], [ 28.144600686744226, 46.802192749902169 ] ], [ [ 28.144600686744226, 46.802192749902169 ], [ 28.148921769362705, 46.793776861455093 ] ], [ [ 28.148921769362705, 46.793776861455093 ], [ 28.154575053696451, 46.792045985499477 ] ], [ [ 28.154575053696451, 46.792045985499477 ], [ 28.159848433190994, 46.784874737796954 ] ], [ [ 28.159848433190994, 46.784874737796954 ], [ 28.169924861574156, 46.783039541513837 ] ], [ [ 28.169924861574156, 46.783039541513837 ], [ 28.176221585460535, 46.778484300611495 ] ], [ [ 28.161580333339121, 46.778075207448239 ], [ 28.176221585460535, 46.778484300611495 ] ], [ [ 28.161580333339121, 46.778075207448239 ], [ 28.167210695603913, 46.770374754377869 ] ], [ [ 28.167210695603913, 46.770374754377869 ], [ 28.172091575654385, 46.76856092519499 ] ], [ [ 28.172091575654385, 46.76856092519499 ], [ 28.178708223049899, 46.769537929063652 ] ], [ [ 28.178708223049899, 46.769537929063652 ], [ 28.178725583019812, 46.764087858741597 ] ], [ [ 28.173142436068339, 46.75050372488203 ], [ 28.178725583019812, 46.764087858741597 ] ], [ [ 28.173142436068339, 46.75050372488203 ], [ 28.176335059582009, 46.747497744057746 ] ], [ [ 28.176335059582009, 46.747497744057746 ], [ 28.182059705648538, 46.735647924932685 ] ], [ [ 28.182059705648538, 46.735647924932685 ], [ 28.185273084959491, 46.733624696335909 ] ], [ [ 28.185273084959491, 46.733624696335909 ], [ 28.192594388459511, 46.735903572022465 ] ], [ [ 28.192594388459511, 46.735903572022465 ], [ 28.195423341988089, 46.731573856080203 ] ], [ [ 28.186667175998423, 46.725768398283869 ], [ 28.195423341988089, 46.731573856080203 ] ], [ [ 28.186667175998423, 46.725768398283869 ], [ 28.195146927483179, 46.720135127875615 ] ], [ [ 28.195146927483179, 46.720135127875615 ], [ 28.208972461885153, 46.712699542019664 ] ], [ [ 28.208972461885153, 46.712699542019664 ], [ 28.210301451511743, 46.707478901498845 ] ], [ [ 28.205203400987109, 46.698549832157454 ], [ 28.210301451511743, 46.707478901498845 ] ], [ [ 28.205203400987109, 46.698549832157454 ], [ 28.214768707337186, 46.694554116531414 ] ], [ [ 28.21276461538849, 46.688020600711042 ], [ 28.214768707337186, 46.694554116531414 ] ], [ [ 28.21276461538849, 46.688020600711042 ], [ 28.22115412664132, 46.689902496926251 ] ], [ [ 28.22115412664132, 46.689902496926251 ], [ 28.224565766829773, 46.680551833024467 ] ], [ [ 28.22387232505293, 46.675838427525825 ], [ 28.224565766829773, 46.680551833024467 ] ], [ [ 28.22387232505293, 46.675838427525825 ], [ 28.229730843126934, 46.673443884362555 ] ], [ [ 28.229730843126934, 46.673443884362555 ], [ 28.231474794157272, 46.678239258780167 ] ], [ [ 28.231474794157272, 46.678239258780167 ], [ 28.239811247405058, 46.667820330460053 ] ], [ [ 28.2356534376006, 46.667281629388306 ], [ 28.239811247405058, 46.667820330460053 ] ], [ [ 28.2356534376006, 46.667281629388306 ], [ 28.237948560837502, 46.655827807441121 ] ], [ [ 28.237568680482035, 46.651245571892161 ], [ 28.237948560837502, 46.655827807441121 ] ], [ [ 28.237568680482035, 46.651245571892161 ], [ 28.24301956277316, 46.641006317650152 ] ], [ [ 28.24301956277316, 46.641006317650152 ], [ 28.244062969328279, 46.634399878620791 ] ], [ [ 28.23909676340115, 46.62987658921805 ], [ 28.244062969328279, 46.634399878620791 ] ], [ [ 28.23909676340115, 46.62987658921805 ], [ 28.247847688220592, 46.628046698212728 ] ], [ [ 28.247847688220592, 46.628046698212728 ], [ 28.251390412424271, 46.621314364749736 ] ], [ [ 28.249020704263888, 46.615825793613716 ], [ 28.251390412424271, 46.621314364749736 ] ], [ [ 28.249020704263888, 46.615825793613716 ], [ 28.25233558240776, 46.612484506897722 ] ], [ [ 28.24472668571568, 46.608044536173558 ], [ 28.25233558240776, 46.612484506897722 ] ], [ [ 28.24472668571568, 46.608044536173558 ], [ 28.248603958061672, 46.605116323457494 ] ], [ [ 28.242178252301638, 46.60161283853423 ], [ 28.248603958061672, 46.605116323457494 ] ], [ [ 28.238284536049903, 46.596856898927506 ], [ 28.242178252301638, 46.60161283853423 ] ], [ [ 28.238284536049903, 46.596856898927506 ], [ 28.241037026149741, 46.592039332521466 ] ], [ [ 28.237264729324089, 46.587562350424861 ], [ 28.241037026149741, 46.592039332521466 ] ], [ [ 28.237264729324089, 46.587562350424861 ], [ 28.236996007506317, 46.580055584386571 ] ], [ [ 28.227804271644807, 46.580689078738139 ], [ 28.236996007506317, 46.580055584386571 ] ], [ [ 28.222835446312423, 46.579120053865829 ], [ 28.227804271644807, 46.580689078738139 ] ], [ [ 28.222835446312423, 46.579120053865829 ], [ 28.225294896794846, 46.570976981973381 ] ], [ [ 28.225294896794846, 46.570976981973381 ], [ 28.227861062569659, 46.568547567447446 ] ], [ [ 28.225760354392889, 46.563318437208395 ], [ 28.227861062569659, 46.568547567447446 ] ], [ [ 28.225760354392889, 46.563318437208395 ], [ 28.23301787903549, 46.563406702919515 ] ], [ [ 28.23301787903549, 46.563406702919515 ], [ 28.233005261472179, 46.557358699734515 ] ], [ [ 28.233005261472179, 46.557358699734515 ], [ 28.235563064434384, 46.552507085902008 ] ], [ [ 28.225953046043479, 46.553082926512175 ], [ 28.235563064434384, 46.552507085902008 ] ], [ [ 28.220975489556896, 46.545527008801201 ], [ 28.225953046043479, 46.553082926512175 ] ], [ [ 28.220975489556896, 46.545527008801201 ], [ 28.222777997225066, 46.543559726493292 ] ], [ [ 28.216373456047982, 46.539065771663289 ], [ 28.222777997225066, 46.543559726493292 ] ], [ [ 28.216373456047982, 46.539065771663289 ], [ 28.230296891818504, 46.530385715209377 ] ], [ [ 28.228641219995396, 46.523440452718496 ], [ 28.230296891818504, 46.530385715209377 ] ], [ [ 28.219807141446044, 46.517922129897883 ], [ 28.228641219995396, 46.523440452718496 ] ], [ [ 28.219807141446044, 46.517922129897883 ], [ 28.222834119661286, 46.511650254301699 ] ], [ [ 28.214843538665058, 46.512360838323218 ], [ 28.222834119661286, 46.511650254301699 ] ], [ [ 28.209242038943138, 46.506082756598396 ], [ 28.214843538665058, 46.512360838323218 ] ], [ [ 28.209242038943138, 46.506082756598396 ], [ 28.214924781194188, 46.503156296302045 ] ], [ [ 28.21195530800043, 46.498801195409889 ], [ 28.214924781194188, 46.503156296302045 ] ], [ [ 28.21195530800043, 46.498801195409889 ], [ 28.22253083466742, 46.502179150799748 ] ], [ [ 28.22253083466742, 46.502179150799748 ], [ 28.223238677023335, 46.49563449640037 ] ], [ [ 28.223238677023335, 46.49563449640037 ], [ 28.23071783749695, 46.495107891132704 ] ], [ [ 28.228292054251671, 46.48940724913173 ], [ 28.23071783749695, 46.495107891132704 ] ], [ [ 28.228292054251671, 46.48940724913173 ], [ 28.231765836250847, 46.484952739629989 ] ], [ [ 28.22574532655743, 46.478994028799036 ], [ 28.231765836250847, 46.484952739629989 ] ], [ [ 28.22574532655743, 46.478994028799036 ], [ 28.235320849919194, 46.475805262352665 ] ], [ [ 28.235320849919194, 46.475805262352665 ], [ 28.241218748913532, 46.479733367945755 ] ], [ [ 28.241218748913532, 46.479733367945755 ], [ 28.245982361906911, 46.476561311363497 ] ], [ [ 28.244822227639848, 46.469282472480984 ], [ 28.245982361906911, 46.476561311363497 ] ], [ [ 28.244822227639848, 46.469282472480984 ], [ 28.25214610237909, 46.467507045968901 ] ], [ [ 28.25214610237909, 46.467507045968901 ], [ 28.25755703494205, 46.459763341615229 ] ], [ [ 28.249150245925616, 46.457349306417932 ], [ 28.25755703494205, 46.459763341615229 ] ], [ [ 28.240211531712362, 46.452578779753992 ], [ 28.249150245925616, 46.457349306417932 ] ], [ [ 28.240211531712362, 46.452578779753992 ], [ 28.242093421442085, 46.447491493493615 ] ], [ [ 28.242093421442085, 46.447491493493615 ], [ 28.257102463342672, 46.447379450653862 ] ], [ [ 28.257102463342672, 46.447379450653862 ], [ 28.260999677235333, 46.437637934823286 ] ], [ [ 28.254863749417986, 46.432577023240334 ], [ 28.260999677235333, 46.437637934823286 ] ], [ [ 28.254863749417986, 46.432577023240334 ], [ 28.258649271947238, 46.427144332512235 ] ], [ [ 28.250075729770213, 46.420390753678646 ], [ 28.258649271947238, 46.427144332512235 ] ], [ [ 28.248473201258783, 46.415227613166067 ], [ 28.250075729770213, 46.420390753678646 ] ], [ [ 28.240644899588986, 46.417175443754871 ], [ 28.248473201258783, 46.415227613166067 ] ], [ [ 28.23231778215893, 46.416593928789553 ], [ 28.240644899588986, 46.417175443754871 ] ], [ [ 28.230519003179772, 46.408460578242803 ], [ 28.23231778215893, 46.416593928789553 ] ], [ [ 28.230519003179772, 46.408460578242803 ], [ 28.238618607388606, 46.406461197309575 ] ], [ [ 28.234884782060352, 46.403456116441795 ], [ 28.238618607388606, 46.406461197309575 ] ], [ [ 28.228457744452065, 46.403867428283448 ], [ 28.234884782060352, 46.403456116441795 ] ], [ [ 28.226547533995248, 46.398579611717672 ], [ 28.228457744452065, 46.403867428283448 ] ], [ [ 28.226547533995248, 46.398579611717672 ], [ 28.238928454216499, 46.400373290864415 ] ], [ [ 28.238928454216499, 46.400373290864415 ], [ 28.243226330993181, 46.395824117538176 ] ], [ [ 28.235381775713112, 46.390181090138519 ], [ 28.243226330993181, 46.395824117538176 ] ], [ [ 28.222459163899885, 46.393619795169101 ], [ 28.235381775713112, 46.390181090138519 ] ], [ [ 28.222459163899885, 46.393619795169101 ], [ 28.22373548306312, 46.388338952620778 ] ], [ [ 28.218041891003299, 46.382783443304326 ], [ 28.22373548306312, 46.388338952620778 ] ], [ [ 28.210301569096409, 46.378067021229334 ], [ 28.218041891003299, 46.382783443304326 ] ], [ [ 28.208195092378428, 46.372674397875862 ], [ 28.210301569096409, 46.378067021229334 ] ], [ [ 28.200939925994682, 46.374389313328379 ], [ 28.208195092378428, 46.372674397875862 ] ], [ [ 28.198276194749418, 46.369706417382005 ], [ 28.200939925994682, 46.374389313328379 ] ], [ [ 28.198276194749418, 46.369706417382005 ], [ 28.203117807604094, 46.356839588451763 ] ], [ [ 28.190848026270672, 46.357199999585958 ], [ 28.203117807604094, 46.356839588451763 ] ], [ [ 28.190848026270672, 46.357199999585958 ], [ 28.192428869822276, 46.349258560458367 ] ], [ [ 28.184035350878045, 46.353279474754011 ], [ 28.192428869822276, 46.349258560458367 ] ], [ [ 28.184035350878045, 46.353279474754011 ], [ 28.188276801350284, 46.344864539316248 ] ], [ [ 28.188276801350284, 46.344864539316248 ], [ 28.197922961297383, 46.345701358900186 ] ], [ [ 28.195847763551619, 46.340069612526001 ], [ 28.197922961297383, 46.345701358900186 ] ], [ [ 28.195847763551619, 46.340069612526001 ], [ 28.197215398734333, 46.335029693702197 ] ], [ [ 28.188844986619198, 46.337295278603015 ], [ 28.197215398734333, 46.335029693702197 ] ], [ [ 28.184921522102801, 46.332346182590548 ], [ 28.188844986619198, 46.337295278603015 ] ], [ [ 28.184921522102801, 46.332346182590548 ], [ 28.192015546446378, 46.330400457103678 ] ], [ [ 28.187121991867187, 46.326141654858212 ], [ 28.192015546446378, 46.330400457103678 ] ], [ [ 28.187121991867187, 46.326141654858212 ], [ 28.194837393815284, 46.323629132638928 ] ], [ [ 28.194837393815284, 46.323629132638928 ], [ 28.20705675715638, 46.317712701863236 ] ], [ [ 28.203718516087694, 46.311952301865233 ], [ 28.20705675715638, 46.317712701863236 ] ], [ [ 28.194682187594534, 46.302896370379628 ], [ 28.203718516087694, 46.311952301865233 ] ], [ [ 28.187247282065368, 46.302464927533173 ], [ 28.194682187594534, 46.302896370379628 ] ], [ [ 28.178260294345375, 46.297564013532444 ], [ 28.187247282065368, 46.302464927533173 ] ], [ [ 28.178260294345375, 46.297564013532444 ], [ 28.185540822492648, 46.290494737328096 ] ], [ [ 28.17301829035431, 46.290195265986021 ], [ 28.185540822492648, 46.290494737328096 ] ], [ [ 28.169552399611909, 46.282650221499772 ], [ 28.17301829035431, 46.290195265986021 ] ], [ [ 28.164589304626372, 46.286520179816343 ], [ 28.169552399611909, 46.282650221499772 ] ], [ [ 28.157036551535299, 46.286297206465704 ], [ 28.164589304626372, 46.286520179816343 ] ], [ [ 28.154026836859362, 46.291815616986213 ], [ 28.157036551535299, 46.286297206465704 ] ], [ [ 28.149120454947219, 46.290421929945367 ], [ 28.154026836859362, 46.291815616986213 ] ], [ [ 28.149120454947219, 46.290421929945367 ], [ 28.153181557054129, 46.282393499506725 ] ], [ [ 28.152333520282305, 46.278712034411676 ], [ 28.153181557054129, 46.282393499506725 ] ], [ [ 28.143846670871476, 46.279340686120769 ], [ 28.152333520282305, 46.278712034411676 ] ], [ [ 28.143846670871476, 46.279340686120769 ], [ 28.147599986963311, 46.2859807647867 ] ], [ [ 28.142684257309316, 46.286415155824251 ], [ 28.147599986963311, 46.2859807647867 ] ], [ [ 28.137555854865475, 46.282583682221826 ], [ 28.142684257309316, 46.286415155824251 ] ], [ [ 28.136391601780765, 46.269107925437666 ], [ 28.137555854865475, 46.282583682221826 ] ], [ [ 28.133753884096659, 46.263112143617654 ], [ 28.136391601780765, 46.269107925437666 ] ], [ [ 28.126451317001312, 46.261995791441748 ], [ 28.133753884096659, 46.263112143617654 ] ], [ [ 28.126451317001312, 46.261995791441748 ], [ 28.132271062502625, 46.25609185154299 ] ], [ [ 28.132271062502625, 46.25609185154299 ], [ 28.142047486988346, 46.257296339717371 ] ], [ [ 28.142047486988346, 46.257296339717371 ], [ 28.146230979934604, 46.251686446754583 ] ], [ [ 28.138021551810699, 46.247942598432445 ], [ 28.146230979934604, 46.251686446754583 ] ], [ [ 28.134412831654913, 46.251148592488761 ], [ 28.138021551810699, 46.247942598432445 ] ], [ [ 28.122742865475136, 46.241651713778104 ], [ 28.134412831654913, 46.251148592488761 ] ], [ [ 28.117453937464177, 46.239354962278348 ], [ 28.122742865475136, 46.241651713778104 ] ], [ [ 28.114137992195371, 46.246017857105016 ], [ 28.117453937464177, 46.239354962278348 ] ], [ [ 28.109562031910077, 46.241258853492333 ], [ 28.114137992195371, 46.246017857105016 ] ], [ [ 28.109562031910077, 46.241258853492333 ], [ 28.11179969913649, 46.233770814378644 ] ], [ [ 28.110749460094805, 46.227533492064957 ], [ 28.11179969913649, 46.233770814378644 ] ], [ [ 28.106387624750813, 46.221790091002532 ], [ 28.110749460094805, 46.227533492064957 ] ], [ [ 28.106387624750813, 46.221790091002532 ], [ 28.111887411432804, 46.218362431735102 ] ], [ [ 28.107867729619567, 46.214611537651706 ], [ 28.111887411432804, 46.218362431735102 ] ], [ [ 28.107867729619567, 46.214611537651706 ], [ 28.114341097330623, 46.210377880689478 ] ], [ [ 28.109992111360729, 46.206613160259131 ], [ 28.114341097330623, 46.210377880689478 ] ], [ [ 28.109992111360729, 46.206613160259131 ], [ 28.116563250324585, 46.203248214247736 ] ], [ [ 28.116343337303793, 46.210687708861123 ], [ 28.116563250324585, 46.203248214247736 ] ], [ [ 28.116343337303793, 46.210687708861123 ], [ 28.12013072924303, 46.21223195663292 ] ], [ [ 28.12013072924303, 46.21223195663292 ], [ 28.125930426445482, 46.207553804588549 ] ], [ [ 28.123226586368794, 46.199441677955733 ], [ 28.125930426445482, 46.207553804588549 ] ], [ [ 28.117629116292765, 46.195643159872873 ], [ 28.123226586368794, 46.199441677955733 ] ], [ [ 28.117629116292765, 46.195643159872873 ], [ 28.123478195532673, 46.19245733515514 ] ], [ [ 28.123478195532673, 46.19245733515514 ], [ 28.135172891616364, 46.195012279072927 ] ], [ [ 28.135172891616364, 46.195012279072927 ], [ 28.141544933330874, 46.19112835210823 ] ], [ [ 28.140983596002346, 46.184015812665486 ], [ 28.141544933330874, 46.19112835210823 ] ], [ [ 28.131002961251991, 46.185623589061009 ], [ 28.140983596002346, 46.184015812665486 ] ], [ [ 28.131002961251991, 46.185623589061009 ], [ 28.132080872897383, 46.181967107360151 ] ], [ [ 28.132080872897383, 46.181967107360151 ], [ 28.143902286116315, 46.179473321312898 ] ], [ [ 28.131006431931389, 46.1738354497435 ], [ 28.143902286116315, 46.179473321312898 ] ], [ [ 28.131006431931389, 46.1738354497435 ], [ 28.138485815888437, 46.170278104806677 ] ], [ [ 28.138485815888437, 46.170278104806677 ], [ 28.142739737488299, 46.164096455999058 ] ], [ [ 28.13641437960781, 46.162241967616417 ], [ 28.142739737488299, 46.164096455999058 ] ], [ [ 28.132516555473714, 46.15452796163305 ], [ 28.13641437960781, 46.162241967616417 ] ], [ [ 28.127808337245185, 46.155485197674082 ], [ 28.132516555473714, 46.15452796163305 ] ], [ [ 28.123556755916265, 46.147706032848021 ], [ 28.127808337245185, 46.155485197674082 ] ], [ [ 28.123556755916265, 46.147706032848021 ], [ 28.129188767135542, 46.144239372111663 ] ], [ [ 28.125013954425953, 46.137571940424571 ], [ 28.129188767135542, 46.144239372111663 ] ], [ [ 28.125013954425953, 46.137571940424571 ], [ 28.128290105557618, 46.131582419234022 ] ], [ [ 28.128290105557618, 46.131582419234022 ], [ 28.133929280869669, 46.129516166636442 ] ], [ [ 28.129279556311037, 46.125404477867626 ], [ 28.133929280869669, 46.129516166636442 ] ], [ [ 28.124787048746242, 46.126234377216534 ], [ 28.129279556311037, 46.125404477867626 ] ], [ [ 28.124787048746242, 46.126234377216534 ], [ 28.124269600095747, 46.111618356982341 ] ], [ [ 28.119232051546984, 46.112639122265108 ], [ 28.124269600095747, 46.111618356982341 ] ], [ [ 28.11607575580134, 46.10763498598557 ], [ 28.119232051546984, 46.112639122265108 ] ] ] } },
{ "type": "Feature", "properties": { "id": 5, "leftRegion": "Sud-Est", "leftId": 822, "rightRegion": null, "rightId": null, "version": "2025/03/26" }, "geometry": { "type": "MultiLineString", "coordinates": [ [ [ 27.994217758185787, 43.842883167187878 ], [ 28.004005134502673, 43.840143965204817 ] ], [ [ 27.976270828832618, 43.900942434820102 ], [ 27.994217758185787, 43.842883167187878 ] ], [ [ 27.954071978774561, 43.940148983346042 ], [ 27.976270828832618, 43.900942434820102 ] ], [ [ 27.94777426322862, 43.96905833804562 ], [ 27.954071978774561, 43.940148983346042 ] ], [ [ 27.944268254522704, 43.984793371768781 ], [ 27.94777426322862, 43.96905833804562 ] ], [ [ 27.930852261907152, 43.996077620064533 ], [ 27.944268254522704, 43.984793371768781 ] ], [ [ 27.916822479043816, 44.008225346403833 ], [ 27.930852261907152, 43.996077620064533 ] ], [ [ 27.843485182246663, 43.966391123680239 ], [ 27.916822479043816, 44.008225346403833 ] ], [ [ 27.754245299976134, 43.958316728649308 ], [ 27.843485182246663, 43.966391123680239 ] ], [ [ 27.737855831176841, 43.953520244088061 ], [ 27.754245299976134, 43.958316728649308 ] ], [ [ 27.710037067061442, 43.959391593867167 ], [ 27.737855831176841, 43.953520244088061 ] ], [ [ 27.707681703508218, 43.963931087834936 ], [ 27.710037067061442, 43.959391593867167 ] ], [ [ 27.673649961422665, 44.029799365808799 ], [ 27.707681703508218, 43.963931087834936 ] ], [ [ 27.643523187416395, 44.047932343018296 ], [ 27.673649961422665, 44.029799365808799 ] ], [ [ 27.611944988322385, 44.01220596645296 ], [ 27.643523187416395, 44.047932343018296 ] ], [ [ 27.492112779978747, 44.020886884635686 ], [ 27.611944988322385, 44.01220596645296 ] ], [ [ 27.468764488473884, 44.022501158194302 ], [ 27.492112779978747, 44.020886884635686 ] ], [ [ 27.399427950236184, 44.012369003689628 ], [ 27.468764488473884, 44.022501158194302 ] ], [ [ 27.370792047003302, 44.038919673304143 ], [ 27.399427950236184, 44.012369003689628 ] ], [ [ 27.356166453745224, 44.058708736528061 ], [ 27.370792047003302, 44.038919673304143 ] ], [ [ 27.311027252847474, 44.069670903129591 ], [ 27.356166453745224, 44.058708736528061 ] ], [ [ 27.291184430414404, 44.075173892507898 ], [ 27.311027252847474, 44.069670903129591 ] ], [ [ 27.290657512662914, 44.083054585071778 ], [ 27.291184430414404, 44.075173892507898 ] ], [ [ 27.279811964395662, 44.093657439214098 ], [ 27.290657512662914, 44.083054585071778 ] ], [ [ 27.276869553193812, 44.099250607475945 ], [ 27.279811964395662, 44.093657439214098 ] ], [ [ 27.2762958782608, 44.105420848771722 ], [ 27.276869553193812, 44.099250607475945 ] ], [ [ 27.2762958782608, 44.105420848771722 ], [ 27.284143717570711, 44.109862354285838 ] ], [ [ 27.27662068827016, 44.115226794787645 ], [ 27.284143717570711, 44.109862354285838 ] ], [ [ 27.27662068827016, 44.115226794787645 ], [ 27.277989827062683, 44.122263913551315 ] ], [ [ 27.27137435237162, 44.126336327676206 ], [ 27.277989827062683, 44.122263913551315 ] ], [ [ 28.11607575580134, 46.10763498598557 ], [ 28.119636262368346, 46.10259992471704 ] ], [ [ 28.109051818004755, 46.102689632063885 ], [ 28.119636262368346, 46.10259992471704 ] ], [ [ 28.105190024996798, 46.090016704120458 ], [ 28.109051818004755, 46.102689632063885 ] ], [ [ 28.105190024996798, 46.090016704120458 ], [ 28.111567056809836, 46.086700443855598 ] ], [ [ 28.107039080088523, 46.082862040404798 ], [ 28.111567056809836, 46.086700443855598 ] ], [ [ 28.097432925616264, 46.078481578366038 ], [ 28.107039080088523, 46.082862040404798 ] ], [ [ 28.088893019639986, 46.069220703799687 ], [ 28.097432925616264, 46.078481578366038 ] ], [ [ 28.088893019639986, 46.069220703799687 ], [ 28.100443475521235, 46.064662020884079 ] ], [ [ 28.097078988454065, 46.060078226265929 ], [ 28.100443475521235, 46.064662020884079 ] ], [ [ 28.088820161054986, 46.059536513119433 ], [ 28.097078988454065, 46.060078226265929 ] ], [ [ 28.088820161054986, 46.059536513119433 ], [ 28.093705722644756, 46.053210809289077 ] ], [ [ 28.093705722644756, 46.053210809289077 ], [ 28.104974964807468, 46.052533739995326 ] ], [ [ 28.090944060052827, 46.036092121336885 ], [ 28.104974964807468, 46.052533739995326 ] ], [ [ 28.087516568727263, 46.020869636219999 ], [ 28.090944060052827, 46.036092121336885 ] ], [ [ 28.087516568727263, 46.020869636219999 ], [ 28.095060629780036, 46.016826984228437 ] ], [ [ 28.094828285625589, 46.013946507177209 ], [ 28.095060629780036, 46.016826984228437 ] ], [ [ 28.085901833392555, 46.009123945704033 ], [ 28.094828285625589, 46.013946507177209 ] ], [ [ 28.085901833392555, 46.009123945704033 ], [ 28.093055937332494, 46.001968350301581 ] ], [ [ 28.093055937332494, 46.001968350301581 ], [ 28.099133989098828, 45.99089767114075 ] ], [ [ 28.099133989098828, 45.99089767114075 ], [ 28.105105254824792, 45.98943604380122 ] ], [ [ 28.103019996935185, 45.984029815468027 ], [ 28.105105254824792, 45.98943604380122 ] ], [ [ 28.103019996935185, 45.984029815468027 ], [ 28.105948046596005, 45.975376618919547 ] ], [ [ 28.101510265731214, 45.972641948820872 ], [ 28.105948046596005, 45.975376618919547 ] ], [ [ 28.101510265731214, 45.972641948820872 ], [ 28.108510212260615, 45.967799562752845 ] ], [ [ 28.105326631258464, 45.962320005443047 ], [ 28.108510212260615, 45.967799562752845 ] ], [ [ 28.105326631258464, 45.962320005443047 ], [ 28.110698314206395, 45.958642562729516 ] ], [ [ 28.110698314206395, 45.958642562729516 ], [ 28.115042200239088, 45.952852416329769 ] ], [ [ 28.115042200239088, 45.952852416329769 ], [ 28.11796547786496, 45.945259832525586 ] ], [ [ 28.114223188063651, 45.936555679322197 ], [ 28.11796547786496, 45.945259832525586 ] ], [ [ 28.114223188063651, 45.936555679322197 ], [ 28.120767115615909, 45.93128490680003 ] ], [ [ 28.120767115615909, 45.93128490680003 ], [ 28.125397251297642, 45.921378405080254 ] ], [ [ 28.120410006315254, 45.918321576720864 ], [ 28.125397251297642, 45.921378405080254 ] ], [ [ 28.116003376288486, 45.908535401081899 ], [ 28.120410006315254, 45.918321576720864 ] ], [ [ 28.116003376288486, 45.908535401081899 ], [ 28.119657507338193, 45.90362726136452 ] ], [ [ 28.118573207255736, 45.89975553423956 ], [ 28.119657507338193, 45.90362726136452 ] ], [ [ 28.112985518763178, 45.899578696643069 ], [ 28.118573207255736, 45.89975553423956 ] ], [ [ 28.112656437438837, 45.895329172828042 ], [ 28.112985518763178, 45.899578696643069 ] ], [ [ 28.112656437438837, 45.895329172828042 ], [ 28.116517452335287, 45.892275991395522 ] ], [ [ 28.116517452335287, 45.892275991395522 ], [ 28.120356698416693, 45.883575256711232 ] ], [ [ 28.120356698416693, 45.883575256711232 ], [ 28.13002711281656, 45.882717798324123 ] ], [ [ 28.128276489027332, 45.877361849155321 ], [ 28.13002711281656, 45.882717798324123 ] ], [ [ 28.128276489027332, 45.877361849155321 ], [ 28.13219541147247, 45.875882827499893 ] ], [ [ 28.1271505224619, 45.869601488043564 ], [ 28.13219541147247, 45.875882827499893 ] ], [ [ 28.1271505224619, 45.869601488043564 ], [ 28.12768149636408, 45.865831649253408 ] ], [ [ 28.12572228538761, 45.862806803744306 ], [ 28.12768149636408, 45.865831649253408 ] ], [ [ 28.119030877278743, 45.863246637718909 ], [ 28.12572228538761, 45.862806803744306 ] ], [ [ 28.11402943387403, 45.860129745448262 ], [ 28.119030877278743, 45.863246637718909 ] ], [ [ 28.105874364790765, 45.858777043501789 ], [ 28.11402943387403, 45.860129745448262 ] ], [ [ 28.105874364790765, 45.858777043501789 ], [ 28.110771358154441, 45.8509884829855 ] ], [ [ 28.110771358154441, 45.8509884829855 ], [ 28.114110779182951, 45.849250371371319 ] ], [ [ 28.108894526896119, 45.840677735944368 ], [ 28.114110779182951, 45.849250371371319 ] ], [ [ 28.108894526896119, 45.840677735944368 ], [ 28.112585747324136, 45.8345464818156 ] ], [ [ 28.108884827606353, 45.831081131450027 ], [ 28.112585747324136, 45.8345464818156 ] ], [ [ 28.108884827606353, 45.831081131450027 ], [ 28.113023421902916, 45.820887068706554 ] ], [ [ 28.107952982247003, 45.816946722915979 ], [ 28.113023421902916, 45.820887068706554 ] ], [ [ 28.107952982247003, 45.816946722915979 ], [ 28.111399972624511, 45.814660687433189 ] ], [ [ 28.111399972624511, 45.814660687433189 ], [ 28.118602535851068, 45.814876964669068 ] ], [ [ 28.118602535851068, 45.814876964669068 ], [ 28.121130231244759, 45.806426798306795 ] ], [ [ 28.11971196440232, 45.802076962832146 ], [ 28.121130231244759, 45.806426798306795 ] ], [ [ 28.11971196440232, 45.802076962832146 ], [ 28.122555419821484, 45.798059161818358 ] ], [ [ 28.11932635523328, 45.794664869711823 ], [ 28.122555419821484, 45.798059161818358 ] ], [ [ 28.112391057488072, 45.794866860926298 ], [ 28.11932635523328, 45.794664869711823 ] ], [ [ 28.112391057488072, 45.794866860926298 ], [ 28.114575205325036, 45.79009201374712 ] ], [ [ 28.114575205325036, 45.79009201374712 ], [ 28.122235466339259, 45.788112728112488 ] ], [ [ 28.122235466339259, 45.788112728112488 ], [ 28.126667947603714, 45.783602300350942 ] ], [ [ 28.126667947603714, 45.783602300350942 ], [ 28.135275561047354, 45.778312571501935 ] ], [ [ 28.135275561047354, 45.778312571501935 ], [ 28.153800029279267, 45.782428593358993 ] ], [ [ 28.153800029279267, 45.782428593358993 ], [ 28.155132508385357, 45.775547878942653 ] ], [ [ 28.149679400145946, 45.772830254893584 ], [ 28.155132508385357, 45.775547878942653 ] ], [ [ 28.143432216374137, 45.760320088126427 ], [ 28.149679400145946, 45.772830254893584 ] ], [ [ 28.143432216374137, 45.760320088126427 ], [ 28.151235744155009, 45.752648649166787 ] ], [ [ 28.151235744155009, 45.752648649166787 ], [ 28.151101080921649, 45.744299011681512 ] ], [ [ 28.151101080921649, 45.744299011681512 ], [ 28.157374311936625, 45.739974204617333 ] ], [ [ 28.157374311936625, 45.739974204617333 ], [ 28.16702106663551, 45.735909485949556 ] ], [ [ 28.161094651231057, 45.724712886794322 ], [ 28.16702106663551, 45.735909485949556 ] ], [ [ 28.161094651231057, 45.724712886794322 ], [ 28.166755277568477, 45.722358273196519 ] ], [ [ 28.164071392531028, 45.717251739110729 ], [ 28.166755277568477, 45.722358273196519 ] ], [ [ 28.164071392531028, 45.717251739110729 ], [ 28.170634736890541, 45.710163196931774 ] ], [ [ 28.169958778206798, 45.707820410584745 ], [ 28.170634736890541, 45.710163196931774 ] ], [ [ 28.160510665543832, 45.702602758571096 ], [ 28.169958778206798, 45.707820410584745 ] ], [ [ 28.160510665543832, 45.702602758571096 ], [ 28.164275601902474, 45.696460805064014 ] ], [ [ 28.162885487708209, 45.691376994005651 ], [ 28.164275601902474, 45.696460805064014 ] ], [ [ 28.162885487708209, 45.691376994005651 ], [ 28.166561673815252, 45.682565716050341 ] ], [ [ 28.166561673815252, 45.682565716050341 ], [ 28.17142674908866, 45.679338001127867 ] ], [ [ 28.166774079087396, 45.666428018380486 ], [ 28.17142674908866, 45.679338001127867 ] ], [ [ 28.162113023581643, 45.660446669679402 ], [ 28.166774079087396, 45.666428018380486 ] ], [ [ 28.162113023581643, 45.660446669679402 ], [ 28.165926491875499, 45.653506728692385 ] ], [ [ 28.15842880028741, 45.650104904310119 ], [ 28.165926491875499, 45.653506728692385 ] ], [ [ 28.15842880028741, 45.650104904310119 ], [ 28.171703184940135, 45.648523631484885 ] ], [ [ 28.171703184940135, 45.648523631484885 ], [ 28.174174485690781, 45.645927905190433 ] ], [ [ 28.171606337734602, 45.640617367837933 ], [ 28.174174485690781, 45.645927905190433 ] ], [ [ 28.156757712327735, 45.636572848259632 ], [ 28.171606337734602, 45.640617367837933 ] ], [ [ 28.149557012138978, 45.626142646407999 ], [ 28.156757712327735, 45.636572848259632 ] ], [ [ 28.145151295662643, 45.62242805579708 ], [ 28.149557012138978, 45.626142646407999 ] ], [ [ 28.13865944623458, 45.625689328848338 ], [ 28.145151295662643, 45.62242805579708 ] ], [ [ 28.122933776363755, 45.62223816297147 ], [ 28.13865944623458, 45.625689328848338 ] ], [ [ 28.119491562113136, 45.626803330008904 ], [ 28.122933776363755, 45.62223816297147 ] ], [ [ 28.112783943982919, 45.626177065249486 ], [ 28.119491562113136, 45.626803330008904 ] ], [ [ 28.10956292776299, 45.62133205640616 ], [ 28.112783943982919, 45.626177065249486 ] ], [ [ 28.100318846621299, 45.618512775715594 ], [ 28.10956292776299, 45.62133205640616 ] ], [ [ 28.098930726692668, 45.615615854457012 ], [ 28.100318846621299, 45.618512775715594 ] ], [ [ 28.089526278677393, 45.61012041334083 ], [ 28.098930726692668, 45.615615854457012 ] ], [ [ 28.088455061713823, 45.606142837210918 ], [ 28.089526278677393, 45.61012041334083 ] ], [ [ 28.088455061713823, 45.606142837210918 ], [ 28.090745044812149, 45.599972203277872 ] ], [ [ 28.090745044812149, 45.599972203277872 ], [ 28.100846290598799, 45.594939059383158 ] ], [ [ 28.100846290598799, 45.594939059383158 ], [ 28.105485373971796, 45.588763530146601 ] ], [ [ 28.105485373971796, 45.588763530146601 ], [ 28.111919089989321, 45.586877138060707 ] ], [ [ 28.111919089989321, 45.586877138060707 ], [ 28.117682449450605, 45.580587131552832 ] ], [ [ 28.117320977758698, 45.575665024950602 ], [ 28.117682449450605, 45.580587131552832 ] ], [ [ 28.117320977758698, 45.575665024950602 ], [ 28.120896843021665, 45.572367167927922 ] ], [ [ 28.120896843021665, 45.572367167927922 ], [ 28.131659171725229, 45.574649713551565 ] ], [ [ 28.131659171725229, 45.574649713551565 ], [ 28.134926020010944, 45.577352339533078 ] ], [ [ 28.134926020010944, 45.577352339533078 ], [ 28.140659304870294, 45.575983175985208 ] ], [ [ 28.140659304870294, 45.575983175985208 ], [ 28.144302953745449, 45.566795132519964 ] ], [ [ 28.144302953745449, 45.566795132519964 ], [ 28.148534495085777, 45.567742171553256 ] ], [ [ 28.148534495085777, 45.567742171553256 ], [ 28.15039369600964, 45.561089705722949 ] ], [ [ 28.15039369600964, 45.561089705722949 ], [ 28.157770195489221, 45.561364839883225 ] ], [ [ 28.155544563714642, 45.554484927034018 ], [ 28.157770195489221, 45.561364839883225 ] ], [ [ 28.155544563714642, 45.554484927034018 ], [ 28.16090284419289, 45.547324568378954 ] ], [ [ 28.16090284419289, 45.547324568378954 ], [ 28.165106384880289, 45.545877512540059 ] ], [ [ 28.165106384880289, 45.545877512540059 ], [ 28.164855211194226, 45.535272063013686 ] ], [ [ 28.164855211194226, 45.535272063013686 ], [ 28.166108026709022, 45.526273419447747 ] ], [ [ 28.159209274911898, 45.525668613421033 ], [ 28.166108026709022, 45.526273419447747 ] ], [ [ 28.159209274911898, 45.525668613421033 ], [ 28.166308429735722, 45.518688864621318 ] ], [ [ 28.162298285606248, 45.512128311566912 ], [ 28.166308429735722, 45.518688864621318 ] ], [ [ 28.162298285606248, 45.512128311566912 ], [ 28.164106872740351, 45.507764776079334 ] ], [ [ 28.162786180335036, 45.500182391191338 ], [ 28.164106872740351, 45.507764776079334 ] ], [ [ 28.162786180335036, 45.500182391191338 ], [ 28.17169585414479, 45.501143021478363 ] ], [ [ 28.17169585414479, 45.501143021478363 ], [ 28.176559623808195, 45.494744663885605 ] ], [ [ 28.176559623808195, 45.494744663885605 ], [ 28.178722157251457, 45.484398059934826 ] ], [ [ 28.178722157251457, 45.484398059934826 ], [ 28.182166922132687, 45.482524399282148 ] ], [ [ 28.182166922132687, 45.482524399282148 ], [ 28.184616074678061, 45.476251214915564 ] ], [ [ 28.184616074678061, 45.476251214915564 ], [ 28.188018689014207, 45.473368187657371 ] ], [ [ 28.188018689014207, 45.473368187657371 ], [ 28.202523589767605, 45.470426975494568 ] ], [ [ 28.202523589767605, 45.470426975494568 ], [ 28.210800170800855, 45.467178084712671 ] ], [ [ 28.210800170800855, 45.467178084712671 ], [ 28.223246221812886, 45.465902700395475 ] ], [ [ 28.223246221812886, 45.465902700395475 ], [ 28.258228627652851, 45.45695298351378 ] ], [ [ 28.258228627652851, 45.45695298351378 ], [ 28.268000449444195, 45.453271962111266 ] ], [ [ 28.268000449444195, 45.453271962111266 ], [ 28.279541363293188, 45.444777820727047 ] ], [ [ 28.279541363293188, 45.444777820727047 ], [ 28.286759944975529, 45.433158805193663 ] ], [ [ 28.286759944975529, 45.433158805193663 ], [ 28.28678380309692, 45.425912244547227 ] ], [ [ 28.28400752032524, 45.405521216433186 ], [ 28.28678380309692, 45.425912244547227 ] ], [ [ 28.28400752032524, 45.405521216433186 ], [ 28.28545927374584, 45.399849686197037 ] ], [ [ 28.28545927374584, 45.399849686197037 ], [ 28.29352160456078, 45.388341550540908 ] ], [ [ 28.29352160456078, 45.388341550540908 ], [ 28.299635162706817, 45.38200768489569 ] ], [ [ 28.299635162706817, 45.38200768489569 ], [ 28.313260445543808, 45.363323245159194 ] ], [ [ 28.313260445543808, 45.363323245159194 ], [ 28.319131653343572, 45.352089754853083 ] ], [ [ 28.319131653343572, 45.352089754853083 ], [ 28.334044126666448, 45.333091534421079 ] ], [ [ 28.334044126666448, 45.333091534421079 ], [ 28.343910942648243, 45.323635504791866 ] ], [ [ 28.343910942648243, 45.323635504791866 ], [ 28.349957773085304, 45.31991188550645 ] ], [ [ 28.349957773085304, 45.31991188550645 ], [ 28.368410097201263, 45.314413119994562 ] ], [ [ 28.368410097201263, 45.314413119994562 ], [ 28.390196109645647, 45.30680121207174 ] ], [ [ 28.390196109645647, 45.30680121207174 ], [ 28.410228010166858, 45.301063105955784 ] ], [ [ 28.410228010166858, 45.301063105955784 ], [ 28.444917105842102, 45.289508343981439 ] ], [ [ 28.444917105842102, 45.289508343981439 ], [ 28.455481842373803, 45.28768358980507 ] ], [ [ 28.455481842373803, 45.28768358980507 ], [ 28.492937576272141, 45.275465499104421 ] ], [ [ 28.492937576272141, 45.275465499104421 ], [ 28.510207172758445, 45.268833280525214 ] ], [ [ 28.510207172758445, 45.268833280525214 ], [ 28.532375743467142, 45.262459891051357 ] ], [ [ 28.532375743467142, 45.262459891051357 ], [ 28.561011288614701, 45.249597153459511 ] ], [ [ 28.561011288614701, 45.249597153459511 ], [ 28.568849070882848, 45.248244666445402 ] ], [ [ 28.568849070882848, 45.248244666445402 ], [ 28.599913038911762, 45.245755615923692 ] ], [ [ 28.599913038911762, 45.245755615923692 ], [ 28.632846116545672, 45.244518786995499 ] ], [ [ 28.632846116545672, 45.244518786995499 ], [ 28.672285218836734, 45.236452710452205 ] ], [ [ 28.672285218836734, 45.236452710452205 ], [ 28.696718272457723, 45.226316333628453 ] ], [ [ 28.696718272457723, 45.226316333628453 ], [ 28.710428587892515, 45.223999526033396 ] ], [ [ 28.710428587892515, 45.223999526033396 ], [ 28.718925138815958, 45.224354847182269 ] ], [ [ 28.718925138815958, 45.224354847182269 ], [ 28.737251103564656, 45.22993491294185 ] ], [ [ 28.737251103564656, 45.22993491294185 ], [ 28.743593819271851, 45.233353671477147 ] ], [ [ 28.743593819271851, 45.233353671477147 ], [ 28.761535739962859, 45.236035657323107 ] ], [ [ 28.761535739962859, 45.236035657323107 ], [ 28.780678445163161, 45.237460191028845 ] ], [ [ 28.780678445163161, 45.237460191028845 ], [ 28.787704081113649, 45.239345904990806 ] ], [ [ 28.787704081113649, 45.239345904990806 ], [ 28.792478384693627, 45.243359043919476 ] ], [ [ 28.792181060564047, 45.249595887520542 ], [ 28.792478384693627, 45.243359043919476 ] ], [ [ 28.781338367617423, 45.257222198126705 ], [ 28.792181060564047, 45.249595887520542 ] ], [ [ 28.770717213325707, 45.259833913473692 ], [ 28.781338367617423, 45.257222198126705 ] ], [ [ 28.762172156677519, 45.265598714604288 ], [ 28.770717213325707, 45.259833913473692 ] ], [ [ 28.752475633616612, 45.279002097800813 ], [ 28.762172156677519, 45.265598714604288 ] ], [ [ 28.751914686958518, 45.284561476004789 ], [ 28.752475633616612, 45.279002097800813 ] ], [ [ 28.751914686958518, 45.284561476004789 ], [ 28.756920823064686, 45.289347750867918 ] ], [ [ 28.756920823064686, 45.289347750867918 ], [ 28.766860905449676, 45.291327828374214 ] ], [ [ 28.766860905449676, 45.291327828374214 ], [ 28.781267052831922, 45.290663496879205 ] ], [ [ 28.781267052831922, 45.290663496879205 ], [ 28.793454924540157, 45.293199535526355 ] ], [ [ 28.793454924540157, 45.293199535526355 ], [ 28.801449941384455, 45.300864134306018 ] ], [ [ 28.801449941384455, 45.300864134306018 ], [ 28.805655765404119, 45.308993891147331 ] ], [ [ 28.803136344990165, 45.312991172098279 ], [ 28.805655765404119, 45.308993891147331 ] ], [ [ 28.786542007309372, 45.319389182070545 ], [ 28.803136344990165, 45.312991172098279 ] ], [ [ 28.780436646892316, 45.323216490200913 ], [ 28.786542007309372, 45.319389182070545 ] ], [ [ 28.780436646892316, 45.323216490200913 ], [ 28.783907212555757, 45.329249133127405 ] ], [ [ 28.783907212555757, 45.329249133127405 ], [ 28.79398131126494, 45.333649620937109 ] ], [ [ 28.79398131126494, 45.333649620937109 ], [ 28.802587674148096, 45.335933805305757 ] ], [ [ 28.802587674148096, 45.335933805305757 ], [ 28.817332089537111, 45.336068705990321 ] ], [ [ 28.817332089537111, 45.336068705990321 ], [ 28.824019596370423, 45.333097231249276 ] ], [ [ 28.824019596370423, 45.333097231249276 ], [ 28.833328030456169, 45.324306683177532 ] ], [ [ 28.833328030456169, 45.324306683177532 ], [ 28.845128323581953, 45.318077860919125 ] ], [ [ 28.845128323581953, 45.318077860919125 ], [ 28.855038506359065, 45.316282236210938 ] ], [ [ 28.855038506359065, 45.316282236210938 ], [ 28.867417515476525, 45.317354674694222 ] ], [ [ 28.867417515476525, 45.317354674694222 ], [ 28.873513435858559, 45.316200958933898 ] ], [ [ 28.873513435858559, 45.316200958933898 ], [ 28.88899052000502, 45.304571968186799 ] ], [ [ 28.88899052000502, 45.304571968186799 ], [ 28.898864497053946, 45.296946134758201 ] ], [ [ 28.898864497053946, 45.296946134758201 ], [ 28.914002835378398, 45.28773157113757 ] ], [ [ 28.914002835378398, 45.28773157113757 ], [ 28.925446776629613, 45.282556322059577 ] ], [ [ 28.925446776629613, 45.282556322059577 ], [ 28.936015287412161, 45.280280122449561 ] ], [ [ 28.936015287412161, 45.280280122449561 ], [ 28.948838705604629, 45.282998195106259 ] ], [ [ 28.948838705604629, 45.282998195106259 ], [ 28.95264076886437, 45.28725510396113 ] ], [ [ 28.95264076886437, 45.28725510396113 ], [ 28.95492832726951, 45.294285817807229 ] ], [ [ 28.954128241107622, 45.298601495953172 ], [ 28.95492832726951, 45.294285817807229 ] ], [ [ 28.948352627862764, 45.309116310660315 ], [ 28.954128241107622, 45.298601495953172 ] ], [ [ 28.948352627862764, 45.309116310660315 ], [ 28.959663851826594, 45.326741471888852 ] ], [ [ 28.959663851826594, 45.326741471888852 ], [ 28.964973623742203, 45.332053611038404 ] ], [ [ 28.964973623742203, 45.332053611038404 ], [ 28.982620829641284, 45.331794541950686 ] ], [ [ 28.982620829641284, 45.331794541950686 ], [ 28.996473330187733, 45.33626562159364 ] ], [ [ 28.996473330187733, 45.33626562159364 ], [ 29.007291568719992, 45.344054203696018 ] ], [ [ 29.007291568719992, 45.344054203696018 ], [ 29.019827778610832, 45.348379582396852 ] ], [ [ 29.019827778610832, 45.348379582396852 ], [ 29.028993587164262, 45.351713166004409 ] ], [ [ 29.028993587164262, 45.351713166004409 ], [ 29.043941874265798, 45.360752960092832 ] ], [ [ 29.043941874265798, 45.360752960092832 ], [ 29.052961489167359, 45.359255292702478 ] ], [ [ 29.052961489167359, 45.359255292702478 ], [ 29.059665563421774, 45.360464586215386 ] ], [ [ 29.059665563421774, 45.360464586215386 ], [ 29.075496864833578, 45.367526387321554 ] ], [ [ 29.075496864833578, 45.367526387321554 ], [ 29.084344726952953, 45.373863426833644 ] ], [ [ 29.084344726952953, 45.373863426833644 ], [ 29.103061952312288, 45.374207643572028 ] ], [ [ 29.103061952312288, 45.374207643572028 ], [ 29.111476079825756, 45.376775475095393 ] ], [ [ 29.111476079825756, 45.376775475095393 ], [ 29.119157193533521, 45.3812541583276 ] ], [ [ 29.119157193533521, 45.3812541583276 ], [ 29.131039324541145, 45.383294699040817 ] ], [ [ 29.131039324541145, 45.383294699040817 ], [ 29.150872853066545, 45.388599338916549 ] ], [ [ 29.150872853066545, 45.388599338916549 ], [ 29.16901785942137, 45.395095849082551 ] ], [ [ 29.16901785942137, 45.395095849082551 ], [ 29.180921047467514, 45.402199127167329 ] ], [ [ 29.180921047467514, 45.402199127167329 ], [ 29.184681453849674, 45.410700234546887 ] ], [ [ 29.184681453849674, 45.410700234546887 ], [ 29.197783641734365, 45.415884984684531 ] ], [ [ 29.197783641734365, 45.415884984684531 ], [ 29.211667763670242, 45.417735330687549 ] ], [ [ 29.211667763670242, 45.417735330687549 ], [ 29.225713532146578, 45.423510379745871 ] ], [ [ 29.225713532146578, 45.423510379745871 ], [ 29.236779138685709, 45.432032750825869 ] ], [ [ 29.236779138685709, 45.432032750825869 ], [ 29.250354964437108, 45.435099516421616 ] ], [ [ 29.250354964437108, 45.435099516421616 ], [ 29.258186634252382, 45.433148188646761 ] ], [ [ 29.258186634252382, 45.433148188646761 ], [ 29.269853677973966, 45.427831093720997 ] ], [ [ 29.269853677973966, 45.427831093720997 ], [ 29.285777995558327, 45.42642329727564 ] ], [ [ 29.285777995558327, 45.42642329727564 ], [ 29.298974117706823, 45.430199217833291 ] ], [ [ 29.298974117706823, 45.430199217833291 ], [ 29.3050663814624, 45.434192778189313 ] ], [ [ 29.3050663814624, 45.434192778189313 ], [ 29.317984633201164, 45.44585447231141 ] ], [ [ 29.317984633201164, 45.44585447231141 ], [ 29.329545727444078, 45.447673727533896 ] ], [ [ 29.329545727444078, 45.447673727533896 ], [ 29.335930984552956, 45.445844835838571 ] ], [ [ 29.335930984552956, 45.445844835838571 ], [ 29.347333170512393, 45.439248513912204 ] ], [ [ 29.347333170512393, 45.439248513912204 ], [ 29.358100092428167, 45.436954441666721 ] ], [ [ 29.358100092428167, 45.436954441666721 ], [ 29.373936593555424, 45.437944511944856 ] ], [ [ 29.373936593555424, 45.437944511944856 ], [ 29.380838736431507, 45.439713569833309 ] ], [ [ 29.380838736431507, 45.439713569833309 ], [ 29.390142251085315, 45.436470431312763 ] ], [ [ 29.390142251085315, 45.436470431312763 ], [ 29.398031738128903, 45.436464386711052 ] ], [ [ 29.398031738128903, 45.436464386711052 ], [ 29.409027118503147, 45.440379398590238 ] ], [ [ 29.409027118503147, 45.440379398590238 ], [ 29.41935471416048, 45.442537717832842 ] ], [ [ 29.41935471416048, 45.442537717832842 ], [ 29.430002107471957, 45.442669327023623 ] ], [ [ 29.430002107471957, 45.442669327023623 ], [ 29.436512081385789, 45.435913765109099 ] ], [ [ 29.436512081385789, 45.435913765109099 ], [ 29.441122257349896, 45.433426842887279 ] ], [ [ 29.441122257349896, 45.433426842887279 ], [ 29.463890313923983, 45.427979677037676 ] ], [ [ 29.463890313923983, 45.427979677037676 ], [ 29.479167221817164, 45.421832643462693 ] ], [ [ 29.479167221817164, 45.421832643462693 ], [ 29.502943689730934, 45.418447591931468 ] ], [ [ 29.502943689730934, 45.418447591931468 ], [ 29.522057903986131, 45.414096624233892 ] ], [ [ 29.522057903986131, 45.414096624233892 ], [ 29.54127248146451, 45.410619313276833 ] ], [ [ 29.54127248146451, 45.410619313276833 ], [ 29.564115098028982, 45.402402709766747 ] ], [ [ 29.564115098028982, 45.402402709766747 ], [ 29.573757185591557, 45.397021999606423 ] ], [ [ 29.573757185591557, 45.397021999606423 ], [ 29.589662536986751, 45.390027150672807 ] ], [ [ 29.589662536986751, 45.390027150672807 ], [ 29.604538158089198, 45.37858964608791 ] ], [ [ 29.604538158089198, 45.37858964608791 ], [ 29.630102039424958, 45.35433861749528 ] ], [ [ 29.630102039424958, 45.35433861749528 ], [ 29.651132629425103, 45.339765581369875 ] ], [ [ 29.651132629425103, 45.339765581369875 ], [ 29.655032625250143, 45.334407690054334 ] ], [ [ 29.655032625250143, 45.334407690054334 ], [ 29.662592675165094, 45.318251289602522 ] ], [ [ 29.662592675165094, 45.318251289602522 ], [ 29.666839333573002, 45.312454594032289 ] ], [ [ 29.666839333573002, 45.312454594032289 ], [ 29.669968506090434, 45.304732406535081 ] ], [ [ 29.669968506090434, 45.304732406535081 ], [ 29.669804731569069, 45.295881108332608 ] ], [ [ 29.669804731569069, 45.295881108332608 ], [ 29.676706275168389, 45.27901527887326 ] ], [ [ 29.676706275168389, 45.27901527887326 ], [ 29.677786283211649, 45.269250591788143 ] ], [ [ 29.664840788532285, 45.260996633688436 ], [ 29.677786283211649, 45.269250591788143 ] ], [ [ 29.659985620321422, 45.251698266253307 ], [ 29.664840788532285, 45.260996633688436 ] ], [ [ 29.659985620321422, 45.251698266253307 ], [ 29.662695119405409, 45.237525916790077 ] ], [ [ 29.662695119405409, 45.237525916790077 ], [ 29.667098610954707, 45.231054509287908 ] ], [ [ 29.667098610954707, 45.231054509287908 ], [ 29.670768259030488, 45.220595432329503 ] ], [ [ 29.670768259030488, 45.220595432329503 ], [ 29.680297254001445, 45.210199268271325 ] ], [ [ 29.680297254001445, 45.210199268271325 ], [ 29.682032814205677, 45.205833887012894 ] ], [ [ 29.673757924143413, 45.206108327004486 ], [ 29.682032814205677, 45.205833887012894 ] ], [ [ 29.67257646510426, 45.208877866200289 ], [ 29.673757924143413, 45.206108327004486 ] ], [ [ 29.66272230108299, 45.211849134959273 ], [ 29.67257646510426, 45.208877866200289 ] ], [ [ 29.646922981640792, 45.218843349986848 ], [ 29.66272230108299, 45.211849134959273 ] ], [ [ 29.637767786643078, 45.224360617302196 ], [ 29.646922981640792, 45.218843349986848 ] ], [ [ 29.63448731021618, 45.221242659528208 ], [ 29.637767786643078, 45.224360617302196 ] ], [ [ 29.629937463247167, 45.216917471597235 ], [ 29.63448731021618, 45.221242659528208 ] ], [ [ 29.629010202586429, 45.212207712214258 ], [ 29.629937463247167, 45.216917471597235 ] ], [ [ 29.629010202586429, 45.212207712214258 ], [ 29.631687559538037, 45.205062051797142 ] ], [ [ 29.631687559538037, 45.205062051797142 ], [ 29.636723946561204, 45.180867541918424 ] ], [ [ 29.636723946561204, 45.180867541918424 ], [ 29.64083229964039, 45.169480296363503 ] ], [ [ 29.64083229964039, 45.169480296363503 ], [ 29.649376588322749, 45.161025757423189 ] ], [ [ 29.649376588322749, 45.161025757423189 ], [ 29.662226335687716, 45.159886221554764 ] ], [ [ 29.662226335687716, 45.159886221554764 ], [ 29.680701199938824, 45.160916452564514 ] ], [ [ 29.680701199938824, 45.160916452564514 ], [ 29.705284741065203, 45.167149050238784 ] ], [ [ 29.700136840644419, 45.162128643801935 ], [ 29.705284741065203, 45.167149050238784 ] ], [ [ 29.686998728106595, 45.152484491653489 ], [ 29.700136840644419, 45.162128643801935 ] ], [ [ 29.675731704763212, 45.137588114678735 ], [ 29.686998728106595, 45.152484491653489 ] ], [ [ 29.66723882957297, 45.123888901757255 ], [ 29.675731704763212, 45.137588114678735 ] ], [ [ 29.65856142256299, 45.101969975448085 ], [ 29.66723882957297, 45.123888901757255 ] ], [ [ 29.655411147610533, 45.089100210300117 ], [ 29.65856142256299, 45.101969975448085 ] ], [ [ 29.653677281729895, 45.072970674108475 ], [ 29.655411147610533, 45.089100210300117 ] ], [ [ 29.651764873962964, 45.064344211525899 ], [ 29.653677281729895, 45.072970674108475 ] ], [ [ 29.651764873962964, 45.064344211525899 ], [ 29.6523187473367, 45.059542302327706 ] ], [ [ 29.648465206247192, 45.040221754347733 ], [ 29.6523187473367, 45.059542302327706 ] ], [ [ 29.646576956428618, 45.022946124893046 ], [ 29.648465206247192, 45.040221754347733 ] ], [ [ 29.64304153482713, 45.001047937325126 ], [ 29.646576956428618, 45.022946124893046 ] ], [ [ 29.64304153482713, 45.001047937325126 ], [ 29.644469623549654, 44.998179340042846 ] ], [ [ 29.64246809213375, 44.988092065692491 ], [ 29.644469623549654, 44.998179340042846 ] ], [ [ 29.634302929624223, 44.957113828458048 ], [ 29.64246809213375, 44.988092065692491 ] ], [ [ 29.626769129974722, 44.924318104992786 ], [ 29.634302929624223, 44.957113828458048 ] ], [ [ 29.626769129974722, 44.924318104992786 ], [ 29.625152796695311, 44.885368630911131 ] ], [ [ 29.619690987086052, 44.884991352759975 ], [ 29.625152796695311, 44.885368630911131 ] ], [ [ 29.60650788179721, 44.877542542572819 ], [ 29.619690987086052, 44.884991352759975 ] ], [ [ 29.60587451058754, 44.873012369780255 ], [ 29.60650788179721, 44.877542542572819 ] ], [ [ 29.60587451058754, 44.873012369780255 ], [ 29.610530113235296, 44.859763923779809 ] ], [ [ 29.610530113235296, 44.859763923779809 ], [ 29.613221147534809, 44.857274318368425 ] ], [ [ 29.609756614670804, 44.846674187199255 ], [ 29.613221147534809, 44.857274318368425 ] ], [ [ 29.593553290736381, 44.826192165934032 ], [ 29.609756614670804, 44.846674187199255 ] ], [ [ 29.583452337992899, 44.81623123179947 ], [ 29.593553290736381, 44.826192165934032 ] ], [ [ 29.567433399831181, 44.801985394241754 ], [ 29.583452337992899, 44.81623123179947 ] ], [ [ 29.552567833729555, 44.790449273172044 ], [ 29.567433399831181, 44.801985394241754 ] ], [ [ 29.533576191817172, 44.781504486980047 ], [ 29.552567833729555, 44.790449273172044 ] ], [ [ 29.516222961266731, 44.775580363026954 ], [ 29.533576191817172, 44.781504486980047 ] ], [ [ 29.499965054082349, 44.773692229435241 ], [ 29.516222961266731, 44.775580363026954 ] ], [ [ 29.492270416125905, 44.774329805344934 ], [ 29.499965054082349, 44.773692229435241 ] ], [ [ 29.490573613452856, 44.778369259915806 ], [ 29.492270416125905, 44.774329805344934 ] ], [ [ 29.490573613452856, 44.778369259915806 ], [ 29.513171049229125, 44.778129764963616 ] ], [ [ 29.513171049229125, 44.778129764963616 ], [ 29.525315429658434, 44.782829039881975 ] ], [ [ 29.525315429658434, 44.782829039881975 ], [ 29.525861193489632, 44.787772116289048 ] ], [ [ 29.525861193489632, 44.787772116289048 ], [ 29.545512887113546, 44.789409641910439 ] ], [ [ 29.545512887113546, 44.789409641910439 ], [ 29.551842358555081, 44.79301621017261 ] ], [ [ 29.551842358555081, 44.79301621017261 ], [ 29.572554849008135, 44.809832447049899 ] ], [ [ 29.572554849008135, 44.809832447049899 ], [ 29.580428539208576, 44.815250620122939 ] ], [ [ 29.580428539208576, 44.815250620122939 ], [ 29.584639272850641, 44.821368780110454 ] ], [ [ 29.584639272850641, 44.821368780110454 ], [ 29.591924054059923, 44.827141132664039 ] ], [ [ 29.591924054059923, 44.827141132664039 ], [ 29.59433959627642, 44.832118286391875 ] ], [ [ 29.59433959627642, 44.832118286391875 ], [ 29.608100652476789, 44.845843754297555 ] ], [ [ 29.599675379863349, 44.84532099190271 ], [ 29.608100652476789, 44.845843754297555 ] ], [ [ 29.585853334015447, 44.837256168485759 ], [ 29.599675379863349, 44.84532099190271 ] ], [ [ 29.574855776037758, 44.838333114934585 ], [ 29.585853334015447, 44.837256168485759 ] ], [ [ 29.567236887149971, 44.83072148021337 ], [ 29.574855776037758, 44.838333114934585 ] ], [ [ 29.553547581517229, 44.822888357835389 ], [ 29.567236887149971, 44.83072148021337 ] ], [ [ 29.548925324835473, 44.82437932672272 ], [ 29.553547581517229, 44.822888357835389 ] ], [ [ 29.524340468634122, 44.824459345738269 ], [ 29.548925324835473, 44.82437932672272 ] ], [ [ 29.506112071174794, 44.822836080535517 ], [ 29.524340468634122, 44.824459345738269 ] ], [ [ 29.495230165010604, 44.820228465005762 ], [ 29.506112071174794, 44.822836080535517 ] ], [ [ 29.440302633475024, 44.812852318716992 ], [ 29.495230165010604, 44.820228465005762 ] ], [ [ 29.435173381332959, 44.811554210262102 ], [ 29.440302633475024, 44.812852318716992 ] ], [ [ 29.389896098421502, 44.805718381895637 ], [ 29.435173381332959, 44.811554210262102 ] ], [ [ 29.364802297453373, 44.803983491436369 ], [ 29.389896098421502, 44.805718381895637 ] ], [ [ 29.325983662800613, 44.804149031004677 ], [ 29.364802297453373, 44.803983491436369 ] ], [ [ 29.309203938674877, 44.802103345699742 ], [ 29.325983662800613, 44.804149031004677 ] ], [ [ 29.271531036978512, 44.799658231880187 ], [ 29.309203938674877, 44.802103345699742 ] ], [ [ 29.245412844277649, 44.796780689048092 ], [ 29.271531036978512, 44.799658231880187 ] ], [ [ 29.220023518519817, 44.792016322627255 ], [ 29.245412844277649, 44.796780689048092 ] ], [ [ 29.210838645860999, 44.788442061687505 ], [ 29.220023518519817, 44.792016322627255 ] ], [ [ 29.189336175091263, 44.781807104759118 ], [ 29.210838645860999, 44.788442061687505 ] ], [ [ 29.186032431865637, 44.784667909433615 ], [ 29.189336175091263, 44.781807104759118 ] ], [ [ 29.159146190909183, 44.780029026354811 ], [ 29.186032431865637, 44.784667909433615 ] ], [ [ 29.121856730000982, 44.768021603593063 ], [ 29.159146190909183, 44.780029026354811 ] ], [ [ 29.108571146099049, 44.761668460283595 ], [ 29.121856730000982, 44.768021603593063 ] ], [ [ 29.08508823199335, 44.749029068976519 ], [ 29.108571146099049, 44.761668460283595 ] ], [ [ 29.058558763898198, 44.73153477417361 ], [ 29.08508823199335, 44.749029068976519 ] ], [ [ 29.029317203700721, 44.709279375832679 ], [ 29.058558763898198, 44.73153477417361 ] ], [ [ 28.995079788710232, 44.679020181752335 ], [ 29.029317203700721, 44.709279375832679 ] ], [ [ 28.994313133464431, 44.67664096667685 ], [ 28.995079788710232, 44.679020181752335 ] ], [ [ 28.983475968157414, 44.666844431936596 ], [ 28.994313133464431, 44.67664096667685 ] ], [ [ 28.969450524729439, 44.651214786705395 ], [ 28.983475968157414, 44.666844431936596 ] ], [ [ 28.960385043529886, 44.646093378737156 ], [ 28.969450524729439, 44.651214786705395 ] ], [ [ 28.955555216856723, 44.640272337286653 ], [ 28.960385043529886, 44.646093378737156 ] ], [ [ 28.950327582973685, 44.636887950855588 ], [ 28.955555216856723, 44.640272337286653 ] ], [ [ 28.942026956470126, 44.624407601951667 ], [ 28.950327582973685, 44.636887950855588 ] ], [ [ 28.940844043424118, 44.619438730649144 ], [ 28.942026956470126, 44.624407601951667 ] ], [ [ 28.926164736056304, 44.597796965122612 ], [ 28.940844043424118, 44.619438730649144 ] ], [ [ 28.905357884642701, 44.568637290034793 ], [ 28.926164736056304, 44.597796965122612 ] ], [ [ 28.887407634857738, 44.542935155853066 ], [ 28.905357884642701, 44.568637290034793 ] ], [ [ 28.870090590342308, 44.520163027575123 ], [ 28.887407634857738, 44.542935155853066 ] ], [ [ 28.857035313103729, 44.505628766244726 ], [ 28.870090590342308, 44.520163027575123 ] ], [ [ 28.837642362397478, 44.486992746451541 ], [ 28.857035313103729, 44.505628766244726 ] ], [ [ 28.822348122120893, 44.475614453434616 ], [ 28.837642362397478, 44.486992746451541 ] ], [ [ 28.811036021539334, 44.465914130718346 ], [ 28.822348122120893, 44.475614453434616 ] ], [ [ 28.802762555606151, 44.460525989232956 ], [ 28.811036021539334, 44.465914130718346 ] ], [ [ 28.779958604426668, 44.441063652321624 ], [ 28.802762555606151, 44.460525989232956 ] ], [ [ 28.769205197879973, 44.429766198667863 ], [ 28.779958604426668, 44.441063652321624 ] ], [ [ 28.764697671444146, 44.427276362526861 ], [ 28.769205197879973, 44.429766198667863 ] ], [ [ 28.762025806464152, 44.425706418304152 ], [ 28.764697671444146, 44.427276362526861 ] ], [ [ 28.746619374226341, 44.410958002907954 ], [ 28.762025806464152, 44.425706418304152 ] ], [ [ 28.725827026809934, 44.389857802551433 ], [ 28.746619374226341, 44.410958002907954 ] ], [ [ 28.720658940390933, 44.383599178546625 ], [ 28.725827026809934, 44.389857802551433 ] ], [ [ 28.711182505030216, 44.376571981541531 ], [ 28.720658940390933, 44.383599178546625 ] ], [ [ 28.69851458295615, 44.358686826669995 ], [ 28.711182505030216, 44.376571981541531 ] ], [ [ 28.692562115232533, 44.344844578050306 ], [ 28.69851458295615, 44.358686826669995 ] ], [ [ 28.689218386977103, 44.341653530979364 ], [ 28.692562115232533, 44.344844578050306 ] ], [ [ 28.681953655665435, 44.34288815484318 ], [ 28.689218386977103, 44.341653530979364 ] ], [ [ 28.68046205075936, 44.339437658332471 ], [ 28.681953655665435, 44.34288815484318 ] ], [ [ 28.666146134557604, 44.341154406156861 ], [ 28.68046205075936, 44.339437658332471 ] ], [ [ 28.661630196511087, 44.336619771365335 ], [ 28.666146134557604, 44.341154406156861 ] ], [ [ 28.658988434064934, 44.328912957917673 ], [ 28.661630196511087, 44.336619771365335 ] ], [ [ 28.65338450571172, 44.324952160759103 ], [ 28.658988434064934, 44.328912957917673 ] ], [ [ 28.65338450571172, 44.324952160759103 ], [ 28.68934291321365, 44.323549639995186 ] ], [ [ 28.689237185983355, 44.322272103412722 ], [ 28.68934291321365, 44.323549639995186 ] ], [ [ 28.669184190761264, 44.323376964130304 ], [ 28.689237185983355, 44.322272103412722 ] ], [ [ 28.639537979562409, 44.324224729655398 ], [ 28.669184190761264, 44.323376964130304 ] ], [ [ 28.635182602306745, 44.317975033559556 ], [ 28.639537979562409, 44.324224729655398 ] ], [ [ 28.626019344880355, 44.297033404980866 ], [ 28.635182602306745, 44.317975033559556 ] ], [ [ 28.622899699713066, 44.282269803686646 ], [ 28.626019344880355, 44.297033404980866 ] ], [ [ 28.622083072512659, 44.272568096168335 ], [ 28.622899699713066, 44.282269803686646 ] ], [ [ 28.622083072512659, 44.272568096168335 ], [ 28.62280178622462, 44.250480968007317 ] ], [ [ 28.62280178622462, 44.250480968007317 ], [ 28.626101599619844, 44.238113672072139 ] ], [ [ 28.626101599619844, 44.238113672072139 ], [ 28.629566525280651, 44.229386152259607 ] ], [ [ 28.629566525280651, 44.229386152259607 ], [ 28.636514712475165, 44.21983938040421 ] ], [ [ 28.636514712475165, 44.21983938040421 ], [ 28.646591978036245, 44.215628107023555 ] ], [ [ 28.646591978036245, 44.215628107023555 ], [ 28.651963613501557, 44.211798278126459 ] ], [ [ 28.650990442641255, 44.206979166243862 ], [ 28.651963613501557, 44.211798278126459 ] ], [ [ 28.650990442641255, 44.206979166243862 ], [ 28.655841273450882, 44.197568396521518 ] ], [ [ 28.655841273450882, 44.197568396521518 ], [ 28.655133841416042, 44.184227856873044 ] ], [ [ 28.655133841416042, 44.184227856873044 ], [ 28.660464052484649, 44.174291423028052 ] ], [ [ 28.650915791995079, 44.169790341395561 ], [ 28.660464052484649, 44.174291423028052 ] ], [ [ 28.649191963696776, 44.164167883098017 ], [ 28.650915791995079, 44.169790341395561 ] ], [ [ 28.643747911423759, 44.158409331007483 ], [ 28.649191963696776, 44.164167883098017 ] ], [ [ 28.643747911423759, 44.158409331007483 ], [ 28.645562993235892, 44.145483119566599 ] ], [ [ 28.645562993235892, 44.145483119566599 ], [ 28.65829912357146, 44.14834890401854 ] ], [ [ 28.65829912357146, 44.14834890401854 ], [ 28.659468922047051, 44.1456546662194 ] ], [ [ 28.647148973070259, 44.140963710861548 ], [ 28.659468922047051, 44.1456546662194 ] ], [ [ 28.647148973070259, 44.140963710861548 ], [ 28.649008621115165, 44.137044721101503 ] ], [ [ 28.649008621115165, 44.137044721101503 ], [ 28.656509035206202, 44.137311505579071 ] ], [ [ 28.656509035206202, 44.137311505579071 ], [ 28.657419922965172, 44.130259013728278 ] ], [ [ 28.644220205762792, 44.12816561693402 ], [ 28.657419922965172, 44.130259013728278 ] ], [ [ 28.642654052158594, 44.118125222850125 ], [ 28.644220205762792, 44.12816561693402 ] ], [ [ 28.642654052158594, 44.118125222850125 ], [ 28.643190351955969, 44.111628827829151 ] ], [ [ 28.641643900187386, 44.10207239489786 ], [ 28.643190351955969, 44.111628827829151 ] ], [ [ 28.641643900187386, 44.10207239489786 ], [ 28.646976390846618, 44.101850485044068 ] ], [ [ 28.646976390846618, 44.101850485044068 ], [ 28.647901823434438, 44.110022606071745 ] ], [ [ 28.647901823434438, 44.110022606071745 ], [ 28.667174484318398, 44.10929517582229 ] ], [ [ 28.667174484318398, 44.10929517582229 ], [ 28.666971905088353, 44.103883345133816 ] ], [ [ 28.666971905088353, 44.103883345133816 ], [ 28.694933726422125, 44.102867308681624 ] ], [ [ 28.694933726422125, 44.102867308681624 ], [ 28.694753248999874, 44.091107058101422 ] ], [ [ 28.68944122277049, 44.087844248272532 ], [ 28.694753248999874, 44.091107058101422 ] ], [ [ 28.669074329592277, 44.088511982706535 ], [ 28.68944122277049, 44.087844248272532 ] ], [ [ 28.644100653683935, 44.084200872072657 ], [ 28.669074329592277, 44.088511982706535 ] ], [ [ 28.638666782934305, 44.077033114703539 ], [ 28.644100653683935, 44.084200872072657 ] ], [ [ 28.638666782934305, 44.077033114703539 ], [ 28.639064840358092, 44.069313171053373 ] ], [ [ 28.639064840358092, 44.069313171053373 ], [ 28.641817621447409, 44.064214802133179 ] ], [ [ 28.64098785830549, 44.059528950172997 ], [ 28.641817621447409, 44.064214802133179 ] ], [ [ 28.64098785830549, 44.059528950172997 ], [ 28.6458403472989, 44.045027926788201 ] ], [ [ 28.6458403472989, 44.045027926788201 ], [ 28.652273121173195, 44.037461036842508 ] ], [ [ 28.652273121173195, 44.037461036842508 ], [ 28.653959040057178, 44.031429097705711 ] ], [ [ 28.653959040057178, 44.031429097705711 ], [ 28.658231590556159, 44.027053766123309 ] ], [ [ 28.658231590556159, 44.027053766123309 ], [ 28.662489241616441, 44.012044065019623 ] ], [ [ 28.662489241616441, 44.012044065019623 ], [ 28.664520130780854, 44.008520783131871 ] ], [ [ 28.662504832446217, 44.004027458219056 ], [ 28.664520130780854, 44.008520783131871 ] ], [ [ 28.662504832446217, 44.004027458219056 ], [ 28.664510690956448, 43.993898500201404 ] ], [ [ 28.664510690956448, 43.993898500201404 ], [ 28.667020235369783, 43.990930744601421 ] ], [ [ 28.667020235369783, 43.990930744601421 ], [ 28.666835572011756, 43.985435522646121 ] ], [ [ 28.661907792272679, 43.983533147017333 ], [ 28.666835572011756, 43.985435522646121 ] ], [ [ 28.655435893041698, 43.975819321818761 ], [ 28.661907792272679, 43.983533147017333 ] ], [ [ 28.655435893041698, 43.975819321818761 ], [ 28.655910687706044, 43.972787975528966 ] ], [ [ 28.654674816109047, 43.967162863126319 ], [ 28.655910687706044, 43.972787975528966 ] ], [ [ 28.641652441203057, 43.956605507610561 ], [ 28.654674816109047, 43.967162863126319 ] ], [ [ 28.639078233241641, 43.950778139594512 ], [ 28.641652441203057, 43.956605507610561 ] ], [ [ 28.639078233241641, 43.950778139594512 ], [ 28.638804482119944, 43.939942674619161 ] ], [ [ 28.633205138610126, 43.933480506031174 ], [ 28.638804482119944, 43.939942674619161 ] ], [ [ 28.633205138610126, 43.933480506031174 ], [ 28.636229615539389, 43.923921084119641 ] ], [ [ 28.6344772803441, 43.92117085574187 ], [ 28.636229615539389, 43.923921084119641 ] ], [ [ 28.628137018010484, 43.911641865274561 ], [ 28.6344772803441, 43.92117085574187 ] ], [ [ 28.624132643107277, 43.910207357134929 ], [ 28.628137018010484, 43.911641865274561 ] ], [ [ 28.618942310636626, 43.901604727097201 ], [ 28.624132643107277, 43.910207357134929 ] ], [ [ 28.615221219247676, 43.9000862929758 ], [ 28.618942310636626, 43.901604727097201 ] ], [ [ 28.606377669498961, 43.878007973575727 ], [ 28.615221219247676, 43.9000862929758 ] ], [ [ 28.606377669498961, 43.878007973575727 ], [ 28.605850333147249, 43.869096436778008 ] ], [ [ 28.605850333147249, 43.869096436778008 ], [ 28.608784285249119, 43.850703962294482 ] ], [ [ 28.601193023370968, 43.845307866633512 ], [ 28.608784285249119, 43.850703962294482 ] ], [ [ 28.593340635889732, 43.84233913032859 ], [ 28.601193023370968, 43.845307866633512 ] ], [ [ 28.591141374982705, 43.838828697200007 ], [ 28.593340635889732, 43.84233913032859 ] ], [ [ 28.591141374982705, 43.838828697200007 ], [ 28.592443215699241, 43.828992506658658 ] ], [ [ 28.586708537010921, 43.809618499410796 ], [ 28.592443215699241, 43.828992506658658 ] ], [ [ 28.581267574299055, 43.806567877327225 ], [ 28.586708537010921, 43.809618499410796 ] ], [ [ 28.578497167654096, 43.797009094371916 ], [ 28.581267574299055, 43.806567877327225 ] ], [ [ 28.57563413648279, 43.794978946747783 ], [ 28.578497167654096, 43.797009094371916 ] ], [ [ 28.57563413648279, 43.794978946747783 ], [ 28.586132158679018, 43.792357957055444 ] ], [ [ 28.580796082536853, 43.788777478319616 ], [ 28.586132158679018, 43.792357957055444 ] ], [ [ 28.5788288281341, 43.767158877527855 ], [ 28.580796082536853, 43.788777478319616 ] ], [ [ 28.575846527233839, 43.762391899660521 ], [ 28.5788288281341, 43.767158877527855 ] ], [ [ 28.574703558059731, 43.75554146325203 ], [ 28.575846527233839, 43.762391899660521 ] ], [ [ 28.574703558059731, 43.75554146325203 ], [ 28.579247763640666, 43.745787789501456 ] ], [ [ 28.579247763640666, 43.745787789501456 ], [ 28.579031163811994, 43.738718092497685 ] ], [ [ 28.446498552349748, 43.733719955590573 ], [ 28.579031163811994, 43.738718092497685 ] ], [ [ 28.375921544599851, 43.746981979903452 ], [ 28.446498552349748, 43.733719955590573 ] ], [ [ 28.34848204368145, 43.752146625907606 ], [ 28.375921544599851, 43.746981979903452 ] ], [ [ 28.236431434509669, 43.758488417822953 ], [ 28.34848204368145, 43.752146625907606 ] ], [ [ 28.137784068702945, 43.790237421933099 ], [ 28.236431434509669, 43.758488417822953 ] ], [ [ 28.11595296728045, 43.797182054398618 ], [ 28.137784068702945, 43.790237421933099 ] ], [ [ 28.064779635071844, 43.817757829792065 ], [ 28.11595296728045, 43.797182054398618 ] ], [ [ 28.015793089309177, 43.836886200245814 ], [ 28.064779635071844, 43.817757829792065 ] ], [ [ 28.004005134502673, 43.840143965204817 ], [ 28.015793089309177, 43.836886200245814 ] ] ] } },
{ "type": "Feature", "properties": { "id": 6, "leftRegion": "Sud", "leftId": 831, "rightRegion": "Sud-Est", "rightId": 822, "version": "2025/03/26" }, "geometry": { "type": "MultiLineString", "coordinates": [ [ [ 27.27137435237162, 44.126336327676206 ], [ 27.274625928564273, 44.128022741314119 ] ], [ [ 27.274625928564273, 44.128022741314119 ], [ 27.295399411985812, 44.138140619911368 ] ], [ [ 27.295399411985812, 44.138140619911368 ], [ 27.30534444571882, 44.140456400539705 ] ], [ [ 27.30534444571882, 44.140456400539705 ], [ 27.315121965156766, 44.140592021831175 ] ], [ [ 27.315121965156766, 44.140592021831175 ], [ 27.327857723236082, 44.139285027838163 ] ], [ [ 27.327857723236082, 44.139285027838163 ], [ 27.345792426654821, 44.131251818618438 ] ], [ [ 27.345792426654821, 44.131251818618438 ], [ 27.359485355575099, 44.128826913182778 ] ], [ [ 27.359485355575099, 44.128826913182778 ], [ 27.376854401096818, 44.128309179441693 ] ], [ [ 27.376854401096818, 44.128309179441693 ], [ 27.392757591641004, 44.131944700726642 ] ], [ [ 27.392757591641004, 44.131944700726642 ], [ 27.397968256126052, 44.131461752112656 ] ], [ [ 27.397968256126052, 44.131461752112656 ], [ 27.407518562725844, 44.130518131677015 ] ], [ [ 27.407518562725844, 44.130518131677015 ], [ 27.425114873652191, 44.126469413426314 ] ], [ [ 27.425114873652191, 44.126469413426314 ], [ 27.443625077853739, 44.123978876149003 ] ], [ [ 27.443625077853739, 44.123978876149003 ], [ 27.453458882623366, 44.125074575884099 ] ], [ [ 27.453458882623366, 44.125074575884099 ], [ 27.463951712109363, 44.129810855737404 ] ], [ [ 27.463951712109363, 44.129810855737404 ], [ 27.47595192669991, 44.137743783249014 ] ], [ [ 27.47595192669991, 44.137743783249014 ], [ 27.484766638942084, 44.143956968406549 ] ], [ [ 27.484766638942084, 44.143956968406549 ], [ 27.503952135355032, 44.151370294072549 ] ], [ [ 27.503952135355032, 44.151370294072549 ], [ 27.508405765326557, 44.154317893690347 ] ], [ [ 27.508405765326557, 44.154317893690347 ], [ 27.518340999760746, 44.164083268690064 ] ], [ [ 27.518340999760746, 44.164083268690064 ], [ 27.528354153513483, 44.170070872055 ] ], [ [ 27.528354153513483, 44.170070872055 ], [ 27.54459825405533, 44.175664127000616 ] ], [ [ 27.54459825405533, 44.175664127000616 ], [ 27.551636739291588, 44.179865064021691 ] ], [ [ 27.551636739291588, 44.179865064021691 ], [ 27.563423139888609, 44.184651990339134 ] ], [ [ 27.563423139888609, 44.184651990339134 ], [ 27.577813355954824, 44.190731562796032 ] ], [ [ 27.577813355954824, 44.190731562796032 ], [ 27.600658869400849, 44.198325142065258 ] ], [ [ 27.600658869400849, 44.198325142065258 ], [ 27.615150307886825, 44.199843089085121 ] ], [ [ 27.615150307886825, 44.199843089085121 ], [ 27.629412156746383, 44.205322949312013 ] ], [ [ 27.629412156746383, 44.205322949312013 ], [ 27.636989867411, 44.206061917650445 ] ], [ [ 27.636989867411, 44.206061917650445 ], [ 27.650488071963039, 44.205013228266083 ] ], [ [ 27.650488071963039, 44.205013228266083 ], [ 27.665908949361391, 44.202362230826274 ] ], [ [ 27.665908949361391, 44.202362230826274 ], [ 27.683873679161849, 44.201197442926784 ] ], [ [ 27.683873679161849, 44.201197442926784 ], [ 27.700213460745172, 44.196437117715249 ] ], [ [ 27.700213460745172, 44.196437117715249 ], [ 27.714230337026958, 44.196092987543835 ] ], [ [ 27.714230337026958, 44.196092987543835 ], [ 27.732962167714707, 44.199425046896081 ] ], [ [ 27.732962167714707, 44.199425046896081 ], [ 27.741501359683038, 44.205323348538876 ] ], [ [ 27.741501359683038, 44.205323348538876 ], [ 27.757303600997915, 44.216016526613863 ] ], [ [ 27.757303600997915, 44.216016526613863 ], [ 27.778648129636537, 44.23255148775003 ] ], [ [ 27.778648129636537, 44.23255148775003 ], [ 27.78583157807137, 44.235836086538647 ] ], [ [ 27.78583157807137, 44.235836086538647 ], [ 27.800753156098914, 44.240139925489622 ] ], [ [ 27.800753156098914, 44.240139925489622 ], [ 27.815572365478857, 44.242870332331989 ] ], [ [ 27.815572365478857, 44.242870332331989 ], [ 27.828660497545005, 44.246575903592849 ] ], [ [ 27.828660497545005, 44.246575903592849 ], [ 27.838271236934769, 44.246856996598268 ] ], [ [ 27.838271236934769, 44.246856996598268 ], [ 27.852204907499214, 44.244862949564933 ] ], [ [ 27.852204907499214, 44.244862949564933 ], [ 27.862586139641866, 44.245336501605877 ] ], [ [ 27.862586139641866, 44.245336501605877 ], [ 27.874583109970395, 44.247694639236876 ] ], [ [ 27.874583109970395, 44.247694639236876 ], [ 27.884942509296728, 44.251045078103587 ] ], [ [ 27.884942509296728, 44.251045078103587 ], [ 27.890568750239602, 44.251043281198719 ] ], [ [ 27.890568750239602, 44.251043281198719 ], [ 27.908431785196093, 44.247561414567961 ] ], [ [ 27.908431785196093, 44.247561414567961 ], [ 27.922900241756558, 44.247685698921359 ] ], [ [ 27.922900241756558, 44.247685698921359 ], [ 27.936154144169304, 44.250623114971276 ] ], [ [ 27.936154144169304, 44.250623114971276 ], [ 27.949821744733285, 44.25711643134516 ] ], [ [ 27.949821744733285, 44.25711643134516 ], [ 27.967506415882056, 44.274135763085702 ] ], [ [ 27.967506415882056, 44.274135763085702 ], [ 27.978971149155456, 44.291721838502347 ] ], [ [ 27.978971149155456, 44.291721838502347 ], [ 27.99695769527953, 44.304589559717186 ] ], [ [ 27.99695769527953, 44.304589559717186 ], [ 28.001935919846929, 44.311715202596439 ] ], [ [ 28.001935919846929, 44.311715202596439 ], [ 28.011879063084255, 44.322080378812593 ] ], [ [ 28.011879063084255, 44.322080378812593 ], [ 28.013966999629229, 44.33291990056707 ] ], [ [ 28.013966999629229, 44.33291990056707 ], [ 28.017407606861081, 44.340250472692908 ] ], [ [ 28.017407606861081, 44.340250472692908 ], [ 28.019647381187443, 44.344934907330625 ] ], [ [ 28.019647381187443, 44.344934907330625 ], [ 28.021657925149736, 44.356451150521472 ] ], [ [ 28.021657925149736, 44.356451150521472 ], [ 28.024543379251067, 44.362157651524399 ] ], [ [ 28.024543379251067, 44.362157651524399 ], [ 28.031243070091204, 44.371366460034295 ] ], [ [ 28.031243070091204, 44.371366460034295 ], [ 28.039045646799689, 44.378660484199216 ] ], [ [ 28.039045646799689, 44.378660484199216 ], [ 28.043254579612636, 44.38461760073087 ] ], [ [ 28.043254579612636, 44.38461760073087 ], [ 28.05886431001132, 44.396033058453661 ] ], [ [ 28.05886431001132, 44.396033058453661 ], [ 28.069400787462179, 44.403929300900693 ] ], [ [ 28.069400787462179, 44.403929300900693 ], [ 28.070825828458492, 44.411267226715339 ] ], [ [ 28.070825828458492, 44.411267226715339 ], [ 28.075996953504792, 44.416002676082506 ] ], [ [ 28.075996953504792, 44.416002676082506 ], [ 28.088531041002302, 44.42048711797473 ] ], [ [ 28.088531041002302, 44.42048711797473 ], [ 28.104690230267341, 44.428612578161491 ] ], [ [ 28.104690230267341, 44.428612578161491 ], [ 28.110493911110439, 44.437232300112107 ] ], [ [ 28.108967094462603, 44.442782663226026 ], [ 28.110493911110439, 44.437232300112107 ] ], [ [ 28.098270712445132, 44.456163686880174 ], [ 28.108967094462603, 44.442782663226026 ] ], [ [ 28.097257724047275, 44.46188960501101 ], [ 28.098270712445132, 44.456163686880174 ] ], [ [ 28.094756644324264, 44.474177028488754 ], [ 28.097257724047275, 44.46188960501101 ] ], [ [ 28.090012019108613, 44.487834001773479 ], [ 28.094756644324264, 44.474177028488754 ] ], [ [ 28.080271385243368, 44.496971112286261 ], [ 28.090012019108613, 44.487834001773479 ] ], [ [ 28.0640067284743, 44.503000455898885 ], [ 28.080271385243368, 44.496971112286261 ] ], [ [ 28.052812716806894, 44.509285883122701 ], [ 28.0640067284743, 44.503000455898885 ] ], [ [ 28.047634928985797, 44.519656394477863 ], [ 28.052812716806894, 44.509285883122701 ] ], [ [ 28.04605912743623, 44.525942382972922 ], [ 28.047634928985797, 44.519656394477863 ] ], [ [ 28.034619086649787, 44.547406335755831 ], [ 28.04605912743623, 44.525942382972922 ] ], [ [ 28.029048671465151, 44.554191428299518 ], [ 28.034619086649787, 44.547406335755831 ] ], [ [ 28.016547276062109, 44.564820349897055 ], [ 28.029048671465151, 44.554191428299518 ] ], [ [ 28.013770811938638, 44.575369295686201 ], [ 28.016547276062109, 44.564820349897055 ] ], [ [ 28.013737992716017, 44.58442236759543 ], [ 28.013770811938638, 44.575369295686201 ] ], [ [ 28.013737992716017, 44.58442236759543 ], [ 28.016133666552509, 44.58870335689199 ] ], [ [ 28.016133666552509, 44.58870335689199 ], [ 28.025924915362722, 44.599571140589944 ] ], [ [ 28.025924915362722, 44.599571140589944 ], [ 28.032612417275605, 44.607259400329198 ] ], [ [ 28.032612417275605, 44.607259400329198 ], [ 28.033271497942387, 44.612957899326368 ] ], [ [ 28.033271497942387, 44.612957899326368 ], [ 28.034076041410309, 44.617127487453715 ] ], [ [ 28.031770632747666, 44.6252942259582 ], [ 28.034076041410309, 44.617127487453715 ] ], [ [ 28.023963245289181, 44.63430693561579 ], [ 28.031770632747666, 44.6252942259582 ] ], [ [ 28.015664611463105, 44.641291475268616 ], [ 28.023963245289181, 44.63430693561579 ] ], [ [ 28.004182367425617, 44.645699822978344 ], [ 28.015664611463105, 44.641291475268616 ] ], [ [ 27.99276595608378, 44.654607772963786 ], [ 28.004182367425617, 44.645699822978344 ] ], [ [ 27.983454350249822, 44.659594441271544 ], [ 27.99276595608378, 44.654607772963786 ] ], [ [ 27.96797887609949, 44.669823468792856 ], [ 27.983454350249822, 44.659594441271544 ] ], [ [ 27.958876484395532, 44.679787821427205 ], [ 27.96797887609949, 44.669823468792856 ] ], [ [ 27.939989137441742, 44.678200165292019 ], [ 27.958876484395532, 44.679787821427205 ] ], [ [ 27.934368730672521, 44.678778870590342 ], [ 27.939989137441742, 44.678200165292019 ] ], [ [ 27.927520838477214, 44.68204912013033 ], [ 27.934368730672521, 44.678778870590342 ] ], [ [ 27.922129946799213, 44.689323422480427 ], [ 27.927520838477214, 44.68204912013033 ] ], [ [ 27.911439897734251, 44.696931747092819 ], [ 27.922129946799213, 44.689323422480427 ] ], [ [ 27.891295974992666, 44.70312647001267 ], [ 27.911439897734251, 44.696931747092819 ] ], [ [ 27.880337756587956, 44.709383405228714 ], [ 27.891295974992666, 44.70312647001267 ] ], [ [ 27.874639270319054, 44.717316922975378 ], [ 27.880337756587956, 44.709383405228714 ] ], [ [ 27.871503539760276, 44.726176096170178 ], [ 27.874639270319054, 44.717316922975378 ] ], [ [ 27.871503539760276, 44.726176096170178 ], [ 27.871958240221428, 44.73453599321742 ] ], [ [ 27.871958240221428, 44.73453599321742 ], [ 27.875641633364626, 44.751186217819125 ] ], [ [ 27.875641633364626, 44.751186217819125 ], [ 27.881039275474834, 44.763079930924185 ] ], [ [ 27.879220465042792, 44.769282835377325 ], [ 27.881039275474834, 44.763079930924185 ] ], [ [ 27.874947738592521, 44.773597014505235 ], [ 27.879220465042792, 44.769282835377325 ] ], [ [ 27.869402581101234, 44.775383042455253 ], [ 27.874947738592521, 44.773597014505235 ] ], [ [ 27.857320951914556, 44.775577549446332 ], [ 27.869402581101234, 44.775383042455253 ] ], [ [ 27.831422634194702, 44.779094230339723 ], [ 27.857320951914556, 44.775577549446332 ] ], [ [ 27.823321668471038, 44.786292708133175 ], [ 27.831422634194702, 44.779094230339723 ] ], [ [ 27.820759606904211, 44.793624818508988 ], [ 27.823321668471038, 44.786292708133175 ] ], [ [ 27.820840537931428, 44.799824068985572 ], [ 27.820759606904211, 44.793624818508988 ] ], [ [ 27.820840537931428, 44.799824068985572 ], [ 27.826260796088896, 44.809661209146697 ] ], [ [ 27.826488202038554, 44.820016978239742 ], [ 27.826260796088896, 44.809661209146697 ] ], [ [ 27.805848140066821, 44.819872973475903 ], [ 27.826488202038554, 44.820016978239742 ] ], [ [ 27.800423011288835, 44.814786711442324 ], [ 27.805848140066821, 44.819872973475903 ] ], [ [ 27.788554040603241, 44.818772001891375 ], [ 27.800423011288835, 44.814786711442324 ] ], [ [ 27.78278839557899, 44.815223376364877 ], [ 27.788554040603241, 44.818772001891375 ] ], [ [ 27.775589684000664, 44.804961750599517 ], [ 27.78278839557899, 44.815223376364877 ] ], [ [ 27.750567632177276, 44.807680247652122 ], [ 27.775589684000664, 44.804961750599517 ] ], [ [ 27.728289608384085, 44.801722944090422 ], [ 27.750567632177276, 44.807680247652122 ] ], [ [ 27.725437486845703, 44.793848114138569 ], [ 27.728289608384085, 44.801722944090422 ] ], [ [ 27.725437486845703, 44.793848114138569 ], [ 27.737824230061555, 44.788197591622257 ] ], [ [ 27.737824230061555, 44.788197591622257 ], [ 27.743702311563993, 44.78844454419832 ] ], [ [ 27.743702311563993, 44.78844454419832 ], [ 27.744238529820763, 44.779245345574445 ] ], [ [ 27.722842470890193, 44.777930269872321 ], [ 27.744238529820763, 44.779245345574445 ] ], [ [ 27.720490390017446, 44.766898024055706 ], [ 27.722842470890193, 44.777930269872321 ] ], [ [ 27.649067448714074, 44.770304316993787 ], [ 27.720490390017446, 44.766898024055706 ] ], [ [ 27.648403210926929, 44.775772494406674 ], [ 27.649067448714074, 44.770304316993787 ] ], [ [ 27.620526727038737, 44.777242897749765 ], [ 27.648403210926929, 44.775772494406674 ] ], [ [ 27.591011054798372, 44.777963356369249 ], [ 27.620526727038737, 44.777242897749765 ] ], [ [ 27.591011054798372, 44.777963356369249 ], [ 27.591610380605513, 44.783453099496867 ] ], [ [ 27.540471410237391, 44.783513785289031 ], [ 27.591610380605513, 44.783453099496867 ] ], [ [ 27.533214350033422, 44.784318204499804 ], [ 27.540471410237391, 44.783513785289031 ] ], [ [ 27.528858693874081, 44.788547222095069 ], [ 27.533214350033422, 44.784318204499804 ] ], [ [ 27.521564659560202, 44.788902458625707 ], [ 27.528858693874081, 44.788547222095069 ] ], [ [ 27.521564659560202, 44.788902458625707 ], [ 27.526833001198629, 44.774018202269929 ] ], [ [ 27.503125556145775, 44.774427681350666 ], [ 27.526833001198629, 44.774018202269929 ] ], [ [ 27.503339495699596, 44.780051292410832 ], [ 27.503125556145775, 44.774427681350666 ] ], [ [ 27.483940079035357, 44.780433815571136 ], [ 27.503339495699596, 44.780051292410832 ] ], [ [ 27.47801222087006, 44.7752073420126 ], [ 27.483940079035357, 44.780433815571136 ] ], [ [ 27.436794185191374, 44.798958539368634 ], [ 27.47801222087006, 44.7752073420126 ] ], [ [ 27.407758792003612, 44.773017093014566 ], [ 27.436794185191374, 44.798958539368634 ] ], [ [ 27.39159245035605, 44.783370183036936 ], [ 27.407758792003612, 44.773017093014566 ] ], [ [ 27.38196079415485, 44.774683600008011 ], [ 27.39159245035605, 44.783370183036936 ] ], [ [ 27.363873771448297, 44.787476914510705 ], [ 27.38196079415485, 44.774683600008011 ] ], [ [ 27.363873771448297, 44.787476914510705 ], [ 27.365722772483281, 44.789588163753436 ] ], [ [ 27.341120291025092, 44.802612484009778 ], [ 27.365722772483281, 44.789588163753436 ] ], [ [ 27.336128173207086, 44.798256866517178 ], [ 27.341120291025092, 44.802612484009778 ] ], [ [ 27.309599820808163, 44.774697117217485 ], [ 27.336128173207086, 44.798256866517178 ] ], [ [ 27.288622910271108, 44.785817291096919 ], [ 27.309599820808163, 44.774697117217485 ] ], [ [ 27.269335410883677, 44.763278169933187 ], [ 27.288622910271108, 44.785817291096919 ] ], [ [ 27.257624597285844, 44.749684842146671 ], [ 27.269335410883677, 44.763278169933187 ] ], [ [ 27.244035982877758, 44.757183390916644 ], [ 27.257624597285844, 44.749684842146671 ] ], [ [ 27.230788798798304, 44.768748886396352 ], [ 27.244035982877758, 44.757183390916644 ] ], [ [ 27.221564990098624, 44.77530637244115 ], [ 27.230788798798304, 44.768748886396352 ] ], [ [ 27.221564990098624, 44.77530637244115 ], [ 27.223577903131062, 44.782600091345422 ] ], [ [ 27.203486772346185, 44.787077127884658 ], [ 27.223577903131062, 44.782600091345422 ] ], [ [ 27.20303587378254, 44.786042412357162 ], [ 27.203486772346185, 44.787077127884658 ] ], [ [ 27.177275572357203, 44.787219551469931 ], [ 27.20303587378254, 44.786042412357162 ] ], [ [ 27.155641496845583, 44.788775209905694 ], [ 27.177275572357203, 44.787219551469931 ] ], [ [ 27.148178740526564, 44.767904745988133 ], [ 27.155641496845583, 44.788775209905694 ] ], [ [ 27.148178740526564, 44.767904745988133 ], [ 27.168744428670735, 44.762404129897043 ] ], [ [ 27.166445435279428, 44.757125033858898 ], [ 27.168744428670735, 44.762404129897043 ] ], [ [ 27.166445435279428, 44.757125033858898 ], [ 27.187464264762699, 44.751291880982322 ] ], [ [ 27.179233369948115, 44.735282752642398 ], [ 27.187464264762699, 44.751291880982322 ] ], [ [ 27.159208492672935, 44.740238631655494 ], [ 27.179233369948115, 44.735282752642398 ] ], [ [ 27.157449338450338, 44.736420311583338 ], [ 27.159208492672935, 44.740238631655494 ] ], [ [ 27.137342275146136, 44.741675694669027 ], [ 27.157449338450338, 44.736420311583338 ] ], [ [ 27.134084778447278, 44.735537311804642 ], [ 27.137342275146136, 44.741675694669027 ] ], [ [ 27.097919928357328, 44.744849736733229 ], [ 27.134084778447278, 44.735537311804642 ] ], [ [ 27.097919928357328, 44.744849736733229 ], [ 27.107720980395229, 44.767787673311148 ] ], [ [ 27.107720980395229, 44.767787673311148 ], [ 27.1108922808153, 44.781992098331557 ] ], [ [ 27.056241025150396, 44.796924525057896 ], [ 27.1108922808153, 44.781992098331557 ] ], [ [ 27.044902016381798, 44.803973349780044 ], [ 27.056241025150396, 44.796924525057896 ] ], [ [ 27.02860997529006, 44.812179284037107 ], [ 27.044902016381798, 44.803973349780044 ] ], [ [ 27.007973286146896, 44.824470063055379 ], [ 27.02860997529006, 44.812179284037107 ] ], [ [ 26.995468946705483, 44.813792106896095 ], [ 27.007973286146896, 44.824470063055379 ] ], [ [ 26.976206931252463, 44.792635258795684 ], [ 26.995468946705483, 44.813792106896095 ] ], [ [ 26.973274781722338, 44.788291366303291 ], [ 26.976206931252463, 44.792635258795684 ] ], [ [ 26.916964998005216, 44.805667515046494 ], [ 26.973274781722338, 44.788291366303291 ] ], [ [ 26.908358193939577, 44.805163487085444 ], [ 26.916964998005216, 44.805667515046494 ] ], [ [ 26.895200943459322, 44.810892878816361 ], [ 26.908358193939577, 44.805163487085444 ] ], [ [ 26.895200943459322, 44.810892878816361 ], [ 26.896294920726742, 44.812365697163649 ] ], [ [ 26.878387798936227, 44.820255862455511 ], [ 26.896294920726742, 44.812365697163649 ] ], [ [ 26.865812476362116, 44.806083200168842 ], [ 26.878387798936227, 44.820255862455511 ] ], [ [ 26.84646165860855, 44.81494934075279 ], [ 26.865812476362116, 44.806083200168842 ] ], [ [ 26.838842836413662, 44.808160749970682 ], [ 26.84646165860855, 44.81494934075279 ] ], [ [ 26.830429627343587, 44.797678509775757 ], [ 26.838842836413662, 44.808160749970682 ] ], [ [ 26.81685135659195, 44.804083487834198 ], [ 26.830429627343587, 44.797678509775757 ] ], [ [ 26.810206697161497, 44.795344398430437 ], [ 26.81685135659195, 44.804083487834198 ] ], [ [ 26.798031624464869, 44.801430354436206 ], [ 26.810206697161497, 44.795344398430437 ] ], [ [ 26.776597143148766, 44.815114770771295 ], [ 26.798031624464869, 44.801430354436206 ] ], [ [ 26.718745472954527, 44.809186138460163 ], [ 26.776597143148766, 44.815114770771295 ] ], [ [ 26.713984570975484, 44.819522412877227 ], [ 26.718745472954527, 44.809186138460163 ] ], [ [ 26.681159444590453, 44.810715344434385 ], [ 26.713984570975484, 44.819522412877227 ] ], [ [ 26.678700049220708, 44.808785751453911 ], [ 26.681159444590453, 44.810715344434385 ] ], [ [ 26.670955186756391, 44.811153897492638 ], [ 26.678700049220708, 44.808785751453911 ] ], [ [ 26.659370716082908, 44.815267472643818 ], [ 26.670955186756391, 44.811153897492638 ] ], [ [ 26.644833280346482, 44.822978700825011 ], [ 26.659370716082908, 44.815267472643818 ] ], [ [ 26.641409417733932, 44.81923661010449 ], [ 26.644833280346482, 44.822978700825011 ] ], [ [ 26.630954462465358, 44.813595828062766 ], [ 26.641409417733932, 44.81923661010449 ] ], [ [ 26.618978560464711, 44.833283829161175 ], [ 26.630954462465358, 44.813595828062766 ] ], [ [ 26.618393334568957, 44.840898280110459 ], [ 26.618978560464711, 44.833283829161175 ] ], [ [ 26.605576207970522, 44.856997210904325 ], [ 26.618393334568957, 44.840898280110459 ] ], [ [ 26.605576207970522, 44.856997210904325 ], [ 26.609963571496973, 44.859129087159793 ] ], [ [ 26.600901655919245, 44.86781711496738 ], [ 26.609963571496973, 44.859129087159793 ] ], [ [ 26.600901655919245, 44.86781711496738 ], [ 26.608372239259268, 44.872161913679371 ] ], [ [ 26.601766009985152, 44.877058404182378 ], [ 26.608372239259268, 44.872161913679371 ] ], [ [ 26.59307949746939, 44.886103819635629 ], [ 26.601766009985152, 44.877058404182378 ] ], [ [ 26.584991151367198, 44.882333491704543 ], [ 26.59307949746939, 44.886103819635629 ] ], [ [ 26.560768235491061, 44.908951927521336 ], [ 26.584991151367198, 44.882333491704543 ] ], [ [ 26.55376156958198, 44.915231785836312 ], [ 26.560768235491061, 44.908951927521336 ] ], [ [ 26.548259881167944, 44.915710188143485 ], [ 26.55376156958198, 44.915231785836312 ] ], [ [ 26.536270032583257, 44.910099864765684 ], [ 26.548259881167944, 44.915710188143485 ] ], [ [ 26.536269867578042, 44.916400091932026 ], [ 26.536270032583257, 44.910099864765684 ] ], [ [ 26.530545716451769, 44.937536069487166 ], [ 26.536269867578042, 44.916400091932026 ] ], [ [ 26.530545716451769, 44.937536069487166 ], [ 26.53157586987621, 44.939159299272482 ] ], [ [ 26.53157586987621, 44.939159299272482 ], [ 26.553068650865928, 44.94481872732181 ] ], [ [ 26.553068650865928, 44.94481872732181 ], [ 26.57944899853435, 44.95079596436279 ] ], [ [ 26.57943789739128, 44.952406546460637 ], [ 26.57944899853435, 44.95079596436279 ] ], [ [ 26.57943789739128, 44.952406546460637 ], [ 26.599935110290502, 44.955848389640259 ] ], [ [ 26.59279102607843, 44.964025053353097 ], [ 26.599935110290502, 44.955848389640259 ] ], [ [ 26.579337344834673, 44.961054872980824 ], [ 26.59279102607843, 44.964025053353097 ] ], [ [ 26.577239723086013, 44.971541482166216 ], [ 26.579337344834673, 44.961054872980824 ] ], [ [ 26.561377692271719, 44.990979287159675 ], [ 26.577239723086013, 44.971541482166216 ] ], [ [ 26.560926670678853, 44.994174999824253 ], [ 26.561377692271719, 44.990979287159675 ] ], [ [ 26.554928098815818, 44.999419415428044 ], [ 26.560926670678853, 44.994174999824253 ] ], [ [ 26.547148883836254, 44.997190473247471 ], [ 26.554928098815818, 44.999419415428044 ] ], [ [ 26.534591210451065, 45.003015077518612 ], [ 26.547148883836254, 44.997190473247471 ] ], [ [ 26.529566098223555, 45.014876447483054 ], [ 26.534591210451065, 45.003015077518612 ] ], [ [ 26.519344841122372, 45.012757365864395 ], [ 26.529566098223555, 45.014876447483054 ] ], [ [ 26.510025665959191, 45.012869819221976 ], [ 26.519344841122372, 45.012757365864395 ] ], [ [ 26.510025665959191, 45.012869819221976 ], [ 26.513600866913801, 45.003973202523916 ] ], [ [ 26.501930774376536, 44.999508733603186 ], [ 26.513600866913801, 45.003973202523916 ] ], [ [ 26.49624158545312, 45.006720133683459 ], [ 26.501930774376536, 44.999508733603186 ] ], [ [ 26.492000266774241, 45.005364706460369 ], [ 26.49624158545312, 45.006720133683459 ] ], [ [ 26.484391297628925, 45.018847120970442 ], [ 26.492000266774241, 45.005364706460369 ] ], [ [ 26.484391297628925, 45.018847120970442 ], [ 26.487262548953826, 45.020059282891339 ] ], [ [ 26.481728785581318, 45.027593978662388 ], [ 26.487262548953826, 45.020059282891339 ] ], [ [ 26.477009182949971, 45.034080883410361 ], [ 26.481728785581318, 45.027593978662388 ] ], [ [ 26.477009182949971, 45.034080883410361 ], [ 26.477378366071878, 45.039302866067089 ] ], [ [ 26.477378366071878, 45.039302866067089 ], [ 26.477938704518792, 45.047448343557527 ] ], [ [ 26.474842859346051, 45.047437233152081 ], [ 26.477938704518792, 45.047448343557527 ] ], [ [ 26.472520436024759, 45.056839555718568 ], [ 26.474842859346051, 45.047437233152081 ] ], [ [ 26.463006607995059, 45.070019001953291 ], [ 26.472520436024759, 45.056839555718568 ] ], [ [ 26.445916200945813, 45.073262011849394 ], [ 26.463006607995059, 45.070019001953291 ] ], [ [ 26.443255965536263, 45.075646179460449 ], [ 26.445916200945813, 45.073262011849394 ] ], [ [ 26.443255965536263, 45.075646179460449 ], [ 26.448796028177743, 45.079219872517342 ] ], [ [ 26.448796028177743, 45.079219872517342 ], [ 26.452117702835068, 45.08770487176195 ] ], [ [ 26.452117702835068, 45.08770487176195 ], [ 26.455575005198956, 45.091834427959789 ] ], [ [ 26.452001455098216, 45.098529473715004 ], [ 26.455575005198956, 45.091834427959789 ] ], [ [ 26.452001455098216, 45.098529473715004 ], [ 26.454744338903129, 45.099644624321073 ] ], [ [ 26.452081641111818, 45.108168670706561 ], [ 26.454744338903129, 45.099644624321073 ] ], [ [ 26.452081641111818, 45.108168670706561 ], [ 26.453402962976899, 45.111947911883085 ] ], [ [ 26.449457531964903, 45.115133921817616 ], [ 26.453402962976899, 45.111947911883085 ] ], [ [ 26.449482965614532, 45.126107518057708 ], [ 26.449457531964903, 45.115133921817616 ] ], [ [ 26.449482965614532, 45.126107518057708 ], [ 26.456466338019439, 45.12892184404916 ] ], [ [ 26.456340161364281, 45.13613992416218 ], [ 26.456466338019439, 45.12892184404916 ] ], [ [ 26.456340161364281, 45.13613992416218 ], [ 26.468549953278462, 45.139194696228351 ] ], [ [ 26.468549953278462, 45.139194696228351 ], [ 26.469622496882927, 45.141264101784579 ] ], [ [ 26.461974496849741, 45.158544005466268 ], [ 26.469622496882927, 45.141264101784579 ] ], [ [ 26.460465661342795, 45.167255206466713 ], [ 26.461974496849741, 45.158544005466268 ] ], [ [ 26.460465661342795, 45.167255206466713 ], [ 26.462311774916721, 45.176450203541705 ] ], [ [ 26.460724014306397, 45.18123342842636 ], [ 26.462311774916721, 45.176450203541705 ] ], [ [ 26.460724014306397, 45.18123342842636 ], [ 26.461722879745174, 45.192848283095756 ] ], [ [ 26.460373700975111, 45.198096890147404 ], [ 26.461722879745174, 45.192848283095756 ] ], [ [ 26.443925441575487, 45.189561067631196 ], [ 26.460373700975111, 45.198096890147404 ] ], [ [ 26.434195991282103, 45.184170372644047 ], [ 26.443925441575487, 45.189561067631196 ] ], [ [ 26.42063730863638, 45.175125944237564 ], [ 26.434195991282103, 45.184170372644047 ] ], [ [ 26.397187065555752, 45.178545139875943 ], [ 26.42063730863638, 45.175125944237564 ] ], [ [ 26.388933502512813, 45.173018859297585 ], [ 26.397187065555752, 45.178545139875943 ] ], [ [ 26.386033300074306, 45.167930434528714 ], [ 26.388933502512813, 45.173018859297585 ] ], [ [ 26.381603903683214, 45.166009328807775 ], [ 26.386033300074306, 45.167930434528714 ] ], [ [ 26.375673637254593, 45.158298409536265 ], [ 26.381603903683214, 45.166009328807775 ] ], [ [ 26.360983556574123, 45.164404698789461 ], [ 26.375673637254593, 45.158298409536265 ] ], [ [ 26.352722987784503, 45.164383782794729 ], [ 26.360983556574123, 45.164404698789461 ] ], [ [ 26.352722987784503, 45.164383782794729 ], [ 26.353856720010317, 45.173566938366477 ] ], [ [ 26.351225781769465, 45.186539049167656 ], [ 26.353856720010317, 45.173566938366477 ] ], [ [ 26.34592415828978, 45.186880210723565 ], [ 26.351225781769465, 45.186539049167656 ] ], [ [ 26.34592415828978, 45.186880210723565 ], [ 26.349123640527189, 45.192288389839177 ] ], [ [ 26.345880504174339, 45.195573307377586 ], [ 26.349123640527189, 45.192288389839177 ] ], [ [ 26.345880504174339, 45.195573307377586 ], [ 26.347639980652652, 45.202433102230813 ] ], [ [ 26.347639980652652, 45.202433102230813 ], [ 26.351153059135747, 45.204944474018021 ] ], [ [ 26.351153059135747, 45.204944474018021 ], [ 26.356765671098, 45.213265750471173 ] ], [ [ 26.348925856423243, 45.212181719058727 ], [ 26.356765671098, 45.213265750471173 ] ], [ [ 26.34596700850426, 45.214980820470778 ], [ 26.348925856423243, 45.212181719058727 ] ], [ [ 26.331366596552826, 45.217290700497401 ], [ 26.34596700850426, 45.214980820470778 ] ], [ [ 26.327488143168878, 45.216197805764317 ], [ 26.331366596552826, 45.217290700497401 ] ], [ [ 26.314509096332525, 45.208730522119602 ], [ 26.327488143168878, 45.216197805764317 ] ], [ [ 26.307638346230984, 45.208741715786886 ], [ 26.314509096332525, 45.208730522119602 ] ], [ [ 26.302862785090941, 45.202072758571717 ], [ 26.307638346230984, 45.208741715786886 ] ], [ [ 26.286093411102353, 45.207455091641599 ], [ 26.302862785090941, 45.202072758571717 ] ], [ [ 26.267722595730842, 45.206010863217607 ], [ 26.286093411102353, 45.207455091641599 ] ], [ [ 26.264787717249348, 45.20924983731188 ], [ 26.267722595730842, 45.206010863217607 ] ], [ [ 26.255960224120926, 45.208487213940401 ], [ 26.264787717249348, 45.20924983731188 ] ], [ [ 26.255960224120926, 45.208487213940401 ], [ 26.256450801751882, 45.201261217215595 ] ], [ [ 26.249917942359978, 45.199382276282819 ], [ 26.256450801751882, 45.201261217215595 ] ], [ [ 26.249917942359978, 45.199382276282819 ], [ 26.250561123425925, 45.206914894120892 ] ], [ [ 26.246761962890261, 45.213967129900531 ], [ 26.250561123425925, 45.206914894120892 ] ], [ [ 26.24512939277103, 45.221950818759247 ], [ 26.246761962890261, 45.213967129900531 ] ], [ [ 26.233569796795408, 45.234046350503839 ], [ 26.24512939277103, 45.221950818759247 ] ], [ [ 26.233569796795408, 45.234046350503839 ], [ 26.24243070616502, 45.235366651600302 ] ], [ [ 26.237595793914327, 45.239845196823275 ], [ 26.24243070616502, 45.235366651600302 ] ], [ [ 26.232455903545858, 45.239581716804743 ], [ 26.237595793914327, 45.239845196823275 ] ], [ [ 26.226142327874989, 45.244372736983848 ], [ 26.232455903545858, 45.239581716804743 ] ], [ [ 26.226142327874989, 45.244372736983848 ], [ 26.22634678192912, 45.247004984515598 ] ], [ [ 26.22634678192912, 45.247004984515598 ], [ 26.231084047640067, 45.25178143216236 ] ], [ [ 26.229633262326821, 45.260997876225815 ], [ 26.231084047640067, 45.25178143216236 ] ], [ [ 26.223386452299749, 45.273719904234135 ], [ 26.229633262326821, 45.260997876225815 ] ], [ [ 26.21736618175483, 45.277719447093013 ], [ 26.223386452299749, 45.273719904234135 ] ], [ [ 26.203057411589203, 45.273833858674124 ], [ 26.21736618175483, 45.277719447093013 ] ], [ [ 26.187304792860562, 45.276376617390639 ], [ 26.203057411589203, 45.273833858674124 ] ], [ [ 26.187304792860562, 45.276376617390639 ], [ 26.187493094503495, 45.279589324794294 ] ], [ [ 26.187493094503495, 45.279589324794294 ], [ 26.19320539272773, 45.284427803491326 ] ], [ [ 26.19320539272773, 45.284427803491326 ], [ 26.197758239058473, 45.286822139953188 ] ], [ [ 26.197758239058473, 45.286822139953188 ], [ 26.216169191436965, 45.300480560031602 ] ], [ [ 26.216169191436965, 45.300480560031602 ], [ 26.221063547362093, 45.305215290966252 ] ], [ [ 26.221063547362093, 45.305215290966252 ], [ 26.230222978234487, 45.306094925090427 ] ], [ [ 26.230222978234487, 45.306094925090427 ], [ 26.233628041708325, 45.31462951470305 ] ], [ [ 26.228367314452239, 45.321069707310009 ], [ 26.233628041708325, 45.31462951470305 ] ], [ [ 26.221791589033135, 45.326378957866829 ], [ 26.228367314452239, 45.321069707310009 ] ], [ [ 26.211524045866046, 45.326681122115779 ], [ 26.221791589033135, 45.326378957866829 ] ], [ [ 26.206534921852093, 45.335071827219593 ], [ 26.211524045866046, 45.326681122115779 ] ], [ [ 26.201555380541837, 45.338138075698978 ], [ 26.206534921852093, 45.335071827219593 ] ], [ [ 26.194982599310773, 45.346774715075114 ], [ 26.201555380541837, 45.338138075698978 ] ], [ [ 26.190371741403631, 45.347255945715574 ], [ 26.194982599310773, 45.346774715075114 ] ], [ [ 26.18598869361356, 45.357333647284882 ], [ 26.190371741403631, 45.347255945715574 ] ], [ [ 26.179119163736051, 45.357900875754225 ], [ 26.18598869361356, 45.357333647284882 ] ], [ [ 26.173551431530711, 45.362587104894914 ], [ 26.179119163736051, 45.357900875754225 ] ], [ [ 26.166760640199723, 45.36348390782635 ], [ 26.173551431530711, 45.362587104894914 ] ], [ [ 26.161565481617771, 45.367683277732169 ], [ 26.166760640199723, 45.36348390782635 ] ], [ [ 26.153453743371887, 45.377013370495824 ], [ 26.161565481617771, 45.367683277732169 ] ], [ [ 26.153453743371887, 45.377013370495824 ], [ 26.15810701350496, 45.390373450160354 ] ], [ [ 26.15810701350496, 45.390373450160354 ], [ 26.165984359279381, 45.396189280631852 ] ], [ [ 26.164967883434791, 45.401341340677995 ], [ 26.165984359279381, 45.396189280631852 ] ], [ [ 26.152895403349305, 45.404500047483083 ], [ 26.164967883434791, 45.401341340677995 ] ], [ [ 26.150524271097972, 45.407678185076385 ], [ 26.152895403349305, 45.404500047483083 ] ], [ [ 26.144695340886539, 45.408405038260845 ], [ 26.150524271097972, 45.407678185076385 ] ], [ [ 26.142548210319458, 45.414817035439874 ], [ 26.144695340886539, 45.408405038260845 ] ], [ [ 26.142548210319458, 45.414817035439874 ], [ 26.147193116649024, 45.421192853360083 ] ], [ [ 26.147193116649024, 45.421192853360083 ], [ 26.149452050857892, 45.430361717862894 ] ], [ [ 26.148148739112312, 45.434470048972869 ], [ 26.149452050857892, 45.430361717862894 ] ], [ [ 26.148148739112312, 45.434470048972869 ], [ 26.150551149918545, 45.443054673171041 ] ], [ [ 26.148381621815336, 45.457316277670479 ], [ 26.150551149918545, 45.443054673171041 ] ], [ [ 26.1389332377112, 45.465499634720757 ], [ 26.148381621815336, 45.457316277670479 ] ], [ [ 26.130433715338071, 45.470745298319969 ], [ 26.1389332377112, 45.465499634720757 ] ], [ [ 26.117250706693106, 45.47682753649412 ], [ 26.130433715338071, 45.470745298319969 ] ], [ [ 26.107194610958022, 45.476763974810794 ], [ 26.117250706693106, 45.47682753649412 ] ], [ [ 26.096955843037392, 45.481057433294424 ], [ 26.107194610958022, 45.476763974810794 ] ], [ [ 26.091389558372573, 45.485511462315976 ], [ 26.096955843037392, 45.481057433294424 ] ], [ [ 26.086466560448354, 45.491754781200321 ], [ 26.091389558372573, 45.485511462315976 ] ], [ [ 26.086466560448354, 45.491754781200321 ], [ 26.086733678300789, 45.495335239136708 ] ], [ [ 26.078903943911353, 45.498820168654035 ], [ 26.086733678300789, 45.495335239136708 ] ], [ [ 26.072739691897812, 45.505794342754669 ], [ 26.078903943911353, 45.498820168654035 ] ] ] } },
{ "type": "Feature", "properties": { "id": 7, "leftRegion": "Centru", "leftId": 877, "rightRegion": "Sud-Est", "rightId": 822, "version": "2025/03/26" }, "geometry": { "type": "MultiLineString", "coordinates": [ [ [ 26.072739691897812, 45.505794342754669 ], [ 26.078433467092346, 45.512703344710964 ] ], [ [ 26.078433467092346, 45.512703344710964 ], [ 26.086651177181146, 45.51710319558326 ] ], [ [ 26.086651177181146, 45.51710319558326 ], [ 26.093355738922174, 45.516312749507577 ] ], [ [ 26.093355738922174, 45.516312749507577 ], [ 26.09593044243676, 45.517615181374282 ] ], [ [ 26.09593044243676, 45.517615181374282 ], [ 26.098382376237357, 45.528705680749489 ] ], [ [ 26.098382376237357, 45.528705680749489 ], [ 26.106809364597506, 45.535537212097118 ] ], [ [ 26.106809364597506, 45.535537212097118 ], [ 26.113884987989604, 45.544376758523534 ] ], [ [ 26.113884987989604, 45.544376758523534 ], [ 26.121853744319839, 45.549114123100665 ] ], [ [ 26.121853744319839, 45.549114123100665 ], [ 26.122095684257143, 45.552524279603119 ] ], [ [ 26.122095684257143, 45.552524279603119 ], [ 26.128391782696298, 45.561918536250872 ] ], [ [ 26.128391782696298, 45.561918536250872 ], [ 26.133535402902801, 45.56422831002363 ] ], [ [ 26.133535402902801, 45.56422831002363 ], [ 26.142634124385978, 45.574299260442693 ] ], [ [ 26.142634124385978, 45.574299260442693 ], [ 26.143964545080028, 45.581522635952766 ] ], [ [ 26.143964545080028, 45.581522635952766 ], [ 26.147718199503007, 45.584925829073775 ] ], [ [ 26.147718199503007, 45.584925829073775 ], [ 26.155540852528414, 45.584953525733283 ] ], [ [ 26.155540852528414, 45.584953525733283 ], [ 26.156879056973892, 45.576348976456373 ] ], [ [ 26.156879056973892, 45.576348976456373 ], [ 26.167673819522104, 45.568313899923176 ] ], [ [ 26.167673819522104, 45.568313899923176 ], [ 26.17045479584543, 45.562411131656454 ] ], [ [ 26.17045479584543, 45.562411131656454 ], [ 26.17975949777593, 45.574594076293501 ] ], [ [ 26.175149480034392, 45.576731577757535 ], [ 26.17975949777593, 45.574594076293501 ] ], [ [ 26.175149480034392, 45.576731577757535 ], [ 26.175561137411524, 45.581572953668172 ] ], [ [ 26.175561137411524, 45.581572953668172 ], [ 26.178988055011928, 45.587330211481195 ] ], [ [ 26.177781774328956, 45.594764851219196 ], [ 26.178988055011928, 45.587330211481195 ] ], [ [ 26.177781774328956, 45.594764851219196 ], [ 26.184395041096828, 45.595518034656962 ] ], [ [ 26.184395041096828, 45.595518034656962 ], [ 26.185449248293352, 45.608308802735408 ] ], [ [ 26.185449248293352, 45.608308802735408 ], [ 26.208955428117317, 45.616413952196936 ] ], [ [ 26.208955428117317, 45.616413952196936 ], [ 26.210374703059845, 45.620684692025755 ] ], [ [ 26.210374703059845, 45.620684692025755 ], [ 26.21928358491639, 45.622071110205354 ] ], [ [ 26.21928358491639, 45.622071110205354 ], [ 26.234670986856315, 45.62209879423208 ] ], [ [ 26.234670986856315, 45.62209879423208 ], [ 26.247086545317774, 45.624861774078056 ] ], [ [ 26.247086545317774, 45.624861774078056 ], [ 26.24733984322263, 45.621402307082484 ] ], [ [ 26.24733984322263, 45.621402307082484 ], [ 26.255314875151686, 45.616900183459506 ] ], [ [ 26.249519422821731, 45.611063996813797 ], [ 26.255314875151686, 45.616900183459506 ] ], [ [ 26.249519422821731, 45.611063996813797 ], [ 26.250582498307089, 45.603554954355396 ] ], [ [ 26.250582498307089, 45.603554954355396 ], [ 26.253047715744479, 45.600734254937635 ] ], [ [ 26.253047715744479, 45.600734254937635 ], [ 26.264072859635352, 45.597243543785581 ] ], [ [ 26.264072859635352, 45.597243543785581 ], [ 26.27590208408591, 45.5913549943851 ] ], [ [ 26.27590208408591, 45.5913549943851 ], [ 26.281679127049401, 45.585786630470572 ] ], [ [ 26.281679127049401, 45.585786630470572 ], [ 26.285251859805619, 45.593744456074624 ] ], [ [ 26.285251859805619, 45.593744456074624 ], [ 26.295663422318292, 45.597996110825079 ] ], [ [ 26.295663422318292, 45.597996110825079 ], [ 26.29809741533262, 45.603556714711857 ] ], [ [ 26.29809741533262, 45.603556714711857 ], [ 26.303795029520398, 45.606699250508484 ] ], [ [ 26.303795029520398, 45.606699250508484 ], [ 26.310313753963413, 45.606573428714334 ] ], [ [ 26.310313753963413, 45.606573428714334 ], [ 26.31659045138592, 45.615275694804922 ] ], [ [ 26.31659045138592, 45.615275694804922 ], [ 26.317769871214463, 45.620771965009268 ] ], [ [ 26.317769871214463, 45.620771965009268 ], [ 26.326195482367396, 45.624705796839152 ] ], [ [ 26.326195482367396, 45.624705796839152 ], [ 26.330094756254148, 45.637753722114923 ] ], [ [ 26.326916313285349, 45.640401889612058 ], [ 26.330094756254148, 45.637753722114923 ] ], [ [ 26.324196881283722, 45.649134119278848 ], [ 26.326916313285349, 45.640401889612058 ] ], [ [ 26.324196881283722, 45.649134119278848 ], [ 26.329749025795991, 45.658536692400254 ] ], [ [ 26.329749025795991, 45.658536692400254 ], [ 26.334513148828016, 45.676701547593261 ] ], [ [ 26.332151367120069, 45.684205130168195 ], [ 26.334513148828016, 45.676701547593261 ] ], [ [ 26.332151367120069, 45.684205130168195 ], [ 26.336536211553238, 45.686751275506111 ] ], [ [ 26.33661893886654, 45.691970461628109 ], [ 26.336536211553238, 45.686751275506111 ] ], [ [ 26.33661893886654, 45.691970461628109 ], [ 26.341886312245212, 45.700163201302729 ] ], [ [ 26.341886312245212, 45.700163201302729 ], [ 26.345844515752219, 45.702392237067457 ] ], [ [ 26.345844515752219, 45.702392237067457 ], [ 26.350334955532862, 45.703614193281723 ] ], [ [ 26.350334955532862, 45.703614193281723 ], [ 26.35828003621759, 45.714393698780235 ] ], [ [ 26.353930381735907, 45.717390817922571 ], [ 26.35828003621759, 45.714393698780235 ] ], [ [ 26.353899938882186, 45.721035495632186 ], [ 26.353930381735907, 45.717390817922571 ] ], [ [ 26.353899938882186, 45.721035495632186 ], [ 26.364846325521775, 45.722716025229666 ] ], [ [ 26.364846325521775, 45.722716025229666 ], [ 26.368171888650945, 45.729143040070568 ] ], [ [ 26.368171888650945, 45.729143040070568 ], [ 26.371528750883204, 45.73404469947446 ] ], [ [ 26.371528750883204, 45.73404469947446 ], [ 26.378984070620589, 45.733856076427003 ] ], [ [ 26.378984070620589, 45.733856076427003 ], [ 26.384533615233927, 45.736227242596321 ] ], [ [ 26.381675393774898, 45.742659551001147 ], [ 26.384533615233927, 45.736227242596321 ] ], [ [ 26.380738841658594, 45.749750626189169 ], [ 26.381675393774898, 45.742659551001147 ] ], [ [ 26.380738841658594, 45.749750626189169 ], [ 26.389383591109191, 45.766768470762884 ] ], [ [ 26.383331303450667, 45.782692999246692 ], [ 26.389383591109191, 45.766768470762884 ] ], [ [ 26.383331303450667, 45.782692999246692 ], [ 26.386146935418513, 45.794774479150909 ] ], [ [ 26.386146935418513, 45.794774479150909 ], [ 26.392116593809643, 45.802397974855246 ] ], [ [ 26.384702392960136, 45.80602034387681 ], [ 26.392116593809643, 45.802397974855246 ] ], [ [ 26.382090786145547, 45.813758972500018 ], [ 26.384702392960136, 45.80602034387681 ] ], [ [ 26.374936716105246, 45.820910938535775 ], [ 26.382090786145547, 45.813758972500018 ] ], [ [ 26.374936716105246, 45.820910938535775 ], [ 26.37810195601142, 45.826770961143495 ] ], [ [ 26.377189403259866, 45.836364057949766 ], [ 26.37810195601142, 45.826770961143495 ] ], [ [ 26.371007047549384, 45.843369261741017 ], [ 26.377189403259866, 45.836364057949766 ] ], [ [ 26.371007047549384, 45.843369261741017 ], [ 26.372287064303968, 45.849538799409345 ] ], [ [ 26.372287064303968, 45.849538799409345 ], [ 26.37333876716119, 45.8556205355058 ] ], [ [ 26.37333876716119, 45.8556205355058 ], [ 26.376948265214626, 45.860143778858117 ] ], [ [ 26.376948265214626, 45.860143778858117 ], [ 26.381074685545919, 45.862562866211263 ] ], [ [ 26.381074685545919, 45.862562866211263 ], [ 26.387989412627508, 45.87359369882639 ] ], [ [ 26.385590292475811, 45.882767549609994 ], [ 26.387989412627508, 45.87359369882639 ] ], [ [ 26.377005982996426, 45.889435396622623 ], [ 26.385590292475811, 45.882767549609994 ] ], [ [ 26.377005982996426, 45.889435396622623 ], [ 26.379054470574882, 45.89485450944354 ] ], [ [ 26.375696856545503, 45.907078930103133 ], [ 26.379054470574882, 45.89485450944354 ] ], [ [ 26.375696856545503, 45.907078930103133 ], [ 26.382077683740352, 45.911264381642887 ] ], [ [ 26.38133877711434, 45.91552745954494 ], [ 26.382077683740352, 45.911264381642887 ] ], [ [ 26.38133877711434, 45.91552745954494 ], [ 26.385633971306959, 45.918657312743115 ] ], [ [ 26.385633971306959, 45.918657312743115 ], [ 26.394326556180758, 45.920699499352686 ] ], [ [ 26.390013122133233, 45.92776394938128 ], [ 26.394326556180758, 45.920699499352686 ] ], [ [ 26.390013122133233, 45.92776394938128 ], [ 26.392340557861765, 45.933788701883365 ] ], [ [ 26.387231182460329, 45.940863675810789 ], [ 26.392340557861765, 45.933788701883365 ] ], [ [ 26.387231182460329, 45.940863675810789 ], [ 26.391905418793243, 45.948011012364297 ] ], [ [ 26.389238483672337, 45.954585661535219 ], [ 26.391905418793243, 45.948011012364297 ] ], [ [ 26.389238483672337, 45.954585661535219 ], [ 26.395688660883447, 45.96141018574491 ] ], [ [ 26.395688660883447, 45.96141018574491 ], [ 26.397283896854759, 45.965282085154094 ] ], [ [ 26.397283896854759, 45.965282085154094 ], [ 26.407211647411472, 45.971921643997305 ] ], [ [ 26.407211647411472, 45.971921643997305 ], [ 26.418617768508749, 45.976237523151923 ] ], [ [ 26.418617768508749, 45.976237523151923 ], [ 26.425134636197701, 45.981983923826085 ] ], [ [ 26.425134636197701, 45.981983923826085 ], [ 26.437762183680935, 45.989349604803813 ] ], [ [ 26.437762183680935, 45.989349604803813 ], [ 26.438126647429307, 45.993171907484665 ] ], [ [ 26.431930081584166, 46.000220764401234 ], [ 26.438126647429307, 45.993171907484665 ] ], [ [ 26.431930081584166, 46.000220764401234 ], [ 26.434592503318004, 46.006584400125625 ] ], [ [ 26.434592503318004, 46.006584400125625 ], [ 26.445312448179962, 46.016691708751999 ] ], [ [ 26.440364627827648, 46.023503255186199 ], [ 26.445312448179962, 46.016691708751999 ] ], [ [ 26.437559087153716, 46.035426674769027 ], [ 26.440364627827648, 46.023503255186199 ] ], [ [ 26.437559087153716, 46.035426674769027 ], [ 26.44000685908463, 46.038886161030334 ] ] ] } },
{ "type": "Feature", "properties": { "id": 8, "leftRegion": "Sud", "leftId": 831, "rightRegion": null, "rightId": null, "version": "2025/03/26" }, "geometry": { "type": "MultiLineString", "coordinates": [ [ [ 24.657079680613027, 43.723635506781378 ], [ 24.683459929656966, 43.704954997020565 ] ], [ [ 27.25831415917639, 44.124720030493165 ], [ 27.27137435237162, 44.126336327676206 ] ], [ [ 27.252729511282794, 44.120176431937892 ], [ 27.25831415917639, 44.124720030493165 ] ], [ [ 27.241872107647357, 44.117954938335096 ], [ 27.252729511282794, 44.120176431937892 ] ], [ [ 27.233492101807983, 44.11646451462417 ], [ 27.241872107647357, 44.117954938335096 ] ], [ [ 27.217274930361771, 44.116678189912555 ], [ 27.233492101807983, 44.11646451462417 ] ], [ [ 27.200912294523921, 44.119100279882538 ], [ 27.217274930361771, 44.116678189912555 ] ], [ [ 27.185191508921886, 44.120496294231742 ], [ 27.200912294523921, 44.119100279882538 ] ], [ [ 27.175905426526992, 44.126617812235928 ], [ 27.185191508921886, 44.120496294231742 ] ], [ [ 27.164942532140788, 44.131742129010746 ], [ 27.175905426526992, 44.126617812235928 ] ], [ [ 27.145706700971548, 44.138474042201594 ], [ 27.164942532140788, 44.131742129010746 ] ], [ [ 27.135141654833784, 44.140459881919988 ], [ 27.145706700971548, 44.138474042201594 ] ], [ [ 27.123523187196856, 44.140258885761519 ], [ 27.135141654833784, 44.140459881919988 ] ], [ [ 27.102224730128853, 44.136774682816203 ], [ 27.123523187196856, 44.140258885761519 ] ], [ [ 27.09002228702871, 44.133099057999949 ], [ 27.102224730128853, 44.136774682816203 ] ], [ [ 27.080372973191515, 44.132981770022006 ], [ 27.09002228702871, 44.133099057999949 ] ], [ [ 27.061022512752309, 44.135637239502223 ], [ 27.080372973191515, 44.132981770022006 ] ], [ [ 27.04195096477342, 44.14461587318258 ], [ 27.061022512752309, 44.135637239502223 ] ], [ [ 27.029771899596618, 44.143433138774128 ], [ 27.04195096477342, 44.14461587318258 ] ], [ [ 27.018648821314816, 44.141072656721668 ], [ 27.029771899596618, 44.143433138774128 ] ], [ [ 26.994512350984348, 44.133912213778778 ], [ 27.018648821314816, 44.141072656721668 ] ], [ [ 26.986803943114715, 44.133639179073086 ], [ 26.994512350984348, 44.133912213778778 ] ], [ [ 26.968996010399508, 44.135762790287508 ], [ 26.986803943114715, 44.133639179073086 ] ], [ [ 26.961908754707725, 44.136188330317495 ], [ 26.968996010399508, 44.135762790287508 ] ], [ [ 26.940814419059226, 44.133359704805315 ], [ 26.961908754707725, 44.136188330317495 ] ], [ [ 26.928509855603934, 44.13244519345303 ], [ 26.940814419059226, 44.133359704805315 ] ], [ [ 26.91231872305584, 44.133712034924528 ], [ 26.928509855603934, 44.13244519345303 ] ], [ [ 26.89846195656401, 44.131256537129872 ], [ 26.91231872305584, 44.133712034924528 ] ], [ [ 26.875019878268766, 44.120985959716485 ], [ 26.89846195656401, 44.131256537129872 ] ], [ [ 26.85283026631399, 44.115690175126332 ], [ 26.875019878268766, 44.120985959716485 ] ], [ [ 26.840864148761, 44.111456153794563 ], [ 26.85283026631399, 44.115690175126332 ] ], [ [ 26.826336502395918, 44.103420329392378 ], [ 26.840864148761, 44.111456153794563 ] ], [ [ 26.783511690744401, 44.085223594071159 ], [ 26.826336502395918, 44.103420329392378 ] ], [ [ 26.777923224664637, 44.082457334874839 ], [ 26.783511690744401, 44.085223594071159 ] ], [ [ 26.762806335340613, 44.077866305402701 ], [ 26.777923224664637, 44.082457334874839 ] ], [ [ 26.723739430172184, 44.072667556611492 ], [ 26.762806335340613, 44.077866305402701 ] ], [ [ 26.723670982516385, 44.074526404350131 ], [ 26.723739430172184, 44.072667556611492 ] ], [ [ 26.708095807008469, 44.076228522120857 ], [ 26.723670982516385, 44.074526404350131 ] ], [ [ 26.690293414603733, 44.074426808371207 ], [ 26.708095807008469, 44.076228522120857 ] ], [ [ 26.677954220365368, 44.070919971310985 ], [ 26.690293414603733, 44.074426808371207 ] ], [ [ 26.662805450973952, 44.06485203271064 ], [ 26.677954220365368, 44.070919971310985 ] ], [ [ 26.662805450973952, 44.06485203271064 ], [ 26.663804233674494, 44.06284408617153 ] ], [ [ 26.643042417954071, 44.060000399831608 ], [ 26.663804233674494, 44.06284408617153 ] ], [ [ 26.63741840550966, 44.06001577642084 ], [ 26.643042417954071, 44.060000399831608 ] ], [ [ 26.61446661397078, 44.056058571774855 ], [ 26.63741840550966, 44.06001577642084 ] ], [ [ 26.592819733707081, 44.050035471052666 ], [ 26.61446661397078, 44.056058571774855 ] ], [ [ 26.570462418637419, 44.054018795181662 ], [ 26.592819733707081, 44.050035471052666 ] ], [ [ 26.537734253807091, 44.0543717398346 ], [ 26.570462418637419, 44.054018795181662 ] ], [ [ 26.518489403940972, 44.051810735906621 ], [ 26.537734253807091, 44.0543717398346 ] ], [ [ 26.502088921738199, 44.046730387378467 ], [ 26.518489403940972, 44.051810735906621 ] ], [ [ 26.486505566018746, 44.044169424060463 ], [ 26.502088921738199, 44.046730387378467 ] ], [ [ 26.457709469973704, 44.038472783782787 ], [ 26.486505566018746, 44.044169424060463 ] ], [ [ 26.457709469973704, 44.038472783782787 ], [ 26.45859275441013, 44.03611225767002 ] ], [ [ 26.445196583999927, 44.033739996009047 ], [ 26.45859275441013, 44.03611225767002 ] ], [ [ 26.434627394436113, 44.033097863227489 ], [ 26.445196583999927, 44.033739996009047 ] ], [ [ 26.425762049915789, 44.035533572486543 ], [ 26.434627394436113, 44.033097863227489 ] ], [ [ 26.406366534156724, 44.037414819393973 ], [ 26.425762049915789, 44.035533572486543 ] ], [ [ 26.399599294449509, 44.040218876579388 ], [ 26.406366534156724, 44.037414819393973 ] ], [ [ 26.379965211992076, 44.042949214312621 ], [ 26.399599294449509, 44.040218876579388 ] ], [ [ 26.371249817943831, 44.04208687075419 ], [ 26.379965211992076, 44.042949214312621 ] ], [ [ 26.352188444451077, 44.03739007198628 ], [ 26.371249817943831, 44.04208687075419 ] ], [ [ 26.342005236915561, 44.033772011716728 ], [ 26.352188444451077, 44.03739007198628 ] ], [ [ 26.312845728712244, 44.02764190331483 ], [ 26.342005236915561, 44.033772011716728 ] ], [ [ 26.304829023960792, 44.026587240128542 ], [ 26.312845728712244, 44.02764190331483 ] ], [ [ 26.279712306405727, 44.011496992024362 ], [ 26.304829023960792, 44.026587240128542 ] ], [ [ 26.252598273745669, 44.001695446404689 ], [ 26.279712306405727, 44.011496992024362 ] ], [ [ 26.240399718205779, 43.99921725543571 ], [ 26.252598273745669, 44.001695446404689 ] ], [ [ 26.22721378490689, 43.993838414744566 ], [ 26.240399718205779, 43.99921725543571 ] ], [ [ 26.194540143193375, 43.984056837841202 ], [ 26.22721378490689, 43.993838414744566 ] ], [ [ 26.180150483305724, 43.983241389884 ], [ 26.194540143193375, 43.984056837841202 ] ], [ [ 26.179719197571785, 43.985051481257777 ], [ 26.180150483305724, 43.983241389884 ] ], [ [ 26.158014107046792, 43.985378454161342 ], [ 26.179719197571785, 43.985051481257777 ] ], [ [ 26.147030505290012, 43.984198610239154 ], [ 26.158014107046792, 43.985378454161342 ] ], [ [ 26.125114811504989, 43.978120686031936 ], [ 26.147030505290012, 43.984198610239154 ] ], [ [ 26.111673114877714, 43.972205161400346 ], [ 26.125114811504989, 43.978120686031936 ] ], [ [ 26.101934214893749, 43.963450909108452 ], [ 26.111673114877714, 43.972205161400346 ] ], [ [ 26.092852425914657, 43.952687890893806 ], [ 26.101934214893749, 43.963450909108452 ] ], [ [ 26.092852425914657, 43.952687890893806 ], [ 26.095099102675963, 43.951292165076374 ] ], [ [ 26.085487148925235, 43.944345874068532 ], [ 26.095099102675963, 43.951292165076374 ] ], [ [ 26.071440273300247, 43.931952860918543 ], [ 26.085487148925235, 43.944345874068532 ] ], [ [ 26.067028449142164, 43.925704788527739 ], [ 26.071440273300247, 43.931952860918543 ] ], [ [ 26.059555191960452, 43.919776604270055 ], [ 26.067028449142164, 43.925704788527739 ] ], [ [ 26.053483882792378, 43.909830720007939 ], [ 26.059555191960452, 43.919776604270055 ] ], [ [ 26.042856312850816, 43.900985624887902 ], [ 26.053483882792378, 43.909830720007939 ] ], [ [ 26.032812040555459, 43.896597930941283 ], [ 26.042856312850816, 43.900985624887902 ] ], [ [ 26.012927139994929, 43.889659594837745 ], [ 26.032812040555459, 43.896597930941283 ] ], [ [ 26.001297214832139, 43.883635034346369 ], [ 26.012927139994929, 43.889659594837745 ] ], [ [ 25.999721006943396, 43.885252021874081 ], [ 26.001297214832139, 43.883635034346369 ] ], [ [ 25.983826009861755, 43.876009624535961 ], [ 25.999721006943396, 43.885252021874081 ] ], [ [ 25.976618236535991, 43.869968215246153 ], [ 25.983826009861755, 43.876009624535961 ] ], [ [ 25.959954261343661, 43.863596898082683 ], [ 25.976618236535991, 43.869968215246153 ] ], [ [ 25.95240773813515, 43.859344271591794 ], [ 25.959954261343661, 43.863596898082683 ] ], [ [ 25.939916964824782, 43.851827882308037 ], [ 25.95240773813515, 43.859344271591794 ] ], [ [ 25.928800492984458, 43.840857783709446 ], [ 25.939916964824782, 43.851827882308037 ] ], [ [ 25.918618137129354, 43.828445258927928 ], [ 25.928800492984458, 43.840857783709446 ] ], [ [ 25.914527357676469, 43.81820490442508 ], [ 25.918618137129354, 43.828445258927928 ] ], [ [ 25.910478806196316, 43.811624250903691 ], [ 25.914527357676469, 43.81820490442508 ] ], [ [ 25.902861527802649, 43.808597718751344 ], [ 25.910478806196316, 43.811624250903691 ] ], [ [ 25.887209722034061, 43.795082016625891 ], [ 25.902861527802649, 43.808597718751344 ] ], [ [ 25.88128954295339, 43.786189438449178 ], [ 25.887209722034061, 43.795082016625891 ] ], [ [ 25.88128954295339, 43.786189438449178 ], [ 25.884355345767137, 43.783464198691654 ] ], [ [ 25.854987448508425, 43.760761129248131 ], [ 25.884355345767137, 43.783464198691654 ] ], [ [ 25.845891452936211, 43.756420057467878 ], [ 25.854987448508425, 43.760761129248131 ] ], [ [ 25.835484756184535, 43.753107126897227 ], [ 25.845891452936211, 43.756420057467878 ] ], [ [ 25.823772438209989, 43.749845049821246 ], [ 25.835484756184535, 43.753107126897227 ] ], [ [ 25.821572961346252, 43.751658907066513 ], [ 25.823772438209989, 43.749845049821246 ] ], [ [ 25.805993140561768, 43.741545919758273 ], [ 25.821572961346252, 43.751658907066513 ] ], [ [ 25.801349528400834, 43.736638268734978 ], [ 25.805993140561768, 43.741545919758273 ] ], [ [ 25.792520146869911, 43.720419610310763 ], [ 25.801349528400834, 43.736638268734978 ] ], [ [ 25.779995808574657, 43.710293047909921 ], [ 25.792520146869911, 43.720419610310763 ] ], [ [ 25.758456159796513, 43.701897003822559 ], [ 25.779995808574657, 43.710293047909921 ] ], [ [ 25.74177207370025, 43.694911992145883 ], [ 25.758456159796513, 43.701897003822559 ] ], [ [ 25.734179176768457, 43.692631160992583 ], [ 25.74177207370025, 43.694911992145883 ] ], [ [ 25.719053322949808, 43.690031829608152 ], [ 25.734179176768457, 43.692631160992583 ] ], [ [ 25.71860305416315, 43.691612184685653 ], [ 25.719053322949808, 43.690031829608152 ] ], [ [ 25.700919423486344, 43.692054297311401 ], [ 25.71860305416315, 43.691612184685653 ] ], [ [ 25.671883902824408, 43.691335999261241 ], [ 25.700919423486344, 43.692054297311401 ] ], [ [ 25.665202079839833, 43.689820844990514 ], [ 25.671883902824408, 43.691335999261241 ] ], [ [ 25.648851850988123, 43.682479553294279 ], [ 25.665202079839833, 43.689820844990514 ] ], [ [ 25.641260377103819, 43.676552741619098 ], [ 25.648851850988123, 43.682479553294279 ] ], [ [ 25.624256988359697, 43.672461837533142 ], [ 25.641260377103819, 43.676552741619098 ] ], [ [ 25.610022996520939, 43.667218335953926 ], [ 25.624256988359697, 43.672461837533142 ] ], [ [ 25.589244081063523, 43.657245738155595 ], [ 25.610022996520939, 43.667218335953926 ] ], [ [ 25.571013904921973, 43.647088417796972 ], [ 25.589244081063523, 43.657245738155595 ] ], [ [ 25.560618974664578, 43.644262179764567 ], [ 25.571013904921973, 43.647088417796972 ] ], [ [ 25.544661124481642, 43.642977449878458 ], [ 25.560618974664578, 43.644262179764567 ] ], [ [ 25.526395405784719, 43.644969411207242 ], [ 25.544661124481642, 43.642977449878458 ] ], [ [ 25.509374071892115, 43.644906798217534 ], [ 25.526395405784719, 43.644969411207242 ] ], [ [ 25.508325436114507, 43.646848064671111 ], [ 25.509374071892115, 43.644906798217534 ] ], [ [ 25.476675491000179, 43.640452007016677 ], [ 25.508325436114507, 43.646848064671111 ] ], [ [ 25.460187565064079, 43.633065773762958 ], [ 25.476675491000179, 43.640452007016677 ] ], [ [ 25.450543118268786, 43.630389557487781 ], [ 25.460187565064079, 43.633065773762958 ] ], [ [ 25.450543118268786, 43.630389557487781 ], [ 25.450998094219944, 43.628395688045735 ] ], [ [ 25.435702864772942, 43.626515223932287 ], [ 25.450998094219944, 43.628395688045735 ] ], [ [ 25.406460672709468, 43.620667235432265 ], [ 25.435702864772942, 43.626515223932287 ] ], [ [ 25.390154225459408, 43.619019220419062 ], [ 25.406460672709468, 43.620667235432265 ] ], [ [ 25.383305018676129, 43.61949904982572 ], [ 25.390154225459408, 43.619019220419062 ] ], [ [ 25.373196469773589, 43.622274205721553 ], [ 25.383305018676129, 43.61949904982572 ] ], [ [ 25.368221763183513, 43.62170791485299 ], [ 25.373196469773589, 43.622274205721553 ] ], [ [ 25.351224234882739, 43.62656285826943 ], [ 25.368221763183513, 43.62170791485299 ] ], [ [ 25.339515601266211, 43.631715610284004 ], [ 25.351224234882739, 43.62656285826943 ] ], [ [ 25.322473559980338, 43.643832091959645 ], [ 25.339515601266211, 43.631715610284004 ] ], [ [ 25.307409932604152, 43.649898299135188 ], [ 25.322473559980338, 43.643832091959645 ] ], [ [ 25.28770589561114, 43.655893245205199 ], [ 25.307409932604152, 43.649898299135188 ] ], [ [ 25.285197108144928, 43.658914047071015 ], [ 25.28770589561114, 43.655893245205199 ] ], [ [ 25.272131610137318, 43.669266851008238 ], [ 25.285197108144928, 43.658914047071015 ] ], [ [ 25.267818866709476, 43.674211538817566 ], [ 25.272131610137318, 43.669266851008238 ] ], [ [ 25.252275324516173, 43.68267254175958 ], [ 25.267818866709476, 43.674211538817566 ] ], [ [ 25.246218168664726, 43.684300723485393 ], [ 25.252275324516173, 43.68267254175958 ] ], [ [ 25.222453879548024, 43.687993431191302 ], [ 25.246218168664726, 43.684300723485393 ] ], [ [ 25.196509162806546, 43.69323149960475 ], [ 25.222453879548024, 43.687993431191302 ] ], [ [ 25.189401386289585, 43.695340569609051 ], [ 25.196509162806546, 43.69323149960475 ] ], [ [ 25.173129949970473, 43.699401135191891 ], [ 25.189401386289585, 43.695340569609051 ] ], [ [ 25.143763860939902, 43.69267901980497 ], [ 25.173129949970473, 43.699401135191891 ] ], [ [ 25.137276057070149, 43.692717431547244 ], [ 25.143763860939902, 43.69267901980497 ] ], [ [ 25.132683649561493, 43.69015280494655 ], [ 25.137276057070149, 43.692717431547244 ] ], [ [ 25.11126057050625, 43.684568261121207 ], [ 25.132683649561493, 43.69015280494655 ] ], [ [ 25.096102500374549, 43.685059958026535 ], [ 25.11126057050625, 43.684568261121207 ] ], [ [ 25.0847262244442, 43.687614325824249 ], [ 25.096102500374549, 43.685059958026535 ] ], [ [ 25.06731645687486, 43.689730467111687 ], [ 25.0847262244442, 43.687614325824249 ] ], [ [ 25.053540164617438, 43.692213521673438 ], [ 25.06731645687486, 43.689730467111687 ] ], [ [ 25.047235895400696, 43.694589393897331 ], [ 25.053540164617438, 43.692213521673438 ] ], [ [ 25.026419503167546, 43.709241505259072 ], [ 25.047235895400696, 43.694589393897331 ] ], [ [ 25.015528212116568, 43.713786250278972 ], [ 25.026419503167546, 43.709241505259072 ] ], [ [ 25.010354923292994, 43.722258367910207 ], [ 25.015528212116568, 43.713786250278972 ] ], [ [ 25.005510445012863, 43.725107798770132 ], [ 25.010354923292994, 43.722258367910207 ] ], [ [ 24.998509548944831, 43.727290020836115 ], [ 25.005510445012863, 43.725107798770132 ] ], [ [ 24.972206622514861, 43.728022420499521 ], [ 24.998509548944831, 43.727290020836115 ] ], [ [ 24.959362869446633, 43.729808942123512 ], [ 24.972206622514861, 43.728022420499521 ] ], [ [ 24.950769613572191, 43.729449894678964 ], [ 24.959362869446633, 43.729808942123512 ] ], [ [ 24.944758840675746, 43.728650799040146 ], [ 24.950769613572191, 43.729449894678964 ] ], [ [ 24.933083450635344, 43.723297634455022 ], [ 24.944758840675746, 43.728650799040146 ] ], [ [ 24.932945401427133, 43.715949290384408 ], [ 24.933083450635344, 43.723297634455022 ] ], [ [ 24.923553644681444, 43.716064302056488 ], [ 24.932945401427133, 43.715949290384408 ] ], [ [ 24.899490877384142, 43.711385570306852 ], [ 24.923553644681444, 43.716064302056488 ] ], [ [ 24.879063277190504, 43.706817696696376 ], [ 24.899490877384142, 43.711385570306852 ] ], [ [ 24.863801941334554, 43.705896479225949 ], [ 24.879063277190504, 43.706817696696376 ] ], [ [ 24.855828661182901, 43.706770556410476 ], [ 24.863801941334554, 43.705896479225949 ] ], [ [ 24.836267453416717, 43.712574577778369 ], [ 24.855828661182901, 43.706770556410476 ] ], [ [ 24.823956086244298, 43.713269782170229 ], [ 24.836267453416717, 43.712574577778369 ] ], [ [ 24.809470057057492, 43.711212691504564 ], [ 24.823956086244298, 43.713269782170229 ] ], [ [ 24.799172398935834, 43.707864717946741 ], [ 24.809470057057492, 43.711212691504564 ] ], [ [ 24.772563735339606, 43.694560840477209 ], [ 24.799172398935834, 43.707864717946741 ] ], [ [ 24.752518674748064, 43.687083318311963 ], [ 24.772563735339606, 43.694560840477209 ] ], [ [ 24.734362757822332, 43.685085761824546 ], [ 24.752518674748064, 43.687083318311963 ] ], [ [ 24.720496800770441, 43.688049204202358 ], [ 24.734362757822332, 43.685085761824546 ] ], [ [ 24.704815361688308, 43.693776151459083 ], [ 24.720496800770441, 43.688049204202358 ] ], [ [ 24.683459929656966, 43.704954997020565 ], [ 24.704815361688308, 43.693776151459083 ] ] ] } },
{ "type": "Feature", "properties": { "id": 9, "leftRegion": "Sud", "leftId": 831, "rightRegion": "Sud-Vest", "rightId": 840, "version": "2025/03/26" }, "geometry": { "type": "MultiLineString", "coordinates": [ [ [ 24.657079680613027, 43.723635506781378 ], [ 24.665227400777358, 43.742589784908652 ] ], [ [ 24.650648742582533, 43.746760024471754 ], [ 24.665227400777358, 43.742589784908652 ] ], [ [ 24.650648742582533, 43.746760024471754 ], [ 24.656451824932059, 43.754697823266639 ] ], [ [ 24.656451824932059, 43.754697823266639 ], [ 24.674639702963624, 43.751516471745326 ] ], [ [ 24.674639702963624, 43.751516471745326 ], [ 24.676208769270243, 43.758379496794163 ] ], [ [ 24.676208769270243, 43.758379496794163 ], [ 24.686729364251658, 43.759728932186498 ] ], [ [ 24.683954027732113, 43.772286736749422 ], [ 24.686729364251658, 43.759728932186498 ] ], [ [ 24.683954027732113, 43.772286736749422 ], [ 24.696325443902804, 43.77403224534492 ] ], [ [ 24.694381850245836, 43.781817805341291 ], [ 24.696325443902804, 43.77403224534492 ] ], [ [ 24.694381850245836, 43.781817805341291 ], [ 24.714123545871018, 43.785218345057309 ] ], [ [ 24.714123545871018, 43.785218345057309 ], [ 24.74672801687057, 43.792021897953937 ] ], [ [ 24.737052101631718, 43.804283581189665 ], [ 24.74672801687057, 43.792021897953937 ] ], [ [ 24.737052101631718, 43.804283581189665 ], [ 24.738841269479281, 43.814501397756942 ] ], [ [ 24.738841269479281, 43.814501397756942 ], [ 24.754972850284258, 43.814350145633213 ] ], [ [ 24.754972850284258, 43.814350145633213 ], [ 24.755111935640638, 43.817597825954309 ] ], [ [ 24.745762164000407, 43.819350536680687 ], [ 24.755111935640638, 43.817597825954309 ] ], [ [ 24.743822737229884, 43.822091317492543 ], [ 24.745762164000407, 43.819350536680687 ] ], [ [ 24.743498873511527, 43.822068771396005 ], [ 24.743822737229884, 43.822091317492543 ] ], [ [ 24.735954694802107, 43.822509799262079 ], [ 24.743498873511527, 43.822068771396005 ] ], [ [ 24.726020159148302, 43.826084563519842 ], [ 24.735954694802107, 43.822509799262079 ] ], [ [ 24.715377393246943, 43.824876065703265 ], [ 24.726020159148302, 43.826084563519842 ] ], [ [ 24.708725143661244, 43.825916470108019 ], [ 24.715377393246943, 43.824876065703265 ] ], [ [ 24.695915774798692, 43.824929330664453 ], [ 24.708725143661244, 43.825916470108019 ] ], [ [ 24.691183208312182, 43.828158357807865 ], [ 24.695915774798692, 43.824929330664453 ] ], [ [ 24.691183208312182, 43.828158357807865 ], [ 24.698262080565467, 43.831580888213878 ] ], [ [ 24.698262080565467, 43.831580888213878 ], [ 24.705765825661828, 43.828233508958895 ] ], [ [ 24.705765825661828, 43.828233508958895 ], [ 24.713903968168015, 43.828722454227858 ] ], [ [ 24.713903968168015, 43.828722454227858 ], [ 24.723665298964292, 43.832501344003013 ] ], [ [ 24.723530305995521, 43.835787929296309 ], [ 24.723665298964292, 43.832501344003013 ] ], [ [ 24.717305292409897, 43.839568333178981 ], [ 24.723530305995521, 43.835787929296309 ] ], [ [ 24.712802232135243, 43.844528879540768 ], [ 24.717305292409897, 43.839568333178981 ] ], [ [ 24.702588517149223, 43.85119216370817 ], [ 24.712802232135243, 43.844528879540768 ] ], [ [ 24.700465210498191, 43.860563068057914 ], [ 24.702588517149223, 43.85119216370817 ] ], [ [ 24.695171219254647, 43.863735575736271 ], [ 24.700465210498191, 43.860563068057914 ] ], [ [ 24.693549327489396, 43.870737235529766 ], [ 24.695171219254647, 43.863735575736271 ] ], [ [ 24.668346649796693, 43.866679159948355 ], [ 24.693549327489396, 43.870737235529766 ] ], [ [ 24.662443802932934, 43.883080846731424 ], [ 24.668346649796693, 43.866679159948355 ] ], [ [ 24.662443802932934, 43.883080846731424 ], [ 24.67784822016111, 43.885270620958138 ] ], [ [ 24.676458077058943, 43.892225873621825 ], [ 24.67784822016111, 43.885270620958138 ] ], [ [ 24.675515594689887, 43.898060047397777 ], [ 24.676458077058943, 43.892225873621825 ] ], [ [ 24.661752680848718, 43.897912202061633 ], [ 24.675515594689887, 43.898060047397777 ] ], [ [ 24.656827179251525, 43.900387981258582 ], [ 24.661752680848718, 43.897912202061633 ] ], [ [ 24.648103636232626, 43.912001338184133 ], [ 24.656827179251525, 43.900387981258582 ] ], [ [ 24.646607074188339, 43.916840505923339 ], [ 24.648103636232626, 43.912001338184133 ] ], [ [ 24.637933442087281, 43.92644289757289 ], [ 24.646607074188339, 43.916840505923339 ] ], [ [ 24.63099938051802, 43.925161916912714 ], [ 24.637933442087281, 43.92644289757289 ] ], [ [ 24.627587461067005, 43.935870276418939 ], [ 24.63099938051802, 43.925161916912714 ] ], [ [ 24.627587461067005, 43.935870276418939 ], [ 24.648251249170794, 43.940780471028326 ] ], [ [ 24.647137642967415, 43.943252275043022 ], [ 24.648251249170794, 43.940780471028326 ] ], [ [ 24.63433084666876, 43.944499264764751 ], [ 24.647137642967415, 43.943252275043022 ] ], [ [ 24.632221998085026, 43.961622061131713 ], [ 24.63433084666876, 43.944499264764751 ] ], [ [ 24.619605992443521, 43.960479341328885 ], [ 24.632221998085026, 43.961622061131713 ] ], [ [ 24.617997047425813, 43.963790847166479 ], [ 24.619605992443521, 43.960479341328885 ] ], [ [ 24.608495487771982, 43.961409507440621 ], [ 24.617997047425813, 43.963790847166479 ] ], [ [ 24.602283941753051, 43.962110032244745 ], [ 24.608495487771982, 43.961409507440621 ] ], [ [ 24.601871425221116, 43.970123621136111 ], [ 24.602283941753051, 43.962110032244745 ] ], [ [ 24.601871425221116, 43.970123621136111 ], [ 24.606949494426413, 43.970412680668296 ] ], [ [ 24.606949494426413, 43.970412680668296 ], [ 24.609092720979593, 43.977863709390192 ] ], [ [ 24.599335348689571, 43.976577896184025 ], [ 24.609092720979593, 43.977863709390192 ] ], [ [ 24.596042883260147, 43.979905201956448 ], [ 24.599335348689571, 43.976577896184025 ] ], [ [ 24.596042883260147, 43.979905201956448 ], [ 24.604265936142419, 43.982219361326052 ] ], [ [ 24.604265936142419, 43.982219361326052 ], [ 24.607200588314317, 43.985005090258404 ] ], [ [ 24.607073474994117, 43.991252952102215 ], [ 24.607200588314317, 43.985005090258404 ] ], [ [ 24.59806037647288, 43.987110350413403 ], [ 24.607073474994117, 43.991252952102215 ] ], [ [ 24.596897060231377, 43.990252165281767 ], [ 24.59806037647288, 43.987110350413403 ] ], [ [ 24.596897060231377, 43.990252165281767 ], [ 24.605679002625582, 43.993108052125322 ] ], [ [ 24.605679002625582, 43.993108052125322 ], [ 24.610811321803148, 43.997771956285874 ] ], [ [ 24.610811321803148, 43.997771956285874 ], [ 24.615837516695493, 44.009390710480652 ] ], [ [ 24.61405028183307, 44.012480797556648 ], [ 24.615837516695493, 44.009390710480652 ] ], [ [ 24.613107497989699, 44.014152995302865 ], [ 24.61405028183307, 44.012480797556648 ] ], [ [ 24.613107497989699, 44.014152995302865 ], [ 24.628403041296494, 44.021697002860698 ] ], [ [ 24.628403041296494, 44.021697002860698 ], [ 24.632813755321227, 44.020179482129443 ] ], [ [ 24.632813755321227, 44.020179482129443 ], [ 24.659624490996883, 44.028314743419152 ] ], [ [ 24.659624490996883, 44.028314743419152 ], [ 24.720194570410143, 44.038073789764184 ] ], [ [ 24.719266098263102, 44.043284682421827 ], [ 24.720194570410143, 44.038073789764184 ] ], [ [ 24.712734735221829, 44.044708796424139 ], [ 24.719266098263102, 44.043284682421827 ] ], [ [ 24.712734735221829, 44.044708796424139 ], [ 24.718600827916092, 44.048900937870798 ] ], [ [ 24.71091590775956, 44.059123232899637 ], [ 24.718600827916092, 44.048900937870798 ] ], [ [ 24.71091590775956, 44.059123232899637 ], [ 24.722338620754471, 44.061352574171636 ] ], [ [ 24.722338620754471, 44.061352574171636 ], [ 24.76051748912403, 44.068783171343156 ] ], [ [ 24.758867380324066, 44.073583629095801 ], [ 24.76051748912403, 44.068783171343156 ] ], [ [ 24.758867380324066, 44.073583629095801 ], [ 24.765490127287109, 44.074484170534788 ] ], [ [ 24.765490127287109, 44.074484170534788 ], [ 24.803190496231327, 44.078470144061733 ] ], [ [ 24.800608480455821, 44.084250753581536 ], [ 24.803190496231327, 44.078470144061733 ] ], [ [ 24.800608480455821, 44.084250753581536 ], [ 24.835124717869657, 44.088183609798023 ] ], [ [ 24.835124717869657, 44.088183609798023 ], [ 24.842549237238494, 44.089882947587533 ] ], [ [ 24.842549237238494, 44.089882947587533 ], [ 24.843892110468762, 44.08604917092353 ] ], [ [ 24.843892110468762, 44.08604917092353 ], [ 24.855511974778427, 44.091869358324402 ] ], [ [ 24.851034736249289, 44.101980499531756 ], [ 24.855511974778427, 44.091869358324402 ] ], [ [ 24.851034736249289, 44.101980499531756 ], [ 24.853586425679104, 44.110145525818709 ] ], [ [ 24.850435298819704, 44.116843735956444 ], [ 24.853586425679104, 44.110145525818709 ] ], [ [ 24.844493326999061, 44.125207200428711 ], [ 24.850435298819704, 44.116843735956444 ] ], [ [ 24.844184662597204, 44.133168628589338 ], [ 24.844493326999061, 44.125207200428711 ] ], [ [ 24.839090772362233, 44.136255017551207 ], [ 24.844184662597204, 44.133168628589338 ] ], [ [ 24.817221330798517, 44.148850626001099 ], [ 24.839090772362233, 44.136255017551207 ] ], [ [ 24.8080894207889, 44.156196111626492 ], [ 24.817221330798517, 44.148850626001099 ] ], [ [ 24.805330659222335, 44.170818236650497 ], [ 24.8080894207889, 44.156196111626492 ] ], [ [ 24.80313135398864, 44.176686717229401 ], [ 24.805330659222335, 44.170818236650497 ] ], [ [ 24.793581471204405, 44.19125294355392 ], [ 24.80313135398864, 44.176686717229401 ] ], [ [ 24.793581471204405, 44.19125294355392 ], [ 24.802693666741828, 44.201259619652618 ] ], [ [ 24.802693666741828, 44.201259619652618 ], [ 24.826056161454467, 44.217548797546343 ] ], [ [ 24.826056161454467, 44.217548797546343 ], [ 24.837178328387825, 44.226277722758432 ] ], [ [ 24.834936840637809, 44.227431718655197 ], [ 24.837178328387825, 44.226277722758432 ] ], [ [ 24.817780397518167, 44.233186423946641 ], [ 24.834936840637809, 44.227431718655197 ] ], [ [ 24.817780397518167, 44.233186423946641 ], [ 24.828081334528818, 44.236820859877447 ] ], [ [ 24.820218300428319, 44.242065831822231 ], [ 24.828081334528818, 44.236820859877447 ] ], [ [ 24.820218300428319, 44.242065831822231 ], [ 24.824471712393549, 44.244096863612199 ] ], [ [ 24.824471712393549, 44.244096863612199 ], [ 24.827540209514027, 44.258743479536093 ] ], [ [ 24.827540209514027, 44.258743479536093 ], [ 24.829167423589148, 44.272139470614533 ] ], [ [ 24.824640377967327, 44.280130773739394 ], [ 24.829167423589148, 44.272139470614533 ] ], [ [ 24.822387512080891, 44.282861144013715 ], [ 24.824640377967327, 44.280130773739394 ] ], [ [ 24.821511249745743, 44.290600761478622 ], [ 24.822387512080891, 44.282861144013715 ] ], [ [ 24.821511249745743, 44.290600761478622 ], [ 24.82419970467863, 44.29831626610418 ] ], [ [ 24.82419970467863, 44.29831626610418 ], [ 24.835587881652604, 44.301839941945794 ] ], [ [ 24.831023745893127, 44.309489978602855 ], [ 24.835587881652604, 44.301839941945794 ] ], [ [ 24.831023745893127, 44.309489978602855 ], [ 24.84022249039813, 44.311280516137749 ] ], [ [ 24.84022249039813, 44.311280516137749 ], [ 24.844186926729968, 44.314174725018567 ] ], [ [ 24.844186926729968, 44.314174725018567 ], [ 24.847239182445584, 44.319534907199923 ] ], [ [ 24.837840589659155, 44.323020078179127 ], [ 24.847239182445584, 44.319534907199923 ] ], [ [ 24.828068128309773, 44.332981354946973 ], [ 24.837840589659155, 44.323020078179127 ] ], [ [ 24.828068128309773, 44.332981354946973 ], [ 24.829614403405888, 44.337228607049148 ] ], [ [ 24.817871035909402, 44.355120651750347 ], [ 24.829614403405888, 44.337228607049148 ] ], [ [ 24.817354932763777, 44.361265296770561 ], [ 24.817871035909402, 44.355120651750347 ] ], [ [ 24.817354932763777, 44.361265296770561 ], [ 24.827520479462915, 44.36452183504155 ] ], [ [ 24.827520479462915, 44.36452183504155 ], [ 24.847223971762631, 44.368316250513629 ] ], [ [ 24.847223971762631, 44.368316250513629 ], [ 24.865982407816382, 44.369401838621918 ] ], [ [ 24.865982407816382, 44.369401838621918 ], [ 24.880225051419298, 44.368825734522758 ] ], [ [ 24.880225051419298, 44.368825734522758 ], [ 24.88506412837895, 44.373384763593663 ] ], [ [ 24.88506412837895, 44.373384763593663 ], [ 24.886533688174584, 44.379584132084879 ] ], [ [ 24.884035514174826, 44.382636173964137 ], [ 24.886533688174584, 44.379584132084879 ] ], [ [ 24.881313112293206, 44.387323329199688 ], [ 24.884035514174826, 44.382636173964137 ] ], [ [ 24.880271051414155, 44.394235763649824 ], [ 24.881313112293206, 44.387323329199688 ] ], [ [ 24.873187105930754, 44.394034430978742 ], [ 24.880271051414155, 44.394235763649824 ] ], [ [ 24.859634496067429, 44.39444474253726 ], [ 24.873187105930754, 44.394034430978742 ] ], [ [ 24.818256285483308, 44.393848879088168 ], [ 24.859634496067429, 44.39444474253726 ] ], [ [ 24.818239416783467, 44.387390340268787 ], [ 24.818256285483308, 44.393848879088168 ] ], [ [ 24.810874797224272, 44.38700534614788 ], [ 24.818239416783467, 44.387390340268787 ] ], [ [ 24.80472280558736, 44.393425401674477 ], [ 24.810874797224272, 44.38700534614788 ] ], [ [ 24.787766756022528, 44.392362309111739 ], [ 24.80472280558736, 44.393425401674477 ] ], [ [ 24.786376685196778, 44.398254504743704 ], [ 24.787766756022528, 44.392362309111739 ] ], [ [ 24.754829286660346, 44.390724795266564 ], [ 24.786376685196778, 44.398254504743704 ] ], [ [ 24.754829286660346, 44.390724795266564 ], [ 24.755222366002382, 44.393395481763491 ] ], [ [ 24.744405740419658, 44.396206107693402 ], [ 24.755222366002382, 44.393395481763491 ] ], [ [ 24.744405740419658, 44.396206107693402 ], [ 24.746467787204704, 44.399429278180392 ] ], [ [ 24.746467787204704, 44.399429278180392 ], [ 24.752729428404496, 44.401392110885439 ] ], [ [ 24.752729428404496, 44.401392110885439 ], [ 24.752910188920946, 44.405187151942471 ] ], [ [ 24.744036632998924, 44.422936293683421 ], [ 24.752910188920946, 44.405187151942471 ] ], [ [ 24.744036632998924, 44.422936293683421 ], [ 24.752003452960082, 44.424706126791541 ] ], [ [ 24.752003452960082, 44.424706126791541 ], [ 24.75448916558209, 44.434976777626602 ] ], [ [ 24.752515651340403, 44.445848631636835 ], [ 24.75448916558209, 44.434976777626602 ] ], [ [ 24.752515651340403, 44.445848631636835 ], [ 24.755946079549023, 44.452799033044542 ] ], [ [ 24.754438665145358, 44.455909694895283 ], [ 24.755946079549023, 44.452799033044542 ] ], [ [ 24.754438665145358, 44.455909694895283 ], [ 24.756029964995996, 44.465040962638874 ] ], [ [ 24.734012703275862, 44.465206222316809 ], [ 24.756029964995996, 44.465040962638874 ] ], [ [ 24.734012703275862, 44.465206222316809 ], [ 24.73475270355009, 44.491766872953384 ] ], [ [ 24.727412024345689, 44.492376091089426 ], [ 24.73475270355009, 44.491766872953384 ] ], [ [ 24.727412024345689, 44.492376091089426 ], [ 24.729376971608982, 44.511447109848298 ] ], [ [ 24.729376971608982, 44.511447109848298 ], [ 24.731678654323019, 44.519641225794707 ] ], [ [ 24.731678654323019, 44.519641225794707 ], [ 24.73557656170539, 44.527851743200628 ] ], [ [ 24.73557656170539, 44.527851743200628 ], [ 24.742590463301109, 44.537836143492804 ] ], [ [ 24.739978390679045, 44.545190299609708 ], [ 24.742590463301109, 44.537836143492804 ] ], [ [ 24.732546860187966, 44.546312869018465 ], [ 24.739978390679045, 44.545190299609708 ] ], [ [ 24.729668067019308, 44.553281623852811 ], [ 24.732546860187966, 44.546312869018465 ] ], [ [ 24.729668067019308, 44.553281623852811 ], [ 24.735293580027108, 44.552966027674977 ] ], [ [ 24.735229381917094, 44.558119476300099 ], [ 24.735293580027108, 44.552966027674977 ] ], [ [ 24.730116509841295, 44.561456927806127 ], [ 24.735229381917094, 44.558119476300099 ] ], [ [ 24.728664362671879, 44.572060615318897 ], [ 24.730116509841295, 44.561456927806127 ] ], [ [ 24.720872326682869, 44.58108477101262 ], [ 24.728664362671879, 44.572060615318897 ] ], [ [ 24.710546274897585, 44.582300993838508 ], [ 24.720872326682869, 44.58108477101262 ] ], [ [ 24.708750604469834, 44.616596418616446 ], [ 24.710546274897585, 44.582300993838508 ] ], [ [ 24.708750604469834, 44.616596418616446 ], [ 24.712364896984479, 44.622877277371025 ] ], [ [ 24.712364896984479, 44.622877277371025 ], [ 24.716701341451003, 44.626107200996834 ] ], [ [ 24.710386721509579, 44.628248309672827 ], [ 24.716701341451003, 44.626107200996834 ] ], [ [ 24.707461902376931, 44.638046071537794 ], [ 24.710386721509579, 44.628248309672827 ] ], [ [ 24.702454463552634, 44.64151567310136 ], [ 24.707461902376931, 44.638046071537794 ] ], [ [ 24.702454463552634, 44.64151567310136 ], [ 24.704586687676478, 44.648745467988185 ] ], [ [ 24.701340917158856, 44.654174081459239 ], [ 24.704586687676478, 44.648745467988185 ] ], [ [ 24.701340917158856, 44.654174081459239 ], [ 24.705156970235127, 44.656306026307746 ] ], [ [ 24.70300885731583, 44.660531792681773 ], [ 24.705156970235127, 44.656306026307746 ] ], [ [ 24.691157619966649, 44.69552876119409 ], [ 24.70300885731583, 44.660531792681773 ] ], [ [ 24.685680332313975, 44.70011332596038 ], [ 24.691157619966649, 44.69552876119409 ] ], [ [ 24.685680332313975, 44.70011332596038 ], [ 24.710554934076441, 44.710512301266256 ] ], [ [ 24.710554934076441, 44.710512301266256 ], [ 24.710808877124666, 44.71444430073538 ] ], [ [ 24.710808877124666, 44.71444430073538 ], [ 24.721743993870852, 44.714598049276844 ] ], [ [ 24.71036223558556, 44.721663167423884 ], [ 24.721743993870852, 44.714598049276844 ] ], [ [ 24.703378536232194, 44.732445864755668 ], [ 24.71036223558556, 44.721663167423884 ] ], [ [ 24.688268213600725, 44.733934175274491 ], [ 24.703378536232194, 44.732445864755668 ] ], [ [ 24.683406034919479, 44.737626095899387 ], [ 24.688268213600725, 44.733934175274491 ] ], [ [ 24.669189668943325, 44.736005007473757 ], [ 24.683406034919479, 44.737626095899387 ] ], [ [ 24.663443038053533, 44.737597573863127 ], [ 24.669189668943325, 44.736005007473757 ] ], [ [ 24.649863312114128, 44.735426383273605 ], [ 24.663443038053533, 44.737597573863127 ] ], [ [ 24.630542199482576, 44.729802305366938 ], [ 24.649863312114128, 44.735426383273605 ] ], [ [ 24.630542199482576, 44.729802305366938 ], [ 24.631363893045823, 44.732882161222641 ] ], [ [ 24.61739089532934, 44.746033032244704 ], [ 24.631363893045823, 44.732882161222641 ] ], [ [ 24.60967893834599, 44.749578006345452 ], [ 24.61739089532934, 44.746033032244704 ] ], [ [ 24.60694740045945, 44.753815791089927 ], [ 24.60967893834599, 44.749578006345452 ] ], [ [ 24.600015268843613, 44.753050999558852 ], [ 24.60694740045945, 44.753815791089927 ] ], [ [ 24.59464379943627, 44.750993295826618 ], [ 24.600015268843613, 44.753050999558852 ] ], [ [ 24.590974407256525, 44.758183637985354 ], [ 24.59464379943627, 44.750993295826618 ] ], [ [ 24.588896382074211, 44.769300767978429 ], [ 24.590974407256525, 44.758183637985354 ] ], [ [ 24.587909202303916, 44.775445857018781 ], [ 24.588896382074211, 44.769300767978429 ] ], [ [ 24.582641920124406, 44.775008290377428 ], [ 24.587909202303916, 44.775445857018781 ] ], [ [ 24.582641920124406, 44.775008290377428 ], [ 24.588576246982832, 44.798154661680435 ] ], [ [ 24.578682596195492, 44.79819078530641 ], [ 24.588576246982832, 44.798154661680435 ] ], [ [ 24.574648733070564, 44.808524608279541 ], [ 24.578682596195492, 44.79819078530641 ] ], [ [ 24.572085301501772, 44.810250572027115 ], [ 24.574648733070564, 44.808524608279541 ] ], [ [ 24.571604283851929, 44.81712202954332 ], [ 24.572085301501772, 44.810250572027115 ] ], [ [ 24.562013230049679, 44.822678031646923 ], [ 24.571604283851929, 44.81712202954332 ] ], [ [ 24.555082932859911, 44.834101269836189 ], [ 24.562013230049679, 44.822678031646923 ] ], [ [ 24.553853953926712, 44.842675477947019 ], [ 24.555082932859911, 44.834101269836189 ] ], [ [ 24.550806607926845, 44.847143147326321 ], [ 24.553853953926712, 44.842675477947019 ] ], [ [ 24.550806607926845, 44.847143147326321 ], [ 24.552114803502089, 44.852564976679062 ] ], [ [ 24.550419716138922, 44.859234522228668 ], [ 24.552114803502089, 44.852564976679062 ] ], [ [ 24.542544476110603, 44.8613815577651 ], [ 24.550419716138922, 44.859234522228668 ] ], [ [ 24.542544476110603, 44.8613815577651 ], [ 24.543968492071773, 44.878404474145107 ] ], [ [ 24.540735585895654, 44.891041764861576 ], [ 24.543968492071773, 44.878404474145107 ] ], [ [ 24.533767351325498, 44.891713179391836 ], [ 24.540735585895654, 44.891041764861576 ] ], [ [ 24.524138204260382, 44.894465945428649 ], [ 24.533767351325498, 44.891713179391836 ] ], [ [ 24.517831078771728, 44.882546375957908 ], [ 24.524138204260382, 44.894465945428649 ] ], [ [ 24.513523777696896, 44.877555341206318 ], [ 24.517831078771728, 44.882546375957908 ] ], [ [ 24.513523777696896, 44.877555341206318 ], [ 24.515300006321205, 44.872173595483495 ] ], [ [ 24.513680450115238, 44.866831130996808 ], [ 24.515300006321205, 44.872173595483495 ] ], [ [ 24.505465232791156, 44.865920561428133 ], [ 24.513680450115238, 44.866831130996808 ] ], [ [ 24.505465232791156, 44.865920561428133 ], [ 24.51017839641025, 44.856799966632465 ] ], [ [ 24.50941566204737, 44.845497794648686 ], [ 24.51017839641025, 44.856799966632465 ] ], [ [ 24.506944839299685, 44.843719717378356 ], [ 24.50941566204737, 44.845497794648686 ] ], [ [ 24.499096202271687, 44.845283250004677 ], [ 24.506944839299685, 44.843719717378356 ] ], [ [ 24.494023808934553, 44.837134378460782 ], [ 24.499096202271687, 44.845283250004677 ] ], [ [ 24.494023808934553, 44.837134378460782 ], [ 24.494630979952955, 44.831410510719458 ] ], [ [ 24.482967050477694, 44.829866682060896 ], [ 24.494630979952955, 44.831410510719458 ] ], [ [ 24.480196298591395, 44.821742650511773 ], [ 24.482967050477694, 44.829866682060896 ] ], [ [ 24.465089481811894, 44.81846329808063 ], [ 24.480196298591395, 44.821742650511773 ] ], [ [ 24.452194262384374, 44.815164941729634 ], [ 24.465089481811894, 44.81846329808063 ] ], [ [ 24.44533937033767, 44.810762805795456 ], [ 24.452194262384374, 44.815164941729634 ] ], [ [ 24.444324529729972, 44.816022919338053 ], [ 24.44533937033767, 44.810762805795456 ] ], [ [ 24.432968596325537, 44.817836177709061 ], [ 24.444324529729972, 44.816022919338053 ] ], [ [ 24.423970714859554, 44.823576520565517 ], [ 24.432968596325537, 44.817836177709061 ] ], [ [ 24.421513165443791, 44.827071278919952 ], [ 24.423970714859554, 44.823576520565517 ] ], [ [ 24.421513165443791, 44.827071278919952 ], [ 24.436265059939291, 44.841582214189934 ] ], [ [ 24.436265059939291, 44.841582214189934 ], [ 24.438134026779355, 44.845377197159586 ] ], [ [ 24.438134026779355, 44.845377197159586 ], [ 24.445215817749837, 44.853000719595158 ] ], [ [ 24.445215817749837, 44.853000719595158 ], [ 24.452123253998074, 44.853817230430408 ] ], [ [ 24.452123253998074, 44.853817230430408 ], [ 24.463129180066563, 44.862342550968229 ] ], [ [ 24.463129180066563, 44.862342550968229 ], [ 24.467350747672558, 44.87079399684616 ] ], [ [ 24.464576564278751, 44.873795357961313 ], [ 24.467350747672558, 44.87079399684616 ] ], [ [ 24.464576564278751, 44.873795357961313 ], [ 24.46789242148159, 44.880900226453257 ] ], [ [ 24.46789242148159, 44.880900226453257 ], [ 24.476211073172795, 44.890199980243644 ] ], [ [ 24.476211073172795, 44.890199980243644 ], [ 24.480067359724771, 44.899125710194532 ] ], [ [ 24.467191715557629, 44.901816455457805 ], [ 24.480067359724771, 44.899125710194532 ] ], [ [ 24.464316777837162, 44.905284616278465 ], [ 24.467191715557629, 44.901816455457805 ] ], [ [ 24.464213329458492, 44.914436686423862 ], [ 24.464316777837162, 44.905284616278465 ] ], [ [ 24.464213329458492, 44.914436686423862 ], [ 24.47070823636852, 44.920713897968156 ] ], [ [ 24.470328979966656, 44.924427140702107 ], [ 24.47070823636852, 44.920713897968156 ] ], [ [ 24.470328979966656, 44.924427140702107 ], [ 24.478626558306836, 44.92881916938579 ] ], [ [ 24.478626558306836, 44.92881916938579 ], [ 24.486185625038143, 44.937640993638837 ] ], [ [ 24.486185625038143, 44.937640993638837 ], [ 24.496560560521274, 44.941210863101354 ] ], [ [ 24.496560560521274, 44.941210863101354 ], [ 24.49975610352001, 44.9454292948285 ] ], [ [ 24.486148182818702, 44.953198844209048 ], [ 24.49975610352001, 44.9454292948285 ] ], [ [ 24.476205984883176, 44.949360477569563 ], [ 24.486148182818702, 44.953198844209048 ] ], [ [ 24.4686924924526, 44.948205935471513 ], [ 24.476205984883176, 44.949360477569563 ] ], [ [ 24.4686924924526, 44.948205935471513 ], [ 24.479230324982129, 44.963651671598384 ] ], [ [ 24.477822288791614, 44.971377393591638 ], [ 24.479230324982129, 44.963651671598384 ] ], [ [ 24.477822288791614, 44.971377393591638 ], [ 24.481092486302138, 44.975895807682164 ] ], [ [ 24.481092486302138, 44.975895807682164 ], [ 24.48792734270906, 44.979729073229684 ] ], [ [ 24.48792734270906, 44.979729073229684 ], [ 24.491239361106274, 44.987065052236019 ] ], [ [ 24.491239361106274, 44.987065052236019 ], [ 24.503681520351353, 44.996871502972816 ] ], [ [ 24.503681520351353, 44.996871502972816 ], [ 24.508952820936596, 44.99791150321375 ] ], [ [ 24.493269078733963, 45.010253881696478 ], [ 24.508952820936596, 44.99791150321375 ] ], [ [ 24.488377195683181, 45.011679620261411 ], [ 24.493269078733963, 45.010253881696478 ] ], [ [ 24.485191910622792, 45.01651959923197 ], [ 24.488377195683181, 45.011679620261411 ] ], [ [ 24.485191910622792, 45.01651959923197 ], [ 24.493118675756627, 45.023804299820512 ] ], [ [ 24.493118675756627, 45.023804299820512 ], [ 24.49687777109899, 45.023514677518698 ] ], [ [ 24.49687777109899, 45.023514677518698 ], [ 24.508672830883313, 45.035105969155104 ] ], [ [ 24.508672830883313, 45.035105969155104 ], [ 24.518288346684056, 45.040975480703864 ] ], [ [ 24.518288346684056, 45.040975480703864 ], [ 24.520467471668539, 45.048980580642095 ] ], [ [ 24.514568314369491, 45.050600114462775 ], [ 24.520467471668539, 45.048980580642095 ] ], [ [ 24.512013084958753, 45.05502089476802 ], [ 24.514568314369491, 45.050600114462775 ] ], [ [ 24.49848168458114, 45.055960419742135 ], [ 24.512013084958753, 45.05502089476802 ] ], [ [ 24.481359231912265, 45.060942457337788 ], [ 24.49848168458114, 45.055960419742135 ] ], [ [ 24.481359231912265, 45.060942457337788 ], [ 24.484649419894872, 45.064313115704806 ] ], [ [ 24.484649419894872, 45.064313115704806 ], [ 24.486594643187665, 45.070879595546735 ] ], [ [ 24.486594643187665, 45.070879595546735 ], [ 24.491829066937424, 45.076593065461267 ] ], [ [ 24.491829066937424, 45.076593065461267 ], [ 24.502671063275713, 45.080008430551509 ] ], [ [ 24.502671063275713, 45.080008430551509 ], [ 24.507136227865523, 45.085057123904562 ] ], [ [ 24.50496320025475, 45.089257556173202 ], [ 24.507136227865523, 45.085057123904562 ] ], [ [ 24.497414265721662, 45.091384584236621 ], [ 24.50496320025475, 45.089257556173202 ] ], [ [ 24.497414265721662, 45.091384584236621 ], [ 24.500256873421311, 45.095248880434696 ] ], [ [ 24.498306052105566, 45.100368840972969 ], [ 24.500256873421311, 45.095248880434696 ] ], [ [ 24.491144265795594, 45.102656099065285 ], [ 24.498306052105566, 45.100368840972969 ] ], [ [ 24.491144265795594, 45.102656099065285 ], [ 24.492663241497183, 45.11061020032988 ] ], [ [ 24.492663241497183, 45.11061020032988 ], [ 24.502236672444408, 45.115360946886568 ] ], [ [ 24.502236672444408, 45.115360946886568 ], [ 24.512453943538645, 45.108280562070313 ] ], [ [ 24.512453943538645, 45.108280562070313 ], [ 24.515995041727063, 45.114542963754133 ] ], [ [ 24.514460992167098, 45.120580311384259 ], [ 24.515995041727063, 45.114542963754133 ] ], [ [ 24.514460992167098, 45.120580311384259 ], [ 24.517762368957897, 45.127071753541614 ] ], [ [ 24.516221870303283, 45.129549620312638 ], [ 24.517762368957897, 45.127071753541614 ] ], [ [ 24.516221870303283, 45.129549620312638 ], [ 24.519638431590455, 45.134716494685598 ] ], [ [ 24.515901003441975, 45.143653754621226 ], [ 24.519638431590455, 45.134716494685598 ] ], [ [ 24.50116705261112, 45.156494443580385 ], [ 24.515901003441975, 45.143653754621226 ] ], [ [ 24.497933044133134, 45.165614146111238 ], [ 24.50116705261112, 45.156494443580385 ] ], [ [ 24.497933044133134, 45.165614146111238 ], [ 24.503162879201028, 45.16430504448595 ] ], [ [ 24.503162879201028, 45.16430504448595 ], [ 24.512882955553845, 45.165822495745068 ] ], [ [ 24.510424118335958, 45.174994343325643 ], [ 24.512882955553845, 45.165822495745068 ] ], [ [ 24.510424118335958, 45.174994343325643 ], [ 24.519390455299821, 45.176532362232578 ] ], [ [ 24.519390455299821, 45.176532362232578 ], [ 24.521971761591068, 45.179794220930781 ] ], [ [ 24.513306841439366, 45.188927910746024 ], [ 24.521971761591068, 45.179794220930781 ] ], [ [ 24.500066611753009, 45.189210416835266 ], [ 24.513306841439366, 45.188927910746024 ] ], [ [ 24.487483566381641, 45.196017489191185 ], [ 24.500066611753009, 45.189210416835266 ] ], [ [ 24.487483566381641, 45.196017489191185 ], [ 24.493838815798284, 45.200900947432316 ] ], [ [ 24.493838815798284, 45.200900947432316 ], [ 24.501296878285817, 45.20208436093975 ] ], [ [ 24.496580145301984, 45.207963050948145 ], [ 24.501296878285817, 45.20208436093975 ] ], [ [ 24.484802855763363, 45.211422195749115 ], [ 24.496580145301984, 45.207963050948145 ] ], [ [ 24.477768284975685, 45.208399264080619 ], [ 24.484802855763363, 45.211422195749115 ] ], [ [ 24.472724106519891, 45.211913970335686 ], [ 24.477768284975685, 45.208399264080619 ] ], [ [ 24.46888154122043, 45.223217034549478 ], [ 24.472724106519891, 45.211913970335686 ] ], [ [ 24.46888154122043, 45.223217034549478 ], [ 24.470147813903594, 45.228170564892181 ] ], [ [ 24.466768065217487, 45.231736061196656 ], [ 24.470147813903594, 45.228170564892181 ] ], [ [ 24.466768065217487, 45.231736061196656 ], [ 24.474306728949518, 45.23796489122843 ] ], [ [ 24.471334672827972, 45.241054515092358 ], [ 24.474306728949518, 45.23796489122843 ] ], [ [ 24.471334672827972, 45.241054515092358 ], [ 24.477146101258043, 45.244753359663299 ] ], [ [ 24.477146101258043, 45.244753359663299 ], [ 24.483765389860331, 45.258571999681308 ] ], [ [ 24.483765389860331, 45.258571999681308 ], [ 24.483800861031561, 45.264350715985351 ] ], [ [ 24.479644530912246, 45.268330562059319 ], [ 24.483800861031561, 45.264350715985351 ] ], [ [ 24.479644530912246, 45.268330562059319 ], [ 24.491930376428904, 45.277859742547058 ] ], [ [ 24.491930376428904, 45.277859742547058 ], [ 24.492264577021366, 45.282138635531417 ] ], [ [ 24.487720412191265, 45.288798367487232 ], [ 24.492264577021366, 45.282138635531417 ] ], [ [ 24.487720412191265, 45.288798367487232 ], [ 24.489367182218629, 45.292612048265582 ] ], [ [ 24.481963662299041, 45.296634387394334 ], [ 24.489367182218629, 45.292612048265582 ] ], [ [ 24.481247452373207, 45.302654048609341 ], [ 24.481963662299041, 45.296634387394334 ] ], [ [ 24.481247452373207, 45.302654048609341 ], [ 24.489837504745875, 45.307313507440561 ] ], [ [ 24.489837504745875, 45.307313507440561 ], [ 24.491876337530591, 45.314551783733855 ] ], [ [ 24.48910811151292, 45.322339617806534 ], [ 24.491876337530591, 45.314551783733855 ] ], [ [ 24.48910811151292, 45.322339617806534 ], [ 24.491289204913453, 45.323873772886969 ] ], [ [ 24.482949786270829, 45.33182646240116 ], [ 24.491289204913453, 45.323873772886969 ] ], [ [ 24.473473980757195, 45.329955770144764 ], [ 24.482949786270829, 45.33182646240116 ] ], [ [ 24.473182012815826, 45.340111459505152 ], [ 24.473473980757195, 45.329955770144764 ] ], [ [ 24.469477265752111, 45.347882294974511 ], [ 24.473182012815826, 45.340111459505152 ] ], [ [ 24.469477265752111, 45.347882294974511 ], [ 24.472674626521833, 45.352486664598139 ] ], [ [ 24.472674626521833, 45.352486664598139 ], [ 24.472789921749328, 45.357679251006196 ] ], [ [ 24.472789921749328, 45.357679251006196 ], [ 24.486669203316843, 45.358514429845698 ] ], [ [ 24.486669203316843, 45.358514429845698 ], [ 24.500921563977077, 45.353086598226689 ] ], [ [ 24.500921563977077, 45.353086598226689 ], [ 24.504511353327146, 45.360398853833978 ] ], [ [ 24.500462841356825, 45.363137844895419 ], [ 24.504511353327146, 45.360398853833978 ] ], [ [ 24.496860963212722, 45.369916375561978 ], [ 24.500462841356825, 45.363137844895419 ] ], [ [ 24.496860963212722, 45.369916375561978 ], [ 24.499097411455409, 45.37150923313375 ] ], [ [ 24.494274390312711, 45.377168532734039 ], [ 24.499097411455409, 45.37150923313375 ] ], [ [ 24.494274390312711, 45.377168532734039 ], [ 24.495898091422273, 45.379910427027141 ] ], [ [ 24.495898091422273, 45.379910427027141 ], [ 24.504346310001846, 45.379349568559292 ] ], [ [ 24.504346310001846, 45.379349568559292 ], [ 24.505526412180622, 45.382496451509795 ] ], [ [ 24.502580876573411, 45.389119051360794 ], [ 24.505526412180622, 45.382496451509795 ] ], [ [ 24.491500171213808, 45.398615807632517 ], [ 24.502580876573411, 45.389119051360794 ] ], [ [ 24.48983763369403, 45.409817228360978 ], [ 24.491500171213808, 45.398615807632517 ] ], [ [ 24.483557844545182, 45.415624946727057 ], [ 24.48983763369403, 45.409817228360978 ] ], [ [ 24.483557844545182, 45.415624946727057 ], [ 24.484799263728014, 45.427564375311796 ] ], [ [ 24.479041370837258, 45.437788682090549 ], [ 24.484799263728014, 45.427564375311796 ] ], [ [ 24.479041370837258, 45.437788682090549 ], [ 24.480698305210552, 45.449207870844347 ] ], [ [ 24.480698305210552, 45.449207870844347 ], [ 24.485595581670115, 45.46259638494417 ] ], [ [ 24.485595581670115, 45.46259638494417 ], [ 24.496033327355651, 45.464625867652884 ] ], [ [ 24.496033327355651, 45.464625867652884 ], [ 24.511097356160271, 45.463474165533114 ] ], [ [ 24.511097356160271, 45.463474165533114 ], [ 24.515491865753219, 45.465856491436305 ] ], [ [ 24.515491865753219, 45.465856491436305 ], [ 24.524854963438429, 45.475023257512383 ] ], [ [ 24.523957828802011, 45.482194614982902 ], [ 24.524854963438429, 45.475023257512383 ] ], [ [ 24.523957828802011, 45.482194614982902 ], [ 24.527090252073439, 45.497882200461213 ] ], [ [ 24.51993491181307, 45.506973679229063 ], [ 24.527090252073439, 45.497882200461213 ] ], [ [ 24.513738102747425, 45.510694913737737 ], [ 24.51993491181307, 45.506973679229063 ] ], [ [ 24.511903441882506, 45.517523845083701 ], [ 24.513738102747425, 45.510694913737737 ] ], [ [ 24.511903441882506, 45.517523845083701 ], [ 24.516225115354089, 45.522481066009 ] ], [ [ 24.516225115354089, 45.522481066009 ], [ 24.522896510717796, 45.524532640153289 ] ], [ [ 24.522896510717796, 45.524532640153289 ], [ 24.526843423799921, 45.528616708699253 ] ], [ [ 24.526843423799921, 45.528616708699253 ], [ 24.531321240291685, 45.528853757616368 ] ], [ [ 24.531321240291685, 45.528853757616368 ], [ 24.540499372332455, 45.535626010160719 ] ], [ [ 24.536086441792378, 45.543294974431383 ], [ 24.540499372332455, 45.535626010160719 ] ], [ [ 24.529907410820471, 45.561441908767129 ], [ 24.536086441792378, 45.543294974431383 ] ], [ [ 24.529907410820471, 45.561441908767129 ], [ 24.531205260596131, 45.569673976486676 ] ], [ [ 24.523144192431953, 45.580569529625095 ], [ 24.531205260596131, 45.569673976486676 ] ] ] } },
{ "type": "Feature", "properties": { "id": 10, "leftRegion": "Centru", "leftId": 877, "rightRegion": "Sud", "rightId": 831, "version": "2025/03/26" }, "geometry": { "type": "MultiLineString", "coordinates": [ [ [ 24.523144192431953, 45.580569529625095 ], [ 24.526920632115115, 45.580181025058451 ] ], [ [ 24.526920632115115, 45.580181025058451 ], [ 24.533208991569889, 45.583975309988311 ] ], [ [ 24.533208991569889, 45.583975309988311 ], [ 24.553518460337706, 45.58774609819632 ] ], [ [ 24.553518460337706, 45.58774609819632 ], [ 24.565903276345818, 45.579144221597801 ] ], [ [ 24.565903276345818, 45.579144221597801 ], [ 24.570212690938039, 45.581887007155601 ] ], [ [ 24.570212690938039, 45.581887007155601 ], [ 24.585985909752559, 45.587887105128992 ] ], [ [ 24.585985909752559, 45.587887105128992 ], [ 24.59657715188137, 45.596192339052067 ] ], [ [ 24.59657715188137, 45.596192339052067 ], [ 24.601896427938726, 45.59461283161685 ] ], [ [ 24.601896427938726, 45.59461283161685 ], [ 24.607754944172179, 45.598845332951718 ] ], [ [ 24.607754944172179, 45.598845332951718 ], [ 24.612034496742307, 45.598040051271767 ] ], [ [ 24.612034496742307, 45.598040051271767 ], [ 24.622465625483578, 45.59950200874701 ] ], [ [ 24.622465625483578, 45.59950200874701 ], [ 24.626315545608296, 45.603929541094352 ] ], [ [ 24.626315545608296, 45.603929541094352 ], [ 24.633288419801893, 45.601183773910648 ] ], [ [ 24.633288419801893, 45.601183773910648 ], [ 24.644283783386172, 45.603837810550623 ] ], [ [ 24.644283783386172, 45.603837810550623 ], [ 24.649001361513029, 45.601689143096053 ] ], [ [ 24.649001361513029, 45.601689143096053 ], [ 24.65805162434506, 45.603065454911984 ] ], [ [ 24.65805162434506, 45.603065454911984 ], [ 24.658514353118093, 45.598283218315366 ] ], [ [ 24.658514353118093, 45.598283218315366 ], [ 24.661933201674092, 45.595453342307565 ] ], [ [ 24.661933201674092, 45.595453342307565 ], [ 24.671069655152692, 45.594584028029708 ] ], [ [ 24.671069655152692, 45.594584028029708 ], [ 24.679127433420991, 45.598655301559624 ] ], [ [ 24.679127433420991, 45.598655301559624 ], [ 24.684938481299195, 45.604116894973558 ] ], [ [ 24.684938481299195, 45.604116894973558 ], [ 24.69474661925404, 45.605776050289492 ] ], [ [ 24.69474661925404, 45.605776050289492 ], [ 24.698893029052236, 45.602361239159521 ] ], [ [ 24.698893029052236, 45.602361239159521 ], [ 24.710056102594351, 45.604515192645835 ] ], [ [ 24.710056102594351, 45.604515192645835 ], [ 24.716024554549303, 45.607258454299007 ] ], [ [ 24.716024554549303, 45.607258454299007 ], [ 24.725674043809857, 45.606784894200935 ] ], [ [ 24.725674043809857, 45.606784894200935 ], [ 24.728594284551789, 45.608364744714692 ] ], [ [ 24.728594284551789, 45.608364744714692 ], [ 24.735898248442648, 45.603118386768742 ] ], [ [ 24.735898248442648, 45.603118386768742 ], [ 24.758171561901538, 45.609587687294152 ] ], [ [ 24.758171561901538, 45.609587687294152 ], [ 24.769893391435996, 45.61094185287407 ] ], [ [ 24.769893391435996, 45.61094185287407 ], [ 24.776277072463103, 45.610409926306957 ] ], [ [ 24.776277072463103, 45.610409926306957 ], [ 24.794787992376452, 45.603016692199091 ] ], [ [ 24.794787992376452, 45.603016692199091 ], [ 24.80275578303489, 45.605416375462248 ] ], [ [ 24.80275578303489, 45.605416375462248 ], [ 24.810251547408079, 45.610643802623045 ] ], [ [ 24.810251547408079, 45.610643802623045 ], [ 24.813741950831552, 45.607660288551287 ] ], [ [ 24.813741950831552, 45.607660288551287 ], [ 24.823079979274951, 45.605606199458684 ] ], [ [ 24.823079979274951, 45.605606199458684 ], [ 24.829813644985972, 45.606536040175669 ] ], [ [ 24.829813644985972, 45.606536040175669 ], [ 24.832350805603713, 45.602771976915548 ] ], [ [ 24.832350805603713, 45.602771976915548 ], [ 24.833035023158722, 45.5961547312912 ] ], [ [ 24.833035023158722, 45.5961547312912 ], [ 24.835964286536992, 45.592293783304996 ] ], [ [ 24.835964286536992, 45.592293783304996 ], [ 24.848508873675954, 45.593317055636561 ] ], [ [ 24.848508873675954, 45.593317055636561 ], [ 24.854888475765762, 45.590966684294116 ] ], [ [ 24.854888475765762, 45.590966684294116 ], [ 24.858993884702048, 45.59424200613671 ] ], [ [ 24.858993884702048, 45.59424200613671 ], [ 24.870960522646794, 45.594044809871022 ] ], [ [ 24.870960522646794, 45.594044809871022 ], [ 24.874137883949022, 45.592596295726565 ] ], [ [ 24.874137883949022, 45.592596295726565 ], [ 24.884886678930883, 45.593949132327616 ] ], [ [ 24.884886678930883, 45.593949132327616 ], [ 24.900677179299041, 45.595119496359068 ] ], [ [ 24.900677179299041, 45.595119496359068 ], [ 24.910009940398609, 45.592629073042737 ] ], [ [ 24.910009940398609, 45.592629073042737 ], [ 24.916873061987928, 45.594569066066633 ] ], [ [ 24.916873061987928, 45.594569066066633 ], [ 24.936095743608572, 45.582772893004069 ] ], [ [ 24.936095743608572, 45.582772893004069 ], [ 24.941247979904727, 45.582125454862144 ] ], [ [ 24.941247979904727, 45.582125454862144 ], [ 24.958130484257268, 45.592711877776523 ] ], [ [ 24.958130484257268, 45.592711877776523 ], [ 24.96734559936133, 45.592884002599888 ] ], [ [ 24.96734559936133, 45.592884002599888 ], [ 24.980042525151841, 45.589691394804788 ] ], [ [ 24.980042525151841, 45.589691394804788 ], [ 24.984827872751076, 45.586359882758892 ] ], [ [ 24.984827872751076, 45.586359882758892 ], [ 24.993974092065166, 45.588167203748526 ] ], [ [ 24.993974092065166, 45.588167203748526 ], [ 25.000916312554299, 45.586570142412967 ] ], [ [ 25.000916312554299, 45.586570142412967 ], [ 25.013431990699701, 45.58601355296657 ] ], [ [ 25.013431990699701, 45.58601355296657 ], [ 25.025882114337978, 45.588377569479874 ] ], [ [ 25.025882114337978, 45.588377569479874 ], [ 25.036108366950355, 45.592643988623728 ] ], [ [ 25.036108366950355, 45.592643988623728 ], [ 25.051747831232156, 45.586717807686526 ] ], [ [ 25.051747831232156, 45.586717807686526 ], [ 25.07000815084108, 45.585390705844425 ] ], [ [ 25.07000815084108, 45.585390705844425 ], [ 25.081615279267368, 45.581717294641777 ] ], [ [ 25.081615279267368, 45.581717294641777 ], [ 25.103229357151342, 45.585200223075098 ] ], [ [ 25.103229357151342, 45.585200223075098 ], [ 25.109354259112205, 45.581432764558919 ] ], [ [ 25.109354259112205, 45.581432764558919 ], [ 25.113009465342397, 45.576724190125837 ] ], [ [ 25.113009465342397, 45.576724190125837 ], [ 25.125762928745239, 45.57181359591555 ] ], [ [ 25.125762928745239, 45.57181359591555 ], [ 25.12956162287869, 45.565411390858721 ] ], [ [ 25.12956162287869, 45.565411390858721 ], [ 25.134999935753171, 45.561089363626039 ] ], [ [ 25.134999935753171, 45.561089363626039 ], [ 25.145551096162524, 45.558617658525151 ] ], [ [ 25.145551096162524, 45.558617658525151 ], [ 25.151668057646642, 45.545782319197819 ] ], [ [ 25.151668057646642, 45.545782319197819 ], [ 25.157246535158059, 45.542187319913907 ] ], [ [ 25.157246535158059, 45.542187319913907 ], [ 25.162148120045558, 45.54188953498975 ] ], [ [ 25.162148120045558, 45.54188953498975 ], [ 25.170987392092801, 45.536672524189697 ] ], [ [ 25.170987392092801, 45.536672524189697 ], [ 25.175063493737422, 45.536061320835024 ] ], [ [ 25.175063493737422, 45.536061320835024 ], [ 25.1889679414078, 45.522777451594628 ] ], [ [ 25.1889679414078, 45.522777451594628 ], [ 25.20342397224988, 45.519693400831216 ] ], [ [ 25.20342397224988, 45.519693400831216 ], [ 25.211643146911467, 45.526873059268233 ] ], [ [ 25.211643146911467, 45.526873059268233 ], [ 25.218655597617268, 45.521605384597081 ] ], [ [ 25.218655597617268, 45.521605384597081 ], [ 25.226103241358572, 45.518052453751984 ] ], [ [ 25.226103241358572, 45.518052453751984 ], [ 25.236909533637252, 45.517599391789183 ] ], [ [ 25.233241248182566, 45.511766035067751 ], [ 25.236909533637252, 45.517599391789183 ] ], [ [ 25.233241248182566, 45.511766035067751 ], [ 25.2360913965945, 45.504792646679455 ] ], [ [ 25.2360913965945, 45.504792646679455 ], [ 25.24162496015445, 45.499740787296709 ] ], [ [ 25.240479499163968, 45.488820441994243 ], [ 25.24162496015445, 45.499740787296709 ] ], [ [ 25.237427731984283, 45.482110505387809 ], [ 25.240479499163968, 45.488820441994243 ] ], [ [ 25.237427731984283, 45.482110505387809 ], [ 25.238357566040893, 45.475523605475324 ] ], [ [ 25.238357566040893, 45.475523605475324 ], [ 25.246488421578711, 45.470088663803466 ] ], [ [ 25.246488421578711, 45.470088663803466 ], [ 25.250097575847818, 45.463172283160731 ] ], [ [ 25.250097575847818, 45.463172283160731 ], [ 25.258606076890874, 45.455837130340996 ] ], [ [ 25.257428209881809, 45.452045117407522 ], [ 25.258606076890874, 45.455837130340996 ] ], [ [ 25.257428209881809, 45.452045117407522 ], [ 25.267871045236497, 45.446349754225714 ] ], [ [ 25.267871045236497, 45.446349754225714 ], [ 25.271688246353989, 45.44693713239279 ] ], [ [ 25.271688246353989, 45.44693713239279 ], [ 25.275853071789758, 45.442062930359562 ] ], [ [ 25.270018168820364, 45.43910775680839 ], [ 25.275853071789758, 45.442062930359562 ] ], [ [ 25.263333892519704, 45.438305450208297 ], [ 25.270018168820364, 45.43910775680839 ] ], [ [ 25.253446250314301, 45.428822531442727 ], [ 25.263333892519704, 45.438305450208297 ] ], [ [ 25.253446250314301, 45.428822531442727 ], [ 25.266268653770553, 45.415934360283991 ] ], [ [ 25.266268653770553, 45.415934360283991 ], [ 25.267603311865333, 45.40902889720271 ] ], [ [ 25.267603311865333, 45.40902889720271 ], [ 25.271574227593579, 45.407919251777756 ] ], [ [ 25.271574227593579, 45.407919251777756 ], [ 25.274887452438698, 45.40863892918216 ] ], [ [ 25.274887452438698, 45.40863892918216 ], [ 25.280217420317523, 45.414653296626931 ] ], [ [ 25.280217420317523, 45.414653296626931 ], [ 25.287541709520227, 45.415746650710844 ] ], [ [ 25.287541709520227, 45.415746650710844 ], [ 25.293411630863957, 45.421324346336725 ] ], [ [ 25.293411630863957, 45.421324346336725 ], [ 25.301621880054764, 45.422384176847473 ] ], [ [ 25.301621880054764, 45.422384176847473 ], [ 25.306387707867692, 45.414491821281935 ] ], [ [ 25.306387707867692, 45.414491821281935 ], [ 25.307968431806184, 45.405775909350744 ] ], [ [ 25.307968431806184, 45.405775909350744 ], [ 25.312176942469282, 45.399340601846454 ] ], [ [ 25.311830468162402, 45.394667542948802 ], [ 25.312176942469282, 45.399340601846454 ] ], [ [ 25.308013176447226, 45.389518762446343 ], [ 25.311830468162402, 45.394667542948802 ] ], [ [ 25.308013176447226, 45.389518762446343 ], [ 25.321594207124079, 45.381094462182418 ] ], [ [ 25.321594207124079, 45.381094462182418 ], [ 25.345248778926265, 45.386194360380571 ] ], [ [ 25.345248778926265, 45.386194360380571 ], [ 25.347746393341392, 45.388242810497957 ] ], [ [ 25.347746393341392, 45.388242810497957 ], [ 25.358989156063604, 45.388587760938329 ] ], [ [ 25.358989156063604, 45.388587760938329 ], [ 25.361722481244332, 45.391478373289409 ] ], [ [ 25.361722481244332, 45.391478373289409 ], [ 25.373320555827735, 45.391071860937473 ] ], [ [ 25.373320555827735, 45.391071860937473 ], [ 25.378522808780264, 45.389591770560884 ] ], [ [ 25.378522808780264, 45.389591770560884 ], [ 25.387980013234504, 45.390068284568464 ] ], [ [ 25.387980013234504, 45.390068284568464 ], [ 25.403084682225217, 45.387412598742252 ] ], [ [ 25.403084682225217, 45.387412598742252 ], [ 25.408507331411908, 45.390816962091705 ] ], [ [ 25.408507331411908, 45.390816962091705 ], [ 25.410455401969113, 45.400815154687614 ] ], [ [ 25.40757308685458, 45.414098247290184 ], [ 25.410455401969113, 45.400815154687614 ] ], [ [ 25.40757308685458, 45.414098247290184 ], [ 25.409984049157867, 45.422795307246346 ] ], [ [ 25.409984049157867, 45.422795307246346 ], [ 25.410287993500361, 45.426458281471426 ] ], [ [ 25.410287993500361, 45.426458281471426 ], [ 25.415210380802272, 45.430441633356779 ] ], [ [ 25.415210380802272, 45.430441633356779 ], [ 25.429950085137467, 45.437963629788797 ] ], [ [ 25.429950085137467, 45.437963629788797 ], [ 25.434997566382034, 45.436635014275033 ] ], [ [ 25.434997566382034, 45.436635014275033 ], [ 25.452556487199566, 45.441347426651816 ] ], [ [ 25.452556487199566, 45.441347426651816 ], [ 25.454905145589453, 45.447144424441511 ] ], [ [ 25.454905145589453, 45.447144424441511 ], [ 25.461727986497532, 45.453921406865106 ] ], [ [ 25.461727986497532, 45.453921406865106 ], [ 25.470236531116122, 45.452609717348331 ] ], [ [ 25.470236531116122, 45.452609717348331 ], [ 25.480117119584595, 45.45484513388255 ] ], [ [ 25.480117119584595, 45.45484513388255 ], [ 25.485476417121394, 45.4610904883424 ] ], [ [ 25.485476417121394, 45.4610904883424 ], [ 25.511751075328977, 45.470276060871598 ] ], [ [ 25.511751075328977, 45.470276060871598 ], [ 25.524540668298425, 45.46558832367834 ] ], [ [ 25.524540668298425, 45.46558832367834 ], [ 25.53173697558962, 45.459069414827269 ] ], [ [ 25.53173697558962, 45.459069414827269 ], [ 25.550831230066837, 45.464882638236539 ] ], [ [ 25.550831230066837, 45.464882638236539 ], [ 25.556784749308921, 45.464417832270051 ] ], [ [ 25.556784749308921, 45.464417832270051 ], [ 25.572348765907474, 45.46767662416763 ] ], [ [ 25.572348765907474, 45.46767662416763 ], [ 25.577440144609643, 45.467613798373939 ] ], [ [ 25.577440144609643, 45.467613798373939 ], [ 25.589048812547112, 45.461079007164649 ] ], [ [ 25.589048812547112, 45.461079007164649 ], [ 25.603069758179387, 45.463389763128305 ] ], [ [ 25.603069758179387, 45.463389763128305 ], [ 25.607048571434763, 45.476043147665742 ] ], [ [ 25.607048571434763, 45.476043147665742 ], [ 25.624586179203483, 45.485099391665564 ] ], [ [ 25.624586179203483, 45.485099391665564 ], [ 25.629470122894542, 45.489930399503216 ] ], [ [ 25.629470122894542, 45.489930399503216 ], [ 25.629975861432328, 45.496069876623686 ] ], [ [ 25.629975861432328, 45.496069876623686 ], [ 25.6427348753265, 45.495406378061517 ] ], [ [ 25.6427348753265, 45.495406378061517 ], [ 25.644090150206928, 45.492564891209298 ] ], [ [ 25.644090150206928, 45.492564891209298 ], [ 25.66834148782198, 45.495786988137837 ] ], [ [ 25.66834148782198, 45.495786988137837 ], [ 25.681013524286378, 45.500625557798735 ] ], [ [ 25.681013524286378, 45.500625557798735 ], [ 25.699937461087625, 45.490198631638812 ] ], [ [ 25.699937461087625, 45.490198631638812 ], [ 25.700121903442401, 45.483700782726629 ] ], [ [ 25.700121903442401, 45.483700782726629 ], [ 25.704066406236592, 45.479516468313498 ] ], [ [ 25.704066406236592, 45.479516468313498 ], [ 25.711704856184234, 45.475586457336703 ] ], [ [ 25.711704856184234, 45.475586457336703 ], [ 25.726703444808692, 45.465390428286192 ] ], [ [ 25.726703444808692, 45.465390428286192 ], [ 25.743007225669491, 45.46786514593564 ] ], [ [ 25.743007225669491, 45.46786514593564 ], [ 25.753784704646417, 45.467687569702576 ] ], [ [ 25.753784704646417, 45.467687569702576 ], [ 25.765933680905263, 45.465566482750255 ] ], [ [ 25.765933680905263, 45.465566482750255 ], [ 25.770646710918548, 45.469213423263973 ] ], [ [ 25.770646710918548, 45.469213423263973 ], [ 25.771612280374672, 45.473608166074783 ] ], [ [ 25.771612280374672, 45.473608166074783 ], [ 25.778522220244465, 45.477486270501288 ] ], [ [ 25.778522220244465, 45.477486270501288 ], [ 25.78647739082049, 45.479558490153927 ] ], [ [ 25.78647739082049, 45.479558490153927 ], [ 25.790252923641916, 45.478618058539567 ] ], [ [ 25.790252923641916, 45.478618058539567 ], [ 25.797176464785398, 45.471328759146473 ] ], [ [ 25.797176464785398, 45.471328759146473 ], [ 25.807833038909116, 45.468947185530254 ] ], [ [ 25.807833038909116, 45.468947185530254 ], [ 25.824366161974378, 45.443254774959449 ] ], [ [ 25.824366161974378, 45.443254774959449 ], [ 25.82756090332089, 45.442188537924416 ] ], [ [ 25.82756090332089, 45.442188537924416 ], [ 25.827974637792657, 45.435596478822397 ] ], [ [ 25.822955630161577, 45.431993463679312 ], [ 25.827974637792657, 45.435596478822397 ] ], [ [ 25.822955630161577, 45.431993463679312 ], [ 25.829501346974791, 45.429434549299557 ] ], [ [ 25.829501346974791, 45.429434549299557 ], [ 25.843046501907452, 45.429541143922293 ] ], [ [ 25.843046501907452, 45.429541143922293 ], [ 25.856302571815814, 45.425923792696146 ] ], [ [ 25.856302571815814, 45.425923792696146 ], [ 25.860058591345084, 45.421920860138492 ] ], [ [ 25.860058591345084, 45.421920860138492 ], [ 25.867611858608413, 45.423077839114285 ] ], [ [ 25.867611858608413, 45.423077839114285 ], [ 25.868980923810405, 45.43553530088225 ] ], [ [ 25.868980923810405, 45.43553530088225 ], [ 25.879688108343409, 45.442912729652903 ] ], [ [ 25.879688108343409, 45.442912729652903 ], [ 25.888624408847136, 45.445802964761256 ] ], [ [ 25.888624408847136, 45.445802964761256 ], [ 25.889155062993638, 45.454409263382786 ] ], [ [ 25.889155062993638, 45.454409263382786 ], [ 25.892264869837135, 45.459647096645917 ] ], [ [ 25.887452002826649, 45.466807490784959 ], [ 25.892264869837135, 45.459647096645917 ] ], [ [ 25.887452002826649, 45.466807490784959 ], [ 25.892931123180972, 45.470844016335299 ] ], [ [ 25.892931123180972, 45.470844016335299 ], [ 25.897314803600871, 45.478161915078971 ] ], [ [ 25.890990309657397, 45.487905572293634 ], [ 25.897314803600871, 45.478161915078971 ] ], [ [ 25.890990309657397, 45.487905572293634 ], [ 25.900332891932539, 45.499327442146154 ] ], [ [ 25.900332891932539, 45.499327442146154 ], [ 25.907718251621297, 45.501010167003621 ] ], [ [ 25.907718251621297, 45.501010167003621 ], [ 25.913766684836919, 45.51048689102705 ] ], [ [ 25.913766684836919, 45.51048689102705 ], [ 25.91801848061046, 45.514100144054964 ] ], [ [ 25.91801848061046, 45.514100144054964 ], [ 25.919372023608354, 45.519549935856126 ] ], [ [ 25.919372023608354, 45.519549935856126 ], [ 25.9269248423414, 45.521648602348932 ] ], [ [ 25.9269248423414, 45.521648602348932 ], [ 25.937830943419076, 45.512536190416732 ] ], [ [ 25.937830943419076, 45.512536190416732 ], [ 25.943164239690315, 45.513052776076307 ] ], [ [ 25.943164239690315, 45.513052776076307 ], [ 25.960822245756237, 45.510826489030023 ] ], [ [ 25.960822245756237, 45.510826489030023 ], [ 25.967251080101214, 45.507786617072227 ] ], [ [ 25.967251080101214, 45.507786617072227 ], [ 25.973555666279609, 45.511186576520217 ] ], [ [ 25.973555666279609, 45.511186576520217 ], [ 25.980526514285806, 45.511540592363481 ] ], [ [ 25.980526514285806, 45.511540592363481 ], [ 25.995657626643869, 45.514250081085549 ] ], [ [ 25.995657626643869, 45.514250081085549 ], [ 26.006010866719755, 45.507461168947664 ] ], [ [ 26.006010866719755, 45.507461168947664 ], [ 26.012639311538585, 45.497300524425647 ] ], [ [ 26.012639311538585, 45.497300524425647 ], [ 26.013705383652468, 45.490113476072608 ] ], [ [ 26.013705383652468, 45.490113476072608 ], [ 26.020303377298756, 45.489740962473839 ] ], [ [ 26.020303377298756, 45.489740962473839 ], [ 26.028446021129973, 45.486182890589781 ] ], [ [ 26.028446021129973, 45.486182890589781 ], [ 26.031063890066765, 45.485800347826689 ] ], [ [ 26.031063890066765, 45.485800347826689 ], [ 26.041123610471129, 45.478387773270853 ] ], [ [ 26.041123610471129, 45.478387773270853 ], [ 26.054200176095055, 45.484834336985351 ] ], [ [ 26.054200176095055, 45.484834336985351 ], [ 26.065496242328567, 45.48530271246986 ] ], [ [ 26.065496242328567, 45.48530271246986 ], [ 26.067600455688094, 45.496678318780596 ] ], [ [ 26.066967690667955, 45.502505262011667 ], [ 26.067600455688094, 45.496678318780596 ] ], [ [ 26.066967690667955, 45.502505262011667 ], [ 26.072739691897812, 45.505794342754669 ] ] ] } },
{ "type": "Feature", "properties": { "id": 11, "leftRegion": "București-Ilfov", "leftId": 886, "rightRegion": "Sud", "rightId": 831, "version": "2025/03/26" }, "geometry": { "type": "MultiLineString", "coordinates": [ [ [ 25.898040335393798, 44.533474936377999 ], [ 25.920620307428763, 44.516332489215912 ] ], [ [ 25.90263565891464, 44.492676802894451 ], [ 25.920620307428763, 44.516332489215912 ] ], [ [ 25.895682166772911, 44.485399868012678 ], [ 25.90263565891464, 44.492676802894451 ] ], [ [ 25.895682166772911, 44.485399868012678 ], [ 25.90680425420372, 44.481899946671071 ] ], [ [ 25.90680425420372, 44.481899946671071 ], [ 25.910668853636626, 44.478904148139435 ] ], [ [ 25.910668853636626, 44.478904148139435 ], [ 25.911465275569988, 44.471512292614278 ] ], [ [ 25.900080262153402, 44.452807111922333 ], [ 25.911465275569988, 44.471512292614278 ] ], [ [ 25.879568443893248, 44.461618508007312 ], [ 25.900080262153402, 44.452807111922333 ] ], [ [ 25.87838758572374, 44.457726258549911 ], [ 25.879568443893248, 44.461618508007312 ] ], [ [ 25.870970572499406, 44.458582401549165 ], [ 25.87838758572374, 44.457726258549911 ] ], [ [ 25.866632501559295, 44.46373669345634 ], [ 25.870970572499406, 44.458582401549165 ] ], [ [ 25.866632501559295, 44.46373669345634 ], [ 25.867018962856562, 44.468842343886948 ] ], [ [ 25.867018962856562, 44.468842343886948 ], [ 25.870783718841189, 44.473633281879565 ] ], [ [ 25.864627856187163, 44.479444223164656 ], [ 25.870783718841189, 44.473633281879565 ] ], [ [ 25.856727785051763, 44.482179433034283 ], [ 25.864627856187163, 44.479444223164656 ] ], [ [ 25.843014885622541, 44.469409772770568 ], [ 25.856727785051763, 44.482179433034283 ] ], [ [ 25.843014885622541, 44.469409772770568 ], [ 25.851719859425295, 44.46932820629187 ] ], [ [ 25.851719859425295, 44.46932820629187 ], [ 25.85375699145866, 44.466358392450509 ] ], [ [ 25.85375699145866, 44.466358392450509 ], [ 25.855069538313082, 44.450502746353344 ] ], [ [ 25.852543921831455, 44.446996913269004 ], [ 25.855069538313082, 44.450502746353344 ] ], [ [ 25.852543921831455, 44.446996913269004 ], [ 25.864790023288496, 44.444712940736459 ] ], [ [ 25.864683954329987, 44.442938852482371 ], [ 25.864790023288496, 44.444712940736459 ] ], [ [ 25.849902178546227, 44.433077645939946 ], [ 25.864683954329987, 44.442938852482371 ] ], [ [ 25.848187445665094, 44.430441059779277 ], [ 25.849902178546227, 44.433077645939946 ] ], [ [ 25.848187445665094, 44.430441059779277 ], [ 25.865705806592871, 44.423543810850745 ] ], [ [ 25.865705806592871, 44.423543810850745 ], [ 25.869626550993114, 44.418369729654927 ] ], [ [ 25.853865277481333, 44.411895486172121 ], [ 25.869626550993114, 44.418369729654927 ] ], [ [ 25.846555083678957, 44.407162676676762 ], [ 25.853865277481333, 44.411895486172121 ] ], [ [ 25.831209587294989, 44.402812458132701 ], [ 25.846555083678957, 44.407162676676762 ] ], [ [ 25.824420795308789, 44.39796276744395 ], [ 25.831209587294989, 44.402812458132701 ] ], [ [ 25.824420795308789, 44.39796276744395 ], [ 25.82541108107517, 44.391980937859088 ] ], [ [ 25.82541108107517, 44.391980937859088 ], [ 25.82940963618109, 44.38949191970255 ] ], [ [ 25.82940963618109, 44.38949191970255 ], [ 25.837545402597552, 44.390540164336386 ] ], [ [ 25.837545402597552, 44.390540164336386 ], [ 25.849615877550804, 44.385507768081744 ] ], [ [ 25.849615877550804, 44.385507768081744 ], [ 25.856078281015215, 44.38814608124396 ] ], [ [ 25.856078281015215, 44.38814608124396 ], [ 25.858187908154825, 44.386100518241875 ] ], [ [ 25.856048340439028, 44.378812584715504 ], [ 25.858187908154825, 44.386100518241875 ] ], [ [ 25.856048340439028, 44.378812584715504 ], [ 25.857199301457889, 44.372468131749422 ] ], [ [ 25.857199301457889, 44.372468131749422 ], [ 25.869481534428981, 44.3653876543557 ] ], [ [ 25.869481534428981, 44.3653876543557 ], [ 25.870039853043149, 44.357400660673456 ] ], [ [ 25.870039853043149, 44.357400660673456 ], [ 25.876170912712141, 44.355343840322725 ] ], [ [ 25.876170912712141, 44.355343840322725 ], [ 25.883483514145919, 44.357148219467284 ] ], [ [ 25.883483514145919, 44.357148219467284 ], [ 25.889837550308851, 44.35801292866482 ] ], [ [ 25.889837550308851, 44.35801292866482 ], [ 25.892343813822908, 44.355072843859212 ] ], [ [ 25.88921091014198, 44.347551189067623 ], [ 25.892343813822908, 44.355072843859212 ] ], [ [ 25.88921091014198, 44.347551189067623 ], [ 25.896891909345047, 44.344236745800401 ] ], [ [ 25.896891909345047, 44.344236745800401 ], [ 25.898088199421053, 44.341716202248449 ] ], [ [ 25.898088199421053, 44.341716202248449 ], [ 25.910768384888719, 44.331431153185278 ] ], [ [ 25.910768384888719, 44.331431153185278 ], [ 25.914792066527113, 44.331603344820458 ] ], [ [ 25.914792066527113, 44.331603344820458 ], [ 25.924478753608525, 44.335508961998343 ] ], [ [ 25.924478753608525, 44.335508961998343 ], [ 25.932678386179262, 44.336003386932013 ] ], [ [ 25.932678386179262, 44.336003386932013 ], [ 25.944720162223891, 44.328674784970644 ] ], [ [ 25.944720162223891, 44.328674784970644 ], [ 25.952611064590521, 44.327397949046855 ] ], [ [ 25.952611064590521, 44.327397949046855 ], [ 25.953346905663249, 44.325024651194141 ] ], [ [ 25.949148750994212, 44.32102688366767 ], [ 25.953346905663249, 44.325024651194141 ] ], [ [ 25.949148750994212, 44.32102688366767 ], [ 25.95126884020938, 44.316473783959076 ] ], [ [ 25.95126884020938, 44.316473783959076 ], [ 25.962162698972595, 44.315419599219553 ] ], [ [ 25.962162698972595, 44.315419599219553 ], [ 25.970182873369207, 44.319645314400638 ] ], [ [ 25.967837654841748, 44.32422248487768 ], [ 25.970182873369207, 44.319645314400638 ] ], [ [ 25.967837654841748, 44.32422248487768 ], [ 25.974641292620309, 44.327336291654021 ] ], [ [ 25.974641292620309, 44.327336291654021 ], [ 25.976994489266747, 44.323009360778961 ] ], [ [ 25.976994489266747, 44.323009360778961 ], [ 25.982974269531645, 44.319658769505935 ] ], [ [ 25.982974269531645, 44.319658769505935 ], [ 25.992747553003575, 44.317015856197202 ] ], [ [ 25.992747553003575, 44.317015856197202 ], [ 25.994805150890127, 44.314531775908634 ] ], [ [ 25.994805150890127, 44.314531775908634 ], [ 25.995813078714232, 44.308091515395972 ] ], [ [ 25.995813078714232, 44.308091515395972 ], [ 26.001489538590615, 44.305638718350892 ] ], [ [ 25.991770881931366, 44.291794137216129 ], [ 26.001489538590615, 44.305638718350892 ] ], [ [ 25.977542075580224, 44.273486345904473 ], [ 25.991770881931366, 44.291794137216129 ] ], [ [ 25.976804442789295, 44.268372651264102 ], [ 25.977542075580224, 44.273486345904473 ] ], [ [ 25.976804442789295, 44.268372651264102 ], [ 25.995624142556448, 44.291023727623156 ] ], [ [ 25.995624142556448, 44.291023727623156 ], [ 26.001761128152509, 44.299225242792872 ] ], [ [ 26.001761128152509, 44.299225242792872 ], [ 26.010118871243758, 44.301113792572899 ] ], [ [ 26.010118871243758, 44.301113792572899 ], [ 26.015020984283709, 44.294718398135167 ] ], [ [ 26.015020984283709, 44.294718398135167 ], [ 26.026553733530712, 44.29235612359426 ] ], [ [ 26.026553733530712, 44.29235612359426 ], [ 26.031237901845174, 44.291020716216551 ] ], [ [ 26.031237901845174, 44.291020716216551 ], [ 26.048391541879511, 44.273972055740686 ] ], [ [ 26.048391541879511, 44.273972055740686 ], [ 26.057103262172205, 44.26864042654713 ] ], [ [ 26.057103262172205, 44.26864042654713 ], [ 26.063431528114357, 44.26727098962985 ] ], [ [ 26.063431528114357, 44.26727098962985 ], [ 26.07833650628892, 44.268247940606265 ] ], [ [ 26.07833650628892, 44.268247940606265 ], [ 26.086439269005734, 44.265862089565928 ] ], [ [ 26.086439269005734, 44.265862089565928 ], [ 26.090239265664117, 44.25557402211173 ] ], [ [ 26.090239265664117, 44.25557402211173 ], [ 26.105958457692086, 44.247097304789818 ] ], [ [ 26.105958457692086, 44.247097304789818 ], [ 26.123619507179477, 44.244015168528968 ] ], [ [ 26.123619507179477, 44.244015168528968 ], [ 26.138185398928893, 44.23649747598909 ] ], [ [ 26.138185398928893, 44.23649747598909 ], [ 26.145397112519646, 44.234496313337829 ] ], [ [ 26.145397112519646, 44.234496313337829 ], [ 26.148369243570006, 44.237895359857532 ] ], [ [ 26.148369243570006, 44.237895359857532 ], [ 26.154747370793086, 44.240004904837335 ] ], [ [ 26.154747370793086, 44.240004904837335 ], [ 26.160345001035346, 44.239470217955947 ] ], [ [ 26.160345001035346, 44.239470217955947 ], [ 26.161775142904983, 44.235967701777305 ] ], [ [ 26.161775142904983, 44.235967701777305 ], [ 26.172971562301054, 44.25039370849521 ] ], [ [ 26.172971562301054, 44.25039370849521 ], [ 26.176029555438475, 44.247408813083318 ] ], [ [ 26.176029555438475, 44.247408813083318 ], [ 26.190159224911074, 44.241498538355131 ] ], [ [ 26.190159224911074, 44.241498538355131 ], [ 26.195540604293743, 44.248521529488116 ] ], [ [ 26.190803612330214, 44.252114605465394 ], [ 26.195540604293743, 44.248521529488116 ] ], [ [ 26.190803612330214, 44.252114605465394 ], [ 26.204682111909623, 44.269532276964583 ] ], [ [ 26.204682111909623, 44.269532276964583 ], [ 26.208821438109748, 44.270770688962131 ] ], [ [ 26.208821438109748, 44.270770688962131 ], [ 26.213867968615677, 44.263241656943762 ] ], [ [ 26.213867968615677, 44.263241656943762 ], [ 26.232358424157542, 44.279719286759757 ] ], [ [ 26.232358424157542, 44.279719286759757 ], [ 26.249317208390682, 44.294786800112632 ] ], [ [ 26.249317208390682, 44.294786800112632 ], [ 26.255632627997318, 44.291205982735647 ] ], [ [ 26.255632627997318, 44.291205982735647 ], [ 26.25998038441757, 44.294985813372705 ] ], [ [ 26.25416279802371, 44.298216350057103 ], [ 26.25998038441757, 44.294985813372705 ] ], [ [ 26.25416279802371, 44.298216350057103 ], [ 26.27585459522421, 44.31722343093859 ] ], [ [ 26.252514544558018, 44.330238336280189 ], [ 26.27585459522421, 44.31722343093859 ] ], [ [ 26.252514544558018, 44.330238336280189 ], [ 26.266814618628299, 44.338750108521438 ] ], [ [ 26.266814618628299, 44.338750108521438 ], [ 26.28035439944097, 44.348943342447157 ] ], [ [ 26.28035439944097, 44.348943342447157 ], [ 26.286672261180996, 44.3459282516244 ] ], [ [ 26.286672261180996, 44.3459282516244 ], [ 26.295257051285422, 44.353184031432882 ] ], [ [ 26.295257051285422, 44.353184031432882 ], [ 26.301889340929971, 44.354097611977636 ] ], [ [ 26.301889340929971, 44.354097611977636 ], [ 26.305902967814344, 44.350834921499825 ] ], [ [ 26.305902967814344, 44.350834921499825 ], [ 26.31810070608898, 44.359643699289478 ] ], [ [ 26.314198425911862, 44.361764759667004 ], [ 26.31810070608898, 44.359643699289478 ] ], [ [ 26.314198425911862, 44.361764759667004 ], [ 26.330980468494829, 44.371691999127748 ] ], [ [ 26.324851598953657, 44.374061496660786 ], [ 26.330980468494829, 44.371691999127748 ] ], [ [ 26.314786796907246, 44.371807888213048 ], [ 26.324851598953657, 44.374061496660786 ] ], [ [ 26.311739519797325, 44.38184309711945 ], [ 26.314786796907246, 44.371807888213048 ] ], [ [ 26.311739519797325, 44.38184309711945 ], [ 26.313738847839279, 44.388663073753008 ] ], [ [ 26.309552926358378, 44.391769259391587 ], [ 26.313738847839279, 44.388663073753008 ] ], [ [ 26.299691898400695, 44.389796280139642 ], [ 26.309552926358378, 44.391769259391587 ] ], [ [ 26.296203129444109, 44.394786763585834 ], [ 26.299691898400695, 44.389796280139642 ] ], [ [ 26.296203129444109, 44.394786763585834 ], [ 26.298325516766184, 44.399032913283087 ] ], [ [ 26.287800228344878, 44.398655402620086 ], [ 26.298325516766184, 44.399032913283087 ] ], [ [ 26.286823186081239, 44.405146872777976 ], [ 26.287800228344878, 44.398655402620086 ] ], [ [ 26.268365716070324, 44.405586790345176 ], [ 26.286823186081239, 44.405146872777976 ] ], [ [ 26.260053060407852, 44.409247693357258 ], [ 26.268365716070324, 44.405586790345176 ] ], [ [ 26.260053060407852, 44.409247693357258 ], [ 26.268732800193622, 44.410171956074748 ] ], [ [ 26.268732800193622, 44.410171956074748 ], [ 26.281814270184494, 44.413929677992485 ] ], [ [ 26.281814270184494, 44.413929677992485 ], [ 26.288912240331779, 44.417317224144611 ] ], [ [ 26.288912240331779, 44.417317224144611 ], [ 26.293295257945228, 44.41650173178143 ] ], [ [ 26.293295257945228, 44.41650173178143 ], [ 26.298054770572548, 44.411687769888964 ] ], [ [ 26.298054770572548, 44.411687769888964 ], [ 26.305324084188197, 44.41137014706981 ] ], [ [ 26.304907711978821, 44.406294685361701 ], [ 26.305324084188197, 44.41137014706981 ] ], [ [ 26.304907711978821, 44.406294685361701 ], [ 26.310713387368743, 44.40023749545179 ] ], [ [ 26.310713387368743, 44.40023749545179 ], [ 26.316494738914393, 44.399915929110811 ] ], [ [ 26.316494738914393, 44.399915929110811 ], [ 26.320767844566678, 44.389282343737413 ] ], [ [ 26.320767844566678, 44.389282343737413 ], [ 26.324545650510565, 44.38717490968466 ] ], [ [ 26.324545650510565, 44.38717490968466 ], [ 26.330982320197784, 44.389505028085352 ] ], [ [ 26.323224216037541, 44.396108611254029 ], [ 26.330982320197784, 44.389505028085352 ] ], [ [ 26.323224216037541, 44.396108611254029 ], [ 26.338740681124886, 44.401917660101809 ] ], [ [ 26.338740681124886, 44.401917660101809 ], [ 26.341976155758037, 44.397524943415014 ] ], [ [ 26.341976155758037, 44.397524943415014 ], [ 26.346895564626927, 44.398986415492246 ] ], [ [ 26.346083134067388, 44.402914825374403 ], [ 26.346895564626927, 44.398986415492246 ] ], [ [ 26.346083134067388, 44.402914825374403 ], [ 26.350649051978824, 44.410656409459648 ] ], [ [ 26.350649051978824, 44.410656409459648 ], [ 26.375595168803326, 44.421858771875876 ] ], [ [ 26.375595168803326, 44.421858771875876 ], [ 26.389887391040585, 44.416040860111885 ] ], [ [ 26.389887391040585, 44.416040860111885 ], [ 26.398806974425494, 44.421151000640613 ] ], [ [ 26.398806974425494, 44.421151000640613 ], [ 26.401457631122511, 44.438411353594383 ] ], [ [ 26.401457631122511, 44.438411353594383 ], [ 26.441457351960377, 44.437708095879806 ] ], [ [ 26.441457351960377, 44.437708095879806 ], [ 26.441848157587916, 44.44443047110412 ] ], [ [ 26.441848157587916, 44.44443047110412 ], [ 26.451742271727088, 44.444281353556818 ] ], [ [ 26.451963191182195, 44.455963691762364 ], [ 26.451742271727088, 44.444281353556818 ] ], [ [ 26.451963191182195, 44.455963691762364 ], [ 26.458463549274349, 44.458968311245762 ] ], [ [ 26.452355485026136, 44.462537169615857 ], [ 26.458463549274349, 44.458968311245762 ] ], [ [ 26.450164545096094, 44.456275080361479 ], [ 26.452355485026136, 44.462537169615857 ] ], [ [ 26.443525408189018, 44.456343066536718 ], [ 26.450164545096094, 44.456275080361479 ] ], [ [ 26.437631625568155, 44.461857519294014 ], [ 26.443525408189018, 44.456343066536718 ] ], [ [ 26.426336027237987, 44.456640118645403 ], [ 26.437631625568155, 44.461857519294014 ] ], [ [ 26.395384270996193, 44.457194599867641 ], [ 26.426336027237987, 44.456640118645403 ] ], [ [ 26.394724573272317, 44.465730415350087 ], [ 26.395384270996193, 44.457194599867641 ] ], [ [ 26.381621004129084, 44.464706303513189 ], [ 26.394724573272317, 44.465730415350087 ] ], [ [ 26.381725876293061, 44.470308242079682 ], [ 26.381621004129084, 44.464706303513189 ] ], [ [ 26.37623173834962, 44.469061711549571 ], [ 26.381725876293061, 44.470308242079682 ] ], [ [ 26.37623173834962, 44.469061711549571 ], [ 26.376764853873052, 44.477239494878198 ] ], [ [ 26.360566631926542, 44.486101073713577 ], [ 26.376764853873052, 44.477239494878198 ] ], [ [ 26.360566631926542, 44.486101073713577 ], [ 26.388890910373, 44.504136398182837 ] ], [ [ 26.388890910373, 44.504136398182837 ], [ 26.399756309291188, 44.511560083617212 ] ], [ [ 26.399756309291188, 44.511560083617212 ], [ 26.40710514626948, 44.508159408383619 ] ], [ [ 26.40710514626948, 44.508159408383619 ], [ 26.416084845918363, 44.52168405136279 ] ], [ [ 26.41505100824023, 44.526156637688501 ], [ 26.416084845918363, 44.52168405136279 ] ], [ [ 26.400456246061719, 44.531301260518987 ], [ 26.41505100824023, 44.526156637688501 ] ], [ [ 26.392614216005029, 44.538571922708996 ], [ 26.400456246061719, 44.531301260518987 ] ], [ [ 26.38864739564109, 44.538735251376863 ], [ 26.392614216005029, 44.538571922708996 ] ], [ [ 26.367123317449554, 44.526921114283965 ], [ 26.38864739564109, 44.538735251376863 ] ], [ [ 26.356812758615519, 44.536640031772635 ], [ 26.367123317449554, 44.526921114283965 ] ], [ [ 26.343127348434624, 44.549309949453153 ], [ 26.356812758615519, 44.536640031772635 ] ], [ [ 26.338722956743638, 44.546506922329542 ], [ 26.343127348434624, 44.549309949453153 ] ], [ [ 26.337198806886036, 44.547510784603219 ], [ 26.338722956743638, 44.546506922329542 ] ], [ [ 26.337198806886036, 44.547510784603219 ], [ 26.356333129027039, 44.564291299868422 ] ], [ [ 26.356333129027039, 44.564291299868422 ], [ 26.361284302529221, 44.561181730020536 ] ], [ [ 26.361284302529221, 44.561181730020536 ], [ 26.365300796467114, 44.564965880084458 ] ], [ [ 26.360616539756528, 44.567617412394348 ], [ 26.365300796467114, 44.564965880084458 ] ], [ [ 26.360616539756528, 44.567617412394348 ], [ 26.381589453790763, 44.584991349910531 ] ], [ [ 26.372633579872808, 44.59062144848896 ], [ 26.381589453790763, 44.584991349910531 ] ], [ [ 26.372633579872808, 44.59062144848896 ], [ 26.401284692183562, 44.611002580442332 ] ], [ [ 26.397091308255835, 44.624594100981739 ], [ 26.401284692183562, 44.611002580442332 ] ], [ [ 26.375732137724395, 44.620848598571939 ], [ 26.397091308255835, 44.624594100981739 ] ], [ [ 26.367973832621143, 44.640437245525881 ], [ 26.375732137724395, 44.620848598571939 ] ], [ [ 26.35941794287832, 44.641322946586129 ], [ 26.367973832621143, 44.640437245525881 ] ], [ [ 26.35941794287832, 44.641322946586129 ], [ 26.360037651528291, 44.652388688256096 ] ], [ [ 26.354790877615628, 44.660493276879713 ], [ 26.360037651528291, 44.652388688256096 ] ], [ [ 26.347150903644955, 44.669508803288466 ], [ 26.354790877615628, 44.660493276879713 ] ], [ [ 26.332474052818196, 44.676454030065877 ], [ 26.347150903644955, 44.669508803288466 ] ], [ [ 26.332474052818196, 44.676454030065877 ], [ 26.341485138696047, 44.687640908276222 ] ], [ [ 26.341485138696047, 44.687640908276222 ], [ 26.346290915324911, 44.684806036967437 ] ], [ [ 26.346290915324911, 44.684806036967437 ], [ 26.353384940114282, 44.688444127093256 ] ], [ [ 26.353384940114282, 44.688444127093256 ], [ 26.359899245159593, 44.687802997041487 ] ], [ [ 26.359899245159593, 44.687802997041487 ], [ 26.3701873224229, 44.698408123836785 ] ], [ [ 26.361548849713905, 44.701971269576816 ], [ 26.3701873224229, 44.698408123836785 ] ], [ [ 26.361548849713905, 44.701971269576816 ], [ 26.362298606426645, 44.705491127455822 ] ], [ [ 26.362298606426645, 44.705491127455822 ], [ 26.374171213617849, 44.720445468955752 ] ], [ [ 26.371368345206442, 44.720962323445498 ], [ 26.374171213617849, 44.720445468955752 ] ], [ [ 26.347328873629781, 44.730974458715679 ], [ 26.371368345206442, 44.720962323445498 ] ], [ [ 26.347328873629781, 44.730974458715679 ], [ 26.348587634223605, 44.731795435568628 ] ], [ [ 26.301841529581917, 44.76887731910913 ], [ 26.348587634223605, 44.731795435568628 ] ], [ [ 26.301157618802282, 44.76667073877708 ], [ 26.301841529581917, 44.76887731910913 ] ], [ [ 26.273837654953287, 44.768902226445839 ], [ 26.301157618802282, 44.76667073877708 ] ], [ [ 26.271958791573926, 44.756015967661305 ], [ 26.273837654953287, 44.768902226445839 ] ], [ [ 26.258028521934694, 44.757053536368112 ], [ 26.271958791573926, 44.756015967661305 ] ], [ [ 26.257526913234408, 44.753198092086592 ], [ 26.258028521934694, 44.757053536368112 ] ], [ [ 26.256292328725834, 44.74229602065477 ], [ 26.257526913234408, 44.753198092086592 ] ], [ [ 26.248882477392122, 44.738265748493603 ], [ 26.256292328725834, 44.74229602065477 ] ], [ [ 26.243213444464345, 44.739519300870313 ], [ 26.248882477392122, 44.738265748493603 ] ], [ [ 26.239714650452957, 44.743125228878256 ], [ 26.243213444464345, 44.739519300870313 ] ], [ [ 26.219354500146128, 44.749561859483229 ], [ 26.239714650452957, 44.743125228878256 ] ], [ [ 26.19432146968316, 44.751177070296968 ], [ 26.219354500146128, 44.749561859483229 ] ], [ [ 26.183888137729728, 44.757844769980899 ], [ 26.19432146968316, 44.751177070296968 ] ], [ [ 26.180957158803572, 44.75305603033712 ], [ 26.183888137729728, 44.757844769980899 ] ], [ [ 26.174467322509507, 44.7491898784371 ], [ 26.180957158803572, 44.75305603033712 ] ], [ [ 26.162131470742931, 44.755246923373321 ], [ 26.174467322509507, 44.7491898784371 ] ], [ [ 26.155199310798142, 44.755720970651375 ], [ 26.162131470742931, 44.755246923373321 ] ], [ [ 26.152967841738327, 44.758639890685309 ], [ 26.155199310798142, 44.755720970651375 ] ], [ [ 26.142828233124021, 44.753898218142055 ], [ 26.152967841738327, 44.758639890685309 ] ], [ [ 26.132532426754217, 44.749848825156484 ], [ 26.142828233124021, 44.753898218142055 ] ], [ [ 26.112770753950123, 44.754391369609849 ], [ 26.132532426754217, 44.749848825156484 ] ], [ [ 26.101933846529199, 44.766932850634483 ], [ 26.112770753950123, 44.754391369609849 ] ], [ [ 26.097066365399954, 44.762875858718473 ], [ 26.101933846529199, 44.766932850634483 ] ], [ [ 26.088802007420238, 44.760228960668258 ], [ 26.097066365399954, 44.762875858718473 ] ], [ [ 26.088802007420238, 44.760228960668258 ], [ 26.098930664737775, 44.73987388641774 ] ], [ [ 26.085294536939429, 44.74181688191706 ], [ 26.098930664737775, 44.73987388641774 ] ], [ [ 26.083256510092497, 44.746038361432703 ], [ 26.085294536939429, 44.74181688191706 ] ], [ [ 26.077345052238627, 44.745099208931634 ], [ 26.083256510092497, 44.746038361432703 ] ], [ [ 26.075375404063244, 44.749380120985997 ], [ 26.077345052238627, 44.745099208931634 ] ], [ [ 26.071042419720147, 44.751340782715907 ], [ 26.075375404063244, 44.749380120985997 ] ], [ [ 26.061167488688142, 44.748398515748519 ], [ 26.071042419720147, 44.751340782715907 ] ], [ [ 26.061167488688142, 44.748398515748519 ], [ 26.063302936134296, 44.742677327248558 ] ], [ [ 26.060167949748465, 44.739230472761982 ], [ 26.063302936134296, 44.742677327248558 ] ], [ [ 26.051955296653976, 44.735198568038477 ], [ 26.060167949748465, 44.739230472761982 ] ], [ [ 26.047006192603984, 44.735089225764497 ], [ 26.051955296653976, 44.735198568038477 ] ], [ [ 26.047006192603984, 44.735089225764497 ], [ 26.049287469733912, 44.742260118447838 ] ], [ [ 26.040343418631501, 44.743221167671351 ], [ 26.049287469733912, 44.742260118447838 ] ], [ [ 26.033927285465413, 44.74087595828825 ], [ 26.040343418631501, 44.743221167671351 ] ], [ [ 26.02414001513463, 44.744740709738039 ], [ 26.033927285465413, 44.74087595828825 ] ], [ [ 26.018062977321001, 44.741893545952927 ], [ 26.02414001513463, 44.744740709738039 ] ], [ [ 26.010434538420977, 44.740922811704877 ], [ 26.018062977321001, 44.741893545952927 ] ], [ [ 26.000017015388181, 44.735331113279784 ], [ 26.010434538420977, 44.740922811704877 ] ], [ [ 25.995716541379657, 44.74151377182698 ], [ 26.000017015388181, 44.735331113279784 ] ], [ [ 25.991013246772514, 44.743579836922727 ], [ 25.995716541379657, 44.74151377182698 ] ], [ [ 25.977137812588982, 44.74078012802363 ], [ 25.991013246772514, 44.743579836922727 ] ], [ [ 25.974654843729024, 44.736538024856493 ], [ 25.977137812588982, 44.74078012802363 ] ], [ [ 25.966059808914061, 44.737964652791753 ], [ 25.974654843729024, 44.736538024856493 ] ], [ [ 25.966141002785044, 44.742807929227929 ], [ 25.966059808914061, 44.737964652791753 ] ], [ [ 25.966141002785044, 44.742807929227929 ], [ 25.96957756355101, 44.746910519957559 ] ], [ [ 25.967351124591563, 44.749533249044738 ], [ 25.96957756355101, 44.746910519957559 ] ], [ [ 25.960890007095255, 44.748467629867555 ], [ 25.967351124591563, 44.749533249044738 ] ], [ [ 25.960890007095255, 44.748467629867555 ], [ 25.963273789052909, 44.741499130591073 ] ], [ [ 25.960561894401675, 44.739375777300047 ], [ 25.963273789052909, 44.741499130591073 ] ], [ [ 25.960561894401675, 44.739375777300047 ], [ 25.964532310748652, 44.732446640997587 ] ], [ [ 25.964532310748652, 44.732446640997587 ], [ 25.969137027408419, 44.732317987791745 ] ], [ [ 25.969137027408419, 44.732317987791745 ], [ 25.973007619959326, 44.727839826627381 ] ], [ [ 25.968962026747199, 44.720746025887166 ], [ 25.973007619959326, 44.727839826627381 ] ], [ [ 25.968962026747199, 44.720746025887166 ], [ 25.970765286994009, 44.710410267545072 ] ], [ [ 25.970765286994009, 44.710410267545072 ], [ 25.974748463559457, 44.699946443470573 ] ], [ [ 25.974748463559457, 44.699946443470573 ], [ 25.991553088016943, 44.701183220958832 ] ], [ [ 25.988140429782334, 44.691126304740166 ], [ 25.991553088016943, 44.701183220958832 ] ], [ [ 25.983926443660334, 44.686660630576597 ], [ 25.988140429782334, 44.691126304740166 ] ], [ [ 25.967492644200686, 44.686927883175116 ], [ 25.983926443660334, 44.686660630576597 ] ], [ [ 25.958959277131747, 44.684214725488218 ], [ 25.967492644200686, 44.686927883175116 ] ], [ [ 25.958959277131747, 44.684214725488218 ], [ 25.964202878869582, 44.67867045714798 ] ], [ [ 25.964202878869582, 44.67867045714798 ], [ 25.969006341821885, 44.680274670081076 ] ], [ [ 25.969006341821885, 44.680274670081076 ], [ 25.971172386481715, 44.674749432317874 ] ], [ [ 25.971172386481715, 44.674749432317874 ], [ 25.976989044053933, 44.676411574654907 ] ], [ [ 25.976989044053933, 44.676411574654907 ], [ 25.983995083887852, 44.672229507698631 ] ], [ [ 25.974624166041583, 44.671304611142162 ], [ 25.983995083887852, 44.672229507698631 ] ], [ [ 25.974624166041583, 44.671304611142162 ], [ 25.979082482443111, 44.666506127139769 ] ], [ [ 25.972158279481565, 44.660403347352045 ], [ 25.979082482443111, 44.666506127139769 ] ], [ [ 25.961377741069057, 44.65790200500885 ], [ 25.972158279481565, 44.660403347352045 ] ], [ [ 25.959496449245819, 44.654459659821995 ], [ 25.961377741069057, 44.65790200500885 ] ], [ [ 25.942390023142579, 44.657338452508981 ], [ 25.959496449245819, 44.654459659821995 ] ], [ [ 25.939343355306946, 44.645712152038875 ], [ 25.942390023142579, 44.657338452508981 ] ], [ [ 25.939343355306946, 44.645712152038875 ], [ 25.967515923942813, 44.631772537544627 ] ], [ [ 25.967515923942813, 44.631772537544627 ], [ 25.980099159439376, 44.629987861590337 ] ], [ [ 25.980099159439376, 44.629987861590337 ], [ 25.988575154803577, 44.622925845371 ] ], [ [ 25.987842859054997, 44.619255410130485 ], [ 25.988575154803577, 44.622925845371 ] ], [ [ 25.987842859054997, 44.619255410130485 ], [ 25.992013165371404, 44.61231377201441 ] ], [ [ 25.980615909369803, 44.603895216266409 ], [ 25.992013165371404, 44.61231377201441 ] ], [ [ 25.971447318463557, 44.599462103689774 ], [ 25.980615909369803, 44.603895216266409 ] ], [ [ 25.957041989630692, 44.58783907798658 ], [ 25.971447318463557, 44.599462103689774 ] ], [ [ 25.929698239435382, 44.571517214456797 ], [ 25.957041989630692, 44.58783907798658 ] ], [ [ 25.924918964359399, 44.571261168282149 ], [ 25.929698239435382, 44.571517214456797 ] ], [ [ 25.889865404804262, 44.55755213143938 ], [ 25.924918964359399, 44.571261168282149 ] ], [ [ 25.879810842469325, 44.553542232890507 ], [ 25.889865404804262, 44.55755213143938 ] ], [ [ 25.879810842469325, 44.553542232890507 ], [ 25.890760809325169, 44.540953845149275 ] ], [ [ 25.890760809325169, 44.540953845149275 ], [ 25.898040335393798, 44.533474936377999 ] ] ] } },
{ "type": "Feature", "properties": { "id": 12, "leftRegion": "Sud-Vest", "leftId": 840, "rightRegion": null, "rightId": null, "version": "2025/03/26" }, "geometry": { "type": "MultiLineString", "coordinates": [ [ [ 22.948447461497352, 43.818803980432797 ], [ 22.952794773893206, 43.813195840586928 ] ], [ [ 22.933953894087306, 43.823549815071132 ], [ 22.948447461497352, 43.818803980432797 ] ], [ [ 22.913001192621969, 43.825019203419998 ], [ 22.933953894087306, 43.823549815071132 ] ], [ [ 22.894881200200349, 43.828743294677331 ], [ 22.913001192621969, 43.825019203419998 ] ], [ [ 22.873484414864805, 43.83503919282763 ], [ 22.894881200200349, 43.828743294677331 ] ], [ [ 22.866515895236905, 43.838306305745341 ], [ 22.873484414864805, 43.83503919282763 ] ], [ [ 22.85296838884123, 43.850462946819675 ], [ 22.866515895236905, 43.838306305745341 ] ], [ [ 22.842693338659146, 43.863795823636814 ], [ 22.85296838884123, 43.850462946819675 ] ], [ [ 22.841918019561113, 43.872754823081259 ], [ 22.842693338659146, 43.863795823636814 ] ], [ [ 22.83872436730795, 43.877847151011842 ], [ 22.841918019561113, 43.872754823081259 ] ], [ [ 22.838284960694651, 43.886686817430501 ], [ 22.83872436730795, 43.877847151011842 ] ], [ [ 22.838284960694651, 43.886686817430501 ], [ 22.847666935655408, 43.904206726816788 ] ], [ [ 22.847666935655408, 43.904206726816788 ], [ 22.862060711094994, 43.923894869358719 ] ], [ [ 22.862060711094994, 43.923894869358719 ], [ 22.863541356474386, 43.932868359692321 ] ], [ [ 22.860247448006859, 43.933769458563951 ], [ 22.863541356474386, 43.932868359692321 ] ], [ [ 22.860247448006859, 43.933769458563951 ], [ 22.868259590101037, 43.947621068345804 ] ], [ [ 22.868259590101037, 43.947621068345804 ], [ 22.873254874809838, 43.966053743600639 ] ], [ [ 22.873254874809838, 43.966053743600639 ], [ 22.878730337562164, 43.98156314405103 ] ], [ [ 22.878730337562164, 43.98156314405103 ], [ 22.891740574196835, 43.991792502892856 ] ], [ [ 22.891740574196835, 43.991792502892856 ], [ 22.909665514065932, 43.994436103178337 ] ], [ [ 22.909665514065932, 43.994436103178337 ], [ 22.928897297588311, 44.00124199569872 ] ], [ [ 22.928897297588311, 44.00124199569872 ], [ 22.969755033810507, 44.008513806945963 ] ], [ [ 22.969755033810507, 44.008513806945963 ], [ 22.970739986381908, 44.005711930162867 ] ], [ [ 22.970739986381908, 44.005711930162867 ], [ 22.978606977097485, 44.006369856067217 ] ], [ [ 22.978606977097485, 44.006369856067217 ], [ 23.004049544849792, 44.011107892150768 ] ], [ [ 23.004049544849792, 44.011107892150768 ], [ 23.010055686915884, 44.013425968720284 ] ], [ [ 23.010055686915884, 44.013425968720284 ], [ 23.01654079528544, 44.018623619440575 ] ], [ [ 23.013898260389691, 44.020564976559612 ], [ 23.01654079528544, 44.018623619440575 ] ], [ [ 23.013898260389691, 44.020564976559612 ], [ 23.022997737644655, 44.027831953569304 ] ], [ [ 23.022997737644655, 44.027831953569304 ], [ 23.03054097030158, 44.035459478715765 ] ], [ [ 23.03054097030158, 44.035459478715765 ], [ 23.037817726484956, 44.044672471268541 ] ], [ [ 23.037817726484956, 44.044672471268541 ], [ 23.045658478353189, 44.05789443054708 ] ], [ [ 23.045658478353189, 44.05789443054708 ], [ 23.045899354420548, 44.063455242878206 ] ], [ [ 23.044518382060343, 44.067989590220137 ], [ 23.045899354420548, 44.063455242878206 ] ], [ [ 23.03729161127875, 44.079590925025187 ], [ 23.044518382060343, 44.067989590220137 ] ], [ [ 23.02435126382117, 44.089356899535339 ], [ 23.03729161127875, 44.079590925025187 ] ], [ [ 23.013211201927788, 44.093679951191881 ], [ 23.02435126382117, 44.089356899535339 ] ], [ [ 22.991557514709299, 44.097780340835023 ], [ 23.013211201927788, 44.093679951191881 ] ], [ [ 22.963861387069684, 44.098528798940556 ], [ 22.991557514709299, 44.097780340835023 ] ], [ [ 22.935977950966844, 44.099758131508601 ], [ 22.963861387069684, 44.098528798940556 ] ], [ [ 22.925480257300968, 44.102135464292807 ], [ 22.935977950966844, 44.099758131508601 ] ], [ [ 22.898961301884089, 44.114697829481671 ], [ 22.925480257300968, 44.102135464292807 ] ], [ [ 22.880213796696122, 44.127618915139955 ], [ 22.898961301884089, 44.114697829481671 ] ], [ [ 22.871015234081625, 44.133126801989306 ], [ 22.880213796696122, 44.127618915139955 ] ], [ [ 22.848144660836596, 44.142524212205323 ], [ 22.871015234081625, 44.133126801989306 ] ], [ [ 22.840625649271722, 44.146474562805032 ], [ 22.848144660836596, 44.142524212205323 ] ], [ [ 22.813214659941639, 44.153820293476613 ], [ 22.840625649271722, 44.146474562805032 ] ], [ [ 22.796185899412837, 44.163051759683263 ], [ 22.813214659941639, 44.153820293476613 ] ], [ [ 22.782175610036383, 44.171881562114734 ], [ 22.796185899412837, 44.163051759683263 ] ], [ [ 22.749421454121567, 44.197850607015724 ], [ 22.782175610036383, 44.171881562114734 ] ], [ [ 22.736290797078404, 44.200980497141366 ], [ 22.749421454121567, 44.197850607015724 ] ], [ [ 22.718050651165971, 44.20300878502173 ], [ 22.736290797078404, 44.200980497141366 ] ], [ [ 22.708113804595328, 44.203121200598495 ], [ 22.718050651165971, 44.20300878502173 ] ], [ [ 22.694487501109567, 44.204478397189568 ], [ 22.708113804595328, 44.203121200598495 ] ], [ [ 22.685972393121283, 44.207988420943749 ], [ 22.694487501109567, 44.204478397189568 ] ], [ [ 22.673406364709582, 44.216821416283388 ], [ 22.685972393121283, 44.207988420943749 ] ], [ [ 22.671763377614425, 44.222349432200545 ], [ 22.673406364709582, 44.216821416283388 ] ], [ [ 22.671763377614425, 44.222349432200545 ], [ 22.673739343070213, 44.233012453406666 ] ], [ [ 22.673739343070213, 44.233012453406666 ], [ 22.684438638760234, 44.250992129846082 ] ], [ [ 22.684438638760234, 44.250992129846082 ], [ 22.685220256897964, 44.265166418752273 ] ], [ [ 22.67880323679741, 44.278132628462316 ], [ 22.685220256897964, 44.265166418752273 ] ], [ [ 22.671876444525086, 44.283594288508844 ], [ 22.67880323679741, 44.278132628462316 ] ], [ [ 22.644954148928889, 44.292531034928814 ], [ 22.671876444525086, 44.283594288508844 ] ], [ [ 22.636929528716969, 44.293798967489032 ], [ 22.644954148928889, 44.292531034928814 ] ], [ [ 22.617288757591893, 44.293298540278386 ], [ 22.636929528716969, 44.293798967489032 ] ], [ [ 22.605205414697501, 44.295519420357252 ], [ 22.617288757591893, 44.293298540278386 ] ], [ [ 22.594002797121405, 44.298995872640631 ], [ 22.605205414697501, 44.295519420357252 ] ], [ [ 22.578176021907208, 44.303571399232972 ], [ 22.594002797121405, 44.298995872640631 ] ], [ [ 22.563641807735785, 44.305518308428148 ], [ 22.578176021907208, 44.303571399232972 ] ], [ [ 22.555571086983846, 44.311580813441402 ], [ 22.563641807735785, 44.305518308428148 ] ], [ [ 22.547800052209485, 44.322648180098 ], [ 22.555571086983846, 44.311580813441402 ] ], [ [ 22.529744332994831, 44.33440699699625 ], [ 22.547800052209485, 44.322648180098 ] ], [ [ 22.52390732380595, 44.339299758052064 ], [ 22.529744332994831, 44.33440699699625 ] ], [ [ 22.516640144476575, 44.358358496032025 ], [ 22.52390732380595, 44.339299758052064 ] ], [ [ 22.508459357187363, 44.374118925831986 ], [ 22.516640144476575, 44.358358496032025 ] ], [ [ 22.503764255575724, 44.380458311447512 ], [ 22.508459357187363, 44.374118925831986 ] ], [ [ 22.500839567338666, 44.391000081671791 ], [ 22.503764255575724, 44.380458311447512 ] ], [ [ 22.498904648893323, 44.412526443899345 ], [ 22.500839567338666, 44.391000081671791 ] ], [ [ 22.498904648893323, 44.412526443899345 ], [ 22.501695343948384, 44.417258038129631 ] ], [ [ 22.481117952546832, 44.432706289498419 ], [ 22.501695343948384, 44.417258038129631 ] ], [ [ 22.47184606871145, 44.436779047397501 ], [ 22.481117952546832, 44.432706289498419 ] ], [ [ 22.464293257076712, 44.44486499851984 ], [ 22.47184606871145, 44.436779047397501 ] ], [ [ 22.461678273147335, 44.452754991175652 ], [ 22.464293257076712, 44.44486499851984 ] ], [ [ 22.457691661821805, 44.459069678414338 ], [ 22.461678273147335, 44.452754991175652 ] ], [ [ 22.455997949147051, 44.470032777584869 ], [ 22.457691661821805, 44.459069678414338 ] ], [ [ 22.455997949147051, 44.470032777584869 ], [ 22.460988230595593, 44.477473423831576 ] ], [ [ 22.460988230595593, 44.477473423831576 ], [ 22.465654615452884, 44.479725594098085 ] ], [ [ 22.465654615452884, 44.479725594098085 ], [ 22.473926056714799, 44.480625426262954 ] ], [ [ 22.473926056714799, 44.480625426262954 ], [ 22.49649995548268, 44.477571418064898 ] ], [ [ 22.49649995548268, 44.477571418064898 ], [ 22.516823839160118, 44.471665699536231 ] ], [ [ 22.516823839160118, 44.471665699536231 ], [ 22.524179095759585, 44.472580013926226 ] ], [ [ 22.524179095759585, 44.472580013926226 ], [ 22.548216489229496, 44.48167549168236 ] ], [ [ 22.548216489229496, 44.48167549168236 ], [ 22.555183341657074, 44.489780103351855 ] ], [ [ 22.555183341657074, 44.489780103351855 ], [ 22.56037554958785, 44.505163774795371 ] ], [ [ 22.56037554958785, 44.505163774795371 ], [ 22.56044850630429, 44.520491848447421 ] ], [ [ 22.56044850630429, 44.520491848447421 ], [ 22.562902939440125, 44.533141400025841 ] ], [ [ 22.562902939440125, 44.533141400025841 ], [ 22.572509893318284, 44.543493121045266 ] ], [ [ 22.572509893318284, 44.543493121045266 ], [ 22.582174711567518, 44.549314173921921 ] ], [ [ 22.582174711567518, 44.549314173921921 ], [ 22.600507533409129, 44.552145349978311 ] ], [ [ 22.600507533409129, 44.552145349978311 ], [ 22.61469508247006, 44.552396550431943 ] ], [ [ 22.61469508247006, 44.552396550431943 ], [ 22.626509535545026, 44.549986314527466 ] ], [ [ 22.626509535545026, 44.549986314527466 ], [ 22.634732169285861, 44.546139352170265 ] ], [ [ 22.634732169285861, 44.546139352170265 ], [ 22.642753565821355, 44.544509408165816 ] ], [ [ 22.642753565821355, 44.544509408165816 ], [ 22.650268518322253, 44.538955684820692 ] ], [ [ 22.650268518322253, 44.538955684820692 ], [ 22.654712934271792, 44.535946120917565 ] ], [ [ 22.654712934271792, 44.535946120917565 ], [ 22.684306850168532, 44.519791330549857 ] ], [ [ 22.684306850168532, 44.519791330549857 ], [ 22.691892739887788, 44.51720269615992 ] ], [ [ 22.691892739887788, 44.51720269615992 ], [ 22.699144510219703, 44.516742496531279 ] ], [ [ 22.699144510219703, 44.516742496531279 ], [ 22.711426952747313, 44.51948049605442 ] ], [ [ 22.711426952747313, 44.51948049605442 ], [ 22.73059404921381, 44.527138822546199 ] ], [ [ 22.73059404921381, 44.527138822546199 ], [ 22.758965012210211, 44.536712943350864 ] ], [ [ 22.758965012210211, 44.536712943350864 ], [ 22.763116750443604, 44.540008928854306 ] ], [ [ 22.763116750443604, 44.540008928854306 ], [ 22.763811397417907, 44.547403676460192 ] ], [ [ 22.761311690892146, 44.555175982924759 ], [ 22.763811397417907, 44.547403676460192 ] ], [ [ 22.756359427722682, 44.562162751183514 ], [ 22.761311690892146, 44.555175982924759 ] ], [ [ 22.734097792814758, 44.582184694854668 ], [ 22.756359427722682, 44.562162751183514 ] ], [ [ 22.7092096247667, 44.601984872890121 ], [ 22.734097792814758, 44.582184694854668 ] ], [ [ 22.692249941614566, 44.60503529875578 ], [ 22.7092096247667, 44.601984872890121 ] ], [ [ 22.682832394679384, 44.608727469015108 ], [ 22.692249941614566, 44.60503529875578 ] ], [ [ 22.67708965655946, 44.617495874665671 ], [ 22.682832394679384, 44.608727469015108 ] ], [ [ 22.668142322920065, 44.619232031945771 ], [ 22.67708965655946, 44.617495874665671 ] ], [ [ 22.639783894657697, 44.614768005163917 ], [ 22.668142322920065, 44.619232031945771 ] ], [ [ 22.626687260727497, 44.614094403910549 ], [ 22.639783894657697, 44.614768005163917 ] ], [ [ 22.618215768775606, 44.615502951181647 ], [ 22.626687260727497, 44.614094403910549 ] ], [ [ 22.601246450416799, 44.622290826903004 ], [ 22.618215768775606, 44.615502951181647 ] ], [ [ 22.580536028369686, 44.632209710378255 ], [ 22.601246450416799, 44.622290826903004 ] ], [ [ 22.56882022305021, 44.637079923098824 ], [ 22.580536028369686, 44.632209710378255 ] ], [ [ 22.559326431286685, 44.648667514028858 ], [ 22.56882022305021, 44.637079923098824 ] ], [ [ 22.544306892148985, 44.661079428877827 ], [ 22.559326431286685, 44.648667514028858 ] ], [ [ 22.538002879740827, 44.663669662850062 ], [ 22.544306892148985, 44.661079428877827 ] ], [ [ 22.534862036433658, 44.667787031310844 ], [ 22.538002879740827, 44.663669662850062 ] ], [ [ 22.524091580170534, 44.676220190635377 ], [ 22.534862036433658, 44.667787031310844 ] ], [ [ 22.514597993596809, 44.681898846767631 ], [ 22.524091580170534, 44.676220190635377 ] ], [ [ 22.509058872247653, 44.689752564464087 ], [ 22.514597993596809, 44.681898846767631 ] ], [ [ 22.495404751308897, 44.697849336869481 ], [ 22.509058872247653, 44.689752564464087 ] ], [ [ 22.479249905869278, 44.709624572707725 ], [ 22.495404751308897, 44.697849336869481 ] ], [ [ 22.469054725846547, 44.713519420725063 ], [ 22.479249905869278, 44.709624572707725 ] ], [ [ 22.466477057240755, 44.71414125882341 ], [ 22.469054725846547, 44.713519420725063 ] ], [ [ 22.463899335136389, 44.714763038392853 ], [ 22.466477057240755, 44.71414125882341 ] ], [ [ 22.432294498232491, 44.710070211385528 ], [ 22.463899335136389, 44.714763038392853 ] ], [ [ 22.42092896131313, 44.706202858652226 ], [ 22.432294498232491, 44.710070211385528 ] ], [ [ 22.409838183963256, 44.696278817811091 ], [ 22.42092896131313, 44.706202858652226 ] ], [ [ 22.398425304571504, 44.684614260215902 ], [ 22.409838183963256, 44.696278817811091 ] ], [ [ 22.389675025870623, 44.679307752316269 ], [ 22.398425304571504, 44.684614260215902 ] ], [ [ 22.383730158172842, 44.676264199098156 ], [ 22.389675025870623, 44.679307752316269 ] ], [ [ 22.36792388246251, 44.67226010612999 ], [ 22.383730158172842, 44.676264199098156 ] ], [ [ 22.357259710472896, 44.672665037938565 ], [ 22.36792388246251, 44.67226010612999 ] ], [ [ 22.339237932370629, 44.676513224756739 ], [ 22.357259710472896, 44.672665037938565 ] ], [ [ 22.331649747886257, 44.67526193654578 ], [ 22.339237932370629, 44.676513224756739 ] ], [ [ 22.31877230336406, 44.665156535774642 ], [ 22.331649747886257, 44.67526193654578 ] ], [ [ 22.30845911233255, 44.658711706361018 ], [ 22.31877230336406, 44.665156535774642 ] ], [ [ 22.3034412703811, 44.653199231084002 ], [ 22.30845911233255, 44.658711706361018 ] ], [ [ 22.302466434835896, 44.644455340166274 ], [ 22.3034412703811, 44.653199231084002 ] ], [ [ 22.29913941237178, 44.638124097647605 ], [ 22.302466434835896, 44.644455340166274 ] ], [ [ 22.274392619485052, 44.625427903135623 ], [ 22.29913941237178, 44.638124097647605 ] ], [ [ 22.27055950686821, 44.608350455005748 ], [ 22.274392619485052, 44.625427903135623 ] ], [ [ 22.264507336412251, 44.596209131046194 ], [ 22.27055950686821, 44.608350455005748 ] ], [ [ 22.255750046715516, 44.587345450382031 ], [ 22.264507336412251, 44.596209131046194 ] ], [ [ 22.241198959216593, 44.570798360389439 ], [ 22.255750046715516, 44.587345450382031 ] ], [ [ 22.230235816506362, 44.561378608559529 ], [ 22.241198959216593, 44.570798360389439 ] ], [ [ 22.214167143715628, 44.536412235587896 ], [ 22.230235816506362, 44.561378608559529 ] ], [ [ 22.208499129556522, 44.525257051051128 ], [ 22.214167143715628, 44.536412235587896 ] ], [ [ 22.202494888253266, 44.516766979876927 ], [ 22.208499129556522, 44.525257051051128 ] ], [ [ 22.195147894245995, 44.509819053224213 ], [ 22.202494888253266, 44.516766979876927 ] ], [ [ 22.189939998650154, 44.498192612382979 ], [ 22.195147894245995, 44.509819053224213 ] ], [ [ 22.189939998650154, 44.498192612382979 ], [ 22.191254077361705, 44.492815068373751 ] ], [ [ 22.18726540865223, 44.484948911334151 ], [ 22.191254077361705, 44.492815068373751 ] ], [ [ 22.18310573171896, 44.481004419328514 ], [ 22.18726540865223, 44.484948911334151 ] ], [ [ 22.173076929150138, 44.475919371932356 ], [ 22.18310573171896, 44.481004419328514 ] ], [ [ 22.145460262067189, 44.47270659693158 ], [ 22.173076929150138, 44.475919371932356 ] ], [ [ 22.137115562197479, 44.472958310976267 ], [ 22.145460262067189, 44.47270659693158 ] ], [ [ 22.128114061127945, 44.475245385365305 ], [ 22.137115562197479, 44.472958310976267 ] ], [ [ 22.123459515065292, 44.478228942089949 ], [ 22.128114061127945, 44.475245385365305 ] ], [ [ 22.089698174399228, 44.495771690623521 ], [ 22.123459515065292, 44.478228942089949 ] ], [ [ 22.076250204166293, 44.505273372899268 ], [ 22.089698174399228, 44.495771690623521 ] ], [ [ 22.073459113177861, 44.512815961064554 ], [ 22.076250204166293, 44.505273372899268 ] ], [ [ 22.073459113177861, 44.512815961064554 ], [ 22.073836981372121, 44.519977317278482 ] ], [ [ 22.068111974674395, 44.528701704750894 ], [ 22.073836981372121, 44.519977317278482 ] ], [ [ 22.056528734996508, 44.53594859096124 ], [ 22.068111974674395, 44.528701704750894 ] ], [ [ 22.04160664082227, 44.543172957792237 ], [ 22.056528734996508, 44.53594859096124 ] ], [ [ 22.035269822886082, 44.549230977085251 ], [ 22.04160664082227, 44.543172957792237 ] ], [ [ 22.028069611484007, 44.563013501336989 ], [ 22.035269822886082, 44.549230977085251 ] ], [ [ 22.025520185935765, 44.572879085823445 ], [ 22.028069611484007, 44.563013501336989 ] ], [ [ 22.025520185935765, 44.572879085823445 ], [ 22.026724703364494, 44.589068285277008 ] ], [ [ 22.024811056955965, 44.593785564840907 ], [ 22.026724703364494, 44.589068285277008 ] ], [ [ 22.016148587338158, 44.599203660634629 ], [ 22.024811056955965, 44.593785564840907 ] ], [ [ 24.640667944854183, 43.734109837854334 ], [ 24.657079680613027, 43.723635506781378 ] ], [ [ 24.62308992009936, 43.742383163712113 ], [ 24.640667944854183, 43.734109837854334 ] ], [ [ 24.610758344678878, 43.746098023076883 ], [ 24.62308992009936, 43.742383163712113 ] ], [ [ 24.589232370849231, 43.751196719201957 ], [ 24.610758344678878, 43.746098023076883 ] ], [ [ 24.570236478745301, 43.754843880763936 ], [ 24.589232370849231, 43.751196719201957 ] ], [ [ 24.559224396361405, 43.754840134697872 ], [ 24.570236478745301, 43.754843880763936 ] ], [ [ 24.524189490183986, 43.759973518902022 ], [ 24.559224396361405, 43.754840134697872 ] ], [ [ 24.512658533924323, 43.762504272865201 ], [ 24.524189490183986, 43.759973518902022 ] ], [ [ 24.512658533924323, 43.762504272865201 ], [ 24.512919872223648, 43.764848169695412 ] ], [ [ 24.498032508643757, 43.761426724325709 ], [ 24.512919872223648, 43.764848169695412 ] ], [ [ 24.467253182135945, 43.749088921771367 ], [ 24.498032508643757, 43.761426724325709 ] ], [ [ 24.446069216360698, 43.741927984813792 ], [ 24.467253182135945, 43.749088921771367 ] ], [ [ 24.444432592665894, 43.744547097570923 ], [ 24.446069216360698, 43.741927984813792 ] ], [ [ 24.415918362626631, 43.738859218563611 ], [ 24.444432592665894, 43.744547097570923 ] ], [ [ 24.40597034624837, 43.735675701068438 ], [ 24.415918362626631, 43.738859218563611 ] ], [ [ 24.395560900740595, 43.727465115164698 ], [ 24.40597034624837, 43.735675701068438 ] ], [ [ 24.394490206038608, 43.725172005589471 ], [ 24.395560900740595, 43.727465115164698 ] ], [ [ 24.382858539353776, 43.719616568015162 ], [ 24.394490206038608, 43.725172005589471 ] ], [ [ 24.379264817338459, 43.715802829371903 ], [ 24.382858539353776, 43.719616568015162 ] ], [ [ 24.379264817338459, 43.715802829371903 ], [ 24.38157129445765, 43.712731671115336 ] ], [ [ 24.369811646325587, 43.707770096524271 ], [ 24.38157129445765, 43.712731671115336 ] ], [ [ 24.354620418060328, 43.699604281997246 ], [ 24.369811646325587, 43.707770096524271 ] ], [ [ 24.348609991797961, 43.697354414910386 ], [ 24.354620418060328, 43.699604281997246 ] ], [ [ 24.341330470711881, 43.697213363832255 ], [ 24.348609991797961, 43.697354414910386 ] ], [ [ 24.317756402845575, 43.700613072930324 ], [ 24.341330470711881, 43.697213363832255 ] ], [ [ 24.291665784583756, 43.697924319485864 ], [ 24.317756402845575, 43.700613072930324 ] ], [ [ 24.259968367841171, 43.692731986153113 ], [ 24.291665784583756, 43.697924319485864 ] ], [ [ 24.255447185523796, 43.691387948563587 ], [ 24.259968367841171, 43.692731986153113 ] ], [ [ 24.23866780966457, 43.690175286795103 ], [ 24.255447185523796, 43.691387948563587 ] ], [ [ 24.218944949033332, 43.685538897836096 ], [ 24.23866780966457, 43.690175286795103 ] ], [ [ 24.207097517042257, 43.685317280273189 ], [ 24.218944949033332, 43.685538897836096 ] ], [ [ 24.19576861937502, 43.683895870810936 ], [ 24.207097517042257, 43.685317280273189 ] ], [ [ 24.186497302805968, 43.682355038500866 ], [ 24.19576861937502, 43.683895870810936 ] ], [ [ 24.173357741032884, 43.682612343580338 ], [ 24.186497302805968, 43.682355038500866 ] ], [ [ 24.158670992471777, 43.685571464753295 ], [ 24.173357741032884, 43.682612343580338 ] ], [ [ 24.145623939043972, 43.690689134536939 ], [ 24.158670992471777, 43.685571464753295 ] ], [ [ 24.123596253520308, 43.697307155246406 ], [ 24.145623939043972, 43.690689134536939 ] ], [ [ 24.112731424042487, 43.699561540722357 ], [ 24.123596253520308, 43.697307155246406 ] ], [ [ 24.086434041279144, 43.702186698887857 ], [ 24.112731424042487, 43.699561540722357 ] ], [ [ 24.072104721835942, 43.710930194702534 ], [ 24.086434041279144, 43.702186698887857 ] ], [ [ 24.069584665217533, 43.715011803398959 ], [ 24.072104721835942, 43.710930194702534 ] ], [ [ 24.055455865146381, 43.720593797330011 ], [ 24.069584665217533, 43.715011803398959 ] ], [ [ 24.029781394260141, 43.727184764747136 ], [ 24.055455865146381, 43.720593797330011 ] ], [ [ 24.019666769425442, 43.729138168656192 ], [ 24.029781394260141, 43.727184764747136 ] ], [ [ 23.988646420928582, 43.739589482107519 ], [ 24.019666769425442, 43.729138168656192 ] ], [ [ 23.975799176872819, 43.742398370690957 ], [ 23.988646420928582, 43.739589482107519 ] ], [ [ 23.959073241107593, 43.745076322270997 ], [ 23.975799176872819, 43.742398370690957 ] ], [ [ 23.926439571898545, 43.745036314755048 ], [ 23.959073241107593, 43.745076322270997 ] ], [ [ 23.91032527317374, 43.748170236129695 ], [ 23.926439571898545, 43.745036314755048 ] ], [ [ 23.873496900201754, 43.752980735582703 ], [ 23.91032527317374, 43.748170236129695 ] ], [ [ 23.856278757441139, 43.757168649507626 ], [ 23.873496900201754, 43.752980735582703 ] ], [ [ 23.848526458258792, 43.76064178385559 ], [ 23.856278757441139, 43.757168649507626 ] ], [ [ 23.831105722125166, 43.76584054049772 ], [ 23.848526458258792, 43.76064178385559 ] ], [ [ 23.831105722125166, 43.76584054049772 ], [ 23.832168952070504, 43.767486405183575 ] ], [ [ 23.819084002389928, 43.771379942284227 ], [ 23.832168952070504, 43.767486405183575 ] ], [ [ 23.810680230860463, 43.775437169403375 ], [ 23.819084002389928, 43.771379942284227 ] ], [ [ 23.803074325401433, 43.775695315203443 ], [ 23.810680230860463, 43.775437169403375 ] ], [ [ 23.781718169657662, 43.779699035442306 ], [ 23.803074325401433, 43.775695315203443 ] ], [ [ 23.765151585607267, 43.785856173702506 ], [ 23.781718169657662, 43.779699035442306 ] ], [ [ 23.749850495727419, 43.801218197860258 ], [ 23.765151585607267, 43.785856173702506 ] ], [ [ 23.728911488044055, 43.801598522714528 ], [ 23.749850495727419, 43.801218197860258 ] ], [ [ 23.714289925809474, 43.803544450402121 ], [ 23.728911488044055, 43.801598522714528 ] ], [ [ 23.70078073448656, 43.804105521874881 ], [ 23.714289925809474, 43.803544450402121 ] ], [ [ 23.694989745349574, 43.802624351873789 ], [ 23.70078073448656, 43.804105521874881 ] ], [ [ 23.685993575529213, 43.802937870039933 ], [ 23.694989745349574, 43.802624351873789 ] ], [ [ 23.663999394876853, 43.79928043027644 ], [ 23.685993575529213, 43.802937870039933 ] ], [ [ 23.642184198320845, 43.794014076234447 ], [ 23.663999394876853, 43.79928043027644 ] ], [ [ 23.618749241057024, 43.791329395452458 ], [ 23.642184198320845, 43.794014076234447 ] ], [ [ 23.601513822805263, 43.79481753231417 ], [ 23.618749241057024, 43.791329395452458 ] ], [ [ 23.593667400149585, 43.797250415875837 ], [ 23.601513822805263, 43.79481753231417 ] ], [ [ 23.581024105061836, 43.797086840913664 ], [ 23.593667400149585, 43.797250415875837 ] ], [ [ 23.56792456561584, 43.80077505742787 ], [ 23.581024105061836, 43.797086840913664 ] ], [ [ 23.562392176504353, 43.804773671279236 ], [ 23.56792456561584, 43.80077505742787 ] ], [ [ 23.543590968798945, 43.811949471026956 ], [ 23.562392176504353, 43.804773671279236 ] ], [ [ 23.523835138016533, 43.823118997255307 ], [ 23.543590968798945, 43.811949471026956 ] ], [ [ 23.523835138016533, 43.823118997255307 ], [ 23.525591398791924, 43.824607042365535 ] ], [ [ 23.515224944413539, 43.831069187922331 ], [ 23.525591398791924, 43.824607042365535 ] ], [ [ 23.507458375451229, 43.833831059241326 ], [ 23.515224944413539, 43.831069187922331 ] ], [ [ 23.497975331716493, 43.834412105578906 ], [ 23.507458375451229, 43.833831059241326 ] ], [ [ 23.480640787682468, 43.837836461027067 ], [ 23.497975331716493, 43.834412105578906 ] ], [ [ 23.464328851488133, 43.840089475489741 ], [ 23.480640787682468, 43.837836461027067 ] ], [ [ 23.447546462010216, 43.84646615943781 ], [ 23.464328851488133, 43.840089475489741 ] ], [ [ 23.433255662997826, 43.85056240332063 ], [ 23.447546462010216, 43.84646615943781 ] ], [ [ 23.415230465923575, 43.852791435634089 ], [ 23.433255662997826, 43.85056240332063 ] ], [ [ 23.390590628395778, 43.850485863846608 ], [ 23.415230465923575, 43.852791435634089 ] ], [ [ 23.37348922392561, 43.847528650394395 ], [ 23.390590628395778, 43.850485863846608 ] ], [ [ 23.352208302033581, 43.849067190280905 ], [ 23.37348922392561, 43.847528650394395 ] ], [ [ 23.336217405733933, 43.850027608208244 ], [ 23.352208302033581, 43.849067190280905 ] ], [ [ 23.320995693650609, 43.849884832049597 ], [ 23.336217405733933, 43.850027608208244 ] ], [ [ 23.299914707543628, 43.848069559455553 ], [ 23.320995693650609, 43.849884832049597 ] ], [ [ 23.267784882903989, 43.846807203343978 ], [ 23.299914707543628, 43.848069559455553 ] ], [ [ 23.258858299714678, 43.844458942330824 ], [ 23.267784882903989, 43.846807203343978 ] ], [ [ 23.246523077990197, 43.839202809863821 ], [ 23.258858299714678, 43.844458942330824 ] ], [ [ 23.23896115929152, 43.837120705875058 ], [ 23.246523077990197, 43.839202809863821 ] ], [ [ 23.228963700326325, 43.837383993532669 ], [ 23.23896115929152, 43.837120705875058 ] ], [ [ 23.212923881981684, 43.832994059687344 ], [ 23.228963700326325, 43.837383993532669 ] ], [ [ 23.203160147952723, 43.829168400823526 ], [ 23.212923881981684, 43.832994059687344 ] ], [ [ 23.190100456764867, 43.825422688602622 ], [ 23.203160147952723, 43.829168400823526 ] ], [ [ 23.175266622439057, 43.821105585281252 ], [ 23.190100456764867, 43.825422688602622 ] ], [ [ 23.138116786598154, 43.807813052111108 ], [ 23.175266622439057, 43.821105585281252 ] ], [ [ 23.127119161379419, 43.804636475297528 ], [ 23.138116786598154, 43.807813052111108 ] ], [ [ 23.080257640069505, 43.799154166348842 ], [ 23.127119161379419, 43.804636475297528 ] ], [ [ 23.075220702849048, 43.797384471881266 ], [ 23.080257640069505, 43.799154166348842 ] ], [ [ 23.056814414876783, 43.795797334104243 ], [ 23.075220702849048, 43.797384471881266 ] ], [ [ 23.043040652814454, 43.796282628536133 ], [ 23.056814414876783, 43.795797334104243 ] ], [ [ 23.028985618119215, 43.803633497162913 ], [ 23.043040652814454, 43.796282628536133 ] ], [ [ 23.007541564325393, 43.805537286849201 ], [ 23.028985618119215, 43.803633497162913 ] ], [ [ 22.985561421970989, 43.809517004164917 ], [ 23.007541564325393, 43.805537286849201 ] ], [ [ 22.984437191249015, 43.807298037475164 ], [ 22.985561421970989, 43.809517004164917 ] ], [ [ 22.975198591987958, 43.808520125905659 ], [ 22.984437191249015, 43.807298037475164 ] ], [ [ 22.958418994557555, 43.813154856097917 ], [ 22.975198591987958, 43.808520125905659 ] ], [ [ 22.952794773893206, 43.813195840586928 ], [ 22.958418994557555, 43.813154856097917 ] ] ] } },
{ "type": "Feature", "properties": { "id": 13, "leftRegion": "Sud-Vest", "leftId": 840, "rightRegion": "Vest", "rightId": 859, "version": "2025/03/26" }, "geometry": { "type": "MultiLineString", "coordinates": [ [ [ 22.016148587338158, 44.599203660634629 ], [ 22.023532592597821, 44.607201802298079 ] ], [ [ 22.023532592597821, 44.607201802298079 ], [ 22.029716475536784, 44.605828982907141 ] ], [ [ 22.029716475536784, 44.605828982907141 ], [ 22.061547311769701, 44.609859850726821 ] ], [ [ 22.061547311769701, 44.609859850726821 ], [ 22.063757160655104, 44.615070082177631 ] ], [ [ 22.063757160655104, 44.615070082177631 ], [ 22.070584125488281, 44.616581345944361 ] ], [ [ 22.070584125488281, 44.616581345944361 ], [ 22.078630662121029, 44.621824472060965 ] ], [ [ 22.078630662121029, 44.621824472060965 ], [ 22.084393093891315, 44.618021263087918 ] ], [ [ 22.084393093891315, 44.618021263087918 ], [ 22.09170426596971, 44.619403715509925 ] ], [ [ 22.09170426596971, 44.619403715509925 ], [ 22.09690504493766, 44.613752835297973 ] ], [ [ 22.09690504493766, 44.613752835297973 ], [ 22.098698916239645, 44.608794397510671 ] ], [ [ 22.098698916239645, 44.608794397510671 ], [ 22.104159656049159, 44.604312866734638 ] ], [ [ 22.104159656049159, 44.604312866734638 ], [ 22.109209727352894, 44.596512992860028 ] ], [ [ 22.109209727352894, 44.596512992860028 ], [ 22.117397909836587, 44.591811909938237 ] ], [ [ 22.117397909836587, 44.591811909938237 ], [ 22.129410817840043, 44.593414452172375 ] ], [ [ 22.129410817840043, 44.593414452172375 ], [ 22.130505563835648, 44.598019867730393 ] ], [ [ 22.130505563835648, 44.598019867730393 ], [ 22.134723891439712, 44.599523925557001 ] ], [ [ 22.134723891439712, 44.599523925557001 ], [ 22.143325180469521, 44.589242997017855 ] ], [ [ 22.143325180469521, 44.589242997017855 ], [ 22.147834525337803, 44.587150325132711 ] ], [ [ 22.147834525337803, 44.587150325132711 ], [ 22.156952328598653, 44.593573229581054 ] ], [ [ 22.154652485465217, 44.598741651015438 ], [ 22.156952328598653, 44.593573229581054 ] ], [ [ 22.154652485465217, 44.598741651015438 ], [ 22.163307556314528, 44.60524009280104 ] ], [ [ 22.163307556314528, 44.60524009280104 ], [ 22.163876267340026, 44.610328066853953 ] ], [ [ 22.163876267340026, 44.610328066853953 ], [ 22.172757096374749, 44.618616896154222 ] ], [ [ 22.172757096374749, 44.618616896154222 ], [ 22.17629364753121, 44.624494676817832 ] ], [ [ 22.172825394178819, 44.633904643324492 ], [ 22.17629364753121, 44.624494676817832 ] ], [ [ 22.172825394178819, 44.633904643324492 ], [ 22.177403549688748, 44.639879766017657 ] ], [ [ 22.171371432369671, 44.648568414015301 ], [ 22.177403549688748, 44.639879766017657 ] ], [ [ 22.159246890762162, 44.650907918789784 ], [ 22.171371432369671, 44.648568414015301 ] ], [ [ 22.154230010556027, 44.64991414091584 ], [ 22.159246890762162, 44.650907918789784 ] ], [ [ 22.14643293392222, 44.653397226949394 ], [ 22.154230010556027, 44.64991414091584 ] ], [ [ 22.139164717762029, 44.66020334052746 ], [ 22.14643293392222, 44.653397226949394 ] ], [ [ 22.139164717762029, 44.66020334052746 ], [ 22.144851298198812, 44.678535792790996 ] ], [ [ 22.144851298198812, 44.678535792790996 ], [ 22.149211332885201, 44.684024292662663 ] ], [ [ 22.145801197743346, 44.689702562137477 ], [ 22.149211332885201, 44.684024292662663 ] ], [ [ 22.145801197743346, 44.689702562137477 ], [ 22.148938666192734, 44.696386847756692 ] ], [ [ 22.146892989979655, 44.700756140421021 ], [ 22.148938666192734, 44.696386847756692 ] ], [ [ 22.146892989979655, 44.700756140421021 ], [ 22.149346137662288, 44.70458894616651 ] ], [ [ 22.149346137662288, 44.70458894616651 ], [ 22.15354666139633, 44.711536084654568 ] ], [ [ 22.15354666139633, 44.711536084654568 ], [ 22.153501069350909, 44.715845729114207 ] ], [ [ 22.153501069350909, 44.715845729114207 ], [ 22.156994703709003, 44.731073840946365 ] ], [ [ 22.15565266549698, 44.735835431480268 ], [ 22.156994703709003, 44.731073840946365 ] ], [ [ 22.15565266549698, 44.735835431480268 ], [ 22.166833411619042, 44.741265349742648 ] ], [ [ 22.166833411619042, 44.741265349742648 ], [ 22.18396101088506, 44.740704931307917 ] ], [ [ 22.18396101088506, 44.740704931307917 ], [ 22.192859218928938, 44.745661418259026 ] ], [ [ 22.191630667706214, 44.749595203265152 ], [ 22.192859218928938, 44.745661418259026 ] ], [ [ 22.191630667706214, 44.749595203265152 ], [ 22.204159231295272, 44.761404815700956 ] ], [ [ 22.19893628117935, 44.76617923017298 ], [ 22.204159231295272, 44.761404815700956 ] ], [ [ 22.195171035898539, 44.77902679134079 ], [ 22.19893628117935, 44.76617923017298 ] ], [ [ 22.195171035898539, 44.77902679134079 ], [ 22.198485440378843, 44.78303432475245 ] ], [ [ 22.198485440378843, 44.78303432475245 ], [ 22.199193009072214, 44.791176721339035 ] ], [ [ 22.199193009072214, 44.791176721339035 ], [ 22.207156035637858, 44.799365494676714 ] ], [ [ 22.206743970610219, 44.80526430797444 ], [ 22.207156035637858, 44.799365494676714 ] ], [ [ 22.206743970610219, 44.80526430797444 ], [ 22.208794980751268, 44.812052164491618 ] ], [ [ 22.206801446957218, 44.817469098143704 ], [ 22.208794980751268, 44.812052164491618 ] ], [ [ 22.206801446957218, 44.817469098143704 ], [ 22.223468217160651, 44.81410935707985 ] ], [ [ 22.223468217160651, 44.81410935707985 ], [ 22.232094181283266, 44.809492286793777 ] ], [ [ 22.232094181283266, 44.809492286793777 ], [ 22.236723079246815, 44.808841260834299 ] ], [ [ 22.236723079246815, 44.808841260834299 ], [ 22.243496324988531, 44.807476015732661 ] ], [ [ 22.243496324988531, 44.807476015732661 ], [ 22.251292823176403, 44.799125856633665 ] ], [ [ 22.251292823176403, 44.799125856633665 ], [ 22.251962027587101, 44.793746974243767 ] ], [ [ 22.251962027587101, 44.793746974243767 ], [ 22.25971811885265, 44.791317369997145 ] ], [ [ 22.25971811885265, 44.791317369997145 ], [ 22.263156509933172, 44.784742706042969 ] ], [ [ 22.263156509933172, 44.784742706042969 ], [ 22.277579177698986, 44.780843790885719 ] ], [ [ 22.277579177698986, 44.780843790885719 ], [ 22.297436174439071, 44.780169640459377 ] ], [ [ 22.297436174439071, 44.780169640459377 ], [ 22.310858688302691, 44.775006896279336 ] ], [ [ 22.310858688302691, 44.775006896279336 ], [ 22.321696562502339, 44.775296494538061 ] ], [ [ 22.321696562502339, 44.775296494538061 ], [ 22.327073481319712, 44.778155043017989 ] ], [ [ 22.327073481319712, 44.778155043017989 ], [ 22.33208203790921, 44.77783640419841 ] ], [ [ 22.33208203790921, 44.77783640419841 ], [ 22.341643429304732, 44.774058671117402 ] ], [ [ 22.341643429304732, 44.774058671117402 ], [ 22.3459573462817, 44.768120688062169 ] ], [ [ 22.3459573462817, 44.768120688062169 ], [ 22.353947517994204, 44.753059398973974 ] ], [ [ 22.354040873967566, 44.741813633391153 ], [ 22.353947517994204, 44.753059398973974 ] ], [ [ 22.354040873967566, 44.741813633391153 ], [ 22.365496952266014, 44.742775304408219 ] ], [ [ 22.365496952266014, 44.742775304408219 ], [ 22.36647166972778, 44.753643510817888 ] ], [ [ 22.36647166972778, 44.753643510817888 ], [ 22.373074519375315, 44.756875077976161 ] ], [ [ 22.373074519375315, 44.756875077976161 ], [ 22.382265314798445, 44.756507090602888 ] ], [ [ 22.382265314798445, 44.756507090602888 ], [ 22.388944470082428, 44.761360082796692 ] ], [ [ 22.388944470082428, 44.761360082796692 ], [ 22.398756457002495, 44.758881774362017 ] ], [ [ 22.398756457002495, 44.758881774362017 ], [ 22.40423058438903, 44.754562415655315 ] ], [ [ 22.40423058438903, 44.754562415655315 ], [ 22.41398889910738, 44.75676837682434 ] ], [ [ 22.41398889910738, 44.75676837682434 ], [ 22.418207968102234, 44.75593847160917 ] ], [ [ 22.418207968102234, 44.75593847160917 ], [ 22.420549915970703, 44.762802569130479 ] ], [ [ 22.417468268054584, 44.770697348329172 ], [ 22.420549915970703, 44.762802569130479 ] ], [ [ 22.417468268054584, 44.770697348329172 ], [ 22.42130478768194, 44.772766954981705 ] ], [ [ 22.42130478768194, 44.772766954981705 ], [ 22.424907447224431, 44.779067651089314 ] ], [ [ 22.424907447224431, 44.779067651089314 ], [ 22.429681613169926, 44.780663668529691 ] ], [ [ 22.425913924058204, 44.787135738862268 ], [ 22.429681613169926, 44.780663668529691 ] ], [ [ 22.425913924058204, 44.787135738862268 ], [ 22.426333908494005, 44.792204669261352 ] ], [ [ 22.42374291135118, 44.80049466654998 ], [ 22.426333908494005, 44.792204669261352 ] ], [ [ 22.42374291135118, 44.80049466654998 ], [ 22.428168215916344, 44.80240838886477 ] ], [ [ 22.428168215916344, 44.80240838886477 ], [ 22.430572552614777, 44.809194800919826 ] ], [ [ 22.430572552614777, 44.809194800919826 ], [ 22.438639331245664, 44.813032982725346 ] ], [ [ 22.438639331245664, 44.813032982725346 ], [ 22.446416772369378, 44.822182564913106 ] ], [ [ 22.444598007047666, 44.832420907495596 ], [ 22.446416772369378, 44.822182564913106 ] ], [ [ 22.444598007047666, 44.832420907495596 ], [ 22.453347174818457, 44.837542911403666 ] ], [ [ 22.453347174818457, 44.837542911403666 ], [ 22.459753264093052, 44.845255053515743 ] ], [ [ 22.457526897068785, 44.851325510050295 ], [ 22.459753264093052, 44.845255053515743 ] ], [ [ 22.457526897068785, 44.851325510050295 ], [ 22.460258042048274, 44.853102184956889 ] ], [ [ 22.460258042048274, 44.853102184956889 ], [ 22.46758470946892, 44.85741680454877 ] ], [ [ 22.46758470946892, 44.85741680454877 ], [ 22.471093045564597, 44.869425841329203 ] ], [ [ 22.471093045564597, 44.869425841329203 ], [ 22.478118934947542, 44.872600939465578 ] ], [ [ 22.476849109860073, 44.876974377882668 ], [ 22.478118934947542, 44.872600939465578 ] ], [ [ 22.476849109860073, 44.876974377882668 ], [ 22.485815593515898, 44.880498603947999 ] ], [ [ 22.485815593515898, 44.880498603947999 ], [ 22.486451889895875, 44.888362420049525 ] ], [ [ 22.486451889895875, 44.888362420049525 ], [ 22.488761906036142, 44.894076532159694 ] ], [ [ 22.482186682064299, 44.906907315942 ], [ 22.488761906036142, 44.894076532159694 ] ], [ [ 22.482186682064299, 44.906907315942 ], [ 22.49009157637111, 44.908571636938547 ] ], [ [ 22.489299927264959, 44.913967466615148 ], [ 22.49009157637111, 44.908571636938547 ] ], [ [ 22.489299927264959, 44.913967466615148 ], [ 22.495541542697453, 44.924399301862309 ] ], [ [ 22.490285618873472, 44.933666357057326 ], [ 22.495541542697453, 44.924399301862309 ] ], [ [ 22.490285618873472, 44.933666357057326 ], [ 22.490107976511279, 44.940935979854082 ] ], [ [ 22.486834903308711, 44.942636882136256 ], [ 22.490107976511279, 44.940935979854082 ] ], [ [ 22.486834903308711, 44.942636882136256 ], [ 22.486606408698016, 44.949290103784406 ] ], [ [ 22.486606408698016, 44.949290103784406 ], [ 22.493764935642115, 44.950336484601465 ] ], [ [ 22.493764935642115, 44.950336484601465 ], [ 22.502165810822657, 44.955483892113456 ] ], [ [ 22.502165810822657, 44.955483892113456 ], [ 22.516397030867232, 44.955716173806458 ] ], [ [ 22.515242467531621, 44.962327116018642 ], [ 22.516397030867232, 44.955716173806458 ] ], [ [ 22.509346020526642, 44.967184551195331 ], [ 22.515242467531621, 44.962327116018642 ] ], [ [ 22.492157841178678, 44.973273459360215 ], [ 22.509346020526642, 44.967184551195331 ] ], [ [ 22.492157841178678, 44.973273459360215 ], [ 22.503639246292945, 44.984000612864683 ] ], [ [ 22.503639246292945, 44.984000612864683 ], [ 22.524098062271086, 44.996228666730275 ] ], [ [ 22.524098062271086, 44.996228666730275 ], [ 22.530001218548556, 44.997475197637918 ] ], [ [ 22.530001218548556, 44.997475197637918 ], [ 22.53662713323105, 45.002033977668603 ] ], [ [ 22.53662713323105, 45.002033977668603 ], [ 22.546308362361739, 45.013339109129106 ] ], [ [ 22.546308362361739, 45.013339109129106 ], [ 22.558958967591646, 45.021928965148184 ] ], [ [ 22.558958967591646, 45.021928965148184 ], [ 22.563643730926174, 45.034511392300757 ] ], [ [ 22.563643730926174, 45.034511392300757 ], [ 22.575873408970988, 45.043152742120625 ] ], [ [ 22.575873408970988, 45.043152742120625 ], [ 22.585012531457554, 45.043523046248545 ] ], [ [ 22.585012531457554, 45.043523046248545 ], [ 22.586932309490667, 45.046752928782894 ] ], [ [ 22.586932309490667, 45.046752928782894 ], [ 22.593450247092896, 45.049922173303862 ] ], [ [ 22.593450247092896, 45.049922173303862 ], [ 22.594503810883861, 45.054057201304921 ] ], [ [ 22.594503810883861, 45.054057201304921 ], [ 22.601139192944938, 45.055213438446252 ] ], [ [ 22.600707096746234, 45.05984504131051 ], [ 22.601139192944938, 45.055213438446252 ] ], [ [ 22.600707096746234, 45.05984504131051 ], [ 22.60938360477785, 45.065559234000467 ] ], [ [ 22.60938360477785, 45.065559234000467 ], [ 22.615280127712726, 45.073751922960412 ] ], [ [ 22.615280127712726, 45.073751922960412 ], [ 22.619145403187861, 45.07461204997292 ] ], [ [ 22.619145403187861, 45.07461204997292 ], [ 22.631272227756916, 45.084924320301823 ] ], [ [ 22.631272227756916, 45.084924320301823 ], [ 22.637756585996307, 45.094874488948875 ] ], [ [ 22.637756585996307, 45.094874488948875 ], [ 22.642940307944635, 45.096203902855819 ] ], [ [ 22.642940307944635, 45.096203902855819 ], [ 22.64853013653218, 45.101357945479833 ] ], [ [ 22.64853013653218, 45.101357945479833 ], [ 22.653569048505055, 45.102441455683362 ] ], [ [ 22.653569048505055, 45.102441455683362 ], [ 22.656634781720275, 45.10816858271189 ] ], [ [ 22.656634781720275, 45.10816858271189 ], [ 22.657514091232841, 45.114902357997167 ] ], [ [ 22.649461286995571, 45.127771507977648 ], [ 22.657514091232841, 45.114902357997167 ] ], [ [ 22.639676335517883, 45.127210667645841 ], [ 22.649461286995571, 45.127771507977648 ] ], [ [ 22.628356462499095, 45.134930420436646 ], [ 22.639676335517883, 45.127210667645841 ] ], [ [ 22.615664979644016, 45.134190477879677 ], [ 22.628356462499095, 45.134930420436646 ] ], [ [ 22.605717643933705, 45.137742322040609 ], [ 22.615664979644016, 45.134190477879677 ] ], [ [ 22.594886663424909, 45.134245194844375 ], [ 22.605717643933705, 45.137742322040609 ] ], [ [ 22.580858031563842, 45.137542089110241 ], [ 22.594886663424909, 45.134245194844375 ] ], [ [ 22.568268810378477, 45.146294121199155 ], [ 22.580858031563842, 45.137542089110241 ] ], [ [ 22.559167853348296, 45.156866249215561 ], [ 22.568268810378477, 45.146294121199155 ] ], [ [ 22.559167853348296, 45.156866249215561 ], [ 22.560219016140625, 45.163607626765362 ] ], [ [ 22.560219016140625, 45.163607626765362 ], [ 22.566359320077979, 45.170122168941923 ] ], [ [ 22.566359320077979, 45.170122168941923 ], [ 22.574549167212727, 45.17576625624833 ] ], [ [ 22.574549167212727, 45.17576625624833 ], [ 22.575575538507525, 45.183390820828137 ] ], [ [ 22.575575538507525, 45.183390820828137 ], [ 22.585394086751545, 45.190212678464718 ] ], [ [ 22.585394086751545, 45.190212678464718 ], [ 22.588666250218086, 45.195766091382637 ] ], [ [ 22.588666250218086, 45.195766091382637 ], [ 22.59597042502509, 45.198459364853079 ] ], [ [ 22.59597042502509, 45.198459364853079 ], [ 22.600747491138385, 45.20554021026603 ] ], [ [ 22.600747491138385, 45.20554021026603 ], [ 22.61490388112194, 45.20942531702967 ] ], [ [ 22.61490388112194, 45.20942531702967 ], [ 22.626602234336566, 45.208769875260352 ] ], [ [ 22.626602234336566, 45.208769875260352 ], [ 22.637688222053299, 45.216462913530009 ] ], [ [ 22.637688222053299, 45.216462913530009 ], [ 22.645564961431752, 45.219883138556028 ] ], [ [ 22.645564961431752, 45.219883138556028 ], [ 22.650069510476214, 45.225468399639581 ] ], [ [ 22.649045469049437, 45.233680055310529 ], [ 22.650069510476214, 45.225468399639581 ] ], [ [ 22.649045469049437, 45.233680055310529 ], [ 22.665022127427775, 45.235820270430303 ] ], [ [ 22.665022127427775, 45.235820270430303 ], [ 22.673980831183073, 45.24111618463521 ] ], [ [ 22.673980831183073, 45.24111618463521 ], [ 22.677673072738106, 45.248432316624232 ] ], [ [ 22.677673072738106, 45.248432316624232 ], [ 22.686094380885116, 45.252831362610387 ] ], [ [ 22.686094380885116, 45.252831362610387 ], [ 22.68624885614123, 45.257963636360863 ] ], [ [ 22.68624885614123, 45.257963636360863 ], [ 22.691729949846401, 45.255735505667069 ] ], [ [ 22.691709486973721, 45.252004381202596 ], [ 22.691729949846401, 45.255735505667069 ] ], [ [ 22.691709486973721, 45.252004381202596 ], [ 22.699690454381823, 45.253820356450518 ] ], [ [ 22.698690921334475, 45.259958219215868 ], [ 22.699690454381823, 45.253820356450518 ] ], [ [ 22.698690921334475, 45.259958219215868 ], [ 22.70846736382088, 45.258776639435631 ] ], [ [ 22.70846736382088, 45.258776639435631 ], [ 22.720118273530982, 45.25376027691572 ] ], [ [ 22.720118273530982, 45.25376027691572 ], [ 22.735195254800768, 45.253418277234879 ] ], [ [ 22.735195254800768, 45.253418277234879 ], [ 22.736632930909487, 45.258210347378629 ] ], [ [ 22.736632930909487, 45.258210347378629 ], [ 22.742631368894838, 45.260681066499295 ] ], [ [ 22.742631368894838, 45.260681066499295 ], [ 22.744647463816847, 45.265061544243714 ] ], [ [ 22.744647463816847, 45.265061544243714 ], [ 22.758799710262291, 45.264776875326071 ] ], [ [ 22.758799710262291, 45.264776875326071 ], [ 22.763266824071788, 45.269304475915483 ] ], [ [ 22.763266824071788, 45.269304475915483 ], [ 22.775442783436045, 45.268998936439651 ] ], [ [ 22.775442783436045, 45.268998936439651 ], [ 22.780118376364516, 45.262652173281069 ] ], [ [ 22.780118376364516, 45.262652173281069 ], [ 22.784812321507903, 45.262387340951044 ] ], [ [ 22.784812321507903, 45.262387340951044 ], [ 22.799176129196784, 45.271130358514739 ] ], [ [ 22.799176129196784, 45.271130358514739 ], [ 22.805822793637965, 45.26993298478515 ] ], [ [ 22.805822793637965, 45.26993298478515 ], [ 22.81446592666904, 45.272385697239777 ] ], [ [ 22.81446592666904, 45.272385697239777 ], [ 22.823976348893822, 45.279229481998705 ] ], [ [ 22.823976348893822, 45.279229481998705 ], [ 22.823883505079266, 45.28514943082407 ] ], [ [ 22.823883505079266, 45.28514943082407 ], [ 22.836262778323729, 45.282429102948377 ] ], [ [ 22.836262778323729, 45.282429102948377 ], [ 22.843308724135817, 45.279051703714963 ] ], [ [ 22.843308724135817, 45.279051703714963 ], [ 22.849434828118259, 45.274041162923858 ] ], [ [ 22.849434828118259, 45.274041162923858 ], [ 22.857843484680195, 45.275835370403549 ] ], [ [ 22.857843484680195, 45.275835370403549 ], [ 22.864363883382161, 45.261063039477982 ] ], [ [ 22.864363883382161, 45.261063039477982 ], [ 22.871648155232815, 45.262188952537159 ] ], [ [ 22.871648155232815, 45.262188952537159 ], [ 22.880948018467183, 45.267661472893693 ] ], [ [ 22.880948018467183, 45.267661472893693 ], [ 22.892049011315621, 45.270271119674284 ] ], [ [ 22.892049011315621, 45.270271119674284 ], [ 22.896795055292202, 45.274444882410556 ] ], [ [ 22.896795055292202, 45.274444882410556 ], [ 22.903515634436307, 45.27454545909869 ] ], [ [ 22.903515634436307, 45.27454545909869 ], [ 22.916464387124499, 45.27937860670356 ] ], [ [ 22.916464387124499, 45.27937860670356 ], [ 22.917758870957016, 45.277255634419234 ] ], [ [ 22.917758870957016, 45.277255634419234 ], [ 22.933326105522998, 45.278555535031309 ] ], [ [ 22.933326105522998, 45.278555535031309 ], [ 22.944373591650425, 45.273234424212646 ] ], [ [ 22.944373591650425, 45.273234424212646 ], [ 22.955974606663702, 45.272822437875838 ] ], [ [ 22.945001331239073, 45.267400355523939 ], [ 22.955974606663702, 45.272822437875838 ] ], [ [ 22.937627467219876, 45.252431244809529 ], [ 22.945001331239073, 45.267400355523939 ] ], [ [ 22.931611395411185, 45.246156973100682 ], [ 22.937627467219876, 45.252431244809529 ] ], [ [ 22.92221776423354, 45.241344598000211 ], [ 22.931611395411185, 45.246156973100682 ] ], [ [ 22.92221776423354, 45.241344598000211 ], [ 22.942613131681206, 45.238349060415821 ] ], [ [ 22.942613131681206, 45.238349060415821 ], [ 22.945900571574388, 45.241316114165102 ] ], [ [ 22.945900571574388, 45.241316114165102 ], [ 22.945742449580973, 45.248509248379932 ] ], [ [ 22.945742449580973, 45.248509248379932 ], [ 22.951615654204296, 45.259663837727651 ] ], [ [ 22.950215886230151, 45.267052601918031 ], [ 22.951615654204296, 45.259663837727651 ] ], [ [ 22.950215886230151, 45.267052601918031 ], [ 22.956010389576004, 45.271389047090373 ] ], [ [ 22.956010389576004, 45.271389047090373 ], [ 22.963753355019715, 45.271294123111154 ] ], [ [ 22.963753355019715, 45.271294123111154 ], [ 22.968203740135991, 45.259162569198025 ] ], [ [ 22.968203740135991, 45.259162569198025 ], [ 22.975073719790831, 45.254124656245537 ] ], [ [ 22.975073719790831, 45.254124656245537 ], [ 22.986255311548138, 45.255123235368629 ] ], [ [ 22.986255311548138, 45.255123235368629 ], [ 22.996159373040232, 45.260241262997852 ] ], [ [ 22.996159373040232, 45.260241262997852 ], [ 23.001168085468287, 45.255386959883268 ] ], [ [ 23.001168085468287, 45.255386959883268 ], [ 23.007618795443953, 45.253392532590333 ] ], [ [ 23.007618795443953, 45.253392532590333 ], [ 23.013780126420532, 45.256698755710012 ] ], [ [ 23.013780126420532, 45.256698755710012 ], [ 23.019691067856002, 45.255569507863775 ] ], [ [ 23.019691067856002, 45.255569507863775 ], [ 23.034406271030075, 45.258866737225247 ] ], [ [ 23.034406271030075, 45.258866737225247 ], [ 23.055814339509663, 45.266582239543851 ] ], [ [ 23.055814339509663, 45.266582239543851 ], [ 23.064868906623669, 45.265247912464041 ] ], [ [ 23.064868906623669, 45.265247912464041 ], [ 23.071494843305743, 45.277115252998492 ] ], [ [ 23.071494843305743, 45.277115252998492 ], [ 23.077180415201699, 45.276026763521358 ] ], [ [ 23.077180415201699, 45.276026763521358 ], [ 23.083928961886585, 45.280752784947261 ] ], [ [ 23.083928961886585, 45.280752784947261 ], [ 23.093323609830595, 45.291245707882865 ] ], [ [ 23.093323609830595, 45.291245707882865 ], [ 23.119378251314284, 45.286817397294527 ] ], [ [ 23.119378251314284, 45.286817397294527 ], [ 23.13234694085218, 45.280787639950503 ] ], [ [ 23.13234694085218, 45.280787639950503 ], [ 23.140955271201673, 45.281162638565071 ] ], [ [ 23.140955271201673, 45.281162638565071 ], [ 23.149488747072958, 45.28691292524028 ] ], [ [ 23.149488747072958, 45.28691292524028 ], [ 23.156904542600234, 45.280094577012434 ] ], [ [ 23.156904542600234, 45.280094577012434 ], [ 23.169647726608936, 45.279808330503464 ] ], [ [ 23.169647726608936, 45.279808330503464 ], [ 23.177458892533672, 45.281187168112439 ] ], [ [ 23.177458892533672, 45.281187168112439 ], [ 23.180713647537765, 45.285176181503218 ] ], [ [ 23.180713647537765, 45.285176181503218 ], [ 23.186873759668504, 45.285405912238204 ] ], [ [ 23.186873759668504, 45.285405912238204 ], [ 23.201989826457094, 45.278742372704336 ] ], [ [ 23.201989826457094, 45.278742372704336 ], [ 23.207419748351228, 45.277340533406068 ] ], [ [ 23.207419748351228, 45.277340533406068 ], [ 23.214540905906301, 45.282230124537811 ] ], [ [ 23.214540905906301, 45.282230124537811 ], [ 23.215069511420847, 45.28891227083983 ] ], [ [ 23.215069511420847, 45.28891227083983 ], [ 23.224733654172645, 45.299545239075371 ] ], [ [ 23.224733654172645, 45.299545239075371 ], [ 23.232504881491099, 45.300210716660573 ] ], [ [ 23.232504881491099, 45.300210716660573 ], [ 23.234787627625622, 45.303525539076205 ] ], [ [ 23.234787627625622, 45.303525539076205 ], [ 23.246574408241091, 45.307239367751642 ] ], [ [ 23.246574408241091, 45.307239367751642 ], [ 23.257786974600222, 45.307648384163976 ] ], [ [ 23.257786974600222, 45.307648384163976 ], [ 23.266791395953778, 45.307854903679718 ] ], [ [ 23.266791395953778, 45.307854903679718 ], [ 23.276646539161803, 45.306283633261046 ] ], [ [ 23.276646539161803, 45.306283633261046 ], [ 23.28944181207283, 45.309805683517986 ] ], [ [ 23.28944181207283, 45.309805683517986 ], [ 23.303079204706442, 45.304141847301679 ] ], [ [ 23.303079204706442, 45.304141847301679 ], [ 23.309963826441642, 45.299921376664095 ] ], [ [ 23.309963826441642, 45.299921376664095 ], [ 23.317383947637712, 45.302853721535229 ] ], [ [ 23.317383947637712, 45.302853721535229 ], [ 23.32681666587812, 45.310001997340997 ] ], [ [ 23.32681666587812, 45.310001997340997 ], [ 23.327990610680459, 45.320097762253781 ] ], [ [ 23.327990610680459, 45.320097762253781 ], [ 23.3347954463447, 45.328246458855034 ] ], [ [ 23.3347954463447, 45.328246458855034 ], [ 23.339377426816888, 45.331433615265901 ] ], [ [ 23.339377426816888, 45.331433615265901 ], [ 23.353549794306836, 45.331587902228819 ] ], [ [ 23.353549794306836, 45.331587902228819 ], [ 23.356780071335738, 45.333474137190443 ] ], [ [ 23.356780071335738, 45.333474137190443 ], [ 23.375065063823421, 45.331854169529336 ] ], [ [ 23.375065063823421, 45.331854169529336 ], [ 23.377572477896873, 45.33845094379032 ] ], [ [ 23.377572477896873, 45.33845094379032 ], [ 23.385563071039993, 45.336878753055309 ] ], [ [ 23.385563071039993, 45.336878753055309 ], [ 23.391565090117169, 45.333360440494666 ] ], [ [ 23.391565090117169, 45.333360440494666 ], [ 23.402179416717104, 45.33483223756388 ] ], [ [ 23.402179416717104, 45.33483223756388 ], [ 23.405188821763289, 45.331272859352602 ] ], [ [ 23.405188821763289, 45.331272859352602 ], [ 23.405830134036467, 45.322678528463655 ] ], [ [ 23.400362538960835, 45.315909687058024 ], [ 23.405830134036467, 45.322678528463655 ] ], [ [ 23.400362538960835, 45.315909687058024 ], [ 23.413787461952399, 45.311038897575131 ] ], [ [ 23.413787461952399, 45.311038897575131 ], [ 23.420019570895207, 45.30715930555445 ] ], [ [ 23.420019570895207, 45.30715930555445 ], [ 23.43717052584493, 45.30377207986799 ] ], [ [ 23.43717052584493, 45.30377207986799 ], [ 23.43971051707619, 45.298315536144031 ] ], [ [ 23.43971051707619, 45.298315536144031 ], [ 23.452471511475927, 45.298451165625039 ] ], [ [ 23.452471511475927, 45.298451165625039 ], [ 23.460081625345492, 45.30161318491222 ] ], [ [ 23.460081625345492, 45.30161318491222 ], [ 23.472411780508658, 45.302884774641988 ] ], [ [ 23.472411780508658, 45.302884774641988 ], [ 23.477763107385908, 45.307036469003627 ] ], [ [ 23.477763107385908, 45.307036469003627 ], [ 23.480107218245504, 45.312178043499912 ] ], [ [ 23.480107218245504, 45.312178043499912 ], [ 23.489872170516762, 45.315117866041483 ] ], [ [ 23.489872170516762, 45.315117866041483 ], [ 23.49526413258361, 45.319350434436892 ] ], [ [ 23.49526413258361, 45.319350434436892 ], [ 23.501977269454642, 45.321320517821917 ] ], [ [ 23.501977269454642, 45.321320517821917 ], [ 23.513032649741692, 45.32708214383311 ] ], [ [ 23.513032649741692, 45.32708214383311 ], [ 23.529343472042623, 45.328864522482256 ] ], [ [ 23.529343472042623, 45.328864522482256 ], [ 23.537312983409802, 45.332336830744651 ] ], [ [ 23.537312983409802, 45.332336830744651 ], [ 23.53915106513049, 45.340107816508443 ] ], [ [ 23.53915106513049, 45.340107816508443 ], [ 23.551225707526974, 45.339086962022598 ] ], [ [ 23.551225707526974, 45.339086962022598 ], [ 23.562639201085801, 45.343502474232288 ] ], [ [ 23.562639201085801, 45.343502474232288 ], [ 23.567022634761628, 45.349987733056729 ] ], [ [ 23.567022634761628, 45.349987733056729 ], [ 23.580568334497254, 45.352346403607207 ] ], [ [ 23.580568334497254, 45.352346403607207 ], [ 23.590647553736513, 45.353076405664936 ] ], [ [ 23.585863795411569, 45.357104088509899 ], [ 23.590647553736513, 45.353076405664936 ] ], [ [ 23.585306136074184, 45.369331795887028 ], [ 23.585863795411569, 45.357104088509899 ] ], [ [ 23.585306136074184, 45.369331795887028 ], [ 23.589844801128212, 45.373568940576341 ] ], [ [ 23.589844801128212, 45.373568940576341 ], [ 23.600342558057054, 45.376938146666269 ] ], [ [ 23.600342558057054, 45.376938146666269 ], [ 23.601677058555538, 45.38243770121796 ] ], [ [ 23.600386850992123, 45.387906511371732 ], [ 23.601677058555538, 45.38243770121796 ] ], [ [ 23.596140039856977, 45.392311850598773 ], [ 23.600386850992123, 45.387906511371732 ] ], [ [ 23.591193415783945, 45.401028581707557 ], [ 23.596140039856977, 45.392311850598773 ] ], [ [ 23.590094732361493, 45.412433213732555 ], [ 23.591193415783945, 45.401028581707557 ] ], [ [ 23.590094732361493, 45.412433213732555 ], [ 23.594099384467704, 45.415285548877186 ] ], [ [ 23.591696327931597, 45.421586748592681 ], [ 23.594099384467704, 45.415285548877186 ] ], [ [ 23.585859257720671, 45.421473516119939 ], [ 23.591696327931597, 45.421586748592681 ] ], [ [ 23.576122472857492, 45.424433186223204 ], [ 23.585859257720671, 45.421473516119939 ] ], [ [ 23.576122472857492, 45.424433186223204 ], [ 23.576446331678724, 45.428600574829758 ] ], [ [ 23.576446331678724, 45.428600574829758 ], [ 23.584697894864576, 45.434244173151626 ] ], [ [ 23.584697894864576, 45.434244173151626 ], [ 23.587581448328635, 45.444480477024833 ] ], [ [ 23.587581448328635, 45.444480477024833 ], [ 23.595985372710658, 45.454536756223824 ] ], [ [ 23.593593977745382, 45.461827065637195 ], [ 23.595985372710658, 45.454536756223824 ] ], [ [ 23.593593977745382, 45.461827065637195 ], [ 23.597260000051865, 45.467835384957532 ] ], [ [ 23.597260000051865, 45.467835384957532 ], [ 23.597277744472922, 45.47347619285302 ] ] ] } },
{ "type": "Feature", "properties": { "id": 14, "leftRegion": "Centru", "leftId": 877, "rightRegion": "Sud-Vest", "rightId": 840, "version": "2025/03/26" }, "geometry": { "type": "MultiLineString", "coordinates": [ [ [ 23.597277744472922, 45.47347619285302 ], [ 23.605021795353547, 45.467896557144243 ] ], [ [ 23.605021795353547, 45.467896557144243 ], [ 23.609529517908172, 45.468443522202307 ] ], [ [ 23.609529517908172, 45.468443522202307 ], [ 23.617226930711567, 45.465825458278985 ] ], [ [ 23.617226930711567, 45.465825458278985 ], [ 23.625576875280128, 45.468607265316244 ] ], [ [ 23.625576875280128, 45.468607265316244 ], [ 23.631146633446985, 45.465563743243912 ] ], [ [ 23.629773801357167, 45.458629448725134 ], [ 23.631146633446985, 45.465563743243912 ] ], [ [ 23.629773801357167, 45.458629448725134 ], [ 23.640287220390434, 45.455441298442693 ] ], [ [ 23.640287220390434, 45.455441298442693 ], [ 23.647353003717345, 45.460002553568671 ] ], [ [ 23.647353003717345, 45.460002553568671 ], [ 23.653708595480531, 45.457309035376305 ] ], [ [ 23.653708595480531, 45.457309035376305 ], [ 23.659220892372371, 45.461357037008689 ] ], [ [ 23.659220892372371, 45.461357037008689 ], [ 23.678913833108282, 45.464821351683788 ] ], [ [ 23.678913833108282, 45.464821351683788 ], [ 23.67940346224141, 45.469995307931356 ] ], [ [ 23.67940346224141, 45.469995307931356 ], [ 23.689224079155782, 45.478043781123297 ] ], [ [ 23.689224079155782, 45.478043781123297 ], [ 23.689216748145515, 45.483300289882358 ] ], [ [ 23.689216748145515, 45.483300289882358 ], [ 23.697811405970217, 45.487910013367603 ] ], [ [ 23.697811405970217, 45.487910013367603 ], [ 23.703620822713752, 45.496776736239063 ] ], [ [ 23.703620822713752, 45.496776736239063 ], [ 23.721361458688175, 45.502395270099719 ] ], [ [ 23.721361458688175, 45.502395270099719 ], [ 23.725639921924397, 45.501235825368063 ] ], [ [ 23.725639921924397, 45.501235825368063 ], [ 23.741449978060633, 45.501195705212112 ] ], [ [ 23.741449978060633, 45.501195705212112 ], [ 23.746435992812149, 45.505597323960991 ] ], [ [ 23.746435992812149, 45.505597323960991 ], [ 23.759656444757578, 45.508320015245701 ] ], [ [ 23.759656444757578, 45.508320015245701 ], [ 23.76501259015599, 45.511064222309805 ] ], [ [ 23.76501259015599, 45.511064222309805 ], [ 23.771168154841742, 45.510700148005746 ] ], [ [ 23.771168154841742, 45.510700148005746 ], [ 23.790874900064551, 45.528080190977086 ] ], [ [ 23.790874900064551, 45.528080190977086 ], [ 23.794815732791964, 45.530161167461735 ] ], [ [ 23.794815732791964, 45.530161167461735 ], [ 23.805148198966556, 45.531974786741138 ] ], [ [ 23.805148198966556, 45.531974786741138 ], [ 23.810742022350716, 45.529955368588482 ] ], [ [ 23.810742022350716, 45.529955368588482 ], [ 23.819786760208057, 45.529346300155858 ] ], [ [ 23.819786760208057, 45.529346300155858 ], [ 23.828513015626395, 45.531173292727267 ] ], [ [ 23.828513015626395, 45.531173292727267 ], [ 23.857848762668787, 45.535022632771714 ] ], [ [ 23.857848762668787, 45.535022632771714 ], [ 23.867239535460545, 45.525646666434618 ] ], [ [ 23.867239535460545, 45.525646666434618 ], [ 23.875506392939055, 45.522892142230695 ] ], [ [ 23.875506392939055, 45.522892142230695 ], [ 23.880904949889779, 45.526949866213819 ] ], [ [ 23.880904949889779, 45.526949866213819 ], [ 23.904606072025111, 45.52886410967551 ] ], [ [ 23.904606072025111, 45.52886410967551 ], [ 23.914438720314362, 45.531885802731558 ] ], [ [ 23.914438720314362, 45.531885802731558 ], [ 23.922279839896504, 45.535979581377987 ] ], [ [ 23.922279839896504, 45.535979581377987 ], [ 23.932536044173027, 45.535467250634461 ] ], [ [ 23.932536044173027, 45.535467250634461 ], [ 23.950421566270645, 45.531573413654613 ] ], [ [ 23.950421566270645, 45.531573413654613 ], [ 23.966536283436042, 45.530332885750965 ] ], [ [ 23.966536283436042, 45.530332885750965 ], [ 23.974784267416073, 45.533749656674345 ] ], [ [ 23.974784267416073, 45.533749656674345 ], [ 23.981171143714789, 45.532755037311524 ] ], [ [ 23.981171143714789, 45.532755037311524 ], [ 23.993476690470125, 45.531734717751888 ] ], [ [ 23.993476690470125, 45.531734717751888 ], [ 24.000970934202439, 45.526638227683584 ] ], [ [ 24.000970934202439, 45.526638227683584 ], [ 24.011442703111104, 45.531920248313256 ] ], [ [ 24.011442703111104, 45.531920248313256 ], [ 24.024393649171206, 45.528672560473474 ] ], [ [ 24.024393649171206, 45.528672560473474 ], [ 24.036454585893519, 45.522768713189059 ] ], [ [ 24.036454585893519, 45.522768713189059 ], [ 24.0425867167592, 45.522184825762395 ] ], [ [ 24.0425867167592, 45.522184825762395 ], [ 24.059523273044071, 45.518903449644171 ] ], [ [ 24.059523273044071, 45.518903449644171 ], [ 24.061819367365185, 45.517396985096454 ] ], [ [ 24.061819367365185, 45.517396985096454 ], [ 24.069770092577329, 45.515086141044257 ] ], [ [ 24.069770092577329, 45.515086141044257 ], [ 24.08477405106229, 45.512495020163648 ] ], [ [ 24.08477405106229, 45.512495020163648 ], [ 24.094470639413352, 45.513423409610809 ] ], [ [ 24.094470639413352, 45.513423409610809 ], [ 24.102740221076434, 45.511217912498381 ] ], [ [ 24.102740221076434, 45.511217912498381 ], [ 24.114032425710416, 45.512413241107957 ] ], [ [ 24.114032425710416, 45.512413241107957 ], [ 24.119029941821733, 45.508812565084263 ] ], [ [ 24.119029941821733, 45.508812565084263 ], [ 24.119289310213269, 45.511931896507924 ] ], [ [ 24.119289310213269, 45.511931896507924 ], [ 24.13633224088225, 45.515063864567651 ] ], [ [ 24.13633224088225, 45.515063864567651 ], [ 24.147700861334801, 45.512547848785019 ] ], [ [ 24.147700861334801, 45.512547848785019 ], [ 24.152580572845697, 45.516552799699689 ] ], [ [ 24.152580572845697, 45.516552799699689 ], [ 24.160432435644935, 45.513804331782502 ] ], [ [ 24.160432435644935, 45.513804331782502 ], [ 24.172216903373201, 45.51440721194529 ] ], [ [ 24.172216903373201, 45.51440721194529 ], [ 24.179800888666577, 45.520729284019232 ] ], [ [ 24.179800888666577, 45.520729284019232 ], [ 24.198620573082671, 45.523810243897607 ] ], [ [ 24.198620573082671, 45.523810243897607 ], [ 24.204138045604452, 45.523410689547291 ] ], [ [ 24.204138045604452, 45.523410689547291 ], [ 24.213670604303879, 45.528613270206407 ] ], [ [ 24.213250503848712, 45.531877475504047 ], [ 24.213670604303879, 45.528613270206407 ] ], [ [ 24.213250503848712, 45.531877475504047 ], [ 24.223887961896821, 45.540045776557839 ] ], [ [ 24.223887961896821, 45.540045776557839 ], [ 24.228388144011305, 45.547285940590605 ] ], [ [ 24.228388144011305, 45.547285940590605 ], [ 24.241304490392086, 45.543368802321076 ] ], [ [ 24.241304490392086, 45.543368802321076 ], [ 24.25745889261859, 45.543210967428799 ] ], [ [ 24.25745889261859, 45.543210967428799 ], [ 24.266816023153098, 45.549375025963855 ] ], [ [ 24.266172975376843, 45.555797272412107 ], [ 24.266816023153098, 45.549375025963855 ] ], [ [ 24.266172975376843, 45.555797272412107 ], [ 24.276837910575928, 45.555258318720554 ] ], [ [ 24.276837910575928, 45.555258318720554 ], [ 24.284157261040914, 45.561258113214087 ] ], [ [ 24.284157261040914, 45.561258113214087 ], [ 24.29924317592813, 45.563613381288498 ] ], [ [ 24.29924317592813, 45.563613381288498 ], [ 24.308307320012592, 45.566684465753134 ] ], [ [ 24.308307320012592, 45.566684465753134 ], [ 24.324331678119393, 45.576441573593151 ] ], [ [ 24.324331678119393, 45.576441573593151 ], [ 24.332448577317457, 45.576979145458019 ] ], [ [ 24.332448577317457, 45.576979145458019 ], [ 24.335789073647899, 45.572523588889283 ] ], [ [ 24.335789073647899, 45.572523588889283 ], [ 24.34357262272853, 45.576412165677596 ] ], [ [ 24.34357262272853, 45.576412165677596 ], [ 24.348540857728075, 45.574784857830785 ] ], [ [ 24.348540857728075, 45.574784857830785 ], [ 24.358174735403505, 45.576334536196903 ] ], [ [ 24.358174735403505, 45.576334536196903 ], [ 24.373024593444907, 45.582249559275112 ] ], [ [ 24.373024593444907, 45.582249559275112 ], [ 24.379886561102737, 45.581992326682659 ] ], [ [ 24.379886561102737, 45.581992326682659 ], [ 24.38721932465215, 45.583883746967587 ] ], [ [ 24.38721932465215, 45.583883746967587 ], [ 24.392825949626218, 45.582070460846019 ] ], [ [ 24.392825949626218, 45.582070460846019 ], [ 24.411167691900783, 45.584035073581354 ] ], [ [ 24.411167691900783, 45.584035073581354 ], [ 24.421266707651121, 45.581913728674756 ] ], [ [ 24.421266707651121, 45.581913728674756 ], [ 24.433881883363192, 45.582497087650871 ] ], [ [ 24.433881883363192, 45.582497087650871 ], [ 24.437315982928077, 45.587771802688721 ] ], [ [ 24.437315982928077, 45.587771802688721 ], [ 24.446116377000592, 45.590848028375866 ] ], [ [ 24.446116377000592, 45.590848028375866 ], [ 24.458021818873952, 45.582226361373479 ] ], [ [ 24.458021818873952, 45.582226361373479 ], [ 24.468596667091475, 45.58102069048789 ] ], [ [ 24.468596667091475, 45.58102069048789 ], [ 24.474833471105107, 45.582778650187308 ] ], [ [ 24.474833471105107, 45.582778650187308 ], [ 24.481446799054126, 45.572516090514718 ] ], [ [ 24.481446799054126, 45.572516090514718 ], [ 24.484661591603988, 45.573354118105279 ] ], [ [ 24.484661591603988, 45.573354118105279 ], [ 24.502114742269402, 45.581611444663025 ] ], [ [ 24.502114742269402, 45.581611444663025 ], [ 24.505840240510778, 45.585312416277795 ] ], [ [ 24.505840240510778, 45.585312416277795 ], [ 24.513296727546503, 45.58671895012359 ] ], [ [ 24.513296727546503, 45.58671895012359 ], [ 24.523144192431953, 45.580569529625095 ] ] ] } },
{ "type": "Feature", "properties": { "id": 15, "leftRegion": "Vest", "leftId": 859, "rightRegion": null, "rightId": null, "version": "2025/03/26" }, "geometry": { "type": "MultiLineString", "coordinates": [ [ [ 21.689045654384785, 44.665265921231992 ], [ 21.696512348960646, 44.663708042325354 ] ], [ [ 21.675717756657175, 44.664959543812536 ], [ 21.689045654384785, 44.665265921231992 ] ], [ [ 21.652544893373157, 44.660362767519651 ], [ 21.675717756657175, 44.664959543812536 ] ], [ [ 21.641152075411036, 44.6593046607194 ], [ 21.652544893373157, 44.660362767519651 ] ], [ [ 21.632663185216447, 44.661287391625955 ], [ 21.641152075411036, 44.6593046607194 ] ], [ [ 21.620088561369485, 44.668928489122813 ], [ 21.632663185216447, 44.661287391625955 ] ], [ [ 21.611609695817044, 44.686276275090812 ], [ 21.620088561369485, 44.668928489122813 ] ], [ [ 21.611609695817044, 44.686276275090812 ], [ 21.610885578022447, 44.699684475389994 ] ], [ [ 21.610885578022447, 44.699684475389994 ], [ 21.615332449673044, 44.713355140780628 ] ], [ [ 21.609145251677596, 44.731588195937988 ], [ 21.615332449673044, 44.713355140780628 ] ], [ [ 21.605159164134079, 44.738085402369677 ], [ 21.609145251677596, 44.731588195937988 ] ], [ [ 21.591514502521299, 44.755555628695191 ], [ 21.605159164134079, 44.738085402369677 ] ], [ [ 21.587756648593356, 44.75839601238787 ], [ 21.591514502521299, 44.755555628695191 ] ], [ [ 21.564289695569645, 44.766987483763948 ], [ 21.587756648593356, 44.75839601238787 ] ], [ [ 21.540146017131406, 44.772141999310506 ], [ 21.564289695569645, 44.766987483763948 ] ], [ [ 21.531027403847734, 44.772955649654143 ], [ 21.540146017131406, 44.772141999310506 ] ], [ [ 21.504250158300302, 44.77114930972305 ], [ 21.531027403847734, 44.772955649654143 ] ], [ [ 21.459840676595849, 44.776934338852868 ], [ 21.504250158300302, 44.77114930972305 ] ], [ [ 21.446249606909952, 44.775212959975711 ], [ 21.459840676595849, 44.776934338852868 ] ], [ [ 21.435314620749828, 44.775400289487251 ], [ 21.446249606909952, 44.775212959975711 ] ], [ [ 21.424771084084075, 44.773365309202362 ], [ 21.435314620749828, 44.775400289487251 ] ], [ [ 21.414803868462251, 44.774090133785478 ], [ 21.424771084084075, 44.773365309202362 ] ], [ [ 21.399154428343099, 44.777966635134668 ], [ 21.414803868462251, 44.774090133785478 ] ], [ [ 21.392222268480616, 44.782911404428809 ], [ 21.399154428343099, 44.777966635134668 ] ], [ [ 21.389486437042788, 44.788635681264587 ], [ 21.392222268480616, 44.782911404428809 ] ], [ [ 21.38515547079702, 44.80507961606844 ], [ 21.389486437042788, 44.788635681264587 ] ], [ [ 21.37647126418161, 44.815272990147655 ], [ 21.38515547079702, 44.80507961606844 ] ], [ [ 21.365465151544129, 44.819967392576523 ], [ 21.37647126418161, 44.815272990147655 ] ], [ [ 21.358262583100323, 44.82170135184127 ], [ 21.365465151544129, 44.819967392576523 ] ], [ [ 21.356403720882657, 44.827138284842917 ], [ 21.358262583100323, 44.82170135184127 ] ], [ [ 21.356403720882657, 44.827138284842917 ], [ 21.364223482965709, 44.82921848881346 ] ], [ [ 21.354050604350114, 44.838277641498834 ], [ 21.364223482965709, 44.82921848881346 ] ], [ [ 21.354050604350114, 44.838277641498834 ], [ 21.358294935952063, 44.843824549233567 ] ], [ [ 21.357720755089126, 44.849883094771123 ], [ 21.358294935952063, 44.843824549233567 ] ], [ [ 21.357720755089126, 44.849883094771123 ], [ 21.366923970432616, 44.864565958416655 ] ], [ [ 21.366923970432616, 44.864565958416655 ], [ 21.371015890869586, 44.86665624001234 ] ], [ [ 21.371015890869586, 44.86665624001234 ], [ 21.383340994218628, 44.865329762148775 ] ], [ [ 21.383340994218628, 44.865329762148775 ], [ 21.387744072168047, 44.869750677242287 ] ], [ [ 21.387744072168047, 44.869750677242287 ], [ 21.396559832058863, 44.866636285844507 ] ], [ [ 21.396559832058863, 44.866636285844507 ], [ 21.406708016077978, 44.866652069628032 ] ], [ [ 21.406708016077978, 44.866652069628032 ], [ 21.41583278363531, 44.872647777023033 ] ], [ [ 21.41583278363531, 44.872647777023033 ], [ 21.426844613336606, 44.871258135370311 ] ], [ [ 21.426844613336606, 44.871258135370311 ], [ 21.431468606389281, 44.868293672717719 ] ], [ [ 21.431468606389281, 44.868293672717719 ], [ 21.43561594327786, 44.870995895277979 ] ], [ [ 21.43561594327786, 44.870995895277979 ], [ 21.441135933567665, 44.869616984639848 ] ], [ [ 21.441135933567665, 44.869616984639848 ], [ 21.44518160748575, 44.873471359539806 ] ], [ [ 21.44518160748575, 44.873471359539806 ], [ 21.454452870147108, 44.873516740593764 ] ], [ [ 21.454452870147108, 44.873516740593764 ], [ 21.464033543564831, 44.867418715012462 ] ], [ [ 21.464033543564831, 44.867418715012462 ], [ 21.467570383461492, 44.870192023557657 ] ], [ [ 21.467570383461492, 44.870192023557657 ], [ 21.479551397506061, 44.870910628414002 ] ], [ [ 21.479551397506061, 44.870910628414002 ], [ 21.484914558987182, 44.868394667667694 ] ], [ [ 21.484914558987182, 44.868394667667694 ], [ 21.488503148860968, 44.871610126625093 ] ], [ [ 21.488503148860968, 44.871610126625093 ], [ 21.493411801846438, 44.871296889596131 ] ], [ [ 21.493411801846438, 44.871296889596131 ], [ 21.506804577880033, 44.876230208283182 ] ], [ [ 21.506804577880033, 44.876230208283182 ], [ 21.510765597695929, 44.880041990201541 ] ], [ [ 21.510765597695929, 44.880041990201541 ], [ 21.532654850072753, 44.882491996507333 ] ], [ [ 21.532654850072753, 44.882491996507333 ], [ 21.560126543589845, 44.889004238567892 ] ], [ [ 21.557405875405131, 44.904761946180955 ], [ 21.560126543589845, 44.889004238567892 ] ], [ [ 21.557405875405131, 44.904761946180955 ], [ 21.558178962721364, 44.906624316384253 ] ], [ [ 21.55079874540991, 44.915775840665404 ], [ 21.558178962721364, 44.906624316384253 ] ], [ [ 21.55079874540991, 44.915775840665404 ], [ 21.552698570049969, 44.923884235884032 ] ], [ [ 21.546681272174322, 44.930524764391009 ], [ 21.552698570049969, 44.923884235884032 ] ], [ [ 21.525509149991731, 44.939524445928598 ], [ 21.546681272174322, 44.930524764391009 ] ], [ [ 21.519744153784476, 44.937983390208409 ], [ 21.525509149991731, 44.939524445928598 ] ], [ [ 21.506584736729788, 44.944297005965367 ], [ 21.519744153784476, 44.937983390208409 ] ], [ [ 21.489666587694721, 44.949477451989658 ], [ 21.506584736729788, 44.944297005965367 ] ], [ [ 21.469255232706825, 44.958458889004014 ], [ 21.489666587694721, 44.949477451989658 ] ], [ [ 21.445506370518277, 44.962199908318006 ], [ 21.469255232706825, 44.958458889004014 ] ], [ [ 21.438174637727641, 44.96055884962859 ], [ 21.445506370518277, 44.962199908318006 ] ], [ [ 21.406757245926855, 44.978513876072149 ], [ 21.438174637727641, 44.96055884962859 ] ], [ [ 21.406757245926855, 44.978513876072149 ], [ 21.414746919373723, 44.986786850730773 ] ], [ [ 21.405061886587177, 44.989803650965548 ], [ 21.414746919373723, 44.986786850730773 ] ], [ [ 21.405061886587177, 44.989803650965548 ], [ 21.406613780598533, 44.992444650052704 ] ], [ [ 21.388438923239054, 44.998057367320705 ], [ 21.406613780598533, 44.992444650052704 ] ], [ [ 21.382973237729438, 45.001832957684869 ], [ 21.388438923239054, 44.998057367320705 ] ], [ [ 21.360240829518933, 45.020377386780872 ], [ 21.382973237729438, 45.001832957684869 ] ], [ [ 21.360240829518933, 45.020377386780872 ], [ 21.374019695631869, 45.028051337947822 ] ], [ [ 21.374019695631869, 45.028051337947822 ], [ 21.390941412512468, 45.026956929652371 ] ], [ [ 21.390941412512468, 45.026956929652371 ], [ 21.40005552068861, 45.030201545007486 ] ], [ [ 21.40005552068861, 45.030201545007486 ], [ 21.405002188008417, 45.034723528601873 ] ], [ [ 21.405002188008417, 45.034723528601873 ], [ 21.412271523354772, 45.036334631706715 ] ], [ [ 21.412271523354772, 45.036334631706715 ], [ 21.426311701899486, 45.035389060080263 ] ], [ [ 21.426311701899486, 45.035389060080263 ], [ 21.456120042412142, 45.040431702313384 ] ], [ [ 21.450190434502797, 45.052099370650225 ], [ 21.456120042412142, 45.040431702313384 ] ], [ [ 21.447164261069844, 45.054787843865512 ], [ 21.450190434502797, 45.052099370650225 ] ], [ [ 21.447164261069844, 45.054787843865512 ], [ 21.450678254012665, 45.061104687827367 ] ], [ [ 21.450678254012665, 45.061104687827367 ], [ 21.455181691655685, 45.063119814921137 ] ], [ [ 21.455181691655685, 45.063119814921137 ], [ 21.460163392112733, 45.072401675340537 ] ], [ [ 21.460163392112733, 45.072401675340537 ], [ 21.47332007443762, 45.083119176800956 ] ], [ [ 21.47332007443762, 45.083119176800956 ], [ 21.47474834877525, 45.086199208223626 ] ], [ [ 21.47474834877525, 45.086199208223626 ], [ 21.483284383502451, 45.09130226062296 ] ], [ [ 21.481049103918121, 45.095427842344925 ], [ 21.483284383502451, 45.09130226062296 ] ], [ [ 21.475355640251248, 45.098771090658609 ], [ 21.481049103918121, 45.095427842344925 ] ], [ [ 21.469753358699339, 45.104678018825282 ], [ 21.475355640251248, 45.098771090658609 ] ], [ [ 21.469753358699339, 45.104678018825282 ], [ 21.474639875592583, 45.111719671396131 ] ], [ [ 21.474639875592583, 45.111719671396131 ], [ 21.478416392101849, 45.121248339887238 ] ], [ [ 21.478416392101849, 45.121248339887238 ], [ 21.48756349552626, 45.1254429789727 ] ], [ [ 21.48756349552626, 45.1254429789727 ], [ 21.495720613065945, 45.124551488160712 ] ], [ [ 21.495720613065945, 45.124551488160712 ], [ 21.503177664633302, 45.128131748047906 ] ], [ [ 21.503177664633302, 45.128131748047906 ], [ 21.527477406935652, 45.137924927235638 ] ], [ [ 21.527477406935652, 45.137924927235638 ], [ 21.528904689868337, 45.147368082815149 ] ], [ [ 21.527317223663612, 45.150996229244605 ], [ 21.528904689868337, 45.147368082815149 ] ], [ [ 21.523559024497629, 45.159355984970283 ], [ 21.527317223663612, 45.150996229244605 ] ], [ [ 21.516428928937913, 45.168859297705623 ], [ 21.523559024497629, 45.159355984970283 ] ], [ [ 21.493022904049695, 45.173576369268197 ], [ 21.516428928937913, 45.168859297705623 ] ], [ [ 21.483394103780473, 45.1913559975022 ], [ 21.493022904049695, 45.173576369268197 ] ], [ [ 21.479213683154832, 45.193077531055366 ], [ 21.483394103780473, 45.1913559975022 ] ], [ [ 21.457779862394428, 45.198658090448802 ], [ 21.479213683154832, 45.193077531055366 ] ], [ [ 21.438798168844077, 45.202803494925817 ], [ 21.457779862394428, 45.198658090448802 ] ], [ [ 21.430530942510586, 45.213263715960814 ], [ 21.438798168844077, 45.202803494925817 ] ], [ [ 21.411548380366696, 45.221542787478413 ], [ 21.430530942510586, 45.213263715960814 ] ], [ [ 21.410896741916471, 45.224819309144841 ], [ 21.411548380366696, 45.221542787478413 ] ], [ [ 21.403077765462474, 45.229186040222473 ], [ 21.410896741916471, 45.224819309144841 ] ], [ [ 21.395359552677167, 45.218786115928054 ], [ 21.403077765462474, 45.229186040222473 ] ], [ [ 21.369732588372859, 45.22605465469826 ], [ 21.395359552677167, 45.218786115928054 ] ], [ [ 21.360122303005937, 45.222073596392512 ], [ 21.369732588372859, 45.22605465469826 ] ], [ [ 21.343839992836475, 45.231814841590278 ], [ 21.360122303005937, 45.222073596392512 ] ], [ [ 21.33943802592584, 45.235837917281195 ], [ 21.343839992836475, 45.231814841590278 ] ], [ [ 21.332611257285631, 45.234542611996318 ], [ 21.33943802592584, 45.235837917281195 ] ], [ [ 21.320153003631443, 45.237336063937597 ], [ 21.332611257285631, 45.234542611996318 ] ], [ [ 21.30527418801082, 45.239168128356106 ], [ 21.320153003631443, 45.237336063937597 ] ], [ [ 21.292329394477701, 45.242270129812624 ], [ 21.30527418801082, 45.239168128356106 ] ], [ [ 21.275202641210331, 45.229444853321176 ], [ 21.292329394477701, 45.242270129812624 ] ], [ [ 21.257072511592284, 45.239414628354744 ], [ 21.275202641210331, 45.229444853321176 ] ], [ [ 21.255672216427151, 45.241365566535251 ], [ 21.257072511592284, 45.239414628354744 ] ], [ [ 21.223411193648296, 45.25298236471275 ], [ 21.255672216427151, 45.241365566535251 ] ], [ [ 21.218579627940212, 45.250548548581726 ], [ 21.223411193648296, 45.25298236471275 ] ], [ [ 21.20249709749941, 45.265193230444972 ], [ 21.218579627940212, 45.250548548581726 ] ], [ [ 21.20249709749941, 45.265193230444972 ], [ 21.208551679949704, 45.275083473149493 ] ], [ [ 21.196631991774364, 45.282057843970875 ], [ 21.208551679949704, 45.275083473149493 ] ], [ [ 21.191096923154017, 45.287207330401749 ], [ 21.196631991774364, 45.282057843970875 ] ], [ [ 21.1894438496719, 45.293855323610387 ], [ 21.191096923154017, 45.287207330401749 ] ], [ [ 21.179667944824303, 45.31243170264122 ], [ 21.1894438496719, 45.293855323610387 ] ], [ [ 21.179667944824303, 45.31243170264122 ], [ 21.183356340898584, 45.316303615954318 ] ], [ [ 21.183356340898584, 45.316303615954318 ], [ 21.183315896129397, 45.320944129705509 ] ], [ [ 21.175302576094285, 45.325251211894042 ], [ 21.183315896129397, 45.320944129705509 ] ], [ [ 21.165952884524319, 45.319677366633137 ], [ 21.175302576094285, 45.325251211894042 ] ], [ [ 21.161619837304563, 45.325135788384387 ], [ 21.165952884524319, 45.319677366633137 ] ], [ [ 21.149568124319948, 45.315907701597958 ], [ 21.161619837304563, 45.325135788384387 ] ], [ [ 21.149568124319948, 45.315907701597958 ], [ 21.154189651498324, 45.312379400694418 ] ], [ [ 21.144507634829711, 45.304794202949047 ], [ 21.154189651498324, 45.312379400694418 ] ], [ [ 21.127973734007291, 45.304650678734447 ], [ 21.144507634829711, 45.304794202949047 ] ], [ [ 21.119642599726077, 45.302090738657689 ], [ 21.127973734007291, 45.304650678734447 ] ], [ [ 21.109709520903536, 45.300716420213483 ], [ 21.119642599726077, 45.302090738657689 ] ], [ [ 21.09659437491263, 45.295861036766688 ], [ 21.109709520903536, 45.300716420213483 ] ], [ [ 21.080993094746088, 45.317795118441673 ], [ 21.09659437491263, 45.295861036766688 ] ], [ [ 21.071105819916287, 45.315160093492445 ], [ 21.080993094746088, 45.317795118441673 ] ], [ [ 21.061200469613222, 45.315880891454505 ], [ 21.071105819916287, 45.315160093492445 ] ], [ [ 21.061200469613222, 45.315880891454505 ], [ 21.063447072293069, 45.331937169687933 ] ], [ [ 21.029684745003106, 45.326047581531107 ], [ 21.063447072293069, 45.331937169687933 ] ], [ [ 21.020647717225351, 45.325040283182254 ], [ 21.029684745003106, 45.326047581531107 ] ], [ [ 21.016540747241702, 45.324611955003554 ], [ 21.020647717225351, 45.325040283182254 ] ], [ [ 21.009892545865281, 45.341272786529814 ], [ 21.016540747241702, 45.324611955003554 ] ], [ [ 20.999574950258232, 45.341631079757455 ], [ 21.009892545865281, 45.341272786529814 ] ], [ [ 20.987381269596661, 45.350263319504741 ], [ 20.999574950258232, 45.341631079757455 ] ], [ [ 20.981662737415583, 45.357265878956781 ], [ 20.987381269596661, 45.350263319504741 ] ], [ [ 20.969263867226825, 45.363938392274292 ], [ 20.981662737415583, 45.357265878956781 ] ], [ [ 20.960319555982259, 45.366766799805063 ], [ 20.969263867226825, 45.363938392274292 ] ], [ [ 20.95084474767939, 45.374813431419263 ], [ 20.960319555982259, 45.366766799805063 ] ], [ [ 20.948335014764371, 45.385579965929288 ], [ 20.95084474767939, 45.374813431419263 ] ], [ [ 20.93122992493295, 45.386768032952794 ], [ 20.948335014764371, 45.385579965929288 ] ], [ [ 20.930059991226155, 45.392311500984455 ], [ 20.93122992493295, 45.386768032952794 ] ], [ [ 20.930059991226155, 45.392311500984455 ], [ 20.935517477561838, 45.392721545822944 ] ], [ [ 20.931399494385801, 45.402026557489265 ], [ 20.935517477561838, 45.392721545822944 ] ], [ [ 20.923968065434714, 45.407239653854425 ], [ 20.931399494385801, 45.402026557489265 ] ], [ [ 20.920267328058067, 45.417215422359014 ], [ 20.923968065434714, 45.407239653854425 ] ], [ [ 20.900497385951741, 45.416869466374663 ], [ 20.920267328058067, 45.417215422359014 ] ], [ [ 20.875136185001253, 45.425909890624801 ], [ 20.900497385951741, 45.416869466374663 ] ], [ [ 20.864700991503579, 45.431765603922706 ], [ 20.875136185001253, 45.425909890624801 ] ], [ [ 20.864700991503579, 45.431765603922706 ], [ 20.865773495720948, 45.435243256910844 ] ], [ [ 20.865773495720948, 45.435243256910844 ], [ 20.87537001013014, 45.439079122156478 ] ], [ [ 20.87417817316809, 45.4463445629601 ], [ 20.87537001013014, 45.439079122156478 ] ], [ [ 20.87417817316809, 45.4463445629601 ], [ 20.881067783109668, 45.446165102345347 ] ], [ [ 20.877557367943229, 45.450168921524458 ], [ 20.881067783109668, 45.446165102345347 ] ], [ [ 20.877557367943229, 45.450168921524458 ], [ 20.878827157846111, 45.453936383185116 ] ], [ [ 20.87044253397637, 45.4558310369708 ], [ 20.878827157846111, 45.453936383185116 ] ], [ [ 20.87044253397637, 45.4558310369708 ], [ 20.871197951198631, 45.459907220091182 ] ], [ [ 20.86612655549402, 45.465241901513934 ], [ 20.871197951198631, 45.459907220091182 ] ], [ [ 20.859791417223914, 45.466372090742361 ], [ 20.86612655549402, 45.465241901513934 ] ], [ [ 20.832975259103826, 45.479955970132444 ], [ 20.859791417223914, 45.466372090742361 ] ], [ [ 20.77107991053953, 45.479910446220529 ], [ 20.832975259103826, 45.479955970132444 ] ], [ [ 20.77107991053953, 45.479910446220529 ], [ 20.771103552967976, 45.488074193160386 ] ], [ [ 20.771103552967976, 45.488074193160386 ], [ 20.777006960873084, 45.490471426446128 ] ], [ [ 20.768755982886624, 45.500102790035591 ], [ 20.777006960873084, 45.490471426446128 ] ], [ [ 20.768755982886624, 45.500102790035591 ], [ 20.804301722396893, 45.51467306934844 ] ], [ [ 20.804301722396893, 45.51467306934844 ], [ 20.807092552501683, 45.515794227341061 ] ], [ [ 20.807092552501683, 45.515794227341061 ], [ 20.828109052065496, 45.533974868589368 ] ], [ [ 20.828109052065496, 45.533974868589368 ], [ 20.832749055143701, 45.535843662508086 ] ], [ [ 20.819545309687893, 45.550369601941334 ], [ 20.832749055143701, 45.535843662508086 ] ], [ [ 20.819545309687893, 45.550369601941334 ], [ 20.823196667243757, 45.551862811675093 ] ], [ [ 20.811276761594648, 45.565820859283789 ], [ 20.823196667243757, 45.551862811675093 ] ], [ [ 20.811276761594648, 45.565820859283789 ], [ 20.813448067967272, 45.568043197779971 ] ], [ [ 20.795436254210578, 45.58745026738486 ], [ 20.813448067967272, 45.568043197779971 ] ], [ [ 20.772018363890876, 45.582821058371444 ], [ 20.795436254210578, 45.58745026738486 ] ], [ [ 20.765753132906603, 45.612599118721995 ], [ 20.772018363890876, 45.582821058371444 ] ], [ [ 20.765753132906603, 45.612599118721995 ], [ 20.779448012400678, 45.6226082342884 ] ], [ [ 20.779448012400678, 45.6226082342884 ], [ 20.788827551821274, 45.645538642027617 ] ], [ [ 20.788827551821274, 45.645538642027617 ], [ 20.804892181567407, 45.657292374142671 ] ], [ [ 20.800035890894943, 45.67193476352324 ], [ 20.804892181567407, 45.657292374142671 ] ], [ [ 20.800035890894943, 45.67193476352324 ], [ 20.803034104012699, 45.681998629651098 ] ], [ [ 20.796147477776607, 45.687040967234253 ], [ 20.803034104012699, 45.681998629651098 ] ], [ [ 20.796147477776607, 45.687040967234253 ], [ 20.802443226050624, 45.699848707090524 ] ], [ [ 20.801071026608742, 45.70192979527809 ], [ 20.802443226050624, 45.699848707090524 ] ], [ [ 20.801071026608742, 45.70192979527809 ], [ 20.802594137437186, 45.737790093620383 ] ], [ [ 20.802594137437186, 45.737790093620383 ], [ 20.808130927253007, 45.748412955983532 ] ], [ [ 20.808130927253007, 45.748412955983532 ], [ 20.815966702109357, 45.749256714988491 ] ], [ [ 20.815966702109357, 45.749256714988491 ], [ 20.817504358957557, 45.752072606169151 ] ], [ [ 20.817504358957557, 45.752072606169151 ], [ 20.82306307710785, 45.775083064674433 ] ], [ [ 20.783558124862722, 45.785869257993156 ], [ 20.82306307710785, 45.775083064674433 ] ], [ [ 20.774102884369231, 45.754514613134944 ], [ 20.783558124862722, 45.785869257993156 ] ], [ [ 20.732710737579776, 45.755805866579657 ], [ 20.774102884369231, 45.754514613134944 ] ], [ [ 20.717921611842019, 45.751944175363612 ], [ 20.732710737579776, 45.755805866579657 ] ], [ [ 20.713168981277143, 45.749679025828051 ], [ 20.717921611842019, 45.751944175363612 ] ], [ [ 20.707489805524698, 45.751283353762886 ], [ 20.713168981277143, 45.749679025828051 ] ], [ [ 20.700264018948701, 45.750680462677572 ], [ 20.707489805524698, 45.751283353762886 ] ], [ [ 20.696851360132232, 45.760508909574163 ], [ 20.700264018948701, 45.750680462677572 ] ], [ [ 20.692952041339687, 45.759820840926608 ], [ 20.696851360132232, 45.760508909574163 ] ], [ [ 20.690711947142095, 45.766289235249147 ], [ 20.692952041339687, 45.759820840926608 ] ], [ [ 20.690711947142095, 45.766289235249147 ], [ 20.694653546405188, 45.766924439828443 ] ], [ [ 20.690617630603555, 45.778324747747547 ], [ 20.694653546405188, 45.766924439828443 ] ], [ [ 20.681375819196081, 45.797303759270179 ], [ 20.690617630603555, 45.778324747747547 ] ], [ [ 20.66283500634345, 45.794149670141898 ], [ 20.681375819196081, 45.797303759270179 ] ], [ [ 20.657082460862675, 45.808025009471301 ], [ 20.66283500634345, 45.794149670141898 ] ], [ [ 20.65060997031286, 45.811628016875545 ], [ 20.657082460862675, 45.808025009471301 ] ], [ [ 20.65060997031286, 45.811628016875545 ], [ 20.657929814264964, 45.824569178474405 ] ], [ [ 20.657929814264964, 45.824569178474405 ], [ 20.660367532609495, 45.82914513805202 ] ], [ [ 20.611745295075888, 45.863910777168996 ], [ 20.660367532609495, 45.82914513805202 ] ], [ [ 20.59891118169374, 45.861646450233877 ], [ 20.611745295075888, 45.863910777168996 ] ], [ [ 20.594425476225396, 45.871640047632425 ], [ 20.59891118169374, 45.861646450233877 ] ], [ [ 20.581501531675073, 45.8693987765336 ], [ 20.594425476225396, 45.871640047632425 ] ], [ [ 20.574584375757759, 45.883972895732171 ], [ 20.581501531675073, 45.8693987765336 ] ], [ [ 20.574584375757759, 45.883972895732171 ], [ 20.578755154782144, 45.884961081327376 ] ], [ [ 20.569329900074468, 45.910101760017305 ], [ 20.578755154782144, 45.884961081327376 ] ], [ [ 20.554281173788418, 45.907350198958135 ], [ 20.569329900074468, 45.910101760017305 ] ], [ [ 20.546510709523826, 45.90590629730567 ], [ 20.554281173788418, 45.907350198958135 ] ], [ [ 20.546510709523826, 45.90590629730567 ], [ 20.549586843846953, 45.899912138651658 ] ], [ [ 20.515808370245811, 45.892095852432711 ], [ 20.549586843846953, 45.899912138651658 ] ], [ [ 20.50176599516967, 45.910651497623782 ], [ 20.515808370245811, 45.892095852432711 ] ], [ [ 20.482919408293714, 45.95341545036402 ], [ 20.50176599516967, 45.910651497623782 ] ], [ [ 20.447534290241947, 45.970115050484999 ], [ 20.482919408293714, 45.95341545036402 ] ], [ [ 20.405466784940867, 45.965236970510574 ], [ 20.447534290241947, 45.970115050484999 ] ], [ [ 20.348320424004843, 45.999625371361091 ], [ 20.405466784940867, 45.965236970510574 ] ], [ [ 20.348320424004843, 45.999625371361091 ], [ 20.357624656116407, 46.005870967259916 ] ], [ [ 20.340622820364263, 46.036261580479405 ], [ 20.357624656116407, 46.005870967259916 ] ], [ [ 20.339862497346253, 46.039225930881656 ], [ 20.340622820364263, 46.036261580479405 ] ], [ [ 20.339862497346253, 46.039225930881656 ], [ 20.343199395888902, 46.047196509108311 ] ], [ [ 20.329293564875211, 46.058580385831924 ], [ 20.343199395888902, 46.047196509108311 ] ], [ [ 20.309278062713449, 46.072087221807827 ], [ 20.329293564875211, 46.058580385831924 ] ], [ [ 20.302205281755644, 46.086598866881545 ], [ 20.309278062713449, 46.072087221807827 ] ], [ [ 20.273215590803311, 46.098302546518383 ], [ 20.302205281755644, 46.086598866881545 ] ], [ [ 20.264629574024561, 46.10909040017377 ], [ 20.273215590803311, 46.098302546518383 ] ], [ [ 20.264629574024561, 46.10909040017377 ], [ 20.275365845926, 46.112582475641872 ] ], [ [ 20.271948354125676, 46.116279619888864 ], [ 20.275365845926, 46.112582475641872 ] ], [ [ 20.263081077403246, 46.118816097343853 ], [ 20.271948354125676, 46.116279619888864 ] ], [ [ 20.263081077403246, 46.118816097343853 ], [ 20.264275062314905, 46.126333075410322 ] ], [ [ 20.264275062314905, 46.126333075410322 ], [ 20.270224915827036, 46.127187996744865 ] ], [ [ 20.270224915827036, 46.127187996744865 ], [ 20.271418293264308, 46.132119236259001 ] ], [ [ 20.271418293264308, 46.132119236259001 ], [ 20.275507919695226, 46.133566734913614 ] ], [ [ 20.275507919695226, 46.133566734913614 ], [ 20.283133126160052, 46.141806554022217 ] ], [ [ 20.283133126160052, 46.141806554022217 ], [ 20.296850393419319, 46.152222667623938 ] ], [ [ 20.296850393419319, 46.152222667623938 ], [ 20.30920757707381, 46.156453152308337 ] ], [ [ 20.30920757707381, 46.156453152308337 ], [ 20.312643321719989, 46.150155359974832 ] ], [ [ 20.312643321719989, 46.150155359974832 ], [ 20.355633485863322, 46.169659579521152 ] ], [ [ 20.355633485863322, 46.169659579521152 ], [ 20.36847231344419, 46.152912939060982 ] ], [ [ 20.36847231344419, 46.152912939060982 ], [ 20.377597104828904, 46.157755052566557 ] ], [ [ 20.377597104828904, 46.157755052566557 ], [ 20.381137412857683, 46.157902065984899 ] ], [ [ 20.381137412857683, 46.157902065984899 ], [ 20.394286666428002, 46.152594609145524 ] ], [ [ 20.394286666428002, 46.152594609145524 ], [ 20.397505383629451, 46.157373810030926 ] ], [ [ 20.397505383629451, 46.157373810030926 ], [ 20.417062474755515, 46.148426781090663 ] ], [ [ 20.417062474755515, 46.148426781090663 ], [ 20.426322658630035, 46.145189178579741 ] ], [ [ 20.426322658630035, 46.145189178579741 ], [ 20.445493359050019, 46.141794385420091 ] ], [ [ 20.445493359050019, 46.141794385420091 ], [ 20.459212455627178, 46.142873207492485 ] ], [ [ 20.459212455627178, 46.142873207492485 ], [ 20.472876983499152, 46.15241375507545 ] ], [ [ 20.472876983499152, 46.15241375507545 ], [ 20.476799833456184, 46.156433002969457 ] ], [ [ 20.476799833456184, 46.156433002969457 ], [ 20.493256600668715, 46.169259264351346 ] ], [ [ 20.493256600668715, 46.169259264351346 ], [ 20.496339344146023, 46.177969660683019 ] ], [ [ 20.491786772458266, 46.180743302359815 ], [ 20.496339344146023, 46.177969660683019 ] ], [ [ 20.491786772458266, 46.180743302359815 ], [ 20.497511944653997, 46.184231199676177 ] ], [ [ 20.496502844741372, 46.18842441093355 ], [ 20.497511944653997, 46.184231199676177 ] ], [ [ 20.496502844741372, 46.18842441093355 ], [ 20.501251085278117, 46.189970054595008 ] ], [ [ 20.501251085278117, 46.189970054595008 ], [ 20.523579329684576, 46.181261375189926 ] ], [ [ 20.523579329684576, 46.181261375189926 ], [ 20.541440198820521, 46.17959971103479 ] ], [ [ 20.541440198820521, 46.17959971103479 ], [ 20.549412006344614, 46.176912038292969 ] ], [ [ 20.549412006344614, 46.176912038292969 ], [ 20.553625236747543, 46.17356631425541 ] ], [ [ 20.553625236747543, 46.17356631425541 ], [ 20.595380259108595, 46.150109798148094 ] ], [ [ 20.595380259108595, 46.150109798148094 ], [ 20.611243857059311, 46.144414816302934 ] ], [ [ 20.611243857059311, 46.144414816302934 ], [ 20.616202754381138, 46.140000068362106 ] ], [ [ 20.616202754381138, 46.140000068362106 ], [ 20.626965856142739, 46.131431593616412 ] ], [ [ 20.626965856142739, 46.131431593616412 ], [ 20.634568960163101, 46.127040254511066 ] ], [ [ 20.634568960163101, 46.127040254511066 ], [ 20.642598136723457, 46.128462216402653 ] ], [ [ 20.642598136723457, 46.128462216402653 ], [ 20.649388744591967, 46.135307359148769 ] ], [ [ 20.649388744591967, 46.135307359148769 ], [ 20.649947063927211, 46.142786140041423 ] ], [ [ 20.649947063927211, 46.142786140041423 ], [ 20.654153809550099, 46.148780247854305 ] ], [ [ 20.654153809550099, 46.148780247854305 ], [ 20.668118043555705, 46.150903563099398 ] ], [ [ 20.668118043555705, 46.150903563099398 ], [ 20.680087856538464, 46.145142169124242 ] ], [ [ 20.680087856538464, 46.145142169124242 ], [ 20.685608241044815, 46.145223915178263 ] ], [ [ 20.685608241044815, 46.145223915178263 ], [ 20.691217843538151, 46.149509165932699 ] ], [ [ 20.691217843538151, 46.149509165932699 ], [ 20.695096406853484, 46.158667857263396 ] ], [ [ 20.695096406853484, 46.158667857263396 ], [ 20.705304257218543, 46.161345347305328 ] ], [ [ 20.705304257218543, 46.161345347305328 ], [ 20.713943496023507, 46.165930556038369 ] ], [ [ 20.713943496023507, 46.165930556038369 ], [ 20.722347569344826, 46.187467947069159 ] ], [ [ 20.722347569344826, 46.187467947069159 ], [ 20.731377929367429, 46.190481839032856 ] ], [ [ 20.731377929367429, 46.190481839032856 ], [ 20.733669285855218, 46.19308791880345 ] ], [ [ 20.725666932646583, 46.19648142934696 ], [ 20.733669285855218, 46.19308791880345 ] ], [ [ 20.725666932646583, 46.19648142934696 ], [ 20.728490790010145, 46.205021313493226 ] ], [ [ 20.727355655413859, 46.207411058261059 ], [ 20.728490790010145, 46.205021313493226 ] ], [ [ 20.727355655413859, 46.207411058261059 ], [ 20.761844151140977, 46.204442070510005 ] ], [ [ 20.748829918348179, 46.250620860605984 ], [ 20.761844151140977, 46.204442070510005 ] ], [ [ 20.748829918348179, 46.250620860605984 ], [ 20.775579736604953, 46.275907825120768 ] ], [ [ 20.775579736604953, 46.275907825120768 ], [ 20.789222592118303, 46.273080891296864 ] ], [ [ 20.789222592118303, 46.273080891296864 ], [ 20.873394459651426, 46.287416599635385 ] ], [ [ 20.873394459651426, 46.287416599635385 ], [ 20.890533626399304, 46.271381972189765 ] ], [ [ 20.890533626399304, 46.271381972189765 ], [ 20.922212907527381, 46.261761116946516 ] ], [ [ 20.922212907527381, 46.261761116946516 ], [ 20.925060073858823, 46.276196472535034 ] ], [ [ 20.925060073858823, 46.276196472535034 ], [ 20.946666528715046, 46.279161798987708 ] ], [ [ 20.946666528715046, 46.279161798987708 ], [ 20.952488036029756, 46.264839543571057 ] ], [ [ 20.952488036029756, 46.264839543571057 ], [ 20.961143076878965, 46.262256174632839 ] ], [ [ 20.961143076878965, 46.262256174632839 ], [ 20.990343646347526, 46.259529653124275 ] ], [ [ 20.990343646347526, 46.259529653124275 ], [ 21.016190204244477, 46.263318047013577 ] ], [ [ 21.016190204244477, 46.263318047013577 ], [ 21.024951594823644, 46.266492215418126 ] ], [ [ 21.024951594823644, 46.266492215418126 ], [ 21.036662209657749, 46.247881656765415 ] ], [ [ 21.036662209657749, 46.247881656765415 ], [ 21.059822969033217, 46.244720908408688 ] ], [ [ 21.059822969033217, 46.244720908408688 ], [ 21.066000117456568, 46.242754684600548 ] ], [ [ 21.066000117456568, 46.242754684600548 ], [ 21.071153824110553, 46.253861788089225 ] ], [ [ 21.071153824110553, 46.253861788089225 ], [ 21.079824179462168, 46.252033489164774 ] ], [ [ 21.079824179462168, 46.252033489164774 ], [ 21.090647731914597, 46.258133270592445 ] ], [ [ 21.090647731914597, 46.258133270592445 ], [ 21.09442590784634, 46.262367877662719 ] ], [ [ 21.09442590784634, 46.262367877662719 ], [ 21.103152080391588, 46.262588646154235 ] ], [ [ 21.103152080391588, 46.262588646154235 ], [ 21.109138198337288, 46.27803323489227 ] ], [ [ 21.109138198337288, 46.27803323489227 ], [ 21.115527472195225, 46.301630107197688 ] ], [ [ 21.115527472195225, 46.301630107197688 ], [ 21.122572546606786, 46.300888757882824 ] ], [ [ 21.122572546606786, 46.300888757882824 ], [ 21.145364060682176, 46.304691693047722 ] ], [ [ 21.145364060682176, 46.304691693047722 ], [ 21.147597676170076, 46.299243173613839 ] ], [ [ 21.147597676170076, 46.299243173613839 ], [ 21.151536060388235, 46.297550280951903 ] ], [ [ 21.151536060388235, 46.297550280951903 ], [ 21.153621081895007, 46.298459878308513 ] ], [ [ 21.153621081895007, 46.298459878308513 ], [ 21.170035098922028, 46.29803812773433 ] ], [ [ 21.170035098922028, 46.29803812773433 ], [ 21.175694188864853, 46.302925935086421 ] ], [ [ 21.175694188864853, 46.302925935086421 ], [ 21.180539414572991, 46.304108245026832 ] ], [ [ 21.173122070030242, 46.318393607997272 ], [ 21.180539414572991, 46.304108245026832 ] ], [ [ 21.173122070030242, 46.318393607997272 ], [ 21.177512660754374, 46.32344804023176 ] ], [ [ 21.176153721275355, 46.335560076578261 ], [ 21.177512660754374, 46.32344804023176 ] ], [ [ 21.176153721275355, 46.335560076578261 ], [ 21.190369882170728, 46.339123065812799 ] ], [ [ 21.190369882170728, 46.339123065812799 ], [ 21.195261548128389, 46.343854985017472 ] ], [ [ 21.195261548128389, 46.343854985017472 ], [ 21.199455249960117, 46.347905164338343 ] ], [ [ 21.197467890108772, 46.36974632327081 ], [ 21.199455249960117, 46.347905164338343 ] ], [ [ 21.196480954215161, 46.370834643293968 ], [ 21.197467890108772, 46.36974632327081 ] ], [ [ 21.196480954215161, 46.370834643293968 ], [ 21.200989214890836, 46.385838772103234 ] ], [ [ 21.200989214890836, 46.385838772103234 ], [ 21.20628589603017, 46.40322961756754 ] ], [ [ 21.20628589603017, 46.40322961756754 ], [ 21.216316065779651, 46.401829327112445 ] ], [ [ 21.216316065779651, 46.401829327112445 ], [ 21.219104641168421, 46.411088403147723 ] ], [ [ 21.219104641168421, 46.411088403147723 ], [ 21.225346484135081, 46.413525831697015 ] ], [ [ 21.225346484135081, 46.413525831697015 ], [ 21.239626628320142, 46.410333930038846 ] ], [ [ 21.239626628320142, 46.410333930038846 ], [ 21.252720449836644, 46.409695363255082 ] ], [ [ 21.252720449836644, 46.409695363255082 ], [ 21.275390390906662, 46.406683925083897 ] ], [ [ 21.275390390906662, 46.406683925083897 ], [ 21.283244942035516, 46.403173009824918 ] ], [ [ 21.283244942035516, 46.403173009824918 ], [ 21.296273047846473, 46.406691862425596 ] ], [ [ 21.289529753119368, 46.41350773282344 ], [ 21.296273047846473, 46.406691862425596 ] ], [ [ 21.289529753119368, 46.41350773282344 ], [ 21.303359914118655, 46.432062432353057 ] ], [ [ 21.303359914118655, 46.432062432353057 ], [ 21.311866586841404, 46.440479746341992 ] ], [ [ 21.311866586841404, 46.440479746341992 ], [ 21.313252227505963, 46.449458549839008 ] ], [ [ 21.313252227505963, 46.449458549839008 ], [ 21.317445217716941, 46.450653972466675 ] ], [ [ 21.296317009010327, 46.47611385689428 ], [ 21.317445217716941, 46.450653972466675 ] ], [ [ 21.284118370981965, 46.477250339461115 ], [ 21.296317009010327, 46.47611385689428 ] ], [ [ 21.274326950956731, 46.476475946739932 ], [ 21.284118370981965, 46.477250339461115 ] ], [ [ 21.272751567854755, 46.483362740312145 ], [ 21.274326950956731, 46.476475946739932 ] ], [ [ 21.260383386526911, 46.501944957435825 ], [ 21.272751567854755, 46.483362740312145 ] ], [ [ 21.260383386526911, 46.501944957435825 ], [ 21.276131035875586, 46.534993393017409 ] ], [ [ 21.274164491480271, 46.540739154522221 ], [ 21.276131035875586, 46.534993393017409 ] ], [ [ 21.274164491480271, 46.540739154522221 ], [ 21.280377917168526, 46.544951611735407 ] ], [ [ 21.280377917168526, 46.544951611735407 ], [ 21.289674388181897, 46.544321681124799 ] ], [ [ 21.289674388181897, 46.544321681124799 ], [ 21.293612798863474, 46.552229950278722 ] ], [ [ 21.293612798863474, 46.552229950278722 ], [ 21.297513960464851, 46.55341415016558 ] ], [ [ 21.297513960464851, 46.55341415016558 ], [ 21.304816322907946, 46.561179857523996 ] ], [ [ 21.303450809996122, 46.564253520913852 ], [ 21.304816322907946, 46.561179857523996 ] ], [ [ 21.303450809996122, 46.564253520913852 ], [ 21.314426530104782, 46.575016296848808 ] ], [ [ 21.314426530104782, 46.575016296848808 ], [ 21.320713525924674, 46.582788420041524 ] ], [ [ 21.307046057158942, 46.586386585081165 ], [ 21.320713525924674, 46.582788420041524 ] ], [ [ 21.301156064747296, 46.590770912654733 ], [ 21.307046057158942, 46.586386585081165 ] ], [ [ 21.301156064747296, 46.590770912654733 ], [ 21.306872845221843, 46.598926672404566 ] ], [ [ 21.306872845221843, 46.598926672404566 ], [ 21.306911095791229, 46.601793228480709 ] ], [ [ 21.306911095791229, 46.601793228480709 ], [ 21.314103744091629, 46.617555862843481 ] ], [ [ 21.314103744091629, 46.617555862843481 ], [ 21.324716488593836, 46.628126399593675 ] ], [ [ 21.324716488593836, 46.628126399593675 ], [ 21.329874306847866, 46.631567350206055 ] ], [ [ 21.329874306847866, 46.631567350206055 ], [ 21.334620855560349, 46.629077387191359 ] ], [ [ 21.334620855560349, 46.629077387191359 ], [ 21.347761207760033, 46.631380918725313 ] ], [ [ 21.347761207760033, 46.631380918725313 ], [ 21.353128661614011, 46.630265240565372 ] ], [ [ 21.353128661614011, 46.630265240565372 ], [ 21.365596639722153, 46.637873168801704 ] ], [ [ 21.365596639722153, 46.637873168801704 ], [ 21.378861394779353, 46.632894186571633 ] ], [ [ 21.378861394779353, 46.632894186571633 ], [ 21.381560196429874, 46.628265954807979 ] ], [ [ 21.381560196429874, 46.628265954807979 ], [ 21.409305489339154, 46.622097678069139 ] ], [ [ 21.409305489339154, 46.622097678069139 ], [ 21.411779957631378, 46.625529132741683 ] ], [ [ 21.411779957631378, 46.625529132741683 ], [ 21.413942036730372, 46.634610462355383 ] ], [ [ 21.413942036730372, 46.634610462355383 ], [ 21.416413563926948, 46.64250934697457 ] ], [ [ 21.416413563926948, 46.64250934697457 ], [ 21.421669622221852, 46.646455772369741 ] ], [ [ 21.421669622221852, 46.646455772369741 ], [ 21.432125371757472, 46.648086216632841 ] ], [ [ 21.432125371757472, 46.648086216632841 ], [ 21.441474325334376, 46.651443900123859 ] ], [ [ 22.005428572383082, 44.60700830612052 ], [ 22.016148587338158, 44.599203660634629 ] ], [ [ 21.998669067228846, 44.628472371075084 ], [ 22.005428572383082, 44.60700830612052 ] ], [ [ 21.989609244357837, 44.633702964787275 ], [ 21.998669067228846, 44.628472371075084 ] ], [ [ 21.971353499949043, 44.633084094041834 ], [ 21.989609244357837, 44.633702964787275 ] ], [ [ 21.950765909203291, 44.635115761910711 ], [ 21.971353499949043, 44.633084094041834 ] ], [ [ 21.940658248553696, 44.638274399337426 ], [ 21.950765909203291, 44.635115761910711 ] ], [ [ 21.920262312218441, 44.646780683950347 ], [ 21.940658248553696, 44.638274399337426 ] ], [ [ 21.914433658885063, 44.64762929264279 ], [ 21.920262312218441, 44.646780683950347 ] ], [ [ 21.898026410622538, 44.644871889020301 ], [ 21.914433658885063, 44.64762929264279 ] ], [ [ 21.888463811303641, 44.6454852236904 ], [ 21.898026410622538, 44.644871889020301 ] ], [ [ 21.867915911109925, 44.650246733645716 ], [ 21.888463811303641, 44.6454852236904 ] ], [ [ 21.859056442271786, 44.650864780455635 ], [ 21.867915911109925, 44.650246733645716 ] ], [ [ 21.842201583251747, 44.654337465136166 ], [ 21.859056442271786, 44.650864780455635 ] ], [ [ 21.829675153829985, 44.651318807307383 ], [ 21.842201583251747, 44.654337465136166 ] ], [ [ 21.816296830459986, 44.650412028254621 ], [ 21.829675153829985, 44.651318807307383 ] ], [ [ 21.809796744045041, 44.651915164851026 ], [ 21.816296830459986, 44.650412028254621 ] ], [ [ 21.796549927292581, 44.663014866783769 ], [ 21.809796744045041, 44.651915164851026 ] ], [ [ 21.791363616939787, 44.664045119537242 ], [ 21.796549927292581, 44.663014866783769 ] ], [ [ 21.771052527307198, 44.661128388055133 ], [ 21.791363616939787, 44.664045119537242 ] ], [ [ 21.743953280570498, 44.655353111928179 ], [ 21.771052527307198, 44.661128388055133 ] ], [ [ 21.728784941752252, 44.653499072758521 ], [ 21.743953280570498, 44.655353111928179 ] ], [ [ 21.718809067153874, 44.65391005667815 ], [ 21.728784941752252, 44.653499072758521 ] ], [ [ 21.71233689929208, 44.655880581910104 ], [ 21.718809067153874, 44.65391005667815 ] ], [ [ 21.696512348960646, 44.663708042325354 ], [ 21.71233689929208, 44.655880581910104 ] ] ] } },
{ "type": "Feature", "properties": { "id": 16, "leftRegion": "Nord-Vest", "leftId": 868, "rightRegion": "Vest", "rightId": 859, "version": "2025/03/26" }, "geometry": { "type": "MultiLineString", "coordinates": [ [ [ 21.441474325334376, 46.651443900123859 ], [ 21.44926453386865, 46.651460642173909 ] ], [ [ 21.44926453386865, 46.651460642173909 ], [ 21.473795791313222, 46.654458503949328 ] ], [ [ 21.464655572534795, 46.658980450072349 ], [ 21.473795791313222, 46.654458503949328 ] ], [ [ 21.460052206498514, 46.655122788477456 ], [ 21.464655572534795, 46.658980450072349 ] ], [ [ 21.45385034761377, 46.65819655864415 ], [ 21.460052206498514, 46.655122788477456 ] ], [ [ 21.45385034761377, 46.65819655864415 ], [ 21.459089714844225, 46.661865590105101 ] ], [ [ 21.459089714844225, 46.661865590105101 ], [ 21.471423589781256, 46.660791375933769 ] ], [ [ 21.471423589781256, 46.660791375933769 ], [ 21.478612804137239, 46.655886450206772 ] ], [ [ 21.478612804137239, 46.655886450206772 ], [ 21.481021824492259, 46.651435197254756 ] ], [ [ 21.481021824492259, 46.651435197254756 ], [ 21.489994080135993, 46.653402732984212 ] ], [ [ 21.489994080135993, 46.653402732984212 ], [ 21.497457031706059, 46.661244278207548 ] ], [ [ 21.497457031706059, 46.661244278207548 ], [ 21.502785164857215, 46.659617054825077 ] ], [ [ 21.502785164857215, 46.659617054825077 ], [ 21.510162726777459, 46.653846930665296 ] ], [ [ 21.510162726777459, 46.653846930665296 ], [ 21.512194378262638, 46.646699032705939 ] ], [ [ 21.511524585409251, 46.636617010164741 ], [ 21.512194378262638, 46.646699032705939 ] ], [ [ 21.511524585409251, 46.636617010164741 ], [ 21.533304305372344, 46.632136458874299 ] ], [ [ 21.533304305372344, 46.632136458874299 ], [ 21.53926678499457, 46.629247959767206 ] ], [ [ 21.53926678499457, 46.629247959767206 ], [ 21.543065917408605, 46.620595471136781 ] ], [ [ 21.543065917408605, 46.620595471136781 ], [ 21.546789904547019, 46.601331505428981 ] ], [ [ 21.546789904547019, 46.601331505428981 ], [ 21.551999753085656, 46.603039389029668 ] ], [ [ 21.551999753085656, 46.603039389029668 ], [ 21.567703095429234, 46.600410756011414 ] ], [ [ 21.567703095429234, 46.600410756011414 ], [ 21.567811855318855, 46.61288797069885 ] ], [ [ 21.56040681170505, 46.619540714779156 ], [ 21.567811855318855, 46.61288797069885 ] ], [ [ 21.56040681170505, 46.619540714779156 ], [ 21.568758152292595, 46.625714862192773 ] ], [ [ 21.564381400152325, 46.629924336218984 ], [ 21.568758152292595, 46.625714862192773 ] ], [ [ 21.562774408481367, 46.639623137191236 ], [ 21.564381400152325, 46.629924336218984 ] ], [ [ 21.562774408481367, 46.639623137191236 ], [ 21.565449398877501, 46.640265165407669 ] ], [ [ 21.565449398877501, 46.640265165407669 ], [ 21.571705966937284, 46.650190764313017 ] ], [ [ 21.571705966937284, 46.650190764313017 ], [ 21.584629231596818, 46.650197420700835 ] ], [ [ 21.584629231596818, 46.650197420700835 ], [ 21.58909702950589, 46.647848575118353 ] ], [ [ 21.58909702950589, 46.647848575118353 ], [ 21.603269283680529, 46.647552655386896 ] ], [ [ 21.603269283680529, 46.647552655386896 ], [ 21.609741590476379, 46.644902273233882 ] ], [ [ 21.609741590476379, 46.644902273233882 ], [ 21.62035160170478, 46.646190731696144 ] ], [ [ 21.62035160170478, 46.646190731696144 ], [ 21.628639813769546, 46.649497388854051 ] ], [ [ 21.628639813769546, 46.649497388854051 ], [ 21.630587988472918, 46.652152769134808 ] ], [ [ 21.630587988472918, 46.652152769134808 ], [ 21.635536424052315, 46.655122870408348 ] ], [ [ 21.635536424052315, 46.655122870408348 ], [ 21.645129919571929, 46.665313928769947 ] ], [ [ 21.645129919571929, 46.665313928769947 ], [ 21.652021296229048, 46.662722744490381 ] ], [ [ 21.652021296229048, 46.662722744490381 ], [ 21.663719881712961, 46.664558330976526 ] ], [ [ 21.663719881712961, 46.664558330976526 ], [ 21.670167758371704, 46.663508056883508 ] ], [ [ 21.670167758371704, 46.663508056883508 ], [ 21.688705975155543, 46.665122411677032 ] ], [ [ 21.688705975155543, 46.665122411677032 ], [ 21.697544322583912, 46.659795309932804 ] ], [ [ 21.697544322583912, 46.659795309932804 ], [ 21.705799241811697, 46.659326413270634 ] ], [ [ 21.705799241811697, 46.659326413270634 ], [ 21.713990610300161, 46.658474024505402 ] ], [ [ 21.713990610300161, 46.658474024505402 ], [ 21.721400662658258, 46.661954260600304 ] ], [ [ 21.721400662658258, 46.661954260600304 ], [ 21.729440720348482, 46.66336026507674 ] ], [ [ 21.729440720348482, 46.66336026507674 ], [ 21.731427308185516, 46.659485114572348 ] ], [ [ 21.731427308185516, 46.659485114572348 ], [ 21.740853242917346, 46.661972996989299 ] ], [ [ 21.740853242917346, 46.661972996989299 ], [ 21.755241457385107, 46.66329307915565 ] ], [ [ 21.755241457385107, 46.66329307915565 ], [ 21.772814042483663, 46.658980267852144 ] ], [ [ 21.772814042483663, 46.658980267852144 ], [ 21.783734780330555, 46.654138677362859 ] ], [ [ 21.783734780330555, 46.654138677362859 ], [ 21.809613841942138, 46.655946753092039 ] ], [ [ 21.809613841942138, 46.655946753092039 ], [ 21.821898082330861, 46.661500788502394 ] ], [ [ 21.821898082330861, 46.661500788502394 ], [ 21.829058246343603, 46.66311016570797 ] ], [ [ 21.829058246343603, 46.66311016570797 ], [ 21.839091454038474, 46.668355192727518 ] ], [ [ 21.839091454038474, 46.668355192727518 ], [ 21.852390025251125, 46.668999446172414 ] ], [ [ 21.852390025251125, 46.668999446172414 ], [ 21.862111758849871, 46.67250883154923 ] ], [ [ 21.862111758849871, 46.67250883154923 ], [ 21.869326861635543, 46.680874868865928 ] ], [ [ 21.869326861635543, 46.680874868865928 ], [ 21.874221630241411, 46.680049085985033 ] ], [ [ 21.874221630241411, 46.680049085985033 ], [ 21.88472497289996, 46.6746879817875 ] ], [ [ 21.88472497289996, 46.6746879817875 ], [ 21.894396165285659, 46.672657373243865 ] ], [ [ 21.894396165285659, 46.672657373243865 ], [ 21.90537189093013, 46.668595014243515 ] ], [ [ 21.90537189093013, 46.668595014243515 ], [ 21.910479976051953, 46.66295159498754 ] ], [ [ 21.907365853956634, 46.657446982544151 ], [ 21.910479976051953, 46.66295159498754 ] ], [ [ 21.89511344076902, 46.64690868163067 ], [ 21.907365853956634, 46.657446982544151 ] ], [ [ 21.886711116039038, 46.637991023475116 ], [ 21.89511344076902, 46.64690868163067 ] ], [ [ 21.88134396642392, 46.63115252126326 ], [ 21.886711116039038, 46.637991023475116 ] ], [ [ 21.88134396642392, 46.63115252126326 ], [ 21.910802275005508, 46.630468702527821 ] ], [ [ 21.910493611216378, 46.627495836107663 ], [ 21.910802275005508, 46.630468702527821 ] ], [ [ 21.910493611216378, 46.627495836107663 ], [ 21.926555600852577, 46.622663405967572 ] ], [ [ 21.926555600852577, 46.622663405967572 ], [ 21.944006086487782, 46.621276931530488 ] ], [ [ 21.944006086487782, 46.621276931530488 ], [ 21.952226455831202, 46.617080263120435 ] ], [ [ 21.952226455831202, 46.617080263120435 ], [ 21.958024395938164, 46.617066004964073 ] ], [ [ 21.958024395938164, 46.617066004964073 ], [ 21.965427354162141, 46.621094505784122 ] ], [ [ 21.965427354162141, 46.621094505784122 ], [ 21.977187817237002, 46.620134544487286 ] ], [ [ 21.977187817237002, 46.620134544487286 ], [ 21.988945922506279, 46.620678237026169 ] ], [ [ 21.988945922506279, 46.620678237026169 ], [ 21.991942742227238, 46.623845153693274 ] ], [ [ 21.991942742227238, 46.623845153693274 ], [ 21.998908491631106, 46.624104682558318 ] ], [ [ 21.998908491631106, 46.624104682558318 ], [ 22.006693500982077, 46.630912043097069 ] ], [ [ 22.006693500982077, 46.630912043097069 ], [ 22.009579038476396, 46.637175688534299 ] ], [ [ 22.009579038476396, 46.637175688534299 ], [ 22.017207202440819, 46.641514239629224 ] ], [ [ 22.017207202440819, 46.641514239629224 ], [ 22.021307713939873, 46.6502653848029 ] ], [ [ 22.021307713939873, 46.6502653848029 ], [ 22.025210457920881, 46.649718519220571 ] ], [ [ 22.025210457920881, 46.649718519220571 ], [ 22.028354302409475, 46.64475525725026 ] ], [ [ 22.028354302409475, 46.64475525725026 ], [ 22.041914487438582, 46.642041309502311 ] ], [ [ 22.041914487438582, 46.642041309502311 ], [ 22.045545105165598, 46.63709218171617 ] ], [ [ 22.045545105165598, 46.63709218171617 ], [ 22.053919069507572, 46.638113692466263 ] ], [ [ 22.053919069507572, 46.638113692466263 ], [ 22.078338327938848, 46.632321648729139 ] ], [ [ 22.078338327938848, 46.632321648729139 ], [ 22.086451687642811, 46.634936303122998 ] ], [ [ 22.086451687642811, 46.634936303122998 ], [ 22.088969327029211, 46.629512287496752 ] ], [ [ 22.08818744448071, 46.618964720016862 ], [ 22.088969327029211, 46.629512287496752 ] ], [ [ 22.08818744448071, 46.618964720016862 ], [ 22.09411502107373, 46.614278100329223 ] ], [ [ 22.09411502107373, 46.614278100329223 ], [ 22.101482778748583, 46.613582813641422 ] ], [ [ 22.101482778748583, 46.613582813641422 ], [ 22.108365497161692, 46.615561871679311 ] ], [ [ 22.108365497161692, 46.615561871679311 ], [ 22.109644650427533, 46.607177019577293 ] ], [ [ 22.109644650427533, 46.607177019577293 ], [ 22.113954025793792, 46.604393963727965 ] ], [ [ 22.113954025793792, 46.604393963727965 ], [ 22.122239820378024, 46.601896258383327 ] ], [ [ 22.122239820378024, 46.601896258383327 ], [ 22.130550708942955, 46.602704887223801 ] ], [ [ 22.130550708942955, 46.602704887223801 ], [ 22.133011480599766, 46.606631516920366 ] ], [ [ 22.133011480599766, 46.606631516920366 ], [ 22.14036644240695, 46.602765485016889 ] ], [ [ 22.14036644240695, 46.602765485016889 ], [ 22.147711061979987, 46.602802242507146 ] ], [ [ 22.147711061979987, 46.602802242507146 ], [ 22.156359598786171, 46.605015707284672 ] ], [ [ 22.156359598786171, 46.605015707284672 ], [ 22.168395544603687, 46.60387268364213 ] ], [ [ 22.168395544603687, 46.60387268364213 ], [ 22.175301277707749, 46.596287530194964 ] ], [ [ 22.16997050000716, 46.58331028073605 ], [ 22.175301277707749, 46.596287530194964 ] ], [ [ 22.166474290690822, 46.5819077188577 ], [ 22.16997050000716, 46.58331028073605 ] ], [ [ 22.16445069675326, 46.571197357679537 ], [ 22.166474290690822, 46.5819077188577 ] ], [ [ 22.16445069675326, 46.571197357679537 ], [ 22.17009284393253, 46.564750020037557 ] ], [ [ 22.169310350116351, 46.560763580177159 ], [ 22.17009284393253, 46.564750020037557 ] ], [ [ 22.169310350116351, 46.560763580177159 ], [ 22.174847484862756, 46.558195293779598 ] ], [ [ 22.174847484862756, 46.558195293779598 ], [ 22.175537270186386, 46.553385756018685 ] ], [ [ 22.175537270186386, 46.553385756018685 ], [ 22.17913613390516, 46.546865953608211 ] ], [ [ 22.17913613390516, 46.546865953608211 ], [ 22.179740764100764, 46.539482340338864 ] ], [ [ 22.175497643098293, 46.536403245394794 ], [ 22.179740764100764, 46.539482340338864 ] ], [ [ 22.175497643098293, 46.536403245394794 ], [ 22.184037606849355, 46.525968979374198 ] ], [ [ 22.184037606849355, 46.525968979374198 ], [ 22.189681284859866, 46.524428976392741 ] ], [ [ 22.189681284859866, 46.524428976392741 ], [ 22.191592083746052, 46.520717230232236 ] ], [ [ 22.191592083746052, 46.520717230232236 ], [ 22.203290757472505, 46.511966382779988 ] ], [ [ 22.203290757472505, 46.511966382779988 ], [ 22.2092882709665, 46.512094059001441 ] ], [ [ 22.2092882709665, 46.512094059001441 ], [ 22.218035525302255, 46.521169877258906 ] ], [ [ 22.218035525302255, 46.521169877258906 ], [ 22.222122007980307, 46.516018178107814 ] ], [ [ 22.222122007980307, 46.516018178107814 ], [ 22.229004879498255, 46.514247300944582 ] ], [ [ 22.228963551751708, 46.509030068750882 ], [ 22.229004879498255, 46.514247300944582 ] ], [ [ 22.228963551751708, 46.509030068750882 ], [ 22.238914980557084, 46.508336410617368 ] ], [ [ 22.238914980557084, 46.508336410617368 ], [ 22.24103458622778, 46.506007544734445 ] ], [ [ 22.24103458622778, 46.506007544734445 ], [ 22.246070179353964, 46.502343463757271 ] ], [ [ 22.246070179353964, 46.502343463757271 ], [ 22.25086944382565, 46.503875690646765 ] ], [ [ 22.25086944382565, 46.503875690646765 ], [ 22.256753631098658, 46.507076968882131 ] ], [ [ 22.256753631098658, 46.507076968882131 ], [ 22.272398809932994, 46.500804633721486 ] ], [ [ 22.272398809932994, 46.500804633721486 ], [ 22.281818146730952, 46.502603011964183 ] ], [ [ 22.281818146730952, 46.502603011964183 ], [ 22.296903467960266, 46.510106330496917 ] ], [ [ 22.296903467960266, 46.510106330496917 ], [ 22.301956967293979, 46.509944974969649 ] ], [ [ 22.301956967293979, 46.509944974969649 ], [ 22.314855247565912, 46.515090113367677 ] ], [ [ 22.314855247565912, 46.515090113367677 ], [ 22.325169066224273, 46.514515975189425 ] ], [ [ 22.323286829325266, 46.511415600799339 ], [ 22.325169066224273, 46.514515975189425 ] ], [ [ 22.323286829325266, 46.511415600799339 ], [ 22.327405591996861, 46.501549931230812 ] ], [ [ 22.323440402362355, 46.495419032584117 ], [ 22.327405591996861, 46.501549931230812 ] ], [ [ 22.323440402362355, 46.495419032584117 ], [ 22.328378487224843, 46.490418617552372 ] ], [ [ 22.323326130103336, 46.483475122713422 ], [ 22.328378487224843, 46.490418617552372 ] ], [ [ 22.323326130103336, 46.483475122713422 ], [ 22.328961550986406, 46.478413679157299 ] ], [ [ 22.328961550986406, 46.478413679157299 ], [ 22.33500339516117, 46.478077935757085 ] ], [ [ 22.33500339516117, 46.478077935757085 ], [ 22.339359721682722, 46.47355298832025 ] ], [ [ 22.339359721682722, 46.47355298832025 ], [ 22.344558340143301, 46.461653227366149 ] ], [ [ 22.344558340143301, 46.461653227366149 ], [ 22.346682210558761, 46.453256648910276 ] ], [ [ 22.34540604370904, 46.449655764501372 ], [ 22.346682210558761, 46.453256648910276 ] ], [ [ 22.34540604370904, 46.449655764501372 ], [ 22.351882076190837, 46.442748736250316 ] ], [ [ 22.351882076190837, 46.442748736250316 ], [ 22.360075172351955, 46.438916511902974 ] ], [ [ 22.360075172351955, 46.438916511902974 ], [ 22.373904601814793, 46.4391304941919 ] ], [ [ 22.373904601814793, 46.4391304941919 ], [ 22.379026788060486, 46.434125938879198 ] ], [ [ 22.379026788060486, 46.434125938879198 ], [ 22.381953851331225, 46.430299215257875 ] ], [ [ 22.369175162328027, 46.427668182181748 ], [ 22.381953851331225, 46.430299215257875 ] ], [ [ 22.369175162328027, 46.427668182181748 ], [ 22.377249743162217, 46.424367332907941 ] ], [ [ 22.377249743162217, 46.424367332907941 ], [ 22.401235308799169, 46.409658053671677 ] ], [ [ 22.401235308799169, 46.409658053671677 ], [ 22.411388158326989, 46.409171021447001 ] ], [ [ 22.411388158326989, 46.409171021447001 ], [ 22.416128618367321, 46.401362671995585 ] ], [ [ 22.416128618367321, 46.401362671995585 ], [ 22.424526579370262, 46.397460230293042 ] ], [ [ 22.424137032639472, 46.393329011353423 ], [ 22.424526579370262, 46.397460230293042 ] ], [ [ 22.424137032639472, 46.393329011353423 ], [ 22.430619397926741, 46.392019771849881 ] ], [ [ 22.430619397926741, 46.392019771849881 ], [ 22.45243947144948, 46.38504613691299 ] ], [ [ 22.45243947144948, 46.38504613691299 ], [ 22.465852675551112, 46.386892348300684 ] ], [ [ 22.465852675551112, 46.386892348300684 ], [ 22.470215376270726, 46.385569536578458 ] ], [ [ 22.470215376270726, 46.385569536578458 ], [ 22.503757408711973, 46.386226214415814 ] ], [ [ 22.503757408711973, 46.386226214415814 ], [ 22.518480774762239, 46.387002077557057 ] ], [ [ 22.518480774762239, 46.387002077557057 ], [ 22.535299360186734, 46.389791877128928 ] ], [ [ 22.535299360186734, 46.389791877128928 ], [ 22.554426970786231, 46.394010008989412 ] ], [ [ 22.554426970786231, 46.394010008989412 ], [ 22.565786933319483, 46.39243846257137 ] ], [ [ 22.565786933319483, 46.39243846257137 ], [ 22.573837778758794, 46.397778852329182 ] ], [ [ 22.573837778758794, 46.397778852329182 ], [ 22.592507721584582, 46.397260233335473 ] ], [ [ 22.592507721584582, 46.397260233335473 ], [ 22.60660585847268, 46.393063807779065 ] ], [ [ 22.60660585847268, 46.393063807779065 ], [ 22.626192925475401, 46.390053445980335 ] ], [ [ 22.626192925475401, 46.390053445980335 ], [ 22.63457249314591, 46.38970599105177 ] ], [ [ 22.63457249314591, 46.38970599105177 ], [ 22.649305650766813, 46.39148767808954 ] ], [ [ 22.649305650766813, 46.39148767808954 ], [ 22.656496744395692, 46.397071196538548 ] ], [ [ 22.656496744395692, 46.397071196538548 ], [ 22.660780160712537, 46.397696598688697 ] ], [ [ 22.660780160712537, 46.397696598688697 ], [ 22.666389388011254, 46.404145933210387 ] ], [ [ 22.666389388011254, 46.404145933210387 ], [ 22.676576149070939, 46.40583436133813 ] ] ] } },
{ "type": "Feature", "properties": { "id": 17, "leftRegion": "Centru", "leftId": 877, "rightRegion": "Vest", "rightId": 859, "version": "2025/03/26" }, "geometry": { "type": "MultiLineString", "coordinates": [ [ [ 22.67562852124442, 46.394978374526772 ], [ 22.676576149070939, 46.40583436133813 ] ], [ [ 22.67562852124442, 46.394978374526772 ], [ 22.680684175197857, 46.387698979737635 ] ], [ [ 22.680684175197857, 46.387698979737635 ], [ 22.682291634037476, 46.38518580752752 ] ], [ [ 22.682291634037476, 46.38518580752752 ], [ 22.691492248512589, 46.383854452109944 ] ], [ [ 22.691492248512589, 46.383854452109944 ], [ 22.698745716472466, 46.37873361567695 ] ], [ [ 22.697731711142193, 46.371022882696188 ], [ 22.698745716472466, 46.37873361567695 ] ], [ [ 22.697731711142193, 46.371022882696188 ], [ 22.699313043233587, 46.365551779171319 ] ], [ [ 22.699313043233587, 46.365551779171319 ], [ 22.713887254736846, 46.362186786158581 ] ], [ [ 22.713887254736846, 46.362186786158581 ], [ 22.727814425277487, 46.363630414852743 ] ], [ [ 22.727814425277487, 46.363630414852743 ], [ 22.734416571732485, 46.35899759337363 ] ], [ [ 22.734416571732485, 46.35899759337363 ], [ 22.743131506322761, 46.356702299008276 ] ], [ [ 22.743131506322761, 46.356702299008276 ], [ 22.748717183280512, 46.351215954795293 ] ], [ [ 22.748717183280512, 46.351215954795293 ], [ 22.761792353870174, 46.352674760306734 ] ], [ [ 22.761792353870174, 46.352674760306734 ], [ 22.766261854631701, 46.350313414179858 ] ], [ [ 22.766261854631701, 46.350313414179858 ], [ 22.773916677748641, 46.350393850553573 ] ], [ [ 22.773916677748641, 46.350393850553573 ], [ 22.783136443292555, 46.341440592957838 ] ], [ [ 22.783136443292555, 46.341440592957838 ], [ 22.789616165281259, 46.338737301666498 ] ], [ [ 22.789616165281259, 46.338737301666498 ], [ 22.799444923698324, 46.33883064051512 ] ], [ [ 22.799444923698324, 46.33883064051512 ], [ 22.803687423807002, 46.334415142480019 ] ], [ [ 22.803687423807002, 46.334415142480019 ], [ 22.804695444010655, 46.329783502816596 ] ], [ [ 22.804695444010655, 46.329783502816596 ], [ 22.812032512384967, 46.326059370116354 ] ], [ [ 22.812032512384967, 46.326059370116354 ], [ 22.821055470227812, 46.328785169232169 ] ], [ [ 22.821055470227812, 46.328785169232169 ], [ 22.834607242839862, 46.327659524143378 ] ], [ [ 22.834607242839862, 46.327659524143378 ], [ 22.851804640955883, 46.329589251226579 ] ], [ [ 22.851804640955883, 46.329589251226579 ], [ 22.855278884461963, 46.33559765736414 ] ], [ [ 22.855278884461963, 46.33559765736414 ], [ 22.870622598001443, 46.337890370514884 ] ], [ [ 22.870622598001443, 46.337890370514884 ], [ 22.878111684054129, 46.337290662270426 ] ], [ [ 22.878111684054129, 46.337290662270426 ], [ 22.889324683089288, 46.333301731796219 ] ], [ [ 22.889324683089288, 46.333301731796219 ], [ 22.898569210799259, 46.332079901000242 ] ], [ [ 22.898569210799259, 46.332079901000242 ], [ 22.91645884832624, 46.329665913787068 ] ], [ [ 22.91645884832624, 46.329665913787068 ], [ 22.925722531085935, 46.330597738343414 ] ], [ [ 22.925722531085935, 46.330597738343414 ], [ 22.935614760676366, 46.324698162413114 ] ], [ [ 22.935383770117692, 46.317437619338435 ], [ 22.935614760676366, 46.324698162413114 ] ], [ [ 22.935383770117692, 46.317437619338435 ], [ 22.939132288528768, 46.310568095794821 ] ], [ [ 22.939132288528768, 46.310568095794821 ], [ 22.943298550152566, 46.306808365147198 ] ], [ [ 22.943440122036588, 46.298301270359104 ], [ 22.943298550152566, 46.306808365147198 ] ], [ [ 22.943440122036588, 46.298301270359104 ], [ 22.952242495370626, 46.296413676046768 ] ], [ [ 22.952242495370626, 46.296413676046768 ], [ 22.958224311568678, 46.292830356321645 ] ], [ [ 22.958224311568678, 46.292830356321645 ], [ 22.960027606708749, 46.28743798923184 ] ], [ [ 22.960027606708749, 46.28743798923184 ], [ 22.965065912472273, 46.282382733230094 ] ], [ [ 22.954629317381308, 46.271286068804912 ], [ 22.965065912472273, 46.282382733230094 ] ], [ [ 22.94771655719121, 46.267023125559213 ], [ 22.954629317381308, 46.271286068804912 ] ], [ [ 22.94771655719121, 46.267023125559213 ], [ 22.954931119663932, 46.260562842689154 ] ], [ [ 22.954119138726536, 46.25502540185871 ], [ 22.954931119663932, 46.260562842689154 ] ], [ [ 22.954119138726536, 46.25502540185871 ], [ 22.956906404975523, 46.245519997504672 ] ], [ [ 22.956906404975523, 46.245519997504672 ], [ 22.960156229791323, 46.244146557175377 ] ], [ [ 22.960156229791323, 46.244146557175377 ], [ 22.967322254690327, 46.240520740898916 ] ], [ [ 22.967322254690327, 46.240520740898916 ], [ 22.967888656211191, 46.236180052798105 ] ], [ [ 22.967888656211191, 46.236180052798105 ], [ 22.975340102850915, 46.233922114673121 ] ], [ [ 22.975340102850915, 46.233922114673121 ], [ 22.979491269083987, 46.227542781983104 ] ], [ [ 22.979491269083987, 46.227542781983104 ], [ 22.982249109236658, 46.217374292563903 ] ], [ [ 22.982249109236658, 46.217374292563903 ], [ 22.991099189864514, 46.2182138229565 ] ], [ [ 22.991099189864514, 46.2182138229565 ], [ 23.002673376073272, 46.211696603942855 ] ], [ [ 23.002673376073272, 46.211696603942855 ], [ 23.012217818820599, 46.214783619122784 ] ], [ [ 23.012217818820599, 46.214783619122784 ], [ 23.016425788671995, 46.212269586524393 ] ], [ [ 23.016425788671995, 46.212269586524393 ], [ 23.025098422516695, 46.212149079483829 ] ], [ [ 23.025098422516695, 46.212149079483829 ], [ 23.029832353073807, 46.209557606543257 ] ], [ [ 23.029832353073807, 46.209557606543257 ], [ 23.039446530774878, 46.208088122627345 ] ], [ [ 23.039446530774878, 46.208088122627345 ], [ 23.050514576554839, 46.213794525598892 ] ], [ [ 23.050514576554839, 46.213794525598892 ], [ 23.05728567516832, 46.209303419409721 ] ], [ [ 23.05728567516832, 46.209303419409721 ], [ 23.06943260535045, 46.20755273727594 ] ], [ [ 23.069439080585138, 46.198687145009949 ], [ 23.06943260535045, 46.20755273727594 ] ], [ [ 23.069439080585138, 46.198687145009949 ], [ 23.086557339980647, 46.189036163436157 ] ], [ [ 23.086557339980647, 46.189036163436157 ], [ 23.090217156038104, 46.184438458156983 ] ], [ [ 23.090217156038104, 46.184438458156983 ], [ 23.095536000467398, 46.18230823890552 ] ], [ [ 23.091333237688158, 46.177207072878645 ], [ 23.095536000467398, 46.18230823890552 ] ], [ [ 23.090526589258669, 46.165935179576181 ], [ 23.091333237688158, 46.177207072878645 ] ], [ [ 23.090526589258669, 46.165935179576181 ], [ 23.096381009424785, 46.162635267091979 ] ], [ [ 23.095294872886328, 46.15880429221211 ], [ 23.096381009424785, 46.162635267091979 ] ], [ [ 23.095294872886328, 46.15880429221211 ], [ 23.103762583340707, 46.153739213367125 ] ], [ [ 23.103762583340707, 46.153739213367125 ], [ 23.104401083216935, 46.149975030356551 ] ], [ [ 23.099016943410295, 46.138918108357878 ], [ 23.104401083216935, 46.149975030356551 ] ], [ [ 23.085609143844763, 46.145142455862953 ], [ 23.099016943410295, 46.138918108357878 ] ], [ [ 23.080054724295493, 46.149585120216216 ], [ 23.085609143844763, 46.145142455862953 ] ], [ [ 23.076382845486208, 46.145124758516182 ], [ 23.080054724295493, 46.149585120216216 ] ], [ [ 23.066136922531602, 46.142721246117297 ], [ 23.076382845486208, 46.145124758516182 ] ], [ [ 23.058823082232699, 46.142821774289771 ], [ 23.066136922531602, 46.142721246117297 ] ], [ [ 23.055351798979508, 46.140619061008707 ], [ 23.058823082232699, 46.142821774289771 ] ], [ [ 23.055351798979508, 46.140619061008707 ], [ 23.057865208220871, 46.131552269812168 ] ], [ [ 23.057865208220871, 46.131552269812168 ], [ 23.067898269741594, 46.122337663726881 ] ], [ [ 23.064424716749578, 46.116764880484915 ], [ 23.067898269741594, 46.122337663726881 ] ], [ [ 23.064424716749578, 46.116764880484915 ], [ 23.064793498490527, 46.110044707613149 ] ], [ [ 23.06198735254701, 46.106269744697428 ], [ 23.064793498490527, 46.110044707613149 ] ], [ [ 23.06198735254701, 46.106269744697428 ], [ 23.075306040948234, 46.107176054097259 ] ], [ [ 23.075306040948234, 46.107176054097259 ], [ 23.089470524393011, 46.10021132672091 ] ], [ [ 23.089470524393011, 46.10021132672091 ], [ 23.090718171547508, 46.094896575987114 ] ], [ [ 23.086290189296179, 46.094181391130114 ], [ 23.090718171547508, 46.094896575987114 ] ], [ [ 23.086290189296179, 46.094181391130114 ], [ 23.087184445654259, 46.088722934810534 ] ], [ [ 23.081086512106804, 46.081459980281601 ], [ 23.087184445654259, 46.088722934810534 ] ], [ [ 23.081086512106804, 46.081459980281601 ], [ 23.089356246003909, 46.076665464603558 ] ], [ [ 23.086207538041084, 46.067667273594729 ], [ 23.089356246003909, 46.076665464603558 ] ], [ [ 23.086207538041084, 46.067667273594729 ], [ 23.098886840269071, 46.064061972447405 ] ], [ [ 23.098886840269071, 46.064061972447405 ], [ 23.102663743224642, 46.061700659555129 ] ], [ [ 23.102663743224642, 46.061700659555129 ], [ 23.103557604956332, 46.051847810854277 ] ], [ [ 23.101756241287291, 46.045527906526999 ], [ 23.103557604956332, 46.051847810854277 ] ], [ [ 23.101756241287291, 46.045527906526999 ], [ 23.108580407015729, 46.046714821924773 ] ], [ [ 23.108580407015729, 46.046714821924773 ], [ 23.118812842787154, 46.042253975633621 ] ], [ [ 23.118812842787154, 46.042253975633621 ], [ 23.129360049940331, 46.042814335557118 ] ], [ [ 23.129360049940331, 46.042814335557118 ], [ 23.134506414821711, 46.038806816559422 ] ], [ [ 23.134506414821711, 46.038806816559422 ], [ 23.153424711197282, 46.035031063956794 ] ], [ [ 23.153424711197282, 46.035031063956794 ], [ 23.16286870418207, 46.032031359012279 ] ], [ [ 23.16286870418207, 46.032031359012279 ], [ 23.169726313039643, 46.032849259956116 ] ], [ [ 23.169726313039643, 46.032849259956116 ], [ 23.177915912654612, 46.031354675921037 ] ], [ [ 23.177915912654612, 46.031354675921037 ], [ 23.184244556979724, 46.027124411159946 ] ], [ [ 23.184244556979724, 46.027124411159946 ], [ 23.20005578217679, 46.03281772660474 ] ], [ [ 23.20005578217679, 46.03281772660474 ], [ 23.204774868017985, 46.035973412125692 ] ], [ [ 23.204774868017985, 46.035973412125692 ], [ 23.215820846409773, 46.03522942040987 ] ], [ [ 23.215820846409773, 46.03522942040987 ], [ 23.223556562451105, 46.032918886268646 ] ], [ [ 23.223556562451105, 46.032918886268646 ], [ 23.230119649002511, 46.035749831740425 ] ], [ [ 23.230119649002511, 46.035749831740425 ], [ 23.234710398079752, 46.0401116724437 ] ], [ [ 23.234710398079752, 46.0401116724437 ], [ 23.241681634815233, 46.038548648580623 ] ], [ [ 23.234868297124372, 46.030509173454838 ], [ 23.241681634815233, 46.038548648580623 ] ], [ [ 23.234868297124372, 46.030509173454838 ], [ 23.237980104635554, 46.020163269725856 ] ], [ [ 23.23674729725095, 46.016187773174742 ], [ 23.237980104635554, 46.020163269725856 ] ], [ [ 23.23674729725095, 46.016187773174742 ], [ 23.240421052132188, 46.008814820408112 ] ], [ [ 23.237691582009486, 45.995669638472236 ], [ 23.240421052132188, 46.008814820408112 ] ], [ [ 23.234991098663336, 45.989488740510275 ], [ 23.237691582009486, 45.995669638472236 ] ], [ [ 23.234991098663336, 45.989488740510275 ], [ 23.236208784805008, 45.984998300608481 ] ], [ [ 23.236208784805008, 45.984998300608481 ], [ 23.247456900805503, 45.976165552905698 ] ], [ [ 23.247456900805503, 45.976165552905698 ], [ 23.252342604977766, 45.969331138180074 ] ], [ [ 23.251066029053476, 45.961737479229392 ], [ 23.252342604977766, 45.969331138180074 ] ], [ [ 23.251066029053476, 45.961737479229392 ], [ 23.255380733070574, 45.955803087188279 ] ], [ [ 23.255380733070574, 45.955803087188279 ], [ 23.25916117960486, 45.943485192383434 ] ], [ [ 23.25916117960486, 45.943485192383434 ], [ 23.265094232775233, 45.933624275836507 ] ], [ [ 23.265094232775233, 45.933624275836507 ], [ 23.269546138138573, 45.929063218184609 ] ], [ [ 23.269546138138573, 45.929063218184609 ], [ 23.280707240217229, 45.927192005906086 ] ], [ [ 23.280707240217229, 45.927192005906086 ], [ 23.290674055029658, 45.920029380124291 ] ], [ [ 23.290674055029658, 45.920029380124291 ], [ 23.298294113542866, 45.918231189580119 ] ], [ [ 23.298294113542866, 45.918231189580119 ], [ 23.312616467416731, 45.922382947296924 ] ], [ [ 23.312616467416731, 45.922382947296924 ], [ 23.314902937007275, 45.919582728577943 ] ], [ [ 23.314902937007275, 45.919582728577943 ], [ 23.322923999341267, 45.921270390644132 ] ], [ [ 23.322923999341267, 45.921270390644132 ], [ 23.328665354651442, 45.915625620333195 ] ], [ [ 23.328665354651442, 45.915625620333195 ], [ 23.337651626049635, 45.918080928656572 ] ], [ [ 23.337651626049635, 45.918080928656572 ], [ 23.33815886250612, 45.912252160423421 ] ], [ [ 23.333837083789522, 45.908838029984942 ], [ 23.33815886250612, 45.912252160423421 ] ], [ [ 23.314727674373056, 45.904555342742789 ], [ 23.333837083789522, 45.908838029984942 ] ], [ [ 23.303345801541589, 45.893781797981191 ], [ 23.314727674373056, 45.904555342742789 ] ], [ [ 23.303345801541589, 45.893781797981191 ], [ 23.308490723128919, 45.893202974801724 ] ], [ [ 23.308490723128919, 45.893202974801724 ], [ 23.317627350871096, 45.889306927752649 ] ], [ [ 23.317627350871096, 45.889306927752649 ], [ 23.325574869354885, 45.880680365733227 ] ], [ [ 23.325574869354885, 45.880680365733227 ], [ 23.331655116089212, 45.879810488652403 ] ], [ [ 23.331655116089212, 45.879810488652403 ], [ 23.332706913754244, 45.871001520303722 ] ], [ [ 23.327158702657801, 45.866555738331193 ], [ 23.332706913754244, 45.871001520303722 ] ], [ [ 23.327158702657801, 45.866555738331193 ], [ 23.330112736931707, 45.859760375393776 ] ], [ [ 23.324742306395464, 45.851720547109821 ], [ 23.330112736931707, 45.859760375393776 ] ], [ [ 23.324742306395464, 45.851720547109821 ], [ 23.326848164503929, 45.842564919512213 ] ], [ [ 23.323715710832023, 45.838055530290646 ], [ 23.326848164503929, 45.842564919512213 ] ], [ [ 23.323715710832023, 45.838055530290646 ], [ 23.329225342116281, 45.831516902233645 ] ], [ [ 23.329225342116281, 45.831516902233645 ], [ 23.330898660776686, 45.823964585425649 ] ], [ [ 23.330898660776686, 45.823964585425649 ], [ 23.337116053222442, 45.820031199199164 ] ], [ [ 23.337116053222442, 45.820031199199164 ], [ 23.339706676822505, 45.809545755271017 ] ], [ [ 23.339706676822505, 45.809545755271017 ], [ 23.343729865779682, 45.807612993764479 ] ], [ [ 23.343728443774967, 45.799303079871983 ], [ 23.343729865779682, 45.807612993764479 ] ], [ [ 23.343728443774967, 45.799303079871983 ], [ 23.35292001820865, 45.792840064298915 ] ], [ [ 23.34776810125658, 45.787882737333419 ], [ 23.35292001820865, 45.792840064298915 ] ], [ [ 23.34776810125658, 45.787882737333419 ], [ 23.356854205010606, 45.776257537793313 ] ], [ [ 23.356854205010606, 45.776257537793313 ], [ 23.365789768387785, 45.775832337905975 ] ], [ [ 23.365789768387785, 45.775832337905975 ], [ 23.375443729017622, 45.771470554329106 ] ], [ [ 23.375537651021268, 45.764970971802768 ], [ 23.375443729017622, 45.771470554329106 ] ], [ [ 23.375537651021268, 45.764970971802768 ], [ 23.380997574428442, 45.759182150800982 ] ], [ [ 23.380149286346402, 45.752971583373842 ], [ 23.380997574428442, 45.759182150800982 ] ], [ [ 23.375035323138185, 45.748968354382058 ], [ 23.380149286346402, 45.752971583373842 ] ], [ [ 23.374639268920024, 45.744252023447267 ], [ 23.375035323138185, 45.748968354382058 ] ], [ [ 23.369971162770756, 45.738122728653671 ], [ 23.374639268920024, 45.744252023447267 ] ], [ [ 23.367686782555381, 45.72751602834645 ], [ 23.369971162770756, 45.738122728653671 ] ], [ [ 23.360167285001424, 45.717874955709512 ], [ 23.367686782555381, 45.72751602834645 ] ], [ [ 23.360167285001424, 45.717874955709512 ], [ 23.363191295385942, 45.714974312423223 ] ], [ [ 23.363191295385942, 45.714974312423223 ], [ 23.365980801226979, 45.707407998712341 ] ], [ [ 23.365980801226979, 45.707407998712341 ], [ 23.382138815675422, 45.694771147174407 ] ], [ [ 23.382138815675422, 45.694771147174407 ], [ 23.394988100640443, 45.694220525412334 ] ], [ [ 23.394988100640443, 45.694220525412334 ], [ 23.404687573094964, 45.687030544476535 ] ], [ [ 23.404687573094964, 45.687030544476535 ], [ 23.414076392462249, 45.683831442612956 ] ], [ [ 23.414076392462249, 45.683831442612956 ], [ 23.418297845680804, 45.684012069825307 ] ], [ [ 23.418297845680804, 45.684012069825307 ], [ 23.422654280660492, 45.678728810046749 ] ], [ [ 23.422091989243313, 45.67007013432724 ], [ 23.422654280660492, 45.678728810046749 ] ], [ [ 23.408561641049271, 45.668374462603644 ], [ 23.422091989243313, 45.67007013432724 ] ], [ [ 23.401792564013441, 45.658872527907953 ], [ 23.408561641049271, 45.668374462603644 ] ], [ [ 23.386719546212312, 45.657004747877664 ], [ 23.401792564013441, 45.658872527907953 ] ], [ [ 23.385055201067019, 45.650263735195111 ], [ 23.386719546212312, 45.657004747877664 ] ], [ [ 23.371910097903466, 45.644255541063991 ], [ 23.385055201067019, 45.650263735195111 ] ], [ [ 23.365755459338239, 45.63745648598784 ], [ 23.371910097903466, 45.644255541063991 ] ], [ [ 23.365755459338239, 45.63745648598784 ], [ 23.369878027141503, 45.626184629258638 ] ], [ [ 23.369878027141503, 45.626184629258638 ], [ 23.376895658020324, 45.621932092987279 ] ], [ [ 23.376895658020324, 45.621932092987279 ], [ 23.394399943982325, 45.630603374235044 ] ], [ [ 23.394399943982325, 45.630603374235044 ], [ 23.409061967327812, 45.633808522219695 ] ], [ [ 23.409061967327812, 45.633808522219695 ], [ 23.415286753245056, 45.63135749386776 ] ], [ [ 23.415286753245056, 45.63135749386776 ], [ 23.419607271449227, 45.6264735566293 ] ], [ [ 23.419607271449227, 45.6264735566293 ], [ 23.426659414276113, 45.623062670015578 ] ], [ [ 23.42173610703318, 45.618038758061751 ], [ 23.426659414276113, 45.623062670015578 ] ], [ [ 23.42044299279392, 45.613776146547082 ], [ 23.42173610703318, 45.618038758061751 ] ], [ [ 23.42044299279392, 45.613776146547082 ], [ 23.424243998556751, 45.607416875529125 ] ], [ [ 23.419326792971773, 45.602069232634683 ], [ 23.424243998556751, 45.607416875529125 ] ], [ [ 23.419374722607042, 45.591851520564326 ], [ 23.419326792971773, 45.602069232634683 ] ], [ [ 23.419374722607042, 45.591851520564326 ], [ 23.428195013152418, 45.58457963094812 ] ], [ [ 23.428195013152418, 45.58457963094812 ], [ 23.44068884782757, 45.587877345527652 ] ], [ [ 23.44068884782757, 45.587877345527652 ], [ 23.446246543330609, 45.585786592557334 ] ], [ [ 23.446246543330609, 45.585786592557334 ], [ 23.454095702831054, 45.579776526549253 ] ], [ [ 23.454095702831054, 45.579776526549253 ], [ 23.465189282770158, 45.581773652660232 ] ], [ [ 23.465189282770158, 45.581773652660232 ], [ 23.479565561407277, 45.578787776986843 ] ], [ [ 23.479565561407277, 45.578787776986843 ], [ 23.483193191971171, 45.573671311406137 ] ], [ [ 23.483193191971171, 45.573671311406137 ], [ 23.489001609307291, 45.57735467664876 ] ], [ [ 23.489001609307291, 45.57735467664876 ], [ 23.500367128935309, 45.579058476925752 ] ], [ [ 23.500367128935309, 45.579058476925752 ], [ 23.504541505695052, 45.570940534274833 ] ], [ [ 23.503322353024373, 45.56332035873109 ], [ 23.504541505695052, 45.570940534274833 ] ], [ [ 23.503322353024373, 45.56332035873109 ], [ 23.515004856617875, 45.552628334451342 ] ], [ [ 23.515004856617875, 45.552628334451342 ], [ 23.523268823413925, 45.550209761241895 ] ], [ [ 23.523268823413925, 45.550209761241895 ], [ 23.536595725942341, 45.54981025496884 ] ], [ [ 23.536595725942341, 45.54981025496884 ], [ 23.540632820282379, 45.544790590982522 ] ], [ [ 23.540632820282379, 45.544790590982522 ], [ 23.551104302880294, 45.538330147737831 ] ], [ [ 23.551104302880294, 45.538330147737831 ], [ 23.554056393108077, 45.530816053698395 ] ], [ [ 23.554056393108077, 45.530816053698395 ], [ 23.562160290417228, 45.528615046559729 ] ], [ [ 23.562160290417228, 45.528615046559729 ], [ 23.568175920688041, 45.525201133417625 ] ], [ [ 23.568175920688041, 45.525201133417625 ], [ 23.572075729489978, 45.520585188894593 ] ], [ [ 23.572075729489978, 45.520585188894593 ], [ 23.572602848685488, 45.515175036795839 ] ], [ [ 23.572602848685488, 45.515175036795839 ], [ 23.577736903676811, 45.50710708995603 ] ], [ [ 23.577736903676811, 45.50710708995603 ], [ 23.582864318728571, 45.504672960673531 ] ], [ [ 23.582864318728571, 45.504672960673531 ], [ 23.584153119594216, 45.500046723774453 ] ], [ [ 23.584153119594216, 45.500046723774453 ], [ 23.595622796214165, 45.490612221130057 ] ], [ [ 23.591915518024145, 45.486625570446201 ], [ 23.595622796214165, 45.490612221130057 ] ], [ [ 23.591915518024145, 45.486625570446201 ], [ 23.598111609486882, 45.477989191348343 ] ], [ [ 23.597277744472922, 45.47347619285302 ], [ 23.598111609486882, 45.477989191348343 ] ] ] } },
{ "type": "Feature", "properties": { "id": 18, "leftRegion": "Centru", "leftId": 877, "rightRegion": "Nord-Vest", "rightId": 868, "version": "2025/03/26" }, "geometry": { "type": "MultiLineString", "coordinates": [ [ [ 23.569186355200266, 46.492217856619796 ], [ 23.574469046135473, 46.497163086541356 ] ], [ [ 23.563149612050168, 46.491981486490644 ], [ 23.569186355200266, 46.492217856619796 ] ], [ [ 23.55946888947836, 46.488242511803385 ], [ 23.563149612050168, 46.491981486490644 ] ], [ [ 23.555037813293804, 46.492645677676471 ], [ 23.55946888947836, 46.488242511803385 ] ], [ [ 23.548683481208766, 46.503696215881291 ], [ 23.555037813293804, 46.492645677676471 ] ], [ [ 23.536214166375242, 46.498720865693997 ], [ 23.548683481208766, 46.503696215881291 ] ], [ [ 23.529440657191415, 46.498791803636422 ], [ 23.536214166375242, 46.498720865693997 ] ], [ [ 23.529440657191415, 46.498791803636422 ], [ 23.530910377709045, 46.491614395058285 ] ], [ [ 23.523130291483685, 46.485964251685168 ], [ 23.530910377709045, 46.491614395058285 ] ], [ [ 23.514652176946676, 46.493117274613326 ], [ 23.523130291483685, 46.485964251685168 ] ], [ [ 23.502405947981302, 46.496244968245399 ], [ 23.514652176946676, 46.493117274613326 ] ], [ [ 23.497928327499384, 46.495031115972623 ], [ 23.502405947981302, 46.496244968245399 ] ], [ [ 23.487213475468689, 46.499703256756348 ], [ 23.497928327499384, 46.495031115972623 ] ], [ [ 23.462236151456487, 46.504501879294281 ], [ 23.487213475468689, 46.499703256756348 ] ], [ [ 23.454518112742523, 46.517406490701035 ], [ 23.462236151456487, 46.504501879294281 ] ], [ [ 23.454518112742523, 46.517406490701035 ], [ 23.460066278845428, 46.525410482238641 ] ], [ [ 23.453041906692015, 46.527333285913123 ], [ 23.460066278845428, 46.525410482238641 ] ], [ [ 23.439362234082775, 46.523233620563168 ], [ 23.453041906692015, 46.527333285913123 ] ], [ [ 23.434530475980655, 46.528185843656026 ], [ 23.439362234082775, 46.523233620563168 ] ], [ [ 23.426925422814531, 46.529726407536373 ], [ 23.434530475980655, 46.528185843656026 ] ], [ [ 23.422466331679107, 46.527243645395806 ], [ 23.426925422814531, 46.529726407536373 ] ], [ [ 23.413947538679459, 46.52966286377881 ], [ 23.422466331679107, 46.527243645395806 ] ], [ [ 23.400502389896374, 46.53059284014914 ], [ 23.413947538679459, 46.52966286377881 ] ], [ [ 23.391730882695729, 46.539627423742189 ], [ 23.400502389896374, 46.53059284014914 ] ], [ [ 23.382150009784052, 46.540623343828052 ], [ 23.391730882695729, 46.539627423742189 ] ], [ [ 23.367611176923972, 46.537707180844947 ], [ 23.382150009784052, 46.540623343828052 ] ], [ [ 23.35835153317392, 46.534399843479619 ], [ 23.367611176923972, 46.537707180844947 ] ], [ [ 23.354382572610909, 46.53128753153198 ], [ 23.35835153317392, 46.534399843479619 ] ], [ [ 23.346668158514884, 46.533351995616002 ], [ 23.354382572610909, 46.53128753153198 ] ], [ [ 23.340684186459455, 46.530099649690918 ], [ 23.346668158514884, 46.533351995616002 ] ], [ [ 23.335166132401643, 46.532653344342705 ], [ 23.340684186459455, 46.530099649690918 ] ], [ [ 23.330049063233101, 46.528115489434157 ], [ 23.335166132401643, 46.532653344342705 ] ], [ [ 23.316218885998193, 46.525254360536394 ], [ 23.330049063233101, 46.528115489434157 ] ], [ [ 23.304758462088575, 46.525075617011204 ], [ 23.316218885998193, 46.525254360536394 ] ], [ [ 23.298481437726444, 46.530240524557989 ], [ 23.304758462088575, 46.525075617011204 ] ], [ [ 23.291090868658387, 46.528999939850678 ], [ 23.298481437726444, 46.530240524557989 ] ], [ [ 23.282185408851433, 46.529936609049521 ], [ 23.291090868658387, 46.528999939850678 ] ], [ [ 23.277771790725911, 46.526216023195794 ], [ 23.282185408851433, 46.529936609049521 ] ], [ [ 23.277771790725911, 46.526216023195794 ], [ 23.279915724529992, 46.512558448861384 ] ], [ [ 23.279915724529992, 46.512558448861384 ], [ 23.289596984136082, 46.508912692294835 ] ], [ [ 23.282580385068901, 46.509183513323372 ], [ 23.289596984136082, 46.508912692294835 ] ], [ [ 23.272754853446955, 46.50401407716182 ], [ 23.282580385068901, 46.509183513323372 ] ], [ [ 23.269604147799757, 46.497767196232445 ], [ 23.272754853446955, 46.50401407716182 ] ], [ [ 23.256541882411476, 46.498992205384461 ], [ 23.269604147799757, 46.497767196232445 ] ], [ [ 23.248494038757059, 46.497786852474583 ], [ 23.256541882411476, 46.498992205384461 ] ], [ [ 23.236877069992115, 46.490918398597167 ], [ 23.248494038757059, 46.497786852474583 ] ], [ [ 23.228749435682015, 46.492620425306157 ], [ 23.236877069992115, 46.490918398597167 ] ], [ [ 23.217766467048722, 46.49047252037569 ], [ 23.228749435682015, 46.492620425306157 ] ], [ [ 23.195579447245468, 46.492529608317327 ], [ 23.217766467048722, 46.49047252037569 ] ], [ [ 23.192011017204646, 46.494305009165281 ], [ 23.195579447245468, 46.492529608317327 ] ], [ [ 23.185128650589903, 46.509606562552079 ], [ 23.192011017204646, 46.494305009165281 ] ], [ [ 23.166806621159541, 46.505564179389104 ], [ 23.185128650589903, 46.509606562552079 ] ], [ [ 23.162913996109729, 46.507333695115229 ], [ 23.166806621159541, 46.505564179389104 ] ], [ [ 23.156670870483882, 46.504892565271028 ], [ 23.162913996109729, 46.507333695115229 ] ], [ [ 23.15192674778401, 46.506209770393099 ], [ 23.156670870483882, 46.504892565271028 ] ], [ [ 23.143844402243968, 46.503352250917381 ], [ 23.15192674778401, 46.506209770393099 ] ], [ [ 23.137600442818602, 46.49590424383824 ], [ 23.143844402243968, 46.503352250917381 ] ], [ [ 23.132188987881587, 46.491923296340197 ], [ 23.137600442818602, 46.49590424383824 ] ], [ [ 23.118988484720738, 46.487350726758379 ], [ 23.132188987881587, 46.491923296340197 ] ], [ [ 23.107978678959896, 46.491945819776696 ], [ 23.118988484720738, 46.487350726758379 ] ], [ [ 23.10328508787488, 46.489611679228055 ], [ 23.107978678959896, 46.491945819776696 ] ], [ [ 23.10328508787488, 46.489611679228055 ], [ 23.104534656540931, 46.485367839117572 ] ], [ [ 23.099508334031754, 46.480372478923449 ], [ 23.104534656540931, 46.485367839117572 ] ], [ [ 23.097587819408503, 46.471022878234251 ], [ 23.099508334031754, 46.480372478923449 ] ], [ [ 23.086248801407177, 46.466586717828555 ], [ 23.097587819408503, 46.471022878234251 ] ], [ [ 23.074799689877846, 46.467683637820102 ], [ 23.086248801407177, 46.466586717828555 ] ], [ [ 23.069105796240404, 46.470897980346408 ], [ 23.074799689877846, 46.467683637820102 ] ], [ [ 23.056859232608112, 46.470254628065646 ], [ 23.069105796240404, 46.470897980346408 ] ], [ [ 23.055554585619479, 46.46662893245356 ], [ 23.056859232608112, 46.470254628065646 ] ], [ [ 23.047185520983501, 46.468233404298083 ], [ 23.055554585619479, 46.46662893245356 ] ], [ [ 23.046313649411548, 46.477173563446634 ], [ 23.047185520983501, 46.468233404298083 ] ], [ [ 23.046313649411548, 46.477173563446634 ], [ 23.053044379140108, 46.485061822178153 ] ], [ [ 23.051870617511266, 46.488029123366744 ], [ 23.053044379140108, 46.485061822178153 ] ], [ [ 23.051870617511266, 46.488029123366744 ], [ 23.055553809856143, 46.49246577229772 ] ], [ [ 23.039481712061761, 46.497801595664022 ], [ 23.055553809856143, 46.49246577229772 ] ], [ [ 23.032604680312982, 46.502031099334182 ], [ 23.039481712061761, 46.497801595664022 ] ], [ [ 23.023060399071554, 46.50016320037129 ], [ 23.032604680312982, 46.502031099334182 ] ], [ [ 23.016526290080275, 46.501301364466045 ], [ 23.023060399071554, 46.50016320037129 ] ], [ [ 23.009583617274878, 46.505736619148792 ], [ 23.016526290080275, 46.501301364466045 ] ], [ [ 23.006927277332927, 46.508652385866604 ], [ 23.009583617274878, 46.505736619148792 ] ], [ [ 23.006927277332927, 46.508652385866604 ], [ 23.009920683030607, 46.514072343537833 ] ], [ [ 23.005930653623146, 46.524124084584798 ], [ 23.009920683030607, 46.514072343537833 ] ], [ [ 23.001388828768064, 46.52717562034271 ], [ 23.005930653623146, 46.524124084584798 ] ], [ [ 23.000534560295197, 46.53444243216709 ], [ 23.001388828768064, 46.52717562034271 ] ], [ [ 22.988927257780443, 46.537938861822312 ], [ 23.000534560295197, 46.53444243216709 ] ], [ [ 22.988927257780443, 46.537938861822312 ], [ 22.999750445646534, 46.548446465459556 ] ], [ [ 22.999750445646534, 46.548446465459556 ], [ 22.999924924433969, 46.552584666419563 ] ], [ [ 22.990084314421818, 46.554559843750788 ], [ 22.999924924433969, 46.552584666419563 ] ], [ [ 22.977969144117615, 46.548740650813578 ], [ 22.990084314421818, 46.554559843750788 ] ], [ [ 22.973560194802342, 46.548496417590847 ], [ 22.977969144117615, 46.548740650813578 ] ], [ [ 22.968255318962417, 46.548521966872244 ], [ 22.973560194802342, 46.548496417590847 ] ], [ [ 22.944653011847524, 46.555389722457129 ], [ 22.968255318962417, 46.548521966872244 ] ], [ [ 22.93079357444747, 46.55513269210757 ], [ 22.944653011847524, 46.555389722457129 ] ], [ [ 22.922387833718272, 46.553218832830488 ], [ 22.93079357444747, 46.55513269210757 ] ], [ [ 22.908571126800791, 46.544383221536528 ], [ 22.922387833718272, 46.553218832830488 ] ], [ [ 22.902196905396281, 46.54408744896346 ], [ 22.908571126800791, 46.544383221536528 ] ], [ [ 22.895466490185242, 46.538677623319693 ], [ 22.902196905396281, 46.54408744896346 ] ], [ [ 22.887683031300654, 46.538316121640598 ], [ 22.895466490185242, 46.538677623319693 ] ], [ [ 22.882793781870873, 46.535951108309305 ], [ 22.887683031300654, 46.538316121640598 ] ], [ [ 22.871118696771205, 46.538909115032148 ], [ 22.882793781870873, 46.535951108309305 ] ], [ [ 22.859478727830172, 46.539950475196925 ], [ 22.871118696771205, 46.538909115032148 ] ], [ [ 22.855870022887839, 46.550551706768701 ], [ 22.859478727830172, 46.539950475196925 ] ], [ [ 22.847898110943529, 46.545894142436097 ], [ 22.855870022887839, 46.550551706768701 ] ], [ [ 22.840847160949206, 46.546464589667934 ], [ 22.847898110943529, 46.545894142436097 ] ], [ [ 22.835961445370831, 46.546443599159623 ], [ 22.840847160949206, 46.546464589667934 ] ], [ [ 22.824322696716589, 46.553720361712578 ], [ 22.835961445370831, 46.546443599159623 ] ], [ [ 22.812354228485525, 46.557052203159941 ], [ 22.824322696716589, 46.553720361712578 ] ], [ [ 22.810641105800123, 46.563642123148803 ], [ 22.812354228485525, 46.557052203159941 ] ], [ [ 22.810641105800123, 46.563642123148803 ], [ 22.811951739881859, 46.568869032424814 ] ], [ [ 22.792129984519441, 46.566684073697047 ], [ 22.811951739881859, 46.568869032424814 ] ], [ [ 22.785828713741811, 46.566145753794274 ], [ 22.792129984519441, 46.566684073697047 ] ], [ [ 22.782644086137857, 46.571575721744821 ], [ 22.785828713741811, 46.566145753794274 ] ], [ [ 22.76954851571309, 46.575097603080167 ], [ 22.782644086137857, 46.571575721744821 ] ], [ [ 22.762819041121197, 46.575098731729376 ], [ 22.76954851571309, 46.575097603080167 ] ], [ [ 22.752173409420273, 46.569048849177769 ], [ 22.762819041121197, 46.575098731729376 ] ], [ [ 22.752173409420273, 46.569048849177769 ], [ 22.754817890154097, 46.562886433000727 ] ], [ [ 22.754817890154097, 46.562886433000727 ], [ 22.755358706861138, 46.552988032556485 ] ], [ [ 22.751297831468275, 46.549149493419982 ], [ 22.755358706861138, 46.552988032556485 ] ], [ [ 22.740586589187739, 46.548893370346001 ], [ 22.751297831468275, 46.549149493419982 ] ], [ [ 22.726095971556258, 46.546913799134309 ], [ 22.740586589187739, 46.548893370346001 ] ], [ [ 22.722004717763546, 46.541186356530268 ], [ 22.726095971556258, 46.546913799134309 ] ], [ [ 22.70338290363274, 46.531445598286595 ], [ 22.722004717763546, 46.541186356530268 ] ], [ [ 22.700334916386872, 46.524836398152068 ], [ 22.70338290363274, 46.531445598286595 ] ], [ [ 22.689698422213805, 46.518464463441894 ], [ 22.700334916386872, 46.524836398152068 ] ], [ [ 22.676956241226158, 46.523298787711227 ], [ 22.689698422213805, 46.518464463441894 ] ], [ [ 22.676956241226158, 46.523298787711227 ], [ 22.678028318782026, 46.516607164363968 ] ], [ [ 22.674715669291452, 46.506570558258879 ], [ 22.678028318782026, 46.516607164363968 ] ], [ [ 22.674715669291452, 46.506570558258879 ], [ 22.679662744183236, 46.492456392487817 ] ], [ [ 22.672459575404702, 46.489603266910585 ], [ 22.679662744183236, 46.492456392487817 ] ], [ [ 22.672459575404702, 46.489603266910585 ], [ 22.672705061636339, 46.485594834189627 ] ], [ [ 22.663799372845933, 46.479784889235681 ], [ 22.672705061636339, 46.485594834189627 ] ], [ [ 22.663799372845933, 46.479784889235681 ], [ 22.675926862802079, 46.48023985277058 ] ], [ [ 22.675926862802079, 46.48023985277058 ], [ 22.67977862367621, 46.476390463457456 ] ], [ [ 22.677430372949679, 46.46857450068579 ], [ 22.67977862367621, 46.476390463457456 ] ], [ [ 22.677430372949679, 46.46857450068579 ], [ 22.683035032143888, 46.465724478402201 ] ], [ [ 22.683035032143888, 46.465724478402201 ], [ 22.686039016275274, 46.45853921650977 ] ], [ [ 22.686039016275274, 46.45853921650977 ], [ 22.6925458143151, 46.453291140876757 ] ], [ [ 22.688213334177782, 46.4416006729261 ], [ 22.6925458143151, 46.453291140876757 ] ], [ [ 22.688213334177782, 46.4416006729261 ], [ 22.693364861843403, 46.437824415734255 ] ], [ [ 22.693364861843403, 46.437824415734255 ], [ 22.703357319057961, 46.434110659071273 ] ], [ [ 22.703357319057961, 46.434110659071273 ], [ 22.719912464579789, 46.430919562109516 ] ], [ [ 22.696665966496408, 46.419527297892103 ], [ 22.719912464579789, 46.430919562109516 ] ], [ [ 22.686299332760399, 46.411972809285757 ], [ 22.696665966496408, 46.419527297892103 ] ], [ [ 22.678807811763019, 46.41119271106723 ], [ 22.686299332760399, 46.411972809285757 ] ], [ [ 22.676576149070939, 46.40583436133813 ], [ 22.678807811763019, 46.41119271106723 ] ], [ [ 25.049445261162951, 47.131163415817305 ], [ 25.063395528202111, 47.136553062544515 ] ], [ [ 25.045333570857668, 47.133156617049742 ], [ 25.049445261162951, 47.131163415817305 ] ], [ [ 25.034077829520747, 47.126273565541155 ], [ 25.045333570857668, 47.133156617049742 ] ], [ [ 25.032264897369291, 47.119440864702334 ], [ 25.034077829520747, 47.126273565541155 ] ], [ [ 25.018873355744208, 47.112365711758464 ], [ 25.032264897369291, 47.119440864702334 ] ], [ [ 24.998766108345066, 47.110818819829227 ], [ 25.018873355744208, 47.112365711758464 ] ], [ [ 24.993537160317189, 47.112993154506952 ], [ 24.998766108345066, 47.110818819829227 ] ], [ [ 24.986881208860709, 47.11879173960979 ], [ 24.993537160317189, 47.112993154506952 ] ], [ [ 24.978501664497173, 47.113922454856834 ], [ 24.986881208860709, 47.11879173960979 ] ], [ [ 24.970743345609666, 47.115375990481589 ], [ 24.978501664497173, 47.113922454856834 ] ], [ [ 24.964242362431431, 47.11887266607522 ], [ 24.970743345609666, 47.115375990481589 ] ], [ [ 24.954660730298972, 47.119827329475143 ], [ 24.964242362431431, 47.11887266607522 ] ], [ [ 24.949406468957854, 47.117570505888168 ], [ 24.954660730298972, 47.119827329475143 ] ], [ [ 24.941328675697747, 47.10645281817785 ], [ 24.949406468957854, 47.117570505888168 ] ], [ [ 24.941207100092686, 47.102114473180187 ], [ 24.941328675697747, 47.10645281817785 ] ], [ [ 24.932455444873618, 47.09619647926614 ], [ 24.941207100092686, 47.102114473180187 ] ], [ [ 24.922017506512574, 47.098017231970047 ], [ 24.932455444873618, 47.09619647926614 ] ], [ [ 24.913802546746567, 47.102247794056488 ], [ 24.922017506512574, 47.098017231970047 ] ], [ [ 24.90559260749454, 47.100554603200244 ], [ 24.913802546746567, 47.102247794056488 ] ], [ [ 24.903394412947591, 47.105210169361584 ], [ 24.90559260749454, 47.100554603200244 ] ], [ [ 24.898655563501002, 47.108544006007889 ], [ 24.903394412947591, 47.105210169361584 ] ], [ [ 24.870221188492238, 47.104855661563896 ], [ 24.898655563501002, 47.108544006007889 ] ], [ [ 24.869431255875309, 47.103102595545252 ], [ 24.870221188492238, 47.104855661563896 ] ], [ [ 24.854936536553716, 47.096333393998918 ], [ 24.869431255875309, 47.103102595545252 ] ], [ [ 24.846626866169807, 47.089169123774433 ], [ 24.854936536553716, 47.096333393998918 ] ], [ [ 24.839066582918047, 47.080382342129198 ], [ 24.846626866169807, 47.089169123774433 ] ], [ [ 24.821802044631919, 47.071181097254467 ], [ 24.839066582918047, 47.080382342129198 ] ], [ [ 24.815199048674049, 47.062521965673398 ], [ 24.821802044631919, 47.071181097254467 ] ], [ [ 24.807898281171411, 47.057211624060677 ], [ 24.815199048674049, 47.062521965673398 ] ], [ [ 24.794660443782647, 47.050965957377208 ], [ 24.807898281171411, 47.057211624060677 ] ], [ [ 24.784841825734095, 47.038888691954206 ], [ 24.794660443782647, 47.050965957377208 ] ], [ [ 24.783507307414073, 47.031269272660928 ], [ 24.784841825734095, 47.038888691954206 ] ], [ [ 24.777195229085269, 47.017417885790522 ], [ 24.783507307414073, 47.031269272660928 ] ], [ [ 24.77695548791645, 47.013462155517821 ], [ 24.777195229085269, 47.017417885790522 ] ], [ [ 24.76760773637217, 47.000814380085018 ], [ 24.77695548791645, 47.013462155517821 ] ], [ [ 24.762122577968636, 46.995675569614761 ], [ 24.76760773637217, 47.000814380085018 ] ], [ [ 24.752886860081233, 46.995503658371803 ], [ 24.762122577968636, 46.995675569614761 ] ], [ [ 24.743013579301689, 46.985945662806415 ], [ 24.752886860081233, 46.995503658371803 ] ], [ [ 24.740277369879614, 46.980509334875343 ], [ 24.743013579301689, 46.985945662806415 ] ], [ [ 24.740009937868663, 46.973126134655118 ], [ 24.740277369879614, 46.980509334875343 ] ], [ [ 24.740009937868663, 46.973126134655118 ], [ 24.744986988059662, 46.972094495074266 ] ], [ [ 24.739920565244649, 46.960093046250513 ], [ 24.744986988059662, 46.972094495074266 ] ], [ [ 24.733184287536364, 46.957423883468593 ], [ 24.739920565244649, 46.960093046250513 ] ], [ [ 24.733184287536364, 46.957423883468593 ], [ 24.741131167435558, 46.953471774330929 ] ], [ [ 24.73402582684151, 46.947580178549998 ], [ 24.741131167435558, 46.953471774330929 ] ], [ [ 24.732588237632324, 46.942624668272934 ], [ 24.73402582684151, 46.947580178549998 ] ], [ [ 24.721719137179523, 46.932387197327408 ], [ 24.732588237632324, 46.942624668272934 ] ], [ [ 24.721719137179523, 46.932387197327408 ], [ 24.727017011533526, 46.928825868223505 ] ], [ [ 24.727017011533526, 46.928825868223505 ], [ 24.735738275716461, 46.926189379774506 ] ], [ [ 24.735738275716461, 46.926189379774506 ], [ 24.742584542015518, 46.920803985109544 ] ], [ [ 24.742584542015518, 46.920803985109544 ], [ 24.751135701449808, 46.914227060542274 ] ], [ [ 24.751135701449808, 46.914227060542274 ], [ 24.754306595182882, 46.909726811004312 ] ], [ [ 24.74558282196227, 46.90577686148788 ], [ 24.754306595182882, 46.909726811004312 ] ], [ [ 24.728389528100333, 46.911315508040204 ], [ 24.74558282196227, 46.90577686148788 ] ], [ [ 24.724951413789228, 46.903688222355122 ], [ 24.728389528100333, 46.911315508040204 ] ], [ [ 24.709083429779799, 46.902057638457372 ], [ 24.724951413789228, 46.903688222355122 ] ], [ [ 24.702985412406683, 46.904603763276974 ], [ 24.709083429779799, 46.902057638457372 ] ], [ [ 24.69127050491198, 46.908495864142964 ], [ 24.702985412406683, 46.904603763276974 ] ], [ [ 24.682741751152445, 46.907365859795824 ], [ 24.69127050491198, 46.908495864142964 ] ], [ [ 24.671501372269567, 46.909607253207987 ], [ 24.682741751152445, 46.907365859795824 ] ], [ [ 24.662164221192022, 46.910132048080207 ], [ 24.671501372269567, 46.909607253207987 ] ], [ [ 24.6529361940751, 46.91671635482205 ], [ 24.662164221192022, 46.910132048080207 ] ], [ [ 24.647449269458455, 46.917275250082476 ], [ 24.6529361940751, 46.91671635482205 ] ], [ [ 24.647449269458455, 46.917275250082476 ], [ 24.653375107186026, 46.923221094147294 ] ], [ [ 24.639962963308971, 46.925455901403538 ], [ 24.653375107186026, 46.923221094147294 ] ], [ [ 24.639962963308971, 46.925455901403538 ], [ 24.644651078233888, 46.937223967268821 ] ], [ [ 24.638456586352287, 46.93782608321019 ], [ 24.644651078233888, 46.937223967268821 ] ], [ [ 24.638456586352287, 46.93782608321019 ], [ 24.638679998547349, 46.94522356173561 ] ], [ [ 24.627675787730237, 46.948808636900267 ], [ 24.638679998547349, 46.94522356173561 ] ], [ [ 24.622893536144968, 46.942971760512854 ], [ 24.627675787730237, 46.948808636900267 ] ], [ [ 24.608844269373243, 46.94424646400941 ], [ 24.622893536144968, 46.942971760512854 ] ], [ [ 24.600577099685278, 46.947962364643466 ], [ 24.608844269373243, 46.94424646400941 ] ], [ [ 24.593914664804572, 46.944894971927219 ], [ 24.600577099685278, 46.947962364643466 ] ], [ [ 24.590047972762264, 46.935101470766156 ], [ 24.593914664804572, 46.944894971927219 ] ], [ [ 24.585466594417646, 46.928817239158342 ], [ 24.590047972762264, 46.935101470766156 ] ], [ [ 24.578661251184105, 46.925903908864392 ], [ 24.585466594417646, 46.928817239158342 ] ], [ [ 24.578661251184105, 46.925903908864392 ], [ 24.585341146875514, 46.921115646214574 ] ], [ [ 24.584537175892841, 46.915187493029471 ], [ 24.585341146875514, 46.921115646214574 ] ], [ [ 24.572917907456024, 46.915296395123391 ], [ 24.584537175892841, 46.915187493029471 ] ], [ [ 24.564943028305869, 46.912379199151161 ], [ 24.572917907456024, 46.915296395123391 ] ], [ [ 24.564943028305869, 46.912379199151161 ], [ 24.567453525214074, 46.909398537376305 ] ], [ [ 24.559983910522185, 46.905398698719182 ], [ 24.567453525214074, 46.909398537376305 ] ], [ [ 24.547348803927481, 46.904920521598669 ], [ 24.559983910522185, 46.905398698719182 ] ], [ [ 24.532807226190304, 46.906794788172661 ], [ 24.547348803927481, 46.904920521598669 ] ], [ [ 24.531787688198381, 46.898997414873406 ], [ 24.532807226190304, 46.906794788172661 ] ], [ [ 24.531787688198381, 46.898997414873406 ], [ 24.540210444376747, 46.891599857524405 ] ], [ [ 24.532038743197312, 46.881161417007242 ], [ 24.540210444376747, 46.891599857524405 ] ], [ [ 24.532038743197312, 46.881161417007242 ], [ 24.538979370281965, 46.875477828881557 ] ], [ [ 24.5351575374875, 46.873409437295955 ], [ 24.538979370281965, 46.875477828881557 ] ], [ [ 24.524376179458429, 46.852589957105863 ], [ 24.5351575374875, 46.873409437295955 ] ], [ [ 24.509887356638028, 46.850380250384717 ], [ 24.524376179458429, 46.852589957105863 ] ], [ [ 24.505347418991985, 46.846087533007243 ], [ 24.509887356638028, 46.850380250384717 ] ], [ [ 24.503652154660468, 46.83957891288285 ], [ 24.505347418991985, 46.846087533007243 ] ], [ [ 24.493587574225089, 46.841106736622024 ], [ 24.503652154660468, 46.83957891288285 ] ], [ [ 24.489929237264803, 46.836299894775458 ], [ 24.493587574225089, 46.841106736622024 ] ], [ [ 24.479263805826982, 46.830819740133037 ], [ 24.489929237264803, 46.836299894775458 ] ], [ [ 24.469345279542097, 46.82794039396245 ], [ 24.479263805826982, 46.830819740133037 ] ], [ [ 24.464423220466248, 46.822113557471305 ], [ 24.469345279542097, 46.82794039396245 ] ], [ [ 24.458157888579198, 46.820081065317595 ], [ 24.464423220466248, 46.822113557471305 ] ], [ [ 24.458157888579198, 46.820081065317595 ], [ 24.463435304474505, 46.811633743140796 ] ], [ [ 24.456419399611288, 46.805540420520543 ], [ 24.463435304474505, 46.811633743140796 ] ], [ [ 24.456326310827009, 46.801057747060817 ], [ 24.456419399611288, 46.805540420520543 ] ], [ [ 24.449380208719887, 46.789963503544982 ], [ 24.456326310827009, 46.801057747060817 ] ], [ [ 24.449380208719887, 46.789963503544982 ], [ 24.457012750592821, 46.785551226689108 ] ], [ [ 24.457012750592821, 46.785551226689108 ], [ 24.460253610689595, 46.78937813519169 ] ], [ [ 24.460253610689595, 46.78937813519169 ], [ 24.466880592262424, 46.789053885208524 ] ], [ [ 24.466880592262424, 46.789053885208524 ], [ 24.472235942893153, 46.782868925156784 ] ], [ [ 24.464072416785683, 46.776468795178239 ], [ 24.472235942893153, 46.782868925156784 ] ], [ [ 24.455506089163578, 46.767399332588305 ], [ 24.464072416785683, 46.776468795178239 ] ], [ [ 24.452071679786098, 46.765676352041027 ], [ 24.455506089163578, 46.767399332588305 ] ], [ [ 24.442072946865608, 46.767830081341017 ], [ 24.452071679786098, 46.765676352041027 ] ], [ [ 24.4374718904883, 46.770957089119733 ], [ 24.442072946865608, 46.767830081341017 ] ], [ [ 24.43260999772799, 46.769947478357075 ], [ 24.4374718904883, 46.770957089119733 ] ], [ [ 24.43065705790606, 46.775383998568913 ], [ 24.43260999772799, 46.769947478357075 ] ], [ [ 24.425640000880776, 46.776202480100174 ], [ 24.43065705790606, 46.775383998568913 ] ], [ [ 24.42402298551238, 46.772073342669103 ], [ 24.425640000880776, 46.776202480100174 ] ], [ [ 24.415244351437483, 46.773187918155443 ], [ 24.42402298551238, 46.772073342669103 ] ], [ [ 24.40925455324021, 46.772119498376831 ], [ 24.415244351437483, 46.773187918155443 ] ], [ [ 24.408296939857394, 46.767644832792485 ], [ 24.40925455324021, 46.772119498376831 ] ], [ [ 24.403371166461632, 46.765565572397357 ], [ 24.408296939857394, 46.767644832792485 ] ], [ [ 24.399272730578542, 46.757273462081244 ], [ 24.403371166461632, 46.765565572397357 ] ], [ [ 24.399272730578542, 46.757273462081244 ], [ 24.403309304280924, 46.754300570026047 ] ], [ [ 24.40100478938599, 46.750547341615821 ], [ 24.403309304280924, 46.754300570026047 ] ], [ [ 24.388551125605996, 46.75133204139577 ], [ 24.40100478938599, 46.750547341615821 ] ], [ [ 24.384021943974457, 46.747163483290464 ], [ 24.388551125605996, 46.75133204139577 ] ], [ [ 24.373203436603287, 46.748689713131682 ], [ 24.384021943974457, 46.747163483290464 ] ], [ [ 24.3620946814458, 46.746349990633561 ], [ 24.373203436603287, 46.748689713131682 ] ], [ [ 24.339569940265996, 46.757670047808098 ], [ 24.3620946814458, 46.746349990633561 ] ], [ [ 24.33322071819741, 46.757374732292647 ], [ 24.339569940265996, 46.757670047808098 ] ], [ [ 24.324369347225268, 46.754141830625315 ], [ 24.33322071819741, 46.757374732292647 ] ], [ [ 24.315622302740898, 46.758234165397255 ], [ 24.324369347225268, 46.754141830625315 ] ], [ [ 24.308549887121846, 46.758156229821175 ], [ 24.315622302740898, 46.758234165397255 ] ], [ [ 24.301153470361502, 46.753150951391824 ], [ 24.308549887121846, 46.758156229821175 ] ], [ [ 24.29186347230522, 46.758032485450975 ], [ 24.301153470361502, 46.753150951391824 ] ], [ [ 24.289202468356741, 46.759719503059969 ], [ 24.29186347230522, 46.758032485450975 ] ], [ [ 24.277223111899424, 46.760719352811179 ], [ 24.289202468356741, 46.759719503059969 ] ], [ [ 24.260339790029693, 46.766725573558894 ], [ 24.277223111899424, 46.760719352811179 ] ], [ [ 24.259467031965048, 46.768577813557549 ], [ 24.260339790029693, 46.766725573558894 ] ], [ [ 24.240248735757561, 46.77455650825646 ], [ 24.259467031965048, 46.768577813557549 ] ], [ [ 24.224916922887278, 46.780737047666619 ], [ 24.240248735757561, 46.77455650825646 ] ], [ [ 24.218463605138218, 46.78109587509212 ], [ 24.224916922887278, 46.780737047666619 ] ], [ [ 24.215120850277263, 46.784479218379417 ], [ 24.218463605138218, 46.78109587509212 ] ], [ [ 24.215120850277263, 46.784479218379417 ], [ 24.216975822853357, 46.787870131375648 ] ], [ [ 24.209316501502432, 46.790982554622211 ], [ 24.216975822853357, 46.787870131375648 ] ], [ [ 24.19774209731608, 46.799932443062815 ], [ 24.209316501502432, 46.790982554622211 ] ], [ [ 24.182020220627166, 46.802417689880151 ], [ 24.19774209731608, 46.799932443062815 ] ], [ [ 24.179583889250139, 46.804708587610236 ], [ 24.182020220627166, 46.802417689880151 ] ], [ [ 24.179583889250139, 46.804708587610236 ], [ 24.188049878440189, 46.793091667527136 ] ], [ [ 24.181511450504878, 46.78788069164024 ], [ 24.188049878440189, 46.793091667527136 ] ], [ [ 24.169577245337997, 46.785071152325543 ], [ 24.181511450504878, 46.78788069164024 ] ], [ [ 24.167546207612734, 46.781210193701625 ], [ 24.169577245337997, 46.785071152325543 ] ], [ [ 24.148950662560047, 46.780016212293219 ], [ 24.167546207612734, 46.781210193701625 ] ], [ [ 24.134788548523229, 46.775098068006542 ], [ 24.148950662560047, 46.780016212293219 ] ], [ [ 24.127036511700918, 46.77619738390851 ], [ 24.134788548523229, 46.775098068006542 ] ], [ [ 24.118365869074491, 46.774344846681096 ], [ 24.127036511700918, 46.77619738390851 ] ], [ [ 24.115438159401574, 46.768576212939045 ], [ 24.118365869074491, 46.774344846681096 ] ], [ [ 24.115438159401574, 46.768576212939045 ], [ 24.120867633834415, 46.754464599562347 ] ], [ [ 24.120867633834415, 46.754464599562347 ], [ 24.126130096072639, 46.746466998684781 ] ], [ [ 24.115211698342687, 46.742618860519997 ], [ 24.126130096072639, 46.746466998684781 ] ], [ [ 24.103422104302769, 46.74889940153485 ], [ 24.115211698342687, 46.742618860519997 ] ], [ [ 24.097158807849983, 46.748944707297987 ], [ 24.103422104302769, 46.74889940153485 ] ], [ [ 24.087895608077943, 46.753580437989434 ], [ 24.097158807849983, 46.748944707297987 ] ], [ [ 24.0838203974069, 46.74942306573822 ], [ 24.087895608077943, 46.753580437989434 ] ], [ [ 24.0838203974069, 46.74942306573822 ], [ 24.084938158664809, 46.746273022599695 ] ], [ [ 24.074468493086588, 46.74538610235826 ], [ 24.084938158664809, 46.746273022599695 ] ], [ [ 24.066517063351757, 46.733453044386955 ], [ 24.074468493086588, 46.74538610235826 ] ], [ [ 24.066517063351757, 46.733453044386955 ], [ 24.070613536238874, 46.731034703103326 ] ], [ [ 24.070613536238874, 46.731034703103326 ], [ 24.083401128075877, 46.718305545731589 ] ], [ [ 24.083401128075877, 46.718305545731589 ], [ 24.085133717950239, 46.713757159018115 ] ], [ [ 24.085133717950239, 46.713757159018115 ], [ 24.090049888122852, 46.710732907347236 ] ], [ [ 24.090049888122852, 46.710732907347236 ], [ 24.102763288248678, 46.708520731402892 ] ], [ [ 24.102763288248678, 46.708520731402892 ], [ 24.113580497635379, 46.708566137747972 ] ], [ [ 24.113580497635379, 46.708566137747972 ], [ 24.114343731156758, 46.704762599737784 ] ], [ [ 24.114343731156758, 46.704762599737784 ], [ 24.123652247629529, 46.699004337927775 ] ], [ [ 24.114259850639691, 46.693859338155825 ], [ 24.123652247629529, 46.699004337927775 ] ], [ [ 24.114259850639691, 46.693859338155825 ], [ 24.115462009090276, 46.689188522025233 ] ], [ [ 24.113448772415243, 46.683624478151664 ], [ 24.115462009090276, 46.689188522025233 ] ], [ [ 24.105234252681001, 46.669900603696014 ], [ 24.113448772415243, 46.683624478151664 ] ], [ [ 24.102400807764308, 46.661641005293781 ], [ 24.105234252681001, 46.669900603696014 ] ], [ [ 24.093772166493562, 46.661514945671108 ], [ 24.102400807764308, 46.661641005293781 ] ], [ [ 24.09289489909429, 46.657237143421519 ], [ 24.093772166493562, 46.661514945671108 ] ], [ [ 24.084666583592565, 46.658836581946844 ], [ 24.09289489909429, 46.657237143421519 ] ], [ [ 24.069903349334645, 46.655329960836362 ], [ 24.084666583592565, 46.658836581946844 ] ], [ [ 24.064077584913054, 46.656508585547606 ], [ 24.069903349334645, 46.655329960836362 ] ], [ [ 24.058884332312694, 46.651052563750653 ], [ 24.064077584913054, 46.656508585547606 ] ], [ [ 24.046654807869285, 46.648897414535057 ], [ 24.058884332312694, 46.651052563750653 ] ], [ [ 24.03358586271867, 46.645111301706301 ], [ 24.046654807869285, 46.648897414535057 ] ], [ [ 24.03358586271867, 46.645111301706301 ], [ 24.034772804040635, 46.642086937825368 ] ], [ [ 24.031669381277311, 46.633750231405536 ], [ 24.034772804040635, 46.642086937825368 ] ], [ [ 24.026812222534687, 46.628430230224374 ], [ 24.031669381277311, 46.633750231405536 ] ], [ [ 24.020237204488851, 46.627873021589529 ], [ 24.026812222534687, 46.628430230224374 ] ], [ [ 24.020237204488851, 46.627873021589529 ], [ 24.026173242994055, 46.617626909074026 ] ], [ [ 24.026173242994055, 46.617626909074026 ], [ 24.042208892767299, 46.613004484570489 ] ], [ [ 24.042208892767299, 46.613004484570489 ], [ 24.048217761384333, 46.609566534838784 ] ], [ [ 24.048217761384333, 46.609566534838784 ], [ 24.064413465872807, 46.60922950259404 ] ], [ [ 24.064413465872807, 46.60922950259404 ], [ 24.068844209288105, 46.605136779454398 ] ], [ [ 24.067500691072791, 46.601136483603248 ], [ 24.068844209288105, 46.605136779454398 ] ], [ [ 24.067500691072791, 46.601136483603248 ], [ 24.067572477883878, 46.598449679376053 ] ], [ [ 24.060183568111039, 46.591024607845036 ], [ 24.067572477883878, 46.598449679376053 ] ], [ [ 24.057851400263619, 46.583189613766358 ], [ 24.060183568111039, 46.591024607845036 ] ], [ [ 24.052470839569136, 46.574976640410981 ], [ 24.057851400263619, 46.583189613766358 ] ], [ [ 24.052595839595028, 46.561818765186949 ], [ 24.052470839569136, 46.574976640410981 ] ], [ [ 24.047840818322157, 46.558438415757756 ], [ 24.052595839595028, 46.561818765186949 ] ], [ [ 24.03747930718858, 46.55728471660332 ], [ 24.047840818322157, 46.558438415757756 ] ], [ [ 24.03747930718858, 46.55728471660332 ], [ 24.045379613566286, 46.545060793955315 ] ], [ [ 24.043347386291767, 46.543806984775607 ], [ 24.045379613566286, 46.545060793955315 ] ], [ [ 24.034323508998622, 46.542119089312855 ], [ 24.043347386291767, 46.543806984775607 ] ], [ [ 24.029311401674875, 46.533375305635843 ], [ 24.034323508998622, 46.542119089312855 ] ], [ [ 24.019583206613486, 46.531304243459239 ], [ 24.029311401674875, 46.533375305635843 ] ], [ [ 24.013632467220557, 46.532814961997943 ], [ 24.019583206613486, 46.531304243459239 ] ], [ [ 24.003188787759779, 46.541177216228867 ], [ 24.013632467220557, 46.532814961997943 ] ], [ [ 23.989749254062279, 46.543122688636338 ], [ 24.003188787759779, 46.541177216228867 ] ], [ [ 23.985117158657513, 46.540911377230543 ], [ 23.989749254062279, 46.543122688636338 ] ], [ [ 23.969727631328464, 46.52547861926319 ], [ 23.985117158657513, 46.540911377230543 ] ], [ [ 23.967116525311408, 46.5201644765759 ], [ 23.969727631328464, 46.52547861926319 ] ], [ [ 23.959056173529266, 46.515397634926117 ], [ 23.967116525311408, 46.5201644765759 ] ], [ [ 23.959056173529266, 46.515397634926117 ], [ 23.967813573298987, 46.50764097837456 ] ], [ [ 23.967813573298987, 46.50764097837456 ], [ 23.970307612274084, 46.502773215678523 ] ], [ [ 23.964215741212289, 46.49844793444926 ], [ 23.970307612274084, 46.502773215678523 ] ], [ [ 23.964215741212289, 46.49844793444926 ], [ 23.973709609640288, 46.481967482810475 ] ], [ [ 23.963098880843962, 46.476386403599214 ], [ 23.973709609640288, 46.481967482810475 ] ], [ [ 23.963098880843962, 46.476386403599214 ], [ 23.967773071062929, 46.472560248073847 ] ], [ [ 23.967773071062929, 46.472560248073847 ], [ 23.969308228697656, 46.462997946389137 ] ], [ [ 23.969308228697656, 46.462997946389137 ], [ 23.972385950430503, 46.458463903452575 ] ], [ [ 23.972385950430503, 46.458463903452575 ], [ 23.980484155861333, 46.458186328896524 ] ], [ [ 23.97954970077922, 46.453321470398315 ], [ 23.980484155861333, 46.458186328896524 ] ], [ [ 23.97954970077922, 46.453321470398315 ], [ 23.989967960594392, 46.452647711605863 ] ], [ [ 23.989967960594392, 46.452647711605863 ], [ 24.00486132802202, 46.442217204792314 ] ], [ [ 23.999124400210185, 46.437037899959378 ], [ 24.00486132802202, 46.442217204792314 ] ], [ [ 23.985282750497646, 46.430927774159336 ], [ 23.999124400210185, 46.437037899959378 ] ], [ [ 23.97912519793141, 46.431006064027869 ], [ 23.985282750497646, 46.430927774159336 ] ], [ [ 23.964091109893303, 46.436531622434174 ], [ 23.97912519793141, 46.431006064027869 ] ], [ [ 23.953539544660142, 46.445635839916818 ], [ 23.964091109893303, 46.436531622434174 ] ], [ [ 23.946436246520864, 46.448987170873664 ], [ 23.953539544660142, 46.445635839916818 ] ], [ [ 23.923293677961379, 46.449341068218999 ], [ 23.946436246520864, 46.448987170873664 ] ], [ [ 23.915721477721057, 46.454921464484968 ], [ 23.923293677961379, 46.449341068218999 ] ], [ [ 23.909664456229262, 46.46351887318059 ], [ 23.915721477721057, 46.454921464484968 ] ], [ [ 23.896163308110321, 46.460801997487799 ], [ 23.909664456229262, 46.46351887318059 ] ], [ [ 23.89533992925346, 46.463412869603808 ], [ 23.896163308110321, 46.460801997487799 ] ], [ [ 23.88673754599272, 46.463449935585565 ], [ 23.89533992925346, 46.463412869603808 ] ], [ [ 23.88673754599272, 46.463449935585565 ], [ 23.887872349432008, 46.459303566036752 ] ], [ [ 23.875972157510816, 46.453487147499942 ], [ 23.887872349432008, 46.459303566036752 ] ], [ [ 23.875972157510816, 46.453487147499942 ], [ 23.88014755482121, 46.450047068476977 ] ], [ [ 23.868426864465146, 46.447368880966849 ], [ 23.88014755482121, 46.450047068476977 ] ], [ [ 23.864252843337116, 46.451124974945515 ], [ 23.868426864465146, 46.447368880966849 ] ], [ [ 23.863628653260449, 46.457090115126924 ], [ 23.864252843337116, 46.451124974945515 ] ], [ [ 23.855082796992015, 46.450960269084163 ], [ 23.863628653260449, 46.457090115126924 ] ], [ [ 23.85016516853527, 46.454767950574627 ], [ 23.855082796992015, 46.450960269084163 ] ], [ [ 23.843162544553422, 46.463403932064949 ], [ 23.85016516853527, 46.454767950574627 ] ], [ [ 23.838057316709431, 46.466045302223911 ], [ 23.843162544553422, 46.463403932064949 ] ], [ [ 23.829077163898102, 46.467180548302537 ], [ 23.838057316709431, 46.466045302223911 ] ], [ [ 23.825359117251502, 46.462914846616648 ], [ 23.829077163898102, 46.467180548302537 ] ], [ [ 23.814050599638286, 46.46644590867583 ], [ 23.825359117251502, 46.462914846616648 ] ], [ [ 23.802010465956702, 46.465679853812816 ], [ 23.814050599638286, 46.46644590867583 ] ], [ [ 23.789677277163047, 46.463071418587823 ], [ 23.802010465956702, 46.465679853812816 ] ], [ [ 23.789677277163047, 46.463071418587823 ], [ 23.791720278798, 46.460063357076983 ] ], [ [ 23.782343308449207, 46.458138169565778 ], [ 23.791720278798, 46.460063357076983 ] ], [ [ 23.772253456970962, 46.462209612575812 ], [ 23.782343308449207, 46.458138169565778 ] ], [ [ 23.765502001457968, 46.46202557319365 ], [ 23.772253456970962, 46.462209612575812 ] ], [ [ 23.756221707725906, 46.457437321541882 ], [ 23.765502001457968, 46.46202557319365 ] ], [ [ 23.74539149590797, 46.458558009978518 ], [ 23.756221707725906, 46.457437321541882 ] ], [ [ 23.737910371103386, 46.453449241488521 ], [ 23.74539149590797, 46.458558009978518 ] ], [ [ 23.730290183709776, 46.451528951093444 ], [ 23.737910371103386, 46.453449241488521 ] ], [ [ 23.718496221023784, 46.453211544252582 ], [ 23.730290183709776, 46.451528951093444 ] ], [ [ 23.700901076357457, 46.457408183962492 ], [ 23.718496221023784, 46.453211544252582 ] ], [ [ 23.692919124438156, 46.456044175716187 ], [ 23.700901076357457, 46.457408183962492 ] ], [ [ 23.677233862190604, 46.449492310641588 ], [ 23.692919124438156, 46.456044175716187 ] ], [ [ 23.673882399976002, 46.443386160718944 ], [ 23.677233862190604, 46.449492310641588 ] ], [ [ 23.668576699714368, 46.439061684469394 ], [ 23.673882399976002, 46.443386160718944 ] ], [ [ 23.668576699714368, 46.439061684469394 ], [ 23.672340420537516, 46.429649068177469 ] ], [ [ 23.666089805077366, 46.430041343386179 ], [ 23.672340420537516, 46.429649068177469 ] ], [ [ 23.650973475143427, 46.427663322030135 ], [ 23.666089805077366, 46.430041343386179 ] ], [ [ 23.650973475143427, 46.427663322030135 ], [ 23.654984567800959, 46.424200119109095 ] ], [ [ 23.654984567800959, 46.424200119109095 ], [ 23.655389016525604, 46.418712995623068 ] ], [ [ 23.655389016525604, 46.418712995623068 ], [ 23.666669971994168, 46.415238119433774 ] ], [ [ 23.666669971994168, 46.415238119433774 ], [ 23.671155145585487, 46.418509740850226 ] ], [ [ 23.671155145585487, 46.418509740850226 ], [ 23.681128446800017, 46.408518056611513 ] ], [ [ 23.674172791114479, 46.407490482076263 ], [ 23.681128446800017, 46.408518056611513 ] ], [ [ 23.667793820496829, 46.403407029752891 ], [ 23.674172791114479, 46.407490482076263 ] ], [ [ 23.661092096809892, 46.396765908334395 ], [ 23.667793820496829, 46.403407029752891 ] ], [ [ 23.642883737400997, 46.403187868365137 ], [ 23.661092096809892, 46.396765908334395 ] ], [ [ 23.629724395316863, 46.404306328032156 ], [ 23.642883737400997, 46.403187868365137 ] ], [ [ 23.614868550712139, 46.410260819363501 ], [ 23.629724395316863, 46.404306328032156 ] ], [ [ 23.611890092068787, 46.413567304519908 ], [ 23.614868550712139, 46.410260819363501 ] ], [ [ 23.603092907056318, 46.415465418180204 ], [ 23.611890092068787, 46.413567304519908 ] ], [ [ 23.602733492720855, 46.426948207304179 ], [ 23.603092907056318, 46.415465418180204 ] ], [ [ 23.596898478635378, 46.434285029381705 ], [ 23.602733492720855, 46.426948207304179 ] ], [ [ 23.591907180051798, 46.436264312106161 ], [ 23.596898478635378, 46.434285029381705 ] ], [ [ 23.591475688421188, 46.445099742653369 ], [ 23.591907180051798, 46.436264312106161 ] ], [ [ 23.588975371587097, 46.449669905423661 ], [ 23.591475688421188, 46.445099742653369 ] ], [ [ 23.588975371587097, 46.449669905423661 ], [ 23.589837829661075, 46.456471615463236 ] ], [ [ 23.589837829661075, 46.456471615463236 ], [ 23.595385205609361, 46.458730772557921 ] ], [ [ 23.595385205609361, 46.458730772557921 ], [ 23.603067493805089, 46.469384686030324 ] ], [ [ 23.600401213900753, 46.477748582948621 ], [ 23.603067493805089, 46.469384686030324 ] ], [ [ 23.600401213900753, 46.477748582948621 ], [ 23.612906009602696, 46.478371608087862 ] ], [ [ 23.61104088716916, 46.483475867285563 ], [ 23.612906009602696, 46.478371608087862 ] ], [ [ 23.602932608138158, 46.487626552489139 ], [ 23.61104088716916, 46.483475867285563 ] ], [ [ 23.595830529302923, 46.487090520247065 ], [ 23.602932608138158, 46.487626552489139 ] ], [ [ 23.583841013480427, 46.494560055776283 ], [ 23.595830529302923, 46.487090520247065 ] ], [ [ 23.574469046135473, 46.497163086541356 ], [ 23.583841013480427, 46.494560055776283 ] ] ] } },
{ "type": "Feature", "properties": { "id": 19, "leftRegion": "Nord-Vest", "leftId": 868, "rightRegion": null, "rightId": null, "version": "2025/03/26" }, "geometry": { "type": "MultiLineString", "coordinates": [ [ [ 21.441474325334376, 46.651443900123859 ], [ 21.454705730349669, 46.660825023163405 ] ], [ [ 21.454705730349669, 46.660825023163405 ], [ 21.45563898478115, 46.667142182497528 ] ], [ [ 21.442719093098425, 46.666414179589907 ], [ 21.45563898478115, 46.667142182497528 ] ], [ [ 21.431403118401281, 46.677562406315332 ], [ 21.442719093098425, 46.666414179589907 ] ], [ [ 21.431403118401281, 46.677562406315332 ], [ 21.431641498677205, 46.682057710964727 ] ], [ [ 21.427794699320717, 46.689484933564273 ], [ 21.431641498677205, 46.682057710964727 ] ], [ [ 21.427794699320717, 46.689484933564273 ], [ 21.434416969910764, 46.695643277494241 ] ], [ [ 21.434416969910764, 46.695643277494241 ], [ 21.45114368286248, 46.688528810181921 ] ], [ [ 21.45114368286248, 46.688528810181921 ], [ 21.469624977629355, 46.695436801212466 ] ], [ [ 21.469624977629355, 46.695436801212466 ], [ 21.484158789097172, 46.691382064213087 ] ], [ [ 21.484158789097172, 46.691382064213087 ], [ 21.490323656633866, 46.685781412885099 ] ], [ [ 21.490323656633866, 46.685781412885099 ], [ 21.49549633321018, 46.687729039763589 ] ], [ [ 21.49549633321018, 46.687729039763589 ], [ 21.498387834057201, 46.693949807501973 ] ], [ [ 21.498387834057201, 46.693949807501973 ], [ 21.507590253217646, 46.698074104972932 ] ], [ [ 21.507590253217646, 46.698074104972932 ], [ 21.507726124915745, 46.704866871014168 ] ], [ [ 21.507726124915745, 46.704866871014168 ], [ 21.511449820191583, 46.707356688118544 ] ], [ [ 21.511449820191583, 46.707356688118544 ], [ 21.511381376292302, 46.711826043520389 ] ], [ [ 21.511381376292302, 46.711826043520389 ], [ 21.520713836482717, 46.714383104789626 ] ], [ [ 21.520713836482717, 46.714383104789626 ], [ 21.52933201367803, 46.720766960178224 ] ], [ [ 21.52933201367803, 46.720766960178224 ], [ 21.530368026197728, 46.727321510473509 ] ], [ [ 21.528889394860649, 46.732284213081122 ], [ 21.530368026197728, 46.727321510473509 ] ], [ [ 21.524798423786827, 46.739936827539474 ], [ 21.528889394860649, 46.732284213081122 ] ], [ [ 21.511735895679301, 46.745117592271789 ], [ 21.524798423786827, 46.739936827539474 ] ], [ [ 21.493176503667705, 46.757477672178567 ], [ 21.511735895679301, 46.745117592271789 ] ], [ [ 21.48477526394608, 46.758449730557111 ], [ 21.493176503667705, 46.757477672178567 ] ], [ [ 21.484090414572382, 46.764879372448824 ], [ 21.48477526394608, 46.758449730557111 ] ], [ [ 21.484090414572382, 46.764879372448824 ], [ 21.490247130413113, 46.775802944170167 ] ], [ [ 21.490247130413113, 46.775802944170167 ], [ 21.493511211117688, 46.774952397029196 ] ], [ [ 21.493511211117688, 46.774952397029196 ], [ 21.509363654339225, 46.783381434373418 ] ], [ [ 21.509363654339225, 46.783381434373418 ], [ 21.513764147578506, 46.795511439887427 ] ], [ [ 21.513764147578506, 46.795511439887427 ], [ 21.518698325299805, 46.800018624341298 ] ], [ [ 21.518698325299805, 46.800018624341298 ], [ 21.521710918429843, 46.80791378746909 ] ], [ [ 21.521710918429843, 46.80791378746909 ], [ 21.521125796710148, 46.819836749121805 ] ], [ [ 21.519076148194525, 46.835917444625544 ], [ 21.521125796710148, 46.819836749121805 ] ], [ [ 21.519076148194525, 46.835917444625544 ], [ 21.52296751534027, 46.838963405051011 ] ], [ [ 21.52296751534027, 46.838963405051011 ], [ 21.534512726039992, 46.839571140462382 ] ], [ [ 21.534512726039992, 46.839571140462382 ], [ 21.537930295323882, 46.847415268350453 ] ], [ [ 21.537930295323882, 46.847415268350453 ], [ 21.54809300013271, 46.848801343778469 ] ], [ [ 21.54809300013271, 46.848801343778469 ], [ 21.557047626991466, 46.853712134505493 ] ], [ [ 21.557047626991466, 46.853712134505493 ], [ 21.569056568214542, 46.853959341810523 ] ], [ [ 21.569056568214542, 46.853959341810523 ], [ 21.580936319514443, 46.857468450140942 ] ], [ [ 21.580936319514443, 46.857468450140942 ], [ 21.584409465013831, 46.859849544263263 ] ], [ [ 21.584409465013831, 46.859849544263263 ], [ 21.595213956163651, 46.860510973641546 ] ], [ [ 21.595213956163651, 46.860510973641546 ], [ 21.603292725545735, 46.868726442089553 ] ], [ [ 21.601089891917681, 46.878896157942869 ], [ 21.603292725545735, 46.868726442089553 ] ], [ [ 21.601089891917681, 46.878896157942869 ], [ 21.60349018000511, 46.884808571245244 ] ], [ [ 21.60349018000511, 46.884808571245244 ], [ 21.614203663661844, 46.886513076829544 ] ], [ [ 21.607251500903882, 46.904553063931452 ], [ 21.614203663661844, 46.886513076829544 ] ], [ [ 21.60281946354867, 46.904215728396345 ], [ 21.607251500903882, 46.904553063931452 ] ], [ [ 21.599052366248085, 46.909183036789166 ], [ 21.60281946354867, 46.904215728396345 ] ], [ [ 21.597285610597272, 46.918019504461022 ], [ 21.599052366248085, 46.909183036789166 ] ], [ [ 21.597285610597272, 46.918019504461022 ], [ 21.59878718627305, 46.927151643155504 ] ], [ [ 21.59878718627305, 46.927151643155504 ], [ 21.606185452830395, 46.932497647435035 ] ], [ [ 21.606185452830395, 46.932497647435035 ], [ 21.638353884018894, 46.932925573614341 ] ], [ [ 21.638353884018894, 46.932925573614341 ], [ 21.640752604160351, 46.938886790815104 ] ], [ [ 21.640752604160351, 46.938886790815104 ], [ 21.649874888686419, 46.943603666163199 ] ], [ [ 21.649874888686419, 46.943603666163199 ], [ 21.651224378235852, 46.947673684888379 ] ], [ [ 21.651224378235852, 46.947673684888379 ], [ 21.66016242384384, 46.955874405405353 ] ], [ [ 21.66016242384384, 46.955874405405353 ], [ 21.673309796999252, 46.953780519725001 ] ], [ [ 21.673309796999252, 46.953780519725001 ], [ 21.678852281814006, 46.960386243274108 ] ], [ [ 21.678852281814006, 46.960386243274108 ], [ 21.681864030013795, 46.966910678977904 ] ], [ [ 21.676447277324158, 46.969240269314042 ], [ 21.681864030013795, 46.966910678977904 ] ], [ [ 21.667917610475456, 46.970198925313809 ], [ 21.676447277324158, 46.969240269314042 ] ], [ [ 21.667917610475456, 46.970198925313809 ], [ 21.670367092669519, 46.980121788081945 ] ], [ [ 21.670367092669519, 46.980121788081945 ], [ 21.676203036923308, 46.985822314948095 ] ], [ [ 21.676203036923308, 46.985822314948095 ], [ 21.676024798350355, 46.992551535512334 ] ], [ [ 21.676024798350355, 46.992551535512334 ], [ 21.679348146039246, 46.997972960137574 ] ], [ [ 21.679348146039246, 46.997972960137574 ], [ 21.687555695032934, 46.999565290323353 ] ], [ [ 21.682782586309379, 47.004167073406983 ], [ 21.687555695032934, 46.999565290323353 ] ], [ [ 21.678418429331941, 47.012478445606668 ], [ 21.682782586309379, 47.004167073406983 ] ], [ [ 21.67791797307865, 47.018382948978164 ], [ 21.678418429331941, 47.012478445606668 ] ], [ [ 21.661927214490298, 47.020290346289265 ], [ 21.67791797307865, 47.018382948978164 ] ], [ [ 21.649966241142526, 47.033827568363193 ], [ 21.661927214490298, 47.020290346289265 ] ], [ [ 21.648665497818719, 47.040337287814616 ], [ 21.649966241142526, 47.033827568363193 ] ], [ [ 21.648665497818719, 47.040337287814616 ], [ 21.662262312544527, 47.041538207070076 ] ], [ [ 21.662262312544527, 47.041538207070076 ], [ 21.670265827232885, 47.044419767521823 ] ], [ [ 21.670265827232885, 47.044419767521823 ], [ 21.68276014969727, 47.045716201184412 ] ], [ [ 21.68276014969727, 47.045716201184412 ], [ 21.684812696476303, 47.052303727200211 ] ], [ [ 21.684812696476303, 47.052303727200211 ], [ 21.688592544425976, 47.055535687492792 ] ], [ [ 21.688592544425976, 47.055535687492792 ], [ 21.697491198910029, 47.057982677443967 ] ], [ [ 21.695707646445253, 47.060370615959478 ], [ 21.697491198910029, 47.057982677443967 ] ], [ [ 21.695707646445253, 47.060370615959478 ], [ 21.704828328611196, 47.06336154332169 ] ], [ [ 21.701402293012016, 47.068219630619502 ], [ 21.704828328611196, 47.06336154332169 ] ], [ [ 21.701402293012016, 47.068219630619502 ], [ 21.716394479554836, 47.074872205060991 ] ], [ [ 21.712734908592964, 47.082522476756367 ], [ 21.716394479554836, 47.074872205060991 ] ], [ [ 21.712734908592964, 47.082522476756367 ], [ 21.726131428036382, 47.098470994552564 ] ], [ [ 21.726131428036382, 47.098470994552564 ], [ 21.751226019988366, 47.10507845484274 ] ], [ [ 21.751226019988366, 47.10507845484274 ], [ 21.772368600228283, 47.108986182217549 ] ], [ [ 21.772368600228283, 47.108986182217549 ], [ 21.790842021888853, 47.105903507377825 ] ], [ [ 21.790842021888853, 47.105903507377825 ], [ 21.792754382714829, 47.106980550561119 ] ], [ [ 21.789167795245625, 47.112918315818817 ], [ 21.792754382714829, 47.106980550561119 ] ], [ [ 21.789167795245625, 47.112918315818817 ], [ 21.7921793066002, 47.119783464903087 ] ], [ [ 21.791413221013833, 47.12400722570321 ], [ 21.7921793066002, 47.119783464903087 ] ], [ [ 21.791413221013833, 47.12400722570321 ], [ 21.80038197875685, 47.130616398390906 ] ], [ [ 21.80038197875685, 47.130616398390906 ], [ 21.800435365119991, 47.137168419240965 ] ], [ [ 21.800435365119991, 47.137168419240965 ], [ 21.810638908421815, 47.162535819931641 ] ], [ [ 21.810638908421815, 47.162535819931641 ], [ 21.817367303982259, 47.172747365095624 ] ], [ [ 21.817367303982259, 47.172747365095624 ], [ 21.829514242166248, 47.175030988855347 ] ], [ [ 21.829514242166248, 47.175030988855347 ], [ 21.830941148181271, 47.17885446626692 ] ], [ [ 21.830941148181271, 47.17885446626692 ], [ 21.838739938226407, 47.177224595545987 ] ], [ [ 21.838739938226407, 47.177224595545987 ], [ 21.847691828723185, 47.184541411851058 ] ], [ [ 21.847691828723185, 47.184541411851058 ], [ 21.858051058769703, 47.18702628657023 ] ], [ [ 21.858051058769703, 47.18702628657023 ], [ 21.859480600130407, 47.206735236392127 ] ], [ [ 21.858058589081246, 47.220114586334326 ], [ 21.859480600130407, 47.206735236392127 ] ], [ [ 21.846811723571307, 47.223759316507461 ], [ 21.858058589081246, 47.220114586334326 ] ], [ [ 21.846811723571307, 47.223759316507461 ], [ 21.851628218042645, 47.239130556208927 ] ], [ [ 21.851628218042645, 47.239130556208927 ], [ 21.856814203309572, 47.243222426969567 ] ], [ [ 21.856814203309572, 47.243222426969567 ], [ 21.86428334526093, 47.252847350797445 ] ], [ [ 21.86428334526093, 47.252847350797445 ], [ 21.865095164250675, 47.256811654856762 ] ], [ [ 21.865095164250675, 47.256811654856762 ], [ 21.874929825134394, 47.264180772580382 ] ], [ [ 21.874929825134394, 47.264180772580382 ], [ 21.880044522759352, 47.264812591089367 ] ], [ [ 21.880044522759352, 47.264812591089367 ], [ 21.887844808283635, 47.272101477025124 ] ], [ [ 21.887844808283635, 47.272101477025124 ], [ 21.88818674706258, 47.27787537948673 ] ], [ [ 21.878698374842848, 47.284055960161211 ], [ 21.88818674706258, 47.27787537948673 ] ], [ [ 21.878698374842848, 47.284055960161211 ], [ 21.878760060287608, 47.287357214841442 ] ], [ [ 21.878760060287608, 47.287357214841442 ], [ 21.885800314134372, 47.28932136620314 ] ], [ [ 21.885800314134372, 47.28932136620314 ], [ 21.888957237654378, 47.296149248463955 ] ], [ [ 21.888957237654378, 47.296149248463955 ], [ 21.893270108011933, 47.306306672156907 ] ], [ [ 21.893270108011933, 47.306306672156907 ], [ 21.895284044451518, 47.314804021787566 ] ], [ [ 21.895284044451518, 47.314804021787566 ], [ 21.905203035977681, 47.322947844925082 ] ], [ [ 21.905203035977681, 47.322947844925082 ], [ 21.907972529279469, 47.328809410985464 ] ], [ [ 21.907972529279469, 47.328809410985464 ], [ 21.914018689998638, 47.33275387370248 ] ], [ [ 21.914018689998638, 47.33275387370248 ], [ 21.923356450259963, 47.344199373974732 ] ], [ [ 21.923356450259963, 47.344199373974732 ], [ 21.925455595305046, 47.353541427418698 ] ], [ [ 21.925455595305046, 47.353541427418698 ], [ 21.934845866402899, 47.360282198188038 ] ], [ [ 21.934845866402899, 47.360282198188038 ], [ 21.939774971543734, 47.367674410278326 ] ], [ [ 21.93850854797229, 47.3729556596628 ], [ 21.939774971543734, 47.367674410278326 ] ], [ [ 21.93850854797229, 47.3729556596628 ], [ 21.945288745322156, 47.375156351441674 ] ], [ [ 21.945288745322156, 47.375156351441674 ], [ 21.952964462443113, 47.374604931614279 ] ], [ [ 21.952964462443113, 47.374604931614279 ], [ 21.961522455081138, 47.38123573465662 ] ], [ [ 21.961522455081138, 47.38123573465662 ], [ 21.974883004467813, 47.380082493648494 ] ], [ [ 21.974883004467813, 47.380082493648494 ], [ 21.978529252215942, 47.378262302238618 ] ], [ [ 21.978529252215942, 47.378262302238618 ], [ 21.986773430901234, 47.381488519104707 ] ], [ [ 21.986773430901234, 47.381488519104707 ], [ 21.994878905875201, 47.38087509255454 ] ], [ [ 21.994878905875201, 47.38087509255454 ], [ 21.999409894404192, 47.37706355349863 ] ], [ [ 21.999409894404192, 47.37706355349863 ], [ 22.01197452644729, 47.37580013635506 ] ], [ [ 22.01197452644729, 47.37580013635506 ], [ 22.018927729101708, 47.387114645024603 ] ], [ [ 22.018927729101708, 47.387114645024603 ], [ 22.022674144308965, 47.39015836129402 ] ], [ [ 22.022674144308965, 47.39015836129402 ], [ 22.027750911153269, 47.400014667862948 ] ], [ [ 22.027750911153269, 47.400014667862948 ], [ 22.034729855860828, 47.411622825037298 ] ], [ [ 22.034729855860828, 47.411622825037298 ], [ 22.035202454699849, 47.416045123960721 ] ], [ [ 22.029712027588605, 47.422679154109922 ], [ 22.035202454699849, 47.416045123960721 ] ], [ [ 22.029712027588605, 47.422679154109922 ], [ 22.035401425461711, 47.427440716870876 ] ], [ [ 22.025899107982532, 47.44238596079385 ], [ 22.035401425461711, 47.427440716870876 ] ], [ [ 22.025899107982532, 47.44238596079385 ], [ 22.032722603414744, 47.450991464386092 ] ], [ [ 22.020952898565092, 47.454606075790934 ], [ 22.032722603414744, 47.450991464386092 ] ], [ [ 22.007429189428784, 47.475872108149041 ], [ 22.020952898565092, 47.454606075790934 ] ], [ [ 22.007429189428784, 47.475872108149041 ], [ 22.00708415954583, 47.483343079537534 ] ], [ [ 22.00708415954583, 47.483343079537534 ], [ 22.010839774627662, 47.49075933761906 ] ], [ [ 22.010839774627662, 47.49075933761906 ], [ 22.01261402047118, 47.501358736731042 ] ], [ [ 22.01261402047118, 47.501358736731042 ], [ 22.016313628055627, 47.505094731207876 ] ], [ [ 22.016313628055627, 47.505094731207876 ], [ 22.018758943954573, 47.511696741560058 ] ], [ [ 22.018758943954573, 47.511696741560058 ], [ 22.024058626080279, 47.519870192899376 ] ], [ [ 22.024058626080279, 47.519870192899376 ], [ 22.039720721305891, 47.532861890918397 ] ], [ [ 22.039720721305891, 47.532861890918397 ], [ 22.045422894074438, 47.539765716005356 ] ], [ [ 22.045422894074438, 47.539765716005356 ], [ 22.061502467195531, 47.528988086470044 ] ], [ [ 22.061502467195531, 47.528988086470044 ], [ 22.071366990314115, 47.538030905867416 ] ], [ [ 22.054682451361792, 47.546970722554782 ], [ 22.071366990314115, 47.538030905867416 ] ], [ [ 22.054682451361792, 47.546970722554782 ], [ 22.057976907948849, 47.550976800634082 ] ], [ [ 22.057976907948849, 47.550976800634082 ], [ 22.072415467178224, 47.557601178963225 ] ], [ [ 22.072415467178224, 47.557601178963225 ], [ 22.079191965675829, 47.562354648762749 ] ], [ [ 22.079191965675829, 47.562354648762749 ], [ 22.086702635271926, 47.561134709734112 ] ], [ [ 22.086702635271926, 47.561134709734112 ], [ 22.090671920417403, 47.557438690394363 ] ], [ [ 22.090671920417403, 47.557438690394363 ], [ 22.09725293826536, 47.560915455812825 ] ], [ [ 22.09725293826536, 47.560915455812825 ], [ 22.102434551408447, 47.566940396009663 ] ], [ [ 22.102434551408447, 47.566940396009663 ], [ 22.103890334645207, 47.571635380558845 ] ], [ [ 22.103890334645207, 47.571635380558845 ], [ 22.113046527841409, 47.574779755919707 ] ], [ [ 22.113046527841409, 47.574779755919707 ], [ 22.118948692649706, 47.579047899329723 ] ], [ [ 22.118948692649706, 47.579047899329723 ], [ 22.125065171726671, 47.587509297406001 ] ], [ [ 22.125065171726671, 47.587509297406001 ], [ 22.129103589761741, 47.589306082384212 ] ], [ [ 22.129103589761741, 47.589306082384212 ], [ 22.129199968027713, 47.597222374738926 ] ], [ [ 22.129199968027713, 47.597222374738926 ], [ 22.139366850244937, 47.598085232024083 ] ], [ [ 22.139366850244937, 47.598085232024083 ], [ 22.145773032035933, 47.594781347211679 ] ], [ [ 22.145773032035933, 47.594781347211679 ], [ 22.16003660757783, 47.592390242886253 ] ], [ [ 22.16003660757783, 47.592390242886253 ], [ 22.170998946311975, 47.591704318037266 ] ], [ [ 22.170998946311975, 47.591704318037266 ], [ 22.176549430161089, 47.59438935006213 ] ], [ [ 22.176549430161089, 47.59438935006213 ], [ 22.180821175800595, 47.600099403121469 ] ], [ [ 22.180821175800595, 47.600099403121469 ], [ 22.182967450844846, 47.606383002317109 ] ], [ [ 22.182967450844846, 47.606383002317109 ], [ 22.188005798746786, 47.609191785752657 ] ], [ [ 22.188005798746786, 47.609191785752657 ], [ 22.19267619282714, 47.6217525931485 ] ], [ [ 22.19267619282714, 47.6217525931485 ], [ 22.193314514418965, 47.626993508227905 ] ], [ [ 22.193314514418965, 47.626993508227905 ], [ 22.199079527616192, 47.636250656788391 ] ], [ [ 22.199079527616192, 47.636250656788391 ], [ 22.203324151797659, 47.654881035690437 ] ], [ [ 22.203324151797659, 47.654881035690437 ], [ 22.211582681817141, 47.653918357055474 ] ], [ [ 22.211582681817141, 47.653918357055474 ], [ 22.22081711578182, 47.660492192554408 ] ], [ [ 22.22081711578182, 47.660492192554408 ], [ 22.22315268540077, 47.668373968687028 ] ], [ [ 22.222366885156763, 47.673012884575392 ], [ 22.22315268540077, 47.668373968687028 ] ], [ [ 22.222366885156763, 47.673012884575392 ], [ 22.225124778294013, 47.680700598781264 ] ], [ [ 22.22275675784444, 47.682596060491178 ], [ 22.225124778294013, 47.680700598781264 ] ], [ [ 22.22275675784444, 47.682596060491178 ], [ 22.230978367200638, 47.693308317525393 ] ], [ [ 22.230978367200638, 47.693308317525393 ], [ 22.241607314986815, 47.695213840948803 ] ], [ [ 22.241607314986815, 47.695213840948803 ], [ 22.253948025668866, 47.695094638206129 ] ], [ [ 22.253948025668866, 47.695094638206129 ], [ 22.258771670520638, 47.698172273619086 ] ], [ [ 22.258771670520638, 47.698172273619086 ], [ 22.262250198344695, 47.713713115585975 ] ], [ [ 22.259294595436966, 47.717376122720239 ], [ 22.262250198344695, 47.713713115585975 ] ], [ [ 22.259294595436966, 47.717376122720239 ], [ 22.264537233036261, 47.73115764591072 ] ], [ [ 22.264537233036261, 47.73115764591072 ], [ 22.266566672704435, 47.73100580220963 ] ], [ [ 22.266566672704435, 47.73100580220963 ], [ 22.285364540349082, 47.729355050699837 ] ], [ [ 22.285364540349082, 47.729355050699837 ], [ 22.306071986832567, 47.741363272244072 ] ], [ [ 22.306071986832567, 47.741363272244072 ], [ 22.311715564048537, 47.742196428704965 ] ], [ [ 22.311715564048537, 47.742196428704965 ], [ 22.317449669545827, 47.743265324879559 ] ], [ [ 22.317449669545827, 47.743265324879559 ], [ 22.320866867791974, 47.754964528210913 ] ], [ [ 22.31724386893595, 47.76592759800878 ], [ 22.320866867791974, 47.754964528210913 ] ], [ [ 22.31724386893595, 47.76592759800878 ], [ 22.32419131956717, 47.766789984643864 ] ], [ [ 22.32419131956717, 47.766789984643864 ], [ 22.330371006744016, 47.765119411013799 ] ], [ [ 22.330371006744016, 47.765119411013799 ], [ 22.345373622955496, 47.754995059940065 ] ], [ [ 22.345373622955496, 47.754995059940065 ], [ 22.346282848532397, 47.75291005597726 ] ], [ [ 22.346282848532397, 47.75291005597726 ], [ 22.357021494071404, 47.748977769058541 ] ], [ [ 22.357021494071404, 47.748977769058541 ], [ 22.388966129424883, 47.745409973673716 ] ], [ [ 22.388966129424883, 47.745409973673716 ], [ 22.39371494896351, 47.747561563803728 ] ], [ [ 22.39371494896351, 47.747561563803728 ], [ 22.410375640949784, 47.74668713710993 ] ], [ [ 22.410375640949784, 47.74668713710993 ], [ 22.411499016023427, 47.742390928467593 ] ], [ [ 22.411499016023427, 47.742390928467593 ], [ 22.430115256260002, 47.740971769977648 ] ], [ [ 22.429861080879064, 47.745249832089634 ], [ 22.430115256260002, 47.740971769977648 ] ], [ [ 22.425807000248298, 47.750091361479086 ], [ 22.429861080879064, 47.745249832089634 ] ], [ [ 22.425807000248298, 47.750091361479086 ], [ 22.427027196676487, 47.754530673959273 ] ], [ [ 22.427027196676487, 47.754530673959273 ], [ 22.43255302352307, 47.7620194283149 ] ], [ [ 22.43255302352307, 47.7620194283149 ], [ 22.440980595234922, 47.791859603605062 ] ], [ [ 22.440980595234922, 47.791859603605062 ], [ 22.447947501245107, 47.803120704580571 ] ], [ [ 22.447947501245107, 47.803120704580571 ], [ 22.467031498492922, 47.805119148418385 ] ], [ [ 22.467031498492922, 47.805119148418385 ], [ 22.481519276855376, 47.810950525660161 ] ], [ [ 22.481519276855376, 47.810950525660161 ], [ 22.488488904968388, 47.805900591636096 ] ], [ [ 22.488488904968388, 47.805900591636096 ], [ 22.539922350078761, 47.782011775118427 ] ], [ [ 22.539922350078761, 47.782011775118427 ], [ 22.549526134196235, 47.77266516621544 ] ], [ [ 22.549526134196235, 47.77266516621544 ], [ 22.563101470969261, 47.772619004094736 ] ], [ [ 22.563101470969261, 47.772619004094736 ], [ 22.611549397088964, 47.77199570263101 ] ], [ [ 22.611549397088964, 47.77199570263101 ], [ 22.61505270919805, 47.77695645525079 ] ], [ [ 22.61505270919805, 47.77695645525079 ], [ 22.628162688429761, 47.776407975751418 ] ], [ [ 22.628162688429761, 47.776407975751418 ], [ 22.636799954200349, 47.780729557397308 ] ], [ [ 22.636799954200349, 47.780729557397308 ], [ 22.646661751361854, 47.779056550280487 ] ], [ [ 22.646661751361854, 47.779056550280487 ], [ 22.660075130097603, 47.781872245567634 ] ], [ [ 22.660075130097603, 47.781872245567634 ], [ 22.666127069071312, 47.786923972947513 ] ], [ [ 22.666127069071312, 47.786923972947513 ], [ 22.673870775835283, 47.788065877410133 ] ], [ [ 22.673870775835283, 47.788065877410133 ], [ 22.680229193542619, 47.787747027955895 ] ], [ [ 22.680229193542619, 47.787747027955895 ], [ 22.687950309739527, 47.795570430436214 ] ], [ [ 22.687950309739527, 47.795570430436214 ], [ 22.69522831206298, 47.808436343193726 ] ], [ [ 22.69522831206298, 47.808436343193726 ], [ 22.701419581013372, 47.815001095052644 ] ], [ [ 22.699667984564829, 47.818364934984643 ], [ 22.701419581013372, 47.815001095052644 ] ], [ [ 22.699667984564829, 47.818364934984643 ], [ 22.709357917782455, 47.823918591517199 ] ], [ [ 22.709357917782455, 47.823918591517199 ], [ 22.70985577879491, 47.828508406915326 ] ], [ [ 22.70985577879491, 47.828508406915326 ], [ 22.710902186022086, 47.834476138755107 ] ], [ [ 22.710902186022086, 47.834476138755107 ], [ 22.715673056629946, 47.837097729093657 ] ], [ [ 22.715673056629946, 47.837097729093657 ], [ 22.723676226846404, 47.838335722619071 ] ], [ [ 22.723676226846404, 47.838335722619071 ], [ 22.731033976922348, 47.835779242672807 ] ], [ [ 22.731033976922348, 47.835779242672807 ], [ 22.745282669925324, 47.834542425057137 ] ], [ [ 22.745282669925324, 47.834542425057137 ], [ 22.756238518052186, 47.834902358913112 ] ], [ [ 22.756238518052186, 47.834902358913112 ], [ 22.765985887536356, 47.841277983870178 ] ], [ [ 22.765985887536356, 47.841277983870178 ], [ 22.774120914242104, 47.842850143305441 ] ], [ [ 22.774120914242104, 47.842850143305441 ], [ 22.777502099302364, 47.852108301259861 ] ], [ [ 22.772686695425396, 47.85951782107778 ], [ 22.777502099302364, 47.852108301259861 ] ], [ [ 22.772686695425396, 47.85951782107778 ], [ 22.773010789649582, 47.863096571817806 ] ], [ [ 22.76616799663871, 47.8641631420642 ], [ 22.773010789649582, 47.863096571817806 ] ], [ [ 22.762065546507301, 47.867049389288432 ], [ 22.76616799663871, 47.8641631420642 ] ], [ [ 22.762065546507301, 47.867049389288432 ], [ 22.768473906778954, 47.878602686132794 ] ], [ [ 22.75824439622372, 47.88602286885348 ], [ 22.768473906778954, 47.878602686132794 ] ], [ [ 22.756912487566598, 47.890363445754147 ], [ 22.75824439622372, 47.88602286885348 ] ], [ [ 22.756912487566598, 47.890363445754147 ], [ 22.763225637512171, 47.892743235507709 ] ], [ [ 22.763225637512171, 47.892743235507709 ], [ 22.778643989156063, 47.892606838533275 ] ], [ [ 22.778643989156063, 47.892606838533275 ], [ 22.783248541450103, 47.893814059043656 ] ], [ [ 22.783248541450103, 47.893814059043656 ], [ 22.794693490874891, 47.892556684850703 ] ], [ [ 22.794693490874891, 47.892556684850703 ], [ 22.806212176592997, 47.898325509527552 ] ], [ [ 22.806212176592997, 47.898325509527552 ], [ 22.814852695285655, 47.9008016525706 ] ], [ [ 22.814852695285655, 47.9008016525706 ], [ 22.824216210510784, 47.907117650950525 ] ], [ [ 22.824216210510784, 47.907117650950525 ], [ 22.832516322000206, 47.909313109039978 ] ], [ [ 22.832516322000206, 47.909313109039978 ], [ 22.84699426197718, 47.908089629339301 ] ], [ [ 22.84699426197718, 47.908089629339301 ], [ 22.856346962964704, 47.916372920641571 ] ], [ [ 22.856346962964704, 47.916372920641571 ], [ 22.857882531781684, 47.920163718849956 ] ], [ [ 22.857882531781684, 47.920163718849956 ], [ 22.863207897529559, 47.922217509140886 ] ], [ [ 22.863207897529559, 47.922217509140886 ], [ 22.866510508255384, 47.928976731530426 ] ], [ [ 22.866510508255384, 47.928976731530426 ], [ 22.872550703421229, 47.932366909726909 ] ], [ [ 22.872550703421229, 47.932366909726909 ], [ 22.872749528965844, 47.936347922594088 ] ], [ [ 22.872749528965844, 47.936347922594088 ], [ 22.880239548195942, 47.943859472881989 ] ], [ [ 22.880239548195942, 47.943859472881989 ], [ 22.885001462388185, 47.944713235445413 ] ], [ [ 22.885001462388185, 47.944713235445413 ], [ 22.886690512163348, 47.951484444654533 ] ], [ [ 22.886690512163348, 47.951484444654533 ], [ 22.900713843781844, 47.954490292235505 ] ], [ [ 22.900713843781844, 47.954490292235505 ], [ 22.907186449211263, 47.959948553594003 ] ], [ [ 22.907186449211263, 47.959948553594003 ], [ 22.913311918712864, 47.957711143953674 ] ], [ [ 22.913311918712864, 47.957711143953674 ], [ 22.929166072595567, 47.959346795361604 ] ], [ [ 22.929166072595567, 47.959346795361604 ], [ 22.944470827534872, 47.96922359673831 ] ], [ [ 22.940000176828026, 47.983156432108679 ], [ 22.944470827534872, 47.96922359673831 ] ], [ [ 22.940000176828026, 47.983156432108679 ], [ 22.94004081569993, 47.989177086035376 ] ], [ [ 22.935581513268183, 47.999006401026847 ], [ 22.94004081569993, 47.989177086035376 ] ], [ [ 22.923111880286644, 48.002165362734701 ], [ 22.935581513268183, 47.999006401026847 ] ], [ [ 22.921395442761028, 48.007354877085874 ], [ 22.923111880286644, 48.002165362734701 ] ], [ [ 22.921395442761028, 48.007354877085874 ], [ 22.921906234693964, 48.014509838674535 ] ], [ [ 22.921906234693964, 48.014509838674535 ], [ 22.926976770264272, 48.019166694074798 ] ], [ [ 22.926976770264272, 48.019166694074798 ], [ 22.944256541077479, 48.016568146096859 ] ], [ [ 22.944256541077479, 48.016568146096859 ], [ 22.960130240168869, 48.00816756875836 ] ], [ [ 22.960130240168869, 48.00816756875836 ], [ 22.962927911438527, 48.011601898328323 ] ], [ [ 22.962927911438527, 48.011601898328323 ], [ 22.977755861510595, 48.009910476663777 ] ], [ [ 22.976830446120161, 48.006814810641579 ], [ 22.977755861510595, 48.009910476663777 ] ], [ [ 22.976830446120161, 48.006814810641579 ], [ 22.986854396922531, 48.005319571678079 ] ], [ [ 22.986854396922531, 48.005319571678079 ], [ 22.995700804584885, 48.001175619228256 ] ], [ [ 22.995700804584885, 48.001175619228256 ], [ 22.996713383661419, 47.996007141956213 ] ], [ [ 22.996713383661419, 47.996007141956213 ], [ 23.00611477925872, 47.995640768187378 ] ], [ [ 23.00611477925872, 47.995640768187378 ], [ 23.013424710979894, 47.990655091422873 ] ], [ [ 23.013424710979894, 47.990655091422873 ], [ 23.024083923486788, 47.991675150130305 ] ], [ [ 23.024083923486788, 47.991675150130305 ], [ 23.03050155755697, 48.00030688998546 ] ], [ [ 23.03050155755697, 48.00030688998546 ], [ 23.056993000066122, 48.00336959358156 ] ], [ [ 23.056993000066122, 48.00336959358156 ], [ 23.065629579187192, 48.007786172012068 ] ], [ [ 23.065629579187192, 48.007786172012068 ], [ 23.074543067655149, 48.008636258470034 ] ], [ [ 23.074543067655149, 48.008636258470034 ], [ 23.083187826280568, 48.004786607926036 ] ], [ [ 23.083187826280568, 48.004786607926036 ], [ 23.09103054045919, 48.005367701501825 ] ], [ [ 23.09103054045919, 48.005367701501825 ], [ 23.091982778141244, 48.010263643051928 ] ], [ [ 23.091982778141244, 48.010263643051928 ], [ 23.09788558379476, 48.015801353179057 ] ], [ [ 23.090349393943139, 48.016482919457978 ], [ 23.09788558379476, 48.015801353179057 ] ], [ [ 23.089846492372534, 48.019481381794265 ], [ 23.090349393943139, 48.016482919457978 ] ], [ [ 23.089846492372534, 48.019481381794265 ], [ 23.098667996757992, 48.02439999317086 ] ], [ [ 23.098667996757992, 48.02439999317086 ], [ 23.105671726045468, 48.030420192418617 ] ], [ [ 23.105671726045468, 48.030420192418617 ], [ 23.109208715023581, 48.03830108644825 ] ], [ [ 23.101046519169586, 48.040916919050069 ], [ 23.109208715023581, 48.03830108644825 ] ], [ [ 23.098089258247771, 48.044204261655658 ], [ 23.101046519169586, 48.040916919050069 ] ], [ [ 23.098089258247771, 48.044204261655658 ], [ 23.112125300946015, 48.054042944802937 ] ], [ [ 23.106627602801744, 48.063542773237792 ], [ 23.112125300946015, 48.054042944802937 ] ], [ [ 23.106627602801744, 48.063542773237792 ], [ 23.10728758555722, 48.067077170516619 ] ], [ [ 23.10728758555722, 48.067077170516619 ], [ 23.113830391196771, 48.069580562982033 ] ], [ [ 23.113830391196771, 48.069580562982033 ], [ 23.117990976640751, 48.076649273148462 ] ], [ [ 23.117990976640751, 48.076649273148462 ], [ 23.120986883083059, 48.076095990206561 ] ], [ [ 23.120986883083059, 48.076095990206561 ], [ 23.123581018594674, 48.081793710252157 ] ], [ [ 23.1139667066284, 48.086229300474095 ], [ 23.123581018594674, 48.081793710252157 ] ], [ [ 23.1139667066284, 48.086229300474095 ], [ 23.118518710405201, 48.090123186715957 ] ], [ [ 23.118518710405201, 48.090123186715957 ], [ 23.127173079696398, 48.092318617900958 ] ], [ [ 23.127173079696398, 48.092318617900958 ], [ 23.130266324713421, 48.095674332568144 ] ], [ [ 23.130266324713421, 48.095674332568144 ], [ 23.140663100359998, 48.09734807679277 ] ], [ [ 23.140663100359998, 48.09734807679277 ], [ 23.146358909547747, 48.0997664569447 ] ], [ [ 23.146358909547747, 48.0997664569447 ], [ 23.150855983084007, 48.11168750022582 ] ], [ [ 23.150855983084007, 48.11168750022582 ], [ 23.156946311327502, 48.114627113336496 ] ], [ [ 23.156946311327502, 48.114627113336496 ], [ 23.165567639893535, 48.115286706811496 ] ], [ [ 23.165567639893535, 48.115286706811496 ], [ 23.177073415271643, 48.119759175240333 ] ], [ [ 23.177073415271643, 48.119759175240333 ], [ 23.181168785991748, 48.11727888367659 ] ], [ [ 23.181168785991748, 48.11727888367659 ], [ 23.18165262916169, 48.111945520764571 ] ], [ [ 23.18165262916169, 48.111945520764571 ], [ 23.186311547666424, 48.111639569717276 ] ], [ [ 23.186311547666424, 48.111639569717276 ], [ 23.189172323455594, 48.097742516322782 ] ], [ [ 23.189172323455594, 48.097742516322782 ], [ 23.235566996828712, 48.091960792421318 ] ], [ [ 23.235566996828712, 48.091960792421318 ], [ 23.241965954904426, 48.094140019980586 ] ], [ [ 23.241965954904426, 48.094140019980586 ], [ 23.246403515300486, 48.091915782067865 ] ], [ [ 23.246403515300486, 48.091915782067865 ], [ 23.251831114074662, 48.100779021079887 ] ], [ [ 23.251831114074662, 48.100779021079887 ], [ 23.267823536340629, 48.100133523776037 ] ], [ [ 23.267823536340629, 48.100133523776037 ], [ 23.268743074804231, 48.086973373919783 ] ], [ [ 23.268743074804231, 48.086973373919783 ], [ 23.271193451686408, 48.084171623994315 ] ], [ [ 23.271193451686408, 48.084171623994315 ], [ 23.280385722799181, 48.082149412573564 ] ], [ [ 23.280385722799181, 48.082149412573564 ], [ 23.287313676392579, 48.075466972355756 ] ], [ [ 23.281885019257217, 48.062524778558185 ], [ 23.287313676392579, 48.075466972355756 ] ], [ [ 23.276804084184995, 48.057644730131983 ], [ 23.281885019257217, 48.062524778558185 ] ], [ [ 23.276804084184995, 48.057644730131983 ], [ 23.279284026510116, 48.056647166307741 ] ], [ [ 23.279284026510116, 48.056647166307741 ], [ 23.287961691184691, 48.046793272252266 ] ], [ [ 23.287961691184691, 48.046793272252266 ], [ 23.293914273090405, 48.044390577863552 ] ], [ [ 23.293914273090405, 48.044390577863552 ], [ 23.304691731117572, 48.043008250669068 ] ], [ [ 23.304691731117572, 48.043008250669068 ], [ 23.312763482522069, 48.044962145427995 ] ], [ [ 23.312763482522069, 48.044962145427995 ], [ 23.322330201790074, 48.040238904180022 ] ], [ [ 23.322330201790074, 48.040238904180022 ], [ 23.326522444987919, 48.035760297288206 ] ], [ [ 23.326522444987919, 48.035760297288206 ], [ 23.332279949176289, 48.03344585862493 ] ], [ [ 23.328491523403216, 48.02610399444638 ], [ 23.332279949176289, 48.03344585862493 ] ], [ [ 23.328491523403216, 48.02610399444638 ], [ 23.331887230361861, 48.020569188630766 ] ], [ [ 23.331887230361861, 48.020569188630766 ], [ 23.338456009130194, 48.018221336957481 ] ], [ [ 23.338456009130194, 48.018221336957481 ], [ 23.348696311068036, 48.020696434858166 ] ], [ [ 23.348696311068036, 48.020696434858166 ], [ 23.357291944302048, 48.01431551393793 ] ], [ [ 23.357291944302048, 48.01431551393793 ], [ 23.37336399574188, 48.009845969210865 ] ], [ [ 23.37336399574188, 48.009845969210865 ], [ 23.378538300536789, 48.003154374229695 ] ], [ [ 23.378538300536789, 48.003154374229695 ], [ 23.387568963732694, 48.004398658364586 ] ], [ [ 23.387568963732694, 48.004398658364586 ], [ 23.394876450696707, 48.000759816623692 ] ], [ [ 23.394876450696707, 48.000759816623692 ], [ 23.40342439072089, 47.998971769395958 ] ], [ [ 23.401633398708398, 47.99502669011467 ], [ 23.40342439072089, 47.998971769395958 ] ], [ [ 23.401633398708398, 47.99502669011467 ], [ 23.404964106197831, 47.991841380069509 ] ], [ [ 23.404964106197831, 47.991841380069509 ], [ 23.417414663936874, 47.986649949589847 ] ], [ [ 23.417414663936874, 47.986649949589847 ], [ 23.423007922557272, 47.988959393508729 ] ], [ [ 23.423007922557272, 47.988959393508729 ], [ 23.43356778536883, 47.990514368288963 ] ], [ [ 23.43356778536883, 47.990514368288963 ], [ 23.43729262223102, 47.984284323073545 ] ], [ [ 23.43729262223102, 47.984284323073545 ], [ 23.44620907161454, 47.981249612611606 ] ], [ [ 23.44620907161454, 47.981249612611606 ], [ 23.449889325014286, 47.976603698850219 ] ], [ [ 23.449889325014286, 47.976603698850219 ], [ 23.46157791687223, 47.973844677655968 ] ], [ [ 23.46157791687223, 47.973844677655968 ], [ 23.474535834991851, 47.974066292254449 ] ], [ [ 23.474535834991851, 47.974066292254449 ], [ 23.480439164457579, 47.973264173280043 ] ], [ [ 23.480439164457579, 47.973264173280043 ], [ 23.493607489765214, 47.967829450101945 ] ], [ [ 23.493607489765214, 47.967829450101945 ], [ 23.501054498417872, 47.968695289795363 ] ], [ [ 23.501054498417872, 47.968695289795363 ], [ 23.505251664410157, 47.980602340896738 ] ], [ [ 23.505251664410157, 47.980602340896738 ], [ 23.512318194775968, 47.985568817026156 ] ], [ [ 23.512318194775968, 47.985568817026156 ], [ 23.517100341007247, 47.992636792052309 ] ], [ [ 23.517100341007247, 47.992636792052309 ], [ 23.52128030818988, 47.994689575598535 ] ], [ [ 23.52128030818988, 47.994689575598535 ], [ 23.521505040942795, 47.999733839876562 ] ], [ [ 23.521505040942795, 47.999733839876562 ], [ 23.525694529036226, 48.004788590502685 ] ], [ [ 23.525694529036226, 48.004788590502685 ], [ 23.525894576205129, 48.012707063406474 ] ], [ [ 23.525894576205129, 48.012707063406474 ], [ 23.529064020933294, 48.019824917886872 ] ], [ [ 23.529064020933294, 48.019824917886872 ], [ 23.536152732062035, 48.015444968422052 ] ], [ [ 23.536152732062035, 48.015444968422052 ], [ 23.540706056427073, 48.009886094133741 ] ], [ [ 23.540706056427073, 48.009886094133741 ], [ 23.551824145748025, 48.008471257831623 ] ], [ [ 23.551824145748025, 48.008471257831623 ], [ 23.566336116224186, 48.003071602358126 ] ], [ [ 23.566336116224186, 48.003071602358126 ], [ 23.577783413418231, 48.005366990163672 ] ], [ [ 23.577783413418231, 48.005366990163672 ], [ 23.585157127283839, 48.003675113374911 ] ], [ [ 23.585157127283839, 48.003675113374911 ], [ 23.593485073188631, 48.008342442075396 ] ], [ [ 23.593485073188631, 48.008342442075396 ], [ 23.604305469531162, 48.006319765054627 ] ], [ [ 23.604305469531162, 48.006319765054627 ], [ 23.610322680680053, 48.008059760670513 ] ], [ [ 23.610322680680053, 48.008059760670513 ], [ 23.62364583417741, 48.002625996198795 ] ], [ [ 23.62364583417741, 48.002625996198795 ], [ 23.63473328315051, 48.002963105670759 ] ], [ [ 23.63473328315051, 48.002963105670759 ], [ 23.642194304878295, 47.999735294214894 ] ], [ [ 23.642194304878295, 47.999735294214894 ], [ 23.645236467857007, 47.992208511602087 ] ], [ [ 23.645236467857007, 47.992208511602087 ], [ 23.661334566017437, 47.986291057556436 ] ], [ [ 23.661334566017437, 47.986291057556436 ], [ 23.664667338297477, 47.983732456381411 ] ], [ [ 23.664667338297477, 47.983732456381411 ], [ 23.672933138103975, 47.986342814965219 ] ], [ [ 23.672933138103975, 47.986342814965219 ], [ 23.685169075862444, 47.987031600705507 ] ], [ [ 23.685169075862444, 47.987031600705507 ], [ 23.707632404699581, 47.994293105546603 ] ], [ [ 23.707632404699581, 47.994293105546603 ], [ 23.714019548283964, 47.9893066310118 ] ], [ [ 23.714019548283964, 47.9893066310118 ], [ 23.719612914035608, 47.989926843782634 ] ], [ [ 23.719612914035608, 47.989926843782634 ], [ 23.720640844187717, 47.994957478287525 ] ], [ [ 23.720640844187717, 47.994957478287525 ], [ 23.728705785082461, 47.993486913259396 ] ], [ [ 23.728705785082461, 47.993486913259396 ], [ 23.74310958825102, 47.995957606862518 ] ], [ [ 23.74310958825102, 47.995957606862518 ], [ 23.753935366706205, 47.996203499640572 ] ], [ [ 23.753935366706205, 47.996203499640572 ], [ 23.762282167240027, 47.992904300347391 ] ], [ [ 23.762282167240027, 47.992904300347391 ], [ 23.771812392966723, 47.994945321664808 ] ], [ [ 23.771812392966723, 47.994945321664808 ], [ 23.791696672112636, 47.986006829453736 ] ], [ [ 23.791696672112636, 47.986006829453736 ], [ 23.800241154139545, 47.986637153385587 ] ], [ [ 23.800241154139545, 47.986637153385587 ], [ 23.817118161940215, 47.98198280886146 ] ], [ [ 23.817118161940215, 47.98198280886146 ], [ 23.821549504421323, 47.978997749321138 ] ], [ [ 23.818894131465616, 47.974533544743082 ], [ 23.821549504421323, 47.978997749321138 ] ], [ [ 23.818894131465616, 47.974533544743082 ], [ 23.834290283686798, 47.967015724837033 ] ], [ [ 23.832600881285256, 47.960696856443555 ], [ 23.834290283686798, 47.967015724837033 ] ], [ [ 23.832600881285256, 47.960696856443555 ], [ 23.843413145439722, 47.94859448182806 ] ], [ [ 23.842394361629964, 47.943840862519288 ], [ 23.843413145439722, 47.94859448182806 ] ], [ [ 23.842394361629964, 47.943840862519288 ], [ 23.850992932233094, 47.936909129219501 ] ], [ [ 23.850992932233094, 47.936909129219501 ], [ 23.864126586985133, 47.931757123646136 ] ], [ [ 23.864126586985133, 47.931757123646136 ], [ 23.867395713986955, 47.932146070939012 ] ], [ [ 23.867395713986955, 47.932146070939012 ], [ 23.884389594955032, 47.944245325599518 ] ], [ [ 23.884389594955032, 47.944245325599518 ], [ 23.894466617663696, 47.94290245802074 ] ], [ [ 23.894466617663696, 47.94290245802074 ], [ 23.89771029990715, 47.944747942134136 ] ], [ [ 23.89771029990715, 47.944747942134136 ], [ 23.913415781264565, 47.947123287084359 ] ], [ [ 23.913415781264565, 47.947123287084359 ], [ 23.921159438012793, 47.945258815091648 ] ], [ [ 23.921159438012793, 47.945258815091648 ], [ 23.930175231122405, 47.948777504167381 ] ], [ [ 23.930175231122405, 47.948777504167381 ], [ 23.941975221908514, 47.94846577685955 ] ], [ [ 23.941975221908514, 47.94846577685955 ], [ 23.945050587353933, 47.95235234142806 ] ], [ [ 23.945050587353933, 47.95235234142806 ], [ 23.948583351383824, 47.96152780617885 ] ], [ [ 23.948583351383824, 47.96152780617885 ], [ 23.957264898260753, 47.96501444800942 ] ], [ [ 23.957264898260753, 47.96501444800942 ], [ 23.965994147740531, 47.962595776734751 ] ], [ [ 23.965994147740531, 47.962595776734751 ], [ 23.973558893782137, 47.967869669998016 ] ], [ [ 23.973558893782137, 47.967869669998016 ], [ 23.977700682759718, 47.967357607793446 ] ], [ [ 23.977700682759718, 47.967357607793446 ], [ 23.980325711832378, 47.959717962968497 ] ], [ [ 23.980325711832378, 47.959717962968497 ], [ 23.990809478120781, 47.96323690922776 ] ], [ [ 23.990809478120781, 47.96323690922776 ], [ 23.996755935875083, 47.961987000601859 ] ], [ [ 23.996755935875083, 47.961987000601859 ], [ 24.004006417775834, 47.966460804028188 ] ], [ [ 24.004006417775834, 47.966460804028188 ], [ 24.009054588877586, 47.967260704775832 ] ], [ [ 24.009054588877586, 47.967260704775832 ], [ 24.025463186195836, 47.957015143081989 ] ], [ [ 24.025463186195836, 47.957015143081989 ], [ 24.031849977526583, 47.949277728466321 ] ], [ [ 24.031849977526583, 47.949277728466321 ], [ 24.04971405113151, 47.953404457637951 ] ], [ [ 24.04971405113151, 47.953404457637951 ], [ 24.062194159404896, 47.953404572173866 ] ], [ [ 24.062194159404896, 47.953404572173866 ], [ 24.071088162121924, 47.947020899855623 ] ], [ [ 24.071088162121924, 47.947020899855623 ], [ 24.082631822415458, 47.943387455330274 ] ], [ [ 24.082631822415458, 47.943387455330274 ], [ 24.098598919677642, 47.93651406883054 ] ], [ [ 24.098598919677642, 47.93651406883054 ], [ 24.099405288221689, 47.930444195657849 ] ], [ [ 24.099405288221689, 47.930444195657849 ], [ 24.109803013073396, 47.915990529219656 ] ], [ [ 24.109803013073396, 47.915990529219656 ], [ 24.118080395118429, 47.914975768506004 ] ], [ [ 24.118080395118429, 47.914975768506004 ], [ 24.131937632028013, 47.91550072282493 ] ], [ [ 24.131937632028013, 47.91550072282493 ], [ 24.138539556740518, 47.912013344123821 ] ], [ [ 24.138539556740518, 47.912013344123821 ], [ 24.145055092820513, 47.912947289144341 ] ], [ [ 24.145055092820513, 47.912947289144341 ], [ 24.149723968702208, 47.916784810198152 ] ], [ [ 24.149723968702208, 47.916784810198152 ], [ 24.160178773595732, 47.914884126917627 ] ], [ [ 24.160178773595732, 47.914884126917627 ], [ 24.16508487489288, 47.920270013767542 ] ], [ [ 24.16508487489288, 47.920270013767542 ], [ 24.181510824121062, 47.914966961794704 ] ], [ [ 24.181510824121062, 47.914966961794704 ], [ 24.196679907796693, 47.916067725306362 ] ], [ [ 24.196679907796693, 47.916067725306362 ], [ 24.20136939176777, 47.911468081917533 ] ], [ [ 24.20136939176777, 47.911468081917533 ], [ 24.20883792355766, 47.908898594832671 ] ], [ [ 24.20883792355766, 47.908898594832671 ], [ 24.217426787515802, 47.9027613134053 ] ], [ [ 24.217426787515802, 47.9027613134053 ], [ 24.21854283417677, 47.89757327558101 ] ], [ [ 24.21854283417677, 47.89757327558101 ], [ 24.228271432052352, 47.896483564387225 ] ], [ [ 24.228271432052352, 47.896483564387225 ], [ 24.240417256993904, 47.899328040316945 ] ], [ [ 24.240417256993904, 47.899328040316945 ], [ 24.255530890545096, 47.906721997972994 ] ], [ [ 24.255530890545096, 47.906721997972994 ], [ 24.265486300653688, 47.907523270431938 ] ], [ [ 24.265486300653688, 47.907523270431938 ], [ 24.279621874886079, 47.906008267952124 ] ], [ [ 24.279621874886079, 47.906008267952124 ], [ 24.292361490397255, 47.911161179393154 ] ], [ [ 24.292361490397255, 47.911161179393154 ], [ 24.297774584274475, 47.911473525051733 ] ], [ [ 24.297774584274475, 47.911473525051733 ], [ 24.303839003029577, 47.917076710066773 ] ], [ [ 24.303839003029577, 47.917076710066773 ], [ 24.309311022003829, 47.918323402524827 ] ], [ [ 24.309311022003829, 47.918323402524827 ], [ 24.315942779597258, 47.923194875801308 ] ], [ [ 24.315942779597258, 47.923194875801308 ], [ 24.324898593786315, 47.925900102949562 ] ], [ [ 24.324898593786315, 47.925900102949562 ], [ 24.33473934367434, 47.917796941682539 ] ], [ [ 24.33473934367434, 47.917796941682539 ], [ 24.344630522075686, 47.91475205337624 ] ], [ [ 24.344630522075686, 47.91475205337624 ], [ 24.350145446255251, 47.915538842993527 ] ], [ [ 24.350145446255251, 47.915538842993527 ], [ 24.368590940025442, 47.923262203516678 ] ], [ [ 24.368590940025442, 47.923262203516678 ], [ 24.381596583004978, 47.926587681307545 ] ], [ [ 24.380338199007273, 47.933879545348887 ], [ 24.381596583004978, 47.926587681307545 ] ], [ [ 24.380338199007273, 47.933879545348887 ], [ 24.392143670454935, 47.948419254567753 ] ], [ [ 24.392143670454935, 47.948419254567753 ], [ 24.392191311575271, 47.952802288266966 ] ], [ [ 24.392191311575271, 47.952802288266966 ], [ 24.409686875426004, 47.960078274148294 ] ], [ [ 24.409686875426004, 47.960078274148294 ], [ 24.417205279217971, 47.95966107377587 ] ], [ [ 24.417205279217971, 47.95966107377587 ], [ 24.428937140627532, 47.967722455701214 ] ], [ [ 24.428937140627532, 47.967722455701214 ], [ 24.435877244195744, 47.97051233438124 ] ], [ [ 24.435877244195744, 47.97051233438124 ], [ 24.4468511368569, 47.964179598370379 ] ], [ [ 24.4468511368569, 47.964179598370379 ], [ 24.463966077684173, 47.961695678604002 ] ], [ [ 24.463966077684173, 47.961695678604002 ], [ 24.471749096938485, 47.96305951218482 ] ], [ [ 24.471749096938485, 47.96305951218482 ], [ 24.487730988527222, 47.955870535102108 ] ], [ [ 24.487730988527222, 47.955870535102108 ], [ 24.494446965762439, 47.955455028844661 ] ], [ [ 24.494446965762439, 47.955455028844661 ], [ 24.502014199020348, 47.952286295868859 ] ], [ [ 24.502014199020348, 47.952286295868859 ], [ 24.513483658269738, 47.953682641338119 ] ], [ [ 24.513483658269738, 47.953682641338119 ], [ 24.526999845459326, 47.961542967516721 ] ], [ [ 24.526999845459326, 47.961542967516721 ], [ 24.53694095521746, 47.961932343832167 ] ], [ [ 24.53694095521746, 47.961932343832167 ], [ 24.549599400810578, 47.959935840549505 ] ], [ [ 24.549599400810578, 47.959935840549505 ], [ 24.562868042133882, 47.968595648189044 ] ], [ [ 24.562868042133882, 47.968595648189044 ], [ 24.57539843427918, 47.967391418659211 ] ], [ [ 24.57539843427918, 47.967391418659211 ], [ 24.58330203124358, 47.964870407200017 ] ], [ [ 24.58330203124358, 47.964870407200017 ], [ 24.584102941011796, 47.960735974262199 ] ], [ [ 24.584102941011796, 47.960735974262199 ], [ 24.592692677185976, 47.956636185341608 ] ], [ [ 24.592692677185976, 47.956636185341608 ], [ 24.601695556640681, 47.945337152729124 ] ], [ [ 24.601695556640681, 47.945337152729124 ], [ 24.610827350554441, 47.951847186108466 ] ], [ [ 24.610827350554441, 47.951847186108466 ], [ 24.623380032117861, 47.951772119633326 ] ], [ [ 24.623380032117861, 47.951772119633326 ], [ 24.628386463170099, 47.947948370837025 ] ], [ [ 24.628386463170099, 47.947948370837025 ], [ 24.632344533910501, 47.939786816946629 ] ], [ [ 24.629834958611905, 47.934421940534591 ], [ 24.632344533910501, 47.939786816946629 ] ], [ [ 24.629834958611905, 47.934421940534591 ], [ 24.63653884964301, 47.929792613595332 ] ], [ [ 24.6350405268279, 47.92457468851871 ], [ 24.63653884964301, 47.929792613595332 ] ], [ [ 24.6350405268279, 47.92457468851871 ], [ 24.651580057154344, 47.919118584664496 ] ], [ [ 24.651580057154344, 47.919118584664496 ], [ 24.652592704414225, 47.910661766454709 ] ], [ [ 24.652592704414225, 47.910661766454709 ], [ 24.66096992782257, 47.908863000617245 ] ], [ [ 24.66096992782257, 47.908863000617245 ], [ 24.673782388389295, 47.896379900302392 ] ], [ [ 24.667282682366448, 47.885707871386842 ], [ 24.673782388389295, 47.896379900302392 ] ], [ [ 24.667282682366448, 47.885707871386842 ], [ 24.668189766657061, 47.88122173245619 ] ], [ [ 24.665789359031869, 47.876506778881286 ], [ 24.668189766657061, 47.88122173245619 ] ], [ [ 24.665789359031869, 47.876506778881286 ], [ 24.670900955622766, 47.865294469330244 ] ], [ [ 24.670900955622766, 47.865294469330244 ], [ 24.672304509520753, 47.863117146834455 ] ], [ [ 24.672304509520753, 47.863117146834455 ], [ 24.681793784519051, 47.860269338008898 ] ], [ [ 24.681793784519051, 47.860269338008898 ], [ 24.685205200499013, 47.855054964780948 ] ], [ [ 24.685205200499013, 47.855054964780948 ], [ 24.702919467454805, 47.85246897688058 ] ], [ [ 24.702919467454805, 47.85246897688058 ], [ 24.705795411241649, 47.840124305453571 ] ], [ [ 24.705795411241649, 47.840124305453571 ], [ 24.719791193781226, 47.839327526276172 ] ], [ [ 24.719791193781226, 47.839327526276172 ], [ 24.734406175234103, 47.843855797628741 ] ], [ [ 24.734406175234103, 47.843855797628741 ], [ 24.739285827843059, 47.841137297529094 ] ], [ [ 24.739285827843059, 47.841137297529094 ], [ 24.74078206666498, 47.836893495134063 ] ], [ [ 24.74078206666498, 47.836893495134063 ], [ 24.752970689881881, 47.829738598380345 ] ], [ [ 24.752970689881881, 47.829738598380345 ], [ 24.758384551776281, 47.837094049756018 ] ], [ [ 24.758384551776281, 47.837094049756018 ], [ 24.765285183940971, 47.839337006890027 ] ], [ [ 24.765285183940971, 47.839337006890027 ], [ 24.778118819829213, 47.837402333314458 ] ], [ [ 24.778118819829213, 47.837402333314458 ], [ 24.778871519949618, 47.831257566835234 ] ], [ [ 24.778871519949618, 47.831257566835234 ], [ 24.784123315224146, 47.823437381031745 ] ], [ [ 24.784123315224146, 47.823437381031745 ], [ 24.797528168338768, 47.824687060887044 ] ], [ [ 24.797528168338768, 47.824687060887044 ], [ 24.827750407690836, 47.820476306558426 ] ], [ [ 24.823166829697328, 47.812727228264542 ], [ 24.827750407690836, 47.820476306558426 ] ], [ [ 24.821535057822754, 47.80621404505537 ], [ 24.823166829697328, 47.812727228264542 ] ], [ [ 24.821535057822754, 47.80621404505537 ], [ 24.83348004308381, 47.797623017719935 ] ], [ [ 24.83348004308381, 47.797623017719935 ], [ 24.836594754429978, 47.793598136535522 ] ], [ [ 24.836594754429978, 47.793598136535522 ], [ 24.837680934233077, 47.78639043606286 ] ], [ [ 24.836524594165326, 47.779519816163209 ], [ 24.837680934233077, 47.78639043606286 ] ], [ [ 24.836524594165326, 47.779519816163209 ], [ 24.851383692764653, 47.774679189860571 ] ], [ [ 24.851383692764653, 47.774679189860571 ], [ 24.854859093376977, 47.770707754994497 ] ], [ [ 24.854859093376977, 47.770707754994497 ], [ 24.855284557944312, 47.765783400155811 ] ], [ [ 24.855284557944312, 47.765783400155811 ], [ 24.87819869130302, 47.752659462231151 ] ], [ [ 24.87819869130302, 47.752659462231151 ], [ 24.881400537252361, 47.738955134460703 ] ], [ [ 24.881400537252361, 47.738955134460703 ], [ 24.886438045733961, 47.733920266684827 ] ], [ [ 24.883150498132697, 47.724371075864511 ], [ 24.886438045733961, 47.733920266684827 ] ], [ [ 24.883150498132697, 47.724371075864511 ], [ 24.901200558781809, 47.724739405475532 ] ], [ [ 24.901200558781809, 47.724739405475532 ], [ 24.947111735913207, 47.729141477865817 ] ] ] } }
]
}
