{"type":"Topology","arcs":[[[37875,22499],[27,-22]],[[37848,22483],[27,16]],[[37800,22497],[48,-14]],[[37768,22483],[32,14]],[[37730,22555],[38,-72]],[[37647,22498],[83,57]],[[37562,22541],[85,-43]],[[37436,22449],[126,92]],[[37431,22411],[5,38]],[[37365,22388],[66,23]],[[37308,22412],[57,-24]],[[37258,22407],[50,5]],[[37220,22363],[38,44]],[[37182,22330],[38,33]],[[37182,22330],[3,-54]],[[37152,22247],[33,29]],[[37150,22209],[2,38]],[[37060,22170],[90,39]],[[37041,22134],[19,36]],[[36997,22093],[44,41]],[[36961,22118],[36,-25]],[[36896,22058],[65,60]],[[36874,22055],[22,3]],[[36867,21975],[7,80]],[[36834,21883],[33,92]],[[36791,21839],[43,44]],[[36715,21871],[76,-32]],[[36673,21875],[42,-4]],[[36660,21900],[13,-25]],[[36602,21898],[58,2]],[[36576,21940],[26,-42]],[[36460,21931],[116,9]],[[36400,21988],[60,-57]],[[36377,22040],[23,-52]],[[36320,22098],[57,-58]],[[36251,22093],[69,5]],[[36237,22051],[14,42]],[[36197,22026],[40,25]],[[36112,22006],[85,20]],[[36056,22036],[56,-30]],[[36019,22040],[37,-4]],[[45791,22711],[1,-45]],[[45723,22750],[68,-39]],[[45558,22756],[165,-6]],[[45453,22710],[105,46]],[[45356,22655],[97,55]],[[45247,22633],[109,22]],[[45167,22642],[80,-9]],[[45167,22642],[10,47]],[[45170,22736],[7,-47]],[[45127,22741],[43,-5]],[[45023,22692],[104,49]],[[45003,22752],[20,-60]],[[44997,22810],[6,-58]],[[44959,22792],[38,18]],[[44930,22880],[29,-88]],[[44909,22974],[21,-94]],[[44763,22917],[146,57]],[[44742,22972],[21,-55]],[[44685,23075],[57,-103]],[[44632,23040],[53,35]],[[44594,23087],[38,-47]],[[44447,23010],[147,77]],[[44368,23012],[79,-2]],[[44352,23155],[16,-143]],[[44283,23171],[69,-16]],[[44277,23122],[6,49]],[[44222,23123],[55,-1]],[[44222,23123],[-5,-259]],[[44193,22830],[24,34]],[[44125,22844],[68,-14]],[[44125,22844],[45,-106]],[[44120,22700],[50,38]],[[44077,22768],[43,-68]],[[44045,22720],[32,48]],[[43997,22703],[48,17]],[[43997,22703],[42,-62]],[[43877,22557],[162,84]],[[43876,22660],[1,-103]],[[43868,22710],[8,-50]],[[43826,22693],[42,17]],[[43736,22739],[90,-46]],[[43730,22853],[6,-114]],[[43618,22845],[112,8]],[[43610,22869],[8,-24]],[[43520,22868],[90,1]],[[43430,22863],[90,5]],[[43424,22948],[6,-85]],[[43326,22890],[98,58]],[[43225,22974],[101,-84]],[[43200,22896],[25,78]],[[43177,22898],[23,-2]],[[43077,22964],[100,-66]],[[43058,22869],[19,95]],[[42980,22946],[78,-77]],[[42938,22909],[42,37]],[[42889,22930],[49,-21]],[[42843,22927],[46,3]],[[42826,22875],[17,52]],[[42770,22954],[56,-79]],[[42770,22954],[34,48]],[[42754,23028],[50,-26]],[[42680,23026],[74,2]],[[42673,23002],[7,24]],[[42673,23002],[27,-39]],[[42690,22920],[10,43]],[[42690,22920],[36,-15]],[[42726,22905],[30,-105]],[[42731,22766],[25,34]],[[42731,22766],[22,-36]],[[42713,22701],[40,29]],[[42713,22701],[107,-183]],[[42812,22512],[8,6]],[[42812,22512],[35,-127]],[[42707,22349],[140,36]],[[42707,22349],[18,-31]],[[42725,22318],[142,36]],[[42867,22354],[32,-21]],[[42899,22333],[45,-88]],[[42782,22195],[162,50]],[[42782,22195],[1,-110]],[[42783,22085],[28,-72]],[[42759,21938],[52,75]],[[42759,21938],[50,-76]],[[42706,21755],[103,107]],[[42565,21712],[141,43]],[[42562,21747],[3,-35]],[[42497,21785],[65,-38]],[[42497,21785],[8,10]],[[42441,21870],[64,-75]],[[42359,22088],[82,-218]],[[42290,22198],[69,-110]],[[42290,22198],[96,99]],[[42300,22463],[86,-166]],[[42300,22463],[21,38]],[[42321,22501],[85,46]],[[42368,22673],[38,-126]],[[42336,22744],[32,-71]],[[42272,22839],[64,-95]],[[42226,22907],[46,-68]],[[42218,22958],[8,-51]],[[42213,22991],[5,-33]],[[42112,23009],[101,-18]],[[42112,23009],[10,71]],[[42122,23080],[36,56]],[[42158,23166],[0,-30]],[[42081,23207],[77,-41]],[[42061,23151],[20,56]],[[42003,23117],[58,34]],[[41962,23120],[41,-3]],[[41936,23166],[26,-46]],[[41910,23254],[26,-88]],[[41910,23254],[19,6]],[[41897,23364],[32,-104]],[[41837,23371],[60,-7]],[[41814,23401],[23,-30]],[[41738,23416],[76,-15]],[[41732,23451],[6,-35]],[[41645,23456],[87,-5]],[[41546,23451],[99,5]],[[41534,23411],[12,40]],[[41494,23416],[40,-5]],[[41476,23304],[18,112]],[[41476,23304],[30,-115]],[[41463,23157],[43,32]],[[41463,23157],[4,-38]],[[41402,23110],[65,9]],[[41325,23077],[77,33]],[[41308,23116],[17,-39]],[[41308,23116],[21,39]],[[41327,23224],[2,-69]],[[41256,23232],[71,-8]],[[41231,23220],[25,12]],[[41210,23320],[21,-100]],[[41162,23362],[48,-42]],[[41116,23360],[46,2]],[[41116,23360],[6,55]],[[41122,23415],[24,19]],[[41138,23533],[8,-99]],[[41088,23557],[50,-24]],[[41005,23546],[83,11]],[[40905,23520],[100,26]],[[40818,23512],[87,8]],[[40818,23512],[7,-58]],[[40825,23454],[33,-99]],[[40746,23333],[112,22]],[[40717,23306],[29,27]],[[40680,23310],[37,-4]],[[40671,23343],[9,-33]],[[40657,23413],[14,-70]],[[40603,23388],[54,25]],[[40577,23429],[26,-41]],[[40458,23321],[119,108]],[[40440,23376],[18,-55]],[[40394,23384],[46,-8]],[[40394,23384],[3,-59]],[[40379,23288],[18,37]],[[40357,23255],[22,33]],[[40324,23325],[33,-70]],[[40294,23337],[30,-12]],[[40294,23337],[0,-33]],[[40250,23254],[44,50]],[[40250,23254],[26,-23]],[[40159,23135],[117,96]],[[40047,23050],[112,85]],[[40005,23029],[42,21]],[[40005,23029],[21,-88]],[[40026,22941],[75,-33]],[[40061,22784],[40,124]],[[40061,22784],[20,-13]],[[40053,22752],[28,19]],[[40001,22634],[52,118]],[[39934,22679],[67,-45]],[[39828,22699],[106,-20]],[[39828,22699],[26,-53]],[[39854,22646],[43,-4]],[[39897,22642],[3,-148]],[[39790,22536],[110,-42]],[[39747,22489],[43,47]],[[39715,22483],[32,6]],[[39644,22531],[71,-48]],[[39591,22554],[53,-23]],[[39549,22556],[42,-2]],[[39530,22581],[19,-25]],[[39469,22589],[61,-8]],[[39455,22617],[14,-28]],[[39387,22651],[68,-34]],[[39354,22648],[33,3]],[[39226,22715],[128,-67]],[[39168,22710],[58,5]],[[39154,22698],[14,12]],[[39058,22676],[96,22]],[[39001,22636],[57,40]],[[38986,22590],[15,46]],[[38986,22590],[23,-109]],[[38982,22423],[27,58]],[[38934,22394],[48,29]],[[38919,22296],[15,98]],[[38891,22274],[28,22]],[[38837,22283],[54,-9]],[[38806,22321],[31,-38]],[[38755,22340],[51,-19]],[[38675,22402],[80,-62]],[[38652,22391],[23,11]],[[38621,22422],[31,-31]],[[38568,22432],[53,-10]],[[38527,22461],[41,-29]],[[38479,22418],[48,43]],[[38400,22403],[79,15]],[[38378,22336],[22,67]],[[38290,22328],[88,8]],[[38264,22344],[26,-16]],[[38152,22289],[112,55]],[[38128,22330],[24,-41]],[[38126,22375],[2,-45]],[[38050,22409],[76,-34]],[[38050,22409],[1,23]],[[38007,22540],[44,-108]],[[37989,22538],[18,2]],[[37957,22497],[32,41]],[[37930,22505],[27,-8]],[[37902,22477],[28,28]],[[36006,22174],[13,-134]],[[35976,22218],[30,-44]],[[35974,22261],[2,-43]],[[35932,22296],[42,-35]],[[35932,22296],[14,79]],[[35946,22375],[18,21]],[[35905,22442],[59,-46]],[[35836,22516],[69,-74]],[[35829,22630],[7,-114]],[[35746,22606],[83,24]],[[35691,22622],[55,-16]],[[35647,22658],[44,-36]],[[35622,22675],[25,-17]],[[35596,22762],[26,-87]],[[35596,22762],[58,54]],[[35654,22816],[11,33]],[[35665,22849],[37,9]],[[35702,22858],[22,39]],[[35714,22941],[10,-44]],[[35690,22951],[24,-10]],[[35690,22951],[10,56]],[[35641,23014],[59,-7]],[[35546,22967],[95,47]],[[35521,22976],[25,-9]],[[35453,22940],[68,36]],[[35453,22940],[28,137]],[[35463,23104],[18,-27]],[[35463,23104],[16,53]],[[35457,23206],[22,-49]],[[35403,23282],[54,-76]],[[35383,23380],[20,-98]],[[35383,23380],[13,90]],[[35396,23470],[48,46]],[[35424,23647],[20,-131]],[[35401,23674],[23,-27]],[[35348,23791],[53,-117]],[[35260,23862],[88,-71]],[[35114,23924],[146,-62]],[[35056,23935],[58,-11]],[[34989,23930],[67,5]],[[34961,23963],[28,-33]],[[34961,23963],[11,76]],[[34958,24094],[14,-55]],[[34931,24114],[27,-20]],[[34930,24210],[1,-96]],[[34930,24210],[54,25]],[[34984,24235],[35,62]],[[35019,24297],[34,6]],[[35034,24354],[19,-51]],[[35034,24354],[6,32]],[[35040,24386],[38,26]],[[35078,24412],[14,128]],[[35092,24540],[16,74]],[[35108,24614],[26,18]],[[35134,24632],[27,98]],[[35135,24760],[26,-30]],[[35101,24766],[34,-6]],[[35033,24827],[68,-61]],[[34952,24793],[81,34]],[[34880,24783],[72,10]],[[34865,24745],[15,38]],[[34826,24736],[39,9]],[[34804,24649],[22,87]],[[34762,24570],[42,79]],[[34668,24527],[94,43]],[[34625,24518],[43,9]],[[34566,24531],[59,-13]],[[34487,24516],[79,15]],[[34403,24568],[84,-52]],[[34363,24556],[40,12]],[[34332,24615],[31,-59]],[[34323,24683],[9,-68]],[[34323,24683],[33,99]],[[34356,24782],[56,66]],[[34412,24848],[13,70]],[[34406,24982],[19,-64]],[[34406,24982],[20,67]],[[34406,25082],[20,-33]],[[34402,25154],[4,-72]],[[34384,25200],[18,-46]],[[34323,25226],[61,-26]],[[34307,25249],[16,-23]],[[34191,25307],[116,-58]],[[34144,25306],[47,1]],[[34091,25334],[53,-28]],[[34035,25342],[56,-8]],[[33950,25323],[85,19]],[[33814,25335],[136,-12]],[[33782,25361],[32,-26]],[[33782,25361],[31,71]],[[33726,25480],[87,-48]],[[33646,25482],[80,-2]],[[33628,25421],[18,61]],[[33598,25465],[30,-44]],[[33573,25459],[25,6]],[[33567,25413],[6,46]],[[33511,25443],[56,-30]],[[33473,25387],[38,56]],[[33425,25391],[48,-4]],[[33425,25391],[29,62]],[[33436,25512],[18,-59]],[[33436,25512],[38,27]],[[33465,25578],[9,-39]],[[33423,25627],[42,-49]],[[33378,25685],[45,-58]],[[33378,25685],[109,53]],[[33479,25812],[8,-74]],[[33479,25812],[20,51]],[[33499,25863],[44,13]],[[33542,25918],[1,-42]],[[33521,25960],[21,-42]],[[33521,25960],[29,32]],[[33549,26036],[1,-44]],[[33492,26073],[57,-37]],[[33492,26073],[66,93]],[[33558,26166],[94,-6]],[[33652,26160],[77,9]],[[33729,26169],[64,18]],[[33793,26187],[34,-61]],[[33827,26126],[61,-27]],[[33888,26099],[41,210]],[[33929,26309],[9,45]],[[33888,26444],[50,-90]],[[33883,26474],[5,-30]],[[33811,26474],[72,0]],[[33787,26504],[24,-30]],[[33734,26531],[53,-27]],[[33657,26647],[77,-116]],[[33657,26647],[32,52]],[[33681,26747],[8,-48]],[[33641,26778],[40,-31]],[[33635,26855],[6,-77]],[[33635,26855],[14,26]],[[33605,26944],[44,-63]],[[33580,27046],[25,-102]],[[33524,27060],[56,-14]],[[33511,27093],[13,-33]],[[33474,27120],[37,-27]],[[33443,27167],[31,-47]],[[33436,27233],[7,-66]],[[33397,27297],[39,-64]],[[33397,27297],[14,62]],[[33411,27359],[39,19]],[[33450,27378],[46,94]],[[33496,27472],[70,-9]],[[33525,27558],[41,-95]],[[33498,27592],[27,-34]],[[33491,27695],[7,-103]],[[33454,27728],[37,-33]],[[33449,27756],[5,-28]],[[33407,27825],[42,-69]],[[33342,27881],[65,-56]],[[33305,27966],[37,-85]],[[33305,27966],[3,71]],[[33229,28053],[79,-16]],[[33190,28018],[39,35]],[[33149,28052],[41,-34]],[[33055,28083],[94,-31]],[[32969,28064],[86,19]],[[32918,28069],[51,-5]],[[32893,28098],[25,-29]],[[32819,28054],[74,44]],[[32808,27999],[11,55]],[[32776,27959],[32,40]],[[32776,27959],[13,-50]],[[32789,27909],[54,-70]],[[32843,27839],[15,-47]],[[32858,27792],[31,-24]],[[32887,27737],[2,31]],[[32887,27737],[33,-75]],[[32879,27600],[41,62]],[[32803,27589],[76,11]],[[32737,27614],[66,-25]],[[32680,27601],[57,13]],[[32648,27654],[32,-53]],[[32639,27698],[9,-44]],[[32603,27734],[36,-36]],[[32568,27797],[35,-63]],[[32532,27809],[36,-12]],[[32505,27850],[27,-41]],[[32494,27904],[11,-54]],[[32455,27932],[39,-28]],[[32363,28045],[92,-113]],[[32312,28123],[51,-78]],[[32259,28243],[53,-120]],[[32259,28243],[26,75]],[[32285,28318],[44,84]],[[32307,28439],[22,-37]],[[32307,28439],[7,100]],[[32305,28618],[9,-79]],[[32305,28618],[11,35]],[[32288,28682],[28,-29]],[[32288,28682],[5,41]],[[32293,28723],[30,34]],[[32323,28757],[14,86]],[[32337,28843],[1,65]],[[32292,28973],[46,-65]],[[32292,28973],[35,47]],[[32256,29071],[71,-51]],[[32200,29088],[56,-17]],[[32170,29199],[30,-111]],[[32170,29199],[16,81]],[[32186,29280],[66,-6]],[[32252,29274],[63,68]],[[32245,29412],[70,-70]],[[32183,29438],[62,-26]],[[32167,29432],[16,6]],[[32167,29432],[4,-64]],[[32171,29368],[21,-17]],[[32167,29284],[25,67]],[[32124,29287],[43,-3]],[[32068,29348],[56,-61]],[[32068,29348],[2,44]],[[32070,29392],[70,65]],[[32140,29457],[38,94]],[[32171,29568],[7,-17]],[[32171,29568],[5,29]],[[32143,29620],[33,-23]],[[32094,29704],[49,-84]],[[32085,29742],[9,-38]],[[32085,29742],[31,30]],[[32116,29772],[112,179]],[[32228,29951],[34,20]],[[32262,29971],[33,51]],[[32292,30121],[3,-99]],[[32292,30121],[16,26]],[[32308,30147],[56,-17]],[[32364,30130],[58,-33]],[[32422,30097],[94,0]],[[32516,30097],[16,-28]],[[32532,30069],[80,3]],[[32612,30072],[36,24]],[[32603,30104],[45,-8]],[[32590,30172],[13,-68]],[[32534,30276],[56,-104]],[[32533,30355],[1,-79]],[[32511,30450],[22,-95]],[[32454,30542],[57,-92]],[[32404,30580],[50,-38]],[[32321,30475],[83,105]],[[32296,30498],[25,-23]],[[32247,30601],[49,-103]],[[32231,30670],[16,-69]],[[32227,30761],[4,-91]],[[32174,30867],[53,-106]],[[32131,30903],[43,-36]],[[32107,30953],[24,-50]],[[32107,30953],[23,63]],[[32108,31115],[22,-99]],[[32070,31158],[38,-43]],[[31985,31224],[85,-66]],[[31951,31290],[34,-66]],[[31933,31431],[18,-141]],[[31897,31469],[36,-38]],[[31786,31498],[111,-29]],[[31759,31536],[27,-38]],[[31730,31520],[29,16]],[[31651,31566],[79,-46]],[[31597,31577],[54,-11]],[[31570,31610],[27,-33]],[[31498,31602],[72,8]],[[31480,31629],[18,-27]],[[31425,31588],[55,41]],[[31356,31643],[69,-55]],[[31297,31659],[59,-16]],[[31244,31648],[53,11]],[[31233,31607],[11,41]],[[31197,31554],[36,53]],[[31130,31498],[67,56]],[[31061,31519],[69,-21]],[[30971,31565],[90,-46]],[[30895,31555],[76,10]],[[30843,31534],[52,21]],[[30770,31543],[73,-9]],[[30724,31584],[46,-41]],[[30720,31679],[4,-95]],[[30697,31705],[23,-26]],[[30694,31753],[3,-48]],[[30694,31753],[20,48]],[[30682,31844],[32,-43]],[[30635,31878],[47,-34]],[[30590,31858],[45,20]],[[30528,31913],[62,-55]],[[30506,31966],[22,-53]],[[30464,31983],[42,-17]],[[30425,32021],[39,-38]],[[30383,32035],[42,-14]],[[30370,32067],[13,-32]],[[30285,32119],[85,-52]],[[30220,32190],[65,-71]],[[30191,32249],[29,-59]],[[30102,32354],[89,-105]],[[30102,32354],[14,85]],[[30101,32468],[15,-29]],[[30033,32459],[68,9]],[[29977,32419],[56,40]],[[29951,32441],[26,-22]],[[29867,32432],[84,9]],[[29799,32391],[68,41]],[[29715,32431],[84,-40]],[[29675,32385],[40,46]],[[29557,32343],[118,42]],[[29515,32306],[42,37]],[[29467,32295],[48,11]],[[29412,32303],[55,-8]],[[29338,32214],[74,89]],[[29338,32214],[10,-69]],[[29325,32101],[23,44]],[[29297,32007],[28,94]],[[29297,32007],[57,-114]],[[29349,31848],[5,45]],[[29251,31738],[98,110]],[[29161,31737],[90,1]],[[29088,31685],[73,52]],[[29060,31686],[28,-1]],[[29027,31676],[33,10]],[[28983,31689],[44,-13]],[[28935,31783],[48,-94]],[[28851,31815],[84,-32]],[[28788,31828],[63,-13]],[[28735,31885],[53,-57]],[[28685,31959],[50,-74]],[[28633,31983],[52,-24]],[[28580,31975],[53,8]],[[28538,31909],[42,66]],[[28501,31878],[37,31]],[[28464,31826],[37,52]],[[28424,31858],[40,-32]],[[28374,31870],[50,-12]],[[28334,31904],[40,-34]],[[28259,31883],[75,21]],[[28169,31893],[90,-10]],[[28108,31946],[61,-53]],[[28082,31944],[26,2]],[[28036,32019],[46,-75]],[[27991,32038],[45,-19]],[[27991,32038],[15,59]],[[27958,32163],[48,-66]],[[27958,32163],[52,133]],[[27999,32392],[11,-96]],[[27980,32474],[19,-82]],[[27952,32506],[28,-32]],[[27949,32553],[3,-47]],[[27949,32553],[17,55]],[[27880,32762],[86,-154]],[[27880,32762],[88,168]],[[27968,32930],[90,106]],[[28058,33036],[28,114]],[[28027,33171],[59,-21]],[[27921,33255],[106,-84]],[[27846,33372],[75,-117]],[[27785,33405],[61,-33]],[[27785,33405],[31,56]],[[27816,33461],[70,66]],[[27886,33527],[14,33]],[[27900,33560],[62,6]],[[27962,33566],[22,49]],[[27984,33615],[83,11]],[[28067,33626],[13,37]],[[28059,33707],[21,-44]],[[28059,33707],[5,47]],[[28048,33783],[16,-29]],[[28047,33845],[1,-62]],[[28047,33845],[20,57]],[[28043,33909],[24,-7]],[[27985,33973],[58,-64]],[[27975,34014],[10,-41]],[[27975,34014],[22,117]],[[27997,34131],[28,24]],[[27987,34248],[38,-93]],[[27917,34232],[70,16]],[[27855,34259],[62,-27]],[[27824,34300],[31,-41]],[[27824,34300],[6,60]],[[27778,34408],[52,-48]],[[27734,34479],[44,-71]],[[27662,34529],[72,-50]],[[27642,34557],[20,-28]],[[27599,34557],[43,0]],[[27571,34602],[28,-45]],[[27538,34602],[33,0]],[[27522,34656],[16,-54]],[[27522,34656],[21,5]],[[27543,34661],[47,-41]],[[27590,34620],[29,1]],[[27619,34621],[73,75]],[[27692,34696],[15,46]],[[27707,34742],[70,21]],[[27777,34763],[34,-23]],[[27811,34740],[103,-136]],[[27914,34604],[48,-16]],[[27962,34588],[4,38]],[[27919,34657],[47,-31]],[[27919,34657],[8,63]],[[27927,34720],[54,22]],[[27981,34742],[4,32]],[[27985,34774],[65,-1]],[[28050,34773],[26,14]],[[28076,34787],[64,75]],[[28098,34928],[42,-66]],[[28031,34896],[67,32]],[[27991,34935],[40,-39]],[[27972,35008],[19,-73]],[[27949,35045],[23,-37]],[[27896,35077],[53,-32]],[[27886,35175],[10,-98]],[[27886,35175],[40,-2]],[[27926,35173],[104,59]],[[28030,35232],[16,53]],[[28046,35285],[45,30]],[[28091,35315],[78,69]],[[28167,35442],[2,-58]],[[28167,35442],[9,50]],[[28157,35529],[19,-37]],[[28096,35586],[61,-57]],[[28009,35624],[87,-38]],[[27977,35684],[32,-60]],[[27948,35786],[29,-102]],[[27948,35786],[4,40]],[[27925,35899],[27,-73]],[[27881,35893],[44,6]],[[27834,35909],[47,-16]],[[27732,35968],[102,-59]],[[27667,35975],[65,-7]],[[27627,36039],[40,-64]],[[27588,36051],[39,-12]],[[27565,36128],[23,-77]],[[27523,36143],[42,-15]],[[27476,36191],[47,-48]],[[27393,36230],[83,-39]],[[27382,36290],[11,-60]],[[27380,36397],[2,-107]],[[27380,36397],[33,9]],[[27413,36406],[59,-23]],[[27472,36383],[58,61]],[[27530,36444],[37,-1]],[[27567,36443],[15,45]],[[27582,36488],[30,9]],[[27612,36497],[67,62]],[[27679,36559],[84,8]],[[27763,36567],[49,37]],[[27812,36604],[119,32]],[[27931,36636],[19,59]],[[27945,36755],[5,-60]],[[27916,36797],[29,-42]],[[27879,36799],[37,-2]],[[27845,36843],[34,-44]],[[27751,36863],[94,-20]],[[27722,36937],[29,-74]],[[27666,36957],[56,-20]],[[27626,37014],[40,-57]],[[27599,37024],[27,-10]],[[27517,37122],[82,-98]],[[27474,37162],[43,-40]],[[27386,37221],[88,-59]],[[27342,37222],[44,-1]],[[27342,37222],[10,55]],[[27318,37326],[34,-49]],[[27313,37435],[5,-109]],[[27313,37435],[212,3]],[[27525,37438],[77,-39]],[[27602,37399],[60,83]],[[27662,37482],[57,-30]],[[27719,37452],[56,-1]],[[27775,37451],[18,-28]],[[27793,37423],[63,-22]],[[27856,37401],[14,55]],[[27870,37456],[44,75]],[[27914,37531],[25,58]],[[27939,37589],[50,-50]],[[27989,37539],[80,45]],[[28069,37584],[34,-3]],[[28103,37581],[36,34]],[[28139,37615],[54,4]],[[28193,37619],[30,32]],[[28223,37651],[73,18]],[[28296,37669],[3,117]],[[28299,37786],[98,117]],[[28397,37903],[51,48]],[[28448,37951],[42,57]],[[28490,38008],[26,-26]],[[28516,37982],[72,14]],[[28588,37996],[30,53]],[[28614,38126],[4,-77]],[[28595,38162],[19,-36]],[[28595,38162],[62,47]],[[28657,38209],[19,67]],[[28671,38311],[5,-35]],[[28671,38311],[97,81]],[[28768,38392],[34,54]],[[28799,38473],[3,-27]],[[28796,38532],[3,-59]],[[28796,38532],[31,38]],[[28827,38570],[89,45]],[[28916,38615],[2,101]],[[28918,38716],[15,28]],[[28919,38804],[14,-60]],[[28919,38804],[41,118]],[[28960,38922],[49,27]],[[29009,38949],[41,-20]],[[29050,38929],[40,17]],[[29090,38946],[38,-28]],[[29128,38918],[24,17]],[[29152,38935],[43,-13]],[[29195,38922],[240,200]],[[29435,39122],[87,-7]],[[29522,39115],[96,7]],[[29618,39122],[25,15]],[[29643,39137],[311,50]],[[29954,39187],[323,56]],[[30277,39243],[268,47]],[[30545,39290],[464,45]],[[31009,39335],[67,6]],[[31076,39341],[193,94]],[[31269,39435],[179,6]],[[31448,39441],[175,-49]],[[31623,39392],[70,13]],[[31693,39405],[110,-42]],[[31803,39363],[21,32]],[[31824,39395],[74,12]],[[31898,39407],[35,-37]],[[31933,39370],[206,-20]],[[32139,39350],[119,53]],[[32258,39403],[97,57]],[[32355,39460],[41,24]],[[32396,39484],[42,89]],[[32438,39573],[67,30]],[[32505,39603],[139,28]],[[32644,39631],[109,-65]],[[32753,39566],[69,-17]],[[32822,39549],[52,18]],[[32874,39567],[42,15]],[[32916,39582],[39,114]],[[32955,39696],[55,0]],[[33010,39696],[96,-14]],[[33106,39682],[67,-46]],[[33173,39636],[136,41]],[[33309,39677],[320,73]],[[33629,39750],[180,43]],[[33809,39793],[68,-20]],[[33877,39773],[152,-64]],[[34029,39709],[13,-5]],[[34042,39704],[94,32]],[[34136,39736],[55,55]],[[34191,39791],[63,-33]],[[34254,39758],[39,16]],[[34293,39774],[157,44]],[[34450,39818],[99,43]],[[34549,39861],[65,114]],[[34614,39975],[52,190]],[[34666,40165],[24,199]],[[34690,40364],[37,35]],[[34727,40399],[78,62]],[[34805,40461],[169,119]],[[34974,40580],[35,19]],[[35009,40599],[50,88]],[[35059,40687],[14,82]],[[35073,40769],[27,51]],[[35100,40820],[14,113]],[[35114,40933],[14,48]],[[35128,40981],[63,139]],[[35191,41120],[52,70]],[[35243,41190],[56,65]],[[35299,41255],[66,40]],[[35365,41295],[37,59]],[[35399,41421],[3,-67]],[[35365,41507],[34,-86]],[[35365,41507],[39,73]],[[35404,41580],[83,-9]],[[35487,41571],[17,75]],[[35504,41646],[34,-60]],[[35538,41586],[24,8]],[[35562,41594],[49,54]],[[35611,41648],[5,37]],[[35616,41685],[40,27]],[[35656,41712],[48,-37]],[[35664,41621],[40,54]],[[35664,41621],[45,-16]],[[35709,41605],[37,23]],[[35746,41628],[45,-7]],[[35791,41621],[89,73]],[[35880,41694],[25,43]],[[35905,41737],[27,-13]],[[35932,41724],[76,-53]],[[36008,41671],[1,39]],[[35973,41724],[36,-14]],[[35973,41724],[18,41]],[[35991,41765],[69,-7]],[[36060,41758],[52,20]],[[36112,41778],[27,36]],[[36116,41848],[23,-34]],[[36116,41848],[63,23]],[[36179,41871],[28,37]],[[36207,41908],[30,-39]],[[36237,41869],[47,-2]],[[36284,41867],[52,24]],[[36336,41891],[75,-32]],[[36411,41859],[64,-32]],[[36475,41827],[32,22]],[[36507,41849],[37,-35]],[[36544,41814],[54,42]],[[36598,41856],[62,18]],[[36648,41926],[12,-52]],[[36648,41926],[10,26]],[[36658,41952],[118,-51]],[[36776,41901],[19,37]],[[36771,41997],[24,-59]],[[36771,41997],[13,75]],[[36784,42072],[40,52]],[[36824,42124],[68,17]],[[36892,42141],[49,-67]],[[36941,42074],[71,14]],[[37012,42088],[62,10]],[[37038,42170],[36,-72]],[[37038,42170],[35,21]],[[37073,42191],[48,-35]],[[37121,42156],[11,46]],[[37130,42271],[2,-69]],[[37130,42271],[34,16]],[[37164,42287],[46,-56]],[[37210,42231],[8,-30]],[[37218,42201],[42,18]],[[37260,42219],[48,90]],[[37308,42309],[27,-21]],[[37335,42288],[2,-41]],[[37318,42206],[19,41]],[[37318,42206],[29,-57]],[[37347,42149],[94,26]],[[37441,42175],[47,44]],[[37488,42219],[22,80]],[[37510,42299],[51,2]],[[37561,42301],[23,-95]],[[37584,42206],[75,-60]],[[37659,42146],[47,1]],[[37706,42147],[15,34]],[[37688,42241],[33,-60]],[[37688,42241],[33,13]],[[37721,42254],[58,-32]],[[37779,42222],[3,-17]],[[37731,42146],[51,59]],[[37731,42146],[40,-12]],[[37771,42134],[75,29]],[[37846,42163],[19,-6]],[[37865,42157],[60,6]],[[37925,42163],[86,-47]],[[38011,42116],[23,15]],[[38034,42131],[17,50]],[[38051,42181],[60,1]],[[38111,42182],[45,38]],[[38156,42220],[54,-51]],[[38210,42169],[7,-28]],[[38217,42141],[56,-15]],[[38273,42126],[17,-83]],[[38287,41999],[3,44]],[[38287,41999],[28,-38]],[[38315,41961],[49,22]],[[38364,41983],[22,35]],[[38386,42018],[34,16]],[[38420,42034],[24,-28]],[[38444,42006],[28,-117]],[[38472,41889],[74,-65]],[[38546,41824],[63,-78]],[[38609,41746],[24,-15]],[[38633,41731],[90,12]],[[38723,41743],[29,-27]],[[38714,41672],[38,44]],[[38666,41666],[48,6]],[[38662,41619],[4,47]],[[38662,41619],[47,-60]],[[38709,41559],[44,-19]],[[38753,41540],[59,12]],[[38812,41552],[12,22]],[[38778,41696],[46,-122]],[[38778,41696],[10,18]],[[38788,41714],[90,8]],[[38878,41722],[70,-31]],[[38948,41691],[45,-83]],[[38968,41536],[25,72]],[[38894,41460],[74,76]],[[38894,41460],[16,-69]],[[38910,41391],[59,-29]],[[38969,41362],[138,14]],[[39107,41376],[93,-45]],[[39200,41331],[36,-65]],[[39226,41240],[10,26]],[[39175,41211],[51,29]],[[39097,41243],[78,-32]],[[39046,41287],[51,-44]],[[39000,41263],[46,24]],[[38999,41217],[1,46]],[[38999,41217],[31,-85]],[[39030,41132],[45,-34]],[[39075,41098],[22,-16]],[[39097,41082],[80,-2]],[[39177,41080],[40,-15]],[[39217,41065],[51,-46]],[[39268,41019],[41,1]],[[39309,41020],[73,127]],[[39382,41147],[25,17]],[[39407,41164],[46,-21]],[[39418,41044],[35,99]],[[39418,41044],[40,-7]],[[39458,41037],[29,46]],[[39487,41083],[28,-13]],[[39481,40952],[34,118]],[[39481,40952],[38,-77]],[[39500,40794],[19,81]],[[39441,40745],[59,49]],[[39441,40745],[6,-49]],[[39447,40696],[78,-46]],[[39525,40650],[9,-15]],[[39534,40635],[2,-75]],[[39536,40560],[16,-32]],[[39552,40528],[73,-46]],[[39625,40482],[99,-85]],[[39724,40397],[35,-45]],[[39759,40352],[13,-41]],[[39763,40245],[9,66]],[[39763,40245],[16,-31]],[[39779,40214],[42,-13]],[[39821,40201],[62,9]],[[39883,40210],[35,-46]],[[39821,40100],[97,64]],[[39806,39991],[15,109]],[[39806,39991],[14,-27]],[[39820,39964],[40,-11]],[[39860,39953],[96,85]],[[39956,40038],[48,11]],[[40004,40049],[41,-42]],[[39989,39944],[56,63]],[[39965,39902],[24,42]],[[39965,39902],[39,-62]],[[40004,39840],[68,-17]],[[40072,39823],[181,32]],[[40212,39781],[41,74]],[[40177,39643],[35,138]],[[40108,39601],[69,42]],[[40108,39601],[74,-55]],[[40182,39546],[67,-50]],[[40249,39496],[74,-78]],[[40164,39185],[159,233]],[[40164,39185],[286,-177]],[[40450,39008],[53,-478]],[[40503,38530],[122,-98]],[[40625,38432],[73,-8]],[[40698,38424],[31,-25]],[[40717,38349],[12,50]],[[40640,38307],[77,42]],[[40608,38358],[32,-51]],[[40583,38369],[25,-11]],[[40543,38314],[40,55]],[[40536,38272],[7,42]],[[40536,38272],[35,-57]],[[40571,38215],[117,13]],[[40688,38228],[2,-37]],[[40630,38137],[60,54]],[[40630,38137],[1,-58]],[[40631,38079],[103,-47]],[[40734,38032],[9,-72]],[[40743,37960],[22,-19]],[[40765,37941],[2,-56]],[[40767,37885],[63,22]],[[40830,37907],[16,-118]],[[40827,37751],[19,38]],[[40827,37751],[16,-33]],[[40843,37718],[68,40]],[[40911,37758],[37,-64]],[[40915,37632],[33,62]],[[40915,37632],[23,-19]],[[40938,37613],[77,31]],[[41006,37591],[9,53]],[[40952,37576],[54,15]],[[40921,37496],[31,80]],[[40921,37496],[31,-53]],[[40952,37443],[43,-8]],[[40990,37381],[5,54]],[[40941,37388],[49,-7]],[[40915,37425],[26,-37]],[[40843,37421],[72,4]],[[40840,37466],[3,-45]],[[40800,37448],[40,18]],[[40773,37372],[27,76]],[[40742,37347],[31,25]],[[40742,37347],[55,-50]],[[40797,37297],[38,-11]],[[40835,37286],[17,-41]],[[40847,37205],[5,40]],[[40847,37205],[17,-37]],[[40864,37168],[69,-2]],[[40902,37095],[31,71]],[[40879,37075],[23,20]],[[40879,37075],[63,-64]],[[40942,37011],[72,-25]],[[41014,36986],[0,-59]],[[40999,36880],[15,47]],[[40999,36880],[4,-53]],[[41003,36827],[58,0]],[[41061,36827],[47,-76]],[[41108,36751],[14,-53]],[[41118,36656],[4,42]],[[41118,36656],[48,-45]],[[41166,36611],[50,-87]],[[41216,36524],[49,-34]],[[41265,36490],[111,-41]],[[41376,36449],[23,-25]],[[41399,36424],[6,-52]],[[41405,36372],[42,-116]],[[41447,36256],[55,-58]],[[41502,36198],[64,-35]],[[41566,36163],[78,-60]],[[41644,36103],[37,-3]],[[41681,36100],[80,14]],[[41761,36114],[23,-32]],[[41714,35998],[70,84]],[[41714,35998],[29,-77]],[[41743,35921],[66,-9]],[[41757,35851],[52,61]],[[41757,35851],[7,-20]],[[41764,35831],[66,-19]],[[41803,35743],[27,69]],[[41803,35743],[44,-24]],[[41847,35719],[28,-46]],[[41875,35673],[50,13]],[[41925,35686],[18,-32]],[[41886,35639],[57,15]],[[41886,35639],[36,-95]],[[41922,35544],[42,24]],[[41940,35490],[24,78]],[[41933,35419],[7,71]],[[41933,35419],[20,-33]],[[41953,35386],[56,-39]],[[42009,35347],[2,-57]],[[42011,35290],[26,-31]],[[42037,35259],[25,-48]],[[42062,35211],[89,34]],[[42151,35245],[-1,-43]],[[42150,35202],[23,-42]],[[42173,35160],[51,-11]],[[42224,35149],[17,50]],[[42241,35199],[43,66]],[[42284,35265],[16,-26]],[[42274,35201],[26,38]],[[42271,35135],[3,66]],[[42271,35135],[30,-20]],[[42301,35115],[23,70]],[[42324,35185],[69,-38]],[[42393,35147],[17,40]],[[42382,35207],[28,-20]],[[42382,35207],[29,41]],[[42411,35248],[27,-16]],[[42438,35232],[10,-85]],[[42448,35147],[19,-32]],[[42467,35115],[55,-32]],[[42522,35083],[13,-49]],[[42535,35034],[41,-25]],[[42576,35009],[29,24]],[[42605,35033],[22,-26]],[[42627,35007],[5,-45]],[[42601,34881],[31,81]],[[42535,34867],[66,14]],[[42535,34867],[16,-92]],[[42506,34737],[45,38]],[[42506,34737],[18,-62]],[[42524,34675],[57,-34]],[[42581,34641],[24,27]],[[42605,34668],[28,-88]],[[42631,34541],[2,39]],[[42631,34541],[24,-34]],[[42655,34507],[37,3]],[[42682,34435],[10,75]],[[42610,34397],[72,38]],[[42597,34316],[13,81]],[[42597,34316],[9,-88]],[[42606,34228],[25,-83]],[[42631,34145],[46,4]],[[42677,34149],[45,-32]],[[42722,34117],[43,37]],[[42765,34154],[25,-19]],[[42772,34033],[18,102]],[[42752,33968],[20,65]],[[42752,33968],[26,-18]],[[42778,33950],[41,25]],[[42811,33907],[8,68]],[[42811,33907],[18,-32]],[[42829,33875],[40,0]],[[42768,33791],[101,84]],[[42754,33819],[14,-28]],[[42708,33818],[46,1]],[[42693,33771],[15,47]],[[42693,33771],[51,8]],[[42740,33728],[4,51]],[[42740,33728],[26,-42]],[[42766,33686],[29,12]],[[42780,33743],[15,-45]],[[42780,33743],[24,39]],[[42804,33782],[30,1]],[[42834,33783],[10,-50]],[[42844,33733],[34,-30]],[[42878,33703],[35,59]],[[42913,33762],[27,-63]],[[42940,33699],[6,-81]],[[42946,33618],[59,-3]],[[42977,33571],[28,44]],[[42977,33571],[6,-23]],[[42983,33548],[85,-18]],[[43061,33594],[7,-64]],[[43061,33594],[84,3]],[[43145,33597],[30,-35]],[[43175,33562],[12,-29]],[[43187,33533],[40,6]],[[43227,33539],[48,-40]],[[43267,33412],[8,87]],[[43267,33412],[31,-14]],[[43298,33398],[24,55]],[[43322,33453],[76,-24]],[[43383,33514],[15,-85]],[[43383,33514],[33,13]],[[43416,33527],[68,-61]],[[43484,33466],[39,19]],[[43523,33485],[33,-28]],[[43556,33457],[32,-68]],[[43588,33389],[9,-88]],[[43597,33301],[50,13]],[[43624,33206],[23,108]],[[43624,33206],[77,-52]],[[43697,33124],[4,30]],[[43648,33144],[49,-20]],[[43612,33134],[36,10]],[[43612,33134],[12,-50]],[[43624,33084],[45,32]],[[43669,33116],[32,-49]],[[43669,33036],[32,31]],[[43628,33029],[41,7]],[[43628,33029],[6,-34]],[[43634,32995],[20,-28]],[[43654,32967],[56,-7]],[[43682,32916],[28,44]],[[43682,32916],[14,-29]],[[43696,32887],[97,15]],[[43793,32902],[12,-26]],[[43775,32808],[30,68]],[[43775,32808],[62,-2]],[[43837,32806],[33,-28]],[[43866,32747],[4,31]],[[43831,32705],[35,42]],[[43831,32705],[64,-30]],[[43877,32635],[18,40]],[[43869,32540],[8,95]],[[43869,32540],[12,-24]],[[43881,32516],[88,-16]],[[43943,32445],[26,55]],[[43927,32376],[16,69]],[[43927,32376],[7,-40]],[[43934,32336],[77,-59]],[[43970,32233],[41,44]],[[43959,32183],[11,50]],[[43893,32196],[66,-13]],[[43857,32158],[36,38]],[[43857,32158],[20,-27]],[[43877,32131],[46,23]],[[43923,32154],[25,-44]],[[43935,32082],[13,28]],[[43856,32112],[79,-30]],[[43856,32112],[1,-36]],[[43857,32076],[116,-28]],[[43973,32048],[73,3]],[[44046,32051],[96,-46]],[[44142,32005],[56,23]],[[44198,32028],[53,-70]],[[44231,31914],[20,44]],[[44207,31913],[24,1]],[[44195,31969],[12,-56]],[[44175,31979],[20,-10]],[[44147,31932],[28,47]],[[44102,31899],[45,33]],[[44102,31899],[39,-51]],[[44141,31848],[135,-27]],[[44265,31777],[11,44]],[[44265,31777],[40,-42]],[[44305,31735],[22,45]],[[44327,31780],[58,-3]],[[44382,31734],[3,43]],[[44382,31734],[57,-42]],[[44417,31623],[22,69]],[[44417,31623],[54,-7]],[[44471,31616],[31,-44]],[[44502,31572],[12,-99]],[[44514,31473],[49,22]],[[44563,31495],[63,-89]],[[44626,31406],[39,6]],[[44665,31412],[51,-52]],[[44716,31360],[32,1]],[[44748,31361],[116,-37]],[[44789,31255],[75,69]],[[44789,31255],[83,-72]],[[44872,31183],[64,19]],[[44936,31202],[40,-19]],[[44976,31183],[9,-46]],[[44985,31137],[54,-29]],[[45039,31108],[19,34]],[[45058,31142],[35,-39]],[[45083,31068],[10,35]],[[45083,31068],[122,-60]],[[45205,31008],[52,12]],[[45257,31020],[26,52]],[[45283,31072],[58,-24]],[[45341,31048],[10,-59]],[[45351,30989],[48,29]],[[45399,31018],[30,-81]],[[45364,30969],[65,-32]],[[45330,30952],[34,17]],[[45305,30893],[25,59]],[[45305,30893],[44,8]],[[45349,30901],[17,-56]],[[45366,30845],[38,-36]],[[45404,30809],[70,-35]],[[45474,30774],[78,-54]],[[45552,30720],[44,-19]],[[45570,30660],[26,41]],[[45570,30660],[39,-4]],[[45609,30656],[63,-50]],[[45672,30606],[2,-27]],[[45618,30550],[56,29]],[[45618,30550],[0,-63]],[[45572,30460],[46,27]],[[45572,30460],[45,-64]],[[45617,30396],[41,5]],[[45642,30349],[16,52]],[[45642,30349],[47,-21]],[[45679,30262],[10,66]],[[45607,30194],[72,68]],[[45607,30194],[94,-8]],[[45692,30129],[9,57]],[[45692,30129],[81,-43]],[[45712,29968],[61,118]],[[45689,29979],[23,-11]],[[45623,29952],[66,27]],[[45601,29918],[22,34]],[[45601,29918],[14,-62]],[[45615,29856],[49,-9]],[[45664,29847],[20,-33]],[[45684,29814],[30,33]],[[45714,29847],[27,-57]],[[45741,29790],[41,14]],[[45771,29721],[11,83]],[[45771,29721],[34,-28]],[[45754,29643],[51,50]],[[45710,29644],[44,-1]],[[45693,29608],[17,36]],[[45693,29608],[70,0]],[[45740,29574],[23,34]],[[45740,29574],[44,-49]],[[45784,29525],[49,-32]],[[45787,29402],[46,91]],[[45784,29315],[3,87]],[[45784,29315],[7,-86]],[[45780,29175],[11,54]],[[45780,29175],[23,-32]],[[45803,29143],[44,30]],[[45835,29098],[12,75]],[[45835,29098],[41,-10]],[[45860,29052],[16,36]],[[45860,29052],[33,-54]],[[45893,28998],[65,-6]],[[45958,28992],[26,-76]],[[45984,28916],[33,-16]],[[46017,28900],[30,-65]],[[46047,28835],[59,-17]],[[46106,28818],[37,-42]],[[46057,28773],[86,3]],[[46057,28773],[33,-71]],[[46090,28702],[29,-16]],[[46119,28686],[38,9]],[[46157,28695],[0,-50]],[[46125,28521],[32,124]],[[46125,28521],[18,-27]],[[46143,28494],[34,-108]],[[46177,28386],[19,-18]],[[46196,28368],[42,20]],[[46238,28388],[17,-39]],[[46204,28296],[51,53]],[[46204,28296],[49,-51]],[[46253,28245],[81,-68]],[[46334,28177],[8,-47]],[[46312,28048],[30,82]],[[46312,28048],[56,-36]],[[46356,27952],[12,60]],[[46356,27952],[49,18]],[[46405,27970],[20,-86]],[[46421,27841],[4,43]],[[46421,27841],[34,-21]],[[46455,27820],[10,43]],[[46465,27863],[49,-95]],[[46489,27763],[25,5]],[[46489,27763],[14,-104]],[[46501,27617],[2,42]],[[46501,27617],[31,-93]],[[46532,27524],[6,-60]],[[46509,27423],[29,41]],[[46509,27423],[51,-17]],[[46560,27406],[21,-61]],[[46567,27295],[14,50]],[[46567,27295],[20,-31]],[[46542,27224],[45,40]],[[46542,27224],[23,-27]],[[46527,27165],[38,32]],[[46505,27122],[22,43]],[[46505,27122],[16,-44]],[[46499,27037],[22,41]],[[46499,27037],[-2,-68]],[[46444,26975],[53,-6]],[[46415,26961],[29,14]],[[46415,26961],[14,-75]],[[46429,26886],[15,-22]],[[46432,26817],[12,47]],[[46432,26817],[42,0]],[[46474,26817],[0,-55]],[[46474,26762],[15,-44]],[[46433,26723],[56,-5]],[[46404,26655],[29,68]],[[46404,26655],[10,-18]],[[46377,26596],[37,41]],[[46377,26596],[81,-79]],[[46448,26453],[10,64]],[[46397,26403],[51,50]],[[46397,26403],[18,-57]],[[46368,26352],[47,-6]],[[46335,26295],[33,57]],[[46335,26295],[33,-26]],[[46351,26229],[17,40]],[[46351,26229],[62,31]],[[46413,26260],[4,-60]],[[46417,26200],[44,-5]],[[46446,26143],[15,52]],[[46446,26143],[21,-40]],[[46432,26049],[35,54]],[[46432,26049],[55,-29]],[[46487,26020],[35,35]],[[46522,26055],[28,-29]],[[46543,25960],[7,66]],[[46543,25960],[43,-16]],[[46586,25944],[31,-71]],[[46568,25851],[49,22]],[[46516,25808],[52,43]],[[46516,25808],[11,-46]],[[46527,25762],[87,-1]],[[46614,25761],[23,-89]],[[46601,25626],[36,46]],[[46601,25626],[22,-50]],[[46573,25515],[50,61]],[[46564,25468],[9,47]],[[46518,25486],[46,-18]],[[46470,25480],[48,6]],[[46459,25406],[11,74]],[[46459,25406],[48,-18]],[[46485,25361],[22,27]],[[46447,25364],[38,-3]],[[46436,25316],[11,48]],[[46436,25316],[72,16]],[[46508,25332],[26,-41]],[[46488,25240],[46,51]],[[46412,25271],[76,-31]],[[46412,25271],[8,-48]],[[46387,25172],[33,51]],[[46342,25129],[45,43]],[[46329,25080],[13,49]],[[46287,25096],[42,-16]],[[46271,25053],[16,43]],[[46271,25053],[29,-117]],[[46228,24939],[72,-3]],[[46228,24939],[9,-72]],[[46188,24904],[49,-37]],[[46188,24904],[25,-77]],[[46213,24827],[56,8]],[[46257,24783],[12,52]],[[46257,24783],[8,-46]],[[46216,24758],[49,-21]],[[46194,24713],[22,45]],[[46194,24713],[41,-18]],[[46206,24656],[29,39]],[[46206,24656],[45,-22]],[[46251,24634],[72,-54]],[[46303,24527],[20,53]],[[46250,24445],[53,82]],[[46207,24441],[43,4]],[[46155,24396],[52,45]],[[46155,24396],[42,-64]],[[46124,24329],[73,3]],[[46104,24260],[20,69]],[[46075,24296],[29,-36]],[[46031,24293],[44,3]],[[46013,24344],[18,-51]],[[45985,24331],[28,13]],[[45985,24331],[23,-73]],[[46003,24224],[5,34]],[[45954,24230],[49,-6]],[[45954,24230],[22,61]],[[45947,24295],[29,-4]],[[45917,24260],[30,35]],[[45911,24137],[6,123]],[[45895,24082],[16,55]],[[45853,24072],[42,10]],[[45853,24072],[34,-54]],[[45887,24018],[57,11]],[[45944,24029],[24,-51]],[[45920,23944],[48,34]],[[45899,23973],[21,-29]],[[45831,23887],[68,86]],[[45800,23866],[31,21]],[[45781,23927],[19,-61]],[[45754,23883],[27,44]],[[45754,23883],[13,-68]],[[45761,23758],[6,57]],[[45736,23706],[25,52]],[[45736,23706],[32,-31]],[[45744,23641],[24,34]],[[45744,23641],[38,-39]],[[45757,23568],[25,34]],[[45757,23568],[38,-31]],[[45794,23605],[1,-68]],[[45794,23605],[22,14]],[[45816,23619],[34,-43]],[[45834,23502],[16,74]],[[45801,23468],[33,34]],[[45801,23468],[34,-29]],[[45835,23439],[68,23]],[[45903,23462],[38,-35]],[[45937,23362],[4,65]],[[45879,23377],[58,-15]],[[45879,23377],[6,-34]],[[45885,23343],[69,-22]],[[45879,23269],[75,52]],[[45879,23269],[44,-32]],[[45923,23237],[25,-57]],[[45911,23164],[37,16]],[[45888,23093],[23,71]],[[45860,23102],[28,-9]],[[45836,23031],[24,71]],[[45836,23031],[33,-31]],[[45844,22939],[25,61]],[[45844,22939],[19,-55]],[[45863,22884],[33,-18]],[[45869,22828],[27,38]],[[45843,22836],[26,-8]],[[45843,22836],[-3,-133]],[[45810,22712],[30,-9]],[[45792,22666],[18,46]],[[45081,2039],[58,-25]],[[44977,2568],[104,-529]],[[44847,2925],[130,-357]],[[44811,3188],[36,-263]],[[44790,3331],[21,-143]],[[44712,3434],[78,-103]],[[44630,3545],[82,-111]],[[44203,3164],[427,381]],[[43682,3090],[521,74]],[[43587,3047],[95,43]],[[43424,3100],[163,-53]],[[43411,3141],[13,-41]],[[43212,3741],[199,-600]],[[43037,3907],[175,-166]],[[42852,3581],[185,326]],[[42154,3660],[698,-79]],[[42017,3675],[137,-15]],[[41613,3583],[404,92]],[[41446,3824],[167,-241]],[[41361,4005],[85,-181]],[[41098,4105],[263,-100]],[[40982,4155],[116,-50]],[[40979,4226],[3,-71]],[[40916,4323],[63,-97]],[[40899,4374],[17,-51]],[[40895,4430],[4,-56]],[[40895,4430],[46,41]],[[40897,4519],[44,-48]],[[40897,4519],[8,65]],[[40866,4621],[39,-37]],[[45792,22666],[21,-46]],[[45751,22621],[62,-1]],[[45729,22506],[22,115]],[[45729,22506],[37,-30]],[[45739,22441],[27,35]],[[45683,22401],[56,40]],[[45634,22316],[49,85]],[[45634,22316],[67,-41]],[[45681,22233],[20,42]],[[45633,22228],[48,5]],[[45633,22228],[29,-57]],[[45662,22171],[65,-7]],[[45646,22015],[81,149]],[[45626,21876],[20,139]],[[45626,21876],[44,-37]],[[45668,21813],[2,26]],[[45616,21769],[52,44]],[[45616,21769],[42,-65]],[[45658,21704],[35,-101]],[[45693,21603],[35,-13]],[[45716,21540],[12,50]],[[45716,21540],[17,-78]],[[45707,21437],[26,25]],[[45707,21437],[41,-44]],[[45729,21343],[19,50]],[[45729,21343],[32,-34]],[[45761,21309],[25,-53]],[[45786,21256],[17,-69]],[[45781,21108],[22,79]],[[45781,21108],[38,-48]],[[45819,21060],[27,-90]],[[45817,20942],[29,28]],[[45792,20853],[25,89]],[[45792,20853],[21,-45]],[[45807,20773],[6,35]],[[45774,20771],[33,2]],[[45772,20733],[2,38]],[[45772,20733],[23,-28]],[[45795,20705],[22,-79]],[[45817,20626],[56,-8]],[[45863,20569],[10,49]],[[45863,20569],[23,-14]],[[45857,20498],[29,57]],[[45857,20498],[3,-34]],[[45848,20436],[12,28]],[[45809,20440],[39,-4]],[[45780,20412],[29,28]],[[45733,20400],[47,12]],[[45733,20400],[28,-71]],[[45761,20329],[20,-16]],[[45750,20235],[31,78]],[[45750,20235],[22,-56]],[[45750,20147],[22,32]],[[45750,20147],[24,-92]],[[45745,20019],[29,36]],[[45745,20019],[20,-21]],[[45765,19998],[42,2]],[[45807,20000],[15,-77]],[[45813,19883],[9,40]],[[45813,19883],[17,-36]],[[45811,19816],[19,31]],[[45771,19818],[40,-2]],[[45771,19818],[12,-44]],[[45783,19774],[45,-18]],[[45828,19756],[26,-41]],[[45854,19715],[50,-48]],[[45904,19667],[108,37]],[[46012,19704],[8,-62]],[[45988,19617],[32,25]],[[45952,19503],[36,114]],[[45952,19503],[45,-70]],[[45997,19433],[-1,-76]],[[45996,19357],[37,-39]],[[46033,19318],[56,-37]],[[46055,19179],[34,102]],[[46055,19179],[33,-22]],[[46072,19111],[16,46]],[[46072,19111],[38,-65]],[[46106,19025],[4,21]],[[46051,18977],[55,48]],[[46051,18977],[22,-56]],[[46065,18875],[8,46]],[[46065,18875],[21,-80]],[[46086,18795],[29,-30]],[[46088,18648],[27,117]],[[46061,18593],[27,55]],[[46061,18593],[22,-63]],[[46039,18499],[44,31]],[[46039,18499],[77,-14]],[[46116,18485],[15,-24]],[[46116,18413],[15,48]],[[46029,18376],[87,37]],[[45987,18281],[42,95]],[[45962,18247],[25,34]],[[45924,18277],[38,-30]],[[45832,18245],[92,32]],[[45812,18287],[20,-42]],[[45773,18281],[39,6]],[[45754,18237],[19,44]],[[45700,18211],[54,26]],[[45692,18185],[8,26]],[[45637,18135],[55,50]],[[45631,18099],[6,36]],[[45631,18099],[13,-57]],[[45644,18042],[59,-45]],[[45703,17997],[27,-57]],[[45730,17940],[38,-17]],[[45768,17923],[33,-57]],[[45799,17821],[2,45]],[[45799,17821],[21,-30]],[[45820,17791],[63,21]],[[45883,17812],[19,24]],[[45902,17836],[33,-12]],[[45935,17824],[22,-84]],[[45957,17740],[24,9]],[[45981,17749],[11,-61]],[[45992,17688],[43,3]],[[46022,17628],[13,63]],[[46022,17628],[31,-65]],[[46053,17563],[25,-13]],[[46078,17550],[-1,-97]],[[46077,17453],[7,-82]],[[46044,17366],[40,5]],[[46044,17366],[41,-64]],[[46062,17242],[23,60]],[[46062,17242],[10,-39]],[[46064,17134],[8,69]],[[46064,17134],[52,8]],[[46116,17142],[29,-58]],[[46145,17084],[12,-94]],[[46157,16990],[20,-17]],[[46177,16973],[15,-57]],[[46192,16916],[20,-27]],[[46212,16889],[84,-26]],[[46296,16863],[48,-30]],[[46344,16833],[73,-12]],[[46417,16821],[204,-81]],[[46621,16740],[57,-34]],[[46678,16706],[67,-77]],[[46745,16629],[42,-106]],[[46787,16523],[0,-66]],[[46771,16271],[16,186]],[[46771,16271],[9,-51]],[[46780,16220],[47,-105]],[[46827,16115],[35,-58]],[[46862,16057],[80,-170]],[[46942,15887],[34,-102]],[[46976,15785],[87,-173]],[[47063,15612],[58,-86]],[[47121,15526],[35,-34]],[[47156,15492],[107,-50]],[[47263,15442],[128,-70]],[[47391,15372],[116,-52]],[[47507,15320],[203,-105]],[[47710,15215],[61,-17]],[[47771,15198],[219,-111]],[[47990,15087],[100,-61]],[[48090,15026],[130,-58]],[[48220,14968],[167,-117]],[[48387,14851],[45,-12]],[[48432,14839],[181,-23]],[[48613,14816],[192,-11]],[[48805,14805],[230,-73]],[[49035,14732],[143,-93]],[[49178,14639],[80,-21]],[[49258,14618],[49,3]],[[49307,14621],[107,51]],[[49414,14672],[37,31]],[[49451,14703],[105,25]],[[49556,14728],[111,13]],[[49667,14741],[41,17]],[[49708,14758],[28,36]],[[49735,14851],[1,-57]],[[49671,14921],[64,-70]],[[49609,14944],[62,-23]],[[49560,14997],[49,-53]],[[49503,15119],[57,-122]],[[49500,15170],[3,-51]],[[49500,15170],[29,43]],[[49529,15213],[58,18]],[[49587,15231],[84,-6]],[[49671,15225],[71,23]],[[49742,15248],[47,70]],[[49789,15318],[24,74]],[[49798,15429],[15,-37]],[[49702,15487],[96,-58]],[[49666,15522],[36,-35]],[[49666,15522],[20,55]],[[49686,15577],[59,40]],[[49745,15617],[50,21]],[[49795,15638],[86,1]],[[49881,15639],[39,-27]],[[49920,15612],[54,-80]],[[49974,15532],[69,-57]],[[50043,15475],[58,-16]],[[50101,15459],[72,9]],[[50173,15468],[36,-10]],[[50209,15458],[90,-106]],[[50299,15352],[58,-69]],[[50357,15283],[88,-84]],[[50445,15199],[67,-48]],[[50512,15151],[61,-20]],[[50573,15131],[75,24]],[[50648,15155],[22,39]],[[50670,15194],[14,64]],[[50679,15298],[5,-40]],[[50645,15393],[34,-95]],[[50645,15393],[66,161]],[[50711,15554],[31,48]],[[50742,15602],[103,-2]],[[50845,15600],[81,41]],[[50926,15641],[63,71]],[[50989,15712],[73,39]],[[51062,15751],[53,30]],[[51115,15781],[88,83]],[[51203,15864],[52,-14]],[[51255,15850],[39,11]],[[51294,15861],[93,64]],[[51387,15925],[51,58]],[[51438,15983],[109,3]],[[51547,15986],[49,24]],[[51596,16010],[45,40]],[[51641,16050],[69,19]],[[51710,16069],[116,48]],[[51826,16117],[106,59]],[[51932,16176],[69,65]],[[52001,16241],[22,78]],[[52023,16319],[77,47]],[[52100,16366],[81,17]],[[52181,16383],[82,52]],[[52263,16435],[64,78]],[[52327,16513],[79,28]],[[52406,16541],[46,-18]],[[52452,16523],[68,-48]],[[52520,16475],[93,-13]],[[52613,16462],[77,34]],[[52690,16496],[35,37]],[[52725,16533],[76,106]],[[52801,16639],[67,16]],[[52868,16655],[37,-16]],[[52905,16639],[67,-60]],[[52972,16579],[63,-21]],[[53035,16558],[92,9]],[[53127,16567],[40,16]],[[53167,16583],[54,-30]],[[53221,16553],[46,0]],[[53267,16553],[64,36]],[[53331,16589],[61,20]],[[53392,16609],[62,1]],[[53454,16610],[38,-62]],[[53492,16548],[27,-22]],[[53519,16526],[132,-50]],[[53651,16476],[89,-56]],[[53740,16420],[139,-31]],[[53879,16389],[112,-39]],[[53991,16350],[112,-32]],[[54103,16318],[133,-75]],[[54236,16243],[56,-49]],[[54292,16194],[93,-64]],[[54385,16130],[87,-104]],[[54472,16026],[149,-221]],[[54621,15805],[122,-132]],[[54743,15673],[23,-49]],[[54766,15624],[44,-147]],[[54810,15477],[25,-53]],[[54835,15424],[18,-71]],[[54853,15353],[-1,-80]],[[54852,15273],[40,-154]],[[54892,15119],[7,-89]],[[54823,14955],[76,75]],[[54795,14870],[28,85]],[[54795,14870],[16,-129]],[[54811,14741],[25,-59]],[[54836,14682],[22,-95]],[[54858,14587],[55,-95]],[[54913,14492],[10,-39]],[[54875,14455],[48,-2]],[[54868,14480],[7,-25]],[[54811,14507],[57,-27]],[[54719,14571],[92,-64]],[[54665,14621],[54,-50]],[[54646,14593],[19,28]],[[54620,14554],[26,39]],[[54614,14511],[6,43]],[[54614,14511],[16,-65]],[[54630,14446],[29,-221]],[[54659,14225],[24,-103]],[[54683,14122],[50,-77]],[[54733,14045],[75,-11]],[[54808,14034],[108,10]],[[54916,14044],[143,56]],[[55029,14055],[30,45]],[[54952,13967],[77,88]],[[54887,13831],[65,136]],[[54837,13706],[50,125]],[[54787,13507],[50,199]],[[54768,13389],[19,118]],[[54758,13243],[10,146]],[[54747,13164],[11,79]],[[54747,13164],[3,-44]],[[54728,12944],[22,176]],[[54717,12787],[11,157]],[[54696,12587],[21,200]],[[54696,12587],[8,-26]],[[54693,12469],[11,92]],[[54645,12187],[48,282]],[[54601,11889],[44,298]],[[54601,11889],[-9,-355]],[[54560,11530],[32,4]],[[54483,11463],[77,67]],[[54479,11421],[4,42]],[[54479,11421],[27,-120]],[[54506,11301],[16,-23]],[[54502,11181],[20,97]],[[54407,10995],[95,186]],[[54349,10904],[58,91]],[[54255,10774],[94,130]],[[54168,10669],[87,105]],[[54058,10588],[110,81]],[[53957,10534],[101,54]],[[53862,10517],[95,17]],[[53817,10523],[45,-6]],[[53807,10559],[10,-36]],[[53807,10559],[132,-2]],[[53939,10557],[71,43]],[[54010,10600],[3,45]],[[54013,10645],[114,15]],[[54127,10660],[37,33]],[[54164,10693],[121,153]],[[54285,10846],[46,49]],[[54331,10895],[24,56]],[[54355,10951],[43,53]],[[54398,11004],[14,45]],[[54412,11049],[80,125]],[[54443,11169],[49,5]],[[54363,11096],[80,73]],[[54298,11105],[65,-9]],[[54254,11036],[44,69]],[[54174,10965],[80,71]],[[54147,10978],[27,-13]],[[54004,10979],[143,-1]],[[53898,10964],[106,15]],[[53834,10941],[64,23]],[[53514,10873],[320,68]],[[53484,10862],[30,11]],[[53220,10808],[264,54]],[[53074,10793],[146,15]],[[52847,10794],[227,-1]],[[52749,10775],[98,19]],[[52530,10753],[219,22]],[[52377,10727],[153,26]],[[52229,10684],[148,43]],[[52176,10651],[53,33]],[[52050,10591],[126,60]],[[52031,10617],[19,-26]],[[51874,10574],[157,43]],[[51657,10465],[217,109]],[[51579,10407],[78,58]],[[51443,10292],[136,115]],[[51288,10133],[155,159]],[[51117,9930],[171,203]],[[50918,9654],[199,276]],[[50913,9633],[5,21]],[[50850,9544],[63,89]],[[50768,9401],[82,143]],[[50715,9355],[53,46]],[[50687,9302],[28,53]],[[50657,9271],[30,31]],[[50608,9157],[49,114]],[[50601,9112],[7,45]],[[50516,8915],[85,197]],[[50394,8649],[122,266]],[[50290,8415],[104,234]],[[50189,8208],[101,207]],[[50113,8075],[76,133]],[[50000,7905],[113,170]],[[49910,7802],[90,103]],[[49844,7713],[66,89]],[[49796,7664],[48,49]],[[49663,7487],[133,177]],[[49601,7384],[62,103]],[[49574,7362],[27,22]],[[49559,7347],[15,15]],[[49469,7213],[90,134]],[[49348,7021],[121,192]],[[49317,6964],[31,57]],[[49262,6900],[55,64]],[[49188,6737],[74,163]],[[49154,6611],[34,126]],[[49134,6582],[20,29]],[[49092,6593],[42,-11]],[[49083,6562],[9,31]],[[49000,6577],[83,-15]],[[48973,6536],[27,41]],[[48958,6466],[15,70]],[[48925,6430],[33,36]],[[48925,6430],[210,-13]],[[49134,6405],[1,12]],[[49017,6415],[117,-10]],[[48844,6423],[173,-8]],[[48819,6366],[25,57]],[[48766,6175],[53,191]],[[48747,6041],[19,134]],[[48743,5953],[4,88]],[[48743,5953],[4,-202]],[[48747,5751],[19,-112]],[[48766,5639],[20,-80]],[[48786,5559],[41,-87]],[[48827,5472],[59,-38]],[[48886,5434],[31,-35]],[[48911,5355],[6,44]],[[48911,5355],[29,-86]],[[48940,5269],[-5,-121]],[[48935,5148],[31,-91]],[[48911,5016],[55,41]],[[48901,4965],[10,51]],[[48869,4913],[32,52]],[[48869,4913],[11,-118]],[[48880,4795],[74,26]],[[48954,4821],[7,-24]],[[48889,4754],[72,43]],[[48889,4754],[11,-36]],[[48900,4718],[43,3]],[[48943,4721],[6,-65]],[[48872,4637],[77,19]],[[48863,4546],[9,91]],[[48863,4546],[3,-59]],[[48857,4400],[9,87]],[[48857,4400],[31,-2]],[[48888,4398],[5,74]],[[48893,4472],[113,-7]],[[49006,4465],[-2,-49]],[[49004,4416],[163,-9]],[[49167,4407],[-1,-107]],[[49135,4270],[31,30]],[[49017,4276],[118,-6]],[[48871,4237],[146,39]],[[48839,4172],[32,65]],[[48839,4172],[3,-71]],[[48842,4101],[16,-46]],[[48853,4012],[5,43]],[[48853,4012],[28,-132]],[[48881,3880],[38,-69]],[[48919,3811],[10,-55]],[[48929,3756],[24,-40]],[[48953,3716],[25,-136]],[[48978,3580],[12,-32]],[[48978,3507],[12,41]],[[48978,3507],[12,-93]],[[48990,3414],[15,-27]],[[49005,3387],[-1,-50]],[[48975,3320],[29,17]],[[48937,3250],[38,70]],[[48937,3250],[3,-28]],[[48933,3171],[7,51]],[[48857,3075],[76,96]],[[48842,3022],[15,53]],[[48842,3022],[-2,-99]],[[48808,2864],[32,59]],[[48808,2864],[17,-87]],[[48815,2752],[10,25]],[[48778,2665],[37,87]],[[48755,2652],[23,13]],[[48724,2574],[31,78]],[[48703,2560],[21,14]],[[48651,2359],[52,201]],[[48651,2359],[-3,-81]],[[48648,2278],[17,-168]],[[48621,2061],[44,49]],[[48575,2034],[46,27]],[[48562,2002],[13,32]],[[48562,2002],[8,-90]],[[48536,1736],[34,176]],[[48505,1708],[31,28]],[[48489,1621],[16,87]],[[48472,1603],[17,18]],[[48472,1603],[61,-24]],[[48502,1546],[31,33]],[[48490,1349],[12,197]],[[48473,1306],[17,43]],[[48466,1243],[7,63]],[[48466,1243],[27,-88]],[[48493,1155],[-1,-65]],[[47719,1045],[773,45]],[[47307,1165],[412,-120]],[[47147,1213],[160,-48]],[[46494,1270],[653,-57]],[[45919,1559],[575,-289]],[[45791,1623],[128,-64]],[[45493,1810],[298,-187]],[[45207,1984],[286,-174]],[[45139,2014],[68,-30]],[[40866,4621],[19,15]],[[40885,4636],[122,92]],[[41007,4728],[58,21]],[[41065,4749],[57,1]],[[41122,4750],[74,-11]],[[41196,4739],[104,-74]],[[41300,4665],[80,-22]],[[41380,4643],[102,-4]],[[41482,4639],[92,33]],[[41574,4672],[31,-5]],[[41605,4667],[55,-8]],[[41660,4659],[103,-37]],[[41763,4622],[108,-23]],[[41871,4599],[57,10]],[[41928,4609],[61,43]],[[41989,4652],[70,73]],[[42059,4725],[52,56]],[[42111,4781],[112,68]],[[42223,4849],[26,26]],[[42249,4875],[58,89]],[[42307,4964],[58,55]],[[42365,5019],[95,51]],[[42460,5070],[41,38]],[[42501,5108],[68,44]],[[42569,5152],[84,55]],[[42653,5207],[134,69]],[[42787,5276],[84,14]],[[42871,5290],[83,50]],[[42954,5340],[44,7]],[[42998,5347],[79,-10]],[[43077,5337],[90,-24]],[[43167,5313],[105,-11]],[[43272,5302],[95,-43]],[[43367,5259],[82,-3]],[[43449,5256],[109,30]],[[43558,5286],[50,54]],[[43608,5340],[92,97]],[[43700,5437],[124,151]],[[43824,5588],[42,30]],[[43866,5618],[87,39]],[[43953,5657],[87,25]],[[44040,5682],[76,34]],[[44116,5716],[56,2]],[[44172,5718],[81,-18]],[[44253,5700],[61,4]],[[44314,5704],[70,22]],[[44384,5726],[60,30]],[[44444,5756],[33,0]],[[44477,5756],[104,-31]],[[44581,5725],[85,1]],[[44666,5726],[77,27]],[[44743,5753],[80,59]],[[44823,5812],[103,155]],[[44926,5967],[67,160]],[[44993,6127],[104,117]],[[45097,6244],[30,65]],[[45127,6309],[57,94]],[[45184,6403],[13,99]],[[45197,6502],[20,67]],[[45217,6569],[13,43]],[[45230,6612],[12,105]],[[45242,6717],[16,51]],[[45258,6768],[39,84]],[[45297,6852],[46,67]],[[45343,6919],[24,54]],[[45367,6973],[91,104]],[[45458,7077],[62,72]],[[45520,7149],[8,67]],[[45528,7216],[30,43]],[[45558,7259],[73,41]],[[45631,7300],[95,74]],[[45726,7374],[34,78]],[[45751,7503],[9,-51]],[[45688,7625],[63,-122]],[[45682,7677],[6,-52]],[[45668,7789],[14,-112]],[[45640,7913],[28,-124]],[[45583,7996],[57,-83]],[[45488,8051],[95,-55]],[[45423,8109],[65,-58]],[[45393,8203],[30,-94]],[[45384,8260],[9,-57]],[[45317,8456],[67,-196]],[[45285,8518],[32,-62]],[[45212,8614],[73,-96]],[[45196,8710],[16,-96]],[[45195,8793],[1,-83]],[[45195,8793],[14,39]],[[45209,8832],[57,99]],[[45266,8931],[39,70]],[[45305,9001],[4,52]],[[45309,9053],[5,38]],[[45300,9165],[14,-74]],[[45255,9247],[45,-82]],[[45207,9311],[48,-64]],[[45140,9351],[67,-40]],[[45073,9432],[67,-81]],[[45019,9478],[54,-46]],[[44928,9571],[91,-93]],[[44875,9661],[53,-90]],[[44765,9647],[110,14]],[[44733,9652],[32,-5]],[[44693,9682],[40,-30]],[[44661,9748],[32,-66]],[[44599,9818],[62,-70]],[[44481,9874],[118,-56]],[[44417,9931],[64,-57]],[[44384,10003],[33,-72]],[[44366,10084],[18,-81]],[[44366,10084],[3,76]],[[44369,10160],[21,152]],[[44390,10312],[32,108]],[[44411,10477],[11,-57]],[[44386,10516],[25,-39]],[[44354,10532],[32,-16]],[[44283,10534],[71,-2]],[[44132,10566],[151,-32]],[[44085,10631],[47,-65]],[[44070,10698],[15,-67]],[[44071,10755],[-1,-57]],[[44071,10755],[31,89]],[[44103,10939],[-1,-95]],[[43983,10937],[120,2]],[[43951,10891],[32,46]],[[43882,10927],[69,-36]],[[43849,10895],[33,32]],[[43807,10802],[42,93]],[[43661,10826],[146,-24]],[[43531,10772],[130,54]],[[43514,10700],[17,72]],[[43514,10700],[72,-51]],[[43586,10649],[35,2]],[[43621,10651],[3,-84]],[[43499,10555],[125,12]],[[43485,10455],[14,100]],[[43069,10486],[416,-31]],[[43065,10536],[4,-50]],[[42902,10549],[163,-13]],[[42730,10556],[172,-7]],[[42730,10556],[4,50]],[[42436,10606],[298,0]],[[42393,10614],[43,-8]],[[42368,10652],[25,-38]],[[42325,10655],[43,-3]],[[42325,10655],[31,-135]],[[42218,10523],[138,-3]],[[42219,10575],[-1,-52]],[[42106,10578],[113,-3]],[[42071,10531],[35,47]],[[41831,10747],[240,-216]],[[41662,10511],[169,236]],[[41567,10605],[95,-94]],[[41511,10526],[56,79]],[[41406,10642],[105,-116]],[[41406,10642],[11,20]],[[41273,10780],[144,-118]],[[41244,10740],[29,40]],[[41089,10526],[155,214]],[[40967,10627],[122,-101]],[[40855,10422],[112,205]],[[40786,10298],[69,124]],[[40707,10366],[79,-68]],[[40630,10472],[77,-106]],[[40576,10531],[54,-59]],[[40576,10531],[12,67]],[[40471,10639],[117,-41]],[[40468,10629],[3,10]],[[40318,10640],[150,-11]],[[40192,10654],[126,-14]],[[40148,10464],[44,190]],[[40148,10464],[120,-50]],[[40255,10366],[13,48]],[[40255,10366],[122,-53]],[[40329,10167],[48,146]],[[40212,10212],[117,-45]],[[40202,10177],[10,35]],[[40085,10225],[117,-48]],[[40066,10169],[19,56]],[[39855,10254],[211,-85]],[[39855,10254],[57,209]],[[39912,10463],[19,129]],[[39612,10728],[319,-136]],[[39546,10793],[66,-65]],[[39451,10867],[95,-74]],[[39331,10979],[120,-112]],[[39258,10882],[73,97]],[[39145,10689],[113,193]],[[39128,10650],[17,39]],[[38800,10808],[328,-158]],[[38750,10803],[50,5]],[[38673,10856],[77,-53]],[[38673,10856],[6,13]],[[38575,10941],[104,-72]],[[38502,10812],[73,129]],[[38389,10892],[113,-80]],[[38344,10831],[45,61]],[[38295,10735],[49,96]],[[38216,10794],[79,-59]],[[38177,10714],[39,80]],[[38106,10769],[71,-55]],[[37981,10894],[125,-125]],[[37644,10840],[337,54]],[[37616,10934],[28,-94]],[[37425,10854],[191,80]],[[37411,10836],[14,18]],[[37365,10858],[46,-22]],[[37298,10895],[67,-37]],[[37213,10966],[85,-71]],[[37193,10932],[20,34]],[[37132,10880],[61,52]],[[37062,11059],[70,-179]],[[37059,11129],[3,-70]],[[36984,11275],[75,-146]],[[36984,11275],[26,20]],[[36957,11374],[53,-79]],[[36957,11374],[43,40]],[[36962,11458],[38,-44]],[[36911,11541],[51,-83]],[[36864,11506],[47,35]],[[36723,11749],[141,-243]],[[36682,11806],[41,-57]],[[36650,11810],[32,-4]],[[36580,11759],[70,51]],[[36580,11817],[0,-58]],[[36547,12009],[33,-192]],[[36547,12009],[6,15]],[[36553,12024],[125,51]],[[36678,12075],[154,55]],[[36832,12144],[0,-14]],[[36832,12144],[119,32]],[[36910,12250],[41,-74]],[[36831,12223],[79,27]],[[36819,12319],[12,-96]],[[36726,12496],[93,-177]],[[36724,12525],[2,-29]],[[36689,12573],[35,-48]],[[36643,12552],[46,21]],[[36570,12605],[73,-53]],[[36541,12713],[29,-108]],[[36481,12694],[60,19]],[[36427,12695],[54,-1]],[[36427,12695],[21,-81]],[[36380,12573],[68,41]],[[36347,12639],[33,-66]],[[36322,12627],[25,12]],[[36277,12750],[45,-123]],[[36277,12750],[17,11]],[[36262,12829],[32,-68]],[[36234,12888],[28,-59]],[[36234,12888],[3,48]],[[36237,12936],[3,74]],[[36222,13010],[18,0]],[[36208,13096],[14,-86]],[[36153,13216],[55,-120]],[[36053,13245],[100,-29]],[[36038,13267],[15,-22]],[[36038,13267],[32,32]],[[36070,13299],[19,78]],[[36089,13377],[20,37]],[[36089,13475],[20,-61]],[[36089,13475],[16,10]],[[36089,13563],[16,-78]],[[36089,13563],[8,35]],[[36074,13627],[23,-29]],[[36074,13727],[0,-100]],[[36074,13727],[41,25]],[[36114,13818],[1,-66]],[[36114,13818],[71,28]],[[36185,13846],[6,19]],[[36147,14022],[44,-157]],[[36138,14101],[9,-79]],[[36138,14101],[11,84]],[[36139,14229],[10,-44]],[[36139,14229],[6,105]],[[36137,14382],[8,-48]],[[36041,14304],[96,78]],[[35985,14255],[56,49]],[[35906,14173],[79,82]],[[35769,14204],[137,-31]],[[35721,14154],[48,50]],[[35704,14107],[17,47]],[[35678,14090],[26,17]],[[35644,14020],[34,70]],[[35558,14075],[86,-55]],[[35510,14075],[48,0]],[[35510,14075],[6,84]],[[35501,14277],[15,-118]],[[35470,14280],[31,-3]],[[35470,14280],[19,49]],[[35470,14359],[19,-30]],[[35470,14359],[10,63]],[[35480,14422],[21,23]],[[35501,14445],[32,75]],[[35488,14510],[45,10]],[[35470,14536],[18,-26]],[[35385,14557],[85,-21]],[[35363,14547],[22,10]],[[35287,14479],[76,68]],[[35247,14479],[40,0]],[[35219,14418],[28,61]],[[35121,14467],[98,-49]],[[35014,14454],[107,13]],[[34997,14484],[17,-30]],[[34945,14477],[52,7]],[[34945,14477],[3,-66]],[[34910,14394],[38,17]],[[34910,14394],[4,69]],[[34892,14527],[22,-64]],[[34882,14599],[10,-72]],[[34815,14710],[67,-111]],[[34815,14710],[52,12]],[[34838,14762],[29,-40]],[[34808,14760],[30,2]],[[34772,14804],[36,-44]],[[34772,14804],[1,24]],[[34773,14828],[27,43]],[[34792,14955],[8,-84]],[[34755,15071],[37,-116]],[[34720,15107],[35,-36]],[[34637,15072],[83,35]],[[34545,15095],[92,-23]],[[34545,15095],[1,29]],[[34546,15124],[34,44]],[[34580,15168],[26,22]],[[34606,15190],[107,125]],[[34713,15315],[29,43]],[[34742,15358],[53,8]],[[34795,15366],[20,78]],[[34785,15502],[30,-58]],[[34746,15551],[39,-49]],[[34686,15553],[60,-2]],[[34657,15630],[29,-77]],[[34628,15658],[29,-28]],[[34590,15736],[38,-78]],[[34563,15741],[27,-5]],[[34537,15833],[26,-92]],[[34497,15838],[40,-5]],[[34465,15880],[32,-42]],[[34425,15889],[40,-9]],[[34395,15927],[30,-38]],[[34348,16012],[47,-85]],[[34348,16012],[27,121]],[[34375,16133],[46,53]],[[34415,16233],[6,-47]],[[34344,16262],[71,-29]],[[34331,16291],[13,-29]],[[34297,16298],[34,-7]],[[34284,16356],[13,-58]],[[34284,16356],[27,58]],[[34311,16414],[13,84]],[[34317,16535],[7,-37]],[[34317,16535],[14,78]],[[34318,16743],[13,-130]],[[34263,16818],[55,-75]],[[34213,16865],[50,-47]],[[34137,16921],[76,-56]],[[34078,16920],[59,1]],[[34018,16959],[60,-39]],[[33986,17000],[32,-41]],[[33957,17057],[29,-57]],[[33957,17057],[2,32]],[[33913,17121],[46,-32]],[[33877,17185],[36,-64]],[[33877,17185],[33,63]],[[33910,17248],[48,40]],[[33958,17288],[39,-8]],[[33997,17280],[15,12]],[[34012,17292],[15,101]],[[34027,17393],[49,63]],[[34076,17456],[41,80]],[[34117,17536],[46,43]],[[34163,17579],[2,31]],[[34165,17610],[37,86]],[[34202,17696],[30,21]],[[34232,17717],[53,92]],[[34285,17809],[7,65]],[[34292,17874],[22,31]],[[34314,17905],[46,1]],[[34360,17906],[8,-79]],[[34368,17827],[63,-73]],[[34431,17754],[16,-54]],[[34447,17700],[54,111]],[[34474,17831],[27,-20]],[[34474,17831],[3,44]],[[34477,17875],[20,52]],[[34490,17995],[7,-68]],[[34490,17995],[38,7]],[[34528,18002],[6,116]],[[34534,18118],[137,74]],[[34671,18192],[9,39]],[[34680,18231],[52,13]],[[34732,18244],[89,0]],[[34821,18244],[73,25]],[[34894,18269],[1,-31]],[[34895,18238],[47,-41]],[[34908,18143],[34,54]],[[34908,18143],[6,-68]],[[34914,18075],[14,-26]],[[34928,18049],[65,-31]],[[34993,18018],[69,-54]],[[35062,17964],[33,-51]],[[35095,17913],[21,73]],[[35116,17986],[61,38]],[[35177,18024],[14,51]],[[35191,18075],[33,29]],[[35224,18104],[38,-1]],[[35262,18103],[37,79]],[[35299,18182],[7,50]],[[35306,18232],[49,36]],[[35355,18268],[23,119]],[[35359,18411],[19,-24]],[[35343,18490],[16,-79]],[[35343,18490],[33,86]],[[35376,18576],[27,165]],[[35390,18810],[13,-69]],[[35390,18810],[25,23]],[[35416,18880],[-1,-47]],[[35416,18880],[30,75]],[[35446,18955],[24,20]],[[35470,18975],[26,11]],[[35496,18986],[46,99]],[[35517,19112],[25,-27]],[[35517,19145],[0,-33]],[[35517,19145],[63,15]],[[35580,19160],[20,59]],[[35600,19219],[19,45]],[[35619,19264],[44,-2]],[[35663,19262],[32,21]],[[35679,19342],[16,-59]],[[35673,19407],[6,-65]],[[35673,19407],[50,155]],[[35688,19707],[35,-145]],[[35688,19707],[17,110]],[[35705,19817],[34,69]],[[35696,19919],[43,-33]],[[35681,19990],[15,-71]],[[35639,20055],[42,-65]],[[35639,20055],[19,53]],[[35652,20196],[6,-88]],[[35616,20259],[36,-63]],[[35616,20259],[8,57]],[[35624,20316],[6,55]],[[35630,20371],[21,41]],[[35651,20412],[24,22]],[[35675,20434],[40,101]],[[35701,20618],[14,-83]],[[35651,20679],[50,-61]],[[35651,20679],[12,49]],[[35644,20840],[19,-112]],[[35644,20840],[37,38]],[[35677,20917],[4,-39]],[[35677,20917],[25,28]],[[35702,20945],[50,19]],[[35727,21028],[25,-64]],[[35727,21028],[14,55]],[[35711,21147],[30,-64]],[[35711,21147],[27,65]],[[35723,21272],[15,-60]],[[35723,21272],[37,62]],[[35760,21334],[10,36]],[[35770,21370],[57,60]],[[35827,21430],[67,39]],[[35894,21469],[38,53]],[[35932,21522],[74,67]],[[36006,21589],[2,35]],[[35972,21688],[36,-64]],[[35972,21688],[15,58]],[[35987,21746],[63,92]],[[36021,21900],[29,-62]],[[36004,22009],[17,-109]],[[36004,22009],[15,31]],[[25622,953],[154,-170]],[[40790,4606],[76,15]],[[40758,4565],[32,41]],[[40694,4544],[64,21]],[[40646,4531],[48,13]],[[40551,4533],[95,-2]],[[40456,4555],[95,-22]],[[40364,4567],[92,-12]],[[40310,4623],[54,-56]],[[40246,4670],[64,-47]],[[40134,4731],[112,-61]],[[40072,4749],[62,-18]],[[40004,4747],[68,2]],[[39880,4716],[124,31]],[[39809,4682],[71,34]],[[39753,4681],[56,1]],[[39640,4705],[113,-24]],[[39529,4787],[111,-82]],[[39458,4776],[71,11]],[[39393,4755],[65,21]],[[39252,4690],[141,65]],[[39207,4687],[45,3]],[[39103,4706],[104,-19]],[[39062,4710],[41,-4]],[[38939,4685],[123,25]],[[38867,4676],[72,9]],[[38773,4688],[94,-12]],[[38692,4665],[81,23]],[[38555,4572],[137,93]],[[38426,4524],[129,48]],[[38356,4485],[70,39]],[[38271,4412],[85,73]],[[38022,4246],[249,166]],[[37989,4221],[33,25]],[[37901,4179],[88,42]],[[37673,4132],[228,47]],[[37673,4149],[0,-17]],[[37582,4164],[91,-15]],[[37478,4148],[104,16]],[[37406,4116],[72,32]],[[37318,4061],[88,55]],[[37318,4061],[6,-19]],[[37203,4016],[121,26]],[[37170,4017],[33,-1]],[[37036,3981],[134,36]],[[36910,3926],[126,55]],[[36779,3962],[131,-36]],[[36589,3965],[190,-3]],[[36476,3942],[113,23]],[[36381,3896],[95,46]],[[36290,3872],[91,24]],[[36122,3820],[168,52]],[[36122,3820],[5,-21]],[[36049,3777],[78,22]],[[35987,3771],[62,6]],[[35936,3794],[51,-23]],[[35822,3811],[114,-17]],[[35783,3836],[39,-25]],[[35669,3861],[114,-25]],[[35618,3853],[51,8]],[[35507,3811],[111,42]],[[35447,3778],[60,33]],[[35277,3722],[170,56]],[[35230,3712],[47,10]],[[35084,3575],[146,137]],[[34926,3485],[158,90]],[[34855,3463],[71,22]],[[34778,3414],[77,49]],[[34587,3325],[191,89]],[[34503,3317],[84,8]],[[34501,3334],[2,-17]],[[34374,3337],[127,-3]],[[34310,3326],[64,11]],[[34182,3271],[128,55]],[[34104,3217],[78,54]],[[34047,3137],[57,80]],[[33994,3039],[53,98]],[[33994,3039],[13,-13]],[[33951,2963],[56,63]],[[33869,2850],[82,113]],[[33844,2793],[25,57]],[[33800,2739],[44,54]],[[33765,2649],[35,90]],[[33703,2568],[62,81]],[[33644,2528],[59,40]],[[33528,2465],[116,63]],[[33460,2410],[68,55]],[[33451,2425],[9,-15]],[[33359,2341],[92,84]],[[33317,2286],[42,55]],[[33219,2228],[98,58]],[[33175,2189],[44,39]],[[33103,2120],[72,69]],[[33038,2020],[65,100]],[[32978,1907],[60,113]],[[32954,1814],[24,93]],[[32931,1754],[23,60]],[[32886,1727],[45,27]],[[32795,1604],[91,123]],[[32761,1523],[34,81]],[[32761,1523],[18,-25]],[[32607,1291],[172,207]],[[32554,1251],[53,40]],[[32494,1221],[60,30]],[[32425,1192],[69,29]],[[32412,1208],[13,-16]],[[32322,1116],[90,92]],[[32295,1071],[27,45]],[[32243,924],[52,147]],[[32170,831],[73,93]],[[32044,755],[126,76]],[[31947,691],[97,64]],[[31903,670],[44,21]],[[31815,647],[88,23]],[[31812,661],[3,-14]],[[31709,665],[103,-4]],[[31540,659],[169,6]],[[31501,645],[39,14]],[[31405,578],[96,67]],[[31361,524],[44,54]],[[31262,487],[99,37]],[[31179,439],[83,48]],[[31058,348],[121,91]],[[30951,256],[107,92]],[[30891,230],[60,26]],[[30798,218],[93,12]],[[30691,236],[107,-18]],[[30592,236],[99,0]],[[30586,253],[6,-17]],[[30401,195],[185,58]],[[30305,128],[96,67]],[[30249,104],[56,24]],[[30249,104],[3,-19]],[[30162,68],[90,17]],[[29992,15],[170,53]],[[29897,0],[95,15]],[[29857,4],[40,-4]],[[29798,30],[59,-26]],[[29769,24],[29,6]],[[29670,69],[99,-45]],[[29602,116],[68,-47]],[[29502,226],[100,-110]],[[29414,281],[88,-55]],[[29299,336],[115,-55]],[[29285,363],[14,-27]],[[29209,458],[76,-95]],[[29183,503],[26,-45]],[[29093,580],[90,-77]],[[29057,595],[36,-15]],[[28919,628],[138,-33]],[[28768,676],[151,-48]],[[28726,695],[42,-19]],[[28631,732],[95,-37]],[[28460,671],[171,61]],[[28422,671],[38,0]],[[28395,648],[27,23]],[[28271,597],[124,51]],[[28182,601],[89,-4]],[[28116,625],[66,-24]],[[28014,644],[102,-19]],[[27934,667],[80,-23]],[[27897,688],[37,-21]],[[27776,822],[121,-134]],[[27712,863],[64,-41]],[[27682,940],[30,-77]],[[27654,966],[28,-26]],[[27613,986],[41,-20]],[[27460,993],[153,-7]],[[27385,1009],[75,-16]],[[27335,1006],[50,3]],[[27300,999],[35,7]],[[27232,950],[68,49]],[[27231,883],[1,67]],[[27176,884],[55,-1]],[[27036,841],[140,43]],[[26917,800],[119,41]],[[26828,791],[89,9]],[[26781,799],[47,-8]],[[26667,852],[114,-53]],[[26595,858],[72,-6]],[[26511,840],[84,18]],[[26451,809],[60,31]],[[26296,688],[155,121]],[[26179,620],[117,68]],[[26073,602],[106,18]],[[25992,629],[81,-27]],[[25900,681],[92,-52]],[[25776,783],[124,-102]],[[25622,953],[48,172]],[[25585,1163],[85,-38]],[[25585,1163],[33,73]],[[25618,1236],[107,-29]],[[25725,1207],[9,62]],[[25734,1269],[61,13]],[[25779,1396],[16,-114]],[[25779,1396],[72,16]],[[25840,1483],[11,-71]],[[25840,1483],[115,31]],[[25955,1514],[190,62]],[[26088,1687],[57,-111]],[[26088,1687],[11,93]],[[26099,1780],[94,-1]],[[26193,1779],[1,30]],[[26139,1825],[55,-16]],[[26128,1850],[11,-25]],[[26126,1849],[2,1]],[[26082,1853],[44,-4]],[[26024,1886],[58,-33]],[[25962,1875],[62,11]],[[25923,1884],[39,-9]],[[25849,1875],[74,9]],[[25821,1905],[28,-30]],[[25821,1905],[41,31]],[[25862,1936],[44,-30]],[[25906,1906],[47,4]],[[25953,1910],[57,34]],[[26010,1974],[0,-30]],[[25973,2009],[37,-35]],[[25947,2054],[26,-45]],[[25887,2115],[60,-61]],[[25875,2200],[12,-85]],[[25844,2229],[31,-29]],[[25835,2293],[9,-64]],[[25688,2256],[147,37]],[[25653,2405],[35,-149]],[[25653,2405],[90,20]],[[25735,2488],[8,-63]],[[25730,2541],[5,-53]],[[25649,2540],[81,1]],[[25621,2563],[28,-23]],[[25570,2668],[51,-105]],[[25561,2713],[9,-45]],[[25510,2800],[51,-87]],[[25470,2788],[40,12]],[[25450,2886],[20,-98]],[[25450,2886],[121,45]],[[25564,2953],[7,-22]],[[25489,2964],[75,-11]],[[25477,3120],[12,-156]],[[25404,3110],[73,10]],[[25394,3140],[10,-30]],[[25339,3118],[55,22]],[[25303,3125],[36,-7]],[[25300,3198],[3,-73]],[[25300,3198],[30,2]],[[25330,3200],[12,68]],[[25285,3257],[57,11]],[[25266,3287],[19,-30]],[[25266,3287],[48,21]],[[25314,3308],[17,25]],[[25331,3390],[0,-57]],[[25278,3353],[53,37]],[[25271,3381],[7,-28]],[[25271,3381],[51,26]],[[25322,3407],[30,43]],[[25352,3450],[30,105]],[[25371,3584],[11,-29]],[[25366,3599],[5,-15]],[[25366,3599],[89,69]],[[25455,3668],[26,-14]],[[25481,3654],[156,74]],[[25637,3728],[353,89]],[[25985,3864],[5,-47]],[[25947,3877],[38,-13]],[[25947,3877],[34,38]],[[25936,4008],[45,-93]],[[25936,4008],[67,21]],[[26003,4029],[222,67]],[[26216,4140],[9,-44]],[[26216,4140],[38,8]],[[26254,4148],[220,37]],[[26459,4237],[15,-52]],[[26459,4237],[201,36]],[[26660,4273],[44,16]],[[26704,4289],[7,-35]],[[26711,4254],[68,53]],[[26753,4399],[26,-92]],[[26753,4399],[15,74]],[[26750,4534],[18,-61]],[[26715,4610],[35,-76]],[[26713,4683],[2,-73]],[[26683,4711],[30,-28]],[[26556,4826],[127,-115]],[[26503,4893],[53,-67]],[[26487,5026],[16,-133]],[[26474,5079],[13,-53]],[[26418,5212],[56,-133]],[[26418,5212],[53,91]],[[26471,5303],[136,148]],[[26607,5451],[65,80]],[[26659,5541],[13,-10]],[[26559,5594],[100,-53]],[[26559,5594],[60,33]],[[26573,5675],[46,-48]],[[26573,5675],[25,18]],[[26598,5693],[18,134]],[[26616,5827],[10,122]],[[26599,6021],[27,-72]],[[26586,6046],[13,-25]],[[26581,6117],[5,-71]],[[26581,6117],[16,70]],[[26597,6187],[66,32]],[[26636,6289],[27,-70]],[[26636,6289],[54,16]],[[26690,6305],[23,26]],[[26713,6331],[18,49]],[[26676,6412],[55,-32]],[[26619,6503],[57,-91]],[[26619,6503],[9,38]],[[26560,6704],[68,-163]],[[26557,6760],[3,-56]],[[26557,6760],[59,30]],[[26616,6790],[115,35]],[[26731,6825],[109,9]],[[26840,6834],[83,-5]],[[26923,6829],[29,42]],[[26952,6871],[8,56]],[[26946,6955],[14,-28]],[[26930,6998],[16,-43]],[[26924,7061],[6,-63]],[[26882,7059],[42,2]],[[26803,7063],[79,-4]],[[26562,7057],[241,6]],[[26562,6998],[0,59]],[[26519,6995],[43,3]],[[26483,7053],[36,-58]],[[26384,7044],[99,9]],[[26376,7097],[8,-53]],[[26192,7029],[184,68]],[[26192,7029],[2,24]],[[26131,7079],[63,-26]],[[26131,7079],[12,29]],[[26143,7108],[37,18]],[[26180,7126],[1,34]],[[26129,7322],[52,-162]],[[26129,7322],[47,16]],[[26176,7338],[14,94]],[[26179,7531],[11,-99]],[[26179,7531],[20,63]],[[26190,7622],[9,-28]],[[26190,7622],[9,84]],[[26071,7707],[128,-1]],[[26071,7707],[4,242]],[[26032,7955],[43,-6]],[[26032,7955],[12,173]],[[26044,8128],[13,75]],[[26057,8203],[23,75]],[[26080,8278],[41,91]],[[26106,8436],[15,-67]],[[26062,8446],[44,-10]],[[26045,8509],[17,-63]],[[26045,8509],[33,-3]],[[26078,8553],[0,-47]],[[26048,8584],[30,-31]],[[26040,8680],[8,-96]],[[25994,8762],[46,-82]],[[25934,8774],[60,-12]],[[25923,9086],[11,-312]],[[25923,9086],[21,57]],[[25944,9143],[26,30]],[[25933,9192],[37,-19]],[[25916,9281],[17,-89]],[[25887,9313],[29,-32]],[[25887,9313],[12,66]],[[25880,9428],[19,-49]],[[25880,9428],[22,20]],[[25890,9486],[12,-38]],[[25821,9805],[69,-319]],[[25789,9847],[32,-42]],[[25789,9847],[145,94]],[[25934,9941],[1,36]],[[25935,9977],[64,2]],[[25933,10043],[66,-64]],[[25892,10141],[41,-98]],[[25804,10155],[88,-14]],[[25776,10188],[28,-33]],[[25693,10173],[83,15]],[[25659,10188],[34,-15]],[[25580,10168],[79,20]],[[25467,10117],[113,51]],[[25467,10117],[5,28]],[[25391,10265],[81,-120]],[[25346,10297],[45,-32]],[[25330,10336],[16,-39]],[[25289,10329],[41,7]],[[25258,10310],[31,19]],[[25237,10375],[21,-65]],[[25225,10477],[12,-102]],[[25219,10533],[6,-56]],[[25188,10529],[31,4]],[[25188,10529],[35,211]],[[25165,10740],[58,0]],[[25141,10834],[24,-94]],[[25126,10850],[15,-16]],[[25124,10912],[2,-62]],[[25068,10963],[56,-51]],[[25027,11067],[41,-104]],[[25020,11145],[7,-78]],[[25002,11186],[18,-41]],[[25002,11186],[8,49]],[[25000,11296],[10,-61]],[[24954,11315],[46,-19]],[[24954,11315],[9,155]],[[24944,11586],[19,-116]],[[24903,11592],[41,-6]],[[24847,11617],[56,-25]],[[24810,11508],[37,109]],[[24785,11463],[25,45]],[[24785,11463],[10,-49]],[[24786,11365],[9,49]],[[24738,11357],[48,8]],[[24738,11357],[28,-83]],[[24761,11171],[5,103]],[[24747,11155],[14,16]],[[24701,11169],[46,-14]],[[24671,11095],[30,74]],[[24671,11095],[4,-53]],[[24607,11028],[68,14]],[[24591,10954],[16,74]],[[24503,10925],[88,29]],[[24427,10894],[76,31]],[[24387,10854],[40,40]],[[24381,10902],[6,-48]],[[24315,10919],[66,-17]],[[24263,10971],[52,-52]],[[24248,11003],[15,-32]],[[24248,11003],[87,132]],[[24335,11135],[10,35]],[[24345,11170],[42,69]],[[24387,11239],[40,8]],[[24427,11247],[64,77]],[[24491,11324],[25,77]],[[24500,11428],[16,-27]],[[24500,11428],[19,65]],[[24519,11493],[48,85]],[[24567,11578],[23,81]],[[24515,11684],[75,-25]],[[24498,11715],[17,-31]],[[24497,11799],[1,-84]],[[24497,11799],[38,57]],[[24533,11890],[2,-34]],[[24533,11890],[49,40]],[[24582,11930],[44,80]],[[24626,12010],[60,32]],[[24686,12042],[19,39]],[[24625,12152],[80,-71]],[[24567,12117],[58,35]],[[24524,12106],[43,11]],[[24524,12106],[61,141]],[[24577,12317],[8,-70]],[[24577,12317],[19,41]],[[24596,12358],[40,35]],[[24636,12393],[19,67]],[[24655,12460],[73,89]],[[24728,12549],[30,10]],[[24667,12671],[91,-112]],[[24638,12684],[29,-13]],[[24620,12728],[18,-44]],[[24620,12728],[46,67]],[[24666,12795],[22,-3]],[[24688,12792],[69,106]],[[24757,12898],[56,53]],[[24813,12951],[13,73]],[[24791,13039],[35,-15]],[[24776,13079],[15,-40]],[[24697,13088],[79,-9]],[[24597,13133],[100,-45]],[[24597,13133],[20,31]],[[24617,13164],[11,60]],[[24628,13224],[31,52]],[[24659,13276],[63,31]],[[24722,13307],[26,46]],[[24735,13391],[13,-38]],[[24691,13410],[44,-19]],[[24691,13410],[17,35]],[[24696,13492],[12,-47]],[[24655,13513],[41,-21]],[[24655,13513],[8,72]],[[24663,13585],[56,44]],[[24719,13629],[60,-65]],[[24779,13564],[20,57]],[[24790,13676],[9,-55]],[[24790,13676],[20,59]],[[24801,13758],[9,-23]],[[24801,13758],[20,47]],[[24799,13886],[22,-81]],[[24713,14003],[86,-117]],[[24694,14086],[19,-83]],[[24694,14086],[31,-12]],[[24725,14074],[56,14]],[[24767,14172],[14,-84]],[[24767,14172],[52,14]],[[24819,14186],[15,29]],[[24784,14299],[50,-84]],[[24707,14301],[77,-2]],[[24633,14363],[74,-62]],[[24633,14363],[37,45]],[[24670,14408],[44,11]],[[24686,14472],[28,-53]],[[24618,14504],[68,-32]],[[24577,14476],[41,28]],[[24547,14508],[30,-32]],[[24525,14611],[22,-103]],[[24525,14611],[7,45]],[[24512,14689],[20,-33]],[[24512,14689],[44,56]],[[24539,14773],[17,-28]],[[24539,14773],[34,34]],[[24573,14807],[38,126]],[[24611,14933],[1,53]],[[24587,15022],[25,-36]],[[24587,15022],[72,87]],[[24659,15109],[2,39]],[[24635,15208],[26,-60]],[[24635,15208],[9,35]],[[24601,15280],[43,-37]],[[24597,15335],[4,-55]],[[24597,15335],[50,42]],[[24647,15377],[12,66]],[[24643,15514],[16,-71]],[[24643,15514],[12,14]],[[24607,15600],[48,-72]],[[24551,15583],[56,17]],[[24550,15676],[1,-93]],[[24528,15746],[22,-70]],[[24528,15746],[19,42]],[[24547,15788],[0,48]],[[24547,15836],[81,7]],[[24628,15843],[84,-49]],[[24712,15794],[20,66]],[[24709,15885],[23,-25]],[[24688,15947],[21,-62]],[[24688,15947],[13,15]],[[24673,16013],[28,-51]],[[24673,16013],[9,25]],[[24682,16038],[49,-5]],[[24731,16033],[7,29]],[[24721,16122],[17,-60]],[[24657,16209],[64,-87]],[[24647,16311],[10,-102]],[[24610,16363],[37,-52]],[[24610,16363],[8,109]],[[24584,16565],[34,-93]],[[24584,16565],[10,104]],[[24594,16669],[28,122]],[[24622,16791],[61,19]],[[24683,16810],[88,-11]],[[24771,16799],[25,22]],[[24796,16821],[55,83]],[[24846,16970],[5,-66]],[[24846,16970],[18,143]],[[24822,17195],[42,-82]],[[24786,17229],[36,-34]],[[24776,17292],[10,-63]],[[24776,17292],[25,45]],[[24801,17337],[39,18]],[[24840,17355],[23,38]],[[24863,17393],[26,2]],[[24889,17395],[53,61]],[[24917,17526],[25,-70]],[[24881,17692],[36,-166]],[[24881,17692],[7,75]],[[24841,17866],[47,-99]],[[24841,17866],[22,-4]],[[24863,17862],[37,35]],[[24900,17897],[118,34]],[[25018,17931],[72,-78]],[[25090,17853],[26,25]],[[25116,17878],[92,54]],[[25208,17932],[61,76]],[[25269,18008],[31,-14]],[[25300,17994],[34,38]],[[25334,18032],[25,-7]],[[25359,18025],[61,13]],[[25420,18038],[23,41]],[[25443,18079],[40,-25]],[[25483,18054],[64,24]],[[25547,18078],[28,-20]],[[25575,18058],[53,13]],[[25628,18071],[2,-44]],[[25630,18027],[20,-26]],[[25650,18001],[54,-8]],[[25704,17993],[47,37]],[[25751,18030],[34,50]],[[25785,18080],[57,15]],[[25842,18095],[24,-31]],[[25866,18064],[65,20]],[[25931,18084],[35,25]],[[25966,18109],[56,-4]],[[26022,18105],[17,14]],[[26039,18119],[43,-48]],[[26082,18071],[130,59]],[[26212,18130],[68,12]],[[26280,18142],[37,-4]],[[26317,18138],[108,-68]],[[26425,18070],[47,22]],[[26472,18092],[43,48]],[[26515,18140],[21,-28]],[[26536,18112],[54,-18]],[[26590,18094],[39,8]],[[26629,18102],[15,-34]],[[26644,18068],[4,-60]],[[26648,18008],[17,-35]],[[26665,17973],[73,9]],[[26738,17982],[38,-22]],[[26776,17960],[24,30]],[[26800,17990],[69,-2]],[[26869,17988],[19,-13]],[[26888,17975],[62,13]],[[26950,17988],[93,10]],[[27043,17998],[54,-22]],[[27097,17976],[40,17]],[[27137,17993],[112,-107]],[[27249,17886],[30,-6]],[[27279,17880],[99,96]],[[27378,17976],[53,2]],[[27431,17978],[74,-29]],[[27505,17949],[28,-31]],[[27533,17918],[54,17]],[[27587,17935],[40,-15]],[[27627,17920],[73,-5]],[[27700,17915],[73,22]],[[27773,17937],[59,39]],[[27832,17976],[91,-54]],[[27923,17922],[107,-12]],[[28030,17910],[68,-34]],[[28098,17876],[126,32]],[[28224,17908],[35,-34]],[[28259,17874],[22,-43]],[[28281,17831],[74,-45]],[[28355,17786],[22,-58]],[[28377,17728],[32,-40]],[[28409,17688],[61,-22]],[[28470,17666],[36,-117]],[[28506,17549],[33,-33]],[[28539,17516],[28,-3]],[[28567,17513],[52,-47]],[[28619,17466],[24,-6]],[[28643,17460],[81,-121]],[[28724,17339],[84,-28]],[[28808,17311],[48,66]],[[28856,17377],[41,-48]],[[28897,17329],[43,-33]],[[28940,17296],[63,-4]],[[28982,17239],[21,53]],[[28982,17239],[16,-63]],[[28998,17176],[33,-46]],[[29024,17030],[7,100]],[[29006,16969],[18,61]],[[29006,16969],[6,-60]],[[29012,16909],[47,-50]],[[29059,16859],[21,-63]],[[29080,16796],[50,-66]],[[29123,16695],[7,35]],[[29123,16695],[61,-52]],[[29184,16643],[22,6]],[[29206,16649],[24,-45]],[[29196,16577],[34,27]],[[29157,16570],[39,7]],[[29100,16484],[57,86]],[[29100,16484],[74,-118]],[[29174,16366],[8,-63]],[[29182,16303],[23,-10]],[[29205,16293],[20,7]],[[29225,16300],[31,55]],[[29256,16355],[42,10]],[[29298,16365],[35,50]],[[29333,16415],[48,10]],[[29381,16425],[27,-72]],[[29408,16353],[10,-79]],[[29418,16274],[24,-59]],[[29440,16173],[2,42]],[[29418,16126],[22,47]],[[29418,16126],[79,-77]],[[29497,16049],[138,46]],[[29635,16095],[14,19]],[[29649,16114],[66,3]],[[29715,16117],[16,27]],[[29731,16144],[68,-4]],[[29799,16140],[30,-14]],[[29829,16126],[55,5]],[[29884,16131],[88,-25]],[[29972,16106],[32,31]],[[30004,16137],[11,92]],[[29998,16350],[17,-121]],[[29998,16350],[14,79]],[[30012,16429],[2,33]],[[30014,16462],[29,36]],[[30043,16498],[86,69]],[[30129,16567],[29,-12]],[[30158,16555],[103,43]],[[30261,16598],[13,53]],[[30274,16651],[40,61]],[[30314,16712],[50,-12]],[[30364,16700],[57,21]],[[30421,16721],[32,57]],[[30453,16778],[153,83]],[[30606,16861],[74,-42]],[[30680,16819],[42,-60]],[[30722,16759],[112,53]],[[30834,16812],[34,-4]],[[30868,16808],[91,30]],[[30959,16838],[30,-1]],[[30989,16837],[68,-60]],[[31057,16777],[81,21]],[[31138,16798],[24,116]],[[31162,16914],[102,82]],[[31264,16996],[28,44]],[[31292,17040],[3,56]],[[31295,17096],[75,-6]],[[31370,17090],[8,-26]],[[31378,17064],[141,30]],[[31519,17094],[74,44]],[[31593,17138],[110,-95]],[[31703,17043],[1,-60]],[[31704,16983],[23,-38]],[[31727,16945],[45,-35]],[[31772,16910],[87,-93]],[[31859,16817],[95,22]],[[31954,16839],[63,-1]],[[32017,16838],[71,-20]],[[32088,16818],[27,34]],[[32115,16852],[6,40]],[[32121,16892],[40,35]],[[32161,16927],[47,19]],[[32208,16946],[22,-9]],[[32230,16937],[40,-66]],[[32270,16871],[62,-22]],[[32332,16849],[97,-234]],[[32429,16615],[18,-10]],[[32447,16605],[3,-60]],[[32421,16513],[29,32]],[[32421,16513],[38,-24]],[[32459,16489],[79,1]],[[32538,16490],[77,-33]],[[32615,16457],[22,-36]],[[32637,16421],[44,10]],[[32681,16431],[8,114]],[[32689,16545],[62,67]],[[32751,16612],[52,26]],[[32803,16638],[4,79]],[[32807,16717],[18,47]],[[32797,16830],[28,-66]],[[32797,16830],[32,36]],[[32829,16866],[25,67]],[[32817,17022],[37,-89]],[[32817,17022],[55,104]],[[32872,17126],[43,15]],[[32915,17141],[35,86]],[[32950,17227],[25,33]],[[32975,17260],[8,50]],[[32983,17310],[44,19]],[[33027,17329],[63,-83]],[[33090,17246],[31,5]],[[33121,17251],[103,-20]],[[33224,17231],[38,-28]],[[33262,17203],[37,31]],[[33299,17234],[40,3]],[[33339,17237],[89,25]],[[33428,17262],[60,-62]],[[33488,17200],[39,-93]],[[33527,17107],[6,-65]],[[33533,17042],[38,-4]],[[33571,17038],[48,-32]],[[33619,17006],[15,-3]],[[33634,17003],[59,-68]],[[33693,16935],[76,59]],[[33769,16994],[66,4]],[[33835,16998],[12,104]],[[33843,17155],[4,-53]],[[33843,17155],[34,30]],[[32858,8329],[132,-156]],[[32885,7957],[105,216]],[[32845,7891],[40,66]],[[32845,7891],[64,-32]],[[32909,7859],[23,-27]],[[32932,7832],[5,-68]],[[32870,7594],[67,170]],[[32751,7674],[119,-80]],[[32744,7639],[7,35]],[[32701,7647],[43,-8]],[[32675,7694],[26,-47]],[[32675,7694],[2,46]],[[32677,7740],[22,44]],[[32664,7837],[35,-53]],[[32617,7862],[47,-25]],[[32537,7745],[80,117]],[[32537,7745],[51,0]],[[32588,7745],[12,-27]],[[32600,7718],[8,-145]],[[32593,7541],[15,32]],[[32593,7541],[71,-21]],[[32664,7504],[0,16]],[[32578,7414],[86,90]],[[32568,7390],[10,24]],[[32568,7390],[102,-62]],[[32670,7328],[23,-48]],[[32601,7221],[92,59]],[[32558,7178],[43,43]],[[32469,7139],[89,39]],[[32429,7095],[40,44]],[[32429,7095],[6,-55]],[[32435,7040],[23,-23]],[[32458,7017],[48,10]],[[32506,7027],[70,-46]],[[32576,6981],[38,24]],[[32614,7005],[12,-18]],[[32613,6920],[13,67]],[[32613,6920],[7,-58]],[[32620,6862],[72,-64]],[[32692,6798],[3,-73]],[[32695,6725],[36,-19]],[[32731,6706],[42,17]],[[32773,6723],[38,8]],[[32811,6731],[14,-27]],[[32807,6635],[18,69]],[[32807,6635],[45,-30]],[[32852,6605],[7,-23]],[[32859,6582],[74,-93]],[[32933,6489],[23,1]],[[32956,6490],[57,36]],[[33013,6526],[47,4]],[[33060,6530],[71,-66]],[[33131,6464],[46,-12]],[[33177,6452],[4,-22]],[[33156,6394],[25,36]],[[33156,6394],[13,-42]],[[33169,6352],[63,-9]],[[33232,6343],[47,38]],[[33265,6423],[14,-42]],[[33265,6423],[40,28]],[[33305,6451],[14,-39]],[[33319,6412],[35,-31]],[[33354,6381],[57,-24]],[[33411,6357],[12,-22]],[[33423,6335],[5,-59]],[[33428,6276],[34,-22]],[[33405,6128],[57,126]],[[33322,5961],[83,167]],[[33318,5914],[4,47]],[[33318,5914],[109,207]],[[33427,6121],[36,74]],[[33463,6195],[49,17]],[[33512,6212],[28,-58]],[[33540,6154],[68,-21]],[[33608,6133],[27,-12]],[[33635,6121],[100,-156]],[[33735,5965],[51,-48]],[[33786,5917],[37,-13]],[[33823,5904],[87,9]],[[33910,5913],[47,-22]],[[33957,5891],[22,-93]],[[33979,5798],[92,-77]],[[34071,5721],[103,-29]],[[34174,5692],[85,-68]],[[34259,5624],[42,-18]],[[34301,5606],[17,31]],[[34318,5637],[37,19]],[[34355,5656],[33,-5]],[[34388,5651],[8,-32]],[[34396,5619],[66,132]],[[34462,5751],[17,-28]],[[34479,5723],[83,-53]],[[34562,5670],[31,63]],[[34565,5766],[28,-33]],[[34565,5766],[81,159]],[[34646,5925],[25,11]],[[34671,5936],[29,-68]],[[34700,5868],[108,150]],[[34808,6018],[99,137]],[[34907,6155],[37,-33]],[[34944,6122],[25,35]],[[34935,6186],[34,-29]],[[34935,6186],[126,173]],[[34925,6478],[136,-119]],[[34925,6478],[84,77]],[[35009,6555],[79,93]],[[35088,6648],[37,-27]],[[35125,6621],[50,66]],[[35175,6687],[38,8]],[[35213,6695],[24,-30]],[[35237,6665],[71,81]],[[35285,6765],[23,-19]],[[35285,6765],[98,90]],[[35347,6877],[36,-22]],[[35288,6856],[59,21]],[[35271,6948],[17,-92]],[[35271,6948],[11,62]],[[35258,7038],[24,-28]],[[35200,7020],[58,18]],[[35180,7066],[20,-46]],[[35180,7066],[12,38]],[[35131,7101],[61,3]],[[35125,7160],[6,-59]],[[35018,7164],[107,-4]],[[34969,7197],[49,-33]],[[34969,7197],[51,9]],[[35020,7206],[76,34]],[[35096,7240],[42,31]],[[35138,7271],[25,-8]],[[35163,7263],[28,-43]],[[35191,7220],[42,-3]],[[35231,7170],[2,47]],[[35231,7170],[34,-55]],[[35265,7115],[33,-3]],[[35298,7112],[25,-96]],[[35323,7016],[22,-20]],[[35345,6996],[38,22]],[[35338,7078],[45,-60]],[[35338,7078],[90,53]],[[35428,7131],[19,-40]],[[35447,7091],[29,13]],[[35471,7140],[5,-36]],[[35471,7140],[27,70]],[[35498,7210],[145,102]],[[35643,7312],[83,-53]],[[35726,7259],[52,47]],[[35778,7306],[16,157]],[[35794,7463],[233,-6]],[[36027,7457],[2,61]],[[36029,7518],[58,-2]],[[36088,7623],[-1,-107]],[[36088,7623],[38,27]],[[36091,7683],[35,-33]],[[36078,7626],[13,57]],[[36039,7626],[39,0]],[[36005,7677],[34,-51]],[[35939,7629],[66,48]],[[35758,7634],[181,-5]],[[35755,7712],[3,-78]],[[35678,7702],[77,10]],[[35679,7754],[-1,-52]],[[35647,7742],[32,12]],[[35647,7742],[3,75]],[[35555,7897],[95,-80]],[[35555,7897],[166,165]],[[35721,8062],[63,67]],[[35784,8129],[43,-31]],[[35827,8098],[52,123]],[[35873,8262],[6,-41]],[[35788,8309],[85,-47]],[[35742,8375],[46,-66]],[[35719,8377],[23,-2]],[[35594,8269],[125,108]],[[35534,8358],[60,-89]],[[35454,8473],[80,-115]],[[35428,8448],[26,25]],[[35419,8457],[9,-9]],[[35419,8457],[112,153]],[[35531,8610],[29,-29]],[[35560,8581],[23,35]],[[35556,8640],[27,-24]],[[35556,8640],[122,158]],[[35626,8849],[52,-51]],[[35626,8849],[167,186]],[[35768,9159],[25,-124]],[[35644,9125],[124,34]],[[35599,9303],[45,-178]],[[35549,9311],[50,-8]],[[35549,9311],[3,101]],[[35522,9486],[30,-74]],[[35477,9568],[45,-82]],[[35392,9631],[85,-63]],[[35392,9631],[52,102]],[[35444,9733],[28,-26]],[[35472,9707],[42,33]],[[35514,9740],[38,-6]],[[35552,9734],[60,97]],[[35561,9863],[51,-32]],[[35561,9863],[5,33]],[[35566,9896],[69,136]],[[35618,10036],[17,-4]],[[35478,10128],[140,-92]],[[35478,10128],[8,7]],[[35213,10473],[273,-338]],[[35209,10453],[4,20]],[[35050,10473],[159,-20]],[[35039,10356],[11,117]],[[34957,10365],[82,-9]],[[34955,10330],[2,35]],[[34947,10231],[8,99]],[[34904,10194],[43,37]],[[34871,10205],[33,-11]],[[34851,10238],[20,-33]],[[34732,10297],[119,-59]],[[34586,10312],[146,-15]],[[34525,10372],[61,-60]],[[34508,10329],[17,43]],[[34470,10294],[38,35]],[[34398,10349],[72,-55]],[[34358,10353],[40,-4]],[[34345,10380],[13,-27]],[[34286,10336],[59,44]],[[34226,10300],[60,36]],[[34110,10341],[116,-41]],[[34047,10455],[63,-114]],[[34019,10418],[28,37]],[[33971,10394],[48,24]],[[33971,10394],[59,-185]],[[33950,10226],[80,-17]],[[33938,10265],[12,-39]],[[33904,10256],[34,9]],[[33892,10295],[12,-39]],[[33867,10313],[25,-18]],[[33810,10286],[57,27]],[[33810,10286],[12,-52]],[[33804,10203],[18,31]],[[33756,10166],[48,37]],[[33727,10165],[29,1]],[[33727,10165],[13,65]],[[33688,10239],[52,-9]],[[33651,10218],[37,21]],[[33594,10253],[57,-35]],[[33558,10227],[36,26]],[[33514,10218],[44,9]],[[33453,10167],[61,51]],[[33428,10224],[25,-57]],[[33400,10242],[28,-18]],[[33320,10217],[80,25]],[[33305,10178],[15,39]],[[33255,10191],[50,-13]],[[33255,10235],[0,-44]],[[33255,10235],[20,38]],[[33263,10297],[12,-24]],[[33225,10287],[38,10]],[[33225,10287],[14,-63]],[[33223,10204],[16,20]],[[33223,10204],[23,-63]],[[33246,10141],[27,-1]],[[33273,10140],[22,-41]],[[33272,10034],[23,65]],[[33272,10034],[10,-94]],[[33282,9940],[24,-95]],[[33306,9845],[98,11]],[[33384,9765],[20,91]],[[33359,9724],[25,41]],[[33263,9726],[96,-2]],[[33214,9702],[49,24]],[[33214,9702],[30,-51]],[[33244,9651],[28,15]],[[33272,9666],[13,-50]],[[33285,9616],[34,15]],[[33319,9631],[41,-38]],[[33305,9584],[55,9]],[[33305,9584],[26,-44]],[[33291,9485],[40,55]],[[33228,9462],[63,23]],[[33217,9431],[11,31]],[[33117,9457],[100,-26]],[[33099,9351],[18,106]],[[33099,9351],[164,-127]],[[33263,9224],[74,-16]],[[33337,9208],[49,-64]],[[33382,9110],[4,34]],[[33382,9110],[24,-63]],[[33340,8970],[66,77]],[[33286,8930],[54,40]],[[33202,8824],[84,106]],[[33043,8675],[159,149]],[[33015,8673],[28,2]],[[32811,8548],[204,125]],[[32752,8512],[59,36]],[[32752,8512],[64,-115]],[[32816,8397],[42,-68]],[[15659,1820],[25,-51]],[[15574,1863],[85,-43]],[[15452,1876],[122,-13]],[[15346,1910],[106,-34]],[[15222,1968],[124,-58]],[[15181,1997],[41,-29]],[[15102,2108],[79,-111]],[[15042,2229],[60,-121]],[[15038,2311],[4,-82]],[[15019,2357],[19,-46]],[[15016,2438],[3,-81]],[[15016,2438],[55,159]],[[15071,2597],[84,180]],[[15155,2777],[9,82]],[[15144,2867],[20,-8]],[[15144,2867],[47,126]],[[15191,2993],[29,168]],[[15220,3161],[32,141]],[[15252,3302],[76,93]],[[15328,3395],[105,24]],[[15433,3419],[112,62]],[[15545,3481],[238,67]],[[15783,3548],[6,-26]],[[15789,3522],[46,6]],[[15835,3528],[148,43]],[[15983,3571],[35,21]],[[16018,3592],[38,48]],[[16040,3657],[16,-17]],[[16040,3657],[54,66]],[[16094,3723],[44,70]],[[16138,3793],[42,84]],[[16180,3877],[46,120]],[[16226,3997],[1,51]],[[16219,4089],[8,-41]],[[16177,4195],[42,-106]],[[16101,4284],[76,-89]],[[16036,4323],[65,-39]],[[15910,4361],[126,-38]],[[15749,4367],[161,-6]],[[15586,4379],[163,-12]],[[15525,4400],[61,-21]],[[15370,4515],[155,-115]],[[15261,4632],[109,-117]],[[15207,4682],[54,-50]],[[15074,4768],[133,-86]],[[15030,4804],[44,-36]],[[14870,4871],[160,-67]],[[14771,4955],[99,-84]],[[14689,5035],[82,-80]],[[14498,5272],[191,-237]],[[14422,5300],[76,-28]],[[14315,5319],[107,-19]],[[14257,5320],[58,-1]],[[14178,5332],[79,-12]],[[14128,5364],[50,-32]],[[14055,5445],[73,-81]],[[14045,5495],[10,-50]],[[14045,5495],[12,97]],[[14057,5592],[62,164]],[[14119,5756],[5,129]],[[14086,6003],[38,-118]],[[14046,6053],[40,-50]],[[13889,6134],[157,-81]],[[13842,6146],[47,-12]],[[13728,6141],[114,5]],[[13657,6162],[71,-21]],[[13592,6193],[65,-31]],[[13500,6235],[92,-42]],[[13415,6253],[85,-18]],[[13368,6308],[47,-55]],[[13323,6409],[45,-101]],[[13217,6516],[106,-107]],[[13183,6560],[34,-44]],[[13141,6734],[42,-174]],[[13093,6877],[48,-143]],[[13066,6935],[27,-58]],[[13049,7031],[17,-96]],[[13037,7227],[12,-196]],[[13037,7227],[17,43]],[[12934,7411],[120,-141]],[[12880,7448],[54,-37]],[[12836,7522],[44,-74]],[[12820,7594],[16,-72]],[[12797,7651],[23,-57]],[[12787,7751],[10,-100]],[[12787,7751],[29,68]],[[12816,7819],[28,20]],[[12844,7839],[48,8]],[[12892,7847],[131,-27]],[[13023,7820],[119,-54]],[[13142,7766],[43,8]],[[13185,7774],[140,83]],[[13325,7857],[41,74]],[[13366,7931],[30,140]],[[13396,8071],[0,140]],[[13396,8211],[15,115]],[[13411,8326],[56,94]],[[13467,8420],[56,53]],[[13523,8473],[107,26]],[[13630,8499],[83,2]],[[13713,8501],[69,-22]],[[13782,8479],[47,-35]],[[13829,8444],[47,-15]],[[13876,8429],[44,-50]],[[13920,8379],[26,-28]],[[13946,8351],[173,-147]],[[14119,8204],[44,-23]],[[14163,8181],[42,-5]],[[14205,8176],[72,25]],[[14277,8201],[111,70]],[[14388,8271],[166,87]],[[14554,8358],[24,30]],[[14578,8388],[4,68]],[[14568,8526],[14,-70]],[[14539,8590],[29,-64]],[[14409,8772],[130,-182]],[[14264,8953],[145,-181]],[[14165,8981],[99,-28]],[[14110,9014],[55,-33]],[[14076,9094],[34,-80]],[[14024,9110],[52,-16]],[[13859,9069],[165,41]],[[13783,9063],[76,6]],[[13733,9076],[50,-13]],[[13634,9138],[99,-62]],[[13513,9228],[121,-90]],[[13445,9272],[68,-44]],[[13390,9378],[55,-106]],[[13302,9491],[88,-113]],[[13265,9515],[37,-24]],[[13247,9552],[18,-37]],[[13184,9629],[63,-77]],[[13129,9681],[55,-52]],[[13097,9752],[32,-71]],[[13017,9826],[80,-74]],[[12923,9933],[94,-107]],[[12863,9969],[60,-36]],[[12848,9974],[15,-5]],[[12833,9980],[15,-6]],[[12649,9937],[184,43]],[[12583,9902],[66,35]],[[12518,9812],[65,90]],[[12452,9705],[66,107]],[[12401,9657],[51,48]],[[12366,9629],[35,28]],[[12274,9593],[92,36]],[[12211,9597],[63,-4]],[[12106,9632],[105,-35]],[[12062,9620],[44,12]],[[11987,9528],[75,92]],[[11927,9469],[60,59]],[[11898,9419],[29,50]],[[11892,9340],[6,79]],[[11873,9282],[19,58]],[[11728,9166],[145,116]],[[11706,9011],[22,155]],[[11671,8900],[35,111]],[[11620,8819],[51,81]],[[11535,8669],[85,150]],[[11471,8583],[64,86]],[[11377,8356],[94,227]],[[11344,8254],[33,102]],[[11309,8177],[35,77]],[[11266,8113],[43,64]],[[11236,8007],[30,106]],[[11236,8007],[7,-48]],[[11220,7887],[23,72]],[[11196,7851],[24,36]],[[11137,7805],[59,46]],[[10976,7775],[161,30]],[[10928,7778],[48,-3]],[[10875,7798],[53,-20]],[[10848,7826],[27,-28]],[[10651,7985],[197,-159]],[[10573,8072],[78,-87]],[[10557,8141],[16,-69]],[[10557,8141],[2,65]],[[10525,8285],[34,-79]],[[10458,8351],[67,-66]],[[10371,8417],[87,-66]],[[10334,8472],[37,-55]],[[10292,8598],[42,-126]],[[10277,8688],[15,-90]],[[10277,8688],[7,147]],[[10273,8878],[11,-43]],[[10222,8927],[51,-49]],[[25526,1048],[96,-95]],[[25424,1124],[102,-76]],[[25352,1157],[72,-33]],[[25226,1204],[126,-47]],[[25116,1237],[110,-33]],[[25051,1237],[65,0]],[[24847,1284],[204,-47]],[[24780,1307],[67,-23]],[[24780,1307],[1,21]],[[24695,1297],[86,31]],[[24515,1185],[180,112]],[[24392,1119],[123,66]],[[24382,1143],[10,-24]],[[24216,1091],[166,52]],[[24158,1063],[58,28]],[[24097,988],[61,75]],[[24091,967],[6,21]],[[24023,916],[68,51]],[[24002,882],[21,34]],[[24002,882],[14,-28]],[[23947,808],[69,46]],[[23858,734],[89,74]],[[23823,713],[35,21]],[[23781,712],[42,1]],[[23643,743],[138,-31]],[[23491,719],[152,24]],[[23306,671],[185,48]],[[23280,659],[26,12]],[[23182,648],[98,11]],[[23067,606],[115,42]],[[22998,604],[69,2]],[[22932,591],[66,13]],[[22878,577],[54,14]],[[22801,579],[77,-2]],[[22716,606],[85,-27]],[[22640,653],[76,-47]],[[22511,713],[129,-60]],[[22448,734],[63,-21]],[[22295,757],[153,-23]],[[22211,837],[84,-80]],[[22196,874],[15,-37]],[[22114,925],[82,-51]],[[21964,985],[150,-60]],[[21905,1003],[59,-18]],[[21724,1098],[181,-95]],[[21649,1124],[75,-26]],[[21552,1148],[97,-24]],[[21362,1148],[190,0]],[[21268,1176],[94,-28]],[[21053,1220],[215,-44]],[[20953,1258],[100,-38]],[[20907,1290],[46,-32]],[[20806,1337],[101,-47]],[[20806,1337],[6,15]],[[20736,1388],[76,-36]],[[20687,1425],[49,-37]],[[20642,1427],[45,-2]],[[20518,1463],[124,-36]],[[20421,1520],[97,-57]],[[20332,1659],[89,-139]],[[20210,1663],[122,-4]],[[20125,1681],[85,-18]],[[20046,1686],[79,-5]],[[20012,1672],[34,14]],[[19960,1675],[52,-3]],[[19831,1642],[129,33]],[[19704,1594],[127,48]],[[19567,1569],[137,25]],[[19467,1601],[100,-32]],[[19421,1623],[46,-22]],[[19347,1622],[74,1]],[[19271,1655],[76,-33]],[[19239,1692],[32,-37]],[[19129,1757],[110,-65]],[[19014,1859],[115,-102]],[[19014,1859],[10,13]],[[18964,1931],[60,-59]],[[18918,1957],[46,-26]],[[18863,1962],[55,-5]],[[18762,1993],[101,-31]],[[18667,2014],[95,-21]],[[18569,2072],[98,-58]],[[18486,2109],[83,-37]],[[18381,2129],[105,-20]],[[18237,2108],[144,21]],[[18137,2081],[100,27]],[[18013,2095],[124,-14]],[[17920,2104],[93,-9]],[[17831,2103],[89,1]],[[17708,2086],[123,17]],[[17521,2075],[187,11]],[[17469,2053],[52,22]],[[17397,2005],[72,48]],[[17353,1986],[44,19]],[[17295,1989],[58,-3]],[[17201,1949],[94,40]],[[17144,1914],[57,35]],[[17068,1880],[76,34]],[[16981,1841],[87,39]],[[16765,1720],[216,121]],[[16701,1691],[64,29]],[[16427,1641],[274,50]],[[16398,1625],[29,16]],[[16291,1610],[107,15]],[[16210,1615],[81,-5]],[[16128,1681],[82,-66]],[[16003,1699],[125,-18]],[[15875,1735],[128,-36]],[[15869,1715],[6,20]],[[15815,1726],[54,-11]],[[15717,1768],[98,-42]],[[15684,1769],[33,-1]],[[10222,8927],[43,73]],[[10265,9000],[37,-12]],[[10302,8988],[185,37]],[[10487,9025],[13,47]],[[10500,9072],[40,14]],[[10540,9086],[47,48]],[[10587,9134],[33,-35]],[[10620,9099],[43,12]],[[10663,9111],[30,-51]],[[10693,9060],[11,-45]],[[10704,9015],[32,-41]],[[10736,8974],[29,-71]],[[10765,8903],[48,-43]],[[10813,8860],[70,15]],[[10883,8875],[6,42]],[[10889,8917],[25,13]],[[10914,8930],[50,-93]],[[10964,8837],[26,-19]],[[10990,8818],[53,58]],[[11030,8923],[13,-47]],[[11030,8923],[51,59]],[[11081,8982],[3,47]],[[11084,9029],[52,75]],[[11136,9104],[20,54]],[[11136,9244],[20,-86]],[[11136,9244],[27,54]],[[11128,9377],[35,-79]],[[11057,9398],[71,-21]],[[11028,9389],[29,9]],[[10982,9421],[46,-32]],[[10940,9483],[42,-62]],[[10940,9483],[33,167]],[[10973,9650],[25,50]],[[10978,9752],[20,-52]],[[10978,9752],[19,61]],[[10985,9852],[12,-39]],[[10985,9852],[14,35]],[[10999,9887],[25,64]],[[11024,9951],[-1,39]],[[11023,9990],[21,139]],[[11036,10172],[8,-43]],[[11036,10172],[65,49]],[[11101,10221],[100,-5]],[[11201,10216],[52,45]],[[11246,10297],[7,-36]],[[11246,10297],[73,108]],[[11288,10448],[31,-43]],[[11266,10565],[22,-117]],[[11266,10565],[20,37]],[[11286,10602],[4,74]],[[11290,10676],[46,75]],[[11334,10804],[2,-53]],[[11334,10804],[12,62]],[[11334,10915],[12,-49]],[[11334,10915],[97,-30]],[[11431,10885],[51,-42]],[[11482,10843],[27,-6]],[[11509,10837],[39,-13]],[[11548,10824],[46,-76]],[[11594,10748],[3,-49]],[[11597,10699],[46,-22]],[[11643,10677],[20,-60]],[[11663,10617],[84,-35]],[[11747,10582],[116,-6]],[[11863,10576],[78,-47]],[[11941,10529],[63,2]],[[12004,10531],[31,26]],[[12035,10557],[30,-3]],[[12065,10554],[55,-34]],[[12120,10520],[26,-54]],[[12146,10466],[46,-137]],[[12193,10226],[-1,103]],[[12193,10226],[67,9]],[[12260,10235],[5,99]],[[12265,10334],[39,30]],[[12304,10364],[53,-4]],[[12357,10360],[39,44]],[[12396,10404],[57,-22]],[[12453,10382],[32,-40]],[[12485,10342],[57,21]],[[12542,10363],[25,-8]],[[12567,10355],[14,63]],[[12563,10489],[18,-71]],[[12563,10489],[22,19]],[[12585,10508],[21,58]],[[12606,10566],[28,14]],[[12612,10639],[22,-59]],[[12612,10639],[2,46]],[[12599,10761],[15,-76]],[[12599,10761],[26,17]],[[12625,10778],[14,62]],[[12639,10840],[47,35]],[[12686,10875],[45,83]],[[12721,11052],[10,-94]],[[12721,11052],[51,46]],[[12772,11098],[37,71]],[[12796,11224],[13,-55]],[[12796,11224],[16,16]],[[12812,11240],[43,39]],[[12855,11279],[20,110]],[[12875,11389],[41,29]],[[12909,11457],[7,-39]],[[12909,11457],[52,33]],[[12961,11490],[4,71]],[[12965,11561],[13,52]],[[12940,11730],[38,-117]],[[12940,11730],[46,15]],[[12981,11794],[5,-49]],[[12981,11794],[37,95]],[[12987,11974],[31,-85]],[[12987,11974],[-1,66]],[[12967,12055],[19,-15]],[[12967,12055],[-1,61]],[[12966,12116],[41,10]],[[13007,12126],[49,46]],[[13056,12172],[83,3]],[[13133,12235],[6,-60]],[[13098,12279],[35,-44]],[[12998,12335],[100,-56]],[[12998,12335],[67,97]],[[13065,12432],[119,112]],[[13184,12544],[35,11]],[[13219,12555],[38,41]],[[13257,12596],[57,103]],[[13314,12699],[74,79]],[[13388,12778],[27,114]],[[13415,12892],[71,79]],[[13486,12971],[54,3]],[[13540,12974],[11,30]],[[13551,13004],[38,29]],[[13589,13033],[6,37]],[[13595,13070],[39,11]],[[13631,13123],[3,-42]],[[13631,13123],[51,52]],[[13682,13175],[34,75]],[[13716,13250],[23,7]],[[13739,13257],[70,94]],[[13809,13351],[38,91]],[[13847,13442],[30,12]],[[13877,13454],[33,47]],[[13910,13501],[29,10]],[[13939,13511],[18,52]],[[13957,13563],[5,61]],[[13915,13742],[47,-118]],[[13858,13737],[57,5]],[[13792,13807],[66,-70]],[[13718,13800],[74,7]],[[13660,13832],[58,-32]],[[13597,13801],[63,31]],[[13515,13831],[82,-30]],[[13442,13910],[73,-79]],[[13389,14007],[53,-97]],[[13389,14007],[6,61]],[[13395,14068],[36,59]],[[13431,14127],[48,52]],[[13479,14179],[6,69]],[[13485,14248],[57,62]],[[13542,14310],[19,51]],[[13561,14361],[42,24]],[[13603,14385],[28,65]],[[13631,14450],[83,35]],[[13714,14485],[68,-6]],[[13782,14479],[65,70]],[[13847,14549],[46,32]],[[13893,14581],[26,50]],[[13913,14706],[6,-75]],[[13913,14706],[93,20]],[[14006,14726],[52,48]],[[14058,14774],[22,67]],[[14080,14841],[49,40]],[[14129,14881],[1,46]],[[14130,14927],[32,-20]],[[14162,14873],[0,34]],[[14162,14873],[46,17]],[[14202,14946],[6,-56]],[[14202,14946],[57,-11]],[[14259,14935],[68,-46]],[[14327,14889],[88,-3]],[[14415,14886],[9,44]],[[14424,14930],[35,22]],[[14459,14952],[11,40]],[[14470,14992],[83,-2]],[[14553,14990],[26,41]],[[14579,15031],[71,-3]],[[14650,15028],[27,-58]],[[14677,14970],[28,-2]],[[14705,14968],[83,79]],[[14788,15047],[39,-11]],[[14827,15036],[51,23]],[[14878,15059],[55,62]],[[14933,15121],[-1,54]],[[14932,15175],[73,-25]],[[15005,15150],[41,-30]],[[15046,15120],[35,-46]],[[15081,15074],[49,16]],[[15130,15090],[38,-134]],[[15168,14956],[43,10]],[[15211,14966],[54,50]],[[15265,15016],[65,24]],[[15330,15040],[28,38]],[[15358,15078],[39,0]],[[15397,15078],[75,45]],[[15472,15123],[8,-20]],[[15480,15103],[91,12]],[[15571,15115],[64,-48]],[[15635,15067],[68,-4]],[[15639,15013],[64,50]],[[15596,14877],[43,136]],[[15561,14820],[35,57]],[[15506,14776],[55,44]],[[15506,14776],[119,-27]],[[15625,14749],[19,27]],[[15644,14776],[-1,65]],[[15643,14841],[34,102]],[[15669,15010],[8,-67]],[[15669,15010],[34,40]],[[15703,15050],[45,-1]],[[15748,15049],[26,-111]],[[15774,14938],[40,-46]],[[15814,14892],[65,10]],[[15879,14902],[58,46]],[[15937,14948],[29,-44]],[[15966,14904],[38,-18]],[[16004,14886],[36,30]],[[16040,14916],[34,-10]],[[16074,14906],[86,30]],[[16160,14936],[125,70]],[[16285,15006],[53,-12]],[[16338,14994],[38,108]],[[16376,15102],[33,-10]],[[16409,15092],[40,43]],[[16449,15135],[55,96]],[[16504,15231],[152,-41]],[[16656,15190],[75,-55]],[[16731,15135],[50,4]],[[16781,15139],[50,52]],[[16831,15191],[43,-62]],[[16874,15129],[75,-3]],[[16949,15126],[45,13]],[[16994,15139],[19,36]],[[17013,15175],[36,2]],[[17049,15177],[88,-60]],[[17137,15117],[32,-13]],[[17169,15104],[41,44]],[[17210,15148],[4,61]],[[17214,15209],[56,97]],[[17270,15306],[45,6]],[[17315,15312],[13,30]],[[17328,15342],[69,34]],[[17397,15376],[66,4]],[[17463,15380],[52,2]],[[17515,15382],[58,-14]],[[17573,15368],[74,32]],[[17647,15400],[80,-52]],[[17727,15348],[40,-38]],[[17767,15310],[43,26]],[[17810,15336],[55,65]],[[17865,15401],[7,92]],[[17872,15493],[40,75]],[[17912,15568],[26,29]],[[17938,15597],[83,1]],[[18021,15598],[19,17]],[[18040,15615],[106,-15]],[[18146,15600],[15,61]],[[18161,15661],[47,-15]],[[18208,15646],[35,-32]],[[18243,15614],[62,14]],[[18305,15628],[17,-33]],[[18322,15595],[4,-78]],[[18294,15455],[32,62]],[[18294,15455],[78,-44]],[[18372,15411],[37,-35]],[[18409,15376],[100,-31]],[[18509,15345],[14,-50]],[[18523,15295],[75,1]],[[18598,15296],[44,29]],[[18642,15325],[72,12]],[[18714,15337],[31,37]],[[18745,15374],[14,47]],[[18759,15421],[57,27]],[[18816,15448],[31,39]],[[18847,15487],[40,18]],[[18887,15505],[64,52]],[[18951,15557],[95,16]],[[19046,15573],[47,32]],[[19093,15605],[10,71]],[[19103,15676],[71,-10]],[[19174,15666],[66,41]],[[19240,15707],[26,59]],[[19266,15766],[79,21]],[[19345,15787],[59,7]],[[19376,15830],[28,-36]],[[19372,15942],[4,-112]],[[19372,15942],[27,38]],[[19399,15980],[61,31]],[[19460,16011],[8,50]],[[19460,16111],[8,-50]],[[19436,16151],[24,-40]],[[19407,16230],[29,-79]],[[19400,16334],[7,-104]],[[19400,16334],[24,26]],[[19410,16418],[14,-58]],[[19376,16417],[34,1]],[[19319,16444],[57,-27]],[[19319,16444],[2,38]],[[19321,16482],[48,51]],[[19369,16533],[17,93]],[[19386,16626],[49,92]],[[19421,16784],[14,-66]],[[19421,16784],[21,55]],[[19442,16839],[0,51]],[[19442,16890],[45,-50]],[[19487,16840],[27,5]],[[19514,16845],[45,-24]],[[19559,16821],[48,25]],[[19607,16846],[33,-28]],[[19632,16755],[8,63]],[[19632,16755],[61,-29]],[[19693,16726],[41,42]],[[19734,16768],[37,-25]],[[19771,16743],[32,37]],[[19803,16780],[115,32]],[[19918,16812],[3,47]],[[19921,16859],[57,73]],[[19978,16932],[0,48]],[[19978,16980],[50,42]],[[20028,17022],[34,81]],[[20062,17103],[104,51]],[[20166,17154],[25,-11]],[[20191,17143],[92,0]],[[20283,17143],[29,40]],[[20312,17183],[77,25]],[[20389,17208],[31,25]],[[20420,17233],[36,-4]],[[20456,17229],[115,159]],[[20571,17388],[23,19]],[[20594,17407],[60,16]],[[20654,17423],[33,-18]],[[20687,17405],[53,-6]],[[20740,17399],[51,17]],[[20791,17416],[171,35]],[[20962,17451],[54,-85]],[[21016,17366],[49,-26]],[[21065,17340],[31,37]],[[21096,17377],[138,18]],[[21234,17395],[58,27]],[[21292,17422],[45,38]],[[21337,17460],[60,-5]],[[21397,17455],[104,-36]],[[21501,17419],[94,-11]],[[21595,17408],[49,31]],[[21644,17439],[37,-9]],[[21681,17430],[72,-9]],[[21753,17421],[43,-46]],[[21796,17375],[61,48]],[[21857,17423],[76,-30]],[[21933,17393],[70,-54]],[[22003,17339],[36,-5]],[[22039,17334],[99,-30]],[[22138,17304],[13,-14]],[[22151,17290],[46,-21]],[[22197,17269],[88,-23]],[[22285,17246],[56,8]],[[22341,17254],[49,-20]],[[22390,17234],[66,11]],[[22456,17245],[29,-33]],[[22485,17212],[1,29]],[[22486,17241],[100,28]],[[22586,17269],[66,-23]],[[22652,17246],[28,37]],[[22680,17283],[46,-25]],[[22726,17258],[69,5]],[[22795,17263],[44,58]],[[22839,17321],[110,28]],[[22949,17349],[32,-4]],[[22981,17345],[56,48]],[[23034,17422],[3,-29]],[[23034,17422],[62,75]],[[23096,17497],[26,66]],[[23122,17563],[76,-36]],[[23198,17527],[94,-2]],[[23292,17525],[54,57]],[[23343,17640],[3,-58]],[[23343,17640],[62,-5]],[[23405,17635],[43,55]],[[23448,17690],[88,21]],[[23536,17711],[52,28]],[[23588,17739],[94,89]],[[23682,17828],[47,5]],[[23729,17833],[20,-41]],[[23749,17792],[45,36]],[[23794,17828],[29,-15]],[[23823,17813],[56,14]],[[23879,17827],[87,54]],[[23966,17881],[40,-2]],[[24006,17879],[43,17]],[[24049,17896],[32,-17]],[[24081,17879],[107,18]],[[24188,17897],[59,-19]],[[24247,17878],[74,5]],[[24321,17883],[20,48]],[[24341,17931],[51,28]],[[24392,17959],[69,-78]],[[24461,17881],[62,-11]],[[24523,17870],[36,16]],[[24559,17886],[39,-94]],[[24598,17792],[19,8]],[[24617,17800],[101,75]],[[24718,17875],[22,34]],[[24740,17909],[44,13]],[[24784,17922],[57,-56]],[[8315,9529],[44,-14]],[[8237,9526],[78,3]],[[8102,9485],[135,41]],[[8036,9475],[66,10]],[[7986,9493],[50,-18]],[[7913,9563],[73,-70]],[[7863,9721],[50,-158]],[[7863,9721],[-4,122]],[[7859,9843],[26,124]],[[7849,10133],[36,-166]],[[7826,10192],[23,-59]],[[7746,10352],[80,-160]],[[7724,10377],[22,-25]],[[7588,10456],[136,-79]],[[7447,10503],[141,-47]],[[7394,10510],[53,-7]],[[7237,10494],[157,16]],[[6978,10546],[259,-52]],[[6899,10531],[79,15]],[[6835,10532],[64,-1]],[[6774,10514],[61,18]],[[6716,10520],[58,-6]],[[6625,10556],[91,-36]],[[6584,10601],[41,-45]],[[6568,10653],[16,-52]],[[6543,10803],[25,-150]],[[6492,10895],[51,-92]],[[6428,10938],[64,-43]],[[6386,10954],[42,-16]],[[6375,11004],[11,-50]],[[6375,11004],[46,18]],[[6362,11105],[59,-83]],[[6362,11105],[24,50]],[[6383,11211],[3,-56]],[[6383,11211],[54,133]],[[6437,11344],[24,19]],[[6461,11363],[71,-12]],[[6532,11351],[26,41]],[[6558,11392],[51,-29]],[[6609,11363],[60,0]],[[6669,11363],[53,55]],[[6722,11418],[64,-13]],[[6786,11405],[27,-27]],[[6813,11378],[24,25]],[[6837,11403],[32,-13]],[[6869,11390],[24,36]],[[6893,11426],[54,0]],[[6947,11426],[56,-56]],[[7003,11370],[21,26]],[[7024,11396],[69,6]],[[7093,11402],[32,-23]],[[7125,11379],[21,30]],[[7146,11409],[28,-3]],[[7174,11406],[78,45]],[[7252,11451],[23,34]],[[7275,11485],[128,23]],[[7403,11508],[160,59]],[[7547,11711],[16,-144]],[[7547,11711],[5,16]],[[7509,11811],[43,-84]],[[7509,11811],[11,74]],[[7485,11945],[35,-60]],[[7361,12027],[124,-82]],[[7328,12013],[33,14]],[[7251,12071],[77,-58]],[[7152,12118],[99,-47]],[[7033,12200],[119,-82]],[[6895,12234],[138,-34]],[[6852,12219],[43,15]],[[6669,12382],[183,-163]],[[6669,12382],[47,76]],[[6659,12485],[57,-27]],[[6659,12485],[9,24]],[[6562,12560],[106,-51]],[[6530,12595],[32,-35]],[[6398,12764],[132,-169]],[[6398,12764],[80,69]],[[6478,12833],[99,-10]],[[6577,12823],[53,30]],[[6630,12853],[29,41]],[[6659,12894],[42,15]],[[6701,12909],[82,-9]],[[6783,12900],[174,46]],[[6922,13052],[35,-106]],[[6905,13077],[17,-25]],[[6905,13077],[20,57]],[[6925,13134],[26,19]],[[6951,13153],[29,84]],[[6980,13237],[77,98]],[[7057,13335],[8,28]],[[7065,13363],[50,47]],[[7102,13447],[13,-37]],[[7069,13478],[33,-31]],[[7036,13531],[33,-53]],[[7036,13531],[29,64]],[[7065,13595],[22,87]],[[7087,13682],[53,38]],[[7140,13720],[48,-8]],[[7188,13712],[43,33]],[[7231,13745],[142,89]],[[7373,13834],[8,86]],[[7372,13953],[9,-33]],[[7350,14029],[22,-76]],[[7308,14116],[42,-87]],[[7172,14159],[136,-43]],[[7116,14321],[56,-162]],[[7091,14336],[25,-15]],[[6966,14387],[125,-51]],[[6856,14425],[110,-38]],[[6808,14520],[48,-95]],[[6697,14596],[111,-76]],[[6693,14626],[4,-30]],[[6648,14665],[45,-39]],[[6602,14571],[46,94]],[[6453,14637],[149,-66]],[[6397,14601],[56,36]],[[6302,14689],[95,-88]],[[6276,14726],[26,-37]],[[6237,14714],[39,12]],[[6164,14740],[73,-26]],[[6077,14756],[87,-16]],[[6002,14785],[75,-29]],[[5902,14668],[100,117]],[[5796,14759],[106,-91]],[[5788,14776],[8,-17]],[[5600,14882],[188,-106]],[[5572,14860],[28,22]],[[5478,14993],[94,-133]],[[5478,14993],[35,90]],[[5444,15147],[69,-64]],[[5411,15194],[33,-47]],[[5402,15254],[9,-60]],[[5345,15424],[57,-170]],[[5345,15424],[21,35]],[[5366,15459],[0,42]],[[5319,15540],[47,-39]],[[5265,15490],[54,50]],[[5240,15539],[25,-49]],[[5169,15455],[71,84]],[[5169,15455],[27,-32]],[[5140,15354],[56,69]],[[5043,15353],[97,1]],[[4995,15329],[48,24]],[[4937,15317],[58,12]],[[4860,15273],[77,44]],[[4769,15472],[91,-199]],[[4712,15448],[57,24]],[[4654,15455],[58,-7]],[[4654,15455],[13,146]],[[4470,15548],[197,53]],[[4417,15538],[53,10]],[[4394,15534],[23,4]],[[4355,15686],[39,-152]],[[4295,15690],[60,-4]],[[4224,15768],[71,-78]],[[4190,15832],[34,-64]],[[4118,15893],[72,-61]],[[4066,15918],[52,-25]],[[4010,15992],[56,-74]],[[3996,16090],[14,-98]],[[3896,16101],[100,-11]],[[3889,16151],[7,-50]],[[3889,16151],[32,4]],[[3897,16240],[24,-85]],[[3854,16287],[43,-47]],[[3832,16378],[22,-91]],[[3717,16375],[115,3]],[[3569,16457],[148,-82]],[[3508,16510],[61,-53]],[[3508,16510],[6,32]],[[3514,16542],[56,35]],[[3563,16643],[7,-66]],[[3563,16643],[41,-1]],[[3583,16678],[21,-36]],[[3583,16678],[8,34]],[[3542,16730],[49,-18]],[[3542,16730],[4,37]],[[3516,16815],[30,-48]],[[3480,16826],[36,-11]],[[3323,16949],[157,-123]],[[2962,16949],[361,0]],[[2962,16949],[0,74]],[[2962,17023],[35,22]],[[2949,17133],[48,-88]],[[2949,17133],[207,133]],[[3156,17266],[16,10]],[[3172,17276],[123,165]],[[3295,17441],[27,17]],[[3245,17591],[77,-133]],[[3245,17591],[21,13]],[[3197,17731],[69,-127]],[[3197,17731],[12,21]],[[3104,17928],[105,-176]],[[2968,17886],[136,42]],[[2931,18157],[37,-271]],[[2931,18157],[80,92]],[[3011,18249],[55,208]],[[3066,18457],[93,108]],[[3131,18698],[28,-133]],[[3131,18698],[18,92]],[[3108,18835],[41,-45]],[[3108,18835],[37,117]],[[3137,18971],[8,-19]],[[3137,18971],[9,327]],[[3146,19298],[32,96]],[[3178,19394],[46,8]],[[3224,19402],[9,26]],[[3233,19428],[32,209]],[[3035,19736],[230,-99]],[[2980,19450],[55,286]],[[2738,19462],[242,-12]],[[2652,19427],[86,35]],[[2625,19406],[27,21]],[[2591,19421],[34,-15]],[[2549,19415],[42,6]],[[2529,19505],[20,-90]],[[2507,19498],[22,7]],[[2494,19557],[13,-59]],[[2494,19557],[23,6]],[[2493,19667],[24,-104]],[[2439,19840],[54,-173]],[[2331,19811],[108,29]],[[2297,19937],[34,-126]],[[2260,19970],[37,-33]],[[2260,19970],[42,118]],[[2302,20088],[15,42]],[[2033,20446],[284,-316]],[[1958,20426],[75,20]],[[1932,20517],[26,-91]],[[1857,20496],[75,21]],[[1816,20629],[41,-133]],[[1816,20629],[25,9]],[[1786,20867],[55,-229]],[[1698,20842],[88,25]],[[1653,20829],[45,13]],[[1653,20829],[18,-55]],[[1474,20703],[197,71]],[[1392,20872],[82,-169]],[[1282,21262],[110,-390]],[[1076,21414],[206,-152]],[[830,21369],[246,45]],[[497,21682],[333,-313]],[[497,21682],[54,57]],[[452,22016],[99,-277]],[[448,22043],[4,-27]],[[448,22043],[19,73]],[[386,22219],[81,-103]],[[269,22342],[117,-123]],[[228,22475],[41,-133]],[[59,22581],[169,-106]],[[9,22680],[50,-99]],[[9,22680],[63,31]],[[52,22745],[20,-34]],[[0,22768],[52,-23]],[[0,22768],[7,69]],[[7,22837],[35,7]],[[42,22844],[7,45]],[[49,22889],[23,13]],[[72,22902],[45,75]],[[117,22977],[80,95]],[[197,23072],[72,39]],[[269,23111],[20,-57]],[[289,23054],[251,177]],[[540,23231],[75,-152]],[[615,23079],[53,44]],[[668,23123],[20,1]],[[688,23124],[77,-48]],[[765,23076],[19,43]],[[784,23119],[114,-81]],[[898,23038],[54,-30]],[[952,23008],[112,-31]],[[1064,22977],[80,10]],[[1144,22987],[79,87]],[[1223,23074],[23,37]],[[1246,23111],[96,117]],[[1342,23228],[18,79]],[[1334,23332],[26,-25]],[[1334,23332],[33,32]],[[1361,23402],[6,-38]],[[1361,23402],[28,14]],[[1389,23416],[130,-79]],[[1519,23337],[104,-15]],[[1623,23322],[47,-25]],[[1670,23297],[24,-30]],[[1694,23267],[244,-214]],[[1938,23053],[92,-52]],[[2030,23001],[29,-40]],[[2059,22961],[63,-78]],[[2122,22883],[44,-40]],[[2166,22843],[47,13]],[[2213,22856],[40,62]],[[2253,22918],[3,68]],[[2256,22986],[24,55]],[[2280,23041],[82,19]],[[2362,23060],[70,-52]],[[2432,23008],[32,1]],[[2464,23009],[33,39]],[[2497,23048],[22,83]],[[2519,23131],[60,24]],[[2579,23155],[50,42]],[[2629,23197],[49,196]],[[2678,23393],[53,28]],[[2731,23421],[13,24]],[[2697,23475],[47,-30]],[[2697,23475],[17,78]],[[2707,23575],[7,-22]],[[2707,23575],[201,-27]],[[2832,23969],[76,-421]],[[2832,23969],[156,230]],[[2988,24199],[80,-26]],[[3068,24173],[491,131]],[[3559,24304],[100,-146]],[[3659,24158],[185,-88]],[[3844,24070],[16,131]],[[3860,24201],[126,28]],[[3986,24229],[34,-131]],[[4020,24098],[51,-23]],[[4071,24075],[170,-25]],[[4241,24050],[150,34]],[[4391,24084],[52,29]],[[4443,24113],[68,-169]],[[4511,23944],[135,-29]],[[4646,23915],[36,-18]],[[4682,23897],[30,101]],[[4712,23998],[51,-17]],[[4763,23981],[63,56]],[[4826,24037],[22,39]],[[4848,24076],[51,2]],[[4899,24078],[34,140]],[[4933,24218],[38,215]],[[4971,24433],[41,-7]],[[5012,24426],[133,35]],[[5145,24461],[13,-50]],[[5158,24411],[23,-15]],[[5181,24396],[12,8]],[[5193,24404],[96,-4]],[[5289,24400],[33,45]],[[5322,24445],[28,11]],[[5307,24586],[43,-130]],[[5307,24586],[25,46]],[[5324,24742],[8,-110]],[[5324,24742],[83,33]],[[5407,24775],[29,43]],[[5436,24818],[24,37]],[[5449,25054],[11,-199]],[[5443,25063],[6,-9]],[[5443,25063],[26,137]],[[5469,25200],[31,159]],[[5500,25359],[58,-13]],[[5558,25346],[17,84]],[[5575,25430],[36,22]],[[5611,25452],[83,-29]],[[5694,25423],[77,-6]],[[5771,25417],[132,-27]],[[5903,25390],[46,-32]],[[5949,25358],[76,32]],[[5985,25452],[40,-62]],[[5985,25452],[81,169]],[[6066,25621],[50,77]],[[6116,25698],[8,82]],[[6124,25780],[24,10]],[[6025,26022],[123,-232]],[[5954,26033],[71,-11]],[[5897,26026],[57,7]],[[5888,26088],[9,-62]],[[5815,26258],[73,-170]],[[5815,26258],[92,301]],[[5896,26611],[11,-52]],[[5896,26611],[36,38]],[[5932,26649],[54,-5]],[[5986,26644],[23,72]],[[6009,26716],[23,10]],[[6032,26726],[43,71]],[[6067,26825],[8,-28]],[[6067,26825],[64,98]],[[6131,26923],[36,71]],[[6088,27027],[79,-33]],[[6053,27067],[35,-40]],[[6053,27067],[34,74]],[[6087,27141],[0,26]],[[6087,27167],[42,144]],[[6129,27311],[62,96]],[[6191,27407],[30,31]],[[6221,27438],[27,-22]],[[6248,27416],[77,21]],[[6325,27437],[31,-11]],[[6356,27426],[73,70]],[[6429,27496],[77,-46]],[[6506,27450],[16,-42]],[[6522,27408],[162,-56]],[[6684,27352],[14,31]],[[6698,27383],[13,83]],[[6711,27466],[14,72]],[[6725,27538],[31,36]],[[6756,27574],[61,15]],[[6817,27589],[54,30]],[[10160,8999],[62,-72]],[[10120,9194],[40,-195]],[[10068,9242],[52,-48]],[[9961,9236],[107,6]],[[9841,9255],[120,-19]],[[9782,9283],[59,-28]],[[9663,9361],[119,-78]],[[9629,9369],[34,-8]],[[9534,9343],[95,26]],[[9478,9349],[56,-6]],[[9358,9392],[120,-43]],[[9306,9398],[52,-6]],[[9208,9430],[98,-32]],[[9135,9402],[73,28]],[[9057,9394],[78,8]],[[9019,9408],[38,-14]],[[8942,9509],[77,-101]],[[8912,9518],[30,-9]],[[8793,9492],[119,26]],[[8635,9439],[158,53]],[[8547,9422],[88,17]],[[8489,9426],[58,-4]],[[8451,9444],[38,-18]],[[8359,9515],[92,-71]],[[6871,27619],[46,0]],[[6917,27619],[143,28]],[[7007,27688],[53,-41]],[[6980,27653],[27,35]],[[6944,27681],[36,-28]],[[6944,27681],[30,33]],[[6974,27714],[72,-10]],[[7046,27704],[42,-44]],[[7088,27660],[14,-41]],[[7102,27619],[52,18]],[[7154,27637],[44,72]],[[7198,27709],[31,-15]],[[7229,27694],[43,-53]],[[7272,27641],[12,-65]],[[7280,27484],[4,92]],[[7280,27484],[127,-41]],[[7407,27443],[35,-26]],[[7442,27417],[22,-79]],[[7464,27338],[22,-175]],[[7486,27163],[30,15]],[[7516,27178],[91,-24]],[[7607,27154],[1,114]],[[7565,27329],[43,-61]],[[7565,27329],[49,56]],[[7588,27423],[26,-38]],[[7579,27512],[9,-89]],[[7579,27512],[15,5]],[[7594,27517],[37,91]],[[7631,27608],[75,0]],[[7706,27608],[26,-22]],[[7732,27586],[83,-2]],[[7815,27584],[38,-24]],[[7853,27560],[61,11]],[[7914,27571],[49,31]],[[7963,27602],[11,24]],[[7974,27626],[29,27]],[[8003,27653],[56,93]],[[8059,27746],[40,-24]],[[8099,27722],[68,17]],[[8167,27739],[38,-10]],[[8205,27729],[108,15]],[[8313,27744],[52,-49]],[[8365,27695],[48,-4]],[[8413,27691],[47,-8]],[[8460,27683],[44,32]],[[8504,27715],[47,13]],[[8551,27728],[11,-36]],[[8562,27692],[55,23]],[[8617,27715],[84,12]],[[8701,27727],[102,-39]],[[8803,27688],[64,-44]],[[8867,27644],[151,16]],[[9018,27660],[72,51]],[[9090,27711],[41,14]],[[9131,27725],[59,48]],[[9190,27773],[78,6]],[[9268,27779],[56,32]],[[9324,27811],[42,76]],[[9366,27887],[29,-7]],[[9395,27880],[61,-49]],[[9456,27831],[56,-19]],[[9512,27812],[64,-37]],[[9576,27775],[30,-51]],[[9588,27674],[18,50]],[[9517,27578],[71,96]],[[9468,27497],[49,81]],[[9436,27434],[32,63]],[[9436,27434],[172,-6]],[[9606,27401],[2,27]],[[9606,27401],[94,-44]],[[9700,27357],[102,-13]],[[9802,27344],[48,-38]],[[9850,27306],[33,0]],[[9883,27306],[44,37]],[[9927,27343],[68,-9]],[[9995,27334],[69,5]],[[10064,27339],[17,29]],[[10081,27368],[41,2]],[[10122,27370],[45,62]],[[10167,27432],[17,57]],[[10184,27489],[45,40]],[[10229,27529],[24,80]],[[10253,27609],[22,-5]],[[10275,27604],[19,-46]],[[10294,27558],[79,-24]],[[10373,27534],[21,-45]],[[10394,27489],[49,9]],[[10443,27498],[142,-53]],[[10585,27445],[47,24]],[[10632,27469],[15,-50]],[[10642,27323],[5,96]],[[10642,27323],[35,-42]],[[10677,27281],[43,-7]],[[10720,27274],[40,18]],[[10760,27292],[8,-76]],[[10768,27216],[25,-25]],[[10793,27191],[48,-23]],[[10841,27168],[49,7]],[[10890,27175],[14,36]],[[10904,27211],[43,-35]],[[10947,27176],[43,0]],[[10990,27176],[50,20]],[[11040,27196],[70,-10]],[[11110,27186],[40,-69]],[[11119,26999],[31,118]],[[11099,26986],[20,13]],[[11087,26888],[12,98]],[[11087,26888],[33,-58]],[[11116,26793],[4,37]],[[11116,26793],[32,-23]],[[11148,26770],[4,-44]],[[11152,26726],[21,-59]],[[11173,26667],[3,-68]],[[11152,26571],[24,28]],[[11152,26571],[49,-95]],[[11201,26476],[33,-14]],[[11234,26462],[11,-33]],[[11245,26429],[69,-80]],[[11314,26349],[35,1]],[[11349,26350],[51,83]],[[11400,26433],[23,-47]],[[11423,26386],[41,-16]],[[11463,26322],[1,48]],[[11463,26322],[58,-6]],[[11521,26316],[13,-21]],[[11534,26295],[29,-34]],[[11563,26261],[28,14]],[[11591,26275],[34,29]],[[11625,26304],[92,-57]],[[11717,26247],[55,17]],[[11772,26264],[88,68]],[[11860,26332],[29,-2]],[[11889,26330],[75,47]],[[11964,26377],[60,-5]],[[12013,26344],[11,28]],[[12013,26344],[24,-90]],[[12014,26198],[23,56]],[[12014,26198],[29,-45]],[[12014,26089],[29,64]],[[12014,26089],[32,-46]],[[12046,26043],[36,-3]],[[12082,26040],[25,-41]],[[12107,25999],[30,-108]],[[12137,25891],[13,-77]],[[12142,25781],[8,33]],[[12142,25781],[38,-63]],[[12180,25718],[48,-34]],[[12228,25684],[81,1]],[[12309,25685],[29,-45]],[[12338,25640],[17,-35]],[[12281,25581],[74,24]],[[12281,25581],[47,-30]],[[12328,25551],[140,-134]],[[12468,25417],[59,-4]],[[12527,25413],[28,-71]],[[12555,25342],[49,-36]],[[12601,25268],[3,38]],[[12601,25268],[38,-12]],[[12639,25256],[127,-63]],[[12766,25193],[79,17]],[[12845,25210],[25,-12]],[[12870,25198],[196,6]],[[13066,25204],[86,7]],[[13152,25211],[98,25]],[[13250,25236],[111,39]],[[13361,25275],[66,-15]],[[13427,25260],[47,49]],[[13474,25309],[109,-5]],[[13583,25304],[82,-38]],[[13665,25266],[115,-27]],[[13780,25239],[49,-4]],[[13829,25235],[85,17]],[[13914,25252],[42,50]],[[13956,25302],[25,6]],[[13981,25308],[33,59]],[[14014,25367],[59,15]],[[14068,25283],[5,99]],[[14068,25283],[29,-66]],[[14097,25217],[10,-23]],[[14107,25194],[53,-12]],[[14160,25182],[43,-47]],[[14197,25065],[6,70]],[[14197,25065],[9,-50]],[[14206,25015],[85,-30]],[[14291,24985],[81,13]],[[14372,24998],[39,-42]],[[14411,24956],[51,-21]],[[14462,24935],[32,-50]],[[14494,24885],[76,13]],[[14570,24898],[26,-21]],[[14596,24877],[45,0]],[[14641,24877],[54,-81]],[[14695,24796],[38,-25]],[[14733,24771],[57,1]],[[14790,24772],[25,-40]],[[14815,24732],[6,-42]],[[14821,24690],[42,-34]],[[14863,24656],[53,24]],[[14916,24680],[79,-10]],[[14995,24670],[100,18]],[[15095,24688],[21,55]],[[15116,24743],[89,20]],[[15205,24763],[44,-5]],[[15249,24758],[65,-36]],[[15314,24722],[54,-12]],[[15368,24710],[104,-22]],[[15472,24688],[54,9]],[[15526,24697],[58,-54]],[[15583,24577],[1,66]],[[15583,24577],[21,-62]],[[15604,24515],[25,-35]],[[15630,24403],[-1,77]],[[15630,24403],[51,-17]],[[15681,24386],[35,-33]],[[15716,24353],[10,-49]],[[15726,24304],[30,-46]],[[15695,24157],[61,101]],[[15655,24118],[40,39]],[[15655,24118],[42,-59]],[[15692,24009],[5,50]],[[15692,24009],[16,-87]],[[15708,23922],[19,-12]],[[15727,23910],[42,-33]],[[15769,23877],[3,-40]],[[15772,23837],[44,-21]],[[15816,23816],[24,-58]],[[15840,23758],[16,-92]],[[15856,23666],[52,7]],[[15908,23673],[67,-59]],[[15975,23614],[56,28]],[[16031,23642],[24,-23]],[[16055,23619],[51,-1]],[[16106,23618],[27,-23]],[[16133,23595],[56,-14]],[[16189,23581],[65,52]],[[16254,23633],[39,-41]],[[16293,23592],[71,-16]],[[16364,23496],[0,80]],[[16364,23496],[100,-88]],[[16464,23408],[21,-42]],[[16485,23366],[31,-20]],[[16492,23300],[24,46]],[[16487,23197],[5,103]],[[16487,23197],[34,-30]],[[16515,23132],[6,35]],[[16515,23132],[49,-46]],[[16564,23086],[4,-34]],[[16537,22951],[31,101]],[[16459,23008],[78,-57]],[[16426,23048],[33,-40]],[[16405,23008],[21,40]],[[16345,22986],[60,22]],[[16302,22987],[43,-1]],[[16282,22967],[20,20]],[[16282,22967],[15,-83]],[[16297,22884],[58,-84]],[[16335,22749],[20,51]],[[16335,22749],[2,-61]],[[16321,22654],[16,34]],[[16321,22654],[78,8]],[[16399,22662],[82,-63]],[[16481,22599],[7,-49]],[[16463,22544],[25,6]],[[16463,22544],[5,-50]],[[16432,22428],[36,66]],[[16432,22428],[48,-44]],[[16462,22302],[18,82]],[[16462,22302],[74,-33]],[[16536,22269],[22,-21]],[[16558,22248],[5,-90]],[[16553,22101],[10,57]],[[16553,22101],[40,10]],[[16593,22111],[59,-40]],[[16652,22071],[62,5]],[[16714,22076],[30,-37]],[[16744,22039],[110,-34]],[[16854,22005],[55,-27]],[[16909,21978],[40,7]],[[16949,21985],[48,-14]],[[16997,21971],[37,-38]],[[17034,21933],[92,52]],[[17126,21985],[27,29]],[[17153,22014],[65,-7]],[[17218,22007],[45,-21]],[[17263,21986],[38,26]],[[17301,22012],[27,39]],[[17328,22051],[41,-14]],[[17329,21964],[40,73]],[[17329,21964],[18,-94]],[[17340,21833],[7,37]],[[17340,21833],[21,-67]],[[17345,21646],[16,120]],[[17330,21590],[15,56]],[[17330,21590],[7,-41]],[[17337,21549],[65,-80]],[[17402,21469],[29,-62]],[[17423,21337],[8,70]],[[17423,21337],[26,-54]],[[17449,21283],[22,-112]],[[17471,21171],[34,-90]],[[17505,21081],[26,-41]],[[17531,21040],[65,-17]],[[17596,21023],[58,-65]],[[17654,20958],[45,-17]],[[17699,20941],[83,38]],[[17782,20979],[14,-26]],[[17796,20953],[46,16]],[[17842,20969],[34,-52]],[[17876,20917],[52,23]],[[17928,20940],[3,-53]],[[17906,20856],[25,31]],[[17795,20817],[111,39]],[[17728,20718],[67,99]],[[17728,20718],[30,-5]],[[17758,20713],[54,-35]],[[17812,20678],[46,-79]],[[17858,20599],[35,-8]],[[17893,20591],[6,-80]],[[17867,20471],[32,40]],[[17867,20471],[17,-62]],[[17853,20335],[31,74]],[[17853,20335],[12,-83]],[[17847,20211],[18,41]],[[17847,20211],[32,-60]],[[17879,20151],[10,-68]],[[17889,20083],[36,-36]],[[17925,20047],[15,-96]],[[17940,19951],[24,-17]],[[17964,19858],[0,76]],[[17964,19858],[53,-59]],[[17987,19754],[30,45]],[[17987,19754],[53,-106]],[[18040,19648],[52,-4]],[[18092,19644],[57,-40]],[[18149,19545],[0,59]],[[18149,19545],[32,-52]],[[18176,19436],[5,57]],[[18146,19400],[30,36]],[[18144,19357],[2,43]],[[18117,19301],[27,56]],[[18103,19204],[14,97]],[[18060,19116],[43,88]],[[18060,19116],[17,-26]],[[18077,19090],[17,-69]],[[18094,19021],[94,-115]],[[18188,18906],[75,-5]],[[18263,18901],[56,-66]],[[18319,18835],[55,-29]],[[18374,18806],[25,2]],[[18399,18808],[25,-48]],[[18421,18681],[3,79]],[[18342,18665],[79,16]],[[18302,18579],[40,86]],[[18214,18562],[88,17]],[[18205,18501],[9,61]],[[18128,18446],[77,55]],[[18092,18384],[36,62]],[[18092,18384],[24,-103]],[[18116,18281],[41,-39]],[[18157,18242],[102,79]],[[18259,18321],[86,30]],[[18345,18351],[36,-23]],[[18381,18328],[25,-44]],[[18406,18284],[41,-31]],[[18419,18207],[28,46]],[[18411,18168],[8,39]],[[18411,18168],[22,-58]],[[18405,18062],[28,48]],[[18405,17969],[0,93]],[[18405,17969],[51,-67]],[[18456,17902],[73,30]],[[18529,17932],[33,-19]],[[18562,17913],[45,-54]],[[18607,17859],[65,18]],[[18672,17877],[84,-27]],[[18756,17850],[21,-47]],[[18777,17803],[34,33]],[[18811,17836],[66,16]],[[18877,17852],[24,-74]],[[18894,17709],[7,69]],[[18894,17709],[68,-98]],[[18962,17611],[49,-22]],[[19011,17589],[77,-3]],[[19088,17586],[24,-46]],[[19112,17540],[61,-59]],[[19173,17481],[17,-68]],[[19190,17413],[47,-20]],[[19237,17393],[36,-32]],[[19273,17361],[22,-42]],[[19295,17319],[3,-49]],[[19298,17270],[30,-73]],[[19328,17197],[30,-23]],[[19358,17174],[8,-42]],[[19366,17132],[67,-86]],[[19411,17010],[22,36]],[[19411,17010],[36,-79]],[[19442,16890],[5,41]],[[19278,26169],[31,45]],[[19243,26167],[35,2]],[[19222,26133],[21,34]],[[19196,26173],[26,-40]],[[19159,26274],[37,-101]],[[19086,26228],[73,46]],[[19047,26229],[39,-1]],[[19047,26229],[8,-65]],[[19010,26112],[45,52]],[[18960,26177],[50,-65]],[[18889,26206],[71,-29]],[[18863,26195],[26,11]],[[18800,26237],[63,-42]],[[18655,26281],[145,-44]],[[18610,26398],[45,-117]],[[18610,26398],[32,73]],[[18601,26489],[41,-18]],[[18521,26452],[80,37]],[[18493,26497],[28,-45]],[[18449,26511],[44,-14]],[[18423,26488],[26,23]],[[18373,26510],[50,-22]],[[18295,26519],[78,-9]],[[18244,26601],[51,-82]],[[18188,26610],[56,-9]],[[18103,26583],[85,27]],[[18049,26553],[54,30]],[[18026,26525],[23,28]],[[17981,26544],[45,-19]],[[17946,26514],[35,30]],[[17914,26537],[32,-23]],[[17884,26496],[30,41]],[[17803,26470],[81,26]],[[17737,26468],[66,2]],[[17700,26515],[37,-47]],[[17657,26504],[43,11]],[[17605,26513],[52,-9]],[[17579,26479],[26,34]],[[17579,26479],[13,-125]],[[17592,26354],[56,-33]],[[17607,26324],[41,-3]],[[17550,26276],[57,48]],[[17532,26220],[18,56]],[[17455,26231],[77,-11]],[[17408,26220],[47,11]],[[17341,26157],[67,63]],[[17293,26173],[48,-16]],[[17229,26153],[64,20]],[[17100,26172],[129,-19]],[[17079,26188],[21,-16]],[[17039,26327],[40,-139]],[[16932,26291],[107,36]],[[16909,26307],[23,-16]],[[16873,26284],[36,23]],[[16845,26296],[28,-12]],[[16798,26270],[47,26]],[[16762,26203],[36,67]],[[16730,26166],[32,37]],[[16653,26125],[77,41]],[[16589,26167],[64,-42]],[[16562,26145],[27,22]],[[16562,26145],[7,-38]],[[16540,26061],[29,46]],[[16528,25976],[12,85]],[[16462,25936],[66,40]],[[16396,25946],[66,-10]],[[16362,25975],[34,-29]],[[16291,25969],[71,6]],[[16283,25936],[8,33]],[[16235,25951],[48,-15]],[[16229,26032],[6,-81]],[[16229,26032],[40,72]],[[16262,26131],[7,-27]],[[16262,26131],[21,40]],[[16190,26220],[93,-49]],[[16150,26258],[40,-38]],[[16094,26241],[56,17]],[[16056,26252],[38,-11]],[[16015,26292],[41,-40]],[[16000,26319],[15,-27]],[[16000,26319],[17,49]],[[15994,26460],[23,-92]],[[15968,26487],[26,-27]],[[15963,26554],[5,-67]],[[15895,26585],[68,-31]],[[15895,26585],[63,96]],[[15958,26681],[1,38]],[[15902,26737],[57,-18]],[[15831,26684],[71,53]],[[15805,26682],[26,2]],[[15774,26682],[31,0]],[[15637,26744],[137,-62]],[[15556,26742],[81,2]],[[15507,26725],[49,17]],[[15426,26644],[81,81]],[[15389,26641],[37,3]],[[15350,26592],[39,49]],[[15304,26589],[46,3]],[[15276,26567],[28,22]],[[15208,26594],[68,-27]],[[15140,26604],[68,-10]],[[15119,26700],[21,-96]],[[15072,26658],[47,42]],[[15031,26663],[41,-5]],[[15003,26663],[28,0]],[[14935,26729],[68,-66]],[[14865,26760],[70,-31]],[[14855,26820],[10,-60]],[[14855,26820],[8,47]],[[14747,26847],[116,20]],[[14711,26842],[36,5]],[[14692,26892],[19,-50]],[[14616,26924],[76,-32]],[[14576,26924],[40,0]],[[14514,26869],[62,55]],[[14514,26869],[16,-56]],[[14530,26813],[3,-90]],[[14509,26688],[24,35]],[[14447,26685],[62,3]],[[14362,26667],[85,18]],[[14338,26615],[24,52]],[[14230,26526],[108,89]],[[14212,26466],[18,60]],[[14150,26408],[62,58]],[[14076,26452],[74,-44]],[[14076,26452],[6,-61]],[[14063,26300],[19,91]],[[14063,26300],[28,-129]],[[14049,26145],[42,26]],[[14049,26145],[2,-36]],[[13999,26056],[52,53]],[[13999,26056],[71,4]],[[14070,26060],[22,-35]],[[14078,25954],[14,71]],[[14078,25954],[33,-26]],[[14111,25928],[18,-66]],[[14129,25862],[38,-48]],[[14141,25708],[26,106]],[[14141,25708],[30,-34]],[[14171,25674],[59,-34]],[[14230,25640],[96,-29]],[[14191,25507],[135,104]],[[14130,25438],[61,69]],[[14086,25431],[44,7]],[[14073,25382],[13,49]],[[27910,31989],[81,49]],[[27886,32007],[24,-18]],[[27820,31944],[66,63]],[[27810,31882],[10,62]],[[27732,31817],[78,65]],[[27615,31803],[117,14]],[[27584,31823],[31,-20]],[[27545,31876],[39,-53]],[[27496,31831],[49,45]],[[27451,31845],[45,-14]],[[27413,31877],[38,-32]],[[27357,31885],[56,-8]],[[27327,31865],[30,20]],[[27280,31763],[47,102]],[[27279,31724],[1,39]],[[27228,31670],[51,54]],[[27167,31687],[61,-17]],[[27119,31725],[48,-38]],[[27071,31710],[48,15]],[[27058,31752],[13,-42]],[[27031,31782],[27,-30]],[[26865,31749],[166,33]],[[26860,31733],[5,16]],[[26776,31671],[84,62]],[[26727,31606],[49,65]],[[26683,31526],[44,80]],[[26583,31442],[100,84]],[[26544,31363],[39,79]],[[26502,31315],[42,48]],[[26424,31258],[78,57]],[[26367,31148],[57,110]],[[26359,31079],[8,69]],[[26323,30953],[36,126]],[[26321,30916],[2,37]],[[26267,30801],[54,115]],[[26235,30754],[32,47]],[[26181,30753],[54,1]],[[26123,30666],[58,87]],[[26107,30616],[16,50]],[[26106,30549],[1,67]],[[26106,30549],[29,-9]],[[26105,30430],[30,110]],[[26066,30406],[39,24]],[[26066,30406],[46,-36]],[[26071,30316],[41,54]],[[26062,30271],[9,45]],[[25999,30178],[63,93]],[[25999,30178],[31,-32]],[[26030,30146],[51,-24]],[[26081,30122],[40,-49]],[[26121,30073],[50,-60]],[[26171,30013],[18,-41]],[[26138,29936],[51,36]],[[26038,29986],[100,-50]],[[26018,29917],[20,69]],[[25925,29902],[93,15]],[[25890,29925],[35,-23]],[[25821,29960],[69,-35]],[[25772,29950],[49,10]],[[25706,29971],[66,-21]],[[25652,29975],[54,-4]],[[25598,30035],[54,-60]],[[25566,30040],[32,-5]],[[25566,30040],[35,55]],[[25522,30115],[79,-20]],[[25522,30115],[28,107]],[[25514,30228],[36,-6]],[[25514,30228],[1,67]],[[25451,30328],[64,-33]],[[25423,30274],[28,54]],[[25341,30286],[82,-12]],[[25293,30320],[48,-34]],[[25254,30292],[39,28]],[[25231,30203],[23,89]],[[25205,30146],[26,57]],[[25165,30119],[40,27]],[[25165,30119],[39,-44]],[[25199,30021],[5,54]],[[25131,30022],[68,-1]],[[25085,29996],[46,26]],[[25085,29996],[14,-27]],[[25056,29932],[43,37]],[[24982,29928],[74,4]],[[24897,29945],[85,-17]],[[24892,29874],[5,71]],[[24892,29874],[49,-67]],[[24893,29712],[48,95]],[[24893,29712],[40,-52]],[[24911,29641],[22,19]],[[24848,29451],[63,190]],[[24764,29431],[84,20]],[[24737,29392],[27,39]],[[24727,29333],[10,59]],[[24669,29347],[58,-14]],[[24647,29303],[22,44]],[[24585,29253],[62,50]],[[24527,29227],[58,26]],[[24499,29174],[28,53]],[[24462,29155],[37,19]],[[24462,29155],[31,-77]],[[24452,29023],[41,55]],[[24451,28982],[1,41]],[[24411,28881],[40,101]],[[24411,28881],[44,-40]],[[24455,28841],[19,35]],[[24474,28876],[39,-3]],[[24513,28873],[31,-57]],[[24497,28758],[47,58]],[[24447,28675],[50,83]],[[24427,28660],[20,15]],[[24368,28679],[59,-19]],[[24342,28708],[26,-29]],[[24313,28699],[29,9]],[[24302,28748],[11,-49]],[[24273,28756],[29,-8]],[[24263,28718],[10,38]],[[24212,28728],[51,-10]],[[24177,28718],[35,10]],[[24171,28678],[6,40]],[[24143,28659],[28,19]],[[24119,28583],[24,76]],[[24119,28583],[23,-27]],[[24129,28522],[13,34]],[[24056,28529],[73,-7]],[[24030,28491],[26,38]],[[23967,28505],[63,-14]],[[23902,28484],[65,21]],[[23771,28587],[131,-103]],[[23734,28584],[37,3]],[[23682,28555],[52,29]],[[23631,28592],[51,-37]],[[23590,28591],[41,1]],[[23547,28546],[43,45]],[[23492,28590],[55,-44]],[[23477,28605],[15,-15]],[[23407,28615],[70,-10]],[[23309,28669],[98,-54]],[[23304,28686],[5,-17]],[[23192,28741],[112,-55]],[[23102,28797],[90,-56]],[[23064,28800],[38,-3]],[[23045,28831],[19,-31]],[[23045,28831],[11,31]],[[23011,28890],[45,-28]],[[22944,28972],[67,-82]],[[22852,28994],[92,-22]],[[22838,29015],[14,-21]],[[22838,29015],[49,-106]],[[22849,28862],[38,47]],[[22779,28836],[70,26]],[[22768,28801],[11,35]],[[22659,28790],[109,11]],[[22577,28745],[82,45]],[[22531,28755],[46,-10]],[[22481,28739],[50,16]],[[22464,28686],[17,53]],[[22464,28686],[31,-128]],[[22495,28558],[31,-73]],[[22462,28450],[64,35]],[[22394,28507],[68,-57]],[[22357,28507],[37,0]],[[22303,28549],[54,-42]],[[22279,28512],[24,37]],[[22279,28512],[7,-29]],[[22225,28475],[61,8]],[[22178,28366],[47,109]],[[22178,28366],[24,-22]],[[22202,28344],[75,-116]],[[22277,28228],[10,-41]],[[22287,28187],[29,-28]],[[22316,28159],[74,-20]],[[22390,28139],[63,1]],[[22453,28140],[4,-35]],[[22457,28105],[55,-53]],[[22457,28006],[55,46]],[[22457,28006],[7,-43]],[[22452,27912],[12,51]],[[22404,27787],[48,125]],[[22388,27712],[16,75]],[[22337,27711],[51,1]],[[22332,27672],[5,39]],[[22284,27687],[48,-15]],[[22198,27655],[86,32]],[[22164,27665],[34,-10]],[[22134,27616],[30,49]],[[22063,27596],[71,20]],[[21986,27562],[77,34]],[[21986,27562],[7,-28]],[[21975,27458],[18,76]],[[21947,27410],[28,48]],[[21909,27405],[38,5]],[[21909,27405],[34,-94]],[[21943,27311],[94,-42]],[[22037,27269],[35,-31]],[[22072,27238],[94,-3]],[[22166,27235],[26,-38]],[[22184,27161],[8,36]],[[22184,27161],[1,-24]],[[22142,27069],[43,68]],[[22128,26998],[14,71]],[[22097,26923],[31,75]],[[22097,26803],[0,120]],[[22070,26772],[27,31]],[[22009,26762],[61,10]],[[22009,26762],[46,-112]],[[22043,26639],[12,11]],[[21991,26624],[52,15]],[[21961,26544],[30,80]],[[21905,26525],[56,19]],[[21870,26539],[35,-14]],[[21809,26615],[61,-76]],[[21731,26633],[78,-18]],[[21704,26613],[27,20]],[[21614,26472],[90,141]],[[21599,26424],[15,48]],[[21552,26380],[47,44]],[[21552,26380],[51,-71]],[[21603,26309],[14,-44]],[[21582,26226],[35,39]],[[21582,26226],[55,-150]],[[21575,26025],[62,51]],[[21575,26025],[28,-35]],[[21603,25990],[9,-87]],[[21612,25903],[18,-41]],[[21630,25862],[47,-3]],[[21671,25815],[6,44]],[[21671,25815],[61,-6]],[[21732,25809],[87,-95]],[[21785,25666],[34,48]],[[21705,25611],[80,55]],[[21669,25611],[36,0]],[[21581,25662],[88,-51]],[[21520,25745],[61,-83]],[[21478,25775],[42,-30]],[[21343,25778],[135,-3]],[[21299,25829],[44,-51]],[[21264,25908],[35,-79]],[[21185,25883],[79,25]],[[21180,25907],[5,-24]],[[21130,25907],[50,0]],[[21130,25907],[7,-38]],[[21067,25816],[70,53]],[[21067,25816],[25,-31]],[[21023,25761],[69,24]],[[20999,25795],[24,-34]],[[20995,25849],[4,-54]],[[20946,25793],[49,56]],[[20917,25828],[29,-35]],[[20876,25907],[41,-79]],[[20846,25931],[30,-24]],[[20794,25941],[52,-10]],[[20772,25902],[22,39]],[[20706,25934],[66,-32]],[[20636,25927],[70,7]],[[20564,25904],[72,23]],[[20564,25904],[12,-28]],[[20521,25859],[55,17]],[[20463,25896],[58,-37]],[[20423,25894],[40,2]],[[20369,25852],[54,42]],[[20306,25862],[63,-10]],[[20262,25816],[44,46]],[[20218,25798],[44,18]],[[20149,25814],[69,-16]],[[20046,25852],[103,-38]],[[20000,25840],[46,12]],[[19908,25780],[92,60]],[[19889,25724],[19,56]],[[19858,25685],[31,39]],[[19858,25685],[22,-86]],[[19843,25603],[37,-4]],[[19755,25581],[88,22]],[[19755,25581],[24,-31]],[[19779,25550],[2,-50]],[[19781,25500],[66,-32]],[[19847,25468],[26,30]],[[19873,25498],[58,-91]],[[19891,25397],[40,10]],[[19853,25360],[38,37]],[[19814,25300],[39,60]],[[19708,25358],[106,-58]],[[19631,25368],[77,-10]],[[19545,25423],[86,-55]],[[19527,25453],[18,-30]],[[19476,25470],[51,-17]],[[19474,25575],[2,-105]],[[19440,25641],[34,-66]],[[19411,25659],[29,-18]],[[19408,25740],[3,-81]],[[19394,25781],[14,-41]],[[19394,25781],[5,62]],[[19399,25843],[32,21]],[[19431,25864],[45,97]],[[19460,26037],[16,-76]],[[19460,26037],[73,6]],[[19522,26089],[11,-46]],[[19475,26127],[47,-38]],[[19434,26122],[41,5]],[[19364,26190],[70,-68]],[[19309,26214],[55,-24]],[[6871,27619],[78,86]],[[6949,27705],[5,57]],[[6879,27756],[75,6]],[[6813,27857],[66,-101]],[[6813,27857],[1,41]],[[6792,27966],[22,-68]],[[6792,27966],[38,56]],[[6830,28022],[98,-65]],[[6928,27957],[108,63]],[[7036,28020],[84,-37]],[[7120,27983],[36,-51]],[[7156,27932],[30,18]],[[7186,27950],[17,56]],[[7203,28006],[54,38]],[[7257,28044],[1,62]],[[7258,28106],[21,22]],[[7279,28128],[0,41]],[[7279,28169],[54,23]],[[7333,28192],[51,59]],[[7384,28251],[6,59]],[[7381,28356],[9,-46]],[[7357,28425],[24,-69]],[[7281,28472],[76,-47]],[[7173,28585],[108,-113]],[[7124,28594],[49,-9]],[[7120,28652],[4,-58]],[[7120,28652],[36,100]],[[7156,28752],[19,-8]],[[7175,28744],[92,77]],[[7267,28821],[26,110]],[[7293,28931],[29,41]],[[7322,28972],[17,72]],[[7339,29044],[-3,109]],[[7324,29299],[12,-146]],[[7324,29299],[23,28]],[[7347,29327],[67,6]],[[7414,29333],[20,71]],[[7434,29404],[59,13]],[[7493,29417],[52,44]],[[7545,29461],[70,3]],[[7615,29464],[70,32]],[[7685,29496],[20,21]],[[7705,29517],[63,6]],[[7768,29523],[47,75]],[[7802,29691],[13,-93]],[[7802,29691],[14,54]],[[7816,29745],[63,15]],[[7838,29925],[41,-165]],[[7812,29921],[26,4]],[[7790,29967],[22,-46]],[[7780,30047],[10,-80]],[[7780,30047],[9,83]],[[7789,30130],[43,49]],[[7832,30179],[187,4]],[[8019,30183],[14,54]],[[8033,30237],[54,43]],[[8087,30280],[7,37]],[[8094,30317],[53,75]],[[8147,30392],[76,-19]],[[8223,30373],[33,60]],[[8256,30433],[17,60]],[[8242,30514],[31,-21]],[[8192,30522],[50,-8]],[[8192,30522],[14,91]],[[8206,30613],[34,52]],[[8240,30665],[-1,61]],[[8239,30726],[19,49]],[[8258,30775],[48,15]],[[8279,30832],[27,-42]],[[8253,30908],[26,-76]],[[8250,30961],[3,-53]],[[8157,30979],[93,-18]],[[8087,31102],[70,-123]],[[8080,31161],[7,-59]],[[8080,31161],[79,11]],[[8159,31172],[47,26]],[[8206,31198],[72,12]],[[8278,31210],[12,60]],[[8290,31270],[22,30]],[[8312,31300],[52,22]],[[8354,31344],[10,-22]],[[8354,31344],[53,27]],[[8387,31415],[20,-44]],[[8387,31415],[88,61]],[[8453,31545],[22,-69]],[[8453,31545],[78,146]],[[8531,31691],[147,60]],[[8678,31751],[123,36]],[[8801,31787],[108,-29]],[[8909,31758],[11,10]],[[8899,31822],[21,-54]],[[8899,31822],[17,63]],[[8912,31923],[4,-38]],[[8912,31923],[52,61]],[[8964,31984],[1,59]],[[8965,32043],[59,231]],[[9024,32274],[39,93]],[[9063,32367],[71,21]],[[9134,32388],[8,35]],[[9142,32423],[46,-15]],[[9188,32408],[52,67]],[[9240,32475],[61,22]],[[9301,32497],[8,180]],[[9301,32799],[8,-122]],[[9235,32832],[66,-33]],[[9235,32832],[28,140]],[[9263,32972],[30,37]],[[9293,33009],[44,88]],[[9337,33097],[5,36]],[[9342,33133],[57,67]],[[9399,33200],[30,6]],[[9429,33206],[45,66]],[[9474,33272],[2,53]],[[9421,33381],[55,-56]],[[9421,33381],[0,30]],[[9421,33411],[41,18]],[[9462,33429],[19,62]],[[9481,33491],[25,93]],[[9506,33584],[12,77]],[[9518,33661],[57,74]],[[9575,33735],[17,54]],[[9592,33789],[35,36]],[[9627,33825],[54,104]],[[9681,33929],[13,85]],[[9694,34014],[54,61]],[[9748,34075],[29,68]],[[9770,34191],[7,-48]],[[9770,34191],[39,20]],[[9809,34211],[45,-5]],[[9854,34206],[50,60]],[[9904,34266],[78,-10]],[[9982,34256],[21,-17]],[[10003,34239],[48,29]],[[10051,34268],[47,-5]],[[10098,34263],[27,-35]],[[10125,34228],[73,-11]],[[10198,34217],[41,103]],[[10239,34320],[21,27]],[[10260,34347],[30,90]],[[10290,34437],[41,106]],[[10331,34543],[3,40]],[[10302,34644],[32,-61]],[[10302,34644],[33,43]],[[10279,34823],[56,-136]],[[10279,34823],[40,78]],[[10250,34934],[69,-33]],[[10172,35128],[78,-194]],[[10172,35128],[-2,68]],[[10170,35196],[21,68]],[[10191,35264],[11,96]],[[10202,35360],[21,34]],[[10223,35394],[15,60]],[[10238,35454],[31,75]],[[10269,35529],[91,118]],[[10360,35647],[33,63]],[[10393,35710],[94,-98]],[[10487,35612],[57,82]],[[10447,35776],[97,-82]],[[10447,35776],[19,36]],[[10466,35812],[85,60]],[[10551,35872],[39,44]],[[10590,35916],[44,-11]],[[10634,35905],[23,-34]],[[10657,35871],[38,32]],[[10695,35903],[31,55]],[[10726,35958],[8,42]],[[10734,36000],[53,29]],[[10787,36029],[35,39]],[[10822,36068],[36,77]],[[10858,36145],[23,16]],[[10881,36161],[1,72]],[[10882,36233],[59,8]],[[10941,36241],[37,-30]],[[10978,36211],[83,-22]],[[11061,36189],[64,-6]],[[11125,36183],[33,25]],[[11158,36208],[25,52]],[[11183,36260],[12,57]],[[11195,36317],[30,25]],[[11225,36342],[27,115]],[[11252,36457],[3,48]],[[11255,36505],[34,84]],[[11289,36589],[25,170]],[[11314,36759],[48,-9]],[[11362,36750],[54,60]],[[11416,36810],[13,71]],[[11425,36924],[4,-43]],[[11425,36924],[16,70]],[[11427,37011],[14,-17]],[[11427,37011],[48,98]],[[11475,37109],[62,17]],[[11537,37126],[72,-1]],[[11609,37125],[28,28]],[[11637,37153],[20,141]],[[11640,37328],[17,-34]],[[11640,37328],[31,125]],[[11671,37453],[12,-1]],[[11683,37452],[109,-15]],[[11792,37437],[121,109]],[[11913,37546],[33,8]],[[11946,37554],[33,10]],[[11979,37564],[20,106]],[[11978,37770],[21,-100]],[[11978,37770],[41,8]],[[12019,37778],[36,-15]],[[12055,37763],[87,-93]],[[12142,37670],[5,-19]],[[12147,37651],[63,-35]],[[12210,37616],[186,-33]],[[12396,37583],[28,20]],[[12424,37603],[97,-8]],[[12521,37595],[7,-39]],[[12528,37556],[108,-13]],[[12635,37582],[1,-39]],[[12611,37626],[24,-44]],[[12611,37626],[7,40]],[[12618,37666],[33,68]],[[12651,37734],[49,272]],[[12700,38006],[40,103]],[[12740,38109],[112,18]],[[12852,38127],[84,53]],[[12936,38180],[41,-46]],[[12977,38134],[300,-218]],[[13277,37916],[56,-85]],[[13333,37831],[79,0]],[[13412,37831],[282,-6]],[[13694,37825],[21,45]],[[13715,37870],[76,-5]],[[13791,37865],[51,40]],[[13842,37905],[57,-15]],[[13899,37890],[78,25]],[[13977,37915],[36,46]],[[14013,37961],[45,11]],[[14058,37972],[37,-3]],[[14095,37969],[45,71]],[[14140,38040],[42,117]],[[14182,38157],[36,60]],[[14208,38248],[10,-31]],[[14208,38248],[57,50]],[[14265,38298],[3,42]],[[14268,38340],[6,54]],[[14274,38394],[27,24]],[[14301,38418],[47,11]],[[14348,38429],[43,-23]],[[14391,38406],[83,-11]],[[14474,38395],[64,3]],[[14538,38398],[57,58]],[[14595,38456],[47,15]],[[14642,38471],[20,84]],[[14634,38622],[28,-67]],[[14634,38622],[2,33]],[[14596,38665],[40,-10]],[[14572,38691],[24,-26]],[[14572,38691],[37,105]],[[14550,38864],[59,-68]],[[14542,38903],[8,-39]],[[14542,38903],[37,22]],[[14579,38925],[90,-1]],[[14669,38924],[26,11]],[[14695,38935],[67,-12]],[[14762,38923],[67,53]],[[14829,38976],[51,22]],[[14880,38998],[54,58]],[[14934,39056],[49,20]],[[14983,39076],[84,-11]],[[15067,39065],[55,75]],[[15122,39140],[9,35]],[[15131,39175],[31,18]],[[15162,39193],[19,62]],[[15181,39255],[35,31]],[[15216,39286],[1,36]],[[15217,39322],[44,69]],[[15261,39391],[28,7]],[[15289,39398],[10,62]],[[15299,39460],[81,27]],[[15380,39487],[38,50]],[[15418,39537],[36,-20]],[[15454,39517],[92,15]],[[15546,39532],[90,90]],[[15610,39748],[26,-126]],[[15610,39748],[0,55]],[[15584,39893],[26,-90]],[[15511,39922],[73,-29]],[[15501,39969],[10,-47]],[[15501,39969],[3,65]],[[15504,40034],[30,42]],[[15534,40076],[100,-23]],[[15634,40053],[93,-77]],[[15727,39976],[16,32]],[[15743,40008],[87,-16]],[[15824,39964],[6,28]],[[15824,39964],[59,-14]],[[15883,39950],[51,-37]],[[15934,39913],[6,-48]],[[15940,39865],[55,-3]],[[15995,39862],[43,-45]],[[16038,39817],[62,9]],[[16100,39826],[37,79]],[[16137,39905],[155,28]],[[16292,39933],[50,40]],[[16342,39973],[52,8]],[[16394,39981],[50,-36]],[[16444,39945],[46,6]],[[16490,39951],[6,44]],[[16496,39995],[34,51]],[[16486,40052],[44,-6]],[[16483,40079],[3,-27]],[[16483,40079],[52,45]],[[16535,40124],[41,55]],[[16576,40179],[20,72]],[[16549,40275],[47,-24]],[[16531,40304],[18,-29]],[[16531,40304],[82,90]],[[16581,40481],[32,-87]],[[16581,40481],[4,32]],[[16585,40513],[38,23]],[[16623,40536],[24,64]],[[16647,40600],[18,-5]],[[16665,40595],[15,52]],[[16624,40687],[56,-40]],[[16624,40687],[27,36]],[[16651,40723],[50,20]],[[16701,40743],[18,30]],[[16719,40773],[61,15]],[[16780,40788],[33,23]],[[16813,40811],[26,108]],[[16839,40919],[36,27]],[[16875,40946],[50,6]],[[16925,40952],[67,41]],[[16992,40993],[24,-23]],[[17016,40970],[3,-49]],[[17019,40921],[27,-2]],[[17046,40919],[17,-127]],[[17063,40792],[270,-53]],[[17333,40739],[37,20]],[[17370,40759],[26,-20]],[[17396,40739],[32,81]],[[17428,40820],[93,-6]],[[17521,40814],[5,-120]],[[17526,40694],[15,-26]],[[17541,40668],[53,-18]],[[17594,40650],[41,-61]],[[17603,40471],[32,118]],[[17574,40427],[29,44]],[[17574,40427],[14,-9]],[[17588,40418],[51,-90]],[[17639,40328],[34,-22]],[[17673,40306],[63,-12]],[[17736,40294],[47,17]],[[17783,40311],[56,-43]],[[17839,40268],[24,-40]],[[17863,40228],[34,-22]],[[17875,40140],[22,66]],[[17875,40140],[20,-51]],[[17895,40089],[38,-21]],[[17933,40068],[60,22]],[[17993,40090],[50,-58]],[[18043,40032],[94,-40]],[[18137,39992],[30,-61]],[[18167,39931],[52,11]],[[18219,39942],[43,-33]],[[18262,39909],[50,-17]],[[18301,39857],[11,35]],[[18301,39857],[20,-29]],[[18321,39828],[72,-48]],[[18393,39780],[33,21]],[[18426,39801],[62,14]],[[18488,39815],[21,-56]],[[18509,39759],[52,-28]],[[18561,39731],[22,-42]],[[18583,39689],[68,-25]],[[18651,39664],[76,2]],[[18727,39666],[34,-8]],[[18761,39658],[77,-49]],[[18838,39609],[43,8]],[[18881,39617],[25,108]],[[18906,39725],[41,45]],[[18947,39770],[28,65]],[[18975,39835],[24,18]],[[18999,39853],[1,46]],[[19000,39899],[25,46]],[[19025,39945],[1,73]],[[19026,40018],[18,64]],[[19044,40082],[42,-39]],[[19086,40043],[26,-51]],[[19112,39992],[65,-13]],[[19177,39979],[85,-49]],[[19262,39930],[67,21]],[[19329,39951],[43,-16]],[[19372,39935],[48,43]],[[19420,39978],[63,-19]],[[19483,39959],[35,16]],[[19518,39975],[78,-49]],[[19596,39926],[65,3]],[[19661,39929],[43,-30]],[[19704,39899],[18,-68]],[[19722,39831],[94,-54]],[[19816,39777],[19,-23]],[[19835,39754],[48,23]],[[19883,39777],[72,7]],[[19955,39784],[131,66]],[[20086,39850],[37,-46]],[[20123,39804],[33,6]],[[20156,39810],[6,46]],[[20162,39856],[47,-13]],[[20209,39843],[84,22]],[[20293,39865],[63,2]],[[20356,39867],[48,-30]],[[20404,39837],[56,19]],[[20460,39856],[116,-82]],[[20576,39774],[50,6]],[[20626,39780],[98,-42]],[[20724,39738],[26,-27]],[[20735,39670],[15,41]],[[20735,39670],[89,-69]],[[20814,39544],[10,57]],[[20814,39544],[63,-110]],[[20872,39390],[5,44]],[[20872,39390],[50,-63]],[[20922,39327],[76,-47]],[[20998,39280],[19,4]],[[21017,39284],[99,110]],[[21116,39394],[59,-12]],[[21175,39382],[19,17]],[[21194,39399],[92,21]],[[21286,39420],[45,-17]],[[21331,39403],[52,32]],[[21383,39435],[69,-3]],[[21452,39432],[18,36]],[[21470,39468],[21,83]],[[21491,39551],[50,32]],[[21541,39583],[51,-22]],[[21592,39561],[44,48]],[[21636,39609],[25,-4]],[[21661,39605],[15,-70]],[[21676,39535],[61,32]],[[21737,39567],[35,-11]],[[21772,39556],[42,40]],[[21814,39596],[29,8]],[[21843,39604],[96,-94]],[[21939,39510],[37,-70]],[[21976,39440],[104,37]],[[22080,39477],[73,0]],[[22153,39477],[52,-58]],[[22205,39419],[67,-33]],[[22272,39386],[94,-62]],[[22366,39324],[4,-56]],[[22370,39268],[61,-131]],[[22431,39137],[48,-10]],[[22479,39127],[81,5]],[[22560,39132],[38,-32]],[[22598,39100],[38,9]],[[22636,39109],[28,35]],[[22664,39144],[61,-17]],[[22725,39127],[28,49]],[[22753,39176],[96,-49]],[[22849,39127],[88,10]],[[22937,39137],[28,-41]],[[22965,39096],[43,-24]],[[23008,39072],[50,-56]],[[23058,39016],[7,-47]],[[23065,38969],[57,-10]],[[23122,38959],[70,26]],[[23192,38985],[89,67]],[[23281,39052],[58,8]],[[23339,39060],[82,-14]],[[23421,39046],[74,47]],[[23495,39093],[32,3]],[[23527,39096],[35,51]],[[23562,39147],[32,11]],[[23594,39158],[39,44]],[[23633,39202],[52,25]],[[23685,39227],[57,-74]],[[23742,39153],[58,-28]],[[23800,39125],[32,8]],[[23832,39133],[108,70]],[[23940,39203],[76,30]],[[24008,39300],[8,-67]],[[24008,39300],[69,132]],[[24077,39432],[1,40]],[[24078,39472],[102,66]],[[24180,39538],[43,-4]],[[24223,39534],[69,74]],[[24292,39608],[40,25]],[[24332,39633],[64,-57]],[[24396,39576],[100,-23]],[[24496,39553],[45,12]],[[24541,39565],[94,-65]],[[24635,39500],[39,-4]],[[24674,39496],[44,-29]],[[24718,39467],[67,13]],[[24785,39480],[79,72]],[[24864,39552],[58,3]],[[24922,39555],[73,-18]],[[24995,39537],[78,79]],[[25073,39616],[73,-11]],[[25146,39605],[46,-23]],[[25192,39582],[5,-38]],[[25197,39544],[50,-37]],[[25247,39507],[52,-103]],[[25299,39404],[53,59]],[[25352,39463],[74,0]],[[25426,39463],[29,-35]],[[25455,39428],[23,-75]],[[25463,39305],[15,48]],[[25463,39305],[39,-43]],[[25494,39215],[8,47]],[[25494,39215],[96,-50]],[[25590,39165],[6,-77]],[[25596,39088],[49,-16]],[[25645,39072],[75,-114]],[[25682,38861],[38,97]],[[25682,38861],[5,-41]],[[25673,38777],[14,43]],[[25673,38777],[30,-102]],[[25703,38675],[8,-20]],[[25711,38655],[55,-26]],[[25766,38629],[20,-47]],[[25786,38582],[103,-24]],[[25889,38558],[17,-112]],[[25906,38446],[82,-8]],[[25988,38438],[85,42]],[[26073,38480],[28,-25]],[[26101,38455],[9,-39]],[[26110,38416],[71,-65]],[[26181,38351],[32,67]],[[26213,38418],[40,21]],[[26253,38439],[75,-18]],[[26328,38421],[4,-56]],[[26332,38365],[31,-71]],[[26363,38294],[78,11]],[[26441,38305],[176,-38]],[[26591,38196],[26,71]],[[26581,38137],[10,59]],[[26581,38137],[70,-78]],[[26651,38059],[18,-37]],[[26669,38022],[6,-66]],[[26668,37894],[7,62]],[[26668,37894],[87,-44]],[[26755,37850],[20,-37]],[[26775,37813],[3,-44]],[[26778,37769],[133,-120]],[[26911,37649],[19,-125]],[[26930,37524],[30,-46]],[[26940,37391],[20,87]],[[26940,37391],[106,4]],[[27046,37395],[267,40]]],"transform":{"scale":[0.00017149246560347912,0.00010979391682322836],"translate":[20.263081077403246,43.61901922041906]},"objects":{"ro_admin_region_simplified_line":{"type":"GeometryCollection","geometries":[{"type":"MultiLineString","arcs":[[0],[1],[2],[3],[4],[5],[6],[7],[8],[9],[10],[11],[12],[13],[14],[15],[16],[17],[18],[19],[20],[21],[22],[23],[24],[25],[26],[27],[28],[29],[30],[31],[32],[33],[34],[35],[36],[37],[38],[39],[40],[41],[42],[43],[44],[45],[46],[47],[48],[49],[50],[51],[52],[53],[54],[55],[56],[57],[58],[59],[60],[61],[62],[63],[64],[65],[66],[67],[68],[69],[70],[71],[72],[73],[74],[75],[76],[77],[78],[79],[80],[81],[82],[83],[84],[85],[86],[87],[88],[89],[90],[91],[92],[93],[94],[95],[96],[97],[98],[99],[100],[101],[102],[103],[104],[105],[106],[107],[108],[109],[110],[111],[112],[113],[114],[115],[116],[117],[118],[119],[120],[121],[122],[123],[124],[125],[126],[127],[128],[129],[130],[131],[132],[133],[134],[135],[136],[137],[138],[139],[140],[141],[142],[143],[144],[145],[146],[147],[148],[149],[150],[151],[152],[153],[154],[155],[156],[157],[158],[159],[160],[161],[162],[163],[164],[165],[166],[167],[168],[169],[170],[171],[172],[173],[174],[175],[176],[177],[178],[179],[180],[181],[182],[183],[184],[185],[186],[187],[188],[189],[190],[191],[192],[193],[194],[195],[196],[197],[198],[199],[200],[201],[202],[203],[204],[205],[206],[207],[208],[209],[210],[211],[212],[213],[214],[215],[216],[217],[218],[219],[220],[221],[222],[223],[224],[225],[226],[227],[228],[229],[230],[231],[232],[233],[234],[235],[236],[237],[238],[239],[240],[241],[242],[243],[244],[245],[246],[247],[248],[249],[250],[251],[252],[253],[254],[255],[256],[257],[258],[259],[260],[261]],"properties":{"id":1,"leftRegion":"Nord-Est","leftId":813,"rightRegion":"Sud-Est","rightId":822,"version":"2025/03/26"}},{"type":"MultiLineString","arcs":[[262],[263],[264],[265],[266],[267],[268],[269],[270],[271],[272],[273],[274],[275],[276],[277],[278],[279],[280],[281],[282],[283],[284],[285],[286],[287],[288],[289],[290],[291],[292],[293],[294],[295],[296],[297],[298],[299],[300],[301],[302],[303],[304],[305],[306],[307],[308],[309],[310],[311],[312],[313],[314],[315],[316],[317],[318],[319],[320],[321],[322],[323],[324],[325],[326],[327],[328],[329],[330],[331],[332],[333],[334],[335],[336],[337],[338],[339],[340],[341],[342],[343],[344],[345],[346],[347],[348],[349],[350],[351],[352],[353],[354],[355],[356],[357],[358],[359],[360],[361],[362],[363],[364],[365],[366],[367],[368],[369],[370],[371],[372],[373],[374],[375],[376],[377],[378],[379],[380],[381],[382],[383],[384],[385],[386],[387],[388],[389],[390],[391],[392],[393],[394],[395],[396],[397],[398],[399],[400],[401],[402],[403],[404],[405],[406],[407],[408],[409],[410],[411],[412],[413],[414],[415],[416],[417],[418],[419],[420],[421],[422],[423],[424],[425],[426],[427],[428],[429],[430],[431],[432],[433],[434],[435],[436],[437],[438],[439],[440],[441],[442],[443],[444],[445],[446],[447],[448],[449],[450],[451],[452],[453],[454],[455],[456],[457],[458],[459],[460],[461],[462],[463],[464],[465],[466],[467],[468],[469],[470],[471],[472],[473],[474],[475],[476],[477],[478],[479],[480],[481],[482],[483],[484],[485],[486],[487],[488],[489],[490],[491],[492],[493],[494],[495],[496],[497],[498],[499],[500],[501],[502],[503],[504],[505],[506],[507],[508],[509],[510],[511],[512],[513],[514],[515],[516],[517],[518],[519],[520],[521],[522],[523],[524],[525],[526],[527],[528],[529],[530],[531],[532],[533],[534],[535],[536],[537],[538],[539],[540],[541],[542],[543],[544],[545],[546],[547],[548],[549],[550],[551],[552],[553],[554],[555],[556],[557],[558],[559],[560],[561],[562],[563],[564],[565],[566],[567],[568],[569],[570],[571],[572],[573],[574],[575],[576],[577],[578],[579],[580],[581],[582],[583],[584],[585],[586],[587],[588],[589],[590],[591],[592],[593],[594],[595],[596],[597]],"properties":{"id":2,"leftRegion":"Centru","leftId":877,"rightRegion":"Nord-Est","rightId":813,"version":"2025/03/26"}},{"type":"MultiLineString","arcs":[[598],[599],[600],[601],[602],[603],[604],[605],[606],[607],[608],[609],[610],[611],[612],[613],[614],[615],[616],[617],[618],[619],[620],[621],[622],[623],[624],[625],[626],[627],[628],[629],[630],[631],[632],[633],[634],[635],[636],[637],[638],[639],[640],[641],[642],[643],[644],[645],[646],[647],[648],[649],[650],[651],[652],[653],[654],[655],[656],[657],[658],[659],[660],[661],[662],[663],[664],[665],[666],[667],[668],[669],[670],[671],[672],[673],[674],[675],[676],[677],[678],[679],[680],[681],[682],[683],[684],[685],[686],[687],[688],[689],[690],[691],[692],[693],[694],[695],[696],[697],[698],[699],[700],[701],[702],[703],[704],[705],[706],[707],[708],[709],[710],[711],[712],[713],[714],[715],[716],[717],[718],[719],[720]],"properties":{"id":3,"leftRegion":"Nord-Est","leftId":813,"rightRegion":"Nord-Vest","rightId":868,"version":"2025/03/26"}},{"type":"MultiLineString","arcs":[[721],[722],[723],[724],[725],[726],[727],[728],[729],[730],[731],[732],[733],[734],[735],[736],[737],[738],[739],[740],[741],[742],[743],[744],[745],[746],[747],[748],[749],[750],[751],[752],[753],[754],[755],[756],[757],[758],[759],[760],[761],[762],[763],[764],[765],[766],[767],[768],[769],[770],[771],[772],[773],[774],[775],[776],[777],[778],[779],[780],[781],[782],[783],[784],[785],[786],[787],[788],[789],[790],[791],[792],[793],[794],[795],[796],[797],[798],[799],[800],[801],[802],[803],[804],[805],[806],[807],[808],[809],[810],[811],[812],[813],[814],[815],[816],[817],[818],[819],[820],[821],[822],[823],[824],[825],[826],[827],[828],[829],[830],[831],[832],[833],[834],[835],[836],[837],[838],[839],[840],[841],[842],[843],[844],[845],[846],[847],[848],[849],[850],[851],[852],[853],[854],[855],[856],[857],[858],[859],[860],[861],[862],[863],[864],[865],[866],[867],[868],[869],[870],[871],[872],[873],[874],[875],[876],[877],[878],[879],[880],[881],[882],[883],[884],[885],[886],[887],[888],[889],[890],[891],[892],[893],[894],[895],[896],[897],[898],[899],[900],[901],[902],[903],[904],[905],[906],[907],[908],[909],[910],[911],[912],[913],[914],[915],[916],[917],[918],[919],[920],[921],[922],[923],[924],[925],[926],[927],[928],[929],[930],[931],[932],[933],[934],[935],[936],[937],[938],[939],[940],[941],[942],[943],[944],[945],[946],[947],[948],[949],[950],[951],[952],[953],[954],[955],[956],[957],[958],[959],[960],[961],[962],[963],[964],[965],[966],[967],[968],[969],[970],[971],[972],[973],[974],[975],[976],[977],[978],[979],[980],[981],[982],[983],[984],[985],[986],[987],[988],[989],[990],[991],[992],[993],[994],[995],[996],[997],[998],[999],[1000],[1001],[1002],[1003],[1004],[1005],[1006],[1007],[1008],[1009],[1010],[1011],[1012],[1013],[1014],[1015],[1016],[1017],[1018],[1019],[1020],[1021],[1022],[1023],[1024],[1025],[1026],[1027],[1028],[1029],[1030],[1031],[1032],[1033],[1034],[1035],[1036],[1037],[1038],[1039],[1040],[1041],[1042],[1043],[1044],[1045],[1046],[1047],[1048],[1049],[1050],[1051],[1052],[1053],[1054],[1055],[1056],[1057],[1058],[1059],[1060],[1061],[1062],[1063],[1064],[1065],[1066],[1067],[1068],[1069],[1070],[1071],[1072],[1073],[1074],[1075],[1076],[1077],[1078],[1079],[1080],[1081],[1082],[1083],[1084],[1085],[1086],[1087],[1088],[1089],[1090],[1091],[1092],[1093],[1094],[1095],[1096],[1097],[1098],[1099],[1100],[1101],[1102],[1103],[1104],[1105],[1106],[1107],[1108],[1109],[1110],[1111],[1112],[1113],[1114],[1115],[1116],[1117],[1118],[1119],[1120],[1121],[1122],[1123],[1124],[1125],[1126],[1127],[1128],[1129],[1130],[1131],[1132],[1133],[1134],[1135],[1136],[1137],[1138],[1139],[1140],[1141],[1142],[1143],[1144],[1145],[1146],[1147],[1148],[1149],[1150],[1151],[1152],[1153],[1154],[1155],[1156],[1157],[1158],[1159],[1160],[1161],[1162],[1163],[1164],[1165],[1166],[1167],[1168],[1169],[1170],[1171],[1172],[1173],[1174],[1175],[1176],[1177],[1178],[1179],[1180],[1181],[1182],[1183],[1184],[1185],[1186],[1187],[1188],[1189],[1190],[1191],[1192],[1193],[1194],[1195],[1196],[1197],[1198],[1199],[1200],[1201],[1202],[1203],[1204],[1205],[1206],[1207],[1208],[1209],[1210],[1211],[1212],[1213],[1214],[1215],[1216],[1217],[1218],[1219],[1220],[1221],[1222],[1223],[1224],[1225],[1226],[1227],[1228],[1229],[1230],[1231],[1232],[1233],[1234],[1235],[1236],[1237],[1238],[1239],[1240],[1241],[1242],[1243],[1244],[1245],[1246],[1247],[1248],[1249],[1250],[1251],[1252],[1253],[1254],[1255],[1256],[1257],[1258],[1259],[1260],[1261],[1262],[1263],[1264],[1265],[1266],[1267],[1268],[1269],[1270],[1271],[1272],[1273],[1274],[1275],[1276],[1277],[1278],[1279],[1280],[1281],[1282],[1283],[1284],[1285],[1286],[1287],[1288],[1289],[1290],[1291],[1292],[1293],[1294],[1295],[1296],[1297],[1298],[1299],[1300],[1301],[1302],[1303],[1304],[1305],[1306],[1307],[1308],[1309],[1310],[1311],[1312],[1313],[1314],[1315],[1316],[1317],[1318],[1319],[1320],[1321],[1322],[1323],[1324],[1325],[1326],[1327],[1328],[1329],[1330],[1331],[1332],[1333],[1334],[1335],[1336],[1337],[1338],[1339],[1340],[1341],[1342],[1343],[1344],[1345],[1346],[1347],[1348],[1349],[1350],[1351],[1352],[1353],[1354],[1355],[1356],[1357],[1358],[1359],[1360],[1361],[1362],[1363],[1364],[1365],[1366],[1367],[1368],[1369],[1370],[1371],[1372],[1373],[1374],[1375],[1376],[1377],[1378],[1379],[1380],[1381],[1382],[1383],[1384],[1385],[1386],[1387],[1388],[1389],[1390],[1391],[1392],[1393],[1394],[1395],[1396],[1397],[1398],[1399],[1400],[1401],[1402],[1403],[1404],[1405],[1406],[1407],[1408],[1409],[1410],[1411],[1412],[1413],[1414],[1415],[1416],[1417],[1418],[1419],[1420],[1421],[1422],[1423],[1424],[1425],[1426],[1427],[1428],[1429],[1430],[1431],[1432],[1433],[1434],[1435],[1436],[1437],[1438],[1439],[1440],[1441],[1442],[1443],[1444],[1445],[1446],[1447],[1448],[1449],[1450],[1451],[1452],[1453],[1454],[1455],[1456],[1457],[1458],[1459],[1460],[1461],[1462],[1463],[1464],[1465],[1466],[1467],[1468],[1469],[1470],[1471],[1472],[1473],[1474],[1475],[1476],[1477],[1478],[1479],[1480],[1481],[1482],[1483],[1484],[1485],[1486],[1487],[1488],[1489],[1490],[1491],[1492],[1493],[1494],[1495],[1496],[1497],[1498],[1499],[1500],[1501],[1502],[1503],[1504],[1505],[1506],[1507],[1508]],"properties":{"id":4,"leftRegion":"Nord-Est","leftId":813,"rightRegion":null,"rightId":null,"version":"2025/03/26"}},{"type":"MultiLineString","arcs":[[1509],[1510],[1511],[1512],[1513],[1514],[1515],[1516],[1517],[1518],[1519],[1520],[1521],[1522],[1523],[1524],[1525],[1526],[1527],[1528],[1529],[1530],[1531],[1532],[1533],[1534],[1535],[1536],[1537],[1538],[1539],[1540],[1541],[1542],[1543],[1544],[1545],[1546],[1547],[1548],[1549],[1550],[1551],[1552],[1553],[1554],[1555],[1556],[1557],[1558],[1559],[1560],[1561],[1562],[1563],[1564],[1565],[1566],[1567],[1568],[1569],[1570],[1571],[1572],[1573],[1574],[1575],[1576],[1577],[1578],[1579],[1580],[1581],[1582],[1583],[1584],[1585],[1586],[1587],[1588],[1589],[1590],[1591],[1592],[1593],[1594],[1595],[1596],[1597],[1598],[1599],[1600],[1601],[1602],[1603],[1604],[1605],[1606],[1607],[1608],[1609],[1610],[1611],[1612],[1613],[1614],[1615],[1616],[1617],[1618],[1619],[1620],[1621],[1622],[1623],[1624],[1625],[1626],[1627],[1628],[1629],[1630],[1631],[1632],[1633],[1634],[1635],[1636],[1637],[1638],[1639],[1640],[1641],[1642],[1643],[1644],[1645],[1646],[1647],[1648],[1649],[1650],[1651],[1652],[1653],[1654],[1655],[1656],[1657],[1658],[1659],[1660],[1661],[1662],[1663],[1664],[1665],[1666],[1667],[1668],[1669],[1670],[1671],[1672],[1673],[1674],[1675],[1676],[1677],[1678],[1679],[1680],[1681],[1682],[1683],[1684],[1685],[1686],[1687],[1688],[1689],[1690],[1691],[1692],[1693],[1694],[1695],[1696],[1697],[1698],[1699],[1700],[1701],[1702],[1703],[1704],[1705],[1706],[1707],[1708],[1709],[1710],[1711],[1712],[1713],[1714],[1715],[1716],[1717],[1718],[1719],[1720],[1721],[1722],[1723],[1724],[1725],[1726],[1727],[1728],[1729],[1730],[1731],[1732],[1733],[1734],[1735],[1736],[1737],[1738],[1739],[1740],[1741],[1742],[1743],[1744],[1745],[1746],[1747],[1748],[1749],[1750],[1751],[1752],[1753],[1754],[1755],[1756],[1757],[1758],[1759],[1760],[1761],[1762],[1763],[1764],[1765],[1766],[1767],[1768],[1769],[1770],[1771],[1772],[1773],[1774],[1775],[1776],[1777],[1778],[1779],[1780],[1781],[1782],[1783],[1784],[1785],[1786],[1787],[1788],[1789],[1790],[1791],[1792],[1793],[1794],[1795],[1796],[1797],[1798],[1799],[1800],[1801],[1802],[1803],[1804],[1805],[1806],[1807],[1808],[1809],[1810],[1811],[1812],[1813],[1814],[1815],[1816],[1817],[1818],[1819],[1820],[1821],[1822],[1823],[1824],[1825],[1826],[1827],[1828],[1829],[1830],[1831],[1832],[1833],[1834],[1835],[1836],[1837],[1838],[1839],[1840],[1841],[1842],[1843],[1844],[1845],[1846],[1847],[1848],[1849],[1850],[1851],[1852],[1853],[1854],[1855],[1856],[1857],[1858],[1859],[1860],[1861],[1862],[1863],[1864],[1865],[1866],[1867],[1868],[1869],[1870],[1871],[1872],[1873],[1874],[1875],[1876],[1877],[1878],[1879],[1880],[1881],[1882],[1883],[1884],[1885],[1886],[1887],[1888],[1889],[1890],[1891],[1892],[1893],[1894],[1895],[1896],[1897],[1898],[1899],[1900],[1901],[1902],[1903],[1904],[1905],[1906],[1907],[1908],[1909],[1910],[1911],[1912],[1913],[1914],[1915],[1916],[1917],[1918],[1919],[1920],[1921],[1922],[1923],[1924],[1925],[1926],[1927],[1928],[1929],[1930],[1931],[1932],[1933],[1934],[1935],[1936],[1937],[1938],[1939],[1940],[1941],[1942],[1943],[1944],[1945],[1946],[1947],[1948],[1949],[1950],[1951],[1952],[1953],[1954],[1955],[1956],[1957],[1958],[1959],[1960],[1961],[1962],[1963],[1964],[1965],[1966],[1967],[1968],[1969],[1970],[1971],[1972],[1973],[1974],[1975],[1976],[1977],[1978],[1979],[1980],[1981],[1982],[1983],[1984],[1985],[1986],[1987],[1988],[1989],[1990],[1991],[1992],[1993],[1994],[1995],[1996],[1997],[1998],[1999],[2000],[2001],[2002],[2003],[2004],[2005],[2006],[2007],[2008],[2009],[2010],[2011],[2012],[2013],[2014],[2015],[2016],[2017],[2018],[2019],[2020],[2021],[2022],[2023],[2024],[2025],[2026],[2027],[2028],[2029],[2030]],"properties":{"id":5,"leftRegion":"Sud-Est","leftId":822,"rightRegion":null,"rightId":null,"version":"2025/03/26"}},{"type":"MultiLineString","arcs":[[2031],[2032],[2033],[2034],[2035],[2036],[2037],[2038],[2039],[2040],[2041],[2042],[2043],[2044],[2045],[2046],[2047],[2048],[2049],[2050],[2051],[2052],[2053],[2054],[2055],[2056],[2057],[2058],[2059],[2060],[2061],[2062],[2063],[2064],[2065],[2066],[2067],[2068],[2069],[2070],[2071],[2072],[2073],[2074],[2075],[2076],[2077],[2078],[2079],[2080],[2081],[2082],[2083],[2084],[2085],[2086],[2087],[2088],[2089],[2090],[2091],[2092],[2093],[2094],[2095],[2096],[2097],[2098],[2099],[2100],[2101],[2102],[2103],[2104],[2105],[2106],[2107],[2108],[2109],[2110],[2111],[2112],[2113],[2114],[2115],[2116],[2117],[2118],[2119],[2120],[2121],[2122],[2123],[2124],[2125],[2126],[2127],[2128],[2129],[2130],[2131],[2132],[2133],[2134],[2135],[2136],[2137],[2138],[2139],[2140],[2141],[2142],[2143],[2144],[2145],[2146],[2147],[2148],[2149],[2150],[2151],[2152],[2153],[2154],[2155],[2156],[2157],[2158],[2159],[2160],[2161],[2162],[2163],[2164],[2165],[2166],[2167],[2168],[2169],[2170],[2171],[2172],[2173],[2174],[2175],[2176],[2177],[2178],[2179],[2180],[2181],[2182],[2183],[2184],[2185],[2186],[2187],[2188],[2189],[2190],[2191],[2192],[2193],[2194],[2195],[2196],[2197],[2198],[2199],[2200],[2201],[2202],[2203],[2204],[2205],[2206],[2207],[2208],[2209],[2210],[2211],[2212],[2213],[2214],[2215],[2216],[2217],[2218],[2219],[2220],[2221],[2222],[2223],[2224],[2225],[2226],[2227],[2228],[2229],[2230],[2231],[2232],[2233],[2234],[2235],[2236],[2237],[2238],[2239],[2240],[2241],[2242],[2243],[2244],[2245],[2246],[2247],[2248],[2249],[2250],[2251],[2252],[2253],[2254],[2255],[2256],[2257],[2258],[2259],[2260],[2261],[2262],[2263],[2264],[2265],[2266],[2267],[2268],[2269],[2270],[2271],[2272],[2273],[2274],[2275],[2276],[2277],[2278],[2279],[2280],[2281],[2282],[2283],[2284],[2285],[2286],[2287],[2288],[2289],[2290],[2291],[2292],[2293],[2294],[2295],[2296],[2297],[2298],[2299],[2300],[2301],[2302],[2303],[2304],[2305],[2306],[2307],[2308],[2309],[2310],[2311],[2312],[2313],[2314],[2315],[2316],[2317],[2318],[2319],[2320],[2321],[2322],[2323],[2324],[2325],[2326],[2327],[2328],[2329],[2330],[2331],[2332],[2333],[2334],[2335],[2336],[2337],[2338],[2339],[2340],[2341],[2342],[2343],[2344],[2345],[2346],[2347],[2348],[2349],[2350],[2351],[2352],[2353],[2354],[2355],[2356],[2357],[2358],[2359],[2360],[2361],[2362],[2363],[2364],[2365],[2366],[2367],[2368],[2369],[2370],[2371],[2372],[2373],[2374],[2375],[2376],[2377],[2378],[2379],[2380],[2381],[2382],[2383],[2384],[2385],[2386],[2387],[2388],[2389],[2390],[2391],[2392],[2393]],"properties":{"id":6,"leftRegion":"Sud","leftId":831,"rightRegion":"Sud-Est","rightId":822,"version":"2025/03/26"}},{"type":"MultiLineString","arcs":[[2394],[2395],[2396],[2397],[2398],[2399],[2400],[2401],[2402],[2403],[2404],[2405],[2406],[2407],[2408],[2409],[2410],[2411],[2412],[2413],[2414],[2415],[2416],[2417],[2418],[2419],[2420],[2421],[2422],[2423],[2424],[2425],[2426],[2427],[2428],[2429],[2430],[2431],[2432],[2433],[2434],[2435],[2436],[2437],[2438],[2439],[2440],[2441],[2442],[2443],[2444],[2445],[2446],[2447],[2448],[2449],[2450],[2451],[2452],[2453],[2454],[2455],[2456],[2457],[2458],[2459],[2460],[2461],[2462],[2463],[2464],[2465],[2466],[2467],[2468],[2469],[2470],[2471],[2472],[2473],[2474],[2475],[2476],[2477],[2478],[2479],[2480],[2481],[2482],[2483],[2484],[2485],[2486],[2487],[2488],[2489],[2490],[2491],[2492],[2493],[2494],[2495],[2496],[2497],[2498],[2499],[2500],[2501]],"properties":{"id":7,"leftRegion":"Centru","leftId":877,"rightRegion":"Sud-Est","rightId":822,"version":"2025/03/26"}},{"type":"MultiLineString","arcs":[[2502],[2503],[2504],[2505],[2506],[2507],[2508],[2509],[2510],[2511],[2512],[2513],[2514],[2515],[2516],[2517],[2518],[2519],[2520],[2521],[2522],[2523],[2524],[2525],[2526],[2527],[2528],[2529],[2530],[2531],[2532],[2533],[2534],[2535],[2536],[2537],[2538],[2539],[2540],[2541],[2542],[2543],[2544],[2545],[2546],[2547],[2548],[2549],[2550],[2551],[2552],[2553],[2554],[2555],[2556],[2557],[2558],[2559],[2560],[2561],[2562],[2563],[2564],[2565],[2566],[2567],[2568],[2569],[2570],[2571],[2572],[2573],[2574],[2575],[2576],[2577],[2578],[2579],[2580],[2581],[2582],[2583],[2584],[2585],[2586],[2587],[2588],[2589],[2590],[2591],[2592],[2593],[2594],[2595],[2596],[2597],[2598],[2599],[2600],[2601],[2602],[2603],[2604],[2605],[2606],[2607],[2608],[2609],[2610],[2611],[2612],[2613],[2614],[2615],[2616],[2617],[2618],[2619],[2620],[2621],[2622],[2623],[2624],[2625],[2626],[2627],[2628],[2629],[2630],[2631],[2632],[2633],[2634],[2635],[2636],[2637],[2638],[2639],[2640],[2641],[2642],[2643],[2644],[2645],[2646],[2647],[2648],[2649],[2650],[2651],[2652],[2653],[2654],[2655],[2656],[2657],[2658],[2659],[2660],[2661],[2662],[2663],[2664],[2665],[2666],[2667],[2668],[2669],[2670],[2671],[2672],[2673],[2674],[2675],[2676],[2677],[2678],[2679],[2680],[2681],[2682],[2683],[2684],[2685],[2686],[2687],[2688],[2689]],"properties":{"id":8,"leftRegion":"Sud","leftId":831,"rightRegion":null,"rightId":null,"version":"2025/03/26"}},{"type":"MultiLineString","arcs":[[2690],[2691],[2692],[2693],[2694],[2695],[2696],[2697],[2698],[2699],[2700],[2701],[2702],[2703],[2704],[2705],[2706],[2707],[2708],[2709],[2710],[2711],[2712],[2713],[2714],[2715],[2716],[2717],[2718],[2719],[2720],[2721],[2722],[2723],[2724],[2725],[2726],[2727],[2728],[2729],[2730],[2731],[2732],[2733],[2734],[2735],[2736],[2737],[2738],[2739],[2740],[2741],[2742],[2743],[2744],[2745],[2746],[2747],[2748],[2749],[2750],[2751],[2752],[2753],[2754],[2755],[2756],[2757],[2758],[2759],[2760],[2761],[2762],[2763],[2764],[2765],[2766],[2767],[2768],[2769],[2770],[2771],[2772],[2773],[2774],[2775],[2776],[2777],[2778],[2779],[2780],[2781],[2782],[2783],[2784],[2785],[2786],[2787],[2788],[2789],[2790],[2791],[2792],[2793],[2794],[2795],[2796],[2797],[2798],[2799],[2800],[2801],[2802],[2803],[2804],[2805],[2806],[2807],[2808],[2809],[2810],[2811],[2812],[2813],[2814],[2815],[2816],[2817],[2818],[2819],[2820],[2821],[2822],[2823],[2824],[2825],[2826],[2827],[2828],[2829],[2830],[2831],[2832],[2833],[2834],[2835],[2836],[2837],[2838],[2839],[2840],[2841],[2842],[2843],[2844],[2845],[2846],[2847],[2848],[2849],[2850],[2851],[2852],[2853],[2854],[2855],[2856],[2857],[2858],[2859],[2860],[2861],[2862],[2863],[2864],[2865],[2866],[2867],[2868],[2869],[2870],[2871],[2872],[2873],[2874],[2875],[2876],[2877],[2878],[2879],[2880],[2881],[2882],[2883],[2884],[2885],[2886],[2887],[2888],[2889],[2890],[2891],[2892],[2893],[2894],[2895],[2896],[2897],[2898],[2899],[2900],[2901],[2902],[2903],[2904],[2905],[2906],[2907],[2908],[2909],[2910],[2911],[2912],[2913],[2914],[2915],[2916],[2917],[2918],[2919],[2920],[2921],[2922],[2923],[2924],[2925],[2926],[2927],[2928],[2929],[2930],[2931],[2932],[2933],[2934],[2935],[2936],[2937],[2938],[2939],[2940],[2941],[2942],[2943],[2944],[2945],[2946],[2947],[2948],[2949],[2950],[2951],[2952],[2953],[2954],[2955],[2956],[2957],[2958],[2959],[2960],[2961],[2962],[2963],[2964],[2965],[2966],[2967],[2968],[2969],[2970],[2971],[2972],[2973],[2974],[2975],[2976],[2977],[2978],[2979],[2980],[2981],[2982],[2983],[2984],[2985],[2986],[2987],[2988],[2989],[2990],[2991],[2992],[2993],[2994],[2995],[2996],[2997],[2998],[2999],[3000],[3001],[3002],[3003],[3004],[3005],[3006],[3007],[3008],[3009],[3010],[3011],[3012],[3013],[3014],[3015],[3016],[3017],[3018],[3019],[3020],[3021],[3022],[3023],[3024],[3025],[3026],[3027],[3028],[3029],[3030],[3031],[3032],[3033],[3034],[3035],[3036],[3037],[3038],[3039],[3040],[3041],[3042],[3043],[3044],[3045],[3046],[3047],[3048],[3049],[3050],[3051],[3052],[3053],[3054],[3055],[3056],[3057],[3058],[3059],[3060],[3061],[3062],[3063],[3064]],"properties":{"id":9,"leftRegion":"Sud","leftId":831,"rightRegion":"Sud-Vest","rightId":840,"version":"2025/03/26"}},{"type":"MultiLineString","arcs":[[3065],[3066],[3067],[3068],[3069],[3070],[3071],[3072],[3073],[3074],[3075],[3076],[3077],[3078],[3079],[3080],[3081],[3082],[3083],[3084],[3085],[3086],[3087],[3088],[3089],[3090],[3091],[3092],[3093],[3094],[3095],[3096],[3097],[3098],[3099],[3100],[3101],[3102],[3103],[3104],[3105],[3106],[3107],[3108],[3109],[3110],[3111],[3112],[3113],[3114],[3115],[3116],[3117],[3118],[3119],[3120],[3121],[3122],[3123],[3124],[3125],[3126],[3127],[3128],[3129],[3130],[3131],[3132],[3133],[3134],[3135],[3136],[3137],[3138],[3139],[3140],[3141],[3142],[3143],[3144],[3145],[3146],[3147],[3148],[3149],[3150],[3151],[3152],[3153],[3154],[3155],[3156],[3157],[3158],[3159],[3160],[3161],[3162],[3163],[3164],[3165],[3166],[3167],[3168],[3169],[3170],[3171],[3172],[3173],[3174],[3175],[3176],[3177],[3178],[3179],[3180],[3181],[3182],[3183],[3184],[3185],[3186],[3187],[3188],[3189],[3190],[3191],[3192],[3193],[3194],[3195],[3196],[3197],[3198],[3199],[3200],[3201],[3202],[3203],[3204],[3205],[3206],[3207],[3208],[3209],[3210],[3211],[3212],[3213],[3214],[3215],[3216],[3217],[3218],[3219],[3220],[3221],[3222],[3223],[3224],[3225],[3226],[3227],[3228],[3229],[3230],[3231],[3232],[3233],[3234],[3235],[3236],[3237],[3238],[3239],[3240],[3241],[3242],[3243],[3244],[3245],[3246],[3247],[3248],[3249],[3250],[3251],[3252],[3253],[3254],[3255],[3256],[3257],[3258],[3259],[3260],[3261],[3262],[3263],[3264],[3265],[3266],[3267],[3268],[3269],[3270],[3271],[3272]],"properties":{"id":10,"leftRegion":"Centru","leftId":877,"rightRegion":"Sud","rightId":831,"version":"2025/03/26"}},{"type":"MultiLineString","arcs":[[3273],[3274],[3275],[3276],[3277],[3278],[3279],[3280],[3281],[3282],[3283],[3284],[3285],[3286],[3287],[3288],[3289],[3290],[3291],[3292],[3293],[3294],[3295],[3296],[3297],[3298],[3299],[3300],[3301],[3302],[3303],[3304],[3305],[3306],[3307],[3308],[3309],[3310],[3311],[3312],[3313],[3314],[3315],[3316],[3317],[3318],[3319],[3320],[3321],[3322],[3323],[3324],[3325],[3326],[3327],[3328],[3329],[3330],[3331],[3332],[3333],[3334],[3335],[3336],[3337],[3338],[3339],[3340],[3341],[3342],[3343],[3344],[3345],[3346],[3347],[3348],[3349],[3350],[3351],[3352],[3353],[3354],[3355],[3356],[3357],[3358],[3359],[3360],[3361],[3362],[3363],[3364],[3365],[3366],[3367],[3368],[3369],[3370],[3371],[3372],[3373],[3374],[3375],[3376],[3377],[3378],[3379],[3380],[3381],[3382],[3383],[3384],[3385],[3386],[3387],[3388],[3389],[3390],[3391],[3392],[3393],[3394],[3395],[3396],[3397],[3398],[3399],[3400],[3401],[3402],[3403],[3404],[3405],[3406],[3407],[3408],[3409],[3410],[3411],[3412],[3413],[3414],[3415],[3416],[3417],[3418],[3419],[3420],[3421],[3422],[3423],[3424],[3425],[3426],[3427],[3428],[3429],[3430],[3431],[3432],[3433],[3434],[3435],[3436],[3437],[3438],[3439],[3440],[3441],[3442],[3443],[3444],[3445],[3446],[3447],[3448],[3449],[3450],[3451],[3452],[3453],[3454],[3455],[3456],[3457],[3458],[3459],[3460],[3461],[3462],[3463],[3464],[3465],[3466],[3467],[3468],[3469],[3470],[3471],[3472],[3473],[3474],[3475],[3476],[3477],[3478],[3479],[3480],[3481],[3482],[3483],[3484],[3485],[3486],[3487],[3488],[3489],[3490],[3491],[3492],[3493],[3494],[3495],[3496],[3497],[3498],[3499],[3500],[3501],[3502],[3503],[3504],[3505],[3506],[3507],[3508],[3509],[3510],[3511],[3512],[3513],[3514],[3515],[3516],[3517],[3518],[3519],[3520],[3521],[3522],[3523],[3524],[3525],[3526],[3527],[3528],[3529],[3530],[3531],[3532],[3533],[3534],[3535],[3536],[3537],[3538],[3539],[3540],[3541],[3542],[3543],[3544],[3545],[3546],[3547],[3548],[3549],[3550],[3551],[3552],[3553],[3554],[3555],[3556],[3557],[3558],[3559],[3560],[3561],[3562],[3563],[3564],[3565]],"properties":{"id":11,"leftRegion":"București-Ilfov","leftId":886,"rightRegion":"Sud","rightId":831,"version":"2025/03/26"}},{"type":"MultiLineString","arcs":[[3566],[3567],[3568],[3569],[3570],[3571],[3572],[3573],[3574],[3575],[3576],[3577],[3578],[3579],[3580],[3581],[3582],[3583],[3584],[3585],[3586],[3587],[3588],[3589],[3590],[3591],[3592],[3593],[3594],[3595],[3596],[3597],[3598],[3599],[3600],[3601],[3602],[3603],[3604],[3605],[3606],[3607],[3608],[3609],[3610],[3611],[3612],[3613],[3614],[3615],[3616],[3617],[3618],[3619],[3620],[3621],[3622],[3623],[3624],[3625],[3626],[3627],[3628],[3629],[3630],[3631],[3632],[3633],[3634],[3635],[3636],[3637],[3638],[3639],[3640],[3641],[3642],[3643],[3644],[3645],[3646],[3647],[3648],[3649],[3650],[3651],[3652],[3653],[3654],[3655],[3656],[3657],[3658],[3659],[3660],[3661],[3662],[3663],[3664],[3665],[3666],[3667],[3668],[3669],[3670],[3671],[3672],[3673],[3674],[3675],[3676],[3677],[3678],[3679],[3680],[3681],[3682],[3683],[3684],[3685],[3686],[3687],[3688],[3689],[3690],[3691],[3692],[3693],[3694],[3695],[3696],[3697],[3698],[3699],[3700],[3701],[3702],[3703],[3704],[3705],[3706],[3707],[3708],[3709],[3710],[3711],[3712],[3713],[3714],[3715],[3716],[3717],[3718],[3719],[3720],[3721],[3722],[3723],[3724],[3725],[3726],[3727],[3728],[3729],[3730],[3731],[3732],[3733],[3734],[3735],[3736],[3737],[3738],[3739],[3740],[3741],[3742],[3743],[3744],[3745],[3746],[3747],[3748],[3749],[3750],[3751],[3752],[3753],[3754],[3755],[3756],[3757],[3758],[3759],[3760],[3761],[3762],[3763],[3764],[3765],[3766],[3767],[3768],[3769],[3770],[3771],[3772],[3773],[3774],[3775],[3776],[3777],[3778],[3779],[3780],[3781],[3782],[3783],[3784],[3785],[3786],[3787],[3788],[3789],[3790],[3791],[3792],[3793],[3794],[3795],[3796],[3797],[3798],[3799],[3800],[3801],[3802],[3803],[3804],[3805],[3806],[3807],[3808],[3809],[3810],[3811],[3812],[3813],[3814],[3815],[3816],[3817],[3818],[3819],[3820],[3821],[3822],[3823],[3824],[3825],[3826],[3827],[3828],[3829],[3830],[3831],[3832],[3833],[3834],[3835],[3836],[3837],[3838],[3839],[3840],[3841],[3842],[3843],[3844],[3845],[3846],[3847],[3848],[3849],[3850],[3851],[3852],[3853],[3854],[3855],[3856],[3857],[3858],[3859],[3860],[3861],[3862],[3863]],"properties":{"id":12,"leftRegion":"Sud-Vest","leftId":840,"rightRegion":null,"rightId":null,"version":"2025/03/26"}},{"type":"MultiLineString","arcs":[[3864],[3865],[3866],[3867],[3868],[3869],[3870],[3871],[3872],[3873],[3874],[3875],[3876],[3877],[3878],[3879],[3880],[3881],[3882],[3883],[3884],[3885],[3886],[3887],[3888],[3889],[3890],[3891],[3892],[3893],[3894],[3895],[3896],[3897],[3898],[3899],[3900],[3901],[3902],[3903],[3904],[3905],[3906],[3907],[3908],[3909],[3910],[3911],[3912],[3913],[3914],[3915],[3916],[3917],[3918],[3919],[3920],[3921],[3922],[3923],[3924],[3925],[3926],[3927],[3928],[3929],[3930],[3931],[3932],[3933],[3934],[3935],[3936],[3937],[3938],[3939],[3940],[3941],[3942],[3943],[3944],[3945],[3946],[3947],[3948],[3949],[3950],[3951],[3952],[3953],[3954],[3955],[3956],[3957],[3958],[3959],[3960],[3961],[3962],[3963],[3964],[3965],[3966],[3967],[3968],[3969],[3970],[3971],[3972],[3973],[3974],[3975],[3976],[3977],[3978],[3979],[3980],[3981],[3982],[3983],[3984],[3985],[3986],[3987],[3988],[3989],[3990],[3991],[3992],[3993],[3994],[3995],[3996],[3997],[3998],[3999],[4000],[4001],[4002],[4003],[4004],[4005],[4006],[4007],[4008],[4009],[4010],[4011],[4012],[4013],[4014],[4015],[4016],[4017],[4018],[4019],[4020],[4021],[4022],[4023],[4024],[4025],[4026],[4027],[4028],[4029],[4030],[4031],[4032],[4033],[4034],[4035],[4036],[4037],[4038],[4039],[4040],[4041],[4042],[4043],[4044],[4045],[4046],[4047],[4048],[4049],[4050],[4051],[4052],[4053],[4054],[4055],[4056],[4057],[4058],[4059],[4060],[4061],[4062],[4063],[4064],[4065],[4066],[4067],[4068],[4069],[4070],[4071],[4072],[4073],[4074],[4075],[4076],[4077],[4078],[4079],[4080],[4081],[4082],[4083],[4084],[4085],[4086],[4087],[4088],[4089],[4090],[4091],[4092],[4093],[4094],[4095],[4096],[4097],[4098],[4099],[4100],[4101],[4102],[4103],[4104],[4105],[4106],[4107],[4108],[4109],[4110],[4111],[4112],[4113],[4114],[4115],[4116],[4117],[4118],[4119],[4120],[4121],[4122],[4123],[4124],[4125],[4126],[4127],[4128],[4129],[4130],[4131],[4132],[4133],[4134],[4135],[4136],[4137],[4138],[4139],[4140],[4141],[4142],[4143],[4144],[4145],[4146],[4147],[4148],[4149],[4150],[4151],[4152],[4153],[4154],[4155],[4156],[4157],[4158],[4159],[4160],[4161],[4162],[4163],[4164],[4165],[4166],[4167],[4168],[4169],[4170],[4171],[4172],[4173],[4174]],"properties":{"id":13,"leftRegion":"Sud-Vest","leftId":840,"rightRegion":"Vest","rightId":859,"version":"2025/03/26"}},{"type":"MultiLineString","arcs":[[4175],[4176],[4177],[4178],[4179],[4180],[4181],[4182],[4183],[4184],[4185],[4186],[4187],[4188],[4189],[4190],[4191],[4192],[4193],[4194],[4195],[4196],[4197],[4198],[4199],[4200],[4201],[4202],[4203],[4204],[4205],[4206],[4207],[4208],[4209],[4210],[4211],[4212],[4213],[4214],[4215],[4216],[4217],[4218],[4219],[4220],[4221],[4222],[4223],[4224],[4225],[4226],[4227],[4228],[4229],[4230],[4231],[4232],[4233],[4234],[4235],[4236],[4237],[4238],[4239],[4240],[4241],[4242],[4243],[4244],[4245],[4246],[4247],[4248],[4249],[4250],[4251],[4252],[4253],[4254],[4255],[4256],[4257],[4258],[4259],[4260],[4261],[4262],[4263],[4264],[4265],[4266],[4267],[4268],[4269],[4270],[4271],[4272],[4273],[4274]],"properties":{"id":14,"leftRegion":"Centru","leftId":877,"rightRegion":"Sud-Vest","rightId":840,"version":"2025/03/26"}},{"type":"MultiLineString","arcs":[[4275],[4276],[4277],[4278],[4279],[4280],[4281],[4282],[4283],[4284],[4285],[4286],[4287],[4288],[4289],[4290],[4291],[4292],[4293],[4294],[4295],[4296],[4297],[4298],[4299],[4300],[4301],[4302],[4303],[4304],[4305],[4306],[4307],[4308],[4309],[4310],[4311],[4312],[4313],[4314],[4315],[4316],[4317],[4318],[4319],[4320],[4321],[4322],[4323],[4324],[4325],[4326],[4327],[4328],[4329],[4330],[4331],[4332],[4333],[4334],[4335],[4336],[4337],[4338],[4339],[4340],[4341],[4342],[4343],[4344],[4345],[4346],[4347],[4348],[4349],[4350],[4351],[4352],[4353],[4354],[4355],[4356],[4357],[4358],[4359],[4360],[4361],[4362],[4363],[4364],[4365],[4366],[4367],[4368],[4369],[4370],[4371],[4372],[4373],[4374],[4375],[4376],[4377],[4378],[4379],[4380],[4381],[4382],[4383],[4384],[4385],[4386],[4387],[4388],[4389],[4390],[4391],[4392],[4393],[4394],[4395],[4396],[4397],[4398],[4399],[4400],[4401],[4402],[4403],[4404],[4405],[4406],[4407],[4408],[4409],[4410],[4411],[4412],[4413],[4414],[4415],[4416],[4417],[4418],[4419],[4420],[4421],[4422],[4423],[4424],[4425],[4426],[4427],[4428],[4429],[4430],[4431],[4432],[4433],[4434],[4435],[4436],[4437],[4438],[4439],[4440],[4441],[4442],[4443],[4444],[4445],[4446],[4447],[4448],[4449],[4450],[4451],[4452],[4453],[4454],[4455],[4456],[4457],[4458],[4459],[4460],[4461],[4462],[4463],[4464],[4465],[4466],[4467],[4468],[4469],[4470],[4471],[4472],[4473],[4474],[4475],[4476],[4477],[4478],[4479],[4480],[4481],[4482],[4483],[4484],[4485],[4486],[4487],[4488],[4489],[4490],[4491],[4492],[4493],[4494],[4495],[4496],[4497],[4498],[4499],[4500],[4501],[4502],[4503],[4504],[4505],[4506],[4507],[4508],[4509],[4510],[4511],[4512],[4513],[4514],[4515],[4516],[4517],[4518],[4519],[4520],[4521],[4522],[4523],[4524],[4525],[4526],[4527],[4528],[4529],[4530],[4531],[4532],[4533],[4534],[4535],[4536],[4537],[4538],[4539],[4540],[4541],[4542],[4543],[4544],[4545],[4546],[4547],[4548],[4549],[4550],[4551],[4552],[4553],[4554],[4555],[4556],[4557],[4558],[4559],[4560],[4561],[4562],[4563],[4564],[4565],[4566],[4567],[4568],[4569],[4570],[4571],[4572],[4573],[4574],[4575],[4576],[4577],[4578],[4579],[4580],[4581],[4582],[4583],[4584],[4585],[4586],[4587],[4588],[4589],[4590],[4591],[4592],[4593],[4594],[4595],[4596],[4597],[4598],[4599],[4600],[4601],[4602],[4603],[4604],[4605],[4606],[4607],[4608],[4609],[4610],[4611],[4612],[4613],[4614],[4615],[4616],[4617],[4618],[4619],[4620],[4621],[4622],[4623],[4624],[4625],[4626],[4627],[4628],[4629],[4630],[4631],[4632],[4633],[4634],[4635],[4636],[4637],[4638],[4639],[4640],[4641],[4642],[4643],[4644],[4645],[4646],[4647],[4648],[4649],[4650],[4651],[4652],[4653],[4654],[4655],[4656],[4657],[4658],[4659],[4660],[4661],[4662],[4663],[4664],[4665],[4666],[4667],[4668],[4669],[4670],[4671],[4672],[4673],[4674],[4675],[4676],[4677],[4678],[4679],[4680],[4681],[4682],[4683],[4684],[4685],[4686],[4687],[4688],[4689],[4690],[4691],[4692],[4693],[4694]],"properties":{"id":15,"leftRegion":"Vest","leftId":859,"rightRegion":null,"rightId":null,"version":"2025/03/26"}},{"type":"MultiLineString","arcs":[[4695],[4696],[4697],[4698],[4699],[4700],[4701],[4702],[4703],[4704],[4705],[4706],[4707],[4708],[4709],[4710],[4711],[4712],[4713],[4714],[4715],[4716],[4717],[4718],[4719],[4720],[4721],[4722],[4723],[4724],[4725],[4726],[4727],[4728],[4729],[4730],[4731],[4732],[4733],[4734],[4735],[4736],[4737],[4738],[4739],[4740],[4741],[4742],[4743],[4744],[4745],[4746],[4747],[4748],[4749],[4750],[4751],[4752],[4753],[4754],[4755],[4756],[4757],[4758],[4759],[4760],[4761],[4762],[4763],[4764],[4765],[4766],[4767],[4768],[4769],[4770],[4771],[4772],[4773],[4774],[4775],[4776],[4777],[4778],[4779],[4780],[4781],[4782],[4783],[4784],[4785],[4786],[4787],[4788],[4789],[4790],[4791],[4792],[4793],[4794],[4795],[4796],[4797],[4798],[4799],[4800],[4801],[4802],[4803],[4804],[4805],[4806],[4807],[4808],[4809],[4810],[4811],[4812],[4813],[4814],[4815],[4816],[4817],[4818],[4819],[4820],[4821],[4822],[4823],[4824],[4825],[4826],[4827],[4828],[4829],[4830],[4831],[4832],[4833],[4834],[4835],[4836],[4837],[4838],[4839],[4840],[4841],[4842],[4843],[4844],[4845],[4846],[4847],[4848],[4849],[4850],[4851],[4852],[4853],[4854],[4855],[4856],[4857],[4858],[4859],[4860],[4861],[4862],[4863],[4864],[4865],[4866],[4867],[4868],[4869],[4870]],"properties":{"id":16,"leftRegion":"Nord-Vest","leftId":868,"rightRegion":"Vest","rightId":859,"version":"2025/03/26"}},{"type":"MultiLineString","arcs":[[4871],[4872],[4873],[4874],[4875],[4876],[4877],[4878],[4879],[4880],[4881],[4882],[4883],[4884],[4885],[4886],[4887],[4888],[4889],[4890],[4891],[4892],[4893],[4894],[4895],[4896],[4897],[4898],[4899],[4900],[4901],[4902],[4903],[4904],[4905],[4906],[4907],[4908],[4909],[4910],[4911],[4912],[4913],[4914],[4915],[4916],[4917],[4918],[4919],[4920],[4921],[4922],[4923],[4924],[4925],[4926],[4927],[4928],[4929],[4930],[4931],[4932],[4933],[4934],[4935],[4936],[4937],[4938],[4939],[4940],[4941],[4942],[4943],[4944],[4945],[4946],[4947],[4948],[4949],[4950],[4951],[4952],[4953],[4954],[4955],[4956],[4957],[4958],[4959],[4960],[4961],[4962],[4963],[4964],[4965],[4966],[4967],[4968],[4969],[4970],[4971],[4972],[4973],[4974],[4975],[4976],[4977],[4978],[4979],[4980],[4981],[4982],[4983],[4984],[4985],[4986],[4987],[4988],[4989],[4990],[4991],[4992],[4993],[4994],[4995],[4996],[4997],[4998],[4999],[5000],[5001],[5002],[5003],[5004],[5005],[5006],[5007],[5008],[5009],[5010],[5011],[5012],[5013],[5014],[5015],[5016],[5017],[5018],[5019],[5020],[5021],[5022],[5023],[5024],[5025],[5026],[5027],[5028],[5029],[5030],[5031],[5032],[5033],[5034],[5035],[5036],[5037],[5038],[5039],[5040],[5041],[5042],[5043],[5044],[5045],[5046],[5047],[5048],[5049],[5050],[5051],[5052],[5053],[5054],[5055],[5056],[5057],[5058],[5059],[5060],[5061],[5062],[5063],[5064],[5065],[5066],[5067],[5068],[5069],[5070],[5071],[5072],[5073],[5074],[5075],[5076],[5077],[5078],[5079],[5080],[5081],[5082],[5083],[5084],[5085],[5086],[5087],[5088],[5089],[5090],[5091]],"properties":{"id":17,"leftRegion":"Centru","leftId":877,"rightRegion":"Vest","rightId":859,"version":"2025/03/26"}},{"type":"MultiLineString","arcs":[[5092],[5093],[5094],[5095],[5096],[5097],[5098],[5099],[5100],[5101],[5102],[5103],[5104],[5105],[5106],[5107],[5108],[5109],[5110],[5111],[5112],[5113],[5114],[5115],[5116],[5117],[5118],[5119],[5120],[5121],[5122],[5123],[5124],[5125],[5126],[5127],[5128],[5129],[5130],[5131],[5132],[5133],[5134],[5135],[5136],[5137],[5138],[5139],[5140],[5141],[5142],[5143],[5144],[5145],[5146],[5147],[5148],[5149],[5150],[5151],[5152],[5153],[5154],[5155],[5156],[5157],[5158],[5159],[5160],[5161],[5162],[5163],[5164],[5165],[5166],[5167],[5168],[5169],[5170],[5171],[5172],[5173],[5174],[5175],[5176],[5177],[5178],[5179],[5180],[5181],[5182],[5183],[5184],[5185],[5186],[5187],[5188],[5189],[5190],[5191],[5192],[5193],[5194],[5195],[5196],[5197],[5198],[5199],[5200],[5201],[5202],[5203],[5204],[5205],[5206],[5207],[5208],[5209],[5210],[5211],[5212],[5213],[5214],[5215],[5216],[5217],[5218],[5219],[5220],[5221],[5222],[5223],[5224],[5225],[5226],[5227],[5228],[5229],[5230],[5231],[5232],[5233],[5234],[5235],[5236],[5237],[5238],[5239],[5240],[5241],[5242],[5243],[5244],[5245],[5246],[5247],[5248],[5249],[5250],[5251],[5252],[5253],[5254],[5255],[5256],[5257],[5258],[5259],[5260],[5261],[5262],[5263],[5264],[5265],[5266],[5267],[5268],[5269],[5270],[5271],[5272],[5273],[5274],[5275],[5276],[5277],[5278],[5279],[5280],[5281],[5282],[5283],[5284],[5285],[5286],[5287],[5288],[5289],[5290],[5291],[5292],[5293],[5294],[5295],[5296],[5297],[5298],[5299],[5300],[5301],[5302],[5303],[5304],[5305],[5306],[5307],[5308],[5309],[5310],[5311],[5312],[5313],[5314],[5315],[5316],[5317],[5318],[5319],[5320],[5321],[5322],[5323],[5324],[5325],[5326],[5327],[5328],[5329],[5330],[5331],[5332],[5333],[5334],[5335],[5336],[5337],[5338],[5339],[5340],[5341],[5342],[5343],[5344],[5345],[5346],[5347],[5348],[5349],[5350],[5351],[5352],[5353],[5354],[5355],[5356],[5357],[5358],[5359],[5360],[5361],[5362],[5363],[5364],[5365],[5366],[5367],[5368],[5369],[5370],[5371],[5372],[5373],[5374],[5375],[5376],[5377],[5378],[5379],[5380],[5381],[5382],[5383],[5384],[5385],[5386],[5387],[5388],[5389],[5390],[5391],[5392],[5393],[5394],[5395],[5396],[5397],[5398],[5399],[5400],[5401],[5402],[5403],[5404],[5405],[5406],[5407],[5408],[5409],[5410],[5411],[5412],[5413],[5414],[5415],[5416],[5417],[5418],[5419],[5420],[5421],[5422],[5423],[5424],[5425],[5426],[5427],[5428],[5429],[5430],[5431],[5432],[5433],[5434],[5435],[5436],[5437],[5438],[5439],[5440],[5441],[5442],[5443],[5444],[5445],[5446],[5447],[5448],[5449],[5450],[5451],[5452],[5453],[5454],[5455],[5456],[5457],[5458],[5459],[5460],[5461],[5462],[5463],[5464],[5465],[5466],[5467],[5468],[5469],[5470],[5471],[5472],[5473],[5474],[5475],[5476],[5477],[5478],[5479],[5480],[5481],[5482],[5483],[5484],[5485],[5486],[5487],[5488],[5489],[5490],[5491],[5492],[5493],[5494],[5495],[5496],[5497],[5498],[5499],[5500],[5501],[5502],[5503],[5504],[5505],[5506],[5507],[5508],[5509],[5510],[5511],[5512],[5513],[5514],[5515],[5516],[5517],[5518],[5519],[5520],[5521],[5522],[5523],[5524],[5525],[5526],[5527],[5528],[5529],[5530],[5531],[5532],[5533],[5534],[5535],[5536]],"properties":{"id":18,"leftRegion":"Centru","leftId":877,"rightRegion":"Nord-Vest","rightId":868,"version":"2025/03/26"}},{"type":"MultiLineString","arcs":[[5537],[5538],[5539],[5540],[5541],[5542],[5543],[5544],[5545],[5546],[5547],[5548],[5549],[5550],[5551],[5552],[5553],[5554],[5555],[5556],[5557],[5558],[5559],[5560],[5561],[5562],[5563],[5564],[5565],[5566],[5567],[5568],[5569],[5570],[5571],[5572],[5573],[5574],[5575],[5576],[5577],[5578],[5579],[5580],[5581],[5582],[5583],[5584],[5585],[5586],[5587],[5588],[5589],[5590],[5591],[5592],[5593],[5594],[5595],[5596],[5597],[5598],[5599],[5600],[5601],[5602],[5603],[5604],[5605],[5606],[5607],[5608],[5609],[5610],[5611],[5612],[5613],[5614],[5615],[5616],[5617],[5618],[5619],[5620],[5621],[5622],[5623],[5624],[5625],[5626],[5627],[5628],[5629],[5630],[5631],[5632],[5633],[5634],[5635],[5636],[5637],[5638],[5639],[5640],[5641],[5642],[5643],[5644],[5645],[5646],[5647],[5648],[5649],[5650],[5651],[5652],[5653],[5654],[5655],[5656],[5657],[5658],[5659],[5660],[5661],[5662],[5663],[5664],[5665],[5666],[5667],[5668],[5669],[5670],[5671],[5672],[5673],[5674],[5675],[5676],[5677],[5678],[5679],[5680],[5681],[5682],[5683],[5684],[5685],[5686],[5687],[5688],[5689],[5690],[5691],[5692],[5693],[5694],[5695],[5696],[5697],[5698],[5699],[5700],[5701],[5702],[5703],[5704],[5705],[5706],[5707],[5708],[5709],[5710],[5711],[5712],[5713],[5714],[5715],[5716],[5717],[5718],[5719],[5720],[5721],[5722],[5723],[5724],[5725],[5726],[5727],[5728],[5729],[5730],[5731],[5732],[5733],[5734],[5735],[5736],[5737],[5738],[5739],[5740],[5741],[5742],[5743],[5744],[5745],[5746],[5747],[5748],[5749],[5750],[5751],[5752],[5753],[5754],[5755],[5756],[5757],[5758],[5759],[5760],[5761],[5762],[5763],[5764],[5765],[5766],[5767],[5768],[5769],[5770],[5771],[5772],[5773],[5774],[5775],[5776],[5777],[5778],[5779],[5780],[5781],[5782],[5783],[5784],[5785],[5786],[5787],[5788],[5789],[5790],[5791],[5792],[5793],[5794],[5795],[5796],[5797],[5798],[5799],[5800],[5801],[5802],[5803],[5804],[5805],[5806],[5807],[5808],[5809],[5810],[5811],[5812],[5813],[5814],[5815],[5816],[5817],[5818],[5819],[5820],[5821],[5822],[5823],[5824],[5825],[5826],[5827],[5828],[5829],[5830],[5831],[5832],[5833],[5834],[5835],[5836],[5837],[5838],[5839],[5840],[5841],[5842],[5843],[5844],[5845],[5846],[5847],[5848],[5849],[5850],[5851],[5852],[5853],[5854],[5855],[5856],[5857],[5858],[5859],[5860],[5861],[5862],[5863],[5864],[5865],[5866],[5867],[5868],[5869],[5870],[5871],[5872],[5873],[5874],[5875],[5876],[5877],[5878],[5879],[5880],[5881],[5882],[5883],[5884],[5885],[5886],[5887],[5888],[5889],[5890],[5891],[5892],[5893],[5894],[5895],[5896],[5897],[5898],[5899],[5900],[5901],[5902],[5903],[5904],[5905],[5906],[5907],[5908],[5909],[5910],[5911],[5912],[5913],[5914],[5915],[5916],[5917],[5918],[5919],[5920],[5921],[5922],[5923],[5924],[5925],[5926],[5927],[5928],[5929],[5930],[5931],[5932],[5933],[5934],[5935],[5936],[5937],[5938],[5939],[5940],[5941],[5942],[5943],[5944],[5945],[5946],[5947],[5948],[5949],[5950],[5951],[5952],[5953],[5954],[5955],[5956],[5957],[5958],[5959],[5960],[5961],[5962],[5963],[5964],[5965],[5966],[5967],[5968],[5969],[5970],[5971],[5972],[5973],[5974],[5975],[5976],[5977],[5978],[5979],[5980],[5981],[5982],[5983],[5984],[5985],[5986],[5987],[5988],[5989],[5990],[5991],[5992],[5993],[5994],[5995],[5996],[5997],[5998],[5999],[6000],[6001],[6002],[6003],[6004],[6005],[6006],[6007],[6008],[6009],[6010],[6011],[6012],[6013],[6014],[6015],[6016],[6017],[6018],[6019],[6020],[6021],[6022],[6023],[6024],[6025],[6026],[6027],[6028],[6029],[6030],[6031],[6032],[6033],[6034],[6035],[6036],[6037],[6038],[6039],[6040],[6041],[6042],[6043],[6044],[6045],[6046],[6047],[6048],[6049],[6050],[6051],[6052],[6053],[6054],[6055],[6056],[6057],[6058],[6059],[6060],[6061],[6062],[6063],[6064],[6065],[6066],[6067],[6068],[6069],[6070],[6071],[6072],[6073],[6074],[6075],[6076],[6077],[6078],[6079],[6080],[6081],[6082],[6083]],"properties":{"id":19,"leftRegion":"Nord-Vest","leftId":868,"rightRegion":null,"rightId":null,"version":"2025/03/26"}}]}}}