{"type":"Topology","arcs":[[[19112,21105],[56,22]],[[19076,21157],[36,-52]],[[19026,21141],[50,16]],[[19012,21167],[14,-26]],[[18923,21129],[89,38]],[[18875,21145],[48,-16]],[[18813,21211],[62,-66]],[[18744,21228],[69,-17]],[[18716,21270],[28,-42]],[[18679,21361],[37,-91]],[[18655,21474],[24,-113]],[[18628,21529],[27,-55]],[[18628,21529],[8,69]],[[18606,21661],[30,-63]],[[18536,21742],[70,-81]],[[18528,21784],[8,-42]],[[18528,21784],[17,56]],[[18545,21840],[17,121]],[[18539,22029],[23,-68]],[[18539,22029],[8,36]],[[18527,22161],[20,-96]],[[18527,22161],[43,73]],[[18526,22249],[44,-15]],[[18498,22209],[28,40]],[[18457,22183],[41,26]],[[18409,22204],[48,-21]],[[18340,22211],[69,-7]],[[18310,22182],[30,29]],[[18212,22129],[98,53]],[[18172,22168],[40,-39]],[[18121,22182],[51,-14]],[[18079,22175],[42,7]],[[18020,22202],[59,-27]],[[17902,22237],[118,-35]],[[17870,22274],[32,-37]],[[17804,22268],[66,6]],[[17740,22309],[64,-41]],[[17698,22299],[42,10]],[[17698,22299],[11,58]],[[17703,22447],[6,-90]],[[17680,22469],[23,-22]],[[17601,22502],[79,-33]],[[17601,22502],[19,83]],[[17569,22629],[51,-44]],[[17569,22629],[38,66]],[[17601,22746],[6,-51]],[[17601,22746],[28,6]],[[17621,22801],[8,-49]],[[17533,22865],[88,-64]],[[17450,22857],[83,8]],[[17450,22857],[17,34]],[[17465,22953],[2,-62]],[[17465,22953],[22,51]],[[17424,23089],[63,-85]],[[17408,23172],[16,-83]],[[17408,23172],[22,21]],[[17430,23193],[46,-1]],[[17476,23192],[63,22]],[[17539,23214],[23,41]],[[17562,23255],[35,-41]],[[17597,23214],[84,-57]],[[17681,23157],[33,101]],[[17710,23293],[4,-35]],[[17657,23340],[53,-47]],[[17657,23340],[7,35]],[[17628,23405],[36,-30]],[[17628,23405],[5,104]],[[17633,23509],[26,47]],[[17626,23575],[33,-19]],[[17603,23617],[23,-42]],[[17496,23706],[107,-89]],[[17496,23706],[0,81]],[[17420,23804],[76,-17]],[[17378,23845],[42,-41]],[[17309,23792],[69,53]],[[17249,23806],[60,-14]],[[17220,23830],[29,-24]],[[17166,23831],[54,-1]],[[17139,23854],[27,-23]],[[17080,23826],[59,28]],[[17008,23885],[72,-59]],[[16953,23878],[55,7]],[[16935,23971],[18,-93]],[[16909,24030],[26,-59]],[[16863,24051],[46,-21]],[[16859,24090],[4,-39]],[[16815,24124],[44,-34]],[[16795,24136],[20,-12]],[[16777,24224],[18,-88]],[[16777,24224],[5,51]],[[16737,24334],[45,-59]],[[16737,24334],[43,39]],[[16780,24373],[65,102]],[[16814,24522],[31,-47]],[[16803,24571],[11,-49]],[[16765,24604],[38,-33]],[[16711,24621],[54,-17]],[[16711,24621],[-1,79]],[[16684,24734],[26,-34]],[[16660,24797],[24,-63]],[[16660,24797],[2,67]],[[16600,24918],[62,-54]],[[16542,24910],[58,8]],[[16431,24932],[111,-22]],[[16373,24943],[58,-11]],[[16303,24980],[70,-37]],[[16257,24985],[46,-5]],[[16161,24964],[96,21]],[[16139,24909],[22,55]],[[16032,24891],[107,18]],[[15948,24902],[84,-11]],[[15891,24877],[57,25]],[[15846,24911],[45,-34]],[[15839,24953],[7,-42]],[[15813,24994],[26,-41]],[[15752,24993],[61,1]],[[15711,25018],[41,-25]],[[15654,25100],[57,-82]],[[15606,25099],[48,1]],[[15578,25121],[28,-22]],[[15497,25108],[81,13]],[[20787,17042],[5,41]],[[20753,17162],[39,-79]],[[20753,17162],[24,37]],[[20705,17286],[72,-87]],[[20697,17328],[8,-42]],[[20665,17351],[32,-23]],[[20633,17425],[32,-74]],[[20630,17475],[3,-50]],[[20605,17517],[25,-42]],[[20568,17548],[37,-31]],[[20517,17569],[51,-21]],[[20499,17638],[18,-69]],[[20434,17697],[65,-59]],[[20409,17743],[25,-46]],[[20325,17747],[84,-4]],[[20274,17769],[51,-22]],[[20201,17867],[73,-98]],[[20201,17867],[8,70]],[[20183,18012],[26,-75]],[[20112,17996],[71,16]],[[20076,17962],[36,34]],[[20053,18009],[23,-47]],[[19963,18037],[90,-28]],[[19894,18018],[69,19]],[[19845,18074],[49,-56]],[[19811,18093],[34,-19]],[[19733,18063],[78,30]],[[19678,18129],[55,-66]],[[19678,18129],[-1,94]],[[19677,18223],[31,50]],[[19684,18331],[24,-58]],[[19684,18331],[8,39]],[[19692,18370],[31,46]],[[19679,18448],[44,-32]],[[19652,18493],[27,-45]],[[19613,18515],[39,-22]],[[19522,18486],[91,29]],[[19413,18406],[109,80]],[[19369,18445],[44,-39]],[[19343,18549],[26,-104]],[[19343,18549],[39,62]],[[19382,18611],[82,55]],[[19464,18666],[10,62]],[[19474,18728],[94,17]],[[19568,18745],[42,88]],[[19610,18833],[85,15]],[[19695,18848],[3,80]],[[19671,18976],[27,-48]],[[19645,18975],[26,1]],[[19586,19004],[59,-29]],[[19526,19070],[60,-66]],[[19446,19075],[80,-5]],[[19345,19191],[101,-116]],[[19327,19261],[18,-70]],[[19309,19288],[18,-27]],[[19309,19288],[47,88]],[[19356,19376],[14,98]],[[19370,19474],[29,56]],[[19399,19530],[2,43]],[[19401,19573],[32,37]],[[19433,19610],[6,57]],[[19404,19720],[35,-53]],[[19404,19720],[0,60]],[[19344,19820],[60,-40]],[[19288,19824],[56,-4]],[[19231,19931],[57,-107]],[[19231,19931],[32,45]],[[19206,20036],[57,-60]],[[19206,20036],[0,76]],[[19181,20130],[25,-18]],[[19165,20226],[16,-96]],[[19126,20262],[39,-36]],[[19116,20332],[10,-70]],[[19081,20392],[35,-60]],[[19081,20392],[20,41]],[[19088,20518],[13,-85]],[[19088,20518],[33,73]],[[19103,20654],[18,-63]],[[19103,20654],[34,41]],[[19131,20776],[6,-81]],[[19093,20784],[38,-8]],[[19043,20863],[50,-79]],[[18986,20899],[57,-36]],[[18954,20904],[32,-5]],[[18954,20904],[71,99]],[[19025,21003],[119,39]],[[19144,21042],[27,32]],[[19168,21127],[3,-53]],[[15462,25158],[35,-50]],[[15407,25179],[55,-21]],[[15366,25222],[41,-43]],[[15279,25209],[87,13]],[[15189,25239],[90,-30]],[[15179,25290],[10,-51]],[[15179,25290],[6,71]],[[15140,25408],[45,-47]],[[15082,25420],[58,-12]],[[15072,25443],[10,-23]],[[15041,25510],[31,-67]],[[15041,25510],[6,100]],[[15047,25610],[14,49]],[[15061,25659],[46,7]],[[15107,25666],[65,69]],[[15172,25735],[145,105]],[[15214,25869],[103,-29]],[[15151,25904],[63,-35]],[[15119,25938],[32,-34]],[[15119,25938],[27,108]],[[15106,26094],[40,-48]],[[15087,26160],[19,-66]],[[15052,26186],[35,-26]],[[15052,26186],[15,72]],[[15043,26293],[24,-35]],[[14967,26289],[76,4]],[[14967,26289],[56,54]],[[15021,26379],[2,-36]],[[15021,26379],[45,27]],[[15035,26535],[31,-129]],[[15035,26535],[21,93]],[[15049,26689],[7,-61]],[[15049,26689],[80,-44]],[[15129,26645],[66,58]],[[15195,26703],[19,61]],[[15214,26764],[116,89]],[[15330,26853],[26,53]],[[15356,26906],[90,18]],[[15446,26924],[67,3]],[[15513,26927],[25,35]],[[15535,27053],[3,-91]],[[15518,27109],[17,-56]],[[15518,27109],[67,56]],[[15585,27165],[41,0]],[[15626,27165],[82,-32]],[[15708,27133],[20,-50]],[[15728,27083],[39,5]],[[15767,27088],[124,20]],[[15883,27060],[8,48]],[[15883,27060],[10,-61]],[[15893,26999],[75,-30]],[[15968,26969],[73,-67]],[[16041,26902],[30,0]],[[16071,26902],[44,-5]],[[16115,26897],[50,42]],[[16165,26939],[22,-97]],[[16187,26842],[73,-9]],[[16260,26833],[72,-28]],[[16332,26805],[31,22]],[[16363,26827],[48,3]],[[16411,26830],[42,50]],[[16453,26880],[40,3]],[[16493,26883],[86,81]],[[16579,26964],[53,18]],[[16632,26982],[86,2]],[[16718,26984],[147,-63]],[[16865,26921],[33,0]],[[16898,26921],[28,2]],[[16926,26923],[75,53]],[[17001,26976],[62,-18]],[[17062,26920],[1,38]],[[16994,26824],[68,96]],[[16994,26824],[73,-33]],[[17067,26791],[5,-66]],[[17072,26725],[28,-28]],[[17100,26697],[25,-93]],[[17106,26554],[19,50]],[[17106,26554],[17,-26]],[[17123,26528],[43,-41]],[[17166,26487],[41,-11]],[[17207,26476],[59,18]],[[17266,26494],[43,-39]],[[17309,26455],[101,-49]],[[17387,26365],[23,41]],[[17387,26365],[7,-27]],[[17352,26265],[42,73]],[[17352,26265],[5,-82]],[[17357,26183],[53,-15]],[[17410,26168],[8,34]],[[17418,26202],[76,6]],[[17494,26208],[36,-30]],[[17530,26178],[71,-10]],[[17601,26168],[71,41]],[[17672,26209],[12,86]],[[17684,26295],[31,45]],[[17707,26379],[8,-39]],[[17707,26379],[29,22]],[[17736,26401],[69,-42]],[[17805,26359],[82,42]],[[17887,26401],[34,36]],[[17921,26437],[39,69]],[[17960,26506],[50,26]],[[18010,26532],[30,-12]],[[18040,26520],[39,22]],[[18079,26542],[24,-16]],[[18103,26526],[114,37]],[[18217,26563],[43,-140]],[[18260,26423],[23,-17]],[[18283,26406],[138,-19]],[[18421,26387],[68,20]],[[18489,26407],[51,-16]],[[18540,26391],[72,64]],[[18612,26455],[51,11]],[[18663,26466],[81,-12]],[[18744,26454],[20,58]],[[18764,26512],[61,47]],[[18825,26559],[44,-2]],[[18808,26590],[61,-33]],[[18795,26716],[13,-126]],[[18795,26716],[27,34]],[[18822,26750],[56,-9]],[[18878,26741],[46,12]],[[18924,26753],[39,-48]],[[18963,26705],[72,2]],[[19035,26707],[86,26]],[[19121,26733],[32,42]],[[19153,26775],[34,-23]],[[19187,26752],[37,29]],[[19224,26781],[49,-19]],[[19273,26762],[24,29]],[[19297,26791],[58,30]],[[19355,26821],[91,27]],[[19446,26848],[59,-9]],[[19505,26839],[55,-83]],[[19560,26756],[84,-8]],[[19644,26748],[53,-23]],[[19697,26725],[28,23]],[[19725,26748],[47,-14]],[[19772,26734],[30,-46]],[[19802,26688],[86,38]],[[19888,26726],[43,-18]],[[19897,26635],[34,73]],[[19897,26635],[48,-119]],[[19945,26516],[156,-44]],[[20101,26472],[67,-43]],[[20168,26429],[27,11]],[[20195,26440],[77,-28]],[[20272,26412],[53,-66]],[[20325,26346],[48,52]],[[20364,26464],[9,-66]],[[20364,26464],[42,-1]],[[20406,26463],[78,46]],[[20484,26509],[40,-102]],[[20524,26407],[27,-40]],[[20551,26367],[23,34]],[[20574,26401],[38,2]],[[20612,26403],[33,46]],[[20645,26449],[58,-24]],[[20703,26425],[75,-69]],[[20778,26356],[44,5]],[[20822,26361],[51,-38]],[[20873,26323],[11,-47]],[[20806,26270],[78,6]],[[20806,26270],[17,-76]],[[20775,26096],[48,98]],[[20741,26075],[34,21]],[[20735,26012],[6,63]],[[20735,26012],[16,-42]],[[20751,25970],[2,-81]],[[20753,25889],[32,-18]],[[20785,25871],[36,-67]],[[20821,25804],[2,-106]],[[20823,25698],[55,-17]],[[20878,25681],[19,-31]],[[20897,25650],[92,-54]],[[20989,25596],[82,-11]],[[21071,25585],[114,-59]],[[21185,25526],[42,61]],[[21227,25587],[39,38]],[[21266,25625],[44,9]],[[21247,25726],[63,-92]],[[21220,25696],[27,30]],[[21149,25728],[71,-32]],[[21147,25778],[2,-50]],[[21122,25810],[25,-32]],[[21122,25810],[94,22]],[[21216,25832],[39,-4]],[[21231,25915],[24,-87]],[[21231,25915],[33,40]],[[21264,25955],[21,56]],[[21285,26011],[98,60]],[[21383,26071],[50,13]],[[21433,26084],[110,-39]],[[21543,26045],[73,-15]],[[21616,26030],[48,17]],[[21664,26047],[46,47]],[[21710,26094],[68,-10]],[[21778,26084],[58,42]],[[21836,26126],[42,2]],[[21878,26128],[63,-38]],[[21941,26090],[58,18]],[[21986,26136],[13,-28]],[[21986,26136],[77,24]],[[22063,26160],[75,7]],[[22138,26167],[71,-33]],[[22209,26134],[23,39]],[[22232,26173],[56,-10]],[[22288,26163],[32,-24]],[[22320,26139],[44,-80]],[[22364,26059],[30,-35]],[[22394,26024],[53,57]],[[22447,26081],[4,-55]],[[22451,26026],[26,-35]],[[22477,25991],[73,25]],[[22524,26048],[26,-32]],[[22524,26048],[75,53]],[[22592,26139],[7,-38]],[[22592,26139],[53,0]],[[22645,26139],[5,-24]],[[22650,26115],[84,25]],[[22734,26140],[38,-79]],[[22772,26061],[47,-52]],[[22819,26009],[145,-3]],[[22964,26006],[44,-31]],[[23008,25975],[66,-83]],[[23074,25892],[94,-51]],[[23168,25841],[38,-1]],[[23206,25840],[32,-36]],[[23238,25804],[49,7]],[[23287,25811],[53,79]],[[23340,25890],[46,42]],[[23386,25932],[54,80]],[[23415,26056],[25,-44]],[[23415,26056],[6,28]],[[23421,26084],[52,23]],[[23473,26107],[33,-86]],[[23472,25926],[34,95]],[[23472,25926],[48,-72]],[[23516,25749],[4,105]],[[23486,25706],[30,43]],[[23486,25706],[6,-25]],[[23492,25681],[22,-66]],[[23451,25587],[63,28]],[[23379,25505],[72,82]],[[23358,25468],[21,37]],[[23292,25420],[66,48]],[[23258,25417],[34,3]],[[23232,25382],[26,35]],[[23232,25382],[39,-85]],[[23271,25297],[143,-44]],[[23414,25253],[72,23]],[[23486,25276],[4,-28]],[[23420,25216],[70,32]],[[23420,25216],[1,-24]],[[23421,25192],[73,-58]],[[23494,25134],[71,-30]],[[23565,25104],[49,-68]],[[23614,25036],[22,7]],[[23636,25043],[96,-40]],[[23732,25003],[9,-26]],[[23741,24977],[72,-23]],[[23813,24954],[104,23]],[[23917,24977],[65,-27]],[[23982,24950],[79,-1]],[[24061,24949],[45,21]],[[24106,24970],[84,-41]],[[24190,24929],[33,-51]],[[24223,24878],[7,-99]],[[24222,24727],[8,52]],[[24185,24646],[37,81]],[[24185,24646],[30,-44]],[[24215,24602],[75,-43]],[[24290,24559],[4,-61]],[[24279,24479],[15,19]],[[24279,24479],[52,-67]],[[24317,24390],[14,22]],[[24317,24390],[36,-39]],[[24353,24351],[35,23]],[[24388,24374],[45,104]],[[24433,24478],[63,-2]],[[24496,24476],[117,-99]],[[24590,24356],[23,21]],[[24590,24356],[18,-55]],[[24608,24301],[70,5]],[[24678,24306],[62,-40]],[[24717,24224],[23,42]],[[24717,24224],[10,-44]],[[24727,24180],[32,-32]],[[24759,24148],[44,-14]],[[24803,24134],[48,-35]],[[24807,24059],[44,40]],[[24770,24048],[37,11]],[[24728,24007],[42,41]],[[24666,23997],[62,10]],[[24599,24020],[67,-23]],[[24529,23953],[70,67]],[[24491,23928],[38,25]],[[24491,23928],[46,-88]],[[24512,23798],[25,42]],[[24512,23798],[6,-26]],[[24476,23641],[42,131]],[[24476,23641],[5,-102]],[[24481,23539],[29,-30]],[[24510,23509],[88,-19]],[[24598,23490],[31,-55]],[[24629,23435],[20,-69]],[[24627,23297],[22,69]],[[24589,23309],[38,-12]],[[24498,23286],[91,23]],[[24436,23242],[62,44]],[[24403,23234],[33,8]],[[24383,23198],[20,36]],[[24292,23160],[91,38]],[[24236,23119],[56,41]],[[24157,23147],[79,-28]],[[24124,23131],[33,16]],[[24069,23135],[55,-4]],[[23991,23081],[78,54]],[[23943,23004],[48,77]],[[23866,22956],[77,48]],[[23842,22917],[24,39]],[[23826,22851],[16,66]],[[23768,22813],[58,38]],[[23662,22660],[106,153]],[[23605,22735],[57,-75]],[[23563,22767],[42,-32]],[[23559,22701],[4,66]],[[23559,22701],[17,-20]],[[23573,22618],[3,63]],[[23493,22535],[80,83]],[[23466,22458],[27,77]],[[23466,22458],[11,-140]],[[23477,22318],[22,-63]],[[23420,22224],[79,31]],[[23420,22224],[2,-27]],[[23422,22197],[44,-54]],[[23344,22033],[122,110]],[[23329,21989],[15,44]],[[23329,21989],[13,-69]],[[23336,21882],[6,38]],[[23297,21865],[39,17]],[[23247,21936],[50,-71]],[[23219,22014],[28,-78]],[[23219,22014],[21,35]],[[23192,22114],[48,-65]],[[23153,22151],[39,-37]],[[23153,22151],[48,48]],[[23158,22216],[43,-17]],[[23097,22192],[61,24]],[[23075,22253],[22,-61]],[[23029,22214],[46,39]],[[22873,22242],[156,-28]],[[22873,22242],[11,40]],[[22858,22326],[26,-44]],[[22844,22329],[14,-3]],[[22814,22326],[30,3]],[[22797,22281],[17,45]],[[22755,22258],[42,23]],[[22666,22260],[89,-2]],[[22617,22286],[49,-26]],[[22569,22204],[48,82]],[[22548,22212],[21,-8]],[[22502,22165],[46,47]],[[22404,22024],[98,141]],[[22336,21952],[68,72]],[[22336,21952],[44,-1]],[[22370,21898],[10,53]],[[22370,21898],[35,-9]],[[22397,21806],[8,83]],[[22378,21747],[19,59]],[[22378,21747],[53,-47]],[[22431,21700],[19,-105]],[[22447,21540],[3,55]],[[22447,21540],[58,-13]],[[22505,21527],[13,-37]],[[22488,21409],[30,81]],[[22449,21411],[39,-2]],[[22433,21449],[16,-38]],[[22380,21500],[53,-51]],[[22341,21489],[39,11]],[[22321,21448],[20,41]],[[22292,21443],[29,5]],[[22273,21407],[19,36]],[[22272,21357],[1,50]],[[22221,21330],[51,27]],[[22205,21261],[16,69]],[[22153,21175],[52,86]],[[22118,21209],[35,-34]],[[22080,21179],[38,30]],[[22038,21188],[42,-9]],[[22001,21217],[37,-29]],[[21924,21184],[77,33]],[[21873,21179],[51,5]],[[21794,21146],[79,33]],[[21736,21161],[58,-15]],[[21648,21068],[88,93]],[[21642,21020],[6,48]],[[21597,20985],[45,35]],[[21597,20985],[20,-50]],[[21617,20935],[42,-30]],[[21659,20905],[44,-12]],[[21703,20893],[35,-68]],[[21738,20825],[99,31]],[[21837,20856],[48,-71]],[[21840,20750],[45,35]],[[21813,20699],[27,51]],[[21724,20610],[89,89]],[[21678,20525],[46,85]],[[21661,20518],[17,7]],[[21596,20410],[65,108]],[[21596,20410],[36,-18]],[[21632,20392],[11,-67]],[[21573,20339],[70,-14]],[[21520,20263],[53,76]],[[21423,20305],[97,-42]],[[21392,20273],[31,32]],[[21392,20273],[8,-151]],[[21351,20113],[49,9]],[[21350,20067],[1,46]],[[21281,20110],[69,-43]],[[21198,20092],[83,18]],[[21115,20112],[83,-20]],[[21078,20083],[37,29]],[[20959,20119],[119,-36]],[[20907,20059],[52,60]],[[20902,20027],[5,32]],[[20902,20027],[54,-34]],[[20956,19928],[0,65]],[[20941,19889],[15,39]],[[20941,19889],[37,-37]],[[20978,19852],[65,-10]],[[21043,19842],[20,-40]],[[21063,19802],[38,-22]],[[21101,19780],[38,-76]],[[21139,19704],[35,-18]],[[21122,19611],[52,75]],[[21115,19576],[7,35]],[[21061,19569],[54,7]],[[20976,19608],[85,-39]],[[20943,19587],[33,21]],[[20905,19513],[38,74]],[[20905,19513],[20,-65]],[[20866,19366],[59,82]],[[20859,19330],[7,36]],[[20816,19336],[43,-6]],[[20816,19336],[17,-62]],[[20824,19246],[9,28]],[[20777,19199],[47,47]],[[20733,19134],[44,65]],[[20733,19134],[56,-61]],[[20789,19073],[79,-36]],[[20845,19003],[23,34]],[[20782,18963],[63,40]],[[20780,18927],[2,36]],[[20748,18911],[32,16]],[[20748,18911],[39,-61]],[[20787,18850],[51,-14]],[[20838,18836],[50,-37]],[[20888,18799],[16,-38]],[[20904,18761],[58,-15]],[[20962,18746],[76,-100]],[[21038,18646],[46,-74]],[[21073,18528],[11,44]],[[21073,18528],[9,-47]],[[21060,18460],[22,21]],[[21011,18466],[49,-6]],[[21008,18390],[3,76]],[[21008,18390],[26,-38]],[[21031,18318],[3,34]],[[21031,18318],[42,-12]],[[21073,18306],[21,-70]],[[21094,18236],[39,-20]],[[21105,18187],[28,29]],[[21087,18107],[18,80]],[[21055,18090],[32,17]],[[20987,18099],[68,-9]],[[20956,18080],[31,19]],[[20916,18029],[40,51]],[[20911,17943],[5,86]],[[20897,17894],[14,49]],[[20870,17870],[27,24]],[[20870,17870],[110,-145]],[[20980,17725],[49,-36]],[[21029,17689],[12,-78]],[[21041,17611],[61,-79]],[[21086,17516],[16,16]],[[21086,17516],[44,-57]],[[21124,17387],[6,72]],[[21124,17387],[53,-108]],[[21177,17279],[30,-45]],[[21207,17234],[53,15]],[[21260,17249],[80,-2]],[[21340,17247],[72,26]],[[21412,17273],[38,-17]],[[21414,17174],[36,82]],[[21360,17132],[54,42]],[[21360,17084],[0,48]],[[21299,17010],[61,74]],[[21296,16962],[3,48]],[[21173,16930],[123,32]],[[21139,16893],[34,37]],[[21099,16918],[40,-25]],[[21055,16876],[44,42]],[[20989,16905],[66,-29]],[[20989,16905],[9,64]],[[20963,16997],[35,-28]],[[20911,16971],[52,26]],[[20863,16995],[48,-24]],[[20835,16990],[28,5]],[[20787,17042],[48,-52]],[[6079,21619],[1,136]],[[6011,21634],[68,-15]],[[5907,21678],[104,-44]],[[5794,21739],[113,-61]],[[5704,21822],[90,-83]],[[5667,21869],[37,-47]],[[5610,21820],[57,49]],[[5597,21837],[13,-17]],[[5377,21669],[220,168]],[[5360,21694],[17,-25]],[[5339,21724],[21,-30]],[[5281,21669],[58,55]],[[5127,21849],[154,-180]],[[5110,22001],[17,-152]],[[5058,21996],[52,5]],[[5058,21996],[-5,120]],[[5035,22116],[18,0]],[[5023,22246],[12,-130]],[[4903,22244],[120,2]],[[4903,22244],[3,-29]],[[4689,22215],[217,0]],[[4451,22236],[238,-21]],[[4224,22225],[227,11]],[[4184,22283],[40,-58]],[[4107,22426],[77,-143]],[[4083,22563],[24,-137]],[[4068,22567],[15,-4]],[[4040,22549],[28,18]],[[3903,22654],[137,-105]],[[3838,22654],[65,0]],[[3770,22642],[68,12]],[[3733,22682],[37,-40]],[[3702,22709],[31,-27]],[[3593,22703],[109,6]],[[3553,22712],[40,-9]],[[3469,22792],[84,-80]],[[3372,22863],[97,-71]],[[3359,22942],[13,-79]],[[3339,22991],[20,-49]],[[3291,23020],[48,-29]],[[3233,23035],[58,-15]],[[3215,23071],[18,-36]],[[3204,23154],[11,-83]],[[3177,23208],[27,-54]],[[3012,23240],[165,-32]],[[2919,23214],[93,26]],[[2840,23246],[79,-32]],[[2831,23341],[9,-95]],[[2757,23363],[74,-22]],[[12980,21643],[48,-14]],[[12840,21621],[140,22]],[[12784,21578],[56,43]],[[12784,21578],[12,-44]],[[12767,21387],[29,147]],[[12739,21300],[28,87]],[[12714,21256],[25,44]],[[12667,21245],[47,11]],[[12625,21271],[42,-26]],[[12578,21259],[47,12]],[[12546,21275],[32,-16]],[[12513,21241],[33,34]],[[12480,21282],[33,-41]],[[12449,21276],[31,6]],[[12423,21234],[26,42]],[[12358,21190],[65,44]],[[12358,21190],[21,-91]],[[12378,21011],[1,88]],[[12321,20990],[57,21]],[[12299,21003],[22,-13]],[[12240,20979],[59,24]],[[12209,20990],[31,-11]],[[12185,21079],[24,-89]],[[12151,21079],[34,0]],[[12104,21110],[47,-31]],[[12092,21161],[12,-51]],[[12026,21178],[66,-17]],[[11957,21178],[69,0]],[[11913,21223],[44,-45]],[[11836,21197],[77,26]],[[11811,21160],[25,37]],[[11745,21168],[66,-8]],[[11717,21197],[28,-29]],[[11672,21172],[45,25]],[[11652,21207],[20,-35]],[[11614,21212],[38,-5]],[[11614,21212],[15,57]],[[11603,21308],[26,-39]],[[11530,21352],[73,-44]],[[11457,21354],[73,-2]],[[11366,21412],[91,-58]],[[11332,21463],[34,-51]],[[11283,21481],[49,-18]],[[11265,21505],[18,-24]],[[11189,21511],[76,-6]],[[11113,21536],[76,-25]],[[11080,21588],[33,-52]],[[11035,21569],[45,19]],[[10970,21601],[65,-32]],[[10912,21596],[58,5]],[[10886,21613],[26,-17]],[[10819,21586],[67,27]],[[10785,21611],[34,-25]],[[10751,21681],[34,-70]],[[10751,21681],[8,55]],[[10749,21774],[10,-38]],[[10712,21804],[37,-30]],[[10619,21827],[93,-23]],[[10563,21768],[56,59]],[[10513,21772],[50,-4]],[[10473,21758],[40,14]],[[10438,21768],[35,-10]],[[10363,21741],[75,27]],[[10330,21691],[33,50]],[[10330,21691],[15,-80]],[[10304,21539],[41,72]],[[10238,21502],[66,37]],[[10212,21467],[26,35]],[[10143,21466],[69,1]],[[10033,21500],[110,-34]],[[10016,21441],[17,59]],[[9991,21408],[25,33]],[[9902,21395],[89,13]],[[9849,21421],[53,-26]],[[9816,21483],[33,-62]],[[9758,21512],[58,-29]],[[9705,21585],[53,-73]],[[9654,21492],[51,93]],[[9654,21492],[39,-45]],[[9693,21447],[5,-34]],[[9654,21412],[44,1]],[[9632,21371],[22,41]],[[9589,21360],[43,11]],[[9578,21193],[11,167]],[[9578,21193],[37,-38]],[[9393,21116],[222,39]],[[9383,21151],[10,-35]],[[9383,21151],[23,66]],[[9386,21320],[20,-103]],[[9386,21320],[34,50]],[[9420,21370],[-2,61]],[[9348,21480],[70,-49]],[[9275,21619],[73,-139]],[[9223,21680],[52,-61]],[[9187,21788],[36,-108]],[[9100,21669],[87,119]],[[9095,21624],[5,45]],[[9095,21624],[17,-34]],[[9043,21516],[69,74]],[[9043,21516],[7,-37]],[[8981,21372],[69,107]],[[8916,21200],[65,172]],[[8911,21111],[5,89]],[[8760,21019],[151,92]],[[8728,21106],[32,-87]],[[8728,21106],[29,93]],[[8721,21287],[36,-88]],[[8680,21309],[41,-22]],[[8677,21345],[3,-36]],[[8637,21398],[40,-53]],[[8559,21356],[78,42]],[[8522,21354],[37,2]],[[8522,21354],[64,232]],[[8586,21586],[10,55]],[[8536,21654],[60,-13]],[[8489,21648],[47,6]],[[8436,21670],[53,-22]],[[8436,21670],[12,44]],[[8366,21752],[82,-38]],[[8279,21793],[87,-41]],[[8279,21793],[5,38]],[[8161,21869],[123,-38]],[[8089,21903],[72,-34]],[[8089,21845],[0,58]],[[8036,21835],[53,10]],[[8011,21933],[25,-98]],[[7938,21969],[73,-36]],[[7863,21975],[75,-6]],[[7863,21975],[1,74]],[[7864,22049],[59,66]],[[7923,22115],[15,69]],[[7854,22402],[84,-218]],[[7811,22501],[43,-99]],[[7692,22511],[119,-10]],[[7628,22468],[64,43]],[[7569,22461],[59,7]],[[7476,22396],[93,65]],[[7402,22323],[74,73]],[[7395,22301],[7,22]],[[7330,22358],[65,-57]],[[7330,22358],[11,39]],[[7288,22406],[53,-9]],[[7288,22406],[26,-103]],[[7298,22287],[16,16]],[[7298,22287],[99,-138]],[[7192,22033],[205,116]],[[7192,22033],[29,-47]],[[7136,21947],[85,39]],[[7066,21931],[70,16]],[[7031,21959],[35,-28]],[[7018,21896],[13,63]],[[6937,21857],[81,39]],[[6885,21793],[52,64]],[[6849,21717],[36,76]],[[6793,21747],[56,-30]],[[6793,21747],[5,32]],[[6798,21779],[45,59]],[[6773,21900],[70,-62]],[[6752,21878],[21,22]],[[6691,21949],[61,-71]],[[6618,21951],[73,-2]],[[6575,21998],[43,-47]],[[6556,21963],[19,35]],[[6379,22060],[177,-97]],[[6310,22035],[69,25]],[[6283,21958],[27,77]],[[6257,21915],[26,43]],[[6229,21834],[28,81]],[[6157,21814],[72,20]],[[6080,21755],[77,59]],[[2757,23363],[54,42]],[[2811,23405],[52,198]],[[2863,23603],[57,28]],[[2920,23631],[14,24]],[[2884,23686],[50,-31]],[[2884,23686],[18,78]],[[2894,23786],[8,-22]],[[2894,23786],[216,-27]],[[3028,24183],[82,-424]],[[3028,24183],[167,233]],[[3195,24416],[85,-26]],[[3280,24390],[525,131]],[[3805,24521],[107,-147]],[[3912,24374],[197,-88]],[[4109,24286],[18,132]],[[4127,24418],[135,28]],[[4262,24446],[36,-132]],[[4298,24314],[54,-24]],[[4352,24290],[182,-25]],[[4534,24265],[161,35]],[[4695,24300],[55,29]],[[4750,24329],[73,-171]],[[4823,24158],[144,-29]],[[4967,24129],[39,-18]],[[5006,24111],[32,102]],[[5038,24213],[54,-17]],[[5092,24196],[67,56]],[[5159,24252],[24,39]],[[5183,24291],[54,2]],[[5237,24293],[38,142]],[[5275,24435],[40,217]],[[5315,24652],[43,-7]],[[5358,24645],[143,35]],[[5501,24680],[13,-50]],[[5514,24630],[25,-15]],[[5539,24615],[13,8]],[[5552,24623],[102,-4]],[[5654,24619],[36,45]],[[5690,24664],[30,11]],[[5674,24806],[46,-131]],[[5674,24806],[27,47]],[[5693,24964],[8,-111]],[[5693,24964],[88,33]],[[5781,24997],[31,43]],[[5812,25040],[26,37]],[[5825,25278],[13,-201]],[[5819,25288],[6,-10]],[[5819,25288],[28,138]],[[5847,25426],[33,160]],[[5880,25586],[63,-13]],[[5943,25573],[17,85]],[[5960,25658],[39,22]],[[5999,25680],[89,-29]],[[6088,25651],[82,-6]],[[6170,25645],[141,-28]],[[6311,25617],[49,-32]],[[6360,25585],[81,32]],[[6399,25680],[42,-63]],[[6399,25680],[87,171]],[[6486,25851],[53,77]],[[6539,25928],[8,82]],[[6547,26010],[26,11]],[[6442,26255],[131,-234]],[[6366,26266],[76,-11]],[[6305,26259],[61,7]],[[6295,26322],[10,-63]],[[6218,26493],[77,-171]],[[6218,26493],[98,304]],[[6304,26849],[12,-52]],[[6304,26849],[38,39]],[[6342,26888],[58,-6]],[[6400,26882],[25,73]],[[6425,26955],[24,11]],[[6449,26966],[46,71]],[[6486,27065],[9,-28]],[[6486,27065],[69,99]],[[6555,27164],[39,72]],[[6509,27269],[85,-33]],[[6472,27309],[37,-40]],[[6472,27309],[35,75]],[[6507,27384],[1,26]],[[6508,27410],[45,145]],[[6553,27555],[66,97]],[[6619,27652],[32,32]],[[6651,27684],[29,-23]],[[6680,27661],[82,21]],[[6762,27682],[34,-10]],[[6796,27672],[78,70]],[[6874,27742],[82,-46]],[[6956,27696],[17,-42]],[[6973,27654],[173,-57]],[[7146,27597],[16,32]],[[7162,27629],[13,83]],[[7175,27712],[15,73]],[[7190,27785],[33,36]],[[7223,27821],[65,15]],[[7288,27836],[59,31]],[[7347,27867],[48,0]],[[7395,27867],[153,27]],[[7491,27936],[57,-42]],[[7462,27900],[29,36]],[[7424,27929],[38,-29]],[[7424,27929],[32,33]],[[7456,27962],[77,-9]],[[7533,27953],[45,-46]],[[7578,27907],[15,-40]],[[7593,27867],[56,18]],[[7649,27885],[47,72]],[[7696,27957],[33,-15]],[[7729,27942],[46,-53]],[[7775,27889],[13,-66]],[[7783,27730],[5,93]],[[7783,27730],[136,-41]],[[7919,27689],[37,-26]],[[7956,27663],[24,-80]],[[7980,27583],[23,-177]],[[8003,27406],[33,16]],[[8036,27422],[98,-24]],[[8134,27398],[0,114]],[[8088,27573],[46,-61]],[[8088,27573],[52,57]],[[8113,27669],[27,-39]],[[8103,27758],[10,-89]],[[8103,27758],[17,6]],[[8120,27764],[39,91]],[[8159,27855],[80,0]],[[8239,27855],[28,-21]],[[8267,27834],[88,-3]],[[8355,27831],[41,-24]],[[8396,27807],[66,11]],[[8462,27818],[52,31]],[[8514,27849],[12,24]],[[8526,27873],[31,27]],[[8557,27900],[59,94]],[[8616,27994],[43,-24]],[[8659,27970],[73,17]],[[8732,27987],[40,-9]],[[8772,27978],[116,14]],[[8888,27992],[55,-49]],[[8943,27943],[52,-4]],[[8995,27939],[51,-8]],[[9046,27931],[46,32]],[[9092,27963],[50,13]],[[9142,27976],[12,-35]],[[9154,27941],[59,22]],[[9213,27963],[90,13]],[[9303,27976],[109,-40]],[[9412,27936],[68,-45]],[[9480,27891],[162,17]],[[9642,27908],[76,51]],[[9718,27959],[45,15]],[[9763,27974],[63,48]],[[9826,28022],[82,6]],[[9908,28028],[61,32]],[[9969,28060],[45,77]],[[10014,28137],[31,-7]],[[10045,28130],[65,-50]],[[10110,28080],[60,-18]],[[10170,28062],[69,-38]],[[10239,28024],[32,-52]],[[10251,27922],[20,50]],[[10175,27825],[76,97]],[[10122,27743],[53,82]],[[10089,27680],[33,63]],[[10089,27680],[184,-6]],[[10271,27647],[2,27]],[[10271,27647],[100,-45]],[[10371,27602],[109,-13]],[[10480,27589],[51,-38]],[[10531,27551],[36,0]],[[10567,27551],[46,37]],[[10613,27588],[74,-9]],[[10687,27579],[73,5]],[[10760,27584],[19,29]],[[10779,27613],[43,2]],[[10822,27615],[48,63]],[[10870,27678],[18,58]],[[10888,27736],[48,39]],[[10936,27775],[26,81]],[[10962,27856],[24,-5]],[[10986,27851],[20,-46]],[[11006,27805],[84,-25]],[[11090,27780],[23,-45]],[[11113,27735],[52,9]],[[11165,27744],[152,-53]],[[11317,27691],[51,24]],[[11368,27715],[15,-50]],[[11379,27568],[4,97]],[[11379,27568],[36,-43]],[[11415,27525],[46,-6]],[[11461,27519],[43,18]],[[11504,27537],[8,-77]],[[11512,27460],[27,-26]],[[11539,27434],[52,-23]],[[11591,27411],[52,8]],[[11643,27419],[15,36]],[[11658,27455],[46,-36]],[[11704,27419],[46,1]],[[11750,27420],[54,20]],[[11804,27440],[75,-11]],[[11879,27429],[43,-69]],[[11888,27241],[34,119]],[[11867,27228],[21,13]],[[11854,27129],[13,99]],[[11854,27129],[35,-59]],[[11884,27033],[5,37]],[[11884,27033],[35,-23]],[[11919,27010],[4,-44]],[[11923,26966],[23,-60]],[[11946,26906],[3,-68]],[[11923,26809],[26,29]],[[11923,26809],[53,-95]],[[11976,26714],[35,-15]],[[12011,26699],[12,-34]],[[12023,26665],[73,-80]],[[12096,26585],[38,1]],[[12134,26586],[54,83]],[[12188,26669],[26,-47]],[[12214,26622],[42,-16]],[[12256,26558],[0,48]],[[12256,26558],[62,-6]],[[12318,26552],[13,-22]],[[12331,26530],[32,-34]],[[12363,26496],[30,15]],[[12393,26511],[36,29]],[[12429,26540],[98,-58]],[[12527,26482],[59,17]],[[12586,26499],[94,69]],[[12680,26568],[31,-2]],[[12711,26566],[81,48]],[[12792,26614],[64,-6]],[[12844,26580],[12,28]],[[12844,26580],[26,-91]],[[12845,26433],[25,56]],[[12845,26433],[31,-46]],[[12845,26323],[31,64]],[[12845,26323],[35,-46]],[[12880,26277],[37,-4]],[[12917,26273],[27,-41]],[[12944,26232],[33,-109]],[[12977,26123],[13,-78]],[[12982,26012],[8,33]],[[12982,26012],[41,-63]],[[13023,25949],[51,-35]],[[13074,25914],[86,2]],[[13160,25916],[32,-46]],[[13192,25870],[18,-36]],[[13130,25810],[80,24]],[[13130,25810],[51,-30]],[[13181,25780],[149,-135]],[[13330,25645],[64,-5]],[[13394,25640],[29,-71]],[[13423,25569],[52,-36]],[[13473,25495],[2,38]],[[13473,25495],[40,-12]],[[13513,25483],[136,-64]],[[13649,25419],[84,17]],[[13733,25436],[27,-13]],[[13760,25423],[209,6]],[[13969,25429],[92,8]],[[14061,25437],[105,25]],[[14166,25462],[119,39]],[[14285,25501],[71,-14]],[[14356,25487],[50,49]],[[14406,25536],[117,-5]],[[14523,25531],[88,-39]],[[14611,25492],[122,-27]],[[14733,25465],[52,-4]],[[14785,25461],[92,17]],[[14877,25478],[45,51]],[[14922,25529],[26,6]],[[14948,25535],[35,59]],[[14983,25594],[64,16]],[[15475,25069],[22,39]],[[15379,25001],[96,68]],[[15371,24967],[8,34]],[[15248,24907],[123,60]],[[15157,24849],[91,58]],[[15088,24853],[69,-4]],[[15047,24806],[41,47]],[[15047,24806],[38,-80]],[[15070,24620],[15,106]],[[15042,24597],[28,23]],[[15019,24490],[23,107]],[[14946,24376],[73,114]],[[14934,24323],[12,53]],[[14934,24323],[12,-37]],[[14915,24247],[31,39]],[[14915,24247],[39,-79]],[[14927,24117],[27,51]],[[14927,24117],[11,-35]],[[14924,24044],[14,38]],[[14864,24027],[60,17]],[[14864,24027],[11,-44]],[[14784,23959],[91,24]],[[14755,23996],[29,-37]],[[14728,24005],[27,-9]],[[14671,23961],[57,44]],[[14657,23912],[14,49]],[[14618,23890],[39,22]],[[14528,23917],[90,-27]],[[14468,24026],[60,-109]],[[14273,23993],[195,33]],[[14249,23952],[24,41]],[[14143,23983],[106,-31]],[[14115,23949],[28,34]],[[14024,23946],[91,3]],[[13978,23973],[46,-27]],[[13929,24053],[49,-80]],[[13914,24117],[15,-64]],[[13892,24105],[22,12]],[[13858,24048],[34,57]],[[13787,24033],[71,15]],[[13754,23993],[33,40]],[[13706,23965],[48,28]],[[13697,23933],[9,32]],[[13612,23876],[85,57]],[[13602,23828],[10,48]],[[13552,23791],[50,37]],[[13552,23791],[25,-33]],[[13577,23758],[27,-92]],[[13604,23666],[22,-14]],[[13626,23652],[12,-133]],[[13638,23519],[24,-38]],[[13650,23453],[12,28]],[[13650,23453],[4,-74]],[[13654,23379],[20,-17]],[[13674,23362],[30,-77]],[[13704,23285],[35,-43]],[[13712,23185],[27,57]],[[13681,23158],[31,27]],[[13679,23078],[2,80]],[[13622,23026],[57,52]],[[13606,22945],[16,81]],[[13556,22932],[50,13]],[[13519,22858],[37,74]],[[13480,22866],[39,-8]],[[13440,22838],[40,28]],[[13412,22873],[28,-35]],[[13379,22842],[33,31]],[[13379,22842],[10,-33]],[[13355,22754],[34,55]],[[13355,22754],[20,-66]],[[13375,22688],[58,-63]],[[13433,22625],[67,-20]],[[13500,22605],[12,-76]],[[13501,22481],[11,48]],[[13501,22481],[24,-52]],[[13525,22429],[18,-97]],[[13495,22281],[48,51]],[[13495,22281],[4,-77]],[[13499,22204],[46,-51]],[[13545,22153],[9,-33]],[[13542,22033],[12,87]],[[13542,22033],[9,-52]],[[13491,21998],[60,-17]],[[13415,21965],[76,33]],[[13415,21965],[9,-37]],[[13352,21903],[72,25]],[[13297,21974],[55,-71]],[[13257,21952],[40,22]],[[13238,21913],[19,39]],[[13228,21843],[10,70]],[[13144,21856],[84,-13]],[[13069,21850],[75,6]],[[12988,21866],[81,-16]],[[12934,21832],[54,34]],[[12934,21832],[13,-70]],[[12946,21685],[1,77]],[[12946,21685],[82,-56]],[[27470,10265],[88,15]],[[27434,10279],[36,-14]],[[27349,10259],[85,20]],[[27229,10208],[120,51]],[[27229,10208],[5,28]],[[27147,10357],[87,-121]],[[27099,10389],[48,-32]],[[27082,10428],[17,-39]],[[27038,10421],[44,7]],[[27005,10402],[33,19]],[[26982,10468],[23,-66]],[[26969,10571],[13,-103]],[[26963,10627],[6,-56]],[[26930,10623],[33,4]],[[26930,10623],[37,213]],[[26905,10836],[62,0]],[[26880,10931],[25,-95]],[[26864,10947],[16,-16]],[[26861,11010],[3,-63]],[[26802,11061],[59,-51]],[[26758,11166],[44,-105]],[[26751,11245],[7,-79]],[[26732,11286],[19,-41]],[[26732,11286],[8,50]],[[26729,11397],[11,-61]],[[26680,11417],[49,-20]],[[26680,11417],[9,156]],[[26669,11689],[20,-116]],[[26625,11695],[44,-6]],[[26565,11721],[60,-26]],[[26526,11611],[39,110]],[[26499,11565],[27,46]],[[26499,11565],[11,-49]],[[26500,11467],[10,49]],[[26449,11458],[51,9]],[[26449,11458],[29,-83]],[[26474,11271],[4,104]],[[26458,11254],[16,17]],[[26409,11269],[49,-15]],[[26378,11194],[31,75]],[[26378,11194],[3,-53]],[[26309,11127],[72,14]],[[26291,11053],[18,74]],[[26197,11022],[94,31]],[[26117,10992],[80,30]],[[26074,10952],[43,40]],[[26068,11000],[6,-48]],[[25997,11017],[71,-17]],[[25941,11069],[56,-52]],[[25926,11101],[15,-32]],[[25926,11101],[92,134]],[[26018,11235],[11,35]],[[28792,7060],[17,-43]],[[28786,7124],[6,-64]],[[28742,7122],[44,2]],[[28657,7126],[85,-4]],[[28399,7120],[258,6]],[[28399,7061],[0,59]],[[28353,7057],[46,4]],[[28315,7116],[38,-59]],[[28209,7107],[106,9]],[[28200,7161],[9,-54]],[[28004,7092],[196,69]],[[28004,7092],[2,24]],[[27939,7142],[67,-26]],[[27939,7142],[12,30]],[[27951,7172],[40,18]],[[27991,7190],[1,35]],[[27936,7388],[56,-163]],[[27936,7388],[50,16]],[[27986,7404],[15,94]],[[27989,7598],[12,-100]],[[27989,7598],[22,64]],[[28001,7691],[10,-29]],[[28001,7691],[10,84]],[[27874,7776],[137,-1]],[[27874,7776],[4,244]],[[27833,8026],[45,-6]],[[27833,8026],[12,175]],[[27845,8201],[14,75]],[[27859,8276],[25,76]],[[27884,8352],[43,92]],[[27911,8511],[16,-67]],[[27865,8521],[46,-10]],[[27847,8585],[18,-64]],[[27847,8585],[35,-2]],[[27881,8630],[1,-47]],[[27850,8661],[31,-31]],[[27840,8758],[10,-97]],[[27792,8841],[48,-83]],[[27728,8852],[64,-11]],[[27716,9167],[12,-315]],[[27716,9167],[23,58]],[[27739,9225],[27,30]],[[27727,9274],[39,-19]],[[27708,9364],[19,-90]],[[27677,9396],[31,-32]],[[27677,9396],[13,67]],[[27670,9513],[20,-50]],[[27670,9513],[24,19]],[[27681,9571],[13,-39]],[[27607,9893],[74,-322]],[[27572,9935],[35,-42]],[[27572,9935],[156,95]],[[27728,10030],[1,36]],[[27729,10066],[68,2]],[[27726,10133],[71,-65]],[[27683,10232],[43,-99]],[[27589,10246],[94,-14]],[[27558,10280],[31,-34]],[[26029,11270],[44,70]],[[26073,11340],[43,7]],[[26116,11347],[69,79]],[[26185,11426],[26,77]],[[26194,11531],[17,-28]],[[26194,11531],[21,65]],[[26215,11596],[52,86]],[[26267,11682],[24,82]],[[26210,11788],[81,-24]],[[26192,11820],[18,-32]],[[26192,11904],[0,-84]],[[26192,11904],[40,58]],[[26230,11996],[2,-34]],[[26230,11996],[52,40]],[[26282,12036],[47,82]],[[26329,12118],[64,32]],[[26393,12150],[20,39]],[[26329,12261],[84,-72]],[[26267,12225],[62,36]],[[26220,12215],[47,10]],[[26220,12215],[65,142]],[[26277,12428],[8,-71]],[[26277,12428],[20,41]],[[26297,12469],[43,35]],[[26340,12504],[20,68]],[[26360,12572],[78,90]],[[26438,12662],[33,9]],[[26373,12785],[98,-114]],[[26342,12798],[31,-13]],[[26323,12842],[19,-44]],[[26323,12842],[49,67]],[[26372,12909],[23,-2]],[[26395,12907],[74,106]],[[26469,13013],[60,54]],[[26529,13067],[13,74]],[[26506,13156],[36,-15]],[[26490,13196],[16,-40]],[[26405,13205],[85,-9]],[[26299,13251],[106,-46]],[[26299,13251],[20,31]],[[26319,13282],[12,60]],[[26331,13342],[33,52]],[[26364,13394],[68,32]],[[26432,13426],[27,46]],[[26446,13511],[13,-39]],[[26399,13530],[47,-19]],[[26399,13530],[17,36]],[[26404,13613],[12,-47]],[[26360,13634],[44,-21]],[[26360,13634],[9,73]],[[26369,13707],[60,44]],[[26429,13751],[64,-65]],[[26493,13686],[22,57]],[[26505,13799],[10,-56]],[[26505,13799],[21,59]],[[26516,13881],[10,-23]],[[26516,13881],[21,48]],[[26514,14011],[23,-82]],[[26422,14129],[92,-118]],[[26402,14213],[20,-84]],[[26402,14213],[33,-13]],[[26435,14200],[60,14]],[[26480,14299],[15,-85]],[[26480,14299],[56,14]],[[26536,14313],[16,30]],[[26498,14427],[54,-84]],[[26415,14429],[83,-2]],[[26337,14492],[78,-63]],[[26337,14492],[39,45]],[[26376,14537],[47,11]],[[26394,14602],[29,-54]],[[26320,14633],[74,-31]],[[26276,14606],[44,27]],[[26245,14638],[31,-32]],[[26221,14742],[24,-104]],[[26221,14742],[8,45]],[[26208,14820],[21,-33]],[[26208,14820],[47,57]],[[26236,14906],[19,-29]],[[26236,14906],[36,34]],[[26272,14940],[42,127]],[[26314,15067],[0,53]],[[26288,15156],[26,-36]],[[26288,15156],[77,88]],[[26365,15244],[2,39]],[[26338,15345],[29,-62]],[[26338,15345],[11,35]],[[26302,15417],[47,-37]],[[26298,15472],[4,-55]],[[26298,15472],[54,43]],[[26352,15515],[12,66]],[[26347,15653],[17,-72]],[[26347,15653],[14,14]],[[26309,15740],[52,-73]],[[26250,15723],[59,17]],[[26248,15816],[2,-93]],[[26225,15887],[23,-71]],[[26225,15887],[20,43]],[[26245,15930],[0,48]],[[26245,15978],[87,7]],[[26332,15985],[89,-50]],[[26421,15935],[22,68]],[[26418,16028],[25,-25]],[[26395,16090],[23,-62]],[[26395,16090],[14,15]],[[26379,16157],[30,-52]],[[26379,16157],[10,25]],[[26389,16182],[53,-5]],[[26442,16177],[7,29]],[[26431,16266],[18,-60]],[[26362,16354],[69,-88]],[[26352,16457],[10,-103]],[[26312,16510],[40,-53]],[[26312,16510],[8,110]],[[26284,16714],[36,-94]],[[26284,16714],[11,105]],[[26295,16819],[30,123]],[[26325,16942],[65,18]],[[26390,16960],[94,-10]],[[26484,16950],[27,22]],[[26511,16972],[59,84]],[[26564,17122],[6,-66]],[[26564,17122],[20,144]],[[26539,17349],[45,-83]],[[26501,17384],[38,-35]],[[26489,17446],[12,-62]],[[26489,17446],[27,46]],[[26516,17492],[42,19]],[[26558,17511],[24,37]],[[26582,17548],[28,3]],[[26610,17551],[57,62]],[[26640,17683],[27,-70]],[[26601,17850],[39,-167]],[[26601,17850],[8,76]],[[26559,18026],[50,-100]],[[26559,18026],[24,-4]],[[26583,18022],[39,35]],[[26622,18057],[127,35]],[[26749,18092],[77,-79]],[[26826,18013],[27,25]],[[26853,18038],[98,55]],[[26951,18093],[66,76]],[[27017,18169],[33,-14]],[[27050,18155],[37,39]],[[27087,18194],[26,-8]],[[27113,18186],[65,14]],[[27178,18200],[24,40]],[[27202,18240],[44,-25]],[[27246,18215],[68,25]],[[27314,18240],[30,-20]],[[27344,18220],[56,13]],[[27400,18233],[3,-44]],[[27403,18189],[21,-26]],[[27424,18163],[57,-8]],[[27481,18155],[51,37]],[[27532,18192],[36,50]],[[27568,18242],[61,15]],[[27629,18257],[26,-31]],[[27655,18226],[69,20]],[[27724,18246],[38,25]],[[27762,18271],[60,-4]],[[27822,18267],[18,14]],[[27840,18281],[46,-48]],[[27886,18233],[138,59]],[[28024,18292],[74,13]],[[28098,18305],[39,-5]],[[28137,18300],[116,-68]],[[28253,18232],[49,22]],[[28302,18254],[47,48]],[[28349,18302],[22,-27]],[[28371,18275],[58,-19]],[[28429,18256],[42,8]],[[28471,18264],[16,-34]],[[28487,18230],[4,-61]],[[28491,18169],[18,-35]],[[28509,18134],[79,9]],[[28588,18143],[39,-22]],[[28627,18121],[26,30]],[[28653,18151],[75,-1]],[[28728,18150],[19,-14]],[[28747,18136],[67,13]],[[28814,18149],[99,10]],[[28913,18159],[58,-22]],[[28971,18137],[43,17]],[[29014,18154],[120,-108]],[[29134,18046],[32,-6]],[[29166,18040],[105,97]],[[29271,18137],[58,2]],[[29329,18139],[79,-29]],[[29408,18110],[30,-31]],[[29438,18079],[57,17]],[[29495,18096],[43,-15]],[[29538,18081],[78,-5]],[[29616,18076],[77,22]],[[29693,18098],[64,39]],[[29757,18137],[98,-55]],[[29855,18082],[114,-12]],[[29969,18070],[72,-34]],[[30041,18036],[135,32]],[[30176,18068],[38,-34]],[[30214,18034],[23,-44]],[[30237,17990],[79,-45]],[[30316,17945],[24,-59]],[[30340,17886],[34,-39]],[[30374,17847],[66,-23]],[[30440,17824],[38,-118]],[[30478,17706],[34,-33]],[[30512,17673],[31,-3]],[[30543,17670],[55,-48]],[[30598,17622],[26,-5]],[[30624,17617],[86,-122]],[[30710,17495],[90,-29]],[[30800,17466],[52,66]],[[30852,17532],[43,-48]],[[30895,17484],[47,-33]],[[30942,17451],[67,-4]],[[30986,17394],[23,53]],[[30986,17394],[18,-65]],[[31004,17329],[35,-46]],[[31031,17183],[8,100]],[[31012,17121],[19,62]],[[31012,17121],[6,-61]],[[31018,17060],[51,-49]],[[31069,17011],[22,-64]],[[31091,16947],[53,-67]],[[31137,16845],[7,35]],[[31137,16845],[65,-53]],[[31202,16792],[24,6]],[[31226,16798],[26,-45]],[[31216,16726],[36,27]],[[31174,16718],[42,8]],[[31112,16631],[62,87]],[[31112,16631],[80,-118]],[[31192,16513],[8,-64]],[[31200,16449],[25,-10]],[[31225,16439],[21,7]],[[31246,16446],[33,55]],[[31279,16501],[46,10]],[[31325,16511],[36,51]],[[31361,16562],[52,10]],[[31413,16572],[29,-72]],[[31442,16500],[10,-80]],[[31452,16420],[26,-60]],[[31476,16317],[2,43]],[[31452,16270],[24,47]],[[31452,16270],[85,-77]],[[31506,16111],[31,82]],[[31506,16111],[27,-78]],[[31524,15993],[9,40]],[[31524,15993],[36,-30]],[[31554,15861],[6,102]],[[31464,15779],[90,82]],[[31463,15747],[1,32]],[[31463,15747],[40,-100]],[[31453,15510],[50,137]],[[31434,15488],[19,22]],[[31426,15425],[8,63]],[[31426,15425],[10,-47]],[[31375,15309],[61,69]],[[31368,15277],[7,32]],[[31306,15228],[62,49]],[[31284,15183],[22,45]],[[31280,15094],[4,89]],[[31280,15094],[33,-81]],[[31310,14903],[3,110]],[[31310,14903],[53,-80]],[[31345,14798],[18,25]],[[31338,14730],[7,68]],[[31298,14739],[40,-9]],[[31265,14688],[33,51]],[[31215,14654],[50,34]],[[31136,14653],[79,1]],[[31077,14628],[59,25]],[[31077,14628],[25,-47]],[[31089,14500],[13,81]],[[31089,14500],[22,-85]],[[31111,14415],[18,-13]],[[31101,14353],[28,49]],[[31029,14316],[72,37]],[[30963,14231],[66,85]],[[30879,14201],[84,30]],[[30879,14201],[7,-53]],[[30853,14130],[33,18]],[[30823,14192],[30,-62]],[[30761,14210],[62,-18]],[[30743,14284],[18,-74]],[[30693,14380],[50,-96]],[[30691,14405],[2,-25]],[[30654,14461],[37,-56]],[[30654,14461],[25,24]],[[30666,14552],[13,-67]],[[30596,14539],[70,13]],[[30563,14658],[33,-119]],[[30519,14674],[44,-16]],[[30518,14649],[1,25]],[[30400,14635],[118,14]],[[30400,14635],[35,-47]],[[30435,14588],[61,-27]],[[30444,14522],[52,39]],[[30444,14522],[53,-54]],[[30497,14468],[3,-40]],[[30452,14417],[48,11]],[[30452,14417],[25,-65]],[[30477,14352],[2,-147]],[[30479,14205],[9,-76]],[[30477,14078],[11,51]],[[30445,14005],[32,73]],[[30445,14005],[29,-27]],[[30446,13877],[28,101]],[[30446,13877],[53,-9]],[[30499,13868],[46,-40]],[[30442,13756],[103,72]],[[30442,13756],[34,-33]],[[30476,13723],[40,58]],[[30516,13781],[26,-15]],[[30542,13766],[30,-59]],[[30572,13707],[59,-29]],[[30622,13628],[9,50]],[[30622,13628],[29,-46]],[[30651,13522],[0,60]],[[30587,13430],[64,92]],[[30515,13390],[72,40]],[[30495,13468],[20,-78]],[[30419,13464],[76,4]],[[30407,13437],[12,27]],[[30322,13361],[85,76]],[[30320,13289],[2,72]],[[30320,13289],[11,-29]],[[30331,13260],[127,-107]],[[30443,13058],[15,95]],[[30443,13058],[7,-17]],[[30450,13041],[155,22]],[[30600,12991],[5,72]],[[30600,12991],[30,-32]],[[30630,12959],[69,37]],[[30699,12996],[19,-67]],[[30718,12929],[26,-23]],[[30744,12906],[16,-45]],[[30760,12861],[11,-159]],[[30752,12602],[19,100]],[[30692,12605],[60,-3]],[[30630,12584],[62,21]],[[30606,12542],[24,42]],[[30606,12542],[2,-42]],[[30586,12437],[22,63]],[[30586,12437],[13,-128]],[[30573,12222],[26,87]],[[30573,12222],[15,-72]],[[30555,12068],[33,82]],[[30555,12068],[21,-92]],[[30576,11976],[35,-21]],[[30611,11955],[36,-52]],[[30647,11903],[42,-23]],[[30689,11880],[75,-78]],[[30736,11645],[28,157]],[[30721,11604],[15,41]],[[30721,11604],[16,-100]],[[30737,11504],[35,-60]],[[30772,11444],[30,-63]],[[30801,11343],[1,38]],[[30756,11291],[45,52]],[[30733,11217],[23,74]],[[30713,11128],[20,89]],[[30713,11128],[27,-36]],[[30728,11031],[12,61]],[[30728,11031],[58,-95]],[[30762,10906],[24,30]],[[30762,10906],[25,-93]],[[30787,10813],[33,-21]],[[30820,10792],[6,-73]],[[30826,10719],[33,-31]],[[30831,10609],[28,79]],[[30831,10609],[18,-76]],[[30780,10379],[69,154]],[[30765,10328],[15,51]],[[30765,10328],[17,-19]],[[30735,10247],[47,62]],[[30692,10342],[43,-95]],[[30641,10298],[51,44]],[[30641,10298],[28,-23]],[[30621,10216],[48,59]],[[30621,10216],[64,-29]],[[30672,10153],[13,34]],[[30672,10153],[11,-74]],[[30683,10079],[49,-50]],[[30732,10029],[74,-31]],[[30806,9998],[18,10]],[[30824,10008],[100,-57]],[[30924,9951],[57,-13]],[[30981,9938],[15,-44]],[[30996,9894],[15,-8]],[[30890,9773],[121,113]],[[30859,9722],[31,51]],[[30758,9623],[101,99]],[[30704,9662],[54,-39]],[[30582,9583],[122,79]],[[30582,9583],[54,-65]],[[30636,9518],[11,-45]],[[30647,9473],[69,-55]],[[30716,9418],[17,-28]],[[30650,9333],[83,57]],[[30650,9333],[32,-36]],[[30682,9297],[66,52]],[[30748,9349],[13,-10]],[[30761,9339],[27,-28]],[[30775,9241],[13,70]],[[30739,9199],[36,42]],[[30739,9199],[40,-117]],[[30779,9082],[70,79]],[[30849,9161],[89,-98]],[[30905,9032],[33,31]],[[30905,9032],[77,-117]],[[30982,8915],[7,-44]],[[30989,8871],[49,-58]],[[31038,8813],[40,-108]],[[31078,8705],[28,-34]],[[31106,8671],[41,55]],[[31147,8726],[209,-157]],[[31328,8513],[28,56]],[[31277,8354],[51,159]],[[31140,8204],[137,150]],[[31140,8204],[48,-43]],[[31188,8161],[43,-140]],[[31229,7989],[2,32]],[[31229,7989],[36,-46]],[[31265,7943],[13,-78]],[[31206,7838],[72,27]],[[31206,7838],[17,-21]],[[31214,7753],[9,64]],[[31214,7753],[46,-88]],[[31224,7615],[36,50]],[[31224,7615],[52,-30]],[[31176,7502],[100,83]],[[31142,7556],[34,-54]],[[30996,7400],[146,156]],[[30948,7468],[48,-68]],[[30932,7512],[16,-44]],[[30797,7696],[135,-184]],[[30707,7641],[90,55]],[[30658,7614],[49,27]],[[30500,7524],[158,90]],[[30500,7524],[16,-31]],[[30225,7323],[291,170]],[[30179,7334],[46,-11]],[[30071,7334],[108,0]],[[30071,7334],[51,-21]],[[29945,7157],[177,156]],[[29873,7261],[72,-104]],[[29821,7152],[52,109]],[[29598,7277],[223,-125]],[[29559,7201],[39,76]],[[29385,7018],[174,183]],[[29291,6964],[94,54]],[[29289,6986],[2,-22]],[[29102,6994],[187,-8]],[[28809,7017],[293,-23]],[[40553,22707],[29,-9]],[[40524,22678],[29,29]],[[40495,22700],[29,-22]],[[40465,22684],[30,16]],[[40414,22698],[51,-14]],[[40380,22684],[34,14]],[[40339,22757],[41,-73]],[[40251,22700],[88,57]],[[40159,22743],[92,-43]],[[40025,22650],[134,93]],[[40019,22612],[6,38]],[[39949,22589],[70,23]],[[39888,22613],[61,-24]],[[39835,22608],[53,5]],[[39795,22564],[40,44]],[[39754,22530],[41,34]],[[39754,22530],[3,-55]],[[39721,22446],[36,29]],[[39719,22408],[2,38]],[[39623,22368],[96,40]],[[39603,22332],[20,36]],[[39556,22291],[47,41]],[[39517,22316],[39,-25]],[[39448,22255],[69,61]],[[39424,22253],[24,2]],[[39416,22172],[8,81]],[[39381,22079],[35,93]],[[39336,22035],[45,44]],[[39255,22067],[81,-32]],[[39209,22071],[46,-4]],[[39195,22096],[14,-25]],[[39133,22094],[62,2]],[[39106,22137],[27,-43]],[[38981,22128],[125,9]],[[38917,22184],[64,-56]],[[38893,22238],[24,-54]],[[38832,22296],[61,-58]],[[38758,22291],[74,5]],[[38743,22248],[15,43]],[[38700,22223],[43,25]],[[38610,22203],[90,20]],[[38550,22234],[60,-31]],[[38510,22238],[40,-4]],[[45074,23373],[0,-30]],[[44992,23415],[82,-42]],[[44970,23358],[22,57]],[[44908,23324],[62,34]],[[44864,23327],[44,-3]],[[44836,23373],[28,-46]],[[44809,23462],[27,-89]],[[44809,23462],[19,7]],[[44794,23573],[34,-104]],[[44730,23581],[64,-8]],[[44706,23610],[24,-29]],[[44625,23626],[81,-16]],[[44618,23661],[7,-35]],[[44525,23666],[93,-5]],[[44419,23661],[106,5]],[[44407,23621],[12,40]],[[44364,23625],[43,-4]],[[44345,23513],[19,112]],[[44345,23513],[31,-116]],[[44331,23364],[45,33]],[[44331,23364],[4,-38]],[[44266,23317],[69,9]],[[44183,23284],[83,33]],[[44164,23323],[19,-39]],[[44164,23323],[24,39]],[[44186,23432],[2,-70]],[[44109,23440],[77,-8]],[[44083,23428],[26,12]],[[44061,23529],[22,-101]],[[44008,23571],[53,-42]],[[43960,23569],[48,2]],[[43960,23569],[6,55]],[[43966,23624],[26,20]],[[43983,23744],[9,-100]],[[43930,23768],[53,-24]],[[43841,23757],[89,11]],[[43734,23730],[107,27]],[[43641,23722],[93,8]],[[43641,23722],[7,-58]],[[43648,23664],[36,-100]],[[43564,23542],[120,22]],[[43533,23515],[31,27]],[[43493,23519],[40,-4]],[[43484,23552],[9,-33]],[[43469,23622],[15,-70]],[[43411,23597],[58,25]],[[43383,23639],[28,-42]],[[43256,23530],[127,109]],[[43237,23586],[19,-56]],[[43188,23594],[49,-8]],[[43188,23594],[3,-60]],[[43172,23497],[19,37]],[[43148,23463],[24,34]],[[43113,23534],[35,-71]],[[43081,23546],[32,-12]],[[43081,23546],[0,-33]],[[43034,23462],[47,51]],[[43034,23462],[28,-23]],[[42937,23342],[125,97]],[[42817,23256],[120,86]],[[42772,23235],[45,21]],[[42772,23235],[22,-88]],[[42794,23147],[81,-34]],[[42832,22988],[43,125]],[[42832,22988],[21,-13]],[[42823,22956],[30,19]],[[42768,22837],[55,119]],[[42696,22883],[72,-46]],[[42583,22902],[113,-19]],[[42583,22902],[27,-53]],[[42610,22849],[47,-4]],[[42657,22845],[3,-150]],[[42542,22738],[118,-43]],[[42496,22691],[46,47]],[[42462,22685],[34,6]],[[42386,22733],[76,-48]],[[42330,22756],[56,-23]],[[42284,22758],[46,-2]],[[42264,22784],[20,-26]],[[42199,22791],[65,-7]],[[42184,22820],[15,-29]],[[42111,22854],[73,-34]],[[42076,22851],[35,3]],[[41939,22918],[137,-67]],[[41876,22913],[63,5]],[[41862,22901],[14,12]],[[41759,22879],[103,22]],[[41699,22838],[60,41]],[[41683,22793],[16,45]],[[41683,22793],[24,-111]],[[41678,22624],[29,58]],[[41627,22595],[51,29]],[[41610,22495],[17,100]],[[41581,22473],[29,22]],[[41523,22482],[58,-9]],[[41490,22521],[33,-39]],[[41435,22540],[55,-19]],[[41349,22603],[86,-63]],[[41326,22592],[23,11]],[[41293,22623],[33,-31]],[[41236,22633],[57,-10]],[[41191,22663],[45,-30]],[[41141,22619],[50,44]],[[41055,22604],[86,15]],[[41032,22536],[23,68]],[[40938,22528],[94,8]],[[40910,22544],[28,-16]],[[40791,22489],[119,55]],[[40765,22530],[26,-41]],[[40762,22575],[3,-45]],[[40682,22610],[80,-35]],[[40682,22610],[1,23]],[[40636,22741],[47,-108]],[[40616,22740],[20,1]],[[40582,22698],[34,42]],[[38496,22373],[14,-135]],[[38465,22417],[31,-44]],[[38462,22461],[3,-44]],[[38417,22496],[45,-35]],[[38417,22496],[15,79]],[[38432,22575],[19,22]],[[38388,22643],[63,-46]],[[38314,22718],[74,-75]],[[38308,22833],[6,-115]],[[38218,22808],[90,25]],[[38159,22824],[59,-16]],[[38113,22861],[46,-37]],[[38085,22878],[28,-17]],[[38058,22966],[27,-88]],[[38058,22966],[62,55]],[[38120,23021],[11,33]],[[38131,23054],[41,9]],[[38172,23063],[23,39]],[[38184,23147],[11,-45]],[[38159,23156],[25,-9]],[[38159,23156],[10,57]],[[38106,23220],[63,-7]],[[38005,23173],[101,47]],[[37978,23182],[27,-9]],[[37905,23146],[73,36]],[[37905,23146],[29,137]],[[37916,23311],[18,-28]],[[37916,23311],[17,54]],[[37909,23413],[24,-48]],[[37851,23490],[58,-77]],[[37830,23589],[21,-99]],[[37830,23589],[14,91]],[[37844,23680],[51,47]],[[37874,23859],[21,-132]],[[37850,23886],[24,-27]],[[37792,24005],[58,-119]],[[37698,24076],[94,-71]],[[37543,24138],[155,-62]],[[37480,24149],[63,-11]],[[37409,24144],[71,5]],[[37379,24178],[30,-34]],[[37379,24178],[11,76]],[[37376,24310],[14,-56]],[[37346,24330],[30,-20]],[[37346,24427],[0,-97]],[[37346,24427],[58,25]],[[37404,24452],[37,63]],[[37441,24515],[36,6]],[[37458,24572],[19,-51]],[[37458,24572],[5,32]],[[37463,24604],[41,27]],[[37504,24631],[15,129]],[[37519,24760],[17,74]],[[37536,24834],[28,19]],[[37564,24853],[28,99]],[[37565,24982],[27,-30]],[[37529,24988],[36,-6]],[[37456,25050],[73,-62]],[[37370,25015],[86,35]],[[37292,25005],[78,10]],[[37276,24967],[16,38]],[[37235,24958],[41,9]],[[37211,24870],[24,88]],[[37166,24790],[45,80]],[[37066,24746],[100,44]],[[37019,24737],[47,9]],[[36957,24751],[62,-14]],[[36872,24735],[85,16]],[[36782,24788],[90,-53]],[[36740,24776],[42,12]],[[36706,24836],[34,-60]],[[36697,24904],[9,-68]],[[36697,24904],[36,100]],[[36733,25004],[59,66]],[[36792,25070],[14,71]],[[36786,25206],[20,-65]],[[36786,25206],[21,68]],[[36786,25307],[21,-33]],[[36781,25380],[5,-73]],[[36762,25426],[19,-46]],[[36697,25452],[65,-26]],[[36680,25475],[17,-23]],[[36556,25534],[124,-59]],[[36506,25532],[50,2]],[[36449,25561],[57,-29]],[[36389,25569],[60,-8]],[[36299,25550],[90,19]],[[36153,25562],[146,-12]],[[36118,25589],[35,-27]],[[36118,25589],[34,71]],[[36059,25708],[93,-48]],[[35973,25710],[86,-2]],[[35953,25649],[20,61]],[[35922,25693],[31,-44]],[[35894,25687],[28,6]],[[35889,25640],[5,47]],[[35828,25671],[61,-31]],[[35789,25614],[39,57]],[[35737,25618],[52,-4]],[[35737,25618],[31,63]],[[35749,25740],[19,-59]],[[35749,25740],[40,28]],[[35779,25807],[10,-39]],[[35734,25857],[45,-50]],[[35687,25915],[47,-58]],[[35687,25915],[116,53]],[[35795,26043],[8,-75]],[[35795,26043],[21,52]],[[35816,26095],[47,12]],[[35861,26150],[2,-43]],[[35839,26192],[22,-42]],[[35839,26192],[32,33]],[[35870,26269],[1,-44]],[[35808,26306],[62,-37]],[[35808,26306],[71,94]],[[35879,26400],[100,-6]],[[35979,26394],[83,10]],[[36062,26404],[69,17]],[[36131,26421],[35,-61]],[[36166,26360],[66,-27]],[[36232,26333],[44,211]],[[36276,26544],[9,46]],[[36232,26681],[53,-91]],[[36227,26711],[5,-30]],[[36150,26711],[77,0]],[[36123,26741],[27,-30]],[[36067,26769],[56,-28]],[[35985,26885],[82,-116]],[[35985,26885],[34,53]],[[36011,26986],[8,-48]],[[35968,27018],[43,-32]],[[35961,27095],[7,-77]],[[35961,27095],[15,27]],[[35929,27185],[47,-63]],[[35902,27289],[27,-104]],[[35842,27302],[60,-13]],[[35829,27336],[13,-34]],[[35789,27363],[40,-27]],[[35756,27411],[33,-48]],[[35748,27477],[8,-66]],[[35707,27542],[41,-65]],[[35707,27542],[15,62]],[[35722,27604],[42,19]],[[35764,27623],[49,95]],[[35813,27718],[75,-9]],[[35844,27805],[44,-96]],[[35815,27839],[29,-34]],[[35807,27943],[8,-104]],[[35767,27976],[40,-33]],[[35763,28004],[4,-28]],[[35717,28074],[46,-70]],[[35648,28131],[69,-57]],[[35608,28216],[40,-85]],[[35608,28216],[4,72]],[[35612,28288],[55,-6]],[[35667,28282],[95,29]],[[35762,28311],[27,-35]],[[35789,28276],[83,-3]],[[35872,28273],[11,51]],[[35883,28324],[46,50]],[[35929,28374],[92,66]],[[36021,28440],[75,27]],[[36096,28467],[28,-21]],[[36124,28446],[62,-20]],[[36186,28426],[27,-40]],[[36208,28335],[5,51]],[[36208,28335],[31,-75]],[[36208,28205],[31,55]],[[36208,28205],[10,-69]],[[36218,28136],[57,-68]],[[36259,28014],[16,54]],[[36259,28014],[19,-46]],[[36260,27931],[18,37]],[[36260,27931],[51,-31]],[[36311,27900],[56,-64]],[[36367,27836],[28,-11]],[[36395,27825],[41,46]],[[36436,27871],[124,65]],[[36560,27936],[83,15]],[[36643,27951],[45,-33]],[[36688,27918],[31,-68]],[[36708,27820],[11,30]],[[36708,27820],[50,-43]],[[36758,27777],[97,55]],[[36855,27832],[22,24]],[[36877,27856],[117,27]],[[36994,27883],[48,-14]],[[37042,27869],[72,40]],[[37105,27964],[9,-55]],[[37105,27964],[24,115]],[[37128,28130],[1,-51]],[[37128,28130],[101,59]],[[37229,28189],[32,79]],[[37261,28268],[70,21]],[[37331,28289],[93,53]],[[37424,28342],[9,-37]],[[37399,28259],[34,46]],[[37399,28259],[56,-20]],[[37455,28239],[19,-42]],[[37474,28197],[66,-65]],[[37539,28092],[1,40]],[[37539,28092],[26,-23]],[[37565,28069],[34,-117]],[[37592,27910],[7,42]],[[37592,27910],[50,-24]],[[37642,27886],[91,8]],[[37733,27894],[45,13]],[[37778,27907],[21,61]],[[37799,27968],[29,17]],[[37828,27985],[51,-35]],[[37879,27950],[39,-84]],[[37918,27866],[65,9]],[[37983,27875],[43,-21]],[[38026,27854],[175,9]],[[38201,27863],[115,125]],[[38316,27988],[10,128]],[[38326,28116],[45,29]],[[38371,28145],[126,31]],[[38497,28176],[20,-55]],[[38517,28121],[87,20]],[[38604,28141],[40,-27]],[[38644,28114],[29,13]],[[38673,28127],[31,-23]],[[38704,28104],[88,30]],[[38792,28134],[11,-19]],[[38803,28115],[57,45]],[[38860,28160],[15,41]],[[38875,28201],[49,60]],[[38924,28261],[54,2]],[[38978,28263],[41,-40]],[[39019,28223],[52,20]],[[39071,28243],[45,-35]],[[39116,28208],[23,-59]],[[39139,28149],[36,-35]],[[39175,28114],[145,3]],[[39320,28117],[113,96]],[[39433,28213],[45,91]],[[39478,28304],[58,65]],[[39536,28369],[23,53]],[[39559,28422],[96,77]],[[39655,28499],[32,-40]],[[39687,28459],[53,51]],[[39740,28510],[39,-31]],[[39779,28479],[28,39]],[[39807,28518],[34,54]],[[39841,28572],[71,75]],[[39912,28647],[27,-31]],[[39939,28616],[42,28]],[[39949,28819],[32,-175]],[[39949,28819],[54,49]],[[39981,28935],[22,-67]],[[39981,28935],[183,-8]],[[40164,28927],[14,46]],[[40178,28973],[96,-43]],[[40274,28930],[1,-24]],[[40275,28906],[64,-14]],[[40339,28892],[7,51]],[[40346,28943],[50,-2]],[[40371,28849],[25,92]],[[40326,28811],[45,38]],[[40326,28811],[10,-43]],[[40336,28768],[133,61]],[[40454,28735],[15,94]],[[40454,28735],[1,-52]],[[40455,28683],[69,-67]],[[40524,28616],[83,-70]],[[40607,28546],[27,-6]],[[40634,28540],[35,-72]],[[40669,28468],[85,47]],[[40740,28541],[14,-26]],[[40740,28541],[123,71]],[[40846,28633],[17,-21]],[[40846,28633],[62,42]],[[40896,28710],[12,-35]],[[40896,28710],[41,33]],[[40937,28743],[78,42]],[[40941,28915],[74,-130]],[[40889,28985],[52,-70]],[[40889,28985],[88,57]],[[40977,29042],[51,-33]],[[41028,29009],[35,38]],[[41063,29047],[10,138]],[[41063,29275],[10,-90]],[[41063,29275],[104,18]],[[41167,29293],[36,33]],[[41200,29358],[3,-32]],[[41200,29358],[68,20]],[[41264,29496],[4,-118]],[[41264,29496],[172,-14]],[[41423,29426],[13,56]],[[41423,29426],[41,-4]],[[41464,29422],[5,-92]],[[41449,29322],[20,8]],[[41407,29378],[42,-56]],[[41379,29372],[28,6]],[[41379,29372],[5,-49]],[[41384,29323],[35,-26]],[[41419,29297],[6,-69]],[[41341,29238],[84,-10]],[[41341,29238],[11,-45]],[[41352,29193],[97,-19]],[[41449,29174],[13,-28]],[[41436,29097],[26,49]],[[41436,29097],[109,-44]],[[41545,29053],[48,44]],[[41593,29097],[28,-68]],[[41621,29029],[44,-45]],[[41635,28938],[30,46]],[[41635,28938],[33,-35]],[[41668,28903],[0,-54]],[[41629,28837],[39,12]],[[41622,28797],[7,40]],[[41622,28797],[66,41]],[[41688,28838],[95,-27]],[[41783,28811],[27,46]],[[41810,28857],[60,32]],[[41870,28889],[45,3]],[[41915,28892],[65,26]],[[41980,28918],[46,-1]],[[42026,28917],[32,31]],[[42058,28948],[101,0]],[[42159,28948],[22,27]],[[42181,28975],[60,-17]],[[42241,28958],[43,20]],[[42284,28978],[42,-114]],[[42326,28864],[18,-11]],[[42344,28853],[41,-24]],[[42385,28829],[46,66]],[[42431,28895],[43,31]],[[42474,28926],[95,5]],[[42569,28931],[37,21]],[[42606,28952],[32,-7]],[[42638,28945],[32,-54]],[[42670,28891],[50,-130]],[[42720,28761],[46,14]],[[42766,28775],[44,-29]],[[42810,28746],[30,13]],[[42840,28759],[32,40]],[[42872,28799],[44,1]],[[42888,28695],[28,105]],[[42888,28695],[61,-43]],[[42941,28600],[8,52]],[[42941,28600],[61,29]],[[43002,28629],[27,78]],[[43019,28766],[10,-59]],[[43019,28766],[69,8]],[[43088,28774],[22,-18]],[[43110,28756],[51,18]],[[43161,28774],[3,81]],[[43164,28855],[51,29]],[[43215,28884],[72,71]],[[43287,28955],[31,-84]],[[43318,28871],[40,-17]],[[43358,28854],[25,-41]],[[43383,28813],[95,-64]],[[43452,28723],[26,26]],[[43452,28723],[41,-85]],[[43493,28638],[57,-25]],[[43550,28613],[33,-44]],[[43583,28569],[68,-38]],[[43651,28531],[95,-36]],[[43746,28495],[38,-27]],[[43784,28468],[120,-95]],[[43904,28373],[42,-55]],[[43946,28318],[35,17]],[[43981,28335],[56,-41]],[[44004,28254],[33,40]],[[43947,28239],[57,15]],[[43902,28191],[45,48]],[[43902,28191],[15,-28]],[[43864,28116],[53,47]],[[43828,28101],[36,15]],[[43828,28101],[58,-80]],[[43886,28021],[37,-37]],[[43923,27984],[60,-30]],[[43983,27954],[16,-23]],[[43962,27902],[37,29]],[[43962,27902],[10,-29]],[[43873,27796],[99,77]],[[43750,27664],[123,132]],[[43724,27626],[26,38]],[[43724,27626],[68,-65]],[[43792,27561],[29,-65]],[[43821,27496],[37,-43]],[[43858,27453],[31,-1]],[[43889,27452],[47,-64]],[[43936,27388],[4,-37]],[[43940,27351],[47,2]],[[43987,27353],[6,-43]],[[43993,27310],[32,-18]],[[44025,27292],[29,-50]],[[44054,27242],[5,-16]],[[44059,27226],[37,-153]],[[44096,27073],[46,-47]],[[44142,27026],[55,-82]],[[44197,26944],[8,-54]],[[44205,26890],[34,-39]],[[44239,26851],[13,-51]],[[44252,26800],[44,-20]],[[44296,26780],[19,-76]],[[44315,26704],[30,-24]],[[44329,26645],[16,35]],[[44329,26645],[24,-25]],[[44353,26620],[40,20]],[[44381,26625],[12,15]],[[44381,26625],[11,-70]],[[44381,26493],[11,62]],[[44381,26493],[75,-197]],[[44456,26296],[22,-18]],[[44478,26278],[15,-88]],[[44493,26190],[65,-64]],[[44558,26126],[38,-185]],[[44596,25941],[21,-86]],[[44617,25855],[27,-50]],[[44644,25805],[34,-21]],[[44678,25784],[21,-113]],[[44699,25671],[56,-21]],[[44755,25650],[50,-109]],[[44805,25541],[-1,-42]],[[44804,25499],[16,-138]],[[44820,25361],[46,3]],[[44866,25364],[30,-78]],[[44896,25286],[12,-75]],[[44863,25193],[45,18]],[[44863,25193],[31,-113]],[[44894,25080],[41,-104]],[[44935,24976],[34,-64]],[[44956,24849],[13,63]],[[44851,24824],[105,25]],[[44851,24824],[18,-113]],[[44869,24711],[43,-54]],[[44891,24602],[21,55]],[[44891,24602],[31,-42]],[[44922,24560],[50,-34]],[[44972,24526],[35,-59]],[[44908,24444],[99,23]],[[44908,24444],[28,-73]],[[44928,24339],[8,32]],[[44928,24339],[19,-162]],[[44947,24177],[8,-121]],[[44955,24056],[26,-61]],[[44981,23995],[6,-87]],[[44987,23908],[172,-12]],[[45159,23896],[21,-115]],[[45162,23765],[18,16]],[[45144,23754],[18,11]],[[45144,23754],[28,-98]],[[45150,23649],[22,7]],[[45150,23649],[5,-90]],[[45121,23396],[34,163]],[[45121,23396],[37,-8]],[[45158,23388],[-1,-79]],[[45074,23343],[83,-34]],[[7347,27867],[82,86]],[[7429,27953],[6,58]],[[7354,28004],[81,7]],[[7284,28107],[70,-103]],[[7284,28107],[1,41]],[[7261,28216],[24,-68]],[[7261,28216],[42,57]],[[7303,28273],[104,-66]],[[7407,28207],[115,64]],[[7522,28271],[91,-37]],[[7613,28234],[38,-52]],[[7651,28182],[32,18]],[[7683,28200],[18,57]],[[7701,28257],[58,38]],[[7759,28295],[1,63]],[[7760,28358],[23,22]],[[7783,28380],[-1,42]],[[7782,28422],[59,23]],[[7841,28445],[53,59]],[[7894,28504],[7,60]],[[7892,28610],[9,-46]],[[7866,28680],[26,-70]],[[7785,28727],[81,-47]],[[7669,28841],[116,-114]],[[7617,28850],[52,-9]],[[7612,28909],[5,-59]],[[7612,28909],[39,100]],[[7651,29009],[20,-7]],[[7671,29002],[99,77]],[[7770,29079],[27,112]],[[7797,29191],[31,41]],[[7828,29232],[19,73]],[[7847,29305],[-4,109]],[[7830,29562],[13,-148]],[[7830,29562],[25,28]],[[7855,29590],[72,5]],[[7927,29595],[21,73]],[[7948,29668],[63,12]],[[8011,29680],[56,45]],[[8067,29725],[75,3]],[[8142,29728],[74,32]],[[8216,29760],[22,22]],[[8238,29782],[67,6]],[[8305,29788],[50,75]],[[8342,29957],[13,-94]],[[8342,29957],[15,54]],[[8357,30011],[67,16]],[[8380,30193],[44,-166]],[[8353,30190],[27,3]],[[8329,30235],[24,-45]],[[8318,30316],[11,-81]],[[8318,30316],[9,84]],[[8327,30400],[47,49]],[[8374,30449],[200,4]],[[8574,30453],[15,55]],[[8589,30508],[57,43]],[[8646,30551],[8,38]],[[8654,30589],[56,75]],[[8710,30664],[82,-19]],[[8792,30645],[35,61]],[[8827,30706],[18,60]],[[8812,30787],[33,-21]],[[8758,30796],[54,-9]],[[8758,30796],[16,91]],[[8774,30887],[36,52]],[[8810,30939],[-1,62]],[[8809,31001],[21,50]],[[8830,31051],[51,15]],[[8851,31108],[30,-42]],[[8824,31184],[27,-76]],[[8821,31239],[3,-55]],[[8721,31256],[100,-17]],[[8646,31381],[75,-125]],[[8638,31440],[8,-59]],[[8638,31440],[85,11]],[[8723,31451],[50,27]],[[8773,31478],[78,12]],[[8851,31490],[13,60]],[[8864,31550],[23,30]],[[8887,31580],[56,23]],[[8932,31625],[11,-22]],[[8932,31625],[57,27]],[[8967,31697],[22,-45]],[[8967,31697],[94,61]],[[9038,31828],[23,-70]],[[9038,31828],[83,147]],[[9121,31975],[157,60]],[[9278,32035],[132,36]],[[9410,32071],[115,-28]],[[9525,32043],[12,10]],[[9514,32107],[23,-54]],[[9514,32107],[19,63]],[[9528,32209],[5,-39]],[[9528,32209],[56,61]],[[9584,32270],[1,60]],[[9585,32330],[63,233]],[[9648,32563],[42,94]],[[9690,32657],[76,21]],[[9766,32678],[9,35]],[[9775,32713],[48,-15]],[[9823,32698],[56,68]],[[9879,32766],[65,22]],[[9944,32788],[9,182]],[[9944,33092],[9,-122]],[[9874,33126],[70,-34]],[[9874,33126],[30,141]],[[9904,33267],[32,38]],[[9936,33305],[47,88]],[[9983,33393],[5,37]],[[9988,33430],[61,67]],[[10049,33497],[32,6]],[[10081,33503],[49,67]],[[10130,33570],[2,53]],[[10072,33680],[60,-57]],[[10072,33680],[1,30]],[[10073,33710],[44,18]],[[10117,33728],[19,63]],[[10136,33791],[27,94]],[[10163,33885],[13,78]],[[10176,33963],[62,74]],[[10238,34037],[17,54]],[[10255,34091],[38,37]],[[10293,34128],[58,105]],[[10351,34233],[13,86]],[[10364,34319],[59,62]],[[10423,34381],[30,67]],[[10445,34497],[8,-49]],[[10445,34497],[43,20]],[[10488,34517],[48,-5]],[[10536,34512],[53,61]],[[10589,34573],[83,-10]],[[10672,34563],[23,-17]],[[10695,34546],[51,29]],[[10746,34575],[51,-5]],[[10797,34570],[28,-35]],[[10825,34535],[78,-12]],[[10903,34523],[44,104]],[[10947,34627],[23,28]],[[10970,34655],[32,91]],[[11002,34746],[43,106]],[[11045,34852],[3,41]],[[11014,34954],[34,-61]],[[11014,34954],[35,44]],[[10990,35135],[59,-137]],[[10990,35135],[43,79]],[[10959,35247],[74,-33]],[[10875,35443],[84,-196]],[[10875,35443],[-2,68]],[[10873,35511],[23,69]],[[10896,35580],[11,97]],[[10907,35677],[23,34]],[[10930,35711],[16,61]],[[10946,35772],[33,75]],[[10979,35847],[97,119]],[[11076,35966],[36,64]],[[11112,36030],[100,-99]],[[11212,35931],[62,83]],[[11170,36096],[104,-82]],[[11170,36096],[20,37]],[[11190,36133],[90,61]],[[11280,36194],[42,44]],[[11322,36238],[47,-12]],[[11369,36226],[25,-34]],[[11394,36192],[41,32]],[[11435,36224],[32,56]],[[11467,36280],[9,43]],[[11476,36323],[58,29]],[[11534,36352],[36,39]],[[11570,36391],[38,78]],[[11608,36469],[26,16]],[[11634,36485],[0,73]],[[11634,36558],[64,8]],[[11698,36566],[40,-30]],[[11738,36536],[88,-22]],[[11826,36514],[69,-7]],[[11895,36507],[34,25]],[[11929,36532],[27,52]],[[11956,36584],[68,-11]],[[12024,36573],[29,9]],[[12053,36582],[68,-31]],[[12121,36551],[39,-97]],[[12160,36454],[67,5]],[[12227,36459],[36,-41]],[[12263,36418],[10,-72]],[[12273,36346],[28,-82]],[[12301,36264],[50,21]],[[12351,36285],[30,-35]],[[12381,36250],[48,28]],[[12429,36278],[27,-22]],[[12431,36223],[25,33]],[[12431,36223],[29,-54]],[[12442,36139],[18,30]],[[12423,36030],[19,109]],[[12423,36030],[185,-45]],[[12608,35985],[24,53]],[[12632,36038],[10,-14]],[[12642,36024],[9,-144]],[[12651,35880],[21,-35]],[[12612,35809],[60,36]],[[12612,35809],[37,-60]],[[12631,35722],[18,27]],[[12631,35722],[130,-49]],[[12761,35673],[102,-15]],[[12863,35658],[92,-81]],[[12953,35348],[2,229]],[[12953,35348],[23,-65]],[[12955,35257],[21,26]],[[12955,35257],[71,-203]],[[13026,35054],[63,-55]],[[13089,34999],[33,6]],[[13122,35005],[86,-10]],[[13208,34995],[51,22]],[[13259,35017],[58,15]],[[13317,35032],[136,9]],[[13453,35041],[2,-23]],[[13455,35018],[50,-64]],[[13505,34954],[22,-6]],[[13527,34948],[36,46]],[[13563,34994],[41,18]],[[13604,35012],[56,3]],[[13660,35015],[32,24]],[[13692,35039],[31,-42]],[[13723,34997],[60,-57]],[[13783,34940],[60,9]],[[13843,34949],[48,27]],[[13891,34976],[76,-14]],[[13958,34906],[9,56]],[[13958,34906],[42,2]],[[14000,34908],[26,41]],[[14026,34949],[103,-32]],[[14129,34917],[23,-111]],[[14137,34778],[15,28]],[[14137,34778],[19,-41]],[[14156,34737],[81,23]],[[14237,34760],[27,-5]],[[14264,34755],[93,-84]],[[14357,34671],[15,-78]],[[14328,34554],[44,39]],[[14328,34554],[55,-87]],[[14383,34467],[36,-27]],[[14392,34406],[27,34]],[[14383,34352],[9,54]],[[14383,34352],[70,17]],[[14453,34369],[62,-55]],[[14515,34314],[59,-71]],[[14574,34243],[37,-8]],[[14611,34235],[34,-41]],[[14645,34194],[3,-48]],[[14619,34084],[29,62]],[[14537,34062],[82,22]],[[14510,34075],[27,-13]],[[14482,33998],[28,77]],[[14433,33928],[49,70]],[[14421,33887],[12,41]],[[14421,33887],[27,-49]],[[14414,33832],[34,6]],[[14380,33880],[34,-48]],[[14326,33892],[54,-12]],[[14274,33851],[52,41]],[[14254,33791],[20,60]],[[14256,33749],[-2,42]],[[14256,33749],[22,-66]],[[14239,33651],[39,32]],[[14238,33545],[1,106]],[[14238,33545],[50,8]],[[14288,33553],[36,-52]],[[14309,33470],[15,31]],[[14309,33470],[19,-86]],[[14299,33378],[29,6]],[[14233,33268],[66,110]],[[14195,33219],[38,49]],[[14051,33208],[144,11]],[[14045,33155],[6,53]],[[14015,33087],[30,68]],[[14015,33087],[68,-104]],[[14044,32972],[39,11]],[[14022,33020],[22,-48]],[[13992,32998],[30,22]],[[13992,32998],[27,-122]],[[13994,32832],[25,44]],[[13927,32799],[67,33]],[[13906,32772],[21,27]],[[13906,32772],[45,-65]],[[13951,32707],[40,-62]],[[13991,32645],[6,-53]],[[13997,32592],[88,-11]],[[14085,32581],[38,24]],[[14123,32605],[29,-7]],[[14152,32598],[41,-44]],[[14165,32506],[28,48]],[[14165,32506],[26,-85]],[[14191,32421],[58,24]],[[14249,32445],[23,-79]],[[14222,32356],[50,10]],[[14221,32314],[1,42]],[[14221,32314],[57,-9]],[[14280,32240],[-2,65]],[[14280,32240],[26,-15]],[[14306,32225],[56,5]],[[14362,32189],[0,41]],[[14300,32138],[62,51]],[[14259,32122],[41,16]],[[14214,32130],[45,-8]],[[14142,32090],[72,40]],[[14101,32091],[41,-1]],[[14035,32073],[66,18]],[[14035,32073],[84,-61]],[[14119,32012],[59,-26]],[[14178,31986],[50,-108]],[[14228,31878],[146,-51]],[[14374,31827],[38,-63]],[[14412,31764],[59,-26]],[[14471,31738],[8,-30]],[[14479,31708],[42,-20]],[[14521,31688],[7,-32]],[[14528,31656],[45,3]],[[14573,31659],[33,-19]],[[14606,31640],[90,-16]],[[14696,31624],[70,-45]],[[14766,31579],[21,11]],[[14787,31590],[96,-2]],[[14883,31588],[57,-48]],[[14940,31540],[49,-11]],[[14989,31529],[30,20]],[[15019,31549],[37,-14]],[[15056,31535],[54,7]],[[15110,31542],[24,-37]],[[15128,31472],[6,33]],[[15128,31472],[13,-99]],[[15141,31373],[39,-23]],[[15180,31350],[25,-84]],[[15196,31242],[9,24]],[[15196,31242],[52,-70]],[[15248,31172],[28,-15]],[[15276,31157],[65,2]],[[15341,31159],[28,-20]],[[15300,31059],[69,80]],[[15282,31021],[18,38]],[[15210,30983],[72,38]],[[15209,30949],[1,34]],[[15168,30894],[41,55]],[[15038,30800],[130,94]],[[15038,30800],[19,-80]],[[15048,30659],[9,61]],[[15027,30602],[21,57]],[[15027,30602],[33,-25]],[[15060,30577],[41,-69]],[[15101,30508],[79,-1]],[[15180,30507],[64,-39]],[[15244,30468],[56,-11]],[[15300,30457],[51,-97]],[[15351,30360],[145,-99]],[[15496,30261],[32,11]],[[15528,30272],[81,-5]],[[15609,30267],[52,-23]],[[15658,30172],[3,72]],[[15658,30172],[27,-50]],[[15665,30087],[20,35]],[[15645,30048],[20,39]],[[15603,30021],[42,27]],[[15566,29943],[37,78]],[[15534,29935],[32,8]],[[15511,29847],[23,88]],[[15487,29794],[24,53]],[[15462,29639],[25,155]],[[15445,29631],[17,8]],[[15398,29541],[47,90]],[[15362,29384],[36,157]],[[15260,29349],[102,35]],[[15219,29283],[41,66]],[[15129,29281],[90,2]],[[15093,29268],[36,13]],[[15028,29282],[65,-14]],[[14931,29279],[97,3]],[[14892,29257],[39,22]],[[14855,29260],[37,-3]],[[14802,29226],[53,34]],[[14802,29226],[41,-55]],[[14843,29171],[50,-1]],[[14893,29170],[93,-63]],[[14986,29107],[119,-94]],[[15105,29013],[166,-118]],[[15271,28857],[0,38]],[[15271,28857],[12,-57]],[[15263,28690],[20,110]],[[15246,28675],[17,15]],[[15246,28675],[40,-56]],[[15286,28619],[58,-31]],[[15344,28588],[52,-55]],[[15396,28533],[52,-88]],[[15448,28445],[12,-45]],[[15458,28352],[2,48]],[[15458,28352],[30,-32]],[[15479,28265],[9,55]],[[15479,28265],[19,-51]],[[15498,28214],[43,-38]],[[15541,28176],[57,-87]],[[15598,28089],[37,-85]],[[15635,28004],[3,-73]],[[15638,27931],[16,-68]],[[15654,27863],[66,-38]],[[15720,27825],[56,-68]],[[15774,27705],[2,52]],[[15739,27657],[35,48]],[[15739,27657],[95,19]],[[15834,27676],[9,20]],[[15843,27696],[66,49]],[[15909,27745],[26,4]],[[15882,27644],[53,105]],[[15826,27556],[56,88]],[[15826,27556],[37,-80]],[[15855,27309],[8,167]],[[15855,27309],[68,-56]],[[15907,27171],[16,82]],[[15907,27171],[22,-49]],[[15891,27108],[38,14]],[[25117,28846],[58,-45]],[[25101,28862],[16,-16]],[[25026,28871],[75,-9]],[[24921,28926],[105,-55]],[[24915,28943],[6,-17]],[[24795,28998],[120,-55]],[[24700,29055],[95,-57]],[[24660,29058],[40,-3]],[[24639,29089],[21,-31]],[[24639,29089],[11,31]],[[24603,29149],[47,-29]],[[24530,29231],[73,-82]],[[24432,29254],[98,-23]],[[24417,29275],[15,-21]],[[29840,32275],[87,50]],[[29815,32293],[25,-18]],[[29745,32230],[70,63]],[[29733,32167],[12,63]],[[29650,32102],[83,65]],[[29524,32088],[126,14]],[[29492,32108],[32,-20]],[[29450,32161],[42,-53]],[[29398,32117],[52,44]],[[29350,32130],[48,-13]],[[29309,32162],[41,-32]],[[29249,32171],[60,-9]],[[29217,32150],[32,21]],[[29166,32048],[51,102]],[[29166,32008],[0,40]],[[29111,31954],[55,54]],[[29046,31970],[65,-16]],[[28995,32009],[51,-39]],[[28944,31994],[51,15]],[[28930,32037],[14,-43]],[[28900,32067],[30,-30]],[[28723,32033],[177,34]],[[28718,32017],[5,16]],[[28628,31955],[90,62]],[[28576,31889],[52,66]],[[28529,31808],[47,81]],[[28421,31724],[108,84]],[[28380,31644],[41,80]],[[28334,31595],[46,49]],[[28252,31538],[82,57]],[[28191,31427],[61,111]],[[28182,31357],[9,70]],[[28143,31230],[39,127]],[[28142,31193],[1,37]],[[28083,31077],[59,116]],[[28049,31030],[34,47]],[[27991,31028],[58,2]],[[27930,30941],[61,87]],[[27913,30891],[17,50]],[[27911,30823],[2,68]],[[27911,30823],[31,-10]],[[27911,30703],[31,110]],[[27869,30678],[42,25]],[[27869,30678],[49,-36]],[[27874,30588],[44,54]],[[27865,30542],[9,46]],[[27797,30448],[68,94]],[[27797,30448],[33,-32]],[[27830,30416],[55,-25]],[[27885,30391],[42,-49]],[[27927,30342],[54,-60]],[[27981,30282],[19,-42]],[[27946,30204],[54,36]],[[27839,30255],[107,-51]],[[27817,30185],[22,70]],[[27718,30170],[99,15]],[[27680,30193],[38,-23]],[[27607,30229],[73,-36]],[[27554,30218],[53,11]],[[27484,30239],[70,-21]],[[27426,30244],[58,-5]],[[27368,30304],[58,-60]],[[27334,30310],[34,-6]],[[27334,30310],[37,54]],[[27287,30385],[84,-21]],[[27287,30385],[30,108]],[[27278,30498],[39,-5]],[[27278,30498],[1,68]],[[27211,30599],[68,-33]],[[27181,30546],[30,53]],[[27093,30557],[88,-11]],[[27042,30592],[51,-35]],[[27000,30563],[42,29]],[[26976,30473],[24,90]],[[26948,30416],[28,57]],[[26905,30389],[43,27]],[[26905,30389],[42,-44]],[[26942,30290],[5,55]],[[26869,30291],[73,-1]],[[26820,30265],[49,26]],[[26820,30265],[15,-28]],[[26789,30200],[46,37]],[[26710,30196],[79,4]],[[26619,30213],[91,-17]],[[26613,30142],[6,71]],[[26613,30142],[53,-68]],[[26615,29978],[51,96]],[[26615,29978],[43,-53]],[[26634,29906],[24,19]],[[26567,29715],[67,191]],[[26477,29695],[90,20]],[[26448,29655],[29,40]],[[26438,29596],[10,59]],[[26375,29610],[63,-14]],[[26352,29565],[23,45]],[[26286,29515],[66,50]],[[26224,29489],[62,26]],[[26193,29435],[31,54]],[[26154,29416],[39,19]],[[26154,29416],[33,-77]],[[26143,29283],[44,56]],[[26143,29242],[0,41]],[[26099,29140],[44,102]],[[26099,29140],[48,-41]],[[26147,29099],[20,35]],[[26167,29134],[41,-3]],[[26208,29131],[34,-57]],[[26191,29016],[51,58]],[[26137,28932],[54,84]],[[26116,28916],[21,16]],[[26054,28936],[62,-20]],[[26025,28965],[29,-29]],[[25995,28956],[30,9]],[[25983,29006],[12,-50]],[[25951,29013],[32,-7]],[[25941,28975],[10,38]],[[25886,28985],[55,-10]],[[25849,28976],[37,9]],[[25843,28934],[6,42]],[[25812,28915],[31,19]],[[25787,28839],[25,76]],[[25787,28839],[25,-27]],[[25798,28777],[14,35]],[[25720,28785],[78,-8]],[[25692,28746],[28,39]],[[25624,28760],[68,-14]],[[25555,28739],[69,21]],[[25415,28843],[140,-104]],[[25375,28840],[40,3]],[[25320,28810],[55,30]],[[25265,28848],[55,-38]],[[25221,28847],[44,1]],[[25175,28801],[46,46]],[[24406,29292],[11,-17]],[[24406,29292],[67,52]],[[24473,29344],[52,70]],[[24517,29450],[8,-36]],[[24472,29502],[45,-52]],[[24472,29502],[132,73]],[[24604,29575],[7,22]],[[24582,29685],[29,-88]],[[24546,29717],[36,-32]],[[24546,29717],[35,66]],[[24581,29783],[61,75]],[[24642,29858],[22,53]],[[24620,30015],[44,-104]],[[24620,30015],[66,8]],[[24686,30023],[30,19]],[[24645,30129],[71,-87]],[[24632,30222],[13,-93]],[[24575,30289],[57,-67]],[[24481,30334],[94,-45]],[[24481,30334],[33,96]],[[24498,30473],[16,-43]],[[24453,30417],[45,56]],[[24390,30450],[63,-33]],[[24365,30433],[25,17]],[[24343,30464],[22,-31]],[[24298,30479],[45,-15]],[[24298,30479],[16,78]],[[24314,30557],[41,27]],[[24355,30584],[19,55]],[[24360,30685],[14,-46]],[[24360,30685],[34,43]],[[24339,30746],[55,-18]],[[24284,30747],[55,-1]],[[24233,30729],[51,18]],[[24183,30761],[50,-32]],[[24125,30757],[58,4]],[[24032,30704],[93,53]],[[24008,30707],[24,-3]],[[24008,30707],[8,60]],[[24016,30767],[23,46]],[[24019,30866],[20,-53]],[[23981,30898],[38,-32]],[[23971,30934],[10,-36]],[[23918,30940],[53,-6]],[[23918,30940],[42,169]],[[23960,31109],[34,20]],[[23994,31129],[25,59]],[[24017,31273],[2,-85]],[[23957,31300],[60,-27]],[[23948,31333],[9,-33]],[[23948,31333],[31,32]],[[23979,31365],[23,61]],[[24002,31426],[23,24]],[[24010,31485],[15,-35]],[[24010,31485],[26,115]],[[24036,31600],[48,24]],[[24067,31671],[17,-47]],[[24067,31671],[68,79]],[[24135,31750],[10,55]],[[24132,31869],[13,-64]],[[24132,31869],[84,11]],[[24190,31927],[26,-47]],[[24143,31937],[47,-10]],[[24102,31921],[41,16]],[[24043,31969],[59,-48]],[[24043,31969],[12,47]],[[24043,32053],[12,-37]],[[23974,32115],[69,-62]],[[23974,32115],[13,63]],[[23945,32217],[42,-39]],[[23899,32237],[46,-20]],[[23826,32131],[73,106]],[[23785,32159],[41,-28]],[[23735,32156],[50,3]],[[23728,32234],[7,-78]],[[23701,32275],[27,-41]],[[23616,32291],[85,-16]],[[23550,32288],[66,3]],[[23543,32359],[7,-71]],[[23481,32392],[62,-33]],[[23462,32387],[19,5]],[[23407,32379],[55,8]],[[23390,32428],[17,-49]],[[23386,32527],[4,-99]],[[23386,32527],[60,-34]],[[23446,32493],[23,37]],[[23469,32530],[5,50]],[[23428,32660],[46,-80]],[[23395,32711],[33,-51]],[[23310,32685],[85,26]],[[23303,32660],[7,25]],[[23303,32660],[38,-36]],[[23324,32604],[17,20]],[[23256,32624],[68,-20]],[[23236,32616],[20,8]],[[23126,32604],[110,12]],[[23112,32570],[14,34]],[[23074,32579],[38,-9]],[[23038,32560],[36,19]],[[23014,32618],[24,-58]],[[23014,32618],[31,34]],[[22988,32711],[57,-59]],[[22955,32774],[33,-63]],[[22940,32833],[15,-59]],[[22899,32901],[41,-68]],[[22899,32901],[4,111]],[[22859,33097],[44,-85]],[[22859,33097],[0,103]],[[22828,33239],[31,-39]],[[22820,33332],[8,-93]],[[22796,33390],[24,-58]],[[22796,33390],[17,97]],[[22807,33581],[6,-94]],[[22807,33581],[58,10]],[[22865,33591],[15,45]],[[22880,33636],[3,90]],[[22845,33793],[38,-67]],[[22845,33793],[31,57]],[[22876,33850],[40,10]],[[22916,33860],[10,49]],[[22926,33909],[63,-25]],[[22985,33924],[4,-40]],[[22985,33924],[22,47]],[[23007,33971],[38,12]],[[23045,33983],[33,-46]],[[23078,33937],[43,-3]],[[23121,33934],[32,30]],[[23153,33964],[33,58]],[[23186,34022],[50,-27]],[[23236,33995],[60,-62]],[[23294,33910],[2,23]],[[23294,33910],[48,-41]],[[23337,33927],[5,-58]],[[23337,33927],[132,100]],[[23469,34027],[9,33]],[[23435,34094],[43,-34]],[[23435,34094],[30,21]],[[23428,34175],[37,-60]],[[23409,34236],[19,-61]],[[23409,34236],[28,107]],[[23437,34343],[2,53]],[[23439,34396],[54,-4]],[[23493,34392],[40,115]],[[23533,34507],[38,-3]],[[23571,34504],[32,32]],[[23603,34536],[65,4]],[[23668,34540],[29,73]],[[23697,34613],[40,43]],[[23737,34656],[10,60]],[[23747,34716],[26,55]],[[23747,34813],[26,-42]],[[23747,34813],[26,43]],[[23773,34856],[44,-9]],[[23817,34847],[15,60]],[[23832,34907],[48,0]],[[23880,34907],[4,45]],[[23884,34952],[54,-9]],[[23938,34943],[42,49]],[[23980,34992],[6,61]],[[23986,35053],[55,39]],[[24041,35092],[12,48]],[[24033,35180],[20,-40]],[[24033,35180],[36,96]],[[24046,35314],[23,-38]],[[24046,35314],[55,35]],[[24100,35385],[1,-36]],[[24070,35419],[30,-34]],[[24070,35419],[16,52]],[[24036,35478],[50,-7]],[[24036,35478],[18,44]],[[24054,35522],[14,80]],[[24068,35602],[29,6]],[[24097,35608],[38,-46]],[[24135,35562],[44,-12]],[[24179,35550],[32,61]],[[24211,35611],[41,2]],[[24252,35613],[3,78]],[[24255,35691],[58,18]],[[24313,35709],[119,22]],[[24432,35731],[43,-35]],[[24475,35696],[54,27]],[[24529,35723],[26,-18]],[[24555,35705],[18,-58]],[[24573,35647],[73,50]],[[24646,35697],[130,-42]],[[24776,35655],[40,27]],[[24816,35682],[14,92]],[[24830,35774],[52,72]],[[24882,35846],[28,6]],[[24910,35852],[48,-31]],[[24958,35821],[22,61]],[[24980,35882],[39,30]],[[25019,35912],[15,46]],[[25030,36041],[4,-83]],[[25030,36041],[20,41]],[[25050,36082],[41,8]],[[25091,36090],[36,86]],[[25127,36176],[53,24]],[[25180,36200],[14,80]],[[25173,36336],[21,-56]],[[25173,36336],[15,56]],[[25188,36392],[26,-7]],[[25214,36385],[49,-44]],[[25263,36341],[45,-13]],[[25308,36328],[22,-49]],[[25330,36279],[69,6]],[[25399,36285],[35,-20]],[[25434,36265],[41,53]],[[25475,36318],[44,13]],[[25519,36331],[43,46]],[[25562,36377],[0,35]],[[25562,36412],[37,76]],[[25599,36488],[33,23]],[[25632,36511],[11,35]],[[25643,36546],[45,63]],[[25688,36609],[19,51]],[[25707,36660],[31,-36]],[[25738,36624],[99,-26]],[[25837,36598],[46,-46]],[[25883,36552],[51,5]],[[25934,36557],[96,-59]],[[26030,36498],[64,9]],[[26094,36507],[49,34]],[[26143,36541],[26,-30]],[[26169,36511],[88,-43]],[[26257,36468],[105,-10]],[[26362,36458],[82,-46]],[[26444,36412],[41,15]],[[26485,36427],[51,-24]],[[26536,36403],[8,-22]],[[26544,36381],[117,-17]],[[26661,36364],[83,-24]],[[26744,36340],[33,-51]],[[26777,36289],[19,-41]],[[26796,36248],[66,-11]],[[26862,36237],[25,46]],[[26887,36283],[36,29]],[[26923,36312],[50,4]],[[26973,36316],[37,-15]],[[27010,36301],[75,0]],[[27085,36301],[99,49]],[[27184,36350],[53,11]],[[27237,36361],[35,-33]],[[27272,36328],[40,-9]],[[27312,36319],[51,-34]],[[27363,36285],[12,-48]],[[27363,36199],[12,38]],[[27363,36199],[47,-38]],[[27410,36161],[29,32]],[[27439,36193],[29,-4]],[[27468,36189],[139,14]],[[27607,36203],[142,119]],[[27749,36322],[76,40]],[[27825,36362],[41,-38]],[[27866,36324],[41,11]],[[27907,36335],[69,-15]],[[27976,36320],[100,20]],[[28076,36340],[29,-13]],[[28105,36327],[105,39]],[[28210,36366],[39,-15]],[[28249,36351],[21,-45]],[[28270,36306],[60,-29]],[[28330,36277],[51,72]],[[28381,36349],[29,139]],[[28410,36488],[17,45]],[[28427,36533],[42,21]],[[28469,36554],[111,-4]],[[28580,36550],[54,-36]],[[28634,36514],[53,19]],[[28687,36533],[47,-5]],[[28734,36528],[58,39]],[[28792,36567],[99,43]],[[28891,36610],[40,-1]],[[28931,36609],[66,-33]],[[28997,36576],[62,-13]],[[29059,36563],[124,-4]],[[29183,36559],[65,-16]],[[29248,36543],[40,12]],[[29288,36555],[88,-40]],[[29376,36515],[51,-48]],[[29427,36467],[44,-15]],[[29471,36452],[25,-78]],[[29496,36374],[42,-12]],[[29538,36362],[43,-65]],[[29581,36297],[69,-7]],[[29650,36290],[109,-60]],[[29759,36230],[51,-15]],[[29810,36215],[46,5]],[[29856,36220],[29,-73]],[[29880,36106],[5,41]],[[29880,36106],[32,-102]],[[29912,36004],[35,-61]],[[29947,35943],[92,-38]],[[30039,35905],[66,-58]],[[30105,35847],[20,-37]],[[30115,35759],[10,51]],[[30115,35759],[2,-58]],[[30034,35631],[83,70]],[[29986,35601],[48,30]],[[29969,35548],[17,53]],[[29857,35488],[112,60]],[[29815,35490],[42,-2]],[[29815,35490],[10,-99]],[[29825,35391],[57,-32]],[[29882,35359],[24,-37]],[[29906,35322],[21,-74]],[[29927,35248],[43,-40]],[[29970,35208],[71,32]],[[30041,35240],[45,-66]],[[30018,35099],[68,75]],[[29990,35085],[28,14]],[[29921,35085],[69,0]],[[29916,35053],[5,32]],[[29859,35031],[57,22]],[[29850,34967],[9,64]],[[29850,34967],[51,-30]],[[29896,34898],[5,39]],[[29844,34914],[52,-16]],[[29735,35051],[109,-137]],[[29699,35075],[36,-24]],[[29623,35053],[76,22]],[[29608,35006],[15,47]],[[29529,34931],[79,75]],[[29499,34930],[30,1]],[[29448,34972],[51,-42]],[[29425,34966],[23,6]],[[29425,34966],[17,-54]],[[29442,34912],[36,0]],[[29478,34912],[30,-45]],[[29508,34867],[45,-1]],[[29553,34866],[23,-28]],[[29576,34838],[76,-51]],[[29652,34787],[48,-70]],[[29700,34717],[55,-49]],[[29749,34607],[6,61]],[[29749,34607],[32,-41]],[[29781,34566],[67,-27]],[[29848,34539],[75,15]],[[29923,34554],[40,-93]],[[29933,34437],[30,24]],[[29910,34319],[23,118]],[[29910,34319],[11,-41]],[[29921,34278],[62,-65]],[[29983,34213],[26,-8]],[[29986,34149],[23,56]],[[29986,34149],[1,-63]],[[29987,34086],[18,-30]],[[30000,34009],[5,47]],[[30000,34009],[23,-45]],[[30008,33927],[15,37]],[[29920,33916],[88,11]],[[29896,33867],[24,49]],[[29829,33861],[67,6]],[[29814,33827],[15,34]],[[29740,33760],[74,67]],[[29707,33704],[33,56]],[[29707,33704],[64,-34]],[[29771,33670],[81,-117]],[[29852,33553],[114,-85]],[[29966,33468],[62,-21]],[[29999,33332],[29,115]],[[29902,33225],[97,107]],[[29808,33056],[94,169]],[[29808,33056],[93,-156]],[[29882,32844],[19,56]],[[29882,32844],[3,-46]],[[29885,32798],[31,-33]],[[29916,32765],[19,-82]],[[29935,32683],[12,-98]],[[29892,32451],[55,134]],[[29892,32451],[51,-66]],[[29927,32325],[16,60]],[[39176,36699],[32,-29]],[[39171,36750],[5,-51]],[[39109,36762],[62,-12]],[[39109,36762],[15,98]],[[39117,36934],[7,-74]],[[39117,36934],[45,24]],[[39157,36988],[5,-30]],[[39109,37030],[48,-42]],[[39057,37038],[52,-8]],[[39018,37026],[39,12]],[[39011,37055],[7,-29]],[[38940,37063],[71,-8]],[[38907,37086],[33,-23]],[[38907,37086],[23,81]],[[38883,37254],[47,-87]],[[38864,37242],[19,12]],[[38806,37335],[58,-93]],[[38662,37566],[144,-231]],[[38629,37629],[33,-63]],[[38629,37629],[53,20]],[[38597,37756],[85,-107]],[[38557,37802],[40,-46]],[[38548,37811],[9,-9]],[[38462,37744],[86,67]],[[38462,37744],[39,97]],[[38501,37841],[8,56]],[[38433,37875],[76,22]],[[38388,37946],[45,-71]],[[38300,37888],[88,58]],[[38268,37879],[32,9]],[[38237,37816],[31,63]],[[38208,37868],[29,-52]],[[38200,37907],[8,-39]],[[38200,37907],[46,55]],[[38246,37962],[51,31]],[[38297,37993],[3,53]],[[38276,38076],[24,-30]],[[38276,38076],[13,142]],[[38289,38218],[14,43]],[[38265,38268],[38,-7]],[[38108,38179],[157,89]],[[38071,38182],[37,-3]],[[38045,38239],[26,-57]],[[37976,38278],[69,-39]],[[37936,38366],[40,-88]],[[37899,38367],[37,-1]],[[37880,38417],[19,-50]],[[37837,38420],[43,-3]],[[37837,38420],[2,52]],[[37790,38494],[49,-22]],[[37787,38526],[3,-32]],[[37752,38556],[35,-30]],[[37740,38665],[12,-109]],[[37721,38750],[19,-85]],[[37636,38771],[85,-21]],[[37636,38771],[33,83]],[[37669,38854],[36,22]],[[37653,38932],[52,-56]],[[37604,38934],[49,-2]],[[37599,38998],[5,-64]],[[37573,39011],[26,-13]],[[37528,38939],[45,72]],[[37443,39045],[85,-106]],[[37416,39045],[27,0]],[[37416,39045],[53,46]],[[37440,39144],[29,-53]],[[37409,39150],[31,-6]],[[37392,39200],[17,-50]],[[37319,39210],[73,-10]],[[37315,39253],[4,-43]],[[37279,39257],[36,-4]],[[37257,39291],[22,-34]],[[37218,39308],[39,-17]],[[37120,39299],[98,9]],[[37080,39245],[40,54]],[[37026,39246],[54,-1]],[[37026,39246],[14,-40]],[[37000,39202],[40,4]],[[36985,39261],[15,-59]],[[36910,39279],[75,-18]],[[36907,39345],[3,-66]],[[36907,39345],[53,69]],[[36913,39432],[47,-18]],[[36913,39432],[11,58]],[[36906,39531],[18,-41]],[[36827,39517],[79,14]],[[36803,39558],[24,-41]],[[36783,39600],[20,-42]],[[36740,39595],[43,5]],[[36688,39564],[52,31]],[[36614,39628],[74,-64]],[[36562,39635],[52,-7]],[[36539,39671],[23,-36]],[[36539,39671],[9,39]],[[36533,39755],[15,-45]],[[36533,39755],[28,64]],[[36556,39864],[5,-45]],[[36511,39872],[45,-8]],[[36458,39901],[53,-29]],[[36458,39901],[40,38]],[[36498,39939],[26,47]],[[36512,40005],[12,-19]],[[36383,40065],[129,-60]],[[39982,35394],[152,11]],[[39848,35392],[134,2]],[[39648,35365],[200,27]],[[39501,35294],[147,71]],[[39494,35321],[7,-27]],[[39439,35316],[55,5]],[[39419,35342],[20,-26]],[[39419,35342],[35,47]],[[39432,35467],[22,-78]],[[39432,35467],[14,83]],[[39434,35582],[12,-32]],[[39389,35592],[45,-10]],[[39384,35644],[5,-52]],[[39324,35658],[60,-14]],[[39261,35625],[63,33]],[[39243,35701],[18,-76]],[[39201,35714],[42,-13]],[[39201,35714],[22,40]],[[39223,35754],[69,37]],[[39292,35791],[245,63]],[[39532,35965],[5,-111]],[[39511,35969],[21,-4]],[[39391,35991],[120,-22]],[[39391,35991],[7,32]],[[39314,36109],[84,-86]],[[39312,36171],[2,-62]],[[39277,36183],[35,-12]],[[39277,36183],[9,71]],[[39234,36355],[52,-101]],[[39234,36355],[13,30]],[[39157,36410],[90,-25]],[[39157,36410],[26,52]],[[39183,36503],[0,-41]],[[39118,36554],[65,-51]],[[39118,36554],[9,25]],[[39127,36579],[46,0]],[[39173,36579],[10,29]],[[39169,36636],[14,-28]],[[39169,36636],[39,34]],[[36383,40065],[13,-6]],[[36396,40059],[101,33]],[[36497,40092],[59,55]],[[36556,40147],[67,-33]],[[36623,40114],[42,17]],[[36665,40131],[167,44]],[[36832,40175],[107,43]],[[36939,40218],[69,115]],[[37008,40333],[55,192]],[[37063,40525],[26,201]],[[37089,40726],[40,35]],[[37129,40761],[83,62]],[[37212,40823],[181,120]],[[37393,40943],[37,19]],[[37430,40962],[54,89]],[[37484,41051],[15,83]],[[37499,41134],[28,51]],[[37527,41185],[15,115]],[[37542,41300],[16,48]],[[37558,41348],[66,140]],[[37624,41488],[57,71]],[[37681,41559],[59,66]],[[37740,41625],[71,40]],[[37811,41665],[39,59]],[[37847,41792],[3,-68]],[[37811,41879],[36,-87]],[[37811,41879],[41,73]],[[37852,41952],[89,-9]],[[37941,41943],[19,76]],[[37960,42019],[35,-60]],[[37995,41959],[26,8]],[[38021,41967],[53,54]],[[38074,42021],[6,37]],[[38080,42058],[42,28]],[[38122,42086],[51,-38]],[[38130,41994],[43,54]],[[38130,41994],[48,-17]],[[38178,41977],[41,24]],[[38219,42001],[47,-7]],[[38266,41994],[96,73]],[[38362,42067],[26,44]],[[38388,42111],[29,-13]],[[38417,42098],[81,-53]],[[38498,42045],[2,39]],[[38461,42098],[39,-14]],[[38461,42098],[19,41]],[[38480,42139],[74,-7]],[[38554,42132],[56,20]],[[38610,42152],[28,37]],[[38614,42223],[24,-34]],[[38614,42223],[67,23]],[[38681,42246],[30,37]],[[38711,42283],[33,-39]],[[38744,42244],[49,-2]],[[38793,42242],[56,24]],[[38849,42266],[80,-32]],[[38929,42234],[69,-33]],[[38998,42201],[34,23]],[[39032,42224],[39,-35]],[[39071,42189],[59,42]],[[39130,42231],[65,18]],[[39182,42302],[13,-53]],[[39182,42302],[12,26]],[[39194,42328],[126,-52]],[[39320,42276],[20,38]],[[39314,42374],[26,-60]],[[39314,42374],[14,75]],[[39328,42449],[43,52]],[[39371,42501],[72,18]],[[39443,42519],[53,-69]],[[39496,42450],[76,15]],[[39572,42465],[66,10]],[[39600,42548],[38,-73]],[[39600,42548],[37,21]],[[39637,42569],[52,-35]],[[39689,42534],[11,46]],[[39698,42650],[2,-70]],[[39698,42650],[36,16]],[[39734,42666],[49,-56]],[[39783,42610],[9,-31]],[[39792,42579],[45,18]],[[39837,42597],[52,91]],[[39889,42688],[29,-21]],[[39918,42667],[1,-41]],[[39899,42584],[20,42]],[[39899,42584],[31,-57]],[[39930,42527],[101,26]],[[40031,42553],[50,44]],[[40081,42597],[23,81]],[[40104,42678],[55,2]],[[40159,42680],[24,-96]],[[40183,42584],[80,-61]],[[40263,42523],[50,2]],[[40313,42525],[16,34]],[[40295,42619],[34,-60]],[[40295,42619],[35,13]],[[40330,42632],[62,-31]],[[40392,42601],[3,-18]],[[40340,42523],[55,60]],[[40340,42523],[43,-11]],[[40383,42512],[80,29]],[[40463,42541],[21,-7]],[[40484,42534],[64,6]],[[40548,42540],[92,-46]],[[40640,42494],[24,15]],[[40664,42509],[18,50]],[[40682,42559],[65,1]],[[40747,42560],[48,38]],[[40795,42598],[58,-51]],[[40853,42547],[7,-28]],[[40860,42519],[60,-15]],[[40920,42504],[18,-85]],[[40935,42375],[3,44]],[[40935,42375],[30,-39]],[[40965,42336],[52,23]],[[41017,42359],[24,35]],[[41041,42394],[36,17]],[[41077,42411],[26,-29]],[[41103,42382],[30,-118]],[[41133,42264],[79,-65]],[[41212,42199],[67,-80]],[[41279,42119],[26,-14]],[[41305,42105],[96,12]],[[41401,42117],[31,-27]],[[41391,42045],[41,45]],[[41340,42039],[51,6]],[[41336,41992],[4,47]],[[41336,41992],[50,-61]],[[41386,41931],[47,-19]],[[41433,41912],[63,12]],[[41496,41924],[13,23]],[[41460,42070],[49,-123]],[[41460,42070],[11,18]],[[41471,42088],[96,8]],[[41567,42096],[75,-31]],[[41642,42065],[48,-85]],[[41663,41908],[27,72]],[[41584,41832],[79,76]],[[41584,41832],[17,-71]],[[41601,41761],[64,-29]],[[41665,41732],[146,14]],[[41811,41746],[100,-45]],[[41911,41701],[38,-65]],[[41939,41609],[10,27]],[[41884,41580],[55,29]],[[41801,41613],[83,-33]],[[41746,41657],[55,-44]],[[41698,41633],[48,24]],[[41696,41587],[2,46]],[[41696,41587],[33,-86]],[[41729,41501],[49,-35]],[[41778,41466],[23,-16]],[[41801,41450],[86,-2]],[[41887,41448],[42,-16]],[[41929,41432],[55,-46]],[[41984,41386],[44,1]],[[42028,41387],[78,129]],[[42106,41516],[26,16]],[[42132,41532],[50,-20]],[[42144,41412],[38,100]],[[42144,41412],[43,-8]],[[42187,41404],[31,47]],[[42218,41451],[30,-13]],[[42211,41319],[37,119]],[[42211,41319],[42,-78]],[[42232,41160],[21,81]],[[42169,41110],[63,50]],[[42169,41110],[6,-49]],[[42175,41061],[84,-47]],[[42259,41014],[9,-15]],[[42268,40999],[3,-76]],[[42271,40923],[17,-32]],[[42288,40891],[78,-47]],[[42366,40844],[105,-85]],[[42471,40759],[37,-45]],[[42508,40714],[15,-41]],[[42513,40606],[10,67]],[[42513,40606],[18,-31]],[[42531,40575],[45,-14]],[[42576,40561],[65,9]],[[42641,40570],[38,-46]],[[42575,40459],[104,65]],[[42559,40349],[16,110]],[[42559,40349],[15,-27]],[[42574,40322],[43,-11]],[[42617,40311],[103,86]],[[42720,40397],[50,11]],[[42770,40408],[44,-43]],[[42755,40302],[59,63]],[[42729,40260],[26,42]],[[42729,40260],[41,-63]],[[42770,40197],[73,-17]],[[42843,40180],[194,32]],[[42993,40137],[44,75]],[[42956,39998],[37,139]],[[42882,39956],[74,42]],[[42882,39956],[79,-56]],[[42961,39900],[72,-50]],[[43033,39850],[79,-79]],[[42941,39536],[171,235]],[[42941,39536],[307,-179]],[[43248,39357],[56,-481]],[[43304,38876],[131,-100]],[[43435,38776],[78,-7]],[[43513,38769],[33,-26]],[[43533,38693],[13,50]],[[43451,38650],[82,43]],[[43417,38701],[34,-51]],[[43390,38712],[27,-11]],[[43347,38657],[43,55]],[[43339,38614],[8,43]],[[43339,38614],[38,-57]],[[43377,38557],[125,14]],[[43502,38571],[2,-38]],[[43440,38479],[64,54]],[[43440,38479],[1,-59]],[[43441,38420],[111,-47]],[[43552,38373],[9,-73]],[[43561,38300],[23,-19]],[[43584,38281],[2,-56]],[[43586,38225],[68,22]],[[43654,38247],[17,-120]],[[43651,38089],[20,38]],[[43651,38089],[17,-33]],[[43668,38056],[72,40]],[[43740,38096],[40,-64]],[[43745,37969],[35,63]],[[43745,37969],[24,-19]],[[43769,37950],[83,31]],[[43842,37928],[10,53]],[[43784,37912],[58,16]],[[43751,37832],[33,80]],[[43751,37832],[34,-53]],[[43785,37779],[45,-8]],[[43825,37716],[5,55]],[[43772,37723],[53,-7]],[[43745,37760],[27,-37]],[[43668,37756],[77,4]],[[43664,37801],[4,-45]],[[43622,37783],[42,18]],[[43593,37706],[29,77]],[[43560,37682],[33,24]],[[43560,37682],[58,-50]],[[43618,37632],[41,-12]],[[43659,37620],[19,-41]],[[43672,37538],[6,41]],[[43672,37538],[18,-37]],[[43690,37501],[74,-2]],[[43731,37427],[33,72]],[[43706,37407],[25,20]],[[43706,37407],[68,-64]],[[43774,37343],[76,-26]],[[43850,37317],[1,-60]],[[43834,37211],[17,46]],[[43834,37211],[5,-54]],[[43839,37157],[61,0]],[[43900,37157],[51,-77]],[[43951,37080],[16,-53]],[[43962,36984],[5,43]],[[43962,36984],[51,-45]],[[44013,36939],[53,-87]],[[44066,36852],[52,-35]],[[44118,36817],[119,-42]],[[44237,36775],[25,-25]],[[44262,36750],[7,-52]],[[44269,36698],[45,-117]],[[44314,36581],[58,-59]],[[44372,36522],[69,-35]],[[44398,36451],[43,36]],[[44251,36404],[147,47]],[[44160,36355],[91,49]],[[44048,36328],[112,27]],[[44044,36336],[4,-8]],[[43945,36374],[99,-38]],[[43878,36363],[67,11]],[[43878,36363],[28,-38]],[[43840,36280],[66,45]],[[43782,36340],[58,-60]],[[43755,36293],[27,47]],[[43644,36319],[111,-26]],[[43569,36259],[75,60]],[[43543,36216],[26,43]],[[43543,36216],[34,-14]],[[43577,36202],[8,-47]],[[43546,36097],[39,58]],[[43537,36055],[9,42]],[[43537,36055],[74,-96]],[[43611,35959],[5,-27]],[[43511,35867],[105,65]],[[43481,35908],[30,-41]],[[43402,35871],[79,37]],[[43402,35871],[30,-69]],[[43393,35785],[39,17]],[[43382,35837],[11,-52]],[[43326,35858],[56,-21]],[[43271,35839],[55,19]],[[43168,35853],[103,-14]],[[43165,35816],[3,37]],[[43121,35824],[44,-8]],[[43121,35824],[3,42]],[[43054,35883],[70,-17]],[[43031,35936],[23,-53]],[[42993,35988],[38,-52]],[[42937,35936],[56,52]],[[42902,36048],[35,-112]],[[42832,36072],[70,-24]],[[42768,36078],[64,-6]],[[42739,36066],[29,12]],[[42625,36105],[114,-39]],[[42607,36053],[18,52]],[[42571,36055],[36,-2]],[[42501,35867],[70,188]],[[42471,35793],[30,74]],[[42467,35746],[4,47]],[[42467,35746],[9,-148]],[[42476,35598],[24,-6]],[[42500,35592],[0,-55]],[[42500,35537],[14,-200]],[[42454,35344],[60,-7]],[[42405,35314],[49,30]],[[42308,35352],[97,-38]],[[42308,35352],[2,-138]],[[42262,35097],[48,117]],[[42211,35193],[51,-96]],[[42168,35242],[43,-49]],[[42168,35242],[3,32]],[[42141,35309],[30,-35]],[[42041,35366],[100,-57]],[[42041,35366],[63,15]],[[42061,35465],[43,-84]],[[41933,35593],[128,-128]],[[41897,35580],[36,13]],[[41860,35630],[37,-50]],[[41802,35605],[58,25]],[[41717,35635],[85,-30]],[[41633,35637],[84,-2]],[[41564,35594],[69,43]],[[41504,35609],[60,-15]],[[41437,35591],[67,18]],[[41290,35586],[147,5]],[[41227,35593],[63,-7]],[[41194,35623],[33,-30]],[[41049,35621],[145,2]],[[40981,35648],[68,-27]],[[40964,35682],[17,-34]],[[40931,35674],[33,8]],[[40865,35738],[66,-64]],[[40832,35735],[33,3]],[[40734,35672],[98,63]],[[40679,35663],[55,9]],[[40593,35700],[86,-37]],[[40506,35702],[87,-2]],[[40465,35692],[41,10]],[[40358,35725],[107,-33]],[[40325,35768],[33,-43]],[[40248,35805],[77,-37]],[[40189,35756],[59,49]],[[40123,35749],[66,7]],[[40123,35749],[28,-50]],[[40151,35699],[5,-51]],[[40115,35599],[41,49]],[[40115,35599],[32,-26]],[[40147,35573],[74,-30]],[[40221,35543],[43,-58]],[[40264,35485],[34,-70]],[[40134,35405],[164,10]],[[27556,18295],[12,-53]],[[27505,18353],[51,-58]],[[27480,18488],[25,-135]],[[27472,18577],[8,-89]],[[27472,18577],[55,55]],[[27516,18673],[11,-41]],[[27516,18673],[9,61]],[[27520,18785],[5,-51]],[[27520,18785],[35,68]],[[27542,18942],[13,-89]],[[27508,18967],[34,-25]],[[27508,18967],[19,28]],[[27518,19052],[9,-57]],[[27518,19052],[16,35]],[[27534,19087],[9,141]],[[27489,19309],[54,-81]],[[27489,19309],[0,24]],[[27441,19446],[48,-113]],[[27441,19446],[3,26]],[[27352,19681],[92,-209]],[[27327,19717],[25,-36]],[[27312,19784],[15,-67]],[[27307,19879],[5,-95]],[[27307,19879],[8,72]],[[27283,19997],[32,-46]],[[27283,19997],[37,79]],[[27320,20076],[59,38]],[[27379,20114],[3,37]],[[27382,20151],[37,53]],[[27419,20204],[90,57]],[[27509,20261],[55,7]],[[27556,20337],[8,-69]],[[27556,20337],[32,40]],[[27588,20377],[64,-60]],[[27652,20317],[41,-59]],[[27693,20258],[27,-64]],[[27720,20194],[30,-3]],[[27750,20191],[54,40]],[[27804,20231],[14,81]],[[27782,20422],[36,-110]],[[27782,20422],[47,-38]],[[27829,20384],[47,-10]],[[27876,20374],[49,43]],[[27925,20417],[74,15]],[[27999,20432],[68,-25]],[[28067,20407],[50,3]],[[28117,20410],[12,42]],[[28129,20452],[1,53]],[[28098,20568],[32,-63]],[[28098,20568],[39,37]],[[28103,20670],[34,-65]],[[28065,20671],[38,-1]],[[28005,20696],[60,-25]],[[27979,20747],[26,-51]],[[27909,20792],[70,-45]],[[27874,20839],[35,-47]],[[27832,20859],[42,-20]],[[27757,20922],[75,-63]],[[27737,20978],[20,-56]],[[27733,21083],[4,-105]],[[27704,21129],[29,-46]],[[27704,21129],[3,88]],[[27660,21254],[47,-37]],[[27660,21254],[20,77]],[[27680,21331],[73,22]],[[27753,21353],[40,30]],[[27793,21383],[80,-48]],[[27873,21335],[5,-18]],[[27878,21317],[89,-34]],[[27967,21283],[13,62]],[[27980,21345],[68,103]],[[28048,21448],[16,38]],[[28064,21486],[42,43]],[[28083,21625],[23,-96]],[[28083,21625],[9,31]],[[28092,21656],[93,-7]],[[28185,21649],[53,-16]],[[28238,21633],[68,26]],[[28306,21659],[47,-14]],[[28353,21645],[53,7]],[[28406,21652],[101,24]],[[28506,21719],[1,-43]],[[28506,21719],[20,39]],[[28444,21840],[82,-82]],[[28407,21931],[37,-91]],[[28407,21931],[10,42]],[[28417,21973],[73,-30]],[[28490,21943],[69,4]],[[28559,21947],[63,28]],[[28622,21975],[71,-6]],[[28693,21969],[57,144]],[[28750,22113],[3,35]],[[28753,22148],[62,33]],[[28815,22181],[27,63]],[[28842,22244],[50,18]],[[28892,22262],[68,-30]],[[28960,22232],[66,49]],[[29026,22281],[66,9]],[[29092,22290],[35,51]],[[29127,22341],[63,11]],[[29189,22392],[1,-40]],[[29189,22392],[67,23]],[[29256,22415],[59,33]],[[29296,22486],[19,-38]],[[29229,22523],[67,-37]],[[29199,22607],[30,-84]],[[29199,22607],[29,34]],[[29228,22641],[29,74]],[[29197,22740],[60,-25]],[[29197,22740],[19,83]],[[29216,22823],[39,58]],[[29255,22881],[139,152]],[[29394,23033],[96,32]],[[29490,23065],[27,54]],[[29517,23119],[75,40]],[[29592,23159],[33,65]],[[29625,23224],[29,-39]],[[29654,23185],[79,-25]],[[29733,23160],[91,-56]],[[29824,23104],[49,18]],[[29873,23122],[21,36]],[[29894,23158],[36,18]],[[29930,23176],[95,95]],[[30025,23271],[32,-25]],[[30057,23246],[29,11]],[[30086,23257],[79,2]],[[30165,23259],[77,-50]],[[30242,23209],[11,-26]],[[30253,23183],[64,6]],[[30317,23189],[15,37]],[[30332,23226],[40,9]],[[30372,23235],[105,96]],[[30477,23331],[71,8]],[[30548,23339],[64,62]],[[30612,23401],[39,-12]],[[30651,23389],[58,62]],[[30709,23451],[60,-57]],[[30769,23394],[113,-87]],[[30882,23307],[12,-37]],[[30894,23270],[45,-2]],[[30939,23268],[20,-40]],[[30959,23228],[129,-48]],[[31088,23180],[40,38]],[[31128,23218],[29,53]],[[31153,23333],[4,-62]],[[31153,23333],[38,97]],[[31100,23509],[91,-79]],[[31100,23509],[42,41]],[[31142,23550],[3,80]],[[31145,23630],[90,-29]],[[31192,23491],[43,110]],[[31192,23491],[52,-42]],[[31244,23449],[118,59]],[[31362,23508],[72,-8]],[[31434,23500],[40,10]],[[31474,23510],[51,-39]],[[31525,23471],[63,47]],[[31588,23518],[60,-83]],[[31648,23435],[44,-31]],[[31692,23404],[6,-43]],[[31698,23361],[56,-67]],[[31754,23294],[22,-71]],[[31776,23223],[59,-76]],[[31835,23147],[39,-29]],[[31874,23118],[61,14]],[[31935,23132],[60,-57]],[[31995,23075],[28,31]],[[32023,23106],[47,-14]],[[32070,23092],[50,-62]],[[32120,23030],[63,-23]],[[32183,23007],[111,3]],[[32294,23010],[39,18]],[[32333,23028],[32,-45]],[[32349,22940],[16,43]],[[32349,22940],[16,-37]],[[32345,22837],[20,66]],[[32345,22837],[2,-15]],[[32341,22735],[6,87]],[[32341,22735],[15,-80]],[[32343,22554],[13,101]],[[32343,22554],[29,-36]],[[32372,22518],[68,-30]],[[32440,22488],[50,-68]],[[32490,22420],[48,10]],[[32538,22430],[44,-36]],[[32582,22394],[20,-45]],[[32602,22349],[84,-52]],[[32686,22297],[107,37]],[[32793,22334],[17,19]],[[32810,22353],[62,-33]],[[32872,22320],[45,36]],[[32917,22356],[49,7]],[[32966,22363],[13,-29]],[[32979,22334],[53,-13]],[[33016,22286],[16,35]],[[33016,22286],[3,-52]],[[33019,22234],[34,-20]],[[33053,22214],[39,-58]],[[33092,22156],[64,-35]],[[33156,22121],[5,-44]],[[33145,22028],[16,49]],[[33106,21994],[39,34]],[[33077,21905],[29,89]],[[33018,21891],[59,14]],[[33009,21855],[9,36]],[[32944,21854],[65,1]],[[32944,21854],[8,-34]],[[32906,21724],[46,96]],[[32906,21724],[4,-79]],[[32893,21615],[17,30]],[[32891,21554],[2,61]],[[32891,21554],[19,-26]],[[32894,21475],[16,53]],[[32894,21475],[18,-24]],[[32912,21451],[28,-46]],[[32901,21321],[39,84]],[[32901,21321],[30,-82]],[[32931,21239],[4,-32]],[[32935,21207],[70,-47]],[[33005,21160],[32,-87]],[[32998,21073],[39,0]],[[32953,21023],[45,50]],[[32953,21023],[0,-131]],[[32953,20892],[31,-12]],[[32984,20880],[36,41]],[[33020,20921],[71,15]],[[33091,20936],[33,-18]],[[33124,20918],[48,7]],[[33172,20925],[135,-44]],[[33307,20881],[46,9]],[[33353,20890],[167,80]],[[33520,20970],[8,-53]],[[33444,20891],[84,26]],[[33336,20844],[108,47]],[[33283,20843],[53,1]],[[33268,20793],[15,50]],[[33227,20756],[41,37]],[[33195,20705],[32,51]],[[33153,20737],[42,-32]],[[33153,20737],[57,43]],[[33169,20805],[41,-25]],[[33096,20752],[73,53]],[[33009,20745],[87,7]],[[33005,20714],[4,31]],[[33005,20714],[28,-89]],[[33033,20625],[16,-20]],[[33046,20531],[3,74]],[[33033,20494],[13,37]],[[33033,20494],[40,-76]],[[33068,20378],[5,40]],[[33068,20378],[52,-15]],[[33120,20363],[8,-38]],[[33128,20325],[49,-26]],[[33177,20299],[95,-14]],[[33272,20285],[74,22]],[[33346,20307],[75,-44]],[[33374,20238],[47,25]],[[33374,20238],[35,-48]],[[33408,20140],[1,50]],[[33408,20140],[19,-25]],[[33427,20115],[78,14]],[[33505,20129],[42,-7]],[[33547,20122],[18,-34]],[[33522,20072],[43,16]],[[33522,20072],[12,-47]],[[33534,20025],[46,6]],[[33580,20031],[69,-79]],[[33649,19952],[26,-11]],[[33671,19887],[4,54]],[[33671,19887],[40,-72]],[[33711,19815],[32,-9]],[[33743,19806],[4,-59]],[[33719,19718],[28,29]],[[33719,19718],[35,-62]],[[33727,19613],[27,43]],[[33679,19602],[48,11]],[[33674,19563],[5,39]],[[33674,19563],[58,-13]],[[33732,19550],[59,53]],[[33791,19603],[46,60]],[[33837,19663],[41,22]],[[33878,19685],[16,77]],[[33894,19762],[19,39]],[[33913,19801],[44,-35]],[[33957,19766],[128,-11]],[[34085,19755],[52,22]],[[34137,19777],[31,-10]],[[34168,19767],[38,-62]],[[34206,19705],[28,-23]],[[34234,19682],[16,-5]],[[34250,19677],[20,-27]],[[34270,19650],[40,-5]],[[34310,19645],[26,34]],[[34336,19679],[120,38]],[[34456,19717],[5,-32]],[[34444,19616],[17,69]],[[34444,19616],[283,-56]],[[34687,19518],[40,42]],[[34683,19420],[4,98]],[[34654,19360],[29,60]],[[34654,19360],[69,-21]],[[34723,19339],[40,50]],[[34763,19389],[24,6]],[[34787,19395],[72,-67]],[[34841,19296],[18,32]],[[34841,19296],[32,-34]],[[34873,19262],[10,-50]],[[34883,19212],[49,-30]],[[34932,19182],[66,29]],[[34998,19211],[89,-1]],[[35087,19210],[67,11]],[[35154,19221],[73,-13]],[[35227,19208],[4,-62]],[[35231,19146],[66,-7]],[[35297,19139],[81,-80]],[[35378,19059],[151,-53]],[[35529,19006],[61,3]],[[35590,19009],[12,-27]],[[35571,18890],[31,92]],[[35571,18890],[15,-62]],[[35571,18771],[15,57]],[[35542,18739],[29,32]],[[35463,18686],[79,53]],[[35463,18686],[78,-47]],[[35541,18639],[65,6]],[[35606,18645],[119,-16]],[[35725,18629],[49,6]],[[35774,18635],[33,-35]],[[35807,18600],[86,-52]],[[35867,18507],[26,41]],[[35867,18507],[9,-29]],[[35850,18432],[26,46]],[[35848,18393],[2,39]],[[35848,18393],[51,-52]],[[35899,18341],[15,21]],[[35914,18362],[73,13]],[[35987,18375],[46,-17]],[[36033,18358],[59,14]],[[36092,18372],[28,-12]],[[36114,18313],[6,47]],[[36114,18313],[33,-12]],[[36147,18301],[31,-38]],[[36100,18178],[78,85]],[[36100,18178],[8,-29]],[[36108,18149],[83,-75]],[[36191,18074],[23,-73]],[[36214,18001],[112,-34]],[[36326,17967],[34,-38]],[[36347,17895],[13,34]],[[36347,17895],[12,-87]],[[36359,17808],[38,-22]],[[36397,17786],[22,-42]],[[36355,17609],[64,135]],[[36355,17609],[5,-30]],[[36341,17487],[19,92]],[[36341,17487],[8,-52]],[[36307,17443],[42,-8]],[[36256,17402],[51,41]],[[36220,17339],[36,63]],[[36184,17308],[36,31]],[[36184,17308],[4,-53]],[[36175,17150],[13,105]],[[36104,17146],[71,4]],[[36023,17087],[81,59]],[[35960,17155],[63,-68]],[[35944,17158],[16,-3]],[[35893,17191],[51,-33]],[[35852,17195],[41,-4]],[[35845,17261],[7,-66]],[[35804,17354],[41,-93]],[[35739,17416],[65,-62]],[[35645,17391],[94,25]],[[35602,17388],[43,3]],[[35562,17357],[40,31]],[[35522,17385],[40,-28]],[[35412,17405],[110,-20]],[[35379,17401],[33,4]],[[35311,17484],[68,-83]],[[35264,17465],[47,19]],[[35255,17415],[9,50]],[[35229,17382],[26,33]],[[35191,17295],[38,87]],[[35145,17279],[46,16]],[[35087,17174],[58,105]],[[35087,17174],[39,-89]],[[35099,17017],[27,68]],[[35065,16980],[34,37]],[[35065,16980],[30,-65]],[[35076,16866],[19,49]],[[35072,16787],[4,79]],[[35016,16761],[56,26]],[[34950,16693],[66,68]],[[34941,16579],[9,114]],[[34894,16568],[47,11]],[[34871,16605],[23,-37]],[[34788,16638],[83,-33]],[[34704,16637],[84,1]],[[34663,16660],[41,-23]],[[34663,16660],[31,34]],[[34692,16754],[2,-60]],[[34672,16764],[20,-10]],[[34569,17000],[103,-236]],[[34502,17022],[67,-22]],[[34459,17089],[43,-67]],[[34435,17098],[24,-9]],[[34386,17078],[49,20]],[[34343,17043],[43,35]],[[34337,17002],[6,41]],[[34307,16969],[30,33]],[[34232,16988],[75,-19]],[[34164,16990],[68,-2]],[[34063,16967],[101,23]],[[33969,17061],[94,-94]],[[33922,17097],[47,-36]],[[33897,17136],[25,-39]],[[33896,17195],[1,-59]],[[33778,17291],[118,-96]],[[33699,17247],[79,44]],[[33548,17217],[151,30]],[[33539,17243],[9,-26]],[[33460,17249],[79,-6]],[[33457,17193],[3,56]],[[33426,17148],[31,45]],[[33317,17065],[109,83]],[[33292,16949],[25,116]],[[33205,16928],[87,21]],[[33132,16988],[73,-60]],[[33100,16988],[32,0]],[[33003,16958],[97,30]],[[32966,16963],[37,-5]],[[32847,16909],[119,54]],[[32802,16969],[45,-60]],[[32723,17012],[79,-43]],[[32559,16928],[164,84]],[[32525,16870],[34,58]],[[32464,16850],[61,20]],[[32411,16862],[53,-12]],[[32368,16800],[43,62]],[[32354,16746],[14,54]],[[32244,16703],[110,43]],[[32213,16715],[31,-12]],[[32121,16646],[92,69]],[[32090,16610],[31,36]],[[32088,16576],[2,34]],[[32073,16496],[15,80]],[[32073,16496],[18,-122]],[[32079,16282],[12,92]],[[32045,16251],[34,31]],[[31951,16275],[94,-24]],[[31892,16271],[59,4]],[[31860,16284],[32,-13]],[[31787,16288],[73,-4]],[[31770,16262],[17,26]],[[31700,16258],[70,4]],[[31685,16240],[15,18]],[[31537,16193],[148,47]],[[43440,10566],[82,-107]],[[43382,10626],[58,-60]],[[43382,10626],[13,67]],[[43270,10734],[125,-41]],[[47482,10570],[12,-57]],[[47456,10610],[26,-40]],[[47421,10626],[35,-16]],[[47346,10628],[75,-2]],[[47184,10661],[162,-33]],[[47134,10727],[50,-66]],[[47118,10794],[16,-67]],[[47119,10851],[-1,-57]],[[47119,10851],[33,90]],[[47154,11037],[-2,-96]],[[47025,11035],[129,2]],[[46991,10989],[34,46]],[[46917,11025],[74,-36]],[[46881,10993],[36,32]],[[46836,10898],[45,95]],[[46680,10923],[156,-25]],[[46542,10869],[138,54]],[[46524,10796],[18,73]],[[46524,10796],[77,-52]],[[46601,10744],[37,3]],[[46638,10747],[3,-85]],[[46508,10650],[133,12]],[[46493,10549],[15,101]],[[46048,10580],[445,-31]],[[46043,10630],[5,-50]],[[45870,10644],[173,-14]],[[45686,10650],[184,-6]],[[45686,10650],[3,51]],[[45371,10701],[318,0]],[[45325,10709],[46,-8]],[[45298,10747],[27,-38]],[[45253,10751],[45,-4]],[[45253,10751],[33,-137]],[[45138,10618],[148,-4]],[[45139,10669],[-1,-51]],[[45018,10673],[121,-4]],[[44981,10625],[37,48]],[[44724,10843],[257,-218]],[[44543,10605],[181,238]],[[44442,10700],[101,-95]],[[44382,10620],[60,80]],[[44270,10738],[112,-118]],[[44270,10738],[11,19]],[[44128,10877],[153,-120]],[[44097,10837],[31,40]],[[43931,10620],[166,217]],[[43800,10722],[131,-102]],[[43680,10515],[120,207]],[[43607,10390],[73,125]],[[43522,10459],[85,-69]],[[43270,10734],[26,90]],[[43235,10865],[61,-41]],[[43236,10897],[-1,-32]],[[43180,10916],[56,-19]],[[43180,10916],[13,45]],[[43193,10961],[127,-45]],[[43320,10916],[106,432]],[[43426,11348],[18,50]],[[43328,11439],[116,-41]],[[43328,11439],[20,69]],[[43318,11531],[30,-23]],[[43318,11531],[93,-33]],[[43411,11498],[57,-1]],[[43468,11497],[41,154]],[[43509,11651],[19,93]],[[43528,11744],[65,196]],[[43593,11940],[68,270]],[[43661,12210],[91,436]],[[43748,12669],[4,-23]],[[43712,12634],[36,35]],[[43679,12652],[33,-18]],[[43555,12644],[124,8]],[[43555,12644],[25,239]],[[43537,12879],[43,4]],[[43537,12879],[8,61]],[[43233,12948],[312,-8]],[[43233,12948],[7,167]],[[43240,13115],[11,95]],[[43251,13210],[18,87]],[[43264,13358],[5,-61]],[[43264,13358],[18,183]],[[43177,13537],[105,4]],[[43172,13495],[5,42]],[[43133,13494],[39,1]],[[43109,13533],[24,-39]],[[43091,13605],[18,-72]],[[43091,13605],[4,57]],[[43095,13662],[42,3]],[[43137,13665],[32,27]],[[43113,13731],[56,-39]],[[43042,13700],[71,31]],[[43000,13882],[42,-182]],[[42947,14132],[53,-250]],[[42934,14264],[13,-132]],[[42931,14256],[3,8]],[[42699,14128],[232,128]],[[42682,14096],[17,32]],[[42682,14096],[33,-142]],[[42610,13890],[105,64]],[[42570,13966],[40,-76]],[[42526,14004],[44,-38]],[[42496,14053],[30,-49]],[[42464,14079],[32,-26]],[[42447,14125],[17,-46]],[[42416,14149],[31,-24]],[[42416,14149],[111,194]],[[42527,14343],[96,89]],[[42623,14432],[115,163]],[[42738,14665],[0,-70]],[[42738,14665],[44,1]],[[42782,14666],[311,316]],[[43093,14982],[223,-233]],[[43316,14749],[179,-130]],[[43495,14619],[22,94]],[[43517,14713],[103,-74]],[[43620,14639],[56,-41]],[[43676,14598],[94,-69]],[[43770,14529],[54,123]],[[43824,14652],[71,2]],[[43895,14654],[71,-28]],[[43966,14626],[36,54]],[[44002,14680],[90,-52]],[[44092,14628],[92,14]],[[44118,14673],[66,-31]],[[44118,14673],[55,82]],[[44145,14767],[28,-12]],[[44145,14767],[46,52]],[[44045,14885],[146,-66]],[[44045,14885],[75,128]],[[43992,15094],[128,-81]],[[43992,15094],[54,133]],[[43997,15271],[49,-44]],[[43957,15331],[40,-60]],[[43949,15376],[8,-45]],[[43949,15376],[83,-4]],[[44032,15372],[39,-30]],[[44071,15342],[20,-40]],[[44091,15302],[38,-14]],[[44129,15288],[43,-38]],[[44172,15250],[78,-41]],[[44250,15209],[46,-14]],[[44296,15195],[36,33]],[[44319,15279],[13,-51]],[[44319,15279],[76,19]],[[44395,15298],[39,27]],[[44415,15354],[19,-29]],[[44415,15354],[12,206]],[[44415,15609],[12,-49]],[[44379,15665],[36,-56]],[[44369,15721],[10,-56]],[[44369,15721],[83,17]],[[44442,15790],[10,-52]],[[44442,15790],[108,29]],[[44544,15934],[6,-115]],[[44492,15983],[52,-49]],[[44492,15983],[263,161]],[[44711,16318],[44,-174]],[[44678,16418],[33,-100]],[[44678,16418],[21,37]],[[44699,16455],[48,47]],[[44747,16502],[88,66]],[[44835,16568],[200,166]],[[45035,16734],[231,228]],[[45266,16962],[217,217]],[[45483,17179],[23,22]],[[45506,17201],[65,-33]],[[45571,17168],[17,41]],[[45588,17209],[29,-9]],[[45617,17200],[51,-49]],[[45668,17151],[78,-11]],[[45746,17140],[31,-18]],[[45759,17079],[18,43]],[[45759,17079],[67,-23]],[[45826,17056],[6,-31]],[[45812,16972],[20,53]],[[45812,16972],[80,3]],[[45892,16975],[29,-106]],[[45921,16869],[109,68]],[[46018,17084],[12,-147]],[[46018,17084],[66,16]],[[46084,17100],[16,105]],[[46100,17205],[42,-13]],[[46122,17129],[20,63]],[[46109,17046],[13,83]],[[46109,17046],[17,-18]],[[46126,17028],[74,28]],[[46200,17056],[107,65]],[[46307,17121],[29,-31]],[[46317,17019],[19,71]],[[46249,16960],[68,59]],[[46249,16960],[45,-37]],[[46262,16932],[32,-9]],[[46198,16791],[64,141]],[[46198,16791],[198,-98]],[[46396,16693],[74,-19]],[[46470,16674],[24,56]],[[46494,16730],[22,12]],[[46516,16742],[87,-38]],[[46603,16704],[56,109]],[[46659,16813],[24,-9]],[[46636,16699],[47,105]],[[46636,16699],[-3,-109]],[[46608,16561],[25,29]],[[46608,16561],[4,-53]],[[46612,16508],[40,-6]],[[46652,16502],[66,39]],[[46718,16541],[79,5]],[[46797,16546],[38,25]],[[46835,16571],[48,0]],[[46883,16571],[14,-56]],[[46897,16515],[7,-85]],[[46904,16430],[144,-36]],[[47048,16394],[88,-60]],[[47136,16334],[41,25]],[[47177,16359],[82,8]],[[47259,16367],[82,-33]],[[47341,16334],[57,5]],[[47398,16339],[28,45]],[[47397,16420],[29,-36]],[[47397,16420],[44,44]],[[47441,16464],[3,55]],[[47444,16519],[79,6]],[[47523,16525],[21,26]],[[47544,16551],[94,-53]],[[47638,16498],[79,-67]],[[47717,16431],[59,-16]],[[47776,16415],[95,7]],[[47871,16422],[90,-30]],[[47961,16392],[89,-62]],[[48050,16330],[33,-1]],[[48083,16329],[47,-49]],[[48130,16280],[35,24]],[[48165,16304],[25,65]],[[48190,16369],[26,-2]],[[48216,16367],[56,-36]],[[48272,16331],[56,48]],[[48328,16379],[98,27]],[[48402,16307],[24,99]],[[48402,16307],[2,-231]],[[48389,15994],[15,82]],[[48378,15930],[11,64]],[[48311,15761],[67,169]],[[48298,15666],[13,95]],[[48231,15523],[67,143]],[[48203,15326],[28,197]],[[48203,15326],[58,-53]],[[48261,15273],[88,-106]],[[48349,15167],[60,-45]],[[48409,15122],[113,-60]],[[48522,15062],[138,-53]],[[48660,15009],[104,-25]],[[48764,14984],[62,-1]],[[48826,14983],[40,16]],[[48866,14999],[54,63]],[[48920,15062],[39,0]],[[48959,15062],[22,-105]],[[48981,14957],[20,-56]],[[49001,14901],[38,-37]],[[49039,14864],[6,-39]],[[48917,14619],[128,206]],[[48818,14478],[99,141]],[[48818,14478],[1,-57]],[[48819,14421],[159,-107]],[[48978,14314],[136,-75]],[[49114,14239],[118,-112]],[[49232,14127],[86,-83]],[[49318,14044],[47,-33]],[[49365,14011],[94,-34]],[[49443,13924],[16,53]],[[49320,13851],[123,73]],[[49293,13813],[27,38]],[[49293,13813],[3,-34]],[[49296,13779],[53,-92]],[[49331,13627],[18,60]],[[49287,13609],[44,18]],[[49155,13620],[132,-11]],[[49111,13646],[44,-26]],[[49076,13598],[35,48]],[[49076,13598],[5,-103]],[[49072,13448],[9,47]],[[49072,13448],[28,-166]],[[49100,13282],[16,-55]],[[49116,13227],[69,-185]],[[49183,13011],[2,31]],[[49103,12978],[80,33]],[[49056,12913],[47,65]],[[49037,12816],[19,97]],[[49037,12816],[43,-176]],[[49080,12640],[23,-51]],[[49103,12589],[20,-90]],[[49123,12499],[48,-20]],[[49171,12479],[5,-59]],[[49155,12371],[21,49]],[[49097,12288],[58,83]],[[49044,12155],[53,133]],[[49014,11974],[30,181]],[[49014,11974],[15,-165]],[[49029,11809],[40,-72]],[[49069,11737],[52,-30]],[[49121,11707],[2,-27]],[[49096,11623],[27,57]],[[49064,11583],[32,40]],[[48984,11546],[80,37]],[[48913,11495],[71,51]],[[48859,11417],[54,78]],[[48847,11382],[12,35]],[[48847,11382],[-3,-99]],[[48781,11171],[63,112]],[[48750,11129],[31,42]],[[48712,11036],[38,93]],[[48698,10965],[14,71]],[[48698,10965],[0,-77]],[[48698,10888],[4,-25]],[[48653,10732],[49,131]],[[48626,10682],[27,50]],[[48524,10614],[102,68]],[[48479,10527],[45,87]],[[48444,10489],[35,38]],[[48394,10520],[50,-31]],[[48332,10465],[62,55]],[[48263,10463],[69,2]],[[48218,10483],[45,-20]],[[48115,10553],[103,-70]],[[48076,10595],[39,-42]],[[47947,10667],[129,-72]],[[47895,10673],[52,-6]],[[47740,10628],[155,45]],[[47594,10600],[146,28]],[[47494,10513],[100,87]],[[39414,11609],[50,35]],[[39263,11854],[151,-245]],[[39219,11912],[44,-58]],[[39185,11916],[34,-4]],[[39110,11864],[75,52]],[[39110,11922],[0,-58]],[[39074,12117],[36,-195]],[[39074,12117],[7,15]],[[39081,12132],[134,52]],[[39215,12184],[164,54]],[[39379,12253],[0,-15]],[[39379,12253],[128,32]],[[39462,12360],[45,-75]],[[39378,12333],[84,27]],[[39365,12429],[13,-96]],[[39266,12608],[99,-179]],[[39264,12637],[2,-29]],[[39226,12685],[38,-48]],[[39178,12665],[48,20]],[[39099,12718],[79,-53]],[[39068,12827],[31,-109]],[[39004,12808],[64,19]],[[38946,12809],[58,-1]],[[38946,12809],[23,-82]],[[38896,12686],[73,41]],[[38860,12752],[36,-66]],[[38834,12740],[26,12]],[[38786,12864],[48,-124]],[[38786,12864],[18,11]],[[38770,12944],[34,-69]],[[38740,13004],[30,-60]],[[38740,13004],[3,48]],[[38743,13052],[3,75]],[[38727,13127],[19,0]],[[38712,13213],[15,-86]],[[38653,13334],[59,-121]],[[38547,13364],[106,-30]],[[38530,13386],[17,-22]],[[38530,13386],[35,33]],[[38565,13419],[20,78]],[[38585,13497],[22,38]],[[38585,13596],[22,-61]],[[38585,13596],[17,10]],[[38585,13685],[17,-79]],[[38585,13685],[8,34]],[[38569,13749],[24,-30]],[[38569,13849],[0,-100]],[[38569,13849],[43,26]],[[38612,13942],[0,-67]],[[38612,13942],[76,28]],[[38688,13970],[6,19]],[[38647,14148],[47,-159]],[[38637,14228],[10,-80]],[[38637,14228],[12,84]],[[38639,14356],[10,-44]],[[38639,14356],[6,107]],[[38637,14511],[8,-48]],[[38534,14433],[103,78]],[[38474,14383],[60,50]],[[38389,14300],[85,83]],[[38243,14331],[146,-31]],[[38191,14281],[52,50]],[[38173,14234],[18,47]],[[38146,14216],[27,18]],[[38109,14145],[37,71]],[[38017,14201],[92,-56]],[[37966,14201],[51,0]],[[37966,14201],[7,85]],[[37956,14405],[17,-119]],[[37923,14408],[33,-3]],[[37923,14408],[20,50]],[[37923,14488],[20,-30]],[[37923,14488],[11,63]],[[37934,14551],[22,23]],[[37956,14574],[35,76]],[[37942,14640],[49,10]],[[37923,14666],[19,-26]],[[37832,14687],[91,-21]],[[37808,14677],[24,10]],[[37727,14609],[81,68]],[[37685,14609],[42,0]],[[37655,14548],[30,61]],[[37550,14597],[105,-49]],[[37436,14584],[114,13]],[[37417,14614],[19,-30]],[[37362,14607],[55,7]],[[37362,14607],[3,-67]],[[37325,14523],[40,17]],[[37325,14523],[4,69]],[[37305,14657],[24,-65]],[[37295,14730],[10,-73]],[[37223,14841],[72,-111]],[[37223,14841],[55,13]],[[37248,14895],[30,-41]],[[37216,14892],[32,3]],[[37176,14936],[40,-44]],[[37176,14936],[2,24]],[[37178,14960],[29,44]],[[37198,15089],[9,-85]],[[37159,15206],[39,-117]],[[37122,15243],[37,-37]],[[37033,15207],[89,36]],[[36934,15230],[99,-23]],[[36934,15230],[1,30]],[[36935,15260],[36,44]],[[36971,15304],[28,22]],[[36999,15326],[115,126]],[[37114,15452],[31,43]],[[37145,15495],[57,8]],[[37202,15503],[21,79]],[[37190,15641],[33,-59]],[[37149,15690],[41,-49]],[[37085,15693],[64,-3]],[[37054,15770],[31,-77]],[[37023,15798],[31,-28]],[[36982,15877],[41,-79]],[[36953,15882],[29,-5]],[[36926,15974],[27,-92]],[[36883,15980],[43,-6]],[[36849,16023],[34,-43]],[[36806,16031],[43,-8]],[[36774,16069],[32,-38]],[[36723,16155],[51,-86]],[[36723,16155],[29,123]],[[36752,16278],[49,53]],[[36795,16379],[6,-48]],[[36720,16408],[75,-29]],[[36705,16437],[15,-29]],[[36669,16444],[36,-7]],[[36655,16503],[14,-59]],[[36655,16503],[29,58]],[[36684,16561],[14,84]],[[36690,16683],[8,-38]],[[36690,16683],[15,79]],[[36692,16893],[13,-131]],[[36633,16968],[59,-75]],[[36580,17017],[53,-49]],[[36498,17072],[82,-55]],[[36435,17072],[63,0]],[[36371,17111],[64,-39]],[[36336,17152],[35,-41]],[[36306,17210],[30,-58]],[[36306,17210],[1,33]],[[36258,17275],[49,-32]],[[36220,17339],[38,-64]],[[39542,11376],[27,20]],[[39513,11476],[56,-80]],[[39513,11476],[46,40]],[[39518,11561],[41,-45]],[[39464,11644],[54,-83]],[[36349,17435],[16,12]],[[36365,17447],[15,102]],[[36380,17549],[52,63]],[[36432,17612],[45,81]],[[36477,17693],[49,44]],[[36526,17737],[2,31]],[[36528,17768],[39,86]],[[36567,17854],[32,22]],[[36599,17876],[57,92]],[[36656,17968],[8,67]],[[36664,18035],[24,31]],[[36688,18066],[48,0]],[[36736,18066],[9,-79]],[[36745,17987],[67,-74]],[[36812,17913],[17,-54]],[[36829,17859],[58,112]],[[36859,17991],[28,-20]],[[36859,17991],[2,44]],[[36861,18035],[21,53]],[[36875,18156],[7,-68]],[[36875,18156],[41,7]],[[36916,18163],[7,118]],[[36923,18281],[146,74]],[[37069,18355],[9,39]],[[37078,18394],[56,13]],[[37134,18407],[96,0]],[[37230,18407],[77,26]],[[37307,18433],[2,-32]],[[37309,18401],[49,-41]],[[37322,18306],[36,54]],[[37322,18306],[7,-69]],[[37329,18237],[15,-26]],[[37344,18211],[69,-32]],[[37413,18179],[74,-54]],[[37487,18125],[36,-51]],[[37523,18074],[22,73]],[[37545,18147],[65,39]],[[37610,18186],[15,51]],[[37625,18237],[36,29]],[[37661,18266],[40,-1]],[[37701,18265],[39,80]],[[37740,18345],[8,50]],[[37748,18395],[52,36]],[[37800,18431],[25,120]],[[37805,18576],[20,-25]],[[37788,18656],[17,-80]],[[37788,18656],[34,86]],[[37822,18742],[30,167]],[[37837,18978],[15,-69]],[[37837,18978],[28,24]],[[37865,19050],[0,-48]],[[37865,19050],[33,75]],[[37898,19125],[25,20]],[[37923,19145],[28,12]],[[37951,19157],[49,99]],[[37973,19283],[27,-27]],[[37973,19317],[0,-34]],[[37973,19317],[68,15]],[[38041,19332],[21,59]],[[38062,19391],[21,45]],[[38083,19436],[46,-2]],[[38129,19434],[35,22]],[[38146,19515],[18,-59]],[[38140,19580],[6,-65]],[[38140,19580],[54,157]],[[38156,19883],[38,-146]],[[38156,19883],[18,111]],[[38174,19994],[37,70]],[[38211,20064],[56,-39]],[[38267,20025],[50,-67]],[[38317,19958],[54,5]],[[38371,19963],[70,-38]],[[38441,19925],[24,-54]],[[38465,19871],[47,-41]],[[38512,19830],[15,-35]],[[38513,19762],[14,33]],[[38513,19762],[20,-118]],[[38527,19588],[6,56]],[[38500,19553],[27,35]],[[38500,19553],[1,-84]],[[38501,19469],[26,-19]],[[38527,19450],[0,-39]],[[38527,19411],[101,-52]],[[38628,19359],[49,-59]],[[38667,19208],[10,92]],[[38667,19208],[12,-41]],[[38679,19167],[99,-52]],[[38778,19115],[25,-66]],[[38803,19049],[5,-58]],[[38808,18991],[31,-80]],[[38839,18911],[50,-36]],[[38889,18875],[45,-54]],[[38934,18821],[55,-117]],[[38989,18704],[7,-29]],[[38996,18675],[42,-33]],[[39038,18642],[33,-62]],[[39071,18580],[71,8]],[[39142,18588],[21,-66]],[[39163,18522],[56,-39]],[[39219,18483],[45,-23]],[[39264,18460],[36,13]],[[39300,18473],[46,47]],[[39346,18520],[37,-12]],[[39383,18508],[6,-41]],[[39389,18467],[78,-75]],[[39467,18392],[48,22]],[[39515,18414],[47,43]],[[39562,18457],[40,5]],[[39602,18462],[52,-28]],[[39654,18434],[13,-32]],[[39667,18402],[65,-56]],[[39732,18346],[31,-5]],[[39763,18341],[42,-54]],[[39805,18287],[113,24]],[[39918,18311],[82,-19]],[[40000,18292],[19,-43]],[[40019,18249],[86,-92]],[[40105,18157],[19,-8]],[[40124,18149],[22,-62]],[[40146,18087],[55,-58]],[[40201,18029],[58,-92]],[[40259,17937],[32,14]],[[40291,17951],[69,-14]],[[40360,17937],[63,-77]],[[40377,17820],[46,40]],[[40376,17799],[1,21]],[[40376,17799],[54,-64]],[[40430,17735],[57,-4]],[[40487,17731],[55,23]],[[40542,17754],[101,-30]],[[40643,17724],[81,24]],[[40724,17748],[59,-23]],[[40783,17725],[15,-6]],[[40798,17719],[29,-89]],[[40827,17630],[38,-79]],[[40865,17551],[29,-15]],[[40894,17536],[13,-39]],[[40907,17497],[59,-48]],[[40966,17449],[119,69]],[[41085,17518],[85,-15]],[[41170,17503],[72,-33]],[[41242,17470],[43,-34]],[[41285,17436],[31,4]],[[41316,17440],[12,40]],[[41328,17480],[51,21]],[[41379,17501],[3,104]],[[41382,17605],[17,36]],[[41399,17641],[19,-28]],[[41418,17613],[136,-8]],[[41554,17605],[6,-28]],[[41560,17577],[45,7]],[[41605,17584],[34,-18]],[[41630,17520],[9,46]],[[41630,17520],[49,-34]],[[41679,17486],[43,64]],[[41722,17550],[51,18]],[[41773,17568],[4,27]],[[41777,17595],[57,-3]],[[41834,17592],[79,40]],[[41846,17579],[67,53]],[[41846,17579],[29,-43]],[[41875,17536],[4,-42]],[[41879,17494],[27,-57]],[[41906,17437],[6,-49]],[[41912,17388],[30,-33]],[[41942,17355],[67,-149]],[[42009,17206],[10,-64]],[[42019,17142],[96,-58]],[[42115,17084],[122,-158]],[[42237,16926],[37,-63]],[[42274,16863],[166,-53]],[[42440,16810],[122,-22]],[[42562,16788],[48,116]],[[42610,16904],[16,-2]],[[42626,16902],[21,113]],[[42647,17015],[34,-16]],[[42682,17055],[-1,-56]],[[42682,17055],[163,-86]],[[42845,16969],[30,67]],[[42875,17036],[113,-70]],[[42892,16838],[96,128]],[[42848,16835],[44,3]],[[42819,16801],[29,34]],[[42752,16805],[67,-4]],[[42725,16753],[27,52]],[[42666,16720],[59,33]],[[42666,16720],[38,-34]],[[42654,16606],[50,80]],[[42654,16606],[95,-48]],[[42724,16451],[25,107]],[[42724,16451],[99,-5]],[[42823,16446],[72,16]],[[42895,16462],[28,55]],[[42923,16517],[117,70]],[[43040,16587],[51,34]],[[43086,16657],[5,-36]],[[43086,16657],[54,52]],[[43140,16709],[73,148]],[[43213,16857],[32,-25]],[[43245,16832],[30,20]],[[43275,16852],[57,-119]],[[43332,16733],[62,-113]],[[43394,16620],[91,49]],[[43485,16669],[68,89]],[[43553,16758],[43,31]],[[43596,16789],[6,32]],[[43602,16821],[122,41]],[[43724,16862],[21,2]],[[43745,16864],[8,-190]],[[43728,16663],[25,11]],[[43702,16601],[26,62]],[[43654,16568],[48,33]],[[43652,16537],[2,31]],[[43652,16537],[33,-261]],[[43685,16276],[434,-62]],[[44100,16103],[19,111]],[[44100,16103],[117,-1]],[[44217,16102],[150,35]],[[44367,16137],[93,76]],[[44460,16213],[44,-58]],[[44504,16155],[86,78]],[[44590,16233],[121,85]],[[43267,10724],[3,10]],[[43106,10735],[161,-11]],[[42971,10750],[135,-15]],[[42925,10558],[46,192]],[[42925,10558],[128,-51]],[[43039,10459],[14,48]],[[43039,10459],[131,-54]],[[43118,10258],[52,147]],[[42994,10304],[124,-46]],[[42983,10268],[11,36]],[[42857,10317],[126,-49]],[[42837,10260],[20,57]],[[42611,10346],[226,-86]],[[42611,10346],[62,211]],[[42673,10557],[19,130]],[[42352,10824],[340,-137]],[[42281,10889],[71,-65]],[[42179,10965],[102,-76]],[[42051,11078],[128,-113]],[[41973,10979],[78,99]],[[41853,10785],[120,194]],[[41834,10745],[19,40]],[[41483,10905],[351,-160]],[[41430,10900],[53,5]],[[41348,10953],[82,-53]],[[41348,10953],[6,13]],[[41243,11039],[111,-73]],[[41164,10909],[79,130]],[[41044,10990],[120,-81]],[[40996,10928],[48,62]],[[40944,10831],[52,97]],[[40859,10890],[85,-59]],[[40818,10810],[41,80]],[[40742,10866],[76,-56]],[[40608,10992],[134,-126]],[[40248,10937],[360,55]],[[40218,11032],[30,-95]],[[40013,10951],[205,81]],[[39998,10933],[15,18]],[[39950,10955],[48,-22]],[[39877,10993],[73,-38]],[[39787,11064],[90,-71]],[[39765,11029],[22,35]],[[39700,10978],[65,51]],[[39626,11159],[74,-181]],[[39622,11229],[4,-70]],[[39542,11376],[80,-147]],[[9035,9528],[41,-18]],[[8937,9600],[98,-72]],[[8890,9615],[47,-15]],[[8807,9612],[83,3]],[[8663,9569],[144,43]],[[8592,9560],[71,9]],[[8539,9578],[53,-18]],[[8460,9648],[79,-70]],[[8407,9808],[53,-160]],[[8407,9808],[-4,123]],[[8403,9931],[28,125]],[[8392,10224],[39,-168]],[[8367,10284],[25,-60]],[[8282,10444],[85,-160]],[[8259,10470],[23,-26]],[[8112,10549],[147,-79]],[[7962,10597],[150,-48]],[[7905,10604],[57,-7]],[[7738,10588],[167,16]],[[7461,10641],[277,-53]],[[7376,10625],[85,16]],[[7308,10627],[68,-2]],[[7243,10608],[65,19]],[[7180,10615],[63,-7]],[[7083,10650],[97,-35]],[[7040,10696],[43,-46]],[[7023,10748],[17,-52]],[[6996,10899],[27,-151]],[[6941,10993],[55,-94]],[[6873,11036],[68,-43]],[[6828,11052],[45,-16]],[[6816,11102],[12,-50]],[[6816,11102],[49,19]],[[6802,11204],[63,-83]],[[6802,11204],[26,51]],[[6824,11311],[4,-56]],[[6824,11311],[58,135]],[[6882,11446],[25,19]],[[6907,11465],[77,-12]],[[6984,11453],[28,41]],[[7012,11494],[55,-29]],[[7067,11465],[63,0]],[[7130,11465],[57,55]],[[7187,11520],[68,-12]],[[7255,11508],[29,-28]],[[7284,11480],[26,25]],[[7310,11505],[35,-13]],[[7345,11492],[25,36]],[[7370,11528],[58,0]],[[7428,11528],[59,-56]],[[7487,11472],[22,26]],[[7509,11498],[75,6]],[[7584,11504],[33,-23]],[[7617,11481],[23,30]],[[7640,11511],[30,-3]],[[7670,11508],[84,45]],[[7754,11553],[25,35]],[[7779,11588],[136,23]],[[7915,11611],[171,60]],[[8069,11815],[17,-144]],[[8069,11815],[5,18]],[[8028,11917],[46,-84]],[[8028,11917],[12,74]],[[8003,12052],[37,-61]],[[7871,12135],[132,-83]],[[7835,12121],[36,14]],[[7753,12179],[82,-58]],[[7647,12226],[106,-47]],[[7520,12309],[127,-83]],[[7372,12343],[148,-34]],[[7326,12328],[46,15]],[[7130,12493],[196,-165]],[[7130,12493],[50,76]],[[7120,12597],[60,-28]],[[7120,12597],[9,24]],[[7016,12673],[113,-52]],[[6982,12707],[34,-34]],[[6840,12878],[142,-171]],[[6840,12878],[86,70]],[[6926,12948],[106,-10]],[[7032,12938],[56,30]],[[7088,12968],[31,42]],[[7119,13010],[46,15]],[[7165,13025],[87,-9]],[[7252,13016],[186,46]],[[7401,13169],[37,-107]],[[7382,13194],[19,-25]],[[7382,13194],[22,58]],[[7404,13252],[28,19]],[[7432,13271],[31,85]],[[7463,13356],[82,98]],[[7545,13454],[9,29]],[[7554,13483],[53,47]],[[7593,13568],[14,-38]],[[7558,13598],[35,-30]],[[7523,13653],[35,-55]],[[7523,13653],[30,64]],[[7553,13717],[24,88]],[[7577,13805],[57,38]],[[7634,13843],[51,-8]],[[7685,13835],[46,33]],[[7731,13868],[152,90]],[[7883,13958],[9,87]],[[7882,14078],[10,-33]],[[7858,14155],[24,-77]],[[7814,14242],[44,-87]],[[7668,14286],[146,-44]],[[7608,14449],[60,-163]],[[7582,14465],[26,-16]],[[10863,9079],[66,-72]],[[10820,9276],[43,-197]],[[10764,9324],[56,-48]],[[10650,9319],[114,5]],[[10522,9337],[128,-18]],[[10459,9367],[63,-30]],[[10332,9445],[127,-78]],[[10295,9452],[37,-7]],[[10193,9427],[102,25]],[[10133,9433],[60,-6]],[[10005,9477],[128,-44]],[[9950,9482],[55,-5]],[[9845,9514],[105,-32]],[[9767,9486],[78,28]],[[9683,9478],[84,8]],[[9643,9492],[40,-14]],[[9560,9594],[83,-102]],[[9528,9603],[32,-9]],[[9401,9577],[127,26]],[[9232,9523],[169,54]],[[9138,9506],[94,17]],[[9076,9510],[62,-4]],[[7582,14465],[113,25]],[[7695,14490],[63,72]],[[7758,14562],[3,44]],[[7743,14678],[18,-72]],[[7743,14678],[39,12]],[[7782,14690],[35,69]],[[7817,14759],[63,68]],[[7875,14888],[5,-61]],[[7844,14941],[31,-53]],[[7844,14941],[58,33]],[[7902,14974],[27,132]],[[7929,15106],[46,45]],[[7975,15151],[49,2]],[[8024,15153],[37,41]],[[8027,15257],[34,-63]],[[8000,15267],[27,-10]],[[7952,15329],[48,-62]],[[7907,15368],[45,-39]],[[7907,15368],[71,76]],[[7913,15593],[65,-149]],[[7888,15709],[25,-116]],[[7857,15746],[31,-37]],[[7674,15841],[183,-95]],[[7674,15841],[22,70]],[[7664,15956],[32,-45]],[[7640,15936],[24,20]],[[7560,16043],[80,-107]],[[7369,16278],[191,-235]],[[7341,16432],[28,-154]],[[7341,16432],[130,38]],[[7469,16504],[2,-34]],[[7469,16504],[172,34]],[[7618,16685],[23,-147]],[[7563,16653],[55,32]],[[7520,16695],[43,-42]],[[7520,16695],[16,30]],[[7494,16779],[42,-54]],[[7485,16871],[9,-92]],[[7459,17034],[26,-163]],[[7454,17072],[5,-38]],[[7454,17072],[182,96]],[[7636,17168],[24,-16]],[[7660,17152],[63,28]],[[7723,17180],[61,46]],[[7784,17226],[109,7]],[[7893,17233],[109,-55]],[[8002,17178],[62,17]],[[8035,17225],[29,-30]],[[8035,17225],[45,62]],[[8080,17287],[44,-34]],[[8124,17253],[81,79]],[[8205,17332],[19,85]],[[8200,17420],[24,-3]],[[8153,17472],[47,-52]],[[8153,17472],[74,87]],[[8186,17588],[41,-29]],[[8175,17646],[11,-58]],[[8175,17646],[21,47]],[[8196,17693],[125,113]],[[8321,17806],[13,132]],[[8334,17938],[172,-27]],[[8506,17911],[92,60]],[[8598,17971],[36,51]],[[8634,18022],[47,2]],[[8681,18024],[44,40]],[[8725,18064],[29,3]],[[8754,18067],[43,8]],[[8797,18075],[46,-50]],[[8843,18025],[38,-17]],[[8881,18008],[38,-50]],[[8919,17958],[52,5]],[[8949,17906],[22,57]],[[8949,17906],[9,-34]],[[8958,17872],[58,-27]],[[9016,17845],[96,15]],[[9112,17860],[27,-61]],[[9139,17799],[72,-13]],[[9211,17786],[29,-23]],[[9240,17763],[13,-67]],[[9253,17696],[8,-3]],[[9261,17693],[241,-105]],[[9502,17588],[55,1]],[[9557,17589],[108,-29]],[[9665,17560],[116,-4]],[[9781,17556],[45,62]],[[9826,17618],[54,5]],[[9880,17623],[34,-17]],[[9914,17606],[69,-6]],[[9983,17600],[71,23]],[[10054,17623],[1,69]],[[10030,17709],[25,-17]],[[10030,17709],[20,60]],[[10029,17849],[21,-80]],[[10029,17849],[52,1]],[[10081,17850],[271,50]],[[10352,17900],[72,-96]],[[10333,17773],[91,31]],[[10333,17773],[15,-51]],[[10348,17722],[36,-66]],[[10384,17656],[71,-81]],[[10455,17575],[27,-97]],[[10462,17414],[20,64]],[[10462,17414],[26,-71]],[[10488,17343],[53,9]],[[10541,17352],[79,8]],[[10620,17360],[52,40]],[[10672,17400],[40,-26]],[[10712,17374],[60,-60]],[[10772,17314],[11,55]],[[10783,17369],[90,-46]],[[10873,17323],[8,25]],[[10881,17348],[72,-19]],[[10953,17329],[66,-67]],[[11019,17262],[77,8]],[[11096,17270],[3,65]],[[11099,17335],[28,3]],[[11127,17338],[43,38]],[[11170,17376],[60,-11]],[[11230,17365],[9,53]],[[11203,17470],[36,-52]],[[11203,17470],[30,79]],[[11233,17549],[70,33]],[[11248,17609],[55,-27]],[[11218,17665],[30,-56]],[[11187,17764],[31,-99]],[[11124,17742],[63,22]],[[11114,17766],[10,-24]],[[11109,17796],[5,-30]],[[11109,17796],[29,54]],[[11104,17945],[34,-95]],[[11104,17945],[31,20]],[[11057,18086],[78,-121]],[[11057,18086],[54,40]],[[11111,18126],[179,-180]],[[11290,17946],[184,184]],[[11474,18130],[16,31]],[[11490,18161],[55,-41]],[[11545,18120],[68,48]],[[11613,18168],[19,-32]],[[11632,18136],[60,39]],[[11692,18175],[24,45]],[[11716,18220],[5,92]],[[11721,18312],[31,40]],[[11751,18278],[1,74]],[[11751,18278],[17,-31]],[[11768,18247],[52,-6]],[[11820,18241],[30,34]],[[11850,18275],[23,-32]],[[11873,18243],[36,2]],[[11909,18245],[14,32]],[[11923,18277],[46,45]],[[11969,18322],[24,41]],[[11993,18363],[32,-3]],[[12025,18360],[20,-37]],[[12045,18323],[43,-17]],[[12088,18306],[36,-50]],[[12124,18256],[56,-2]],[[12180,18254],[129,-13]],[[12309,18241],[96,-152]],[[12405,18089],[15,-9]],[[12420,18080],[96,-11]],[[12516,18069],[83,136]],[[12599,18205],[44,48]],[[12643,18253],[10,83]],[[12649,18390],[4,-54]],[[12649,18390],[22,30]],[[12671,18420],[15,123]],[[12686,18543],[41,52]],[[12727,18595],[3,36]],[[12730,18631],[72,123]],[[12802,18754],[45,25]],[[12847,18779],[39,-9]],[[12886,18770],[122,20]],[[13008,18790],[50,32]],[[13058,18822],[27,-10]],[[13085,18812],[53,12]],[[13138,18824],[83,-22]],[[13221,18802],[37,-22]],[[13258,18780],[40,51]],[[13298,18831],[35,5]],[[13333,18836],[63,-17]],[[13396,18819],[47,-29]],[[13443,18790],[45,47]],[[13488,18837],[108,-57]],[[13596,18780],[27,-24]],[[13623,18756],[36,2]],[[13659,18758],[22,-61]],[[13656,18640],[25,57]],[[13656,18640],[49,-36]],[[13705,18604],[2,-29]],[[13707,18575],[34,-61]],[[13741,18514],[56,-71]],[[13797,18443],[83,-49]],[[13880,18394],[51,-46]],[[13931,18348],[4,-54]],[[13935,18294],[47,-12]],[[13982,18282],[8,-94]],[[13990,18188],[48,-32]],[[14038,18156],[46,-6]],[[14084,18150],[63,12]],[[14147,18162],[77,-2]],[[14224,18160],[7,-121]],[[14231,18039],[29,0]],[[14260,18039],[45,42]],[[14305,18081],[45,-17]],[[14350,18064],[38,3]],[[14388,18067],[15,-46]],[[14403,18021],[59,40]],[[14462,18061],[34,-62]],[[14496,17999],[40,-13]],[[14536,17918],[0,68]],[[14521,17850],[15,68]],[[14521,17850],[86,29]],[[14607,17879],[25,-5]],[[14632,17874],[52,40]],[[14684,17914],[60,-11]],[[14744,17903],[31,37]],[[14775,17940],[53,-58]],[[14828,17882],[2,-48]],[[14811,17815],[19,19]],[[14810,17748],[1,67]],[[14743,17677],[67,71]],[[14743,17677],[4,-64]],[[14747,17613],[45,8]],[[14792,17621],[77,47]],[[14869,17668],[31,-116]],[[14900,17552],[28,-48]],[[14928,17504],[46,-24]],[[14974,17480],[15,-31]],[[14989,17449],[61,-18]],[[15023,17371],[27,60]],[[15023,17371],[21,-117]],[[15044,17254],[62,-17]],[[15106,17237],[29,-36]],[[15135,17201],[8,-139]],[[15143,17062],[34,-123]],[[15177,16939],[58,-15]],[[15218,16882],[17,42]],[[15218,16882],[10,-102]],[[15219,16672],[9,108]],[[15219,16672],[46,-148]],[[15207,16434],[58,90]],[[15197,16383],[10,51]],[[15134,16288],[63,95]],[[15071,16236],[63,52]],[[14995,16207],[76,29]],[[14962,16172],[33,35]],[[14922,16103],[40,69]],[[14922,16103],[52,-78]],[[14974,16025],[23,-12]],[[14986,15927],[11,86]],[[14986,15927],[40,-59]],[[15026,15868],[9,-49]],[[15035,15819],[53,-81]],[[15088,15738],[49,-39]],[[15137,15699],[46,19]],[[15148,15638],[35,80]],[[15148,15638],[15,-45]],[[15163,15593],[8,-119]],[[15117,15401],[54,73]],[[15112,15342],[5,59]],[[15052,15287],[60,55]],[[15052,15287],[71,-73]],[[15104,15164],[19,50]],[[15104,15164],[3,-103]],[[15106,15014],[1,47]],[[15054,14974],[52,40]],[[15031,14906],[23,68]],[[14975,14858],[56,48]],[[14875,14838],[100,20]],[[14875,14838],[7,-75]],[[14853,14711],[29,52]],[[14804,14680],[49,31]],[[14735,14609],[69,71]],[[14662,14615],[73,-6]],[[14574,14579],[88,36]],[[14544,14514],[30,65]],[[14499,14490],[45,24]],[[14478,14439],[21,51]],[[14417,14376],[61,63]],[[14411,14306],[6,70]],[[14360,14254],[51,52]],[[14321,14194],[39,60]],[[14315,14132],[6,62]],[[14315,14132],[57,-97]],[[14372,14035],[78,-80]],[[14450,13955],[88,-31]],[[14538,13924],[67,32]],[[14605,13956],[62,-32]],[[14667,13924],[79,7]],[[14746,13931],[71,-71]],[[14817,13860],[61,5]],[[14878,13865],[50,-118]],[[14923,13685],[5,62]],[[14903,13632],[20,53]],[[14872,13622],[31,10]],[[14837,13575],[35,47]],[[14805,13562],[32,13]],[[14764,13471],[41,91]],[[14689,13376],[75,95]],[[14665,13368],[24,8]],[[14628,13293],[37,75]],[[14574,13241],[54,52]],[[14574,13241],[3,-43]],[[14535,13187],[42,11]],[[14529,13149],[6,38]],[[14488,13120],[41,29]],[[14476,13091],[12,29]],[[14419,13087],[57,4]],[[14343,13008],[76,79]],[[14314,12892],[29,116]],[[14235,12813],[79,79]],[[14174,12709],[61,104]],[[14133,12667],[41,42]],[[14096,12656],[37,11]],[[13969,12544],[127,112]],[[13897,12445],[72,99]],[[13897,12445],[107,-56]],[[14004,12389],[37,-45]],[[14041,12344],[7,-60]],[[13959,12282],[89,2]],[[13907,12234],[52,48]],[[13862,12225],[45,9]],[[13864,12163],[-2,62]],[[13864,12163],[20,-15]],[[13885,12081],[-1,67]],[[13885,12081],[33,-85]],[[13879,11900],[39,96]],[[13879,11900],[5,-50]],[[13835,11835],[49,15]],[[13835,11835],[41,-118]],[[13862,11665],[14,52]],[[13858,11592],[4,73]],[[13802,11560],[56,32]],[[13802,11560],[8,-40]],[[13766,11491],[44,29]],[[13744,11380],[22,111]],[[13698,11341],[46,39]],[[13681,11324],[17,17]],[[13681,11324],[14,-55]],[[13655,11198],[40,71]],[[13601,11151],[54,47]],[[13601,11151],[11,-94]],[[13563,10972],[49,85]],[[13513,10937],[50,35]],[[13498,10875],[15,62]],[[13471,10857],[27,18]],[[13471,10857],[16,-76]],[[13484,10734],[3,47]],[[13484,10734],[24,-59]],[[13478,10660],[30,15]],[[13455,10602],[23,58]],[[13431,10583],[24,19]],[[13431,10583],[20,-72]],[[13436,10448],[15,63]],[[13410,10455],[26,-7]],[[13349,10435],[61,20]],[[13315,10475],[34,-40]],[[13254,10498],[61,-23]],[[13212,10453],[42,45]],[[13155,10456],[57,-3]],[[13113,10427],[42,29]],[[13107,10327],[6,100]],[[13036,10318],[71,9]],[[13036,10318],[-1,103]],[[12986,10560],[49,-139]],[[12959,10614],[27,-54]],[[12899,10649],[60,-35]],[[12868,10652],[31,-3]],[[12834,10626],[34,26]],[[12767,10623],[67,3]],[[12683,10670],[84,-47]],[[12559,10677],[124,-7]],[[12469,10712],[90,-35]],[[12448,10773],[21,-61]],[[12400,10795],[48,-22]],[[12395,10845],[5,-50]],[[12347,10921],[48,-76]],[[12305,10934],[42,-13]],[[12276,10940],[29,-6]],[[12222,10982],[54,-42]],[[12118,11013],[104,-31]],[[12118,11013],[12,-50]],[[12118,10901],[12,62]],[[12118,10901],[2,-54]],[[12071,10772],[49,75]],[[12066,10697],[5,75]],[[12046,10660],[20,37]],[[12046,10660],[23,-118]],[[12069,10542],[33,-44]],[[12023,10389],[79,109]],[[12023,10389],[8,-36]],[[11976,10308],[55,45]],[[11869,10313],[107,-5]],[[11799,10263],[70,50]],[[11799,10263],[9,-44]],[[11786,10079],[22,140]],[[11786,10040],[0,39]],[[11760,9976],[26,64]],[[11745,9941],[15,35]],[[11745,9941],[12,-40]],[[11738,9839],[19,62]],[[11738,9839],[21,-52]],[[11732,9736],[27,51]],[[11696,9568],[36,168]],[[11696,9568],[46,-63]],[[11742,9505],[48,-32]],[[11790,9473],[32,10]],[[11822,9483],[75,-22]],[[11897,9461],[38,-80]],[[11906,9326],[29,55]],[[11906,9326],[22,-86]],[[11906,9186],[22,54]],[[11850,9110],[56,76]],[[11847,9063],[3,47]],[[11793,9003],[54,60]],[[11793,9003],[14,-47]],[[11750,8897],[57,59]],[[11722,8916],[28,-19]],[[11669,9010],[53,-94]],[[11642,8997],[27,13]],[[11636,8954],[6,43]],[[11561,8940],[75,14]],[[11510,8983],[51,-43]],[[11478,9054],[32,-71]],[[11444,9096],[34,-42]],[[11433,9141],[11,-45]],[[11400,9193],[33,-52]],[[11355,9180],[45,13]],[[11319,9215],[36,-35]],[[11269,9167],[50,48]],[[11226,9153],[43,14]],[[11212,9105],[14,48]],[[11014,9068],[198,37]],[[10975,9081],[39,-13]],[[10929,9007],[46,74]],[[15369,31139],[54,1]],[[15423,31140],[47,-34]],[[15470,31106],[55,-11]],[[15525,31095],[168,-126]],[[15693,30969],[35,-10]],[[15718,30914],[10,45]],[[15718,30914],[18,-27]],[[15736,30887],[49,-27]],[[15785,30860],[42,28]],[[15827,30888],[122,26]],[[15949,30914],[45,31]],[[15994,30945],[17,69]],[[16011,31014],[83,-52]],[[16094,30962],[14,29]],[[16108,30991],[44,-32]],[[16152,30959],[31,-2]],[[16183,30957],[24,-49]],[[16207,30908],[57,-30]],[[16264,30878],[46,-1]],[[16310,30877],[78,-32]],[[16388,30845],[38,-45]],[[16426,30800],[11,-33]],[[16435,30620],[2,147]],[[16420,30564],[15,56]],[[16420,30564],[39,-63]],[[16459,30501],[54,-37]],[[16513,30464],[37,-6]],[[16550,30458],[22,-69]],[[16572,30389],[38,2]],[[16610,30391],[38,-71]],[[16648,30320],[29,-22]],[[16677,30298],[40,27]],[[16717,30325],[69,-48]],[[16786,30277],[51,5]],[[16837,30282],[75,-39]],[[16912,30243],[9,-45]],[[16921,30198],[63,-23]],[[16984,30175],[17,12]],[[17001,30187],[89,4]],[[17090,30191],[59,-65]],[[17120,30085],[29,41]],[[17120,30085],[41,-38]],[[17161,30047],[48,62]],[[17209,30109],[27,-15]],[[17236,30094],[16,68]],[[17252,30162],[29,-46]],[[17270,30049],[11,67]],[[17270,30049],[28,-13]],[[17279,29989],[19,47]],[[17279,29989],[45,-8]],[[17324,29981],[30,82]],[[17354,30063],[82,57]],[[17429,30146],[7,-26]],[[17429,30146],[40,46]],[[17468,30156],[1,36]],[[17468,30156],[91,-21]],[[17559,30135],[14,-41]],[[17573,30094],[65,-32]],[[17585,29953],[53,109]],[[17585,29953],[11,-60]],[[17583,29852],[13,41]],[[17583,29852],[43,-45]],[[17626,29807],[26,-31]],[[17652,29776],[60,12]],[[17708,29726],[4,62]],[[17708,29726],[62,5]],[[17770,29731],[12,19]],[[17782,29750],[110,22]],[[17892,29772],[59,58]],[[17951,29830],[49,15]],[[17994,29873],[6,-28]],[[17994,29873],[70,59]],[[18064,29932],[12,28]],[[18076,29960],[86,2]],[[18162,29962],[72,-68]],[[18234,29894],[45,-24]],[[18279,29870],[20,21]],[[18299,29891],[12,94]],[[18311,29985],[53,23]],[[18364,30008],[44,67]],[[18408,30075],[32,18]],[[18379,30170],[61,-77]],[[18365,30288],[14,-118]],[[18338,30371],[27,-83]],[[18338,30371],[39,37]],[[18377,30408],[97,38]],[[18458,30482],[16,-36]],[[18411,30513],[47,-31]],[[18411,30513],[1,27]],[[18412,30540],[35,93]],[[18447,30633],[43,-1]],[[18490,30632],[44,59]],[[18534,30691],[41,-24]],[[18548,30584],[27,83]],[[18548,30584],[64,-34]],[[18612,30550],[45,-38]],[[18657,30512],[19,-39]],[[18650,30411],[26,62]],[[18650,30411],[16,-56]],[[18661,30313],[5,42]],[[18661,30313],[52,-67]],[[18713,30246],[84,2]],[[18780,30209],[17,39]],[[18780,30209],[6,-43]],[[18786,30166],[93,-32]],[[18879,30134],[83,46]],[[18962,30180],[29,73]],[[18991,30253],[93,29]],[[19084,30282],[52,-45]],[[19136,30237],[39,-8]],[[19175,30229],[91,91]],[[19220,30342],[46,-22]],[[19211,30378],[9,-36]],[[19211,30378],[54,30]],[[19265,30408],[43,-7]],[[19308,30438],[0,-37]],[[19308,30438],[33,47]],[[19341,30485],[83,51]],[[19424,30536],[21,60]],[[19445,30596],[41,19]],[[19476,30641],[10,-26]],[[19407,30682],[69,-41]],[[19387,30721],[20,-39]],[[19387,30721],[23,37]],[[19410,30758],[66,2]],[[19457,30805],[19,-45]],[[19457,30805],[6,55]],[[19463,30860],[116,1]],[[19579,30861],[26,36]],[[19583,30949],[22,-52]],[[19583,30949],[7,30]],[[19590,30979],[52,15]],[[19642,30994],[22,-25]],[[19664,30969],[80,-3]],[[19744,30966],[19,48]],[[19763,31014],[65,-18]],[[19828,30996],[14,54]],[[19842,31050],[38,17]],[[19880,31067],[41,-14]],[[19921,31053],[31,27]],[[19943,31152],[9,-72]],[[19943,31152],[75,41]],[[20018,31193],[1,30]],[[19980,31259],[39,-36]],[[19980,31259],[38,78]],[[20018,31337],[29,-4]],[[20047,31333],[31,-7]],[[20078,31326],[25,61]],[[20006,31474],[97,-87]],[[20006,31474],[27,34]],[[20017,31574],[16,-66]],[[19979,31609],[38,-35]],[[19927,31603],[52,6]],[[19879,31627],[48,-24]],[[19879,31627],[-1,66]],[[19855,31720],[23,-27]],[[19848,31773],[7,-53]],[[19753,31852],[95,-79]],[[19742,31899],[11,-47]],[[19742,31899],[27,26]],[[19769,31925],[3,-22]],[[19772,31903],[72,-29]],[[19844,31874],[45,44]],[[19884,31951],[5,-33]],[[19884,31951],[86,-53]],[[19970,31898],[115,5]],[[20085,31903],[26,50]],[[20103,31995],[8,-42]],[[20075,32027],[28,-32]],[[20075,32027],[7,71]],[[20082,32098],[35,49]],[[20117,32147],[57,-38]],[[20174,32109],[31,38]],[[20181,32247],[24,-100]],[[20130,32257],[51,-10]],[[20130,32257],[36,53]],[[20166,32310],[21,87]],[[20167,32494],[20,-97]],[[20167,32494],[57,20]],[[20224,32514],[81,-16]],[[20305,32498],[103,52]],[[20408,32550],[50,-23]],[[20452,32593],[6,-66]],[[20452,32593],[41,50]],[[20493,32643],[21,54]],[[20514,32697],[62,17]],[[20576,32714],[19,-12]],[[20595,32702],[49,25]],[[20644,32727],[52,-27]],[[20696,32700],[18,-36]],[[20714,32664],[49,-25]],[[20763,32639],[23,-57]],[[20786,32582],[31,-1]],[[20817,32581],[28,31]],[[20845,32612],[58,19]],[[20903,32631],[11,29]],[[20914,32660],[24,36]],[[20938,32696],[35,1]],[[20973,32697],[42,51]],[[20970,32854],[45,-106]],[[20970,32854],[23,45]],[[20993,32899],[33,22]],[[21026,32921],[7,65]],[[21033,32986],[35,58]],[[21068,33044],[17,83]],[[21085,33127],[48,50]],[[21133,33177],[19,53]],[[21152,33230],[38,17]],[[21190,33247],[125,0]],[[21315,33247],[62,33]],[[21377,33280],[28,32]],[[21405,33312],[62,-9]],[[21467,33303],[53,18]],[[21519,33366],[1,-45]],[[21519,33366],[52,41]],[[21571,33407],[12,-70]],[[21583,33337],[64,-1]],[[21647,33336],[109,-42]],[[21756,33294],[12,74]],[[21768,33368],[5,85]],[[21773,33453],[24,70]],[[21780,33536],[17,-13]],[[21780,33536],[35,140]],[[21815,33676],[41,-50]],[[21856,33626],[4,-50]],[[21860,33576],[34,0]],[[21894,33576],[63,-55]],[[21957,33521],[71,-31]],[[22024,33449],[4,41]],[[22024,33449],[73,-50]],[[22097,33399],[41,-8]],[[22131,33531],[7,-140]],[[22092,33566],[39,-35]],[[22044,33657],[48,-91]],[[22044,33657],[45,62]],[[22089,33719],[46,33]],[[22095,33794],[40,-42]],[[22095,33794],[54,24]],[[22137,33893],[12,-75]],[[22137,33893],[44,9]],[[22181,33902],[27,3]],[[22208,33905],[22,41]],[[22226,34001],[4,-55]],[[22226,34001],[84,78]],[[22294,34106],[16,-27]],[[22294,34106],[19,36]],[[22309,34194],[4,-52]],[[22254,34268],[55,-74]],[[22254,34268],[29,14]],[[22283,34282],[17,76]],[[22300,34358],[23,48]],[[22323,34406],[20,86]],[[22343,34492],[35,-39]],[[22378,34453],[121,33]],[[22499,34486],[96,-56]],[[22595,34430],[8,-33]],[[22603,34397],[57,-69]],[[22660,34328],[60,-1]],[[22720,34327],[62,21]],[[22782,34348],[33,-42]],[[22815,34306],[67,46]],[[22882,34352],[61,28]],[[22943,34380],[80,-6]],[[23023,34374],[84,56]],[[23107,34430],[86,-5]],[[23193,34425],[40,-26]],[[23233,34399],[65,34]],[[23298,34433],[55,-9]],[[23353,34424],[46,-30]],[[23399,34394],[40,2]],[[24417,29275],[53,-107]],[[24429,29120],[41,48]],[[24355,29095],[74,25]],[[24342,29059],[13,36]],[[24226,29048],[116,11]],[[24138,29003],[88,45]],[[24090,29013],[48,-10]],[[24036,28996],[54,17]],[[24017,28943],[19,53]],[[24017,28943],[34,-130]],[[24051,28813],[33,-73]],[[24016,28705],[68,35]],[[23942,28762],[74,-57]],[[23903,28763],[39,-1]],[[23846,28805],[57,-42]],[[23820,28767],[26,38]],[[23820,28767],[7,-29]],[[23762,28730],[65,8]],[[23712,28620],[50,110]],[[23712,28620],[26,-22]],[[23738,28598],[80,-117]],[[23818,28481],[10,-42]],[[23828,28439],[31,-28]],[[23859,28411],[79,-20]],[[23938,28391],[68,1]],[[24006,28392],[5,-35]],[[24011,28357],[58,-53]],[[24010,28256],[59,48]],[[24010,28256],[7,-42]],[[24005,28162],[12,52]],[[23954,28036],[51,126]],[[23936,27960],[18,76]],[[23882,27959],[54,1]],[[23877,27920],[5,39]],[[23826,27935],[51,-15]],[[23733,27902],[93,33]],[[23697,27913],[36,-11]],[[23665,27863],[32,50]],[[23589,27843],[76,20]],[[23507,27808],[82,35]],[[23507,27808],[7,-27]],[[23495,27704],[19,77]],[[23465,27655],[30,49]],[[23424,27650],[41,5]],[[23424,27650],[37,-94]],[[23461,27556],[100,-43]],[[23561,27513],[37,-31]],[[23598,27482],[101,-3]],[[23699,27479],[28,-38]],[[23718,27404],[9,37]],[[23718,27404],[1,-24]],[[23673,27311],[46,69]],[[23658,27239],[15,72]],[[23625,27164],[33,75]],[[23626,27043],[-1,121]],[[23596,27012],[30,31]],[[23531,27001],[65,11]],[[23531,27001],[50,-112]],[[23568,26878],[13,11]],[[23512,26862],[56,16]],[[23480,26782],[32,80]],[[23420,26763],[60,19]],[[23383,26777],[37,-14]],[[23318,26853],[65,-76]],[[23234,26871],[84,-18]],[[23205,26851],[29,20]],[[23109,26709],[96,142]],[[23093,26660],[16,49]],[[23042,26616],[51,44]],[[23042,26616],[55,-71]],[[23097,26545],[16,-45]],[[23075,26461],[38,39]],[[23075,26461],[59,-152]],[[23068,26258],[66,51]],[[23068,26258],[29,-35]],[[23097,26223],[9,-88]],[[23106,26135],[19,-42]],[[23125,26093],[51,-2]],[[23170,26046],[6,45]],[[23170,26046],[65,-6]],[[23235,26040],[93,-96]],[[23292,25896],[36,48]],[[23206,25840],[86,56]],[[48334,2002],[305,-176]],[[48260,2032],[74,-30]],[[48199,2057],[61,-25]],[[48088,2591],[111,-534]],[[47949,2951],[139,-360]],[[47910,3217],[39,-266]],[[47888,3361],[22,-144]],[[47804,3465],[84,-104]],[[47717,3577],[87,-112]],[[47260,3192],[457,385]],[[46703,3118],[557,74]],[[46601,3074],[102,44]],[[46428,3128],[173,-54]],[[46413,3170],[15,-42]],[[46201,3775],[212,-605]],[[46013,3942],[188,-167]],[[45816,3613],[197,329]],[[45069,3693],[747,-80]],[[44924,3708],[145,-15]],[[44491,3615],[433,93]],[[44313,3859],[178,-244]],[[44222,4041],[91,-182]],[[43940,4141],[282,-100]],[[43816,4192],[124,-51]],[[43813,4264],[3,-72]],[[43745,4362],[68,-98]],[[43727,4413],[18,-51]],[[43724,4470],[3,-57]],[[43724,4470],[49,41]],[[43726,4560],[47,-49]],[[43726,4560],[8,65]],[[43693,4662],[41,-37]],[[54434,9719],[5,22]],[[54367,9629],[67,90]],[[54279,9485],[88,144]],[[54223,9438],[56,47]],[[54193,9385],[30,53]],[[54160,9354],[33,31]],[[54109,9239],[51,115]],[[54101,9193],[8,46]],[[54010,8995],[91,198]],[[53880,8727],[130,268]],[[53768,8490],[112,237]],[[53660,8281],[108,209]],[[53579,8148],[81,133]],[[53458,7976],[121,172]],[[53362,7872],[96,104]],[[53292,7783],[70,89]],[[53240,7733],[52,50]],[[53098,7554],[142,179]],[[53031,7450],[67,104]],[[53003,7428],[28,22]],[[52986,7413],[17,15]],[[52890,7278],[96,135]],[[52761,7084],[129,194]],[[52728,7026],[33,58]],[[52669,6962],[59,64]],[[52590,6797],[79,165]],[[52553,6670],[37,127]],[[52532,6641],[21,29]],[[52487,6652],[45,-11]],[[52478,6620],[9,32]],[[52389,6636],[89,-16]],[[52360,6594],[29,42]],[[52344,6524],[16,70]],[[52309,6487],[35,37]],[[52309,6487],[224,-13]],[[52532,6463],[1,11]],[[52407,6473],[125,-10]],[[52223,6481],[184,-8]],[[52195,6423],[28,58]],[[52138,6231],[57,192]],[[52119,6095],[19,136]],[[52114,6006],[5,89]],[[52114,6006],[4,-203]],[[52118,5803],[21,-114]],[[52139,5689],[21,-80]],[[52160,5609],[44,-88]],[[52204,5521],[63,-38]],[[52267,5483],[33,-36]],[[52294,5403],[6,44]],[[52294,5403],[30,-86]],[[52324,5317],[-4,-123]],[[52320,5194],[33,-91]],[[52294,5061],[59,42]],[[52283,5010],[11,51]],[[52249,4957],[34,53]],[[52249,4957],[11,-119]],[[52260,4838],[80,26]],[[52340,4864],[7,-24]],[[52270,4796],[77,44]],[[52270,4796],[12,-36]],[[52282,4760],[46,3]],[[52328,4763],[6,-65]],[[52252,4679],[82,19]],[[52242,4587],[10,92]],[[52242,4587],[3,-60]],[[52236,4439],[9,88]],[[52236,4439],[33,-2]],[[52269,4437],[6,75]],[[52275,4512],[120,-7]],[[52395,4505],[-1,-49]],[[52394,4456],[174,-10]],[[52568,4446],[-1,-108]],[[52534,4308],[33,30]],[[52407,4314],[127,-6]],[[52251,4275],[156,39]],[[52217,4209],[34,66]],[[52217,4209],[3,-71]],[[52220,4138],[17,-47]],[[52232,4048],[5,43]],[[52232,4048],[30,-133]],[[52262,3915],[40,-70]],[[52302,3845],[11,-55]],[[52313,3790],[26,-40]],[[52339,3750],[27,-138]],[[52366,3612],[12,-33]],[[52366,3538],[12,41]],[[52366,3538],[12,-93]],[[52378,3445],[16,-27]],[[52394,3418],[-1,-51]],[[52362,3350],[31,17]],[[52322,3279],[40,71]],[[52322,3279],[3,-28]],[[52317,3199],[8,52]],[[52236,3102],[81,97]],[[52220,3049],[16,53]],[[52220,3049],[-2,-100]],[[52183,2890],[35,59]],[[52183,2890],[19,-88]],[[52191,2777],[11,25]],[[52152,2689],[39,88]],[[52127,2676],[25,13]],[[52094,2597],[33,79]],[[52071,2583],[23,14]],[[52016,2380],[55,203]],[[52016,2380],[-3,-82]],[[52013,2298],[18,-169]],[[51984,2079],[47,50]],[[51935,2052],[49,27]],[[51921,2020],[14,32]],[[51921,2020],[8,-90]],[[51893,1752],[36,178]],[[51859,1723],[34,29]],[[51842,1636],[17,87]],[[51824,1617],[18,19]],[[51824,1617],[66,-24]],[[51856,1560],[34,33]],[[51844,1361],[12,199]],[[51826,1318],[18,43]],[[51818,1255],[8,63]],[[51818,1255],[29,-90]],[[51847,1165],[-2,-65]],[[51019,1054],[826,46]],[[50579,1176],[440,-122]],[[50408,1223],[171,-47]],[[49709,1282],[699,-59]],[[49094,1573],[615,-291]],[[48958,1637],[136,-64]],[[48639,1826],[319,-189]],[[43693,4662],[20,16]],[[43713,4678],[130,92]],[[43843,4770],[62,22]],[[43905,4792],[61,1]],[[43966,4793],[79,-12]],[[44045,4781],[112,-74]],[[44157,4707],[85,-22]],[[44242,4685],[109,-5]],[[44351,4680],[99,34]],[[44450,4714],[32,-5]],[[44482,4709],[60,-9]],[[44542,4700],[109,-37]],[[44651,4663],[116,-23]],[[44767,4640],[61,10]],[[44828,4650],[66,44]],[[44894,4694],[74,73]],[[44968,4767],[55,57]],[[45023,4824],[120,68]],[[45143,4892],[28,27]],[[45171,4919],[62,90]],[[45233,5009],[62,55]],[[45295,5064],[101,51]],[[45396,5115],[44,39]],[[45440,5154],[74,44]],[[45514,5198],[89,56]],[[45603,5254],[143,70]],[[45746,5324],[90,14]],[[45836,5338],[89,50]],[[45925,5388],[47,7]],[[45972,5395],[84,-10]],[[46056,5385],[97,-24]],[[46153,5361],[112,-11]],[[46265,5350],[101,-44]],[[46366,5306],[88,-3]],[[46454,5303],[117,31]],[[46571,5334],[53,54]],[[46624,5388],[98,98]],[[46722,5486],[133,152]],[[46855,5638],[45,30]],[[46900,5668],[93,40]],[[46993,5708],[93,25]],[[47086,5733],[81,34]],[[47167,5767],[60,3]],[[47227,5770],[87,-19]],[[47314,5751],[65,5]],[[47379,5756],[75,21]],[[47454,5777],[64,31]],[[47518,5808],[35,0]],[[47553,5808],[112,-32]],[[47665,5776],[90,1]],[[47755,5777],[82,27]],[[47837,5804],[86,60]],[[47923,5864],[110,156]],[[48033,6020],[71,162]],[[48104,6182],[113,118]],[[48217,6300],[31,66]],[[48248,6366],[62,95]],[[48310,6461],[13,99]],[[48323,6560],[21,68]],[[48344,6628],[14,43]],[[48358,6671],[13,106]],[[48371,6777],[17,52]],[[48388,6829],[42,85]],[[48430,6914],[49,67]],[[48479,6981],[26,55]],[[48505,7036],[97,104]],[[48602,7140],[66,73]],[[48668,7213],[9,67]],[[48677,7280],[32,44]],[[48709,7324],[78,41]],[[48787,7365],[101,75]],[[48888,7440],[36,79]],[[48915,7570],[9,-51]],[[48848,7693],[67,-123]],[[48842,7746],[6,-53]],[[48826,7859],[16,-113]],[[48797,7984],[29,-125]],[[48736,8068],[61,-84]],[[48635,8123],[101,-55]],[[48565,8181],[70,-58]],[[48532,8276],[33,-95]],[[48523,8334],[9,-58]],[[48451,8531],[72,-197]],[[48417,8594],[34,-63]],[[48339,8691],[78,-97]],[[48321,8788],[18,-97]],[[48321,8872],[0,-84]],[[48321,8872],[15,39]],[[48336,8911],[61,100]],[[48397,9011],[42,70]],[[48439,9081],[4,53]],[[48443,9134],[5,38]],[[48434,9247],[14,-75]],[[48385,9330],[49,-83]],[[48333,9394],[52,-64]],[[48262,9435],[71,-41]],[[48190,9517],[72,-82]],[[48132,9562],[58,-45]],[[48036,9656],[96,-94]],[[47979,9748],[57,-92]],[[47861,9733],[118,15]],[[47826,9739],[35,-6]],[[47784,9769],[42,-30]],[[47750,9836],[34,-67]],[[47683,9906],[67,-70]],[[47558,9962],[125,-56]],[[47489,10020],[69,-58]],[[47454,10093],[35,-73]],[[47434,10174],[20,-81]],[[47434,10174],[3,77]],[[47437,10251],[23,153]],[[47460,10404],[34,109]],[[48698,10888],[158,-62]],[[48856,10826],[66,-33]],[[48922,10793],[33,2]],[[48955,10795],[42,42]],[[48997,10837],[47,-5]],[[49044,10832],[53,33]],[[49097,10865],[96,-10]],[[49193,10855],[175,-137]],[[49368,10718],[-1,-223]],[[49367,10495],[31,-25]],[[49398,10470],[50,-37]],[[49448,10433],[133,-2]],[[49583,10501],[-2,-70]],[[49583,10501],[32,22]],[[49615,10523],[116,5]],[[49731,10528],[3,-79]],[[49734,10449],[139,-3]],[[49869,10372],[4,74]],[[49849,10374],[20,-2]],[[49849,10374],[19,-194]],[[49868,10180],[80,-77]],[[49911,10047],[37,56]],[[49911,10047],[65,-3]],[[49946,9972],[30,72]],[[49905,9927],[41,45]],[[49905,9927],[38,-18]],[[49943,9909],[112,105]],[[50055,10014],[39,-17]],[[50094,9997],[91,42]],[[50185,10039],[89,-38]],[[50197,9898],[77,103]],[[50197,9898],[220,-50]],[[50417,9848],[10,15]],[[50427,9863],[87,-6]],[[50511,9794],[3,63]],[[50511,9794],[52,14]],[[50563,9808],[33,-19]],[[50592,9758],[4,31]],[[50592,9758],[44,-8]],[[50588,9600],[48,150]],[[50588,9600],[11,-102]],[[50599,9498],[43,-7]],[[50642,9491],[6,-113]],[[50648,9378],[59,-7]],[[50699,9334],[8,37]],[[50699,9334],[106,-46]],[[50787,9241],[18,47]],[[50787,9241],[66,-29]],[[50853,9212],[9,-50]],[[50862,9162],[83,6]],[[50945,9168],[7,77]],[[50952,9245],[81,167]],[[50938,9470],[95,-58]],[[50938,9470],[25,42]],[[50902,9548],[61,-36]],[[50902,9548],[44,145]],[[50946,9693],[84,-47]],[[51018,9609],[12,37]],[[51018,9609],[105,-56]],[[51123,9553],[51,-48]],[[51146,9465],[28,40]],[[51146,9465],[213,-81]],[[51359,9384],[124,-55]],[[51483,9329],[47,16]],[[51530,9345],[25,231]],[[51555,9576],[22,13]],[[51577,9589],[281,-40]],[[51858,9549],[59,-36]],[[51917,9513],[33,37]],[[51950,9550],[60,14]],[[52010,9564],[483,83]],[[52460,9590],[33,57]],[[52460,9590],[149,-45]],[[52549,9501],[60,44]],[[52549,9501],[26,-25]],[[52575,9476],[95,43]],[[52670,9519],[97,-56]],[[52767,9463],[39,26]],[[52806,9489],[37,-41]],[[52843,9448],[54,36]],[[52897,9484],[11,30]],[[52908,9514],[181,6]],[[53089,9520],[2,-67]],[[53091,9453],[38,-29]],[[53126,9395],[3,29]],[[53126,9395],[31,-52]],[[53157,9343],[53,-14]],[[53210,9329],[37,45]],[[53247,9374],[42,-60]],[[53289,9314],[86,-2]],[[53375,9312],[70,92]],[[53445,9404],[148,153]],[[53593,9557],[62,59]],[[53655,9616],[139,110]],[[53794,9726],[145,82]],[[53929,9893],[10,-85]],[[53929,9893],[102,19]],[[54031,9912],[101,-21]],[[54132,9891],[39,1]],[[54171,9892],[69,-24]],[[54240,9868],[46,-33]],[[54286,9835],[47,-55]],[[54333,9780],[61,-45]],[[54394,9735],[45,6]],[[32345,22837],[65,1]],[[32410,22838],[30,15]],[[32440,22853],[7,72]],[[32447,22925],[67,96]],[[32508,23105],[6,-84]],[[32508,23105],[22,27]],[[32513,23206],[17,-74]],[[32513,23206],[14,22]],[[32527,23228],[101,11]],[[32628,23239],[26,64]],[[32654,23303],[47,59]],[[32678,23405],[23,-43]],[[32678,23405],[22,44]],[[32693,23486],[7,-37]],[[32693,23486],[21,37]],[[32685,23583],[29,-60]],[[32685,23583],[15,27]],[[32700,23610],[65,39]],[[32765,23649],[45,48]],[[32810,23697],[54,18]],[[32864,23715],[2,28]],[[32866,23743],[65,36]],[[32931,23779],[9,21]],[[32940,23800],[61,-11]],[[33001,23789],[26,86]],[[33027,23875],[89,-39]],[[33116,23836],[56,78]],[[33172,23914],[54,112]],[[33226,24026],[27,19]],[[33253,24045],[38,56]],[[33291,24101],[50,-20]],[[33341,24081],[124,44]],[[33465,24125],[10,29]],[[33475,24154],[80,21]],[[33555,24175],[29,25]],[[33584,24200],[102,51]],[[33686,24251],[45,39]],[[33731,24290],[13,49]],[[33744,24339],[28,38]],[[33772,24377],[32,7]],[[33804,24384],[85,36]],[[33889,24420],[57,-5]],[[33946,24415],[58,9]],[[34004,24424],[54,-21]],[[34058,24403],[6,-38]],[[34064,24365],[27,-17]],[[34091,24348],[18,-45]],[[34093,24270],[16,33]],[[34047,24241],[46,29]],[[34047,24241],[35,-44]],[[34082,24197],[55,-98]],[[34137,24099],[142,-213]],[[34279,23886],[25,-26]],[[34304,23860],[5,-43]],[[34309,23817],[58,-34]],[[34367,23783],[31,-54]],[[34398,23729],[26,-11]],[[34424,23718],[38,-69]],[[34461,23626],[1,23]],[[34461,23626],[7,-43]],[[34449,23532],[19,51]],[[34449,23532],[31,-53]],[[34480,23479],[64,-11]],[[34544,23468],[9,-74]],[[34553,23394],[33,-17]],[[34586,23377],[70,-92]],[[34656,23285],[33,-51]],[[34689,23234],[38,-12]],[[34727,23222],[21,-31]],[[34748,23191],[6,-70]],[[34754,23121],[46,-28]],[[34800,23093],[13,-71]],[[34813,23022],[42,-24]],[[34855,22998],[7,-6]],[[34862,22992],[31,-12]],[[34893,22980],[112,39]],[[35005,23019],[56,-25]],[[35061,22994],[65,26]],[[35126,23020],[38,-18]],[[35164,23002],[56,50]],[[35220,23052],[6,27]],[[35226,23079],[61,4]],[[35287,23083],[102,-38]],[[35389,23045],[48,24]],[[35437,23069],[101,12]],[[35538,23081],[76,23]],[[35614,23104],[20,18]],[[35634,23122],[25,-10]],[[35659,23112],[16,-62]],[[35675,23050],[51,-18]],[[35726,23032],[46,43]],[[35772,23075],[116,-18]],[[35888,23057],[16,57]],[[35904,23114],[39,34]],[[35943,23148],[9,47]],[[35952,23195],[37,10]],[[35989,23205],[16,64]],[[36005,23269],[39,31]],[[36044,23300],[44,9]],[[36088,23309],[68,48]],[[36156,23357],[164,-37]],[[36297,23349],[23,-29]],[[36297,23349],[71,49]],[[36368,23398],[131,-32]],[[36499,23366],[33,66]],[[36532,23432],[54,26]],[[36586,23458],[42,-4]],[[36628,23454],[165,-97]],[[36793,23357],[48,-3]],[[36841,23354],[23,58]],[[36864,23412],[5,119]],[[36869,23531],[41,5]],[[36910,23536],[24,37]],[[36934,23573],[59,-38]],[[36993,23535],[62,-9]],[[37055,23526],[62,145]],[[37117,23671],[6,74]],[[37123,23745],[15,30]],[[37138,23775],[33,10]],[[37171,23785],[36,-16]],[[37207,23769],[47,26]],[[37254,23795],[82,16]],[[37336,23811],[57,49]],[[37385,23931],[8,-71]],[[37368,23937],[17,-6]],[[37368,23937],[10,70]],[[37369,24058],[9,-51]],[[37369,24058],[33,21]],[[37402,24079],[7,65]],[[38495,22206],[15,32]],[[38495,22206],[17,-110]],[[38512,22096],[31,-62]],[[38476,21941],[67,93]],[[38459,21882],[17,59]],[[38459,21882],[39,-65]],[[38496,21782],[2,35]],[[38417,21715],[79,67]],[[38376,21662],[41,53]],[[38305,21622],[71,40]],[[38243,21561],[62,61]],[[38233,21526],[10,35]],[[38193,21463],[40,63]],[[38193,21463],[17,-61]],[[38181,21337],[29,65]],[[38181,21337],[32,-65]],[[38198,21216],[15,56]],[[38198,21216],[27,-65]],[[38171,21133],[54,18]],[[38144,21104],[27,29]],[[38144,21104],[5,-39]],[[38109,21026],[40,39]],[[38109,21026],[21,-112]],[[38117,20864],[13,50]],[[38117,20864],[54,-61]],[[38171,20803],[14,-84]],[[38142,20617],[43,102]],[[38117,20595],[25,22]],[[38094,20553],[23,42]],[[38088,20497],[6,56]],[[38080,20441],[8,56]],[[38080,20441],[38,-65]],[[38118,20376],[6,-88]],[[38104,20234],[20,54]],[[38104,20234],[45,-65]],[[38149,20169],[16,-71]],[[38165,20098],[46,-34]],[[31625,7679],[34,92]],[[31609,7692],[16,-13]],[[31541,7605],[68,87]],[[31541,7605],[1,-53]],[[31473,7493],[69,59]],[[31455,7516],[18,-23]],[[31384,7455],[71,61]],[[31384,7455],[29,-64]],[[31260,7318],[153,73]],[[31256,7326],[4,-8]],[[31088,7223],[168,103]],[[31048,7302],[40,-79]],[[31048,7302],[16,10]],[[31029,7383],[35,-71]],[[30996,7400],[33,-17]],[[32569,7884],[25,-46]],[[32543,7897],[26,-13]],[[32511,7960],[32,-63]],[[32459,7959],[52,1]],[[32361,7893],[98,66]],[[32286,7957],[75,-64]],[[32286,7957],[46,58]],[[32304,8042],[28,-27]],[[32287,8110],[17,-68]],[[32238,8126],[49,-16]],[[32156,8177],[82,-51]],[[32123,8184],[33,-7]],[[31995,8262],[128,-78]],[[31955,8201],[40,61]],[[31835,8073],[120,128]],[[31795,7969],[40,104]],[[31763,7909],[32,60]],[[31763,7909],[55,-50]],[[31750,7722],[68,137]],[[31659,7771],[91,-49]],[[32354,16746],[24,-76]],[[32378,16670],[36,3]],[[32414,16673],[13,-33]],[[32427,16640],[46,-29]],[[32472,16526],[1,85]],[[32460,16504],[12,22]],[[32460,16504],[19,-66]],[[32479,16438],[73,-117]],[[32531,16222],[21,99]],[[32486,16179],[45,43]],[[32466,16099],[20,80]],[[32466,16099],[20,-126]],[[32458,15932],[28,41]],[[32448,15874],[10,58]],[[32448,15874],[14,-53]],[[32462,15821],[44,-31]],[[32506,15790],[5,-37]],[[32488,15702],[23,51]],[[32488,15702],[29,-52]],[[32517,15650],[30,-22]],[[32547,15628],[25,-46]],[[32572,15582],[54,26]],[[32626,15608],[43,5]],[[32669,15613],[72,-62]],[[32741,15551],[41,-18]],[[32782,15533],[43,-59]],[[32825,15474],[34,-17]],[[32859,15457],[10,-31]],[[32853,15390],[16,36]],[[32853,15390],[47,-45]],[[32897,15316],[3,29]],[[32897,15316],[29,-38]],[[32926,15278],[33,-13]],[[32959,15265],[6,-54]],[[32965,15211],[26,-34]],[[32978,15134],[13,43]],[[32924,15105],[54,29]],[[32906,15079],[18,26]],[[32841,14984],[65,95]],[[32828,14877],[13,107]],[[32787,14824],[41,53]],[[32764,14824],[23,0]],[[32729,14724],[35,100]],[[32729,14724],[133,-48]],[[32862,14676],[37,-116]],[[32870,14507],[29,53]],[[32839,14478],[31,29]],[[32839,14478],[31,-61]],[[32870,14417],[54,26]],[[32924,14443],[86,15]],[[33010,14458],[11,-96]],[[33021,14362],[34,-94]],[[33055,14268],[41,-31]],[[33096,14237],[23,-41]],[[33119,14196],[83,-94]],[[33202,14102],[22,-1]],[[33224,14101],[36,-42]],[[33232,14009],[28,50]],[[33232,14009],[73,-133]],[[33305,13876],[31,-45]],[[33336,13831],[55,-47]],[[33391,13784],[27,-77]],[[33418,13707],[1,-18]],[[33419,13689],[67,-38]],[[33486,13651],[2,-49]],[[33488,13602],[33,-66]],[[33521,13536],[94,-9]],[[33615,13527],[82,-80]],[[33697,13447],[44,-14]],[[33737,13409],[4,24]],[[33737,13409],[83,-185]],[[33820,13224],[27,-16]],[[33847,13208],[33,-76]],[[33880,13132],[25,-25]],[[33891,13056],[14,51]],[[33891,13056],[29,-49]],[[33853,12963],[67,44]],[[33815,12958],[38,5]],[[33796,12911],[19,47]],[[33796,12911],[12,-37]],[[33795,12839],[13,35]],[[33744,12778],[51,61]],[[33744,12778],[16,-39]],[[33760,12739],[2,-85]],[[33762,12654],[32,-160]],[[33766,12448],[28,46]],[[33761,12359],[5,89]],[[33761,12359],[44,-99]],[[33805,12260],[17,-16]],[[33821,12207],[1,37]],[[33821,12207],[93,-29]],[[33914,12178],[45,-26]],[[33959,12152],[30,14]],[[33989,12166],[113,6]],[[34102,12172],[48,10]],[[34150,12182],[41,-14]],[[34191,12168],[138,36]],[[34329,12204],[20,-61]],[[34349,12143],[117,39]],[[34466,12182],[68,-217]],[[34534,11965],[55,14]],[[34589,11979],[14,-72]],[[34603,11907],[46,-11]],[[34649,11896],[1,-2]],[[34645,11801],[5,93]],[[34645,11801],[33,-56]],[[34575,11670],[103,75]],[[34575,11670],[33,-133]],[[34537,11473],[71,64]],[[34537,11473],[10,-42]],[[34521,11406],[26,25]],[[34501,11354],[20,52]],[[34501,11354],[32,-21]],[[34420,11255],[113,78]],[[34373,11240],[47,15]],[[34361,11197],[12,43]],[[34361,11197],[19,-118]],[[34380,11079],[36,0]],[[34416,11079],[107,-33]],[[34523,11046],[257,-102]],[[34780,10944],[8,56]],[[34788,11000],[102,100]],[[34890,11100],[22,36]],[[34912,11136],[42,12]],[[34954,11148],[36,-20]],[[34978,11083],[12,45]],[[34978,11083],[24,-46]],[[35002,11037],[51,-16]],[[35037,10982],[16,39]],[[35037,10982],[11,-38]],[[35048,10944],[48,-78]],[[35096,10866],[52,-8]],[[35148,10858],[28,-45]],[[35176,10813],[24,-83]],[[35200,10730],[36,-4]],[[35236,10726],[18,-40]],[[35242,10627],[12,59]],[[35242,10627],[50,-21]],[[35292,10606],[34,-39]],[[35298,10514],[28,53]],[[35298,10514],[52,-21]],[[35350,10493],[40,-32]],[[35390,10461],[10,-36]],[[35372,10379],[28,46]],[[35344,10376],[28,3]],[[35289,10327],[55,49]],[[35261,10246],[28,81]],[[35225,10265],[36,-19]],[[35196,10241],[29,24]],[[35196,10241],[18,-101]],[[35214,10140],[24,-62]],[[35238,10078],[70,-62]],[[35308,10016],[11,-98]],[[35319,9918],[31,-32]],[[35350,9886],[115,198]],[[35465,10084],[72,80]],[[35537,10164],[29,-44]],[[35527,10109],[39,11]],[[35484,10065],[43,44]],[[35480,10001],[4,64]],[[35480,10001],[104,28]],[[35584,10029],[25,-96]],[[35609,9933],[105,12]],[[35693,9852],[21,93]],[[35666,9811],[27,41]],[[35564,9814],[102,-3]],[[35511,9789],[53,25]],[[35511,9789],[32,-51]],[[35543,9738],[30,14]],[[35573,9752],[14,-50]],[[35587,9702],[36,15]],[[35623,9717],[44,-38]],[[35608,9670],[59,9]],[[35608,9670],[28,-44]],[[35593,9570],[43,56]],[[35526,9547],[67,23]],[[35514,9515],[12,32]],[[35407,9542],[107,-27]],[[35388,9435],[19,107]],[[35388,9435],[176,-128]],[[35564,9307],[78,-17]],[[35642,9290],[53,-65]],[[35691,9192],[4,33]],[[35691,9192],[26,-64]],[[35646,9051],[71,77]],[[35589,9010],[57,41]],[[35499,8903],[90,107]],[[35328,8753],[171,150]],[[35298,8751],[30,2]],[[35080,8625],[218,126]],[[35017,8588],[63,37]],[[35017,8588],[69,-116]],[[34987,8407],[99,65]],[[34854,8453],[133,-46]],[[34797,8315],[57,138]],[[34797,8315],[5,23]],[[34769,8411],[33,-73]],[[34718,8476],[51,-65]],[[34683,8459],[35,17]],[[34583,8544],[100,-85]],[[34530,8457],[53,87]],[[34453,8374],[77,83]],[[34429,8401],[24,-27]],[[34387,8365],[42,36]],[[34296,8424],[91,-59]],[[34256,8370],[40,54]],[[34185,8446],[71,-76]],[[34144,8416],[41,30]],[[34127,8436],[17,-20]],[[34076,8430],[51,6]],[[34068,8474],[8,-44]],[[34034,8511],[34,-37]],[[33996,8481],[38,30]],[[33947,8504],[49,-23]],[[33783,8307],[164,197]],[[33750,8328],[33,-21]],[[33715,8390],[35,-62]],[[33656,8423],[59,-33]],[[33646,8444],[10,-21]],[[33561,8500],[85,-56]],[[33561,8500],[16,43]],[[33565,8588],[12,-45]],[[33494,8546],[71,42]],[[33429,8562],[65,-16]],[[33376,8556],[53,6]],[[33280,8362],[96,194]],[[33232,8391],[48,-29]],[[33206,8329],[26,62]],[[33161,8340],[45,-11]],[[33152,8410],[9,-70]],[[33096,8437],[56,-27]],[[33054,8390],[42,47]],[[32978,8394],[76,-4]],[[32947,8459],[31,-65]],[[32894,8455],[53,4]],[[32746,8269],[148,186]],[[32707,8261],[39,8]],[[32652,8274],[55,-13]],[[32531,8087],[121,187]],[[32531,8087],[98,-69]],[[32629,8018],[21,-35]],[[32650,7983],[60,21]],[[32710,8004],[15,-21]],[[32665,7882],[60,101]],[[32639,7904],[26,-22]],[[32594,7838],[45,66]],[[16804,1784],[105,-43]],[[16769,1784],[35,0]],[[16742,1836],[27,-52]],[[16651,1880],[91,-44]],[[16521,1893],[130,-13]],[[16408,1927],[113,-34]],[[16274,1985],[134,-58]],[[16231,2015],[43,-30]],[[16147,2127],[84,-112]],[[16082,2249],[65,-122]],[[16078,2332],[4,-83]],[[16058,2379],[20,-47]],[[16055,2460],[3,-81]],[[16055,2460],[58,161]],[[16113,2621],[90,181]],[[16203,2802],[9,82]],[[16192,2892],[20,-8]],[[16192,2892],[50,128]],[[16242,3020],[31,169]],[[16273,3189],[34,143]],[[16307,3332],[81,94]],[[16388,3426],[112,24]],[[16500,3450],[120,62]],[[16620,3512],[255,67]],[[16875,3579],[6,-25]],[[16881,3554],[49,6]],[[16930,3560],[158,43]],[[17088,3603],[38,21]],[[17126,3624],[40,48]],[[17150,3690],[16,-18]],[[17150,3690],[57,67]],[[17207,3757],[47,70]],[[17254,3827],[45,85]],[[17299,3912],[49,121]],[[17348,4033],[1,51]],[[17341,4126],[8,-42]],[[17296,4232],[45,-106]],[[17215,4322],[81,-90]],[[17146,4362],[69,-40]],[[17011,4400],[135,-38]],[[16838,4406],[173,-6]],[[23837,764],[163,-24]],[[23747,845],[90,-81]],[[23731,882],[16,-37]],[[23643,933],[88,-51]],[[23483,994],[160,-61]],[[23420,1012],[63,-18]],[[23227,1108],[193,-96]],[[23147,1134],[80,-26]],[[23042,1158],[105,-24]],[[22839,1158],[203,0]],[[22739,1187],[100,-29]],[[22509,1231],[230,-44]],[[22402,1270],[107,-39]],[[22353,1301],[49,-31]],[[22245,1349],[108,-48]],[[22245,1349],[6,15]],[[22170,1400],[81,-36]],[[22117,1437],[53,-37]],[[22070,1440],[47,-3]],[[21937,1477],[133,-37]],[[21834,1533],[103,-56]],[[21738,1674],[96,-141]],[[21608,1678],[130,-4]],[[21516,1696],[92,-18]],[[21432,1701],[84,-5]],[[21396,1687],[36,14]],[[21340,1690],[56,-3]],[[21203,1657],[137,33]],[[21067,1608],[136,49]],[[20921,1583],[146,25]],[[20813,1616],[108,-33]],[[20764,1638],[49,-22]],[[20686,1636],[78,2]],[[20604,1670],[82,-34]],[[20569,1707],[35,-37]],[[20452,1773],[117,-66]],[[20329,1876],[123,-103]],[[20329,1876],[11,13]],[[20275,1949],[65,-60]],[[20227,1974],[48,-25]],[[20168,1979],[59,-5]],[[20060,2011],[108,-32]],[[19958,2032],[102,-21]],[[19853,2090],[105,-58]],[[19764,2128],[89,-38]],[[19652,2148],[112,-20]],[[19498,2127],[154,21]],[[19392,2100],[106,27]],[[19259,2114],[133,-14]],[[19159,2123],[100,-9]],[[19064,2122],[95,1]],[[18933,2105],[131,17]],[[18733,2093],[200,12]],[[18677,2072],[56,21]],[[18600,2023],[77,49]],[[18553,2004],[47,19]],[[18491,2007],[62,-3]],[[18391,1966],[100,41]],[[18330,1931],[61,35]],[[18248,1897],[82,34]],[[18156,1857],[92,40]],[[17924,1735],[232,122]],[[17856,1706],[68,29]],[[17564,1655],[292,51]],[[17532,1639],[32,16]],[[17417,1625],[115,14]],[[17332,1629],[85,-4]],[[17244,1697],[88,-68]],[[17110,1714],[134,-17]],[[16973,1751],[137,-37]],[[16966,1730],[7,21]],[[16909,1741],[57,-11]],[[16838,4406],[35,63]],[[16873,4469],[44,103]],[[16917,4572],[41,70]],[[16958,4642],[109,116]],[[17067,4758],[25,27]],[[17092,4785],[9,168]],[[17101,4953],[316,-7]],[[17417,4946],[179,-4]],[[17590,4893],[6,49]],[[17590,4893],[79,-48]],[[17669,4845],[79,36]],[[17748,4881],[50,361]],[[17777,5246],[21,-4]],[[17656,5332],[121,-86]],[[17656,5332],[106,167]],[[17650,5548],[112,-49]],[[17650,5548],[20,162]],[[17618,5734],[52,-24]],[[17618,5734],[31,179]],[[17649,5913],[90,3]],[[17739,5916],[4,82]],[[17743,5998],[43,117]],[[17786,6115],[50,156]],[[17804,6286],[32,-15]],[[17804,6286],[77,122]],[[17881,6408],[53,-8]],[[17934,6400],[39,33]],[[17973,6433],[189,50]],[[18162,6483],[60,157]],[[18222,6640],[46,102]],[[18242,6829],[26,-87]],[[18242,6829],[21,66]],[[18263,6895],[33,30]],[[18296,6925],[59,-45]],[[18355,6880],[68,72]],[[18419,7053],[4,-101]],[[18309,7104],[110,-51]],[[18169,7233],[140,-129]],[[18101,7288],[68,-55]],[[18101,7288],[33,62]],[[18134,7350],[41,49]],[[18175,7399],[118,-96]],[[18293,7303],[20,66]],[[18313,7369],[29,139]],[[18342,7508],[32,2]],[[18374,7510],[75,-2]],[[18449,7508],[5,28]],[[18405,7546],[49,-10]],[[18405,7546],[8,33]],[[18287,7655],[126,-76]],[[18287,7655],[-1,73]],[[18286,7728],[23,74]],[[18309,7802],[89,-10]],[[18398,7792],[0,32]],[[18398,7824],[49,-1]],[[18447,7823],[8,23]],[[18455,7846],[79,15]],[[18534,7861],[25,37]],[[18559,7898],[56,17]],[[18603,7934],[12,-19]],[[18586,8052],[17,-118]],[[18586,8052],[220,58]],[[18803,8166],[3,-56]],[[18803,8166],[30,77]],[[18768,8282],[65,-39]],[[18664,8284],[104,-2]],[[18654,8372],[10,-88]],[[18654,8372],[64,-2]],[[18718,8370],[78,31]],[[18796,8401],[59,47]],[[18855,8448],[66,-10]],[[18921,8438],[74,25]],[[18995,8463],[35,-4]],[[19030,8459],[61,-48]],[[19091,8411],[20,-66]],[[19111,8345],[52,-32]],[[19163,8313],[64,76]],[[19227,8389],[18,-15]],[[19245,8374],[43,57]],[[19287,8465],[1,-34]],[[19287,8465],[46,11]],[[19333,8476],[40,28]],[[19373,8504],[62,-21]],[[19435,8483],[79,-51]],[[19514,8432],[36,-7]],[[19550,8425],[37,-43]],[[19587,8382],[67,-38]],[[19654,8344],[37,44]],[[19691,8388],[33,7]],[[19724,8395],[25,45]],[[19734,8487],[15,-47]],[[19734,8487],[71,30]],[[19805,8517],[24,46]],[[19829,8563],[53,16]],[[19882,8579],[1,57]],[[19883,8636],[17,99]],[[19900,8735],[70,-7]],[[19957,8778],[13,-50]],[[19957,8778],[9,40]],[[19966,8818],[80,-8]],[[20046,8810],[69,9]],[[20115,8819],[21,-72]],[[20136,8747],[25,3]],[[20144,8825],[17,-75]],[[20144,8825],[46,8]],[[20190,8833],[24,49]],[[20214,8882],[28,114]],[[20242,8996],[29,32]],[[20271,9028],[114,30]],[[20385,9058],[89,10]],[[20474,9068],[20,19]],[[20494,9087],[86,-4]],[[20580,9083],[8,25]],[[20588,9108],[146,45]],[[20734,9153],[61,-57]],[[20795,9096],[15,-33]],[[20795,9013],[15,50]],[[20795,9013],[39,-51]],[[20834,8962],[54,-16]],[[20888,8946],[8,-23]],[[20896,8923],[55,-13]],[[20951,8910],[42,40]],[[20993,8950],[61,27]],[[21054,8977],[42,-1]],[[21096,8976],[76,21]],[[21172,8997],[18,19]],[[21190,9016],[70,-1]],[[21260,9015],[9,-14]],[[21269,9001],[140,33]],[[21404,8979],[5,55]],[[21404,8979],[61,-55]],[[21465,8924],[10,-46]],[[21475,8878],[18,13]],[[21493,8891],[37,106]],[[21493,9091],[37,-94]],[[21493,9091],[20,47]],[[21513,9138],[38,128]],[[21550,9322],[1,-56]],[[21531,9368],[19,-46]],[[21483,9408],[48,-40]],[[21483,9408],[34,71]],[[21479,9544],[38,-65]],[[21479,9544],[1,27]],[[21480,9571],[34,78]],[[21514,9649],[21,17]],[[21535,9666],[34,103]],[[21569,9769],[21,31]],[[21555,9844],[35,-44]],[[21555,9844],[7,95]],[[21522,9973],[40,-34]],[[21522,9973],[1,41]],[[21505,10070],[18,-56]],[[21505,10070],[15,30]],[[21520,10100],[12,77]],[[21532,10177],[31,29]],[[21563,10206],[69,-73]],[[21632,10133],[92,-51]],[[21724,10082],[98,-5]],[[21822,10077],[43,-15]],[[21865,10062],[64,0]],[[21929,10062],[29,-103]],[[21958,9959],[2,-96]],[[21931,9829],[29,34]],[[21931,9829],[29,-69]],[[21960,9760],[35,-2]],[[21996,9651],[-1,107]],[[21970,9593],[26,58]],[[21970,9593],[14,-43]],[[21968,9402],[16,148]],[[21968,9402],[9,-44]],[[21977,9358],[58,16]],[[22035,9374],[55,31]],[[22090,9405],[64,47]],[[22154,9452],[44,-52]],[[22198,9400],[30,-55]],[[22228,9345],[47,27]],[[22275,9372],[40,-4]],[[22315,9368],[15,-34]],[[22330,9334],[62,-34]],[[22392,9300],[26,-60]],[[22418,9240],[60,20]],[[22478,9260],[50,34]],[[22528,9294],[38,-3]],[[22566,9291],[100,-39]],[[22623,9218],[43,34]],[[22562,9152],[61,66]],[[22558,9110],[4,42]],[[22558,9110],[30,-47]],[[22579,9012],[9,51]],[[22579,9012],[39,-41]],[[22610,8919],[8,52]],[[22610,8919],[15,-51]],[[22625,8868],[26,-35]],[[22651,8833],[11,-51]],[[22662,8782],[80,35]],[[22742,8817],[32,-105]],[[22774,8712],[36,-36]],[[22805,8632],[5,44]],[[22805,8632],[19,-151]],[[22824,8481],[31,-127]],[[22855,8354],[10,-12]],[[22724,8216],[141,126]],[[22679,8202],[45,14]],[[22648,8231],[31,-29]],[[22614,8169],[34,62]],[[22614,8169],[45,0]],[[22659,8169],[41,-82]],[[22655,8019],[45,68]],[[22575,7927],[80,92]],[[22575,7927],[79,-45]],[[22654,7882],[47,-60]],[[22694,7789],[7,33]],[[22629,7792],[65,-3]],[[22586,7740],[43,52]],[[22586,7740],[30,-30]],[[22616,7710],[44,-4]],[[22650,7634],[10,72]],[[22564,7483],[86,151]],[[22564,7483],[12,-50]],[[22562,7393],[14,40]],[[22562,7393],[53,-99]],[[22615,7294],[56,112]],[[22671,7406],[321,-81]],[[22992,7325],[66,-48]],[[23058,7277],[42,-5]],[[23042,7030],[58,242]],[[23036,7009],[6,21]],[[23036,7009],[123,-15]],[[23159,6994],[40,-64]],[[23199,6930],[193,37]],[[23392,6967],[61,80]],[[23453,7047],[24,-10]],[[23477,7037],[18,-47]],[[23448,6956],[47,34]],[[23448,6956],[132,-71]],[[23580,6885],[20,-33]],[[23593,6753],[7,99]],[[23558,6709],[35,44]],[[23558,6709],[51,-37]],[[23609,6672],[22,5]],[[23631,6677],[23,-46]],[[23654,6631],[78,-73]],[[23732,6558],[100,-230]],[[23832,6328],[35,-78]],[[23867,6250],[46,-6]],[[23913,6244],[64,21]],[[23977,6265],[19,-312]],[[23996,5953],[78,-2]],[[24074,5951],[63,-16]],[[24137,5935],[22,-19]],[[24159,5916],[59,6]],[[24218,5922],[12,-67]],[[24228,5822],[2,33]],[[24179,5788],[49,34]],[[24179,5788],[533,-174]],[[24678,5493],[34,121]],[[24678,5493],[51,-18]],[[24726,5463],[3,12]],[[24675,5287],[51,176]],[[24647,5157],[28,130]],[[24647,5157],[26,-6]],[[24662,5073],[11,78]],[[24662,5073],[65,-14]],[[24690,4862],[37,197]],[[24671,4737],[19,125]],[[24651,4738],[20,-1]],[[24640,4621],[11,117]],[[24640,4621],[36,-39]],[[24674,4512],[2,70]],[[24674,4512],[41,-6]],[[24707,4273],[8,233]],[[24690,4275],[17,-2]],[[24686,4138],[4,137]],[[24569,4156],[117,-18]],[[24504,4133],[65,23]],[[24428,4131],[76,2]],[[24417,4130],[11,1]],[[24386,3963],[31,167]],[[24386,3963],[62,-12]],[[24384,3583],[64,368]],[[24380,3559],[4,24]],[[24380,3559],[203,-36]],[[24583,3523],[43,16]],[[24626,3539],[290,-40]],[[24916,3499],[26,-14]],[[24913,3392],[29,93]],[[24913,3392],[21,-8]],[[24902,3271],[32,113]],[[24902,3271],[19,-7]],[[24896,3192],[25,72]],[[24864,3108],[32,84]],[[24747,3146],[117,-38]],[[24690,2961],[57,185]],[[24690,2961],[115,-41]],[[24794,2874],[11,46]],[[24794,2874],[51,-14]],[[24832,2813],[13,47]],[[24743,2536],[89,277]],[[24711,2446],[32,90]],[[24711,2446],[47,-18]],[[24728,2337],[30,91]],[[24700,2246],[28,91]],[[24700,2246],[42,-16]],[[24712,2139],[30,91]],[[24538,2199],[174,-60]],[[24508,2109],[30,90]],[[24508,2109],[46,-16]],[[24496,1912],[58,181]],[[24496,1912],[46,-14]],[[24495,1759],[47,139]],[[24411,1790],[84,-31]],[[24396,1742],[15,48]],[[24267,1789],[129,-47]],[[24222,1652],[45,137]],[[24159,1437],[63,215]],[[24104,1431],[55,6]],[[24061,1097],[43,334]],[[24017,907],[44,190]],[[24017,907],[6,-27]],[[24000,740],[23,140]],[[45418,17235],[65,-56]],[[45386,17279],[32,-44]],[[45349,17230],[37,49]],[[45286,17289],[63,-59]],[[45286,17289],[35,47]],[[45321,17336],[42,-3]],[[45363,17333],[5,61]],[[45308,17420],[60,-26]],[[45271,17465],[37,-45]],[[45266,17509],[5,-44]],[[45258,17567],[8,-58]],[[45258,17567],[36,74]],[[45295,17732],[-1,-91]],[[45268,17776],[27,-44]],[[45211,17822],[57,-46]],[[45171,17831],[40,-9]],[[45145,17866],[26,-35]],[[45145,17866],[7,59]],[[45152,17925],[29,65]],[[45181,17990],[31,11]],[[45212,18001],[109,3]],[[45321,18004],[23,27]],[[45331,18062],[13,-31]],[[45250,18097],[81,-35]],[[45235,18115],[15,-18]],[[45219,18239],[16,-124]],[[45174,18277],[45,-38]],[[45171,18312],[3,-35]],[[45171,18312],[37,48]],[[45173,18429],[35,-69]],[[45115,18459],[58,-30]],[[45053,18467],[62,-8]],[[45053,18467],[7,101]],[[45018,18580],[42,-12]],[[44932,18540],[86,40]],[[44894,18570],[38,-30]],[[44892,18623],[2,-53]],[[44844,18650],[48,-27]],[[44821,18685],[23,-35]],[[44821,18685],[27,33]],[[44807,18784],[41,-66]],[[44808,18855],[-1,-71]],[[44754,18923],[54,-68]],[[44732,18933],[22,-10]],[[44686,18849],[46,84]],[[44648,18833],[38,16]],[[44648,18833],[10,90]],[[44604,18939],[54,-16]],[[44581,18927],[23,12]],[[44517,18961],[64,-34]],[[44495,18994],[22,-33]],[[44438,19123],[57,-129]],[[44421,19136],[17,-13]],[[44379,19182],[42,-46]],[[44329,19276],[50,-94]],[[44310,19342],[19,-66]],[[44260,19393],[50,-51]],[[44219,19513],[41,-120]],[[44219,19513],[6,13]],[[44208,19554],[17,-28]],[[44210,19669],[-2,-115]],[[44147,19809],[63,-140]],[[44139,19862],[8,-53]],[[44112,19893],[27,-31]],[[44112,19893],[15,49]],[[44043,19994],[84,-52]],[[43994,20093],[49,-99]],[[43951,20285],[43,-192]],[[43922,20354],[29,-69]],[[43892,20457],[30,-103]],[[43824,20543],[68,-86]],[[43809,20594],[15,-51]],[[43760,20557],[49,37]],[[43691,20722],[69,-165]],[[43604,20705],[87,17]],[[43553,20708],[51,-3]],[[43553,20708],[22,91]],[[43575,20799],[69,3]],[[43644,20802],[120,33]],[[43709,20932],[55,-97]],[[43656,21109],[53,-177]],[[43593,21247],[63,-138]],[[43512,21387],[81,-140]],[[43512,21387],[4,16]],[[43479,21589],[37,-186]],[[43447,21666],[32,-77]],[[43447,21666],[7,115]],[[43437,21831],[17,-50]],[[43417,21964],[20,-133]],[[43417,21964],[50,138]],[[43452,22122],[15,-20]],[[43452,22122],[4,119]],[[43456,22241],[22,64]],[[43478,22305],[37,-21]],[[43515,22284],[102,-23]],[[43617,22261],[61,19]],[[43678,22280],[41,39]],[[43714,22382],[5,-63]],[[43714,22382],[20,43]],[[43734,22425],[75,18]],[[43793,22500],[16,-57]],[[43770,22497],[23,3]],[[43770,22497],[9,112]],[[43779,22609],[44,15]],[[43823,22624],[25,32]],[[43848,22656],[156,10]],[[44004,22666],[9,-59]],[[44013,22607],[182,11]],[[44195,22618],[102,-15]],[[44297,22603],[2,23]],[[44299,22626],[20,61]],[[44319,22687],[121,9]],[[44440,22696],[21,-23]],[[44461,22673],[160,33]],[[44621,22706],[25,-5]],[[44646,22701],[33,42]],[[44644,22836],[35,-93]],[[44636,22902],[8,-66]],[[44636,22902],[33,45]],[[44608,23080],[61,-133]],[[44608,23080],[16,27]],[[44624,23107],[38,55]],[[44662,23162],[47,-51]],[[44709,23111],[91,-69]],[[44800,23042],[200,-5]],[[45000,23037],[19,127]],[[45019,23164],[118,-1]],[[45137,23163],[10,-51]],[[45147,23112],[48,-68]],[[45195,23044],[69,-97]],[[45264,22947],[34,-71]],[[45298,22876],[41,-127]],[[45248,22702],[91,47]],[[45225,22665],[23,37]],[[45225,22665],[92,-168]],[[45215,22397],[102,100]],[[45215,22397],[73,-111]],[[45288,22286],[88,-220]],[[45376,22066],[69,-75]],[[45436,21981],[9,10]],[[45436,21981],[70,-39]],[[45506,21942],[2,-35]],[[45508,21907],[152,43]],[[45660,21950],[110,108]],[[45716,22135],[54,-77]],[[45716,22135],[56,75]],[[45742,22283],[30,-73]],[[45741,22394],[1,-111]],[[45741,22394],[173,50]],[[45866,22533],[48,-89]],[[45832,22554],[34,-21]],[[45680,22518],[152,36]],[[45661,22549],[19,-31]],[[45661,22549],[149,37]],[[45773,22713],[37,-127]],[[45773,22713],[8,7]],[[45667,22904],[114,-184]],[[45667,22904],[43,30]],[[45687,22970],[23,-36]],[[45687,22970],[26,34]],[[45681,23110],[32,-106]],[[45643,23126],[38,-16]],[[45643,23126],[10,42]],[[45624,23209],[29,-41]],[[45624,23209],[8,23]],[[45632,23232],[79,2]],[[45711,23234],[53,-26]],[[45728,23159],[36,49]],[[45728,23159],[60,-79]],[[45788,23080],[18,52]],[[45806,23132],[50,3]],[[45856,23135],[52,-21]],[[45908,23114],[45,38]],[[45953,23152],[83,-78]],[[46036,23074],[20,96]],[[46056,23170],[107,-67]],[[46163,23103],[25,-2]],[[46188,23101],[27,79]],[[46215,23180],[108,-85]],[[46323,23095],[105,59]],[[46428,23154],[6,-87]],[[46434,23067],[96,6]],[[46530,23073],[96,1]],[[46626,23074],[9,-24]],[[46635,23050],[119,8]],[[46754,23058],[7,-115]],[[46761,22943],[96,-47]],[[46857,22896],[45,18]],[[46902,22914],[9,-51]],[[46911,22863],[1,-104]],[[46912,22759],[173,84]],[[47039,22907],[46,-64]],[[47039,22907],[53,16]],[[47092,22923],[33,49]],[[47125,22972],[46,-69]],[[47171,22903],[54,38]],[[47177,23049],[48,-108]],[[47177,23049],[73,-15]],[[47250,23034],[25,35]],[[47281,23330],[-6,-261]],[[47281,23330],[58,-1]],[[47339,23329],[6,50]],[[47345,23379],[75,-17]],[[47420,23362],[17,-144]],[[47437,23218],[84,-2]],[[47521,23216],[158,78]],[[47679,23294],[40,-48]],[[47719,23246],[56,35]],[[47775,23281],[61,-103]],[[47836,23178],[23,-56]],[[47859,23122],[156,58]],[[48015,23180],[22,-95]],[[48037,23085],[31,-88]],[[48068,22997],[41,18]],[[48109,23015],[7,-59]],[[48116,22956],[21,-60]],[[48137,22896],[111,49]],[[48248,22945],[46,-5]],[[48294,22940],[7,-47]],[[48291,22844],[10,49]],[[48291,22844],[86,-9]],[[48377,22835],[116,23]],[[48493,22858],[104,56]],[[48597,22914],[112,46]],[[48709,22960],[177,-6]],[[48886,22954],[72,-40]],[[48958,22914],[1,-45]],[[48959,22869],[22,-46]],[[48915,22824],[66,-1]],[[48891,22707],[24,117]],[[48891,22707],[40,-30]],[[48903,22642],[28,35]],[[48843,22601],[60,41]],[[48790,22516],[53,85]],[[48790,22516],[72,-42]],[[48841,22432],[21,42]],[[48789,22427],[52,5]],[[48789,22427],[31,-58]],[[48820,22369],[70,-6]],[[48802,22212],[88,151]],[[48781,22072],[21,140]],[[48781,22072],[47,-37]],[[48827,22008],[1,27]],[[48771,21964],[56,44]],[[48771,21964],[45,-66]],[[48816,21898],[38,-101]],[[48854,21797],[37,-14]],[[48878,21733],[13,50]],[[48878,21733],[18,-79]],[[48868,21629],[28,25]],[[48868,21629],[44,-45]],[[48892,21534],[20,50]],[[48892,21534],[34,-34]],[[48926,21500],[27,-53]],[[48953,21447],[18,-70]],[[48948,21297],[23,80]],[[48948,21297],[40,-48]],[[48988,21249],[29,-91]],[[48986,21130],[31,28]],[[48959,21040],[27,90]],[[48959,21040],[22,-45]],[[48975,20959],[6,36]],[[48940,20957],[35,2]],[[48938,20918],[2,39]],[[48938,20918],[24,-28]],[[48962,20890],[24,-80]],[[48986,20810],[60,-8]],[[49035,20753],[11,49]],[[49035,20753],[25,-13]],[[49028,20682],[32,58]],[[49028,20682],[4,-35]],[[49019,20619],[13,28]],[[48978,20623],[41,-4]],[[48946,20595],[32,28]],[[48896,20582],[50,13]],[[48896,20582],[30,-71]],[[48926,20511],[21,-16]],[[48914,20416],[33,79]],[[48914,20416],[23,-56]],[[48914,20328],[23,32]],[[48914,20328],[26,-94]],[[48909,20198],[31,36]],[[48909,20198],[21,-21]],[[48930,20177],[45,2]],[[48975,20179],[16,-78]],[[48982,20061],[9,40]],[[48982,20061],[18,-37]],[[48979,19993],[21,31]],[[48936,19995],[43,-2]],[[48936,19995],[14,-44]],[[48950,19951],[48,-18]],[[48998,19933],[27,-41]],[[49025,19892],[54,-49]],[[49079,19843],[115,38]],[[49194,19881],[9,-63]],[[49169,19793],[34,25]],[[49130,19678],[39,115]],[[49130,19678],[48,-71]],[[49178,19607],[0,-77]],[[49178,19530],[39,-39]],[[49217,19491],[60,-38]],[[49240,19350],[37,103]],[[49240,19350],[35,-21]],[[49258,19282],[17,47]],[[49258,19282],[41,-65]],[[49295,19195],[4,22]],[[49236,19147],[59,48]],[[49236,19147],[24,-56]],[[49251,19044],[9,47]],[[49251,19044],[23,-81]],[[49274,18963],[30,-30]],[[49275,18815],[29,118]],[[49246,18760],[29,55]],[[49246,18760],[24,-64]],[[49223,18665],[47,31]],[[49223,18665],[83,-15]],[[49306,18650],[15,-24]],[[49305,18578],[16,48]],[[49213,18540],[92,38]],[[49168,18445],[45,95]],[[49140,18410],[28,35]],[[49100,18440],[40,-30]],[[49002,18409],[98,31]],[[48980,18451],[22,-42]],[[48939,18445],[41,6]],[[48919,18400],[20,45]],[[48861,18374],[58,26]],[[48852,18348],[9,26]],[[48794,18297],[58,51]],[[48787,18261],[7,36]],[[48787,18261],[14,-57]],[[48801,18204],[63,-46]],[[48864,18158],[29,-57]],[[48893,18101],[40,-17]],[[48933,18084],[36,-58]],[[48967,17981],[2,45]],[[48967,17981],[22,-31]],[[48989,17950],[67,21]],[[49056,17971],[21,25]],[[49077,17996],[35,-12]],[[49112,17984],[23,-85]],[[49135,17899],[27,9]],[[49162,17908],[11,-61]],[[49173,17847],[46,2]],[[49205,17786],[14,63]],[[49205,17786],[34,-66]],[[49239,17720],[26,-13]],[[49265,17707],[-2,-97]],[[49263,17610],[8,-83]],[[49228,17521],[43,6]],[[49228,17521],[44,-64]],[[49247,17397],[25,60]],[[49247,17397],[12,-40]],[[49250,17287],[9,70]],[[49250,17287],[56,9]],[[49306,17296],[30,-59]],[[49336,17237],[14,-95]],[[49350,17142],[21,-17]],[[49371,17125],[15,-58]],[[49386,17067],[22,-26]],[[49408,17041],[90,-27]],[[49498,17014],[52,-30]],[[49501,16981],[49,3]],[[49475,16960],[26,21]],[[49444,16900],[31,60]],[[49431,16832],[13,68]],[[49426,16720],[5,112]],[[49426,16720],[16,-156]],[[49434,16507],[8,57]],[[49370,16489],[64,18]],[[49211,16603],[159,-114]],[[49051,16709],[160,-106]],[[48905,16746],[146,-37]],[[48866,16745],[39,1]],[[48785,16731],[81,14]],[[48703,16686],[82,45]],[[48642,16643],[61,43]],[[48478,16512],[164,131]],[[48426,16406],[52,106]],[[18860,9718],[33,-52]],[[18825,9701],[35,17]],[[18775,9647],[50,54]],[[18692,9666],[83,-19]],[[18626,9660],[66,6]],[[18537,9673],[89,-13]],[[18469,9711],[68,-38]],[[18431,9703],[38,8]],[[18351,9741],[80,-38]],[[18256,9731],[95,10]],[[18228,9738],[28,-7]],[[18228,9738],[37,91]],[[18265,9829],[5,49]],[[18194,9881],[76,-3]],[[18158,9852],[36,29]],[[18036,9834],[122,18]],[[17921,9860],[115,-26]],[[17905,9890],[16,-30]],[[17881,9830],[24,60]],[[17881,9830],[70,-52]],[[17934,9739],[17,39]],[[17884,9809],[50,-70]],[[17753,9834],[131,-25]],[[17709,9883],[44,-49]],[[17642,9890],[67,-7]],[[17572,9940],[70,-50]],[[17522,10016],[50,-76]],[[17487,10016],[35,0]],[[17451,10044],[36,-28]],[[17451,10044],[32,31]],[[17439,10109],[44,-34]],[[17439,10109],[31,40]],[[17470,10149],[0,36]],[[17443,10208],[27,-23]],[[17387,10173],[56,35]],[[17345,10248],[42,-75]],[[17261,10245],[84,3]],[[17193,10265],[68,-20]],[[17152,10312],[41,-47]],[[17107,10332],[45,-20]],[[17084,10372],[23,-40]],[[17084,10372],[10,37]],[[17069,10468],[25,-59]],[[17031,10502],[38,-34]],[[17024,10581],[7,-79]],[[17006,10606],[18,-25]],[[17006,10606],[31,31]],[[16996,10698],[41,-61]],[[16971,10692],[25,6]],[[16930,10721],[41,-29]],[[16890,10769],[40,-48]],[[16855,10775],[35,-6]],[[16821,10804],[34,-29]],[[16737,10663],[84,141]],[[16699,10698],[38,-35]],[[16675,10774],[24,-76]],[[16665,10851],[10,-77]],[[16665,10851],[35,40]],[[16700,10891],[33,24]],[[16708,10958],[25,-43]],[[16658,11000],[50,-42]],[[16627,11009],[31,-9]],[[16563,11058],[64,-49]],[[16544,11045],[19,13]],[[16491,11065],[53,-20]],[[16491,11065],[1,30]],[[16421,11233],[71,-138]],[[16412,11295],[9,-62]],[[16410,11299],[2,-4]],[[16374,11341],[36,-42]],[[16374,11341],[48,50]],[[16415,11432],[7,-41]],[[16388,11472],[27,-40]],[[16388,11472],[24,50]],[[16391,11572],[21,-50]],[[16391,11572],[23,58]],[[16389,11669],[25,-39]],[[16368,11742],[21,-73]],[[16368,11742],[10,71]],[[16350,11862],[28,-49]],[[16331,11928],[19,-66]],[[16331,11928],[11,30]],[[16301,12010],[41,-52]],[[16301,12010],[6,77]],[[16260,12207],[47,-120]],[[16260,12207],[20,47]],[[16252,12336],[28,-82]],[[16252,12336],[48,11]],[[16300,12347],[17,-22]],[[16317,12325],[38,39]],[[16355,12364],[57,-3]],[[16412,12361],[17,21]],[[16378,12448],[51,-66]],[[16378,12448],[20,37]],[[16393,12534],[5,-49]],[[16393,12534],[23,56]],[[16388,12653],[28,-63]],[[16315,12656],[73,-3]],[[16229,12626],[86,30]],[[16212,12599],[17,27]],[[16171,12598],[41,1]],[[16119,12626],[52,-28]],[[16119,12626],[14,57]],[[16101,12714],[32,-31]],[[16097,12749],[4,-35]],[[16065,12766],[32,-17]],[[16035,12821],[30,-55]],[[15993,12870],[42,-49]],[[15993,12870],[19,37]],[[15932,12979],[80,-72]],[[15903,13026],[29,-47]],[[15801,13086],[102,-60]],[[15738,13099],[63,-13]],[[15707,13152],[31,-53]],[[15657,13198],[50,-46]],[[15617,13252],[40,-54]],[[15574,13229],[43,23]],[[15484,13225],[90,4]],[[15432,13232],[52,-7]],[[15403,13262],[29,-30]],[[15403,13262],[7,69]],[[15400,13379],[10,-48]],[[15333,13383],[67,-4]],[[15292,13356],[41,27]],[[15245,13349],[47,7]],[[15226,13309],[19,40]],[[15185,13413],[41,-104]],[[15185,13413],[-3,81]],[[15148,13539],[34,-45]],[[15128,13612],[20,-73]],[[15084,13666],[44,-54]],[[15027,13616],[57,50]],[[15004,13644],[23,-28]],[[14923,13685],[81,-41]],[[19826,8751],[74,-16]],[[19805,8798],[21,-47]],[[19757,8832],[48,-34]],[[19707,8848],[50,-16]],[[19707,8848],[6,58]],[[19578,8935],[135,-29]],[[19578,8935],[56,108]],[[19628,9088],[6,-45]],[[19600,9115],[28,-27]],[[19463,9201],[137,-86]],[[19463,9201],[53,85]],[[19383,9261],[133,25]],[[19302,9283],[81,-22]],[[19234,9347],[68,-64]],[[19198,9360],[36,-13]],[[19056,9454],[142,-94]],[[19056,9454],[11,52]],[[19044,9529],[23,-23]],[[19031,9583],[13,-54]],[[18959,9633],[72,-50]],[[18893,9666],[66,-33]],[[15107,15061],[34,-20]],[[15141,15006],[0,35]],[[15141,15006],[50,17]],[[15185,15080],[6,-57]],[[15185,15080],[61,-11]],[[15246,15069],[72,-46]],[[15318,15023],[94,-4]],[[15412,15019],[9,44]],[[15421,15063],[38,23]],[[15459,15086],[12,40]],[[15471,15126],[88,-2]],[[15559,15124],[28,41]],[[15587,15165],[76,-2]],[[15663,15163],[29,-59]],[[15692,15104],[30,-2]],[[15722,15102],[89,80]],[[15811,15182],[42,-11]],[[15853,15171],[53,23]],[[15906,15194],[60,63]],[[15966,15257],[-1,54]],[[15965,15311],[77,-25]],[[16042,15286],[44,-31]],[[16086,15255],[39,-46]],[[16125,15209],[52,16]],[[16177,15225],[41,-135]],[[16218,15090],[45,10]],[[16263,15100],[58,50]],[[16321,15150],[69,24]],[[16390,15174],[30,39]],[[16420,15213],[42,1]],[[16462,15214],[80,44]],[[16542,15258],[8,-20]],[[16550,15238],[98,12]],[[16648,15250],[68,-48]],[[16716,15202],[73,-4]],[[16720,15148],[69,50]],[[16674,15010],[46,138]],[[16637,14953],[37,57]],[[16578,14908],[59,45]],[[16578,14908],[127,-27]],[[16705,14881],[21,27]],[[16726,14908],[-1,66]],[[16725,14974],[37,103]],[[16753,15145],[9,-68]],[[16753,15145],[36,40]],[[16789,15185],[48,-1]],[[16837,15184],[28,-112]],[[16865,15072],[43,-46]],[[16908,15026],[70,9]],[[16978,15035],[61,47]],[[17039,15082],[31,-44]],[[17070,15038],[41,-19]],[[17111,15019],[38,31]],[[17149,15050],[37,-11]],[[17186,15039],[92,30]],[[17278,15069],[133,71]],[[17411,15140],[57,-12]],[[17468,15128],[41,109]],[[17509,15237],[35,-10]],[[17544,15227],[42,44]],[[17586,15271],[59,96]],[[17645,15367],[162,-41]],[[17807,15326],[81,-55]],[[17888,15271],[54,3]],[[17942,15274],[53,53]],[[17995,15327],[46,-62]],[[18041,15265],[80,-3]],[[18121,15262],[49,13]],[[18170,15275],[20,36]],[[18190,15311],[38,2]],[[18228,15313],[94,-61]],[[18322,15252],[34,-13]],[[18356,15239],[45,45]],[[18401,15284],[3,62]],[[18404,15346],[60,97]],[[18464,15443],[49,6]],[[18513,15449],[14,31]],[[18527,15480],[73,34]],[[18600,15514],[70,4]],[[18670,15518],[56,2]],[[18726,15520],[62,-15]],[[18788,15505],[80,33]],[[18868,15538],[85,-52]],[[18953,15486],[43,-39]],[[18996,15447],[46,27]],[[19042,15474],[59,65]],[[19101,15539],[7,93]],[[19108,15632],[42,75]],[[19150,15707],[29,29]],[[19179,15736],[88,2]],[[19267,15738],[21,17]],[[19288,15755],[114,-15]],[[19402,15740],[15,61]],[[19417,15801],[50,-15]],[[19467,15786],[37,-32]],[[19504,15754],[67,14]],[[19571,15768],[18,-33]],[[19589,15735],[4,-79]],[[19559,15594],[34,62]],[[19559,15594],[84,-45]],[[19643,15549],[39,-36]],[[19682,15513],[107,-31]],[[19789,15482],[16,-50]],[[19805,15432],[79,1]],[[19884,15433],[48,29]],[[19932,15462],[76,12]],[[20008,15474],[34,38]],[[20042,15512],[14,47]],[[20056,15559],[61,27]],[[20117,15586],[34,39]],[[20151,15625],[42,18]],[[20193,15643],[69,53]],[[20262,15696],[101,17]],[[20363,15713],[50,32]],[[20413,15745],[12,71]],[[20425,15816],[75,-9]],[[20500,15807],[71,40]],[[20571,15847],[27,60]],[[20598,15907],[85,22]],[[20683,15929],[63,6]],[[20746,15935],[13,-28]],[[20759,15907],[54,-68]],[[20813,15839],[40,-21]],[[20853,15818],[53,-6]],[[20906,15812],[45,-54]],[[20951,15758],[35,12]],[[20986,15770],[24,75]],[[21010,15845],[40,48]],[[21050,15893],[33,14]],[[21083,15907],[41,-6]],[[21124,15901],[110,-73]],[[21234,15828],[45,-70]],[[21279,15758],[58,-52]],[[21337,15706],[92,26]],[[21429,15732],[45,28]],[[21474,15760],[49,-9]],[[21523,15751],[71,-51]],[[21594,15700],[59,55]],[[21653,15755],[145,32]],[[21798,15787],[95,95]],[[21893,15882],[71,17]],[[21964,15899],[67,42]],[[22031,15941],[24,-29]],[[22055,15912],[82,-53]],[[22137,15859],[91,-91]],[[22228,15768],[23,4]],[[22251,15772],[59,-30]],[[22310,15742],[24,-75]],[[22315,15647],[19,20]],[[22315,15647],[11,-61]],[[22292,15542],[34,44]],[[22265,15532],[27,10]],[[22213,15455],[52,77]],[[22188,15385],[25,70]],[[22157,15346],[31,39]],[[22137,15279],[20,67]],[[22050,15152],[87,127]],[[22027,15089],[23,63]],[[22027,15089],[56,-183]],[[22083,14906],[30,-19]],[[22106,14803],[7,84]],[[22106,14803],[12,-64]],[[22118,14739],[46,-108]],[[22159,14602],[5,29]],[[22159,14602],[141,-148]],[[22300,14454],[10,-80]],[[22310,14374],[36,-52]],[[22346,14322],[41,-123]],[[22384,14144],[3,55]],[[22384,14144],[13,-68]],[[22346,14001],[51,75]],[[22262,13954],[84,47]],[[22219,13942],[43,12]],[[22126,13844],[93,98]],[[22126,13844],[70,-87]],[[22196,13757],[9,-101]],[[22173,13661],[32,-5]],[[22158,13629],[15,32]],[[22158,13629],[51,-64]],[[22209,13565],[21,-64]],[[22212,13420],[18,81]],[[22212,13420],[16,-43]],[[22163,13343],[65,34]],[[22127,13346],[36,-3]],[[22076,13307],[51,39]],[[21942,13273],[134,34]],[[21937,13230],[5,43]],[[21937,13230],[45,-139]],[[21982,13091],[5,-37]],[[21987,13054],[41,-109]],[[22020,12901],[8,44]],[[21941,12841],[79,60]],[[21878,12776],[63,65]],[[21789,12743],[89,33]],[[21789,12743],[5,-36]],[[21770,12648],[24,59]],[[21770,12648],[37,-73]],[[21807,12575],[2,-148]],[[21809,12427],[27,-63]],[[21836,12364],[18,-22]],[[21851,12296],[3,46]],[[21851,12296],[27,-70]],[[21864,12151],[14,75]],[[21849,12139],[15,12]],[[21844,12034],[5,105]],[[21831,12002],[13,32]],[[21831,12002],[30,-156]],[[21853,11798],[8,48]],[[21803,11765],[50,33]],[[21803,11765],[24,-63]],[[21823,11636],[4,66]],[[21772,11506],[51,130]],[[21772,11506],[62,4]],[[21834,11510],[33,-11]],[[21854,11450],[13,49]],[[21854,11450],[48,3]],[[21902,11453],[56,-141]],[[21958,11312],[2,-49]],[[21937,11204],[23,59]],[[21937,11204],[24,-23]],[[21961,11181],[29,-66]],[[21990,11115],[35,-109]],[[21995,10977],[30,29]],[[21973,10915],[22,62]],[[21967,10835],[6,80]],[[21902,10824],[65,11]],[[21879,10770],[23,54]],[[21879,10770],[3,-68]],[[21868,10657],[14,45]],[[21868,10657],[17,-36]],[[21885,10621],[2,-76]],[[21887,10545],[44,-66]],[[21906,10425],[25,54]],[[21906,10425],[28,-37]],[[21920,10318],[14,70]],[[21906,10228],[14,90]],[[21906,10228],[2,-83]],[[21908,10145],[21,-83]],[[30611,23417],[1,-16]],[[30537,23448],[74,-31]],[[30479,23514],[58,-66]],[[30402,23539],[77,-25]],[[30345,23604],[57,-65]],[[30295,23685],[50,-81]],[[30235,23804],[60,-119]],[[30207,23884],[28,-80]],[[30190,23967],[17,-83]],[[30190,23967],[5,31]],[[30170,24017],[25,-19]],[[30112,24008],[58,9]],[[30076,24023],[36,-15]],[[30012,24014],[64,9]],[[30012,24104],[0,-90]],[[29964,24132],[48,-28]],[[29855,24133],[109,-1]],[[29807,24096],[48,37]],[[29767,24087],[40,9]],[[29607,24164],[160,-77]],[[29563,24162],[44,2]],[[29517,24115],[46,47]],[[29467,24127],[50,-12]],[[29467,24127],[7,-33]],[[29444,24059],[30,35]],[[29422,24086],[22,-27]],[[29340,24127],[82,-41]],[[29251,24151],[89,-24]],[[29143,24168],[108,-17]],[[29109,24210],[34,-42]],[[29109,24210],[43,8]],[[29149,24259],[3,-41]],[[29099,24289],[50,-30]],[[29099,24289],[6,77]],[[29056,24406],[49,-40]],[[28966,24453],[90,-47]],[[28937,24483],[29,-30]],[[28835,24632],[102,-149]],[[28785,24629],[50,3]],[[28759,24647],[26,-18]],[[28717,24629],[42,18]],[[28712,24705],[5,-76]],[[28668,24741],[44,-36]],[[28668,24741],[40,21]],[[28708,24762],[4,44]],[[28712,24806],[53,56]],[[28705,24874],[60,-12]],[[28704,24919],[1,-45]],[[28704,24919],[16,82]],[[28701,25006],[19,-5]],[[28680,25060],[21,-54]],[[28621,25076],[59,-16]],[[28621,25076],[40,68]],[[28661,25144],[79,55]],[[28740,25199],[34,-2]],[[28774,25197],[40,24]],[[28791,25271],[23,-50]],[[28791,25271],[7,37]],[[28798,25308],[42,29]],[[28761,25393],[79,-56]],[[28761,25393],[144,24]],[[28905,25417],[13,37]],[[28918,25454],[42,16]],[[28960,25470],[43,-34]],[[29003,25436],[30,17]],[[29033,25453],[60,-54]],[[29093,25399],[10,-54]],[[29103,25345],[79,2]],[[29182,25347],[31,-25]],[[29213,25322],[41,8]],[[29254,25330],[79,36]],[[29333,25366],[69,49]],[[29319,25555],[83,-140]],[[29282,25591],[37,-36]],[[29172,25601],[110,-10]],[[29138,25633],[34,-32]],[[29131,25748],[7,-115]],[[29131,25748],[45,75]],[[29176,25823],[44,45]],[[29220,25868],[3,35]],[[29201,25954],[22,-51]],[[29201,25954],[28,20]],[[29229,25974],[56,-11]],[[29285,25963],[15,24]],[[29300,25987],[112,-27]],[[29412,25960],[51,70]],[[29463,26030],[19,69]],[[29482,26099],[24,37]],[[29506,26136],[38,-54]],[[29544,26082],[45,61]],[[29589,26143],[53,2]],[[29642,26145],[39,90]],[[29681,26235],[7,42]],[[29630,26346],[58,-69]],[[29630,26346],[2,24]],[[29589,26429],[43,-59]],[[29474,26441],[115,-12]],[[29428,26433],[46,8]],[[29428,26433],[44,40]],[[29472,26473],[48,88]],[[29520,26561],[39,7]],[[29559,26568],[21,58]],[[29580,26626],[49,88]],[[29626,26765],[3,-51]],[[29626,26765],[31,40]],[[29657,26805],[15,48]],[[29672,26853],[64,10]],[[29736,26863],[23,34]],[[29759,26897],[39,7]],[[29798,26904],[62,52]],[[29860,26956],[102,29]],[[29962,26985],[55,119]],[[30003,27118],[14,-14]],[[30003,27118],[62,26]],[[30065,27144],[11,36]],[[30076,27180],[59,-1]],[[30135,27179],[75,58]],[[30210,27237],[47,-20]],[[30257,27217],[49,-2]],[[30306,27215],[48,-28]],[[30354,27187],[48,14]],[[30402,27201],[67,-17]],[[30469,27184],[20,37]],[[30476,27251],[13,-30]],[[30476,27251],[72,35]],[[30548,27286],[28,60]],[[30576,27346],[73,40]],[[30649,27386],[19,75]],[[30668,27461],[32,30]],[[30700,27520],[0,-29]],[[30700,27520],[48,105]],[[30748,27625],[22,14]],[[30770,27639],[140,-15]],[[30910,27624],[3,42]],[[30913,27666],[34,2]],[[30947,27668],[35,44]],[[30924,27767],[58,-55]],[[30924,27767],[46,25]],[[30970,27792],[47,53]],[[31017,27845],[10,75]],[[31009,28032],[18,-112]],[[31009,28032],[85,45]],[[31094,28077],[75,-32]],[[31169,28045],[50,-6]],[[31219,28039],[63,13]],[[31282,28052],[52,101]],[[31334,28153],[34,43]],[[31363,28229],[5,-33]],[[31316,28300],[47,-71]],[[31296,28372],[20,-72]],[[31239,28451],[57,-79]],[[31209,28470],[30,-19]],[[31187,28521],[22,-51]],[[31150,28562],[37,-41]],[[31150,28562],[26,49]],[[31160,28771],[16,-160]],[[31160,28771],[19,23]],[[31179,28794],[80,-18]],[[31259,28776],[73,16]],[[31332,28792],[58,61]],[[31390,28853],[124,99]],[[31506,29044],[8,-92]],[[31486,29100],[20,-56]],[[31438,29128],[48,-28]],[[31409,29164],[29,-36]],[[31312,29209],[97,-45]],[[31312,29209],[4,57]],[[31291,29306],[25,-40]],[[31275,29367],[16,-61]],[[31275,29367],[11,19]],[[31283,29464],[3,-78]],[[31283,29464],[47,47]],[[31298,29560],[32,-49]],[[31255,29554],[43,6]],[[31231,29583],[24,-29]],[[31183,29613],[48,-30]],[[31099,29611],[84,2]],[[31099,29611],[12,68]],[[31111,29679],[25,39]],[[31134,29762],[2,-44]],[[31134,29762],[44,75]],[[31178,29837],[5,98]],[[31183,29935],[40,65]],[[31211,30032],[12,-32]],[[31211,30032],[24,63]],[[31194,30160],[41,-65]],[[31168,30254],[26,-94]],[[31168,30254],[10,71]],[[31178,30325],[34,66]],[[31212,30391],[13,150]],[[31220,30571],[5,-30]],[[31220,30571],[46,56]],[[31266,30627],[33,15]],[[31285,30677],[14,-35]],[[31285,30677],[17,80]],[[31302,30757],[32,45]],[[31324,30855],[10,-53]],[[31324,30855],[14,57]],[[31329,30996],[9,-84]],[[31302,31040],[27,-44]],[[31264,31052],[38,-12]],[[31187,31168],[77,-116]],[[31187,31168],[23,37]],[[31210,31205],[8,141]],[[31169,31417],[49,-71]],[[31115,31438],[54,-21]],[[31075,31498],[40,-60]],[[31047,31520],[28,-22]],[[30975,31631],[72,-111]],[[30970,31765],[5,-134]],[[30970,31765],[30,101]],[[31000,31866],[70,104]],[[31070,31970],[30,-1]],[[31100,31969],[78,53]],[[31178,32022],[96,1]],[[31274,32023],[105,110]],[[31379,32133],[5,46]],[[31323,32294],[61,-115]],[[31323,32294],[31,94]],[[31354,32388],[24,45]],[[31368,32502],[10,-69]],[[31368,32502],[78,90]],[[31446,32592],[59,-7]],[[31505,32585],[51,10]],[[31556,32595],[45,38]],[[31601,32633],[126,42]],[[31727,32675],[44,46]],[[31771,32721],[89,-40]],[[31860,32681],[72,42]],[[31932,32723],[90,8]],[[32022,32731],[28,-21]],[[32050,32710],[60,39]],[[32110,32749],[73,10]],[[32183,32759],[15,-30]],[[32184,32644],[14,85]],[[32184,32644],[95,-106]],[[32279,32538],[31,-60]],[[32310,32478],[69,-71]],[[32379,32407],[91,-53]],[[32470,32354],[14,-32]],[[32484,32322],[46,-14]],[[32530,32308],[41,-38]],[[32571,32270],[45,-18]],[[32616,32252],[23,-53]],[[32639,32199],[66,-55]],[[32705,32144],[49,19]],[[32754,32163],[50,-34]],[[32804,32129],[34,-44]],[[32817,32037],[21,48]],[[32817,32037],[3,-48]],[[32820,31989],[25,-26]],[[32845,31963],[4,-96]],[[32849,31867],[49,-42]],[[32898,31825],[78,-9]],[[32976,31816],[56,22]],[[33032,31838],[81,10]],[[33113,31848],[96,-46]],[[33209,31802],[74,-22]],[[33283,31780],[72,57]],[[33355,31837],[39,53]],[[33394,31890],[11,41]],[[33405,31931],[56,11]],[[33461,31942],[64,-16]],[[33525,31926],[73,-55]],[[33598,31871],[59,41]],[[33657,31912],[19,-27]],[[33676,31885],[77,8]],[[33753,31893],[29,-33]],[[33782,31860],[58,-11]],[[33840,31849],[85,-47]],[[33925,31802],[31,17]],[[33956,31819],[29,-39]],[[33985,31780],[118,-29]],[[34103,31751],[38,-38]],[[34141,31713],[20,-143]],[[34161,31570],[37,-67]],[[34198,31503],[90,-66]],[[34288,31437],[41,-43]],[[34329,31394],[23,-100]],[[34328,31230],[24,64]],[[34328,31230],[25,-50]],[[34353,31180],[47,-36]],[[34400,31144],[56,-107]],[[34456,31037],[4,-93]],[[34460,30944],[17,-69]],[[34477,30875],[53,-103]],[[34530,30772],[27,-24]],[[34557,30748],[88,106]],[[34645,30854],[54,-39]],[[34699,30815],[60,-92]],[[34759,30723],[24,-96]],[[34783,30627],[1,-80]],[[34784,30547],[60,-105]],[[34844,30442],[14,-68]],[[34858,30374],[48,-8]],[[34868,30342],[38,24]],[[34782,30338],[86,4]],[[34764,30367],[18,-29]],[[34664,30367],[100,0]],[[34602,30400],[62,-33]],[[34543,30417],[59,-17]],[[34526,30391],[17,26]],[[34526,30391],[3,-100]],[[34493,30240],[36,51]],[[34457,30220],[36,20]],[[34338,30039],[119,181]],[[34304,30008],[34,31]],[[34304,30008],[9,-38]],[[34313,29970],[53,-85]],[[34366,29885],[36,-23]],[[34396,29832],[6,30]],[[34396,29832],[8,-16]],[[34363,29721],[41,95]],[[34288,29655],[75,66]],[[34286,29611],[2,44]],[[34286,29611],[60,-61]],[[34346,29550],[46,-4]],[[34392,29546],[27,68]],[[34396,29631],[23,-17]],[[34391,29695],[5,-64]],[[34391,29695],[18,7]],[[34409,29702],[66,-26]],[[34475,29676],[75,-71]],[[34483,29536],[67,69]],[[34413,29542],[70,-6]],[[34394,29460],[19,82]],[[34394,29460],[33,-111]],[[34427,29349],[60,-18]],[[34487,29331],[76,-52]],[[34525,29232],[38,47]],[[34525,29232],[50,-65]],[[34573,29101],[2,66]],[[34559,29014],[14,87]],[[34526,28980],[33,34]],[[34521,28939],[5,41]],[[34521,28939],[30,-29]],[[34539,28874],[12,36]],[[34539,28874],[9,-80]],[[34542,28693],[6,101]],[[34542,28693],[23,-37]],[[34518,28572],[47,84]],[[34490,28496],[28,76]],[[34490,28496],[57,-121]],[[34547,28375],[54,-79]],[[34601,28296],[99,-114]],[[34700,28182],[42,-28]],[[34742,28154],[11,-54]],[[34753,28100],[29,-42]],[[34782,28058],[39,-12]],[[34821,28046],[36,-64]],[[34857,27982],[39,-36]],[[34896,27946],[10,-44]],[[34906,27902],[34,-54]],[[34940,27848],[61,13]],[[35001,27861],[70,-25]],[[35071,27836],[82,11]],[[35153,27847],[44,63]],[[35162,27985],[35,-75]],[[35162,27985],[2,31]],[[35131,28041],[33,-25]],[[35114,28089],[17,-48]],[[35056,28159],[58,-70]],[[35043,28209],[13,-50]],[[35043,28209],[34,41]],[[35077,28250],[12,56]],[[35089,28306],[79,44]],[[35168,28350],[27,-29]],[[35195,28321],[54,-5]],[[35249,28316],[92,19]],[[35341,28335],[100,-32]],[[35441,28303],[45,-34]],[[35486,28269],[41,35]],[[35527,28304],[85,-16]],[[13488,18837],[58,122]],[[13546,18959],[76,11]],[[13622,18970],[84,36]],[[13706,19006],[21,29]],[[13727,19035],[23,31]],[[13750,19066],[3,56]],[[13730,19216],[23,-94]],[[13730,19216],[11,70]],[[13728,19326],[13,-40]],[[13728,19326],[26,82]],[[13754,19408],[65,19]],[[13819,19427],[55,41]],[[13874,19468],[30,42]],[[13904,19510],[81,11]],[[13985,19521],[12,28]],[[13997,19549],[72,45]],[[14069,19594],[10,30]],[[14079,19624],[97,77]],[[14176,19701],[23,45]],[[14199,19746],[48,40]],[[14247,19786],[20,60]],[[14240,19953],[27,-107]],[[14222,19962],[18,-9]],[[14159,20055],[63,-93]],[[14099,20043],[60,12]],[[14056,19977],[43,66]],[[13990,19926],[66,51]],[[13948,19906],[42,20]],[[13904,19908],[44,-2]],[[13816,19936],[88,-28]],[[13816,19936],[10,56]],[[13800,20009],[26,-17]],[[13761,20079],[39,-70]],[[13761,20079],[50,34]],[[13811,20113],[0,87]],[[13793,20293],[18,-93]],[[13793,20293],[14,69]],[[13798,20392],[9,-30]],[[13750,20360],[48,32]],[[13698,20387],[52,-27]],[[13698,20387],[1,96]],[[13634,20479],[65,4]],[[13583,20505],[51,-26]],[[13545,20555],[38,-50]],[[13479,20543],[66,12]],[[13454,20572],[25,-29]],[[13389,20544],[65,28]],[[13337,20600],[52,-56]],[[13337,20600],[6,55]],[[13330,20679],[13,-24]],[[13269,20727],[61,-48]],[[13256,20776],[13,-49]],[[13217,20829],[39,-53]],[[13186,20834],[31,-5]],[[13127,20811],[59,23]],[[13122,20824],[5,-13]],[[13122,20824],[46,25]],[[13168,20849],[77,90]],[[13245,20939],[87,30]],[[13332,20969],[56,58]],[[13388,21027],[7,143]],[[13395,21170],[47,80]],[[13433,21315],[9,-65]],[[13403,21344],[30,-29]],[[13349,21364],[54,-20]],[[13337,21399],[12,-35]],[[13271,21465],[66,-66]],[[13202,21504],[69,-39]],[[13200,21534],[2,-30]],[[13103,21601],[97,-67]],[[13054,21607],[49,-6]],[[13028,21629],[26,-22]],[[20787,16990],[0,52]],[[20764,16935],[23,55]],[[20764,16935],[15,-67]],[[20726,16775],[53,93]],[[20708,16681],[18,94]],[[20657,16629],[51,52]],[[20655,16591],[2,38]],[[20655,16591],[61,-27]],[[20716,16564],[36,1]],[[20752,16565],[15,-58]],[[20742,16481],[25,26]],[[20742,16481],[7,-105]],[[20749,16376],[31,-80]],[[20780,16296],[26,-41]],[[20806,16255],[8,-50]],[[20806,16155],[8,50]],[[20741,16124],[65,31]],[[20712,16085],[29,39]],[[20712,16085],[4,-113]],[[20716,15972],[30,-37]],[[44156,7967],[41,288]],[[43952,7999],[204,-32]],[[43949,7975],[3,24]],[[43793,8001],[156,-26]],[[43793,8001],[18,130]],[[43671,8153],[140,-22]],[[43640,7996],[31,157]],[[43422,8035],[218,-39]],[[43422,8035],[21,128]],[[43399,8171],[44,-8]],[[43399,8171],[8,46]],[[43284,8240],[123,-23]],[[43260,8115],[24,125]],[[43260,8115],[53,-10]],[[43287,7947],[26,158]],[[43167,7973],[120,-26]],[[43167,7973],[9,49]],[[42962,8088],[214,-66]],[[42873,8104],[89,-16]],[[42846,7940],[27,164]],[[42675,7952],[171,-12]],[[42572,7959],[103,-7]],[[42573,8175],[-1,-216]],[[42265,8175],[308,0]],[[42023,8176],[242,-1]],[[42024,8362],[-1,-186]],[[41831,8362],[193,0]],[[41632,8318],[199,44]],[[41332,8242],[300,76]],[[41332,8242],[30,66]],[[41262,8353],[100,-45]],[[41225,8257],[37,96]],[[41140,8281],[85,-24]],[[41034,8241],[106,40]],[[41030,8273],[4,-32]],[[41030,8273],[37,49]],[[41018,8336],[49,-14]],[[40941,8349],[77,-13]],[[40900,8202],[41,147]],[[40820,8302],[80,-100]],[[40785,8233],[35,69]],[[40731,8197],[54,36]],[[40568,8259],[163,-62]],[[40568,8259],[18,47]],[[40586,8306],[39,-13]],[[40625,8293],[48,187]],[[40543,8525],[130,-45]],[[40506,8555],[37,-30]],[[40469,8354],[37,201]],[[40436,8364],[33,-10]],[[40272,8442],[164,-78]],[[40272,8442],[21,196]],[[40159,8652],[134,-14]],[[40117,8647],[42,5]],[[40011,8669],[106,-22]],[[40011,8669],[12,26]],[[39964,8762],[59,-67]],[[39964,8762],[18,19]],[[39982,8781],[48,152]],[[39912,8974],[118,-41]],[[39852,8828],[60,146]],[[39729,8471],[123,357]],[[39729,8471],[57,-43]],[[39765,8387],[21,41]],[[39660,8476],[105,-89]],[[39636,8478],[24,-2]],[[39598,8421],[38,57]],[[39598,8421],[34,-46]],[[39612,8340],[20,35]],[[39559,8391],[53,-51]],[[39531,8394],[28,-3]],[[39518,8341],[13,53]],[[39518,8341],[56,-40]],[[39492,8235],[82,66]],[[39451,8197],[41,38]],[[39434,8210],[17,-13]],[[39434,8210],[69,98]],[[39430,8318],[73,-10]],[[39276,8340],[154,-22]],[[39216,8408],[60,-68]],[[39041,8612],[175,-204]],[[38963,8662],[78,-50]],[[38932,8605],[31,57]],[[38911,8634],[21,-29]],[[38831,8669],[80,-35]],[[38831,8669],[30,84]],[[38758,8799],[103,-46]],[[38717,8730],[41,69]],[[38675,8680],[42,50]],[[38573,8704],[102,-24]],[[38542,8649],[31,55]],[[38504,8543],[38,106]],[[38504,8543],[58,3]],[[38562,8546],[83,-15]],[[38645,8531],[6,-37]],[[38515,8361],[136,133]],[[38438,8294],[77,67]],[[38380,8323],[58,-29]],[[38361,8295],[19,28]],[[48235,6662],[109,-34]],[[48123,6707],[112,-45]],[[47332,6994],[791,-287]],[[47266,6907],[66,87]],[[47247,6850],[19,57]],[[47236,6771],[11,79]],[[47205,6693],[31,78]],[[47135,6610],[70,83]],[[47072,6572],[63,38]],[[47009,6639],[63,-67]],[[46986,6611],[23,28]],[[46921,6765],[65,-154]],[[46851,6712],[70,53]],[[46813,6665],[38,47]],[[46755,6697],[58,-32]],[[46668,6826],[87,-129]],[[46668,6826],[48,38]],[[46661,6946],[55,-82]],[[46650,7011],[11,-65]],[[46650,7011],[151,118]],[[46775,7153],[26,-24]],[[46665,7153],[110,0]],[[46655,7226],[10,-73]],[[46575,7234],[80,-8]],[[46563,7251],[12,-17]],[[46563,7251],[3,83]],[[46528,7354],[38,-20]],[[46080,7369],[448,-15]],[[46080,7369],[2,38]],[[46082,7407],[30,194]],[[46075,7605],[37,-4]],[[46044,7644],[31,-39]],[[46044,7644],[6,130]],[[45982,7778],[68,-4]],[[45982,7778],[4,49]],[[45832,7835],[154,-8]],[[45828,7799],[4,36]],[[45556,7800],[272,-1]],[[45567,8639],[-11,-839]],[[45434,8662],[133,-23]],[[45408,8666],[26,-4]],[[45408,8666],[-5,-183]],[[45276,8498],[127,-15]],[[45254,8309],[22,189]],[[45234,8070],[20,239]],[[45133,8065],[101,5]],[[45133,8065],[0,-28]],[[45036,8040],[97,-3]],[[44645,8050],[391,-10]],[[44610,8071],[35,-21]],[[44423,8061],[187,10]],[[44423,8061],[10,89]],[[44306,8152],[127,-2]],[[44306,8152],[3,94]],[[44197,8255],[112,-9]],[[38354,8336],[7,-41]],[[38263,8383],[91,-47]],[[38214,8450],[49,-67]],[[38190,8452],[24,-2]],[[38055,8343],[135,109]],[[37991,8433],[64,-90]],[[37906,8549],[85,-116]],[[37878,8523],[28,26]],[[37869,8532],[9,-9]],[[37869,8532],[119,155]],[[37988,8687],[31,-29]],[[38019,8658],[25,35]],[[38015,8717],[29,-24]],[[38015,8717],[131,160]],[[38090,8929],[56,-52]],[[38090,8929],[178,187]],[[38242,9241],[26,-125]],[[38109,9206],[133,35]],[[38061,9386],[48,-180]],[[38007,9395],[54,-9]],[[38007,9395],[4,101]],[[37978,9571],[33,-75]],[[37931,9654],[47,-83]],[[37839,9717],[92,-63]],[[37839,9717],[57,103]],[[37896,9820],[30,-26]],[[37926,9794],[44,34]],[[37970,9828],[40,-6]],[[38010,9822],[64,97]],[[38021,9952],[53,-33]],[[38021,9952],[4,32]],[[38025,9984],[74,138]],[[38082,10126],[17,-4]],[[37932,10218],[150,-92]],[[37932,10218],[8,8]],[[37648,10567],[292,-341]],[[37648,10567],[31,56]],[[37679,10623],[49,19]],[[37728,10642],[46,127]],[[37774,10769],[27,-2]],[[37772,10717],[29,50]],[[37772,10717],[88,5]],[[37860,10722],[33,44]],[[37893,10766],[9,-73]],[[37902,10693],[37,12]],[[37939,10705],[41,-19]],[[37980,10686],[46,-11]],[[38022,10639],[4,36]],[[37987,10593],[35,46]],[[37987,10593],[18,-38]],[[38005,10555],[41,31]],[[38046,10586],[10,-41]],[[38056,10545],[40,-49]],[[38096,10496],[72,5]],[[38168,10501],[55,42]],[[38223,10543],[102,129]],[[38325,10672],[267,281]],[[38592,10953],[251,-185]],[[38843,10768],[67,62]],[[38910,10830],[20,-8]],[[38930,10822],[164,227]],[[39065,11060],[29,-11]],[[39042,11100],[23,-40]],[[39042,11100],[274,134]],[[39316,11234],[98,62]],[[39414,11296],[128,80]],[[41571,31399],[8,-14]],[[41440,31337],[131,62]],[[41393,31327],[47,10]],[[41366,31361],[27,-34]],[[41307,31490],[59,-129]],[[41230,31449],[77,41]],[[41205,31495],[25,-46]],[[41205,31495],[3,16]],[[41208,31511],[78,34]],[[41241,31600],[45,-55]],[[41156,31554],[85,46]],[[41050,31513],[106,41]],[[40965,31465],[85,48]],[[40956,31413],[9,52]],[[40876,31457],[80,-44]],[[40855,31540],[21,-83]],[[40855,31540],[28,9]],[[40841,31662],[42,-113]],[[40738,31767],[103,-105]],[[40726,31763],[12,4]],[[40722,31743],[4,20]],[[40502,31969],[220,-226]],[[40447,31953],[55,16]],[[40390,31936],[57,17]],[[40289,31852],[101,84]],[[40200,31935],[89,-83]],[[40180,31916],[20,19]],[[40104,31997],[76,-81]],[[40023,32103],[81,-106]],[[39796,31942],[227,161]],[[39734,31919],[62,23]],[[39647,32005],[87,-86]],[[39598,32077],[49,-72]],[[39598,32077],[10,27]],[[39602,32201],[6,-97]],[[39602,32201],[11,54]],[[39613,32255],[34,31]],[[39593,32317],[54,-31]],[[39567,32361],[26,-44]],[[39567,32361],[17,25]],[[39560,32432],[24,-46]],[[39508,32487],[52,-55]],[[39508,32487],[13,31]],[[39521,32518],[36,14]],[[39520,32648],[37,-116]],[[39520,32648],[20,47]],[[39540,32695],[53,36]],[[39593,32731],[13,28]],[[39559,32847],[47,-88]],[[39559,32847],[6,33]],[[39532,32897],[33,-17]],[[39468,32889],[64,8]],[[39468,32889],[32,47]],[[39467,32951],[33,-15]],[[39423,33010],[44,-59]],[[39346,33078],[77,-68]],[[39308,33138],[38,-60]],[[39298,33216],[10,-78]],[[39265,33262],[33,-46]],[[39240,33268],[25,-6]],[[39171,33326],[69,-58]],[[39134,33378],[37,-52]],[[39093,33384],[41,-6]],[[39077,33420],[16,-36]],[[39032,33446],[45,-26]],[[38932,33567],[100,-121]],[[43207,30039],[56,-50]],[[43207,30039],[30,29]],[[43237,30068],[4,40]],[[43212,30144],[29,-36]],[[43212,30144],[7,38]],[[43145,30250],[74,-68]],[[43132,30299],[13,-49]],[[43093,30359],[39,-60]],[[42987,30437],[106,-78]],[[42877,30546],[110,-109]],[[42800,30585],[77,-39]],[[42761,30617],[39,-32]],[[42761,30617],[75,117]],[[42836,30734],[87,-48]],[[42923,30686],[21,43]],[[42944,30729],[90,91]],[[43034,30820],[41,26]],[[43075,30846],[6,92]],[[43081,30938],[44,30]],[[43125,30968],[54,-7]],[[43179,30961],[10,-48]],[[43189,30913],[47,-45]],[[43236,30868],[39,42]],[[43275,30910],[19,-40]],[[43294,30870],[60,-40]],[[43354,30830],[58,17]],[[43412,30847],[28,36]],[[43440,30883],[4,63]],[[43444,30946],[23,33]],[[43467,30979],[51,22]],[[43484,31044],[34,-43]],[[43484,31044],[13,132]],[[43423,31225],[74,-49]],[[43370,31225],[53,0]],[[43289,31321],[81,-96]],[[43257,31317],[32,4]],[[43203,31343],[54,-26]],[[43164,31345],[39,-2]],[[43149,31385],[15,-40]],[[43105,31442],[44,-57]],[[43105,31442],[39,43]],[[43144,31485],[13,52]],[[43144,31629],[13,-92]],[[43058,31737],[86,-108]],[[42977,31825],[81,-88]],[[42973,31830],[4,-5]],[[42918,31822],[55,8]],[[42867,31846],[51,-24]],[[42748,31886],[119,-40]],[[42693,31884],[55,2]],[[42609,31915],[84,-31]],[[42540,31875],[69,40]],[[42472,31879],[68,-4]],[[42452,31864],[20,15]],[[42378,31850],[74,14]],[[42378,31850],[2,-84]],[[42327,31653],[53,113]],[[42289,31666],[38,-13]],[[42276,31620],[13,46]],[[42237,31580],[39,40]],[[42209,31590],[28,-10]],[[42158,31536],[51,54]],[[42158,31536],[64,-7]],[[42192,31415],[30,114]],[[42150,31405],[42,10]],[[42141,31377],[9,28]],[[42085,31396],[56,-19]],[[42052,31434],[33,-38]],[[42018,31434],[34,0]],[[41969,31539],[49,-105]],[[41969,31539],[15,8]],[[41935,31708],[49,-161]],[[41897,31799],[38,-91]],[[41820,31780],[77,19]],[[41814,31726],[6,54]],[[41814,31726],[10,-90]],[[41748,31623],[76,13]],[[41748,31623],[3,-140]],[[41674,31444],[77,39]],[[41645,31464],[29,-20]],[[41578,31415],[67,49]],[[41578,31415],[1,-30]],[[38932,33567],[254,274]],[[39186,33841],[58,-57]],[[39244,33784],[76,14]],[[39320,33798],[26,88]],[[39284,33940],[62,-54]],[[39280,33965],[4,-25]],[[39210,33909],[70,56]],[[39210,33909],[4,54]],[[39196,33993],[18,-30]],[[39141,33968],[55,25]],[[39025,34161],[116,-193]],[[39017,34196],[8,-35]],[[38966,34165],[51,31]],[[38952,34151],[14,14]],[[38896,34290],[56,-139]],[[38855,34311],[41,-21]],[[38855,34311],[41,38]],[[38876,34395],[20,-46]],[[38876,34395],[38,35]],[[38914,34430],[12,62]],[[38903,34555],[23,-63]],[[38851,34600],[52,-45]],[[38840,34675],[11,-75]],[[38840,34675],[53,19]],[[38893,34694],[162,94]],[[39050,34745],[5,43]],[[39050,34745],[33,-56]],[[39083,34689],[6,-37]],[[39089,34652],[33,-7]],[[39122,34645],[204,3]],[[39323,34530],[3,118]],[[39323,34530],[180,-84]],[[39503,34446],[44,-60]],[[39547,34386],[20,-51]],[[39567,34335],[115,-1]],[[39682,34334],[31,21]],[[39713,34355],[294,32]],[[40007,34387],[22,24]],[[40005,34453],[24,-42]],[[39957,34417],[48,36]],[[39904,34443],[53,-26]],[[39904,34443],[21,36]],[[39925,34479],[65,14]],[[39985,34552],[5,-59]],[[39906,34654],[79,-102]],[[39781,34734],[125,-80]],[[39781,34734],[27,24]],[[39808,34758],[117,38]],[[39925,34796],[115,77]],[[40040,34873],[36,-39]],[[40069,34783],[7,51]],[[40069,34783],[37,-30]],[[40106,34753],[21,58]],[[40127,34811],[33,44]],[[40139,34927],[21,-72]],[[40092,34965],[47,-38]],[[40069,35008],[23,-43]],[[40055,35077],[14,-69]],[[40008,35111],[47,-34]],[[40008,35270],[0,-159]],[[40008,35270],[43,53]],[[40051,35323],[48,10]],[[40099,35333],[35,72]],[[44441,36487],[83,-61]],[[44524,36426],[40,-3]],[[44564,36423],[85,15]],[[44649,36438],[24,-33]],[[44599,36320],[74,85]],[[44599,36320],[31,-77]],[[44630,36243],[70,-9]],[[44645,36173],[55,61]],[[44645,36173],[7,-21]],[[44652,36152],[71,-19]],[[44695,36063],[28,70]],[[44695,36063],[47,-24]],[[44742,36039],[29,-47]],[[44771,35992],[54,14]],[[44825,36006],[18,-32]],[[44783,35959],[60,15]],[[44783,35959],[38,-97]],[[44821,35862],[45,25]],[[44841,35808],[25,79]],[[44834,35736],[7,72]],[[44834,35736],[20,-33]],[[44854,35703],[61,-40]],[[44915,35663],[2,-56]],[[44917,35607],[27,-32]],[[44944,35575],[28,-49]],[[44972,35526],[94,34]],[[45066,35560],[-1,-43]],[[45065,35517],[24,-42]],[[45089,35475],[55,-11]],[[45144,35464],[19,50]],[[45163,35514],[45,67]],[[45208,35581],[17,-26]],[[45198,35516],[27,39]],[[45195,35450],[3,66]],[[45195,35450],[32,-21]],[[45227,35429],[24,72]],[[45251,35501],[74,-39]],[[45325,35462],[18,40]],[[45313,35522],[30,-20]],[[45313,35522],[32,41]],[[45345,35563],[28,-16]],[[45373,35547],[10,-85]],[[45383,35462],[21,-33]],[[45404,35429],[59,-32]],[[45463,35397],[14,-49]],[[45477,35348],[43,-25]],[[45520,35323],[31,24]],[[45551,35347],[24,-26]],[[45575,35321],[5,-46]],[[45547,35194],[33,81]],[[45477,35179],[70,15]],[[45477,35179],[17,-93]],[[45446,35048],[48,38]],[[45446,35048],[19,-62]],[[45465,34986],[61,-35]],[[45526,34951],[25,28]],[[45551,34979],[31,-90]],[[45579,34850],[3,39]],[[45579,34850],[26,-34]],[[45605,34816],[40,3]],[[45634,34744],[11,75]],[[45557,34705],[77,39]],[[45543,34623],[14,82]],[[45543,34623],[9,-89]],[[45552,34534],[28,-83]],[[45580,34451],[48,4]],[[45628,34455],[48,-33]],[[45676,34422],[47,38]],[[45723,34460],[27,-20]],[[45731,34337],[19,103]],[[45709,34272],[22,65]],[[45709,34272],[28,-18]],[[45737,34254],[43,25]],[[45772,34211],[8,68]],[[45772,34211],[19,-32]],[[45791,34179],[43,0]],[[45726,34093],[108,86]],[[45711,34122],[15,-29]],[[45661,34120],[50,2]],[[45646,34074],[15,46]],[[45646,34074],[54,8]],[[45696,34031],[4,51]],[[45696,34031],[28,-43]],[[45724,33988],[31,12]],[[45739,34045],[16,-45]],[[45739,34045],[26,40]],[[45765,34085],[32,1]],[[45797,34086],[10,-50]],[[45807,34036],[37,-31]],[[45844,34005],[37,59]],[[45881,34064],[29,-63]],[[45910,34001],[6,-82]],[[45916,33919],[64,-2]],[[45949,33872],[31,45]],[[45949,33872],[6,-24]],[[45955,33848],[91,-18]],[[46039,33895],[7,-65]],[[46039,33895],[89,3]],[[46128,33898],[33,-35]],[[46161,33863],[13,-29]],[[46174,33834],[43,5]],[[46217,33839],[51,-40]],[[46259,33711],[9,88]],[[46259,33711],[34,-13]],[[46293,33698],[25,54]],[[46318,33752],[82,-23]],[[46384,33814],[16,-85]],[[46384,33814],[34,13]],[[46418,33827],[74,-61]],[[46492,33766],[41,19]],[[46533,33785],[36,-28]],[[46569,33757],[33,-69]],[[46602,33688],[10,-88]],[[46612,33600],[54,12]],[[46642,33504],[24,108]],[[46642,33504],[82,-53]],[[46719,33421],[5,30]],[[46667,33441],[52,-20]],[[46628,33430],[39,11]],[[46628,33430],[13,-50]],[[46641,33380],[49,33]],[[46690,33413],[33,-50]],[[46690,33332],[33,31]],[[46645,33325],[45,7]],[[46645,33325],[6,-35]],[[46651,33290],[22,-28]],[[46673,33262],[60,-7]],[[46703,33211],[30,44]],[[46703,33211],[15,-29]],[[46718,33182],[104,15]],[[46822,33197],[12,-27]],[[46802,33102],[32,68]],[[46802,33102],[67,-2]],[[46869,33100],[36,-28]],[[46900,33040],[5,32]],[[46863,32998],[37,42]],[[46863,32998],[68,-30]],[[46911,32928],[20,40]],[[46903,32831],[8,97]],[[46903,32831],[13,-23]],[[46916,32808],[94,-17]],[[46982,32736],[28,55]],[[46965,32666],[17,70]],[[46965,32666],[8,-40]],[[46973,32626],[82,-60]],[[47011,32522],[44,44]],[[46999,32471],[12,51]],[[46928,32484],[71,-13]],[[46890,32446],[38,38]],[[46890,32446],[21,-27]],[[46911,32419],[50,23]],[[46961,32442],[27,-44]],[[46974,32369],[14,29]],[[46889,32400],[85,-31]],[[46889,32400],[2,-37]],[[46891,32363],[123,-28]],[[47014,32335],[78,3]],[[47092,32338],[103,-47]],[[47195,32291],[60,24]],[[47255,32315],[56,-70]],[[47290,32200],[21,45]],[[47265,32199],[25,1]],[[47252,32255],[13,-56]],[[47230,32265],[22,-10]],[[47200,32218],[30,47]],[[47152,32185],[48,33]],[[47152,32185],[42,-52]],[[47194,32133],[144,-27]],[[47327,32061],[11,45]],[[47327,32061],[42,-42]],[[47369,32019],[23,46]],[[47392,32065],[63,-3]],[[47451,32018],[4,44]],[[47451,32018],[61,-43]],[[47489,31906],[23,69]],[[47489,31906],[58,-7]],[[47547,31899],[32,-44]],[[47579,31855],[14,-100]],[[47593,31755],[52,22]],[[47645,31777],[67,-89]],[[47712,31688],[42,6]],[[47754,31694],[55,-53]],[[47809,31641],[33,1]],[[47842,31642],[125,-37]],[[47887,31535],[80,70]],[[47887,31535],[89,-72]],[[47976,31463],[68,18]],[[48044,31481],[42,-19]],[[48086,31462],[10,-46]],[[48096,31416],[58,-29]],[[48154,31387],[21,34]],[[48175,31421],[36,-39]],[[48201,31346],[10,36]],[[48201,31346],[131,-60]],[[48332,31286],[55,11]],[[48387,31297],[28,53]],[[48415,31350],[61,-24]],[[48476,31326],[12,-59]],[[48488,31267],[51,28]],[[48539,31295],[32,-81]],[[48501,31247],[70,-33]],[[48465,31229],[36,18]],[[48439,31170],[26,59]],[[48439,31170],[46,8]],[[48485,31178],[19,-57]],[[48504,31121],[40,-36]],[[48544,31085],[75,-36]],[[48619,31049],[84,-53]],[[48703,30996],[46,-20]],[[48721,30935],[28,41]],[[48721,30935],[42,-4]],[[48763,30931],[68,-51]],[[48831,30880],[2,-27]],[[48773,30823],[60,30]],[[48773,30823],[0,-63]],[[48724,30733],[49,27]],[[48724,30733],[48,-65]],[[48772,30668],[44,5]],[[48799,30620],[17,53]],[[48799,30620],[50,-21]],[[48838,30533],[11,66]],[[48761,30464],[77,69]],[[48761,30464],[101,-8]],[[48853,30398],[9,58]],[[48853,30398],[85,-43]],[[48873,30237],[65,118]],[[48849,30248],[24,-11]],[[48778,30220],[71,28]],[[48755,30186],[23,34]],[[48755,30186],[15,-63]],[[48770,30123],[52,-8]],[[48822,30115],[22,-34]],[[48844,30081],[31,33]],[[48875,30114],[30,-57]],[[48905,30057],[43,14]],[[48936,29988],[12,83]],[[48936,29988],[37,-29]],[[48918,29908],[55,51]],[[48871,29909],[47,-1]],[[48853,29873],[18,36]],[[48853,29873],[75,1]],[[48904,29839],[24,35]],[[48904,29839],[46,-49]],[[48950,29790],[53,-33]],[[48954,29665],[49,92]],[[48951,29577],[3,88]],[[48875,29607],[76,-30]],[[48811,29673],[64,-66]],[[48758,29647],[53,26]],[[48674,29711],[84,-64]],[[48660,29698],[14,13]],[[48610,29666],[50,32]],[[48577,29697],[33,-31]],[[48511,29636],[66,61]],[[48453,29608],[58,28]],[[48391,29574],[62,34]],[[48372,29539],[19,35]],[[48329,29542],[43,-3]],[[48288,29595],[41,-53]],[[48175,29585],[113,10]],[[48161,29640],[14,-55]],[[48126,29700],[35,-60]],[[48108,29762],[18,-62]],[[48039,29765],[69,-3]],[[47963,29755],[76,10]],[[47874,29739],[89,16]],[[47840,29827],[34,-88]],[[47789,29842],[51,-15]],[[47772,29793],[17,49]],[[47772,29793],[22,-53]],[[47794,29740],[55,-56]],[[47849,29684],[15,-42]],[[47818,29637],[46,5]],[[47788,29598],[30,39]],[[47788,29598],[81,-20]],[[47832,29529],[37,49]],[[47832,29529],[53,-90]],[[47790,29410],[95,29]],[[47783,29444],[7,-34]],[[47733,29434],[50,10]],[[47717,29407],[16,27]],[[47717,29407],[17,-63]],[[47667,29285],[67,59]],[[47626,29319],[41,-34]],[[47582,29298],[44,21]],[[47539,29358],[43,-60]],[[47539,29358],[42,25]],[[47572,29432],[9,-49]],[[47545,29480],[27,-48]],[[47545,29480],[18,15]],[[47559,29550],[4,-55]],[[47516,29634],[43,-84]],[[47489,29631],[27,3]],[[47489,29631],[39,-92]],[[47524,29451],[4,88]],[[47469,29510],[55,-59]],[[47423,29596],[46,-86]],[[47415,29697],[8,-101]],[[47415,29697],[15,78]],[[47406,29746],[24,29]],[[47374,29788],[32,-42]],[[47323,29793],[51,-5]],[[47286,29829],[37,-36]],[[47215,29827],[71,2]],[[47175,29773],[40,54]],[[47175,29773],[-1,-50]],[[47121,29728],[53,-5]],[[46970,29785],[151,-57]],[[46970,29785],[48,69]],[[47018,29854],[16,93]],[[47034,29947],[32,4]],[[47066,29951],[11,54]],[[47045,30100],[32,-95]],[[47045,30100],[10,56]],[[47054,30317],[1,-161]],[[47054,30317],[42,55]],[[47060,30447],[36,-75]],[[47040,30408],[20,39]],[[46963,30403],[77,5]],[[46934,30434],[29,-31]],[[46929,30538],[5,-104]],[[46910,30578],[19,-40]],[[46872,30598],[38,-20]],[[46806,30584],[66,14]],[[46797,30504],[9,80]],[[46797,30504],[6,-58]],[[46803,30446],[41,-67]],[[46844,30379],[7,-87]],[[46851,30292],[39,-102]],[[46880,30132],[10,58]],[[46880,30132],[13,-54]],[[46893,30078],[37,-56]],[[46930,30022],[7,-107]],[[46879,29950],[58,-35]],[[46843,29956],[36,-6]],[[46792,29933],[51,23]],[[46715,30058],[77,-125]],[[46699,30098],[16,-40]],[[46643,30173],[56,-75]],[[46610,30279],[33,-106]],[[46571,30355],[39,-76]],[[46519,30335],[52,20]],[[46459,30448],[60,-113]],[[46431,30437],[28,11]],[[46399,30519],[32,-82]],[[46326,30492],[73,27]],[[46288,30605],[38,-113]],[[46260,30659],[28,-54]],[[46219,30690],[41,-31]],[[46152,30766],[67,-76]],[[46092,30850],[60,-84]],[[45987,30854],[105,-4]],[[45942,30915],[45,-61]],[[45941,30945],[1,-30]],[[45873,30993],[68,-48]],[[45856,30950],[17,43]],[[45796,30800],[60,150]],[[45781,30677],[15,123]],[[45781,30677],[65,-66]],[[45791,30569],[55,42]],[[45791,30569],[62,-51]],[[45835,30418],[18,100]],[[45835,30418],[10,-41]],[[45845,30377],[85,-22]],[[45930,30355],[7,-34]],[[45937,30321],[43,-55]],[[45973,30197],[7,69]],[[45973,30197],[32,-28]],[[46005,30169],[12,-40]],[[46011,30110],[6,19]],[[45940,30121],[71,-11]],[[45935,30095],[5,26]],[[45881,30081],[54,14]],[[45786,30090],[95,-9]],[[45778,30025],[8,65]],[[45724,30019],[54,6]],[[45724,30019],[15,-32]],[[45684,29972],[55,15]],[[45646,29946],[38,26]],[[45645,30049],[1,-103]],[[45561,30049],[84,0]],[[45544,29944],[17,105]],[[45517,30014],[27,-70]],[[45499,30098],[18,-84]],[[45467,30174],[32,-76]],[[45432,30219],[35,-45]],[[45413,30282],[19,-63]],[[45336,30253],[77,29]],[[45302,30295],[34,-42]],[[45243,30284],[59,11]],[[45243,30284],[23,-69]],[[45266,30215],[1,-148]],[[45267,30067],[57,-81]],[[45217,29923],[107,63]],[[45072,29937],[145,-14]],[[45034,29922],[38,15]],[[45034,29922],[19,-50]],[[44969,29851],[84,21]],[[44942,29886],[27,-35]],[[44878,29858],[64,28]],[[44856,29835],[22,23]],[[44836,29869],[20,-34]],[[44787,29834],[49,35]],[[44648,29806],[139,28]],[[44628,29856],[20,-50]],[[44602,29917],[26,-61]],[[44508,29929],[94,-12]],[[44473,30017],[35,-88]],[[44473,30017],[25,26]],[[44484,30088],[14,-45]],[[44351,30050],[133,38]],[[44314,30070],[37,-20]],[[44274,29992],[40,78]],[[44190,29980],[84,12]],[[44181,29937],[9,43]],[[44108,29915],[73,22]],[[44098,29854],[10,61]],[[44010,29849],[88,5]],[[44008,29822],[2,27]],[[43941,29811],[67,11]],[[43920,29863],[21,-52]],[[43840,29851],[80,12]],[[43776,29930],[64,-79]],[[43735,29889],[41,41]],[[43682,29885],[53,4]],[[43567,29853],[115,32]],[[43561,29898],[6,-45]],[[43495,29895],[66,3]],[[43493,29876],[2,19]],[[43412,29857],[81,19]],[[43393,29949],[19,-92]],[[43364,29941],[29,8]],[[43337,29935],[27,6]],[[43263,29989],[74,-54]],[[35932,6188],[29,-13]],[[35860,6209],[72,-21]],[[35830,6268],[30,-59]],[[35778,6251],[52,17]],[[35739,6175],[39,76]],[[35622,5967],[117,208]],[[35622,5967],[5,47]],[[35627,6014],[88,169]],[[35715,6183],[61,127]],[[35740,6332],[36,-22]],[[35734,6391],[6,-59]],[[35721,6414],[13,-23]],[[35660,6439],[61,-25]],[[35623,6469],[37,-30]],[[35608,6509],[15,-40]],[[35566,6481],[42,28]],[[35566,6481],[15,-43]],[[35531,6400],[50,38]],[[35463,6409],[68,-9]],[[35450,6451],[13,-42]],[[35450,6451],[26,37]],[[35471,6510],[5,-22]],[[35422,6521],[49,-11]],[[35347,6589],[75,-68]],[[35296,6584],[51,5]],[[35235,6548],[61,36]],[[35210,6547],[25,1]],[[35131,6641],[79,-94]],[[35124,6664],[7,-23]],[[35076,6695],[48,-31]],[[35076,6695],[19,69]],[[35080,6791],[15,-27]],[[35040,6783],[40,8]],[[34995,6767],[45,16]],[[34956,6785],[39,-18]],[[34953,6859],[3,-74]],[[34876,6924],[77,-65]],[[34869,6982],[7,-58]],[[34869,6982],[13,67]],[[34869,7068],[13,-19]],[[34829,7044],[40,24]],[[34754,7090],[75,-46]],[[34703,7080],[51,10]],[[34678,7103],[25,-23]],[[34672,7158],[6,-55]],[[34672,7158],[42,45]],[[34714,7203],[96,40]],[[34810,7243],[45,43]],[[34855,7286],[99,60]],[[34929,7393],[25,-47]],[[34820,7457],[109,-64]],[[34820,7457],[11,24]],[[34831,7481],[92,90]],[[34923,7571],[1,17]],[[34847,7609],[77,-21]],[[34847,7609],[16,32]],[[34855,7787],[8,-146]],[[34842,7814],[13,-27]],[[34788,7815],[54,-1]],[[34788,7815],[85,117]],[[34873,7932],[50,-25]],[[34923,7907],[38,-53]],[[34938,7810],[23,44]],[[34935,7763],[3,47]],[[34935,7763],[27,-48]],[[34962,7715],[46,-8]],[[35008,7707],[8,36]],[[35016,7743],[128,-81]],[[35144,7662],[71,172]],[[35210,7902],[5,-68]],[[35186,7929],[24,-27]],[[35116,7962],[70,-33]],[[35116,7962],[44,67]],[[35160,8029],[112,217]],[[35131,8403],[141,-157]],[[35086,8472],[45,-69]],[[37360,6177],[27,35]],[[37321,6210],[39,-33]],[[37215,6072],[106,138]],[[37100,5920],[115,152]],[[37068,5989],[32,-69]],[[37043,5978],[25,11]],[[36956,5818],[87,160]],[[36956,5818],[30,-33]],[[36952,5720],[34,65]],[[36864,5775],[88,-55]],[[36845,5802],[19,-27]],[[36775,5669],[70,133]],[[36766,5702],[9,-33]],[[36731,5707],[35,-5]],[[36692,5687],[39,20]],[[36673,5656],[19,31]],[[36628,5674],[45,-18]],[[36537,5743],[91,-69]],[[36427,5772],[110,-29]],[[36329,5850],[98,-78]],[[36305,5944],[24,-94]],[[36255,5966],[50,-22]],[[36162,5957],[93,9]],[[36123,5970],[39,-13]],[[36068,6019],[55,-49]],[[35961,6175],[107,-156]],[[35573,10124],[11,-95]],[[35573,10124],[25,66]],[[35574,10231],[24,-41]],[[35545,10232],[29,-1]],[[35521,10296],[24,-64]],[[35521,10296],[17,19]],[[35523,10379],[15,-64]],[[35523,10379],[40,10]],[[35563,10389],[14,-24]],[[35555,10327],[22,38]],[[35555,10327],[0,-44]],[[35555,10283],[54,-13]],[[35609,10270],[15,38]],[[35624,10308],[87,26]],[[35711,10334],[29,-19]],[[35740,10315],[27,-57]],[[35767,10258],[65,52]],[[35832,10310],[47,9]],[[35879,10319],[38,26]],[[35917,10345],[61,-36]],[[35978,10309],[40,22]],[[36018,10331],[56,-9]],[[36060,10256],[14,66]],[[36060,10256],[30,1]],[[36090,10257],[52,37]],[[36142,10294],[19,32]],[[36148,10379],[13,-53]],[[36148,10379],[61,27]],[[36209,10406],[27,-18]],[[36236,10388],[13,-40]],[[36249,10348],[37,9]],[[36286,10357],[12,-39]],[[36298,10318],[85,-18]],[[36320,10487],[63,-187]],[[36320,10487],[52,25]],[[36372,10512],[30,37]],[[36402,10549],[68,-115]],[[36470,10434],[123,-42]],[[36593,10392],[64,37]],[[36657,10429],[63,44]],[[36720,10473],[14,-27]],[[36734,10446],[43,-5]],[[36777,10441],[77,-55]],[[36854,10386],[41,35]],[[36895,10421],[18,44]],[[36913,10465],[65,-61]],[[36978,10404],[156,-15]],[[37134,10389],[127,-59]],[[37261,10330],[22,-33]],[[37283,10297],[35,-12]],[[37318,10285],[46,37]],[[37364,10322],[8,101]],[[37372,10423],[3,35]],[[37375,10458],[87,-9]],[[37462,10449],[12,118]],[[37474,10567],[170,-21]],[[37644,10546],[4,21]],[[38305,8171],[56,124]],[[38259,8202],[46,-31]],[[38191,8134],[68,68]],[[38015,7968],[176,166]],[[38015,7968],[100,-81]],[[38112,7812],[3,75]],[[38112,7812],[34,11]],[[38146,7823],[0,-52]],[[38146,7771],[81,10]],[[38227,7781],[5,-79]],[[38232,7702],[193,-5]],[[38425,7697],[70,48]],[[38495,7745],[37,-50]],[[38532,7695],[41,-1]],[[38573,7694],[14,58]],[[38587,7752],[38,-33]],[[38584,7691],[41,28]],[[38584,7691],[-1,-107]],[[38521,7585],[62,-1]],[[38519,7523],[2,62]],[[38269,7530],[250,-7]],[[38253,7371],[16,159]],[[38197,7324],[56,47]],[[38108,7378],[89,-54]],[[37953,7275],[155,103]],[[37924,7204],[29,71]],[[37924,7204],[5,-36]],[[37899,7154],[30,14]],[[37878,7194],[21,-40]],[[37782,7141],[96,53]],[[37782,7141],[48,-61]],[[37790,7059],[40,21]],[[37766,7078],[24,-19]],[[37740,7176],[26,-98]],[[37704,7179],[36,-3]],[[37668,7235],[36,-56]],[[37668,7235],[2,46]],[[37625,7284],[45,-3]],[[37595,7329],[30,-45]],[[37568,7336],[27,-7]],[[37524,7305],[44,31]],[[37442,7270],[82,35]],[[37388,7262],[54,8]],[[37388,7262],[52,-34]],[[37440,7228],[115,-4]],[[37555,7224],[6,-59]],[[37561,7165],[65,3]],[[37613,7129],[13,39]],[[37613,7129],[22,-46]],[[37635,7083],[61,18]],[[37696,7101],[27,-28]],[[37710,7010],[13,63]],[[37710,7010],[19,-92]],[[37729,6918],[63,21]],[[37792,6939],[38,-22]],[[37725,6826],[105,91]],[[37725,6826],[25,-20]],[[37674,6725],[76,81]],[[37649,6755],[25,-30]],[[37607,6747],[42,8]],[[37554,6680],[53,67]],[[37514,6708],[40,-28]],[[37430,6614],[84,94]],[[37341,6536],[89,78]],[[37341,6536],[145,-120]],[[37351,6242],[135,174]],[[37351,6242],[36,-30]],[[35920,8335],[0,-53]],[[35847,8235],[73,47]],[[35820,8232],[27,3]],[[35809,8096],[11,136]],[[35758,8087],[51,9]],[[35734,8058],[24,29]],[[35690,8093],[44,-35]],[[35664,8050],[26,43]],[[35664,8050],[27,-27]],[[35645,7885],[46,138]],[[35643,7835],[2,50]],[[35640,7824],[3,11]],[[35640,7824],[15,-31]],[[35655,7793],[165,-84]],[[35820,7709],[29,-34]],[[35849,7675],[37,-76]],[[35843,7572],[43,27]],[[35559,7551],[284,21]],[[35559,7551],[4,-81]],[[35563,7470],[22,-148]],[[35585,7322],[34,-86]],[[35619,7236],[80,9]],[[35699,7245],[44,-7]],[[35743,7238],[6,-35]],[[35749,7203],[39,-11]],[[35788,7192],[46,38]],[[35834,7230],[101,-137]],[[35935,7093],[49,0]],[[35984,7093],[28,-35]],[[35973,7022],[39,36]],[[35973,7022],[79,-75]],[[36052,6947],[51,10]],[[36103,6957],[13,32]],[[36116,6989],[80,-45]],[[36196,6944],[16,37]],[[36212,6981],[34,-6]],[[36236,6920],[10,55]],[[36236,6920],[67,-25]],[[36303,6895],[13,-1]],[[36316,6894],[61,-64]],[[36377,6830],[8,49]],[[36385,6879],[90,-18]],[[36467,6817],[8,44]],[[36467,6817],[112,-89]],[[36561,6702],[18,26]],[[36561,6702],[117,-98]],[[36678,6604],[36,-31]],[[36714,6573],[26,47]],[[36740,6620],[49,22]],[[36662,6887],[127,-245]],[[36661,6925],[1,-38]],[[36661,6925],[115,236]],[[36776,7161],[126,-41]],[[36902,7120],[187,17]],[[37089,7137],[12,28]],[[37087,7235],[14,-70]],[[37087,7235],[38,8]],[[37125,7243],[2,50]],[[37127,7293],[36,106]],[[37163,7399],[10,76]],[[37133,7463],[40,12]],[[37103,7497],[30,-34]],[[37062,7491],[41,6]],[[37040,7535],[22,-44]],[[36999,7565],[41,-30]],[[36989,7596],[10,-31]],[[36937,7579],[52,17]],[[36855,7608],[82,-29]],[[36825,7644],[30,-36]],[[36739,7686],[86,-42]],[[36739,7686],[51,90]],[[36790,7776],[91,114]],[[36881,7890],[38,14]],[[36482,7980],[437,-76]],[[36417,8111],[65,-131]],[[36408,8175],[9,-64]],[[36408,8175],[13,165]],[[36410,8370],[11,-30]],[[36410,8370],[8,89]],[[36251,8437],[167,22]],[[36242,8473],[9,-36]],[[36198,8458],[44,15]],[[36194,8416],[4,42]],[[36067,8367],[127,49]],[[35976,8312],[91,55]],[[35949,8350],[27,-38]],[[35920,8335],[29,15]],[[20942,34660],[58,49]],[[20910,34671],[32,-11]],[[20874,34630],[36,41]],[[20874,34630],[14,-49]],[[20873,34536],[15,45]],[[20820,34498],[53,38]],[[20768,34512],[52,-14]],[[20712,34493],[56,19]],[[20670,34420],[42,73]],[[20624,34389],[46,31]],[[20604,34409],[20,-20]],[[20542,34412],[62,-3]],[[20538,34439],[4,-27]],[[20422,34466],[116,-27]],[[20392,34443],[30,23]],[[20352,34465],[40,-22]],[[20289,34456],[63,9]],[[20234,34402],[55,54]],[[20207,34406],[27,-4]],[[20135,34433],[72,-27]],[[20086,34524],[49,-91]],[[20054,34541],[32,-17]],[[19893,34552],[161,-11]],[[19791,34571],[102,-19]],[[19682,34637],[109,-66]],[[19643,34612],[39,25]],[[19604,34659],[39,-47]],[[19569,34636],[35,23]],[[19540,34670],[29,-34]],[[19501,34637],[39,33]],[[19418,34636],[83,1]],[[19402,34669],[16,-33]],[[19321,34747],[81,-78]],[[19321,34747],[0,50]],[[19303,34863],[18,-66]],[[19276,34890],[27,-27]],[[19245,34864],[31,26]],[[19191,34882],[54,-18]],[[19159,34855],[32,27]],[[19077,34880],[82,-25]],[[19036,34925],[41,-45]],[[19004,34965],[32,-40]],[[18911,34950],[93,15]],[[18858,34955],[53,-5]],[[18853,34992],[5,-37]],[[18793,34971],[60,21]],[[18743,34977],[50,-6]],[[18703,35010],[40,-33]],[[18679,35002],[24,8]],[[18649,35051],[30,-49]],[[18590,35074],[59,-23]],[[18541,35066],[49,8]],[[18467,35112],[74,-46]],[[18446,35104],[21,8]],[[18438,35050],[8,54]],[[18382,35088],[56,-38]],[[18344,35131],[38,-43]],[[18344,35131],[1,55]],[[18263,35231],[82,-45]],[[18216,35250],[47,-19]],[[18208,35288],[8,-38]],[[18155,35241],[53,47]],[[18040,35127],[115,114]],[[17938,35151],[102,-24]],[[17837,35157],[101,-6]],[[17741,35149],[96,8]],[[17725,35135],[16,14]],[[22237,34179],[72,15]],[[22206,34238],[31,-59]],[[22154,34229],[52,9]],[[22035,34193],[119,36]],[[21957,34158],[78,35]],[[21801,34152],[156,6]],[[21801,34152],[15,-43]],[[21802,34064],[14,45]],[[21743,34068],[59,-4]],[[21710,34017],[33,51]],[[21657,34038],[53,-21]],[[21599,34020],[58,18]],[[21535,34124],[64,-104]],[[21485,34127],[50,-3]],[[21469,34178],[16,-51]],[[21434,34205],[35,-27]],[[21434,34205],[1,69]],[[21435,34274],[70,32]],[[21446,34310],[59,-4]],[[21404,34327],[42,-17]],[[21356,34303],[48,24]],[[21307,34333],[49,-30]],[[21269,34373],[38,-40]],[[21259,34412],[10,-39]],[[21228,34426],[31,-14]],[[21210,34513],[18,-87]],[[21210,34513],[17,47]],[[21185,34557],[42,3]],[[21095,34669],[90,-112]],[[21036,34672],[59,-3]],[[21000,34709],[36,-37]],[[17670,35105],[55,30]],[[17608,35145],[62,-40]],[[17557,35158],[51,-13]],[[17444,35120],[113,38]],[[17426,35083],[18,37]],[[17394,35091],[32,-8]],[[17336,35047],[58,44]],[[17312,34943],[24,104]],[[17256,34890],[56,53]],[[17234,34922],[22,-32]],[[17210,35016],[24,-94]],[[17169,35048],[41,-32]],[[17125,35057],[44,-9]],[[17049,35029],[76,28]],[[17020,35055],[29,-26]],[[16945,35063],[75,-8]],[[16840,35108],[105,-45]],[[16840,35108],[18,71]],[[16847,35257],[11,-78]],[[16847,35257],[113,46]],[[16946,35346],[14,-43]],[[16909,35381],[37,-35]],[[16882,35448],[27,-67]],[[16848,35432],[34,16]],[[16823,35467],[25,-35]],[[16823,35467],[11,73]],[[16834,35540],[73,5]],[[16907,35545],[75,-33]],[[16982,35512],[45,93]],[[17027,35605],[33,-26]],[[17060,35579],[48,21]],[[17108,35600],[38,-6]],[[17146,35594],[18,-40]],[[17164,35554],[95,-21]],[[17259,35533],[80,14]],[[17339,35547],[9,84]],[[17326,35734],[22,-103]],[[17326,35734],[19,99]],[[17345,35833],[27,28]],[[17372,35861],[15,77]],[[17371,36026],[16,-88]],[[17371,36026],[22,45]],[[17393,36071],[-1,90]],[[17392,36161],[41,58]],[[17433,36219],[6,48]],[[17439,36267],[31,53]],[[17470,36320],[88,74]],[[17558,36394],[52,22]],[[17610,36416],[10,33]],[[17620,36449],[71,59]],[[17691,36508],[37,63]],[[17728,36571],[32,23]],[[17760,36594],[39,61]],[[17799,36655],[25,62]],[[17824,36717],[128,90]],[[17952,36807],[22,-56]],[[17974,36751],[91,-173]],[[18065,36578],[39,-53]],[[18104,36525],[69,-21]],[[18173,36504],[73,-43]],[[18229,36410],[17,51]],[[18229,36410],[97,-53]],[[18326,36357],[57,-44]],[[18380,36266],[3,47]],[[18380,36266],[114,-104]],[[18494,36162],[28,-35]],[[18522,36127],[30,17]],[[18552,36144],[60,-22]],[[18612,36122],[61,10]],[[18673,36132],[12,117]],[[18667,36324],[18,-75]],[[18667,36324],[22,84]],[[18689,36408],[34,-2]],[[18723,36406],[95,-35]],[[18818,36371],[31,37]],[[18849,36408],[16,72]],[[18865,36480],[1,78]],[[18855,36620],[11,-62]],[[18806,36672],[49,-52]],[[18806,36672],[1,29]],[[18807,36701],[30,12]],[[18837,36713],[2,100]],[[18839,36813],[17,47]],[[18856,36860],[100,-27]],[[18956,36833],[28,67]],[[18984,36900],[41,33]],[[19025,36933],[82,14]],[[19107,36947],[76,39]],[[19153,37019],[30,-33]],[[19148,37065],[5,-46]],[[19148,37065],[60,81]],[[19208,37146],[51,26]],[[19259,37172],[24,34]],[[19265,37246],[18,-40]],[[19265,37246],[31,18]],[[19296,37264],[32,-79]],[[19328,37185],[64,58]],[[19380,37266],[12,-23]],[[19380,37266],[41,48]],[[19421,37314],[56,41]],[[19466,37394],[11,-39]],[[19433,37410],[33,-16]],[[19391,37400],[42,10]],[[19345,37368],[46,32]],[[19320,37425],[25,-57]],[[19320,37425],[5,76]],[[19256,37555],[69,-54]],[[19201,37566],[55,-11]],[[19201,37566],[1,48]],[[19165,37637],[37,-23]],[[19114,37584],[51,53]],[[19060,37600],[54,-16]],[[19037,37617],[23,-17]],[[18955,37623],[82,-6]],[[18929,37663],[26,-40]],[[18900,37673],[29,-10]],[[18900,37673],[9,52]],[[18882,37756],[27,-31]],[[18833,37743],[49,13]],[[18760,37705],[73,38]],[[18705,37746],[55,-41]],[[18652,37753],[53,-7]],[[18613,37716],[39,37]],[[18575,37719],[38,-3]],[[18571,37785],[4,-66]],[[18541,37811],[30,-26]],[[18498,37862],[43,-51]],[[18498,37862],[36,146]],[[18505,38046],[29,-38]],[[18505,38046],[18,61]],[[18465,38113],[58,-6]],[[18465,38113],[150,191]],[[18615,38304],[70,19]],[[18685,38323],[11,74]],[[18696,38397],[85,-13]],[[18781,38384],[32,10]],[[18813,38394],[72,-57]],[[18885,38337],[58,-9]],[[18943,38328],[45,-35]],[[18981,38229],[7,64]],[[18981,38229],[22,-38]],[[19003,38191],[67,1]],[[19070,38192],[54,20]],[[19124,38212],[62,-12]],[[19186,38200],[43,17]],[[19229,38217],[40,-34]],[[19269,38183],[48,11]],[[19317,38194],[28,30]],[[19345,38224],[59,10]],[[19404,38234],[97,-1]],[[19501,38233],[9,-33]],[[19510,38200],[96,0]],[[19606,38200],[34,-31]],[[19640,38169],[9,-40]],[[19649,38129],[62,-15]],[[19711,38114],[37,34]],[[19748,38148],[93,-33]],[[19841,38115],[30,-43]],[[19871,38072],[85,45]],[[19956,38117],[7,33]],[[19963,38150],[37,36]],[[20000,38186],[6,40]],[[20006,38226],[97,49]],[[20103,38275],[38,-4]],[[20141,38271],[45,46]],[[20186,38317],[51,-2]],[[20237,38315],[58,69]],[[20295,38384],[86,-6]],[[20381,38378],[27,58]],[[20408,38436],[65,21]],[[20473,38457],[85,3]],[[20558,38460],[11,110]],[[20569,38570],[77,73]],[[20633,38718],[13,-75]],[[20633,38718],[11,39]],[[20644,38757],[55,-2]],[[20699,38755],[26,63]],[[20725,38818],[42,55]],[[20767,38873],[48,24]],[[20815,38897],[41,-10]],[[20856,38887],[29,-42]],[[20885,38845],[50,50]],[[20935,38895],[37,13]],[[20972,38908],[35,41]],[[21007,38949],[45,62]],[[21030,39109],[22,-98]],[[21010,39129],[20,-20]],[[20979,39202],[31,-73]],[[20942,39234],[37,-32]],[[20897,39240],[45,-6]],[[20896,39280],[1,-40]],[[20857,39319],[39,-39]],[[20744,39329],[113,-10]],[[20721,39361],[23,-32]],[[20720,39413],[1,-52]],[[20684,39484],[36,-71]],[[20684,39484],[11,40]],[[20679,39564],[16,-40]],[[20630,39586],[49,-22]],[[20630,39586],[1,44]],[[20608,39655],[23,-25]],[[20586,39734],[22,-79]],[[20570,39743],[16,-9]],[[20495,39706],[75,37]],[[20447,39720],[48,-14]],[[20374,39813],[73,-93]],[[20296,39825],[78,-12]],[[20194,39892],[102,-67]],[[20141,39964],[53,-72]],[[20141,39964],[46,8]],[[20187,39972],[26,109]],[[20213,40081],[44,46]],[[20257,40127],[30,65]],[[20287,40192],[26,18]],[[20313,40210],[1,47]],[[20314,40257],[27,46]],[[20341,40303],[1,73]],[[20342,40376],[20,65]],[[20362,40441],[44,-40]],[[20406,40401],[28,-51]],[[20434,40350],[70,-13]],[[20504,40337],[90,-49]],[[20594,40288],[71,21]],[[20665,40309],[46,-16]],[[20711,40293],[52,43]],[[20763,40336],[68,-19]],[[20831,40317],[37,16]],[[20868,40333],[83,-50]],[[20951,40283],[69,4]],[[21020,40287],[47,-30]],[[21067,40257],[19,-69]],[[21086,40188],[100,-55]],[[21186,40133],[21,-23]],[[21207,40110],[52,24]],[[21259,40134],[76,6]],[[21335,40140],[140,67]],[[21475,40207],[40,-46]],[[21515,40161],[35,6]],[[21550,40167],[6,46]],[[21556,40213],[50,-14]],[[21606,40199],[90,23]],[[21696,40222],[68,2]],[[21764,40224],[52,-30]],[[21816,40194],[59,19]],[[21875,40213],[124,-82]],[[21999,40131],[53,5]],[[22052,40136],[105,-42]],[[22157,40094],[28,-28]],[[22169,40025],[16,41]],[[22169,40025],[96,-69]],[[22254,39898],[11,58]],[[22254,39898],[67,-111]],[[22315,39743],[6,44]],[[22315,39743],[54,-63]],[[22369,39680],[82,-48]],[[22451,39632],[20,4]],[[22471,39636],[106,111]],[[22577,39747],[63,-12]],[[22640,39735],[20,17]],[[22660,39752],[98,21]],[[22758,39773],[48,-17]],[[22806,39756],[56,33]],[[22862,39789],[74,-3]],[[22936,39786],[19,35]],[[22955,39821],[22,85]],[[22977,39906],[54,32]],[[23031,39938],[55,-22]],[[23086,39916],[47,48]],[[23133,39964],[26,-5]],[[23159,39959],[16,-70]],[[23175,39889],[65,32]],[[23240,39921],[37,-11]],[[23277,39910],[46,41]],[[23323,39951],[31,7]],[[23354,39958],[102,-94]],[[23456,39864],[40,-71]],[[23496,39793],[112,38]],[[23608,39831],[77,0]],[[23685,39831],[56,-59]],[[23741,39772],[72,-33]],[[23813,39739],[99,-63]],[[23912,39676],[5,-56]],[[23917,39620],[65,-133]],[[23982,39487],[52,-9]],[[24034,39478],[86,5]],[[24120,39483],[41,-32]],[[24161,39451],[41,8]],[[24202,39459],[29,36]],[[24231,39495],[65,-18]],[[24296,39477],[31,50]],[[24327,39527],[102,-49]],[[24429,39478],[95,10]],[[24524,39488],[29,-42]],[[24553,39446],[47,-24]],[[24600,39422],[53,-56]],[[24653,39366],[7,-48]],[[24660,39318],[61,-10]],[[24721,39308],[76,26]],[[24797,39334],[94,68]],[[24891,39402],[62,7]],[[24953,39409],[88,-13]],[[25041,39396],[79,47]],[[25120,39443],[34,3]],[[25154,39446],[38,51]],[[25192,39497],[34,12]],[[25226,39509],[41,44]],[[25267,39553],[56,25]],[[25323,39578],[62,-74]],[[25385,39504],[61,-28]],[[25446,39476],[35,7]],[[25481,39483],[115,71]],[[25596,39554],[81,31]],[[25669,39652],[8,-67]],[[25669,39652],[73,133]],[[25742,39785],[1,41]],[[25743,39826],[109,66]],[[25852,39892],[47,-3]],[[25899,39889],[73,74]],[[25972,39963],[43,25]],[[26015,39988],[69,-58]],[[26084,39930],[106,-23]],[[26190,39907],[49,13]],[[26239,39920],[99,-66]],[[26338,39854],[42,-4]],[[26380,39850],[47,-29]],[[26427,39821],[72,13]],[[26499,39834],[84,72]],[[26583,39906],[62,3]],[[26645,39909],[79,-18]],[[26724,39891],[83,80]],[[26807,39971],[78,-11]],[[26885,39960],[49,-24]],[[26934,39936],[5,-38]],[[26939,39898],[54,-37]],[[26993,39861],[56,-104]],[[27049,39757],[57,60]],[[27106,39817],[78,-1]],[[27184,39816],[31,-35]],[[27215,39781],[25,-75]],[[27224,39657],[16,49]],[[27224,39657],[42,-43]],[[27257,39566],[9,48]],[[27257,39566],[103,-50]],[[27360,39516],[6,-78]],[[27366,39438],[52,-16]],[[27418,39422],[80,-115]],[[27458,39209],[40,98]],[[27458,39209],[5,-41]],[[27448,39124],[15,44]],[[27448,39124],[32,-103]],[[27480,39021],[9,-20]],[[27489,39001],[59,-26]],[[27548,38975],[22,-48]],[[27570,38927],[110,-23]],[[27680,38904],[18,-114]],[[27698,38790],[87,-7]],[[27785,38783],[91,41]],[[27876,38824],[31,-25]],[[27907,38799],[9,-39]],[[27916,38760],[76,-65]],[[27992,38695],[34,67]],[[28026,38762],[43,21]],[[28069,38783],[80,-18]],[[28149,38765],[4,-56]],[[28153,38709],[33,-72]],[[28186,38637],[84,11]],[[28270,38648],[188,-38]],[[28430,38538],[28,72]],[[28419,38478],[11,60]],[[28419,38478],[75,-78]],[[28494,38400],[19,-37]],[[28513,38363],[7,-67]],[[28513,38233],[7,63]],[[28513,38233],[93,-44]],[[28606,38189],[21,-37]],[[28627,38152],[3,-45]],[[28630,38107],[143,-121]],[[28773,37986],[20,-126]],[[28793,37860],[31,-46]],[[28804,37726],[20,88]],[[28804,37726],[112,4]],[[28916,37730],[286,40]],[[29202,37770],[5,-110]],[[29207,37660],[37,-49]],[[29233,37556],[11,55]],[[29233,37556],[47,-2]],[[29280,37554],[94,-59]],[[29374,37495],[46,-40]],[[29420,37455],[88,-100]],[[29508,37355],[29,-9]],[[29537,37346],[42,-58]],[[29579,37288],[60,-20]],[[29639,37268],[31,-74]],[[29670,37194],[101,-21]],[[29771,37173],[36,-44]],[[29807,37129],[40,-2]],[[29847,37127],[31,-43]],[[29878,37084],[6,-61]],[[29863,36964],[21,59]],[[29736,36932],[127,32]],[[29683,36895],[53,37]],[[29593,36886],[90,9]],[[29522,36823],[71,63]],[[29490,36815],[32,8]],[[29473,36769],[17,46]],[[29434,36771],[39,-2]],[[29372,36709],[62,62]],[[29309,36732],[63,-23]],[[29274,36723],[35,9]],[[29274,36723],[2,-108]],[[29276,36615],[12,-60]],[[15027,5494],[78,-82]],[[15017,5544],[10,-50]],[[15017,5544],[12,98]],[[15029,5642],[67,166]],[[15096,5808],[5,130]],[[15061,6057],[40,-119]],[[15018,6107],[43,-50]],[[14850,6189],[168,-82]],[[14800,6201],[50,-12]],[[14677,6196],[123,5]],[[14602,6217],[75,-21]],[[14532,6249],[70,-32]],[[14433,6291],[99,-42]],[[14343,6309],[90,-18]],[[14292,6364],[51,-55]],[[14244,6466],[48,-102]],[[14131,6574],[113,-108]],[[14095,6619],[36,-45]],[[14050,6794],[45,-175]],[[13999,6939],[51,-145]],[[13969,6997],[30,-58]],[[13951,7094],[18,-97]],[[13939,7292],[12,-198]],[[13939,7292],[18,43]],[[13828,7477],[129,-142]],[[13770,7515],[58,-38]],[[13723,7589],[47,-74]],[[13707,7662],[16,-73]],[[13682,7720],[25,-58]],[[13672,7820],[10,-100]],[[13672,7820],[31,69]],[[13703,7889],[29,21]],[[13732,7910],[51,8]],[[13783,7918],[141,-28]],[[13924,7890],[127,-55]],[[14051,7835],[46,9]],[[14097,7844],[150,83]],[[14247,7927],[43,75]],[[14290,8002],[32,141]],[[14322,8143],[1,141]],[[14323,8284],[15,116]],[[14338,8400],[60,96]],[[14398,8496],[60,53]],[[14458,8549],[115,26]],[[14573,8575],[88,2]],[[14661,8577],[74,-22]],[[14735,8555],[51,-35]],[[14786,8520],[50,-15]],[[14836,8505],[47,-51]],[[14883,8454],[28,-28]],[[14911,8426],[184,-148]],[[15095,8278],[47,-24]],[[15142,8254],[46,-4]],[[15188,8250],[76,25]],[[15264,8275],[120,70]],[[15384,8345],[176,88]],[[15560,8433],[26,30]],[[15586,8463],[5,68]],[[15575,8603],[16,-72]],[[15544,8667],[31,-64]],[[15405,8851],[139,-184]],[[15250,9033],[155,-182]],[[15145,9061],[105,-28]],[[15086,9095],[59,-34]],[[15050,9176],[36,-81]],[[14994,9192],[56,-16]],[[14817,9150],[177,42]],[[14736,9144],[81,6]],[[14683,9157],[53,-13]],[[14577,9220],[106,-63]],[[14448,9311],[129,-91]],[[14375,9356],[73,-45]],[[14316,9462],[59,-106]],[[14222,9576],[94,-114]],[[14183,9600],[39,-24]],[[14163,9638],[20,-38]],[[14096,9715],[67,-77]],[[14037,9767],[59,-52]],[[14002,9840],[35,-73]],[[13917,9914],[85,-74]],[[13817,10022],[100,-108]],[[13753,10058],[64,-36]],[[13737,10064],[16,-6]],[[13721,10069],[16,-5]],[[13524,10026],[197,43]],[[13453,9991],[71,35]],[[13384,9900],[69,91]],[[13313,9792],[71,108]],[[13258,9744],[55,48]],[[13221,9716],[37,28]],[[13123,9679],[98,37]],[[13056,9683],[67,-4]],[[12944,9718],[112,-35]],[[12896,9706],[48,12]],[[12816,9614],[80,92]],[[12752,9554],[64,60]],[[12721,9504],[31,50]],[[12714,9423],[7,81]],[[12694,9365],[20,58]],[[12539,9248],[155,117]],[[12516,9092],[23,156]],[[12478,8980],[38,112]],[[12423,8898],[55,82]],[[12332,8746],[91,152]],[[12264,8660],[68,86]],[[12164,8430],[100,230]],[[12129,8328],[35,102]],[[12091,8250],[38,78]],[[12045,8186],[46,64]],[[12013,8079],[32,107]],[[12013,8079],[8,-49]],[[11996,7958],[25,72]],[[11970,7921],[26,37]],[[11908,7875],[62,46]],[[11736,7845],[172,30]],[[11684,7847],[52,-2]],[[11627,7868],[57,-21]],[[11598,7896],[29,-28]],[[11388,8057],[210,-161]],[[11304,8144],[84,-87]],[[11287,8214],[17,-70]],[[11287,8214],[2,65]],[[11253,8360],[36,-81]],[[11181,8426],[72,-66]],[[11088,8493],[93,-67]],[[11049,8548],[39,-55]],[[11004,8675],[45,-127]],[[10988,8766],[16,-91]],[[10988,8766],[7,148]],[[10983,8958],[12,-44]],[[10929,9007],[54,-49]],[[16664,4418],[174,-12]],[[16599,4440],[65,-22]],[[16433,4555],[166,-115]],[[16316,4674],[117,-119]],[[16259,4724],[57,-50]],[[16116,4811],[143,-87]],[[16070,4847],[46,-36]],[[15899,4915],[171,-68]],[[15793,4999],[106,-84]],[[15705,5081],[88,-82]],[[15501,5319],[204,-238]],[[15419,5348],[82,-29]],[[15305,5367],[114,-19]],[[15243,5368],[62,-1]],[[15158,5380],[85,-12]],[[15105,5412],[53,-32]],[[25837,24239],[13,43]],[[25793,24197],[44,42]],[[25720,24208],[73,-11]],[[25660,24119],[60,89]],[[25563,24150],[97,-31]],[[25526,24203],[37,-53]],[[25500,24216],[26,-13]],[[25435,24208],[65,8]],[[25403,24177],[32,31]],[[25353,24221],[50,-44]],[[25254,24196],[99,25]],[[25197,24230],[57,-34]],[[25164,24225],[33,5]],[[25150,24281],[14,-56]],[[25128,24344],[22,-63]],[[25117,24436],[11,-92]],[[25102,24489],[15,-53]],[[25032,24461],[70,28]],[[24999,24420],[33,41]],[[24999,24420],[3,-80]],[[24951,24330],[51,10]],[[24945,24209],[6,121]],[[24889,24180],[56,29]],[[24851,24179],[38,1]],[[24795,24202],[56,-23]],[[24740,24266],[55,-64]],[[29096,22617],[103,-10]],[[29022,22611],[74,6]],[[28985,22671],[37,-60]],[[28948,22671],[37,0]],[[28913,22719],[35,-48]],[[28900,22782],[13,-63]],[[28900,22782],[11,74]],[[28815,22889],[96,-33]],[[28748,22877],[67,12]],[[28679,22900],[69,-23]],[[28599,22871],[80,29]],[[28547,22863],[52,8]],[[28440,22791],[107,72]],[[28398,22746],[42,45]],[[28370,22754],[28,-8]],[[28323,22732],[47,22]],[[28288,22759],[35,-27]],[[28135,22817],[153,-58]],[[28122,22809],[13,8]],[[28122,22809],[17,-70]],[[28096,22678],[43,61]],[[28035,22660],[61,18]],[[27982,22671],[53,-11]],[[27956,22703],[26,-32]],[[27859,22688],[97,15]],[[27798,22649],[61,39]],[[27763,22582],[35,67]],[[27683,22626],[80,-44]],[[27644,22645],[39,-19]],[[27611,22744],[33,-99]],[[27575,22783],[36,-39]],[[27543,22788],[32,-5]],[[27490,22846],[53,-58]],[[27490,22846],[5,58]],[[27495,22904],[20,13]],[[27495,22977],[20,-60]],[[27495,22977],[25,85]],[[27466,23145],[54,-83]],[[27466,23145],[45,75]],[[27511,23220],[25,23]],[[27536,23243],[2,97]],[[27501,23424],[37,-84]],[[27501,23424],[52,140]],[[27553,23564],[10,69]],[[27555,23714],[8,-81]],[[27532,23736],[23,-22]],[[27511,23797],[21,-61]],[[27511,23797],[9,57]],[[27455,23949],[65,-95]],[[27376,23963],[79,-14]],[[27354,24012],[22,-49]],[[27354,24012],[27,48]],[[27381,24060],[58,-79]],[[27439,23981],[32,-3]],[[27471,23978],[15,145]],[[27486,24123],[30,56]],[[27474,24233],[42,-54]],[[27474,24233],[17,53]],[[27452,24402],[39,-116]],[[27452,24402],[9,51]],[[27436,24464],[25,-11]],[[27401,24435],[35,29]],[[27338,24450],[63,-15]],[[27318,24441],[20,9]],[[27283,24375],[35,66]],[[27242,24366],[41,9]],[[27240,24292],[2,74]],[[27187,24278],[53,14]],[[27187,24278],[6,-78]],[[27149,24205],[44,-5]],[[27101,24185],[48,20]],[[27053,24212],[48,-27]],[[27011,24347],[42,-135]],[[26988,24382],[23,-35]],[[26922,24346],[66,36]],[[26834,24369],[88,-23]],[[26834,24369],[11,-36]],[[26812,24288],[33,45]],[[26806,24248],[6,40]],[[26724,24242],[82,6]],[[26702,24281],[22,-39]],[[26661,24275],[41,6]],[[26635,24182],[26,93]],[[26566,24183],[69,-1]],[[26512,24214],[54,-31]],[[26445,24135],[67,79]],[[26400,24109],[45,26]],[[26377,24114],[23,-5]],[[26377,24114],[22,81]],[[26354,24230],[45,-35]],[[26348,24255],[6,-25]],[[26285,24273],[63,-18]],[[26197,24281],[88,-8]],[[26189,24229],[8,52]],[[26122,24251],[67,-22]],[[26101,24280],[21,-29]],[[26011,24253],[90,27]],[[26002,24282],[9,-29]],[[25916,24318],[86,-36]],[[25893,24291],[23,27]],[[25850,24282],[43,9]],[[29927,32325],[48,-20]],[[29975,32305],[50,-75]],[[30025,32230],[27,3]],[[30052,32233],[65,-55]],[[30117,32178],[97,-9]],[[30214,32169],[80,21]],[[30294,32190],[42,-34]],[[30336,32156],[54,-13]],[[30390,32143],[43,-32]],[[30433,32111],[39,53]],[[30472,32164],[40,31]],[[30512,32195],[44,66]],[[30556,32261],[57,8]],[[30613,32269],[56,-23]],[[30669,32246],[53,-75]],[[30722,32171],[57,-58]],[[30779,32113],[68,-13]],[[30847,32100],[89,-32]],[[30936,32068],[51,-95]],[[30987,31973],[48,-14]],[[31035,31959],[35,11]],[[33644,31951],[13,-39]],[[33644,31951],[31,53]],[[33675,32004],[8,55]],[[33676,32172],[7,-113]],[[33676,32172],[42,4]],[[33718,32176],[24,23]],[[33734,32251],[8,-52]],[[33734,32251],[33,16]],[[33767,32267],[115,121]],[[33837,32491],[45,-103]],[[33837,32491],[10,41]],[[33847,32532],[38,46]],[[33885,32578],[12,59]],[[33897,32637],[53,7]],[[33950,32644],[78,33]],[[34028,32677],[7,45]],[[34012,32736],[23,-14]],[[33996,32881],[16,-145]],[[33996,32881],[12,30]],[[34008,32911],[72,31]],[[34077,33065],[3,-123]],[[34077,33065],[39,9]],[[34116,33074],[52,76]],[[34168,33150],[39,-14]],[[34207,33136],[22,41]],[[34229,33177],[92,14]],[[34321,33191],[37,45]],[[34358,33236],[73,18]],[[34431,33254],[42,34]],[[34473,33288],[34,64]],[[34507,33352],[53,49]],[[34560,33401],[40,60]],[[34558,33537],[42,-76]],[[34558,33537],[17,17]],[[34548,33645],[27,-91]],[[34506,33666],[42,-21]],[[34454,33715],[52,-49]],[[34425,33772],[29,-57]],[[34415,33836],[10,-64]],[[34367,33921],[48,-85]],[[34296,33990],[71,-69]],[[34296,33990],[58,30]],[[34354,34020],[71,-20]],[[34425,34000],[61,3]],[[34486,34003],[47,-34]],[[34533,33969],[37,5]],[[34570,33974],[50,-37]],[[34620,33937],[48,-12]],[[34668,33925],[76,9]],[[34744,33934],[63,-67]],[[34807,33867],[11,-30]],[[34818,33837],[62,-60]],[[34880,33777],[62,0]],[[34942,33777],[35,-52]],[[34977,33725],[54,-47]],[[35031,33678],[13,-77]],[[35044,33601],[42,-70]],[[35086,33531],[32,-10]],[[35118,33521],[28,-44]],[[35146,33477],[53,6]],[[35199,33483],[91,-32]],[[35290,33451],[49,87]],[[35339,33538],[7,79]],[[35346,33617],[96,35]],[[35442,33652],[79,-5]],[[35521,33647],[45,16]],[[35566,33663],[22,42]],[[35588,33705],[45,18]],[[35633,33723],[55,-25]],[[35688,33698],[35,7]],[[35723,33705],[55,-29]],[[35778,33676],[42,-1]],[[35820,33675],[61,51]],[[35881,33726],[41,3]],[[35922,33729],[39,-25]],[[35961,33704],[45,-60]],[[36006,33644],[108,-51]],[[36114,33593],[100,33]],[[36214,33626],[50,41]],[[36264,33667],[143,55]],[[36407,33722],[66,47]],[[36473,33769],[77,33]],[[36550,33802],[70,-80]],[[36620,33722],[48,31]],[[36668,33753],[76,14]],[[36744,33767],[45,22]],[[36789,33789],[53,5]],[[36842,33794],[84,100]],[[36926,33894],[67,-56]],[[36993,33838],[58,-22]],[[37051,33816],[23,-45]],[[37074,33771],[80,-13]],[[37154,33758],[66,-46]],[[37220,33712],[61,-60]],[[37281,33652],[35,-10]],[[37316,33642],[92,41]],[[37408,33683],[25,-22]],[[37433,33661],[70,38]],[[37503,33699],[28,49]],[[37494,33781],[37,-33]],[[37494,33781],[309,145]],[[37803,33926],[59,42]],[[37862,33968],[137,64]],[[37999,34032],[53,-9]],[[38052,34023],[43,54]],[[38066,34099],[29,-22]],[[38066,34099],[43,32]],[[38109,34131],[35,-34]],[[38144,34097],[54,27]],[[38198,34124],[97,73]],[[38295,34197],[45,-36]],[[38340,34161],[28,3]],[[38368,34164],[46,-48]],[[38414,34116],[74,-38]],[[38488,34078],[47,-87]],[[38535,33991],[53,-39]],[[38588,33952],[47,-54]],[[38635,33898],[64,-73]],[[38699,33825],[70,-63]],[[38769,33762],[5,-41]],[[38774,33721],[41,-9]],[[38815,33712],[74,-44]],[[38884,33647],[5,21]],[[38884,33647],[48,-80]],[[43181,29924],[82,65]],[[43175,29889],[6,35]],[[43175,29889],[43,-43]],[[43206,29818],[12,28]],[[43206,29818],[55,-23]],[[43250,29749],[11,46]],[[43250,29749],[55,-35]],[[43305,29714],[16,13]],[[43321,29727],[48,-49]],[[43355,29649],[14,29]],[[43294,29599],[61,50]],[[43294,29599],[62,-46]],[[43356,29553],[39,-58]],[[43395,29495],[22,-70]],[[43343,29394],[74,31]],[[43343,29394],[5,-103]],[[43327,29258],[21,33]],[[43327,29258],[15,-131]],[[43342,29127],[64,8]],[[43406,29135],[28,-40]],[[43434,29095],[5,-53]],[[43439,29042],[20,-19]],[[43431,28959],[28,64]],[[43404,28974],[27,-15]],[[43339,28974],[65,0]],[[43323,28960],[16,14]],[[43287,28955],[36,5]],[[22855,8354],[67,58]],[[22922,8412],[63,-29]],[[22985,8383],[42,-2]],[[23027,8381],[70,17]],[[23097,8398],[103,44]],[[23200,8442],[37,6]],[[23237,8448],[28,-35]],[[23265,8413],[45,7]],[[23310,8420],[55,-36]],[[23365,8384],[91,-11]],[[23456,8373],[33,-39]],[[23455,8284],[34,50]],[[23455,8284],[24,-30]],[[23479,8254],[64,57]],[[23543,8311],[28,-75]],[[23525,8181],[46,55]],[[23525,8181],[12,-44]],[[23537,8137],[81,53]],[[23618,8190],[70,-135]],[[23688,8055],[46,0]],[[23734,8055],[49,-49]],[[23783,8006],[32,21]],[[23802,8073],[13,-46]],[[23802,8073],[69,123]],[[23871,8196],[19,45]],[[23890,8241],[81,83]],[[23971,8324],[50,-5]],[[24021,8319],[9,127]],[[24030,8446],[81,30]],[[24111,8476],[79,129]],[[24190,8605],[77,28]],[[24267,8633],[42,-56]],[[24309,8577],[62,36]],[[24371,8613],[54,-81]],[[24425,8532],[26,-13]],[[24451,8519],[83,74]],[[24534,8593],[165,0]],[[24699,8593],[139,-12]],[[24838,8581],[7,-23]],[[24845,8558],[67,-13]],[[24891,8670],[21,-125]],[[24891,8670],[23,31]],[[24914,8701],[1,92]],[[24915,8793],[1,223]],[[24916,9016],[31,15]],[[24947,9031],[109,-15]],[[25056,9016],[35,-126]],[[25078,8846],[13,44]],[[25078,8778],[0,68]],[[25065,8747],[13,31]],[[25065,8747],[27,-42]],[[25092,8705],[154,-48]],[[25246,8657],[77,-2]],[[25323,8655],[-1,333]],[[25322,8988],[0,145]],[[25268,9297],[54,-164]],[[25211,9331],[57,-34]],[[25176,9399],[35,-68]],[[25171,9459],[5,-60]],[[25171,9459],[7,126]],[[25161,9707],[17,-122]],[[25125,9784],[36,-77]],[[25095,9868],[30,-84]],[[25095,9869],[0,-1]],[[25042,10004],[53,-135]],[[25020,10198],[22,-194]],[[25020,10198],[0,89]],[[25020,10287],[0,21]],[[25020,10308],[39,82]],[[25031,10488],[28,-98]],[[25010,10566],[21,-78]],[[25010,10566],[135,15]],[[25145,10581],[18,90]],[[25163,10671],[53,9]],[[25216,10680],[10,32]],[[25226,10712],[51,10]],[[25277,10722],[35,35]],[[25274,10798],[38,-41]],[[25274,10798],[5,86]],[[25279,10884],[24,33]],[[25301,10990],[2,-73]],[[25301,10990],[44,36]],[[25320,11045],[25,-19]],[[25320,11045],[21,45]],[[25341,11090],[3,51]],[[25293,11222],[51,-81]],[[25293,11222],[137,122]],[[25372,11448],[58,-104]],[[25372,11448],[3,38]],[[25375,11486],[74,15]],[[25449,11501],[68,-15]],[[25517,11486],[74,24]],[[25591,11510],[28,50]],[[25619,11560],[46,49]],[[25665,11609],[22,46]],[[25684,11694],[3,-39]],[[25684,11694],[36,44]],[[25720,11738],[3,47]],[[25723,11785],[47,-12]],[[25770,11773],[73,-47]],[[25843,11726],[64,-16]],[[25907,11710],[32,-23]],[[25939,11687],[13,-76]],[[25924,11604],[28,7]],[[25909,11530],[15,74]],[[25909,11530],[27,-27]],[[25931,11465],[5,38]],[[25903,11437],[28,28]],[[25903,11437],[9,-32]],[[25894,11358],[18,47]],[[25894,11358],[45,-21]],[[25939,11337],[90,-67]],[[28809,7017],[16,-28]],[[28816,6932],[9,57]],[[28785,6890],[31,42]],[[28697,6896],[88,-6]],[[28580,6886],[117,10]],[[28457,6851],[123,35]],[[28393,6821],[64,30]],[[28393,6821],[4,-57]],[[28397,6764],[73,-164]],[[28460,6561],[10,39]],[[28460,6561],[61,-92]],[[28521,6469],[59,-32]],[[28561,6388],[19,49]],[[28536,6362],[25,26]],[[28479,6345],[57,17]],[[28479,6345],[28,-70]],[[28436,6242],[71,33]],[[28419,6172],[17,70]],[[28419,6172],[6,-72]],[[28425,6100],[14,-25]],[[28439,6075],[28,-73]],[[28457,5879],[10,123]],[[28438,5744],[19,135]],[[28411,5726],[27,18]],[[28411,5726],[49,-49]],[[28396,5644],[64,33]],[[28396,5644],[107,-53]],[[28503,5591],[14,-11]],[[28448,5500],[69,80]],[[28302,5351],[146,149]],[[28245,5259],[57,92]],[[28245,5259],[60,-134]],[[28305,5125],[13,-54]],[[28318,5071],[18,-135]],[[28336,4936],[57,-67]],[[28393,4869],[136,-116]],[[28529,4753],[32,-28]],[[28561,4725],[2,-73]],[[28563,4652],[37,-77]],[[28600,4575],[19,-62]],[[28603,4438],[16,75]],[[28603,4438],[28,-93]],[[28559,4292],[72,53]],[[28550,4327],[9,-35]],[[28504,4311],[46,16]],[[28289,4275],[215,36]],[[28289,4275],[16,-53]],[[28070,4186],[235,36]],[[28029,4177],[41,9]],[[28029,4177],[10,-44]],[[27801,4065],[238,68]],[[27730,4044],[71,21]],[[27730,4044],[48,-94]],[[27741,3912],[37,38]],[[27741,3912],[41,-13]],[[27782,3899],[6,-48]],[[27410,3761],[378,90]],[[27243,3686],[167,75]],[[27215,3700],[28,-14]],[[27120,3631],[95,69]],[[27120,3631],[6,-15]],[[27126,3616],[11,-29]],[[27106,3481],[31,106]],[[27074,3438],[32,43]],[[27019,3411],[55,27]],[[27019,3411],[7,-28]],[[27026,3383],[56,38]],[[27082,3421],[1,-58]],[[27065,3338],[18,25]],[[27014,3316],[51,22]],[[27014,3316],[20,-30]],[[27034,3286],[61,12]],[[27082,3229],[13,69]],[[27050,3226],[32,3]],[[27050,3226],[3,-73]],[[27053,3153],[38,-7]],[[27091,3146],[60,22]],[[27151,3168],[10,-30]],[[27161,3138],[78,10]],[[27239,3148],[13,-157]],[[27252,2991],[80,-11]],[[27332,2980],[7,-23]],[[27210,2912],[129,45]],[[27210,2912],[22,-99]],[[27232,2813],[43,12]],[[27275,2825],[54,-88]],[[27329,2737],[9,-45]],[[27338,2692],[55,-106]],[[27393,2586],[30,-23]],[[27423,2563],[86,1]],[[27509,2564],[6,-53]],[[27515,2511],[9,-64]],[[27428,2427],[96,20]],[[27428,2427],[36,-151]],[[27464,2276],[158,37]],[[27622,2313],[10,-64]],[[27632,2249],[33,-29]],[[27665,2220],[13,-86]],[[27678,2134],[64,-62]],[[27742,2072],[28,-45]],[[27770,2027],[38,-35]],[[27808,1992],[1,-30]],[[27748,1927],[61,35]],[[27698,1923],[50,4]],[[27651,1953],[47,-30]],[[27607,1922],[44,31]],[[27607,1922],[29,-30]],[[27636,1892],[80,9]],[[27716,1901],[42,-9]],[[27758,1892],[66,11]],[[27824,1903],[62,-33]],[[27886,1870],[47,-4]],[[27933,1866],[2,0]],[[27935,1866],[12,-25]],[[27947,1841],[58,-16]],[[28005,1795],[0,30]],[[27904,1796],[101,-1]],[[27893,1702],[11,94]],[[27893,1702],[60,-112]],[[27750,1527],[203,63]],[[27627,1496],[123,31]],[[27627,1496],[12,-71]],[[27562,1408],[77,17]],[[27562,1408],[17,-115]],[[27513,1281],[66,12]],[[27504,1218],[9,63]],[[27390,1247],[114,-29]],[[27354,1174],[36,73]],[[27354,1174],[91,-38]],[[27394,961],[51,175]],[[27292,1058],[102,-97]],[[27182,1134],[110,-76]],[[27105,1168],[77,-34]],[[26971,1215],[134,-47]],[[26853,1248],[118,-33]],[[26784,1248],[69,0]],[[26566,1295],[218,-47]],[[26494,1319],[72,-24]],[[26494,1319],[1,21]],[[26403,1309],[92,31]],[[26211,1195],[192,114]],[[26079,1129],[132,66]],[[26068,1154],[11,-25]],[[25891,1101],[177,53]],[[25829,1072],[62,29]],[[25764,997],[65,75]],[[25757,975],[7,22]],[[25685,924],[72,51]],[[25662,889],[23,35]],[[25662,889],[15,-28]],[[25603,816],[74,45]],[[25509,741],[94,75]],[[25471,720],[38,21]],[[25426,719],[45,1]],[[25279,750],[147,-31]],[[25116,725],[163,25]],[[24918,677],[198,48]],[[24890,665],[28,12]],[[24786,654],[104,11]],[[24663,611],[123,43]],[[24589,609],[74,2]],[[24518,596],[71,13]],[[24460,582],[58,14]],[[24378,584],[82,-2]],[[24287,612],[91,-28]],[[24206,659],[81,-47]],[[24068,719],[138,-60]],[[24000,740],[68,-21]],[[14755,34284],[27,58]],[[14755,34284],[21,-30]],[[14776,34254],[15,-62]],[[14741,34206],[50,-14]],[[14741,34149],[0,57]],[[14708,34132],[33,17]],[[14648,34146],[60,-14]],[[17725,35135],[41,-41]],[[17766,35094],[20,-59]],[[17786,35035],[13,-138]],[[17765,34845],[34,52]],[[17765,34845],[41,-38]],[[17806,34706],[0,101]],[[17748,34712],[58,-6]],[[17661,34659],[87,53]],[[17623,34601],[38,58]],[[17623,34601],[38,-66]],[[17661,34535],[44,-28]],[[17606,34409],[99,98]],[[17586,34431],[20,-22]],[[17540,34430],[46,1]],[[17516,34378],[24,52]],[[17453,34380],[63,-2]],[[17432,34347],[21,33]],[[17432,34347],[4,-45]],[[17401,34291],[35,11]],[[17352,34351],[49,-60]],[[17326,34337],[26,14]],[[17298,34373],[28,-36]],[[17190,34350],[108,23]],[[17174,34412],[16,-62]],[[17081,34460],[93,-48]],[[17041,34390],[40,70]],[[17001,34392],[40,-2]],[[16982,34354],[19,38]],[[16918,34305],[64,49]],[[16852,34354],[66,-49]],[[16785,34386],[67,-32]],[[16642,34573],[143,-187]],[[16642,34573],[4,105]],[[16624,34697],[22,-19]],[[16569,34696],[55,1]],[[16569,34696],[25,65]],[[16555,34762],[39,-1]],[[16555,34762],[11,72]],[[16541,34870],[25,-36]],[[16371,34897],[170,-27]],[[16356,34891],[15,6]],[[16223,34910],[133,-19]],[[16188,34906],[35,4]],[[16117,34923],[71,-17]],[[16114,34949],[3,-26]],[[16022,34912],[92,37]],[[15981,34863],[41,49]],[[15884,34745],[97,118]],[[15828,34851],[56,-106]],[[15742,34885],[86,-34]],[[15618,34917],[124,-32]],[[15559,34878],[59,39]],[[15547,34826],[12,52]],[[15401,34791],[146,35]],[[15401,34791],[13,-38]],[[15334,34678],[80,75]],[[15252,34658],[82,20]],[[15203,34617],[49,41]],[[15159,34621],[44,-4]],[[15104,34593],[55,28]],[[15039,34536],[65,57]],[[14998,34560],[41,-24]],[[14974,34556],[24,4]],[[14929,34513],[45,43]],[[14851,34506],[78,7]],[[14824,34424],[27,82]],[[14825,34375],[-1,49]],[[14782,34342],[43,33]],[[11956,36584],[13,58]],[[11969,36642],[32,26]],[[12001,36668],[29,115]],[[12030,36783],[4,49]],[[12034,36832],[36,85]],[[12070,36917],[26,171]],[[12096,37088],[52,-9]],[[12148,37079],[57,60]],[[12205,37139],[15,73]],[[12215,37254],[5,-42]],[[12215,37254],[17,71]],[[12218,37342],[14,-17]],[[12218,37342],[51,99]],[[12269,37441],[66,17]],[[12335,37458],[77,-1]],[[12412,37457],[30,29]],[[12442,37486],[22,142]],[[12445,37662],[19,-34]],[[12445,37662],[33,127]],[[12478,37789],[13,-2]],[[12491,37787],[117,-15]],[[12608,37772],[129,111]],[[12737,37883],[35,7]],[[12772,37890],[36,10]],[[12808,37900],[21,108]],[[12807,38108],[22,-100]],[[12807,38108],[43,8]],[[12850,38116],[38,-15]],[[12888,38101],[94,-93]],[[12982,38008],[6,-19]],[[12988,37989],[67,-36]],[[13055,37953],[199,-33]],[[13254,37920],[29,19]],[[13283,37939],[104,-8]],[[13387,37931],[7,-39]],[[13394,37892],[116,-13]],[[13509,37918],[1,-39]],[[13483,37963],[26,-45]],[[13483,37963],[8,41]],[[13491,38004],[34,68]],[[13525,38072],[53,275]],[[13578,38347],[43,103]],[[13621,38450],[119,18]],[[13740,38468],[91,54]],[[13831,38522],[43,-46]],[[13874,38476],[321,-220]],[[14195,38256],[60,-86]],[[14255,38170],[84,0]],[[14339,38170],[302,-6]],[[14641,38164],[22,46]],[[14663,38210],[82,-5]],[[14745,38205],[54,39]],[[14799,38244],[61,-15]],[[14860,38229],[84,26]],[[14944,38255],[38,46]],[[14982,38301],[48,11]],[[15030,38312],[40,-3]],[[15070,38309],[48,72]],[[15118,38381],[45,118]],[[15163,38499],[39,60]],[[15191,38590],[11,-31]],[[15191,38590],[60,51]],[[15251,38641],[3,42]],[[15254,38683],[7,55]],[[15261,38738],[30,24]],[[15291,38762],[49,12]],[[15340,38774],[46,-24]],[[15386,38750],[89,-11]],[[15475,38739],[68,3]],[[15543,38742],[61,59]],[[15604,38801],[51,14]],[[15655,38815],[21,85]],[[15646,38968],[30,-68]],[[15646,38968],[2,33]],[[15605,39011],[43,-10]],[[15580,39038],[25,-27]],[[15580,39038],[40,106]],[[15556,39212],[64,-68]],[[15548,39252],[8,-40]],[[15548,39252],[39,22]],[[15587,39274],[96,-2]],[[15683,39272],[29,11]],[[15712,39283],[71,-11]],[[15783,39272],[72,53]],[[15855,39325],[54,23]],[[15909,39348],[58,58]],[[15967,39406],[52,20]],[[16019,39426],[90,-11]],[[16109,39415],[59,76]],[[16168,39491],[9,35]],[[16177,39526],[33,19]],[[16210,39545],[21,62]],[[16231,39607],[38,31]],[[16269,39638],[1,36]],[[16270,39674],[47,69]],[[16317,39743],[29,8]],[[16346,39751],[11,62]],[[16357,39813],[87,28]],[[16444,39841],[41,50]],[[16485,39891],[38,-20]],[[16523,39871],[99,15]],[[16622,39886],[95,90]],[[16689,40105],[28,-129]],[[16689,40105],[0,55]],[[16662,40250],[27,-90]],[[16584,40279],[78,-29]],[[16573,40327],[11,-48]],[[16573,40327],[3,66]],[[16576,40393],[32,42]],[[16608,40435],[108,-23]],[[16716,40412],[99,-78]],[[16815,40334],[17,32]],[[16832,40366],[93,-16]],[[16919,40322],[6,28]],[[16919,40322],[62,-14]],[[16981,40308],[55,-38]],[[17036,40270],[7,-47]],[[17043,40223],[58,-4]],[[17101,40219],[46,-46]],[[17147,40173],[66,10]],[[17213,40183],[40,79]],[[17253,40262],[166,28]],[[17419,40290],[53,41]],[[17472,40331],[56,8]],[[17528,40339],[54,-36]],[[17582,40303],[49,6]],[[17631,40309],[6,45]],[[17637,40354],[36,50]],[[17626,40411],[47,-7]],[[17623,40438],[3,-27]],[[17623,40438],[55,46]],[[17678,40484],[44,55]],[[17722,40539],[22,72]],[[17693,40635],[51,-24]],[[17675,40666],[18,-31]],[[17675,40666],[87,90]],[[17728,40843],[34,-87]],[[17728,40843],[4,33]],[[17732,40876],[41,23]],[[17773,40899],[26,65]],[[17799,40964],[18,-5]],[[17817,40959],[17,52]],[[17774,41052],[60,-41]],[[17774,41052],[28,35]],[[17802,41087],[54,21]],[[17856,41108],[19,30]],[[17875,41138],[65,16]],[[17940,41154],[36,22]],[[17976,41176],[28,110]],[[18004,41286],[38,27]],[[18042,41313],[53,6]],[[18095,41319],[72,41]],[[18167,41360],[26,-23]],[[18193,41337],[3,-49]],[[18196,41288],[29,-3]],[[18225,41285],[18,-127]],[[18243,41158],[289,-54]],[[18532,41104],[40,20]],[[18572,41124],[27,-20]],[[18599,41104],[34,81]],[[18633,41185],[100,-6]],[[18733,41179],[6,-120]],[[18739,41059],[15,-26]],[[18754,41033],[57,-19]],[[18811,41014],[43,-61]],[[18821,40834],[33,119]],[[18789,40789],[32,45]],[[18789,40789],[15,-9]],[[18804,40780],[54,-91]],[[18858,40689],[38,-22]],[[18896,40667],[67,-12]],[[18963,40655],[50,17]],[[19013,40672],[60,-43]],[[19073,40629],[26,-41]],[[19099,40588],[36,-21]],[[19111,40499],[24,68]],[[19111,40499],[21,-51]],[[19132,40448],[41,-21]],[[19173,40427],[64,22]],[[19237,40449],[54,-58]],[[19291,40391],[100,-41]],[[19391,40350],[32,-62]],[[19423,40288],[56,12]],[[19479,40300],[46,-34]],[[19525,40266],[53,-16]],[[19567,40214],[11,36]],[[19567,40214],[21,-30]],[[19588,40184],[78,-47]],[[19666,40137],[34,21]],[[19700,40158],[66,14]],[[19766,40172],[23,-57]],[[19789,40115],[56,-28]],[[19845,40087],[23,-43]],[[19868,40044],[73,-25]],[[19941,40019],[81,2]],[[20022,40021],[36,-7]],[[20058,40014],[83,-50]],[[21833,17387],[38,-3]],[[21799,17362],[34,25]],[[21717,17337],[82,25]],[[21686,17296],[31,41]],[[21587,17297],[99,-1]],[[21560,17307],[27,-10]],[[21450,17256],[110,51]],[[26498,18082],[61,-56]],[[26451,18069],[47,13]],[[26428,18035],[23,34]],[[26319,17959],[109,76]],[[26299,17952],[20,7]],[[26258,18046],[41,-94]],[[26219,18030],[39,16]],[[26153,18041],[66,-11]],[[26079,18120],[74,-79]],[[26024,18092],[55,28]],[[26003,18043],[21,49]],[[25924,18038],[79,5]],[[25861,18058],[63,-20]],[[25747,18040],[114,18]],[[25712,18056],[35,-16]],[[25666,18039],[46,17]],[[25623,18041],[43,-2]],[[25531,17987],[92,54]],[[25471,17973],[60,14]],[[25440,17988],[31,-15]],[[25391,17952],[49,36]],[[25370,17993],[21,-41]],[[25320,17988],[50,5]],[[25220,17898],[100,90]],[[25163,17870],[57,28]],[[25069,17848],[94,22]],[[25024,17793],[45,55]],[[24957,17798],[67,-5]],[[24957,17798],[4,-59]],[[24903,17682],[58,57]],[[24802,17684],[101,-2]],[[24722,17720],[80,-36]],[[24693,17653],[29,67]],[[24627,17578],[66,75]],[[24627,17578],[3,-30]],[[24570,17501],[60,47]],[[24536,17504],[34,-3]],[[24419,17476],[117,28]],[[24371,17418],[48,58]],[[24298,17412],[73,6]],[[24249,17438],[49,-26]],[[24218,17401],[31,37]],[[24148,17424],[70,-23]],[[24041,17395],[107,29]],[[24040,17366],[1,29]],[[24009,17399],[31,-33]],[[23938,17388],[71,11]],[[23887,17409],[51,-21]],[[23826,17400],[61,9]],[[23733,17424],[93,-24]],[[23683,17445],[50,-21]],[[23669,17459],[14,-14]],[[23563,17489],[106,-30]],[[23525,17495],[38,-6]],[[23450,17549],[75,-54]],[[23369,17579],[81,-30]],[[23304,17530],[65,49]],[[23257,17577],[47,-47]],[[23180,17586],[77,-9]],[[23140,17596],[40,-10]],[[23089,17564],[51,32]],[[22989,17576],[100,-12]],[[22877,17611],[112,-35]],[[22813,17616],[64,-5]],[[22764,17578],[49,38]],[[22703,17551],[61,27]],[[22555,17533],[148,18]],[[22522,17496],[33,37]],[[22470,17521],[52,-25]],[[22411,17607],[59,-86]],[[22229,17572],[182,35]],[[22174,17555],[55,17]],[[22118,17561],[56,-6]],[[22083,17579],[35,-18]],[[22018,17563],[65,16]],[[21994,17543],[24,20]],[[21871,17384],[123,159]],[[29202,37770],[227,3]],[[29429,37773],[82,-39]],[[29511,37734],[64,84]],[[29575,37818],[61,-31]],[[29636,37787],[60,0]],[[29696,37787],[19,-29]],[[29715,37758],[67,-22]],[[29782,37736],[15,55]],[[29797,37791],[48,76]],[[29845,37867],[26,59]],[[29871,37926],[54,-51]],[[29925,37875],[85,45]],[[30010,37920],[36,-2]],[[30046,37918],[40,34]],[[30086,37952],[57,4]],[[30143,37956],[32,33]],[[30175,37989],[78,17]],[[30253,38006],[3,118]],[[30256,38124],[105,118]],[[30361,38242],[55,49]],[[30416,38291],[44,57]],[[30460,38348],[28,-26]],[[30488,38322],[78,14]],[[30566,38336],[31,54]],[[30593,38467],[4,-77]],[[30572,38504],[21,-37]],[[30572,38504],[67,47]],[[30639,38551],[20,67]],[[30654,38654],[5,-36]],[[30654,38654],[104,82]],[[30758,38736],[36,55]],[[30791,38817],[3,-26]],[[30787,38877],[4,-60]],[[30787,38877],[34,39]],[[30821,38916],[95,45]],[[30916,38961],[2,101]],[[30918,39062],[16,29]],[[30919,39152],[15,-61]],[[30919,39152],[44,119]],[[30963,39271],[52,26]],[[31015,39297],[44,-19]],[[31059,39278],[43,17]],[[31102,39295],[40,-28]],[[31142,39267],[26,16]],[[31168,39283],[46,-13]],[[31214,39270],[256,202]],[[31470,39472],[94,-6]],[[31564,39466],[102,6]],[[31666,39472],[28,16]],[[31694,39488],[332,51]],[[32026,39539],[345,56]],[[32371,39595],[287,47]],[[32658,39642],[496,45]],[[33154,39687],[71,7]],[[33225,39694],[207,95]],[[33432,39789],[191,5]],[[33623,39794],[187,-49]],[[33810,39745],[75,13]],[[33885,39758],[118,-42]],[[34003,39716],[22,32]],[[34025,39748],[79,12]],[[34104,39760],[38,-37]],[[34142,39723],[220,-21]],[[34362,39702],[127,54]],[[34489,39756],[104,58]],[[34593,39814],[43,23]],[[34636,39837],[45,91]],[[34681,39928],[72,30]],[[34753,39958],[149,28]],[[34902,39986],[117,-66]],[[35019,39920],[74,-17]],[[35093,39903],[54,19]],[[35147,39922],[45,15]],[[35192,39937],[43,115]],[[35235,40052],[59,0]],[[35294,40052],[101,-15]],[[35395,40037],[72,-46]],[[35467,39991],[145,42]],[[35612,40033],[343,73]],[[35955,40106],[193,43]],[[36148,40149],[72,-20]],[[36220,40129],[163,-64]],[[27692,687],[98,-53]],[[27559,790],[133,-103]],[[27394,961],[165,-171]],[[33679,651],[42,14]],[[33577,583],[102,68]],[[33530,529],[47,54]],[[33424,491],[106,38]],[[33335,443],[89,48]],[[33206,351],[129,92]],[[33092,258],[114,93]],[[33027,232],[65,26]],[[32928,220],[99,12]],[[32814,238],[114,-18]],[[32708,238],[106,0]],[[32701,256],[7,-18]],[[32504,197],[197,59]],[[32401,129],[103,68]],[[32341,104],[60,25]],[[32341,104],[3,-18]],[[32248,69],[96,17]],[[32066,15],[182,54]],[[31965,0],[101,15]],[[31922,4],[43,-4]],[[31859,30],[63,-26]],[[31828,25],[31,5]],[[31722,69],[106,-44]],[[31649,117],[73,-48]],[[31543,228],[106,-111]],[[31449,284],[94,-56]],[[31326,339],[123,-55]],[[31310,367],[16,-28]],[[31229,462],[81,-95]],[[31202,507],[27,-45]],[[31105,585],[97,-78]],[[31067,600],[38,-15]],[[30919,634],[148,-34]],[[30757,682],[162,-48]],[[30713,701],[44,-19]],[[30611,739],[102,-38]],[[30428,677],[183,62]],[[30388,677],[40,0]],[[30359,654],[29,23]],[[30226,602],[133,52]],[[30131,607],[95,-5]],[[30060,630],[71,-23]],[[29952,650],[108,-20]],[[29866,673],[86,-23]],[[29827,694],[39,-21]],[[29697,829],[130,-135]],[[29629,871],[68,-42]],[[29597,949],[32,-78]],[[29566,975],[31,-26]],[[29523,995],[43,-20]],[[29359,1002],[164,-7]],[[29279,1018],[80,-16]],[[29225,1015],[54,3]],[[29188,1007],[37,8]],[[29115,958],[73,49]],[[29114,891],[1,67]],[[29056,892],[58,-1]],[[28905,849],[151,43]],[[28778,807],[127,42]],[[28683,798],[95,9]],[[28633,806],[50,-8]],[[28511,860],[122,-54]],[[28435,866],[76,-6]],[[28344,847],[91,19]],[[28280,816],[64,31]],[[28114,694],[166,122]],[[27989,625],[125,69]],[[27876,607],[113,18]],[[27790,634],[86,-27]],[[32594,7838],[41,-59]],[[32528,7655],[107,124]],[[32528,7655],[25,-11]],[[32465,7514],[88,130]],[[32446,7459],[19,55]],[[32375,7347],[71,112]],[[32340,7357],[35,-10]],[[32220,7228],[120,129]],[[32220,7228],[3,-40]],[[32186,7147],[37,41]],[[32186,7147],[62,-38]],[[32248,7109],[43,-42]],[[32291,7067],[43,-16]],[[32322,7016],[12,35]],[[32322,7016],[14,-44]],[[32336,6972],[51,-26]],[[32387,6946],[96,-11]],[[32483,6935],[71,33]],[[32511,6878],[43,90]],[[32464,6813],[47,65]],[[32464,6813],[48,-58]],[[32459,6709],[53,46]],[[32459,6709],[25,-34]],[[32469,6568],[15,107]],[[32451,6490],[18,78]],[[32451,6490],[259,-102]],[[32710,6388],[103,5]],[[32813,6393],[119,22]],[[32932,6415],[38,14]],[[32970,6429],[53,-20]],[[33023,6409],[63,-34]],[[33086,6375],[7,-42]],[[33093,6333],[147,24]],[[33240,6357],[28,50]],[[33268,6407],[31,28]],[[33299,6435],[71,-15]],[[33370,6420],[43,-32]],[[33413,6388],[56,-67]],[[33382,6172],[87,149]],[[33382,6172],[19,-31]],[[33401,6141],[115,-61]],[[33516,6080],[35,-37]],[[33551,6043],[37,-21]],[[33588,6022],[30,203]],[[33618,6225],[90,-37]],[[33704,6126],[4,62]],[[33683,6063],[21,63]],[[33683,6063],[36,-35]],[[33694,5982],[25,46]],[[33694,5982],[105,-76]],[[33799,5906],[43,-3]],[[33842,5903],[10,-52]],[[33852,5851],[42,13]],[[33894,5864],[22,-48]],[[33871,5793],[45,23]],[[33871,5793],[35,-82]],[[33853,5723],[53,-12]],[[33797,5696],[56,27]],[[33773,5567],[24,129]],[[33747,5516],[26,51]],[[33693,5457],[54,59]],[[33664,5367],[29,90]],[[33664,5367],[21,-29]],[[33618,5052],[67,286]],[[33618,5052],[297,-76]],[[33907,4916],[8,60]],[[33876,4926],[31,-10]],[[33835,4911],[41,15]],[[33801,4945],[34,-34]],[[33752,4946],[49,-1]],[[33752,4946],[13,-281]],[[33765,4665],[58,14]],[[33823,4679],[115,66]],[[33938,4745],[41,-46]],[[33978,4676],[1,23]],[[33933,4649],[45,27]],[[33924,4607],[9,42]],[[33924,4607],[12,-171]],[[33884,4470],[52,-34]],[[33856,4519],[28,-49]],[[33837,4615],[19,-96]],[[33801,4616],[36,-1]],[[33801,4616],[13,-94]],[[33783,4511],[31,11]],[[33748,4539],[35,-28]],[[33724,4455],[24,84]],[[33724,4455],[45,-61]],[[33761,4326],[8,68]],[[33665,4414],[96,-88]],[[33648,4471],[17,-57]],[[33640,4552],[8,-81]],[[33607,4550],[33,2]],[[33579,4512],[28,38]],[[33568,4461],[11,51]],[[33534,4442],[34,19]],[[33507,4407],[27,35]],[[33507,4407],[52,-27]],[[33427,4290],[132,90]],[[33427,4290],[26,-44]],[[33385,4200],[68,46]],[[33385,4200],[46,-74]],[[33369,4097],[62,29]],[[33368,4055],[1,42]],[[33368,4055],[52,-24]],[[33420,4031],[39,-47]],[[33416,3943],[43,41]],[[33315,3926],[101,17]],[[33303,3891],[12,35]],[[33303,3891],[15,-41]],[[33291,3827],[27,23]],[[33265,3847],[26,-20]],[[33265,3847],[1,-194]],[[33235,3626],[31,27]],[[33235,3626],[27,-42]],[[33262,3584],[10,-55]],[[33232,3520],[40,9]],[[33232,3520],[65,-105]],[[33219,3359],[78,56]],[[33219,3359],[165,-264]],[[33346,3067],[38,28]],[[33346,3067],[65,-104]],[[33385,2927],[26,36]],[[33178,2927],[207,0]],[[33175,2644],[3,283]],[[33175,2644],[118,2]],[[33293,2646],[71,-29]],[[33364,2617],[0,-212]],[[33316,2378],[48,27]],[[33316,2378],[0,-97]],[[33316,2281],[0,-209]],[[33316,2072],[50,0]],[[33366,2072],[92,1]],[[33458,2073],[1,-221]],[[33459,1852],[50,0]],[[33509,1852],[138,-1]],[[33647,1851],[0,-126]],[[33647,1725],[1,-258]],[[33648,1467],[40,0]],[[33688,1467],[7,-50]],[[33644,1302],[51,115]],[[33591,1202],[53,100]],[[33591,1202],[56,-35]],[[33625,1122],[22,45]],[[33625,1122],[40,-25]],[[33665,1097],[5,-189]],[[33670,908],[93,35]],[[33763,943],[39,-81]],[[33738,880],[64,-18]],[[33723,849],[15,31]],[[33723,849],[12,-52]],[[33735,797],[32,7]],[[33767,804],[15,-80]],[[33719,723],[63,1]],[[33719,723],[2,-58]],[[4480,15974],[36,-65]],[[4403,16035],[77,-61]],[[4347,16061],[56,-26]],[[4288,16135],[59,-74]],[[4272,16234],[16,-99]],[[4166,16245],[106,-11]],[[4158,16296],[8,-51]],[[4158,16296],[34,4]],[[4167,16385],[25,-85]],[[4120,16433],[47,-48]],[[4097,16525],[23,-92]],[[3974,16521],[123,4]],[[3816,16605],[158,-84]],[[3751,16658],[65,-53]],[[3751,16658],[6,32]],[[3757,16690],[60,36]],[[3810,16792],[7,-66]],[[3810,16792],[43,-1]],[[3831,16827],[22,-36]],[[3831,16827],[8,35]],[[3787,16879],[52,-17]],[[3787,16879],[4,38]],[[3760,16966],[31,-49]],[[3720,16976],[40,-10]],[[3553,17101],[167,-125]],[[3167,17101],[386,0]],[[3167,17101],[0,75]],[[3167,17176],[37,22]],[[3153,17286],[51,-88]],[[3153,17286],[221,134]],[[3374,17420],[18,11]],[[3392,17431],[131,167]],[[3523,17598],[29,17]],[[3469,17748],[83,-133]],[[3469,17748],[23,14]],[[3418,17890],[74,-128]],[[3418,17890],[13,21]],[[3319,18089],[112,-178]],[[3173,18046],[146,43]],[[3134,18320],[39,-274]],[[3134,18320],[85,92]],[[3219,18412],[59,211]],[[3278,18623],[100,108]],[[3348,18865],[30,-134]],[[3348,18865],[18,93]],[[3323,19004],[43,-46]],[[3323,19004],[40,118]],[[3354,19141],[9,-19]],[[3354,19141],[10,330]],[[3364,19471],[34,97]],[[3398,19568],[49,8]],[[3447,19576],[10,26]],[[3457,19602],[34,211]],[[3245,19912],[246,-99]],[[3186,19624],[59,288]],[[2928,19636],[258,-12]],[[2836,19601],[92,35]],[[2806,19580],[30,21]],[[2771,19595],[35,-15]],[[2726,19589],[45,6]],[[2704,19679],[22,-90]],[[2680,19673],[24,6]],[[2666,19732],[14,-59]],[[2666,19732],[25,6]],[[2665,19843],[26,-105]],[[2608,20017],[57,-174]],[[2492,19988],[116,29]],[[2456,20116],[36,-128]],[[2416,20149],[40,-33]],[[2416,20149],[46,119]],[[2462,20268],[15,42]],[[2174,20630],[303,-320]],[[2094,20609],[80,21]],[[2066,20701],[28,-92]],[[1985,20680],[81,21]],[[1942,20814],[43,-134]],[[1942,20814],[26,9]],[[1909,21054],[59,-231]],[[1815,21029],[94,25]],[[1767,21015],[48,14]],[[1767,21015],[19,-55]],[[1576,20889],[210,71]],[[1488,21059],[88,-170]],[[1371,21452],[117,-393]],[[1150,21606],[221,-154]],[[888,21561],[262,45]],[[531,21877],[357,-316]],[[531,21877],[58,57]],[[483,22213],[106,-279]],[[479,22241],[4,-28]],[[479,22241],[20,73]],[[413,22418],[86,-104]],[[288,22543],[125,-125]],[[244,22676],[44,-133]],[[63,22784],[181,-108]],[[10,22883],[53,-99]],[[10,22883],[67,32]],[[55,22949],[22,-34]],[[0,22972],[55,-23]],[[0,22972],[7,69]],[[7,23041],[38,8]],[[45,23049],[7,45]],[[52,23094],[25,14]],[[77,23108],[48,75]],[[125,23183],[86,96]],[[211,23279],[77,39]],[[288,23318],[21,-58]],[[309,23260],[268,179]],[[577,23439],[80,-154]],[[657,23285],[57,45]],[[714,23330],[22,1]],[[736,23331],[82,-49]],[[818,23282],[20,44]],[[838,23326],[122,-82]],[[960,23244],[58,-30]],[[1018,23214],[119,-31]],[[1137,23183],[86,10]],[[1223,23193],[85,88]],[[1308,23281],[24,37]],[[1332,23318],[103,118]],[[1435,23436],[19,80]],[[1426,23541],[28,-25]],[[1426,23541],[36,32]],[[1455,23612],[7,-39]],[[1455,23612],[30,14]],[[1485,23626],[139,-80]],[[1624,23546],[111,-15]],[[1735,23531],[50,-25]],[[1785,23506],[26,-31]],[[1811,23475],[261,-215]],[[2072,23260],[99,-53]],[[2171,23207],[31,-40]],[[2202,23167],[67,-79]],[[2269,23088],[47,-40]],[[2316,23048],[50,13]],[[2366,23061],[42,63]],[[2408,23124],[4,68]],[[2412,23192],[26,55]],[[2438,23247],[87,20]],[[2525,23267],[75,-53]],[[2600,23214],[34,1]],[[2634,23215],[35,39]],[[2669,23254],[24,84]],[[2693,23338],[64,25]],[[7448,14516],[134,-51]],[[7330,14554],[118,-38]],[[7278,14650],[52,-96]],[[7160,14726],[118,-76]],[[7156,14757],[4,-31]],[[7107,14797],[49,-40]],[[7059,14701],[48,96]],[[6899,14768],[160,-67]],[[6839,14731],[60,37]],[[6738,14821],[101,-90]],[[6710,14858],[28,-37]],[[6668,14846],[42,12]],[[6590,14872],[78,-26]],[[6498,14888],[92,-16]],[[6417,14917],[81,-29]],[[6310,14799],[107,118]],[[6197,14891],[113,-92]],[[6188,14909],[9,-18]],[[5987,15015],[201,-106]],[[5957,14993],[30,22]],[[5857,15128],[100,-135]],[[5857,15128],[37,91]],[[5820,15283],[74,-64]],[[5786,15330],[34,-47]],[[5775,15391],[11,-61]],[[5714,15562],[61,-171]],[[5714,15562],[23,35]],[[5737,15597],[0,43]],[[5687,15680],[50,-40]],[[5629,15628],[58,52]],[[5602,15678],[27,-50]],[[5527,15594],[75,84]],[[5527,15594],[29,-33]],[[5495,15492],[61,69]],[[5392,15490],[103,2]],[[5340,15467],[52,23]],[[5278,15454],[62,13]],[[5197,15409],[81,45]],[[5099,15611],[98,-202]],[[5038,15587],[61,24]],[[4976,15593],[62,-6]],[[4976,15593],[14,148]],[[4779,15687],[211,54]],[[4723,15678],[56,9]],[[4697,15674],[26,4]],[[4656,15827],[41,-153]],[[4592,15830],[64,-3]],[[4516,15909],[76,-79]],[[49550,16984],[77,-12]],[[49627,16972],[218,-82]],[[49845,16890],[61,-34]],[[49906,16856],[72,-78]],[[49978,16778],[45,-107]],[[50023,16671],[0,-66]],[[50006,16417],[17,188]],[[50006,16417],[9,-52]],[[50015,16365],[50,-106]],[[50065,16259],[39,-58]],[[50104,16201],[84,-172]],[[50188,16029],[37,-103]],[[50225,15926],[93,-174]],[[50318,15752],[62,-87]],[[50380,15665],[37,-35]],[[50417,15630],[115,-50]],[[50532,15580],[136,-70]],[[50668,15510],[125,-53]],[[50793,15457],[216,-106]],[[51009,15351],[66,-17]],[[51075,15334],[234,-112]],[[51309,15222],[107,-61]],[[51416,15161],[139,-59]],[[51555,15102],[178,-118]],[[51733,14984],[49,-12]],[[51782,14972],[194,-23]],[[51976,14949],[205,-11]],[[52181,14938],[246,-74]],[[52427,14864],[152,-94]],[[52579,14770],[86,-21]],[[52665,14749],[53,3]],[[52718,14752],[114,52]],[[52832,14804],[39,31]],[[52871,14835],[112,25]],[[52983,14860],[120,13]],[[53103,14873],[43,17]],[[53146,14890],[30,37]],[[53174,14984],[2,-57]],[[53107,15054],[67,-70]],[[53040,15078],[67,-24]],[[52987,15131],[53,-53]],[[52927,15255],[60,-124]],[[52923,15306],[4,-51]],[[52923,15306],[31,44]],[[52954,15350],[62,18]],[[53016,15368],[90,-6]],[[53106,15362],[76,23]],[[53182,15385],[50,70]],[[53232,15455],[26,75]],[[53243,15567],[15,-37]],[[53139,15626],[104,-59]],[[53101,15661],[38,-35]],[[53101,15661],[22,55]],[[53123,15716],[63,41]],[[53186,15757],[53,21]],[[53239,15778],[92,1]],[[53331,15779],[42,-27]],[[53373,15752],[58,-81]],[[53431,15671],[73,-57]],[[53504,15614],[62,-17]],[[53566,15597],[77,10]],[[53643,15607],[38,-11]],[[53681,15596],[97,-107]],[[53778,15489],[61,-70]],[[53839,15419],[95,-84]],[[53934,15335],[71,-48]],[[54005,15287],[66,-21]],[[54071,15266],[80,25]],[[54151,15291],[24,39]],[[54175,15330],[14,65]],[[54184,15435],[5,-40]],[[54148,15531],[36,-96]],[[54148,15531],[70,162]],[[54218,15693],[34,49]],[[54252,15742],[110,-2]],[[54362,15740],[86,41]],[[54448,15781],[67,71]],[[54515,15852],[79,40]],[[54594,15892],[57,31]],[[54651,15923],[93,83]],[[54744,16006],[56,-14]],[[54800,15992],[42,11]],[[54842,16003],[99,65]],[[54941,16068],[55,58]],[[54996,16126],[116,3]],[[55112,16129],[53,24]],[[55165,16153],[48,41]],[[55213,16194],[74,19]],[[55287,16213],[124,49]],[[55411,16262],[113,59]],[[55524,16321],[74,66]],[[55598,16387],[23,78]],[[55621,16465],[82,47]],[[55703,16512],[87,17]],[[55790,16529],[87,53]],[[55877,16582],[69,79]],[[55946,16661],[85,28]],[[56031,16689],[49,-18]],[[56080,16671],[72,-49]],[[56152,16622],[100,-13]],[[56252,16609],[82,35]],[[56334,16644],[38,37]],[[56372,16681],[80,107]],[[56452,16788],[72,17]],[[56524,16805],[40,-17]],[[56564,16788],[71,-61]],[[56635,16727],[67,-21]],[[56702,16706],[99,9]],[[56801,16715],[43,16]],[[56844,16731],[58,-29]],[[56902,16702],[49,0]],[[56951,16702],[69,36]],[[57020,16738],[64,19]],[[57084,16757],[67,2]],[[57151,16759],[40,-63]],[[57191,16696],[29,-22]],[[57220,16674],[142,-50]],[[57362,16624],[95,-57]],[[57457,16567],[149,-31]],[[57606,16536],[119,-40]],[[57725,16496],[119,-32]],[[57844,16464],[143,-75]],[[57987,16389],[60,-50]],[[58047,16339],[99,-64]],[[58146,16275],[93,-105]],[[58239,16170],[159,-223]],[[58398,15947],[131,-134]],[[58529,15813],[25,-49]],[[58554,15764],[47,-149]],[[58601,15615],[26,-53]],[[58627,15562],[20,-71]],[[58647,15491],[-1,-81]],[[58646,15410],[43,-155]],[[58689,15255],[7,-90]],[[58615,15089],[81,76]],[[58585,15004],[30,85]],[[58585,15004],[16,-131]],[[58601,14873],[28,-59]],[[58629,14814],[23,-96]],[[58652,14718],[59,-96]],[[58711,14622],[11,-40]],[[58670,14585],[52,-3]],[[58663,14610],[7,-25]],[[58602,14637],[61,-27]],[[58503,14702],[99,-65]],[[58446,14752],[57,-50]],[[58426,14724],[20,28]],[[58397,14684],[29,40]],[[58391,14641],[6,43]],[[58391,14641],[17,-66]],[[58408,14575],[32,-222]],[[58440,14353],[25,-105]],[[58465,14248],[53,-78]],[[58518,14170],[81,-10]],[[58599,14160],[115,9]],[[58714,14169],[153,58]],[[58835,14180],[32,47]],[[58753,14092],[82,88]],[[58683,13955],[70,137]],[[58630,13829],[53,126]],[[58576,13628],[54,201]],[[58556,13509],[20,119]],[[58545,13361],[11,148]],[[58533,13282],[12,79]],[[58533,13282],[4,-44]],[[58513,13060],[24,178]],[[58501,12901],[12,159]],[[58479,12700],[22,201]],[[58479,12700],[9,-26]],[[58475,12581],[13,93]],[[58424,12297],[51,284]],[[58377,11995],[47,302]],[[58377,11995],[-10,-358]],[[58333,11634],[34,3]],[[58251,11565],[82,69]],[[58247,11524],[4,41]],[[58247,11524],[29,-122]],[[58276,11402],[17,-23]],[[58271,11282],[22,97]],[[58170,11093],[101,189]],[[58107,11002],[63,91]],[[58008,10871],[99,131]],[[57915,10765],[93,106]],[[57796,10683],[119,82]],[[57688,10628],[108,55]],[[57587,10611],[101,17]],[[57539,10617],[48,-6]],[[57528,10654],[11,-37]],[[57528,10654],[141,-2]],[[57669,10652],[76,43]],[[57745,10695],[3,45]],[[57748,10740],[123,15]],[[57871,10755],[39,34]],[[57910,10789],[130,154]],[[58040,10943],[49,50]],[[58089,10993],[26,56]],[[58115,11049],[45,53]],[[58160,11102],[15,46]],[[58175,11148],[86,126]],[[58209,11269],[52,5]],[[58122,11195],[87,74]],[[58054,11205],[68,-10]],[[58006,11135],[48,70]],[[57921,11063],[85,72]],[[57892,11077],[29,-14]],[[57739,11077],[153,0]],[[57625,11063],[114,14]],[[57557,11039],[68,24]],[[57215,10971],[342,68]],[[57183,10959],[32,12]],[[56901,10905],[282,54]],[[56744,10889],[157,16]],[[56502,10891],[242,-2]],[[56398,10872],[104,19]],[[56163,10850],[235,22]],[[56000,10823],[163,27]],[[55842,10779],[158,44]],[[55784,10746],[58,33]],[[55650,10686],[134,60]],[[55630,10712],[20,-26]],[[55462,10669],[168,43]],[[55230,10559],[232,110]],[[55147,10500],[83,59]],[[55000,10384],[147,116]],[[54835,10224],[165,160]],[[54653,10019],[182,205]],[[54439,9741],[214,278]],[[45133,23197],[4,-34]],[[45024,23215],[109,-18]],[[45024,23215],[11,72]],[[45035,23287],[39,56]],[[48951,29577],[7,-86]],[[48946,29436],[12,55]],[[48946,29436],[25,-32]],[[48971,29404],[47,31]],[[49005,29359],[13,76]],[[49005,29359],[44,-10]],[[49032,29312],[17,37]],[[49032,29312],[35,-54]],[[49067,29258],[70,-6]],[[49137,29252],[27,-77]],[[49164,29175],[35,-16]],[[49199,29159],[33,-66]],[[49232,29093],[63,-17]],[[49295,29076],[39,-42]],[[49243,29030],[91,4]],[[49243,29030],[35,-70]],[[49278,28960],[30,-17]],[[49308,28943],[42,9]],[[49350,28952],[0,-50]],[[49315,28777],[35,125]],[[49315,28777],[20,-28]],[[49335,28749],[36,-109]],[[49371,28640],[20,-18]],[[49391,28622],[45,21]],[[49436,28643],[18,-40]],[[49399,28550],[55,53]],[[49399,28550],[53,-52]],[[49452,28498],[86,-68]],[[49538,28430],[9,-48]],[[49515,28300],[32,82]],[[49515,28300],[59,-37]],[[49562,28203],[12,60]],[[49562,28203],[52,17]],[[49614,28220],[22,-86]],[[49631,28091],[5,43]],[[49631,28091],[37,-22]],[[49668,28069],[11,44]],[[49679,28113],[52,-96]],[[49705,28012],[26,5]],[[49705,28012],[14,-105]],[[49717,27865],[2,42]],[[49717,27865],[34,-94]],[[49751,27771],[6,-61]],[[49726,27668],[31,42]],[[49726,27668],[55,-16]],[[49781,27652],[22,-62]],[[49788,27539],[15,51]],[[49788,27539],[21,-30]],[[49761,27468],[48,41]],[[49761,27468],[24,-27]],[[49745,27409],[40,32]],[[49721,27365],[24,44]],[[49721,27365],[17,-44]],[[49715,27280],[23,41]],[[49715,27280],[-2,-69]],[[49656,27216],[57,-5]],[[49625,27202],[31,14]],[[49625,27202],[15,-75]],[[49640,27127],[16,-22]],[[49643,27057],[13,48]],[[49643,27057],[45,1]],[[49688,27058],[0,-56]],[[49688,27002],[16,-45]],[[49644,26963],[60,-6]],[[49613,26893],[31,70]],[[49613,26893],[11,-18]],[[49584,26834],[40,41]],[[49584,26834],[87,-80]],[[49661,26690],[10,64]],[[49606,26640],[55,50]],[[49606,26640],[19,-58]],[[49575,26589],[50,-7]],[[49540,26531],[35,58]],[[49540,26531],[35,-27]],[[49557,26464],[18,40]],[[49557,26464],[66,31]],[[49623,26495],[4,-60]],[[49627,26435],[47,-5]],[[49659,26378],[15,52]],[[49659,26378],[21,-41]],[[49643,26282],[37,55]],[[49643,26282],[60,-29]],[[49703,26253],[36,36]],[[49739,26289],[30,-29]],[[49762,26193],[7,67]],[[49762,26193],[45,-17]],[[49807,26176],[34,-71]],[[49789,26083],[52,22]],[[49733,26039],[56,44]],[[49733,26039],[12,-47]],[[49745,25992],[93,-1]],[[49838,25991],[25,-89]],[[49824,25855],[39,47]],[[49824,25855],[24,-50]],[[49795,25743],[53,62]],[[49785,25696],[10,47]],[[49736,25714],[49,-18]],[[49684,25708],[52,6]],[[49673,25634],[11,74]],[[49673,25634],[50,-19]],[[49700,25588],[23,27]],[[49660,25592],[40,-4]],[[49648,25543],[12,49]],[[49648,25543],[77,16]],[[49725,25559],[27,-41]],[[49703,25466],[49,52]],[[49622,25497],[81,-31]],[[49622,25497],[8,-48]],[[49595,25398],[35,51]],[[49547,25354],[48,44]],[[49533,25305],[14,49]],[[49488,25321],[45,-16]],[[49472,25278],[16,43]],[[49472,25278],[30,-119]],[[49425,25163],[77,-4]],[[49425,25163],[10,-73]],[[49383,25127],[52,-37]],[[49383,25127],[26,-78]],[[49409,25049],[60,8]],[[49456,25005],[13,52]],[[49456,25005],[9,-46]],[[49413,24980],[52,-21]],[[49388,24934],[25,46]],[[49388,24934],[45,-18]],[[49402,24877],[31,39]],[[49402,24877],[48,-23]],[[49450,24854],[76,-54]],[[49506,24747],[20,53]],[[49449,24664],[57,83]],[[49403,24660],[46,4]],[[49347,24615],[56,45]],[[49347,24615],[45,-65]],[[49314,24547],[78,3]],[[49293,24478],[21,69]],[[49262,24513],[31,-35]],[[49215,24511],[47,2]],[[49196,24562],[19,-51]],[[49165,24549],[31,13]],[[49165,24549],[25,-74]],[[49185,24441],[5,34]],[[49132,24447],[53,-6]],[[49132,24447],[24,61]],[[49125,24512],[31,-4]],[[49093,24477],[32,35]],[[49086,24353],[7,124]],[[49069,24298],[17,55]],[[49024,24288],[45,10]],[[49024,24288],[36,-54]],[[49060,24234],[61,11]],[[49121,24245],[26,-52]],[[49096,24159],[51,34]],[[49073,24188],[23,-29]],[[49001,24101],[72,87]],[[48968,24080],[33,21]],[[48947,24141],[21,-61]],[[48919,24097],[28,44]],[[48919,24097],[13,-69]],[[48926,23971],[6,57]],[[48899,23918],[27,53]],[[48899,23918],[34,-31]],[[48908,23852],[25,35]],[[48908,23852],[40,-39]],[[48921,23779],[27,34]],[[48921,23779],[41,-31]],[[48961,23816],[1,-68]],[[48961,23816],[23,14]],[[48984,23830],[37,-43]],[[49004,23713],[17,74]],[[48969,23678],[35,35]],[[48969,23678],[36,-29]],[[49005,23649],[73,23]],[[49078,23672],[40,-35]],[[49114,23571],[4,66]],[[49052,23586],[62,-15]],[[49052,23586],[7,-34]],[[49059,23552],[74,-23]],[[49052,23478],[81,51]],[[49052,23478],[47,-33]],[[49099,23445],[26,-57]],[[49086,23371],[39,17]],[[49062,23300],[24,71]],[[49032,23309],[30,-9]],[[49006,23238],[26,71]],[[49006,23238],[35,-32]],[[49015,23144],[26,62]],[[49015,23144],[20,-55]],[[49035,23089],[35,-19]],[[49041,23033],[29,37]],[[49013,23040],[28,-7]],[[49013,23040],[-3,-134]],[[48979,22915],[31,-9]],[[48959,22869],[20,46]],[[39119,4001],[204,-4]],[[38999,3977],[120,24]],[[38897,3930],[102,47]],[[38800,3907],[97,23]],[[38620,3855],[180,52]],[[38620,3855],[6,-22]],[[38542,3811],[84,22]],[[38476,3805],[66,6]],[[38421,3828],[55,-23]],[[38300,3845],[121,-17]],[[38258,3871],[42,-26]],[[38135,3896],[123,-25]],[[43611,4647],[82,15]],[[43577,4605],[34,42]],[[43509,4585],[68,20]],[[43457,4571],[52,14]],[[43356,4573],[101,-2]],[[43254,4596],[102,-23]],[[43156,4608],[98,-12]],[[43098,4665],[58,-57]],[[43029,4712],[69,-47]],[[42909,4774],[120,-62]],[[42844,4792],[65,-18]],[[42771,4790],[73,2]],[[42638,4758],[133,32]],[[42562,4724],[76,34]],[[42502,4723],[60,1]],[[42381,4747],[121,-24]],[[42263,4830],[118,-83]],[[42187,4819],[76,11]],[[42117,4797],[70,22]],[[41967,4732],[150,65]],[[41919,4729],[48,3]],[[41808,4749],[111,-20]],[[41764,4753],[44,-4]],[[41632,4727],[132,26]],[[41555,4718],[77,9]],[[41454,4730],[101,-12]],[[41368,4707],[86,23]],[[41222,4613],[146,94]],[[41083,4564],[139,49]],[[41009,4525],[74,39]],[[40918,4451],[91,74]],[[40651,4284],[267,167]],[[40616,4259],[35,25]],[[40522,4217],[94,42]],[[40279,4169],[243,48]],[[40278,4186],[1,-17]],[[40181,4202],[97,-16]],[[40070,4185],[111,17]],[[39993,4153],[77,32]],[[39899,4097],[94,56]],[[39899,4097],[6,-18]],[[39776,4052],[129,27]],[[39741,4053],[35,-1]],[[39597,4016],[144,37]],[[39462,3961],[135,55]],[[39323,3997],[139,-36]],[[38095,4017],[40,-121]],[[38003,4488],[92,-471]],[[38003,4488],[58,58]],[[38061,4546],[67,46]],[[38128,4592],[68,39]],[[38196,4631],[76,26]],[[38272,4657],[107,-10]],[[38372,4706],[7,-59]],[[38372,4706],[19,12]],[[38391,4718],[19,83]],[[38410,4801],[28,51]],[[38429,4948],[9,-96]],[[38398,5023],[31,-75]],[[38369,5015],[29,8]],[[38344,5117],[25,-102]],[[38344,5117],[4,40]],[[38348,5157],[28,15]],[[38366,5229],[10,-57]],[[38314,5210],[52,19]],[[38259,5205],[55,5]],[[38259,5316],[0,-111]],[[38259,5316],[55,25]],[[38314,5341],[45,-15]],[[38342,5390],[17,-64]],[[38267,5413],[75,-23]],[[38263,5561],[4,-148]],[[38019,5551],[244,10]],[[38012,5724],[7,-173]],[[37923,5723],[89,1]],[[37846,5808],[77,-85]],[[37798,5797],[48,11]],[[37730,5871],[68,-74]],[[37659,5852],[71,19]],[[37551,6044],[108,-192]],[[37534,6086],[17,-42]],[[37387,6212],[147,-126]],[[33721,665],[181,6]],[[38081,3888],[54,8]],[[37962,3845],[119,43]],[[37899,3811],[63,34]],[[37717,3755],[182,56]],[[37667,3745],[50,10]],[[37510,3607],[157,138]],[[37341,3517],[169,90]],[[37265,3494],[76,23]],[[37183,3444],[82,50]],[[36979,3355],[204,89]],[[36890,3347],[89,8]],[[36887,3364],[3,-17]],[[36752,3367],[135,-3]],[[36683,3356],[69,11]],[[36547,3300],[136,56]],[[36463,3246],[84,54]],[[36402,3165],[61,81]],[[36345,3066],[57,99]],[[36345,3066],[14,-13]],[[36300,2990],[59,63]],[[36212,2876],[88,114]],[[36184,2818],[28,58]],[[36138,2764],[46,54]],[[36100,2672],[38,92]],[[36034,2591],[66,81]],[[35971,2551],[63,40]],[[35847,2487],[124,64]],[[35775,2432],[72,55]],[[35765,2447],[10,-15]],[[35666,2362],[99,85]],[[35621,2306],[45,56]],[[35517,2248],[104,58]],[[35470,2208],[47,40]],[[35392,2139],[78,69]],[[35323,2039],[69,100]],[[35259,1925],[64,114]],[[35234,1830],[25,95]],[[35208,1770],[26,60]],[[35161,1742],[47,28]],[[35063,1618],[98,124]],[[35026,1536],[37,82]],[[35026,1536],[20,-25]],[[34862,1303],[184,208]],[[34806,1263],[56,40]],[[34741,1232],[65,31]],[[34668,1202],[73,30]],[[34654,1219],[14,-17]],[[34557,1126],[97,93]],[[34528,1081],[29,45]],[[34473,932],[55,149]],[[34395,839],[78,93]],[[34261,762],[134,77]],[[34157,697],[104,65]],[[34109,676],[48,21]],[[34015,653],[94,23]],[[34012,667],[3,-14]],[[33902,671],[110,-4]]],"transform":{"scale":[0.00016039892747484935,0.00010881912544213757],"translate":[20.263081077403246,43.61901922041906]},"objects":{"ro_admin_county_simplified_line":{"type":"GeometryCollection","geometries":[{"type":"MultiLineString","arcs":[[0],[1],[2],[3],[4],[5],[6],[7],[8],[9],[10],[11],[12],[13],[14],[15],[16],[17],[18],[19],[20],[21],[22],[23],[24],[25],[26],[27],[28],[29],[30],[31],[32],[33],[34],[35],[36],[37],[38],[39],[40],[41],[42],[43],[44],[45],[46],[47],[48],[49],[50],[51],[52],[53],[54],[55],[56],[57],[58],[59],[60],[61],[62],[63],[64],[65],[66],[67],[68],[69],[70],[71],[72],[73],[74],[75],[76],[77],[78],[79],[80],[81],[82],[83],[84],[85],[86],[87],[88],[89],[90],[91],[92],[93],[94],[95],[96],[97],[98],[99],[100],[101],[102],[103],[104],[105],[106],[107],[108],[109],[110],[111],[112],[113],[114],[115],[116],[117],[118],[119],[120],[121],[122],[123],[124],[125],[126],[127],[128],[129],[130],[131],[132],[133],[134],[135],[136],[137],[138],[139],[140],[141],[142],[143],[144],[145],[146],[147],[148],[149],[150],[151],[152],[153],[154],[155],[156],[157],[158],[159],[160],[161],[162],[163],[164],[165],[166],[167],[168],[169],[170],[171],[172],[173],[174],[175],[176],[177],[178],[179],[180],[181],[182],[183],[184],[185],[186],[187],[188],[189],[190],[191],[192],[193],[194],[195],[196],[197],[198],[199],[200],[201],[202],[203],[204],[205],[206],[207],[208]],"properties":{"id":1,"leftCounty":"Alba","leftId":10,"rightCounty":"Hunedoara","rightId":207,"version":"2025/03/26"}},{"type":"MultiLineString","arcs":[[209],[210],[211],[212],[213],[214],[215],[216],[217],[218],[219],[220]],"properties":{"id":2,"leftCounty":"Alba","leftId":10,"rightCounty":"Arad","rightId":29,"version":"2025/03/26"}},{"type":"MultiLineString","arcs":[[221],[222],[223],[224],[225],[226],[227],[228],[229],[230],[231],[232],[233],[234],[235],[236],[237],[238],[239],[240],[241],[242],[243],[244],[245],[246],[247],[248],[249],[250],[251],[252],[253],[254],[255],[256]],"properties":{"id":3,"leftCounty":"Alba","leftId":10,"rightCounty":"Bihor","rightId":56,"version":"2025/03/26"}},{"type":"MultiLineString","arcs":[[257],[258],[259],[260],[261],[262],[263],[264],[265],[266],[267],[268],[269],[270],[271],[272],[273],[274],[275],[276],[277],[278],[279],[280],[281],[282],[283],[284],[285],[286],[287],[288],[289],[290],[291],[292],[293],[294],[295],[296],[297],[298],[299],[300],[301],[302],[303],[304],[305],[306],[307],[308],[309],[310],[311],[312],[313],[314],[315],[316],[317],[318],[319],[320],[321],[322],[323],[324],[325],[326],[327],[328],[329],[330],[331],[332],[333],[334],[335],[336],[337],[338],[339],[340],[341],[342],[343],[344],[345],[346],[347],[348],[349],[350],[351],[352],[353],[354],[355],[356],[357],[358],[359],[360],[361],[362],[363],[364],[365],[366],[367],[368],[369],[370],[371],[372],[373],[374],[375],[376],[377],[378],[379],[380],[381],[382],[383],[384],[385],[386],[387],[388],[389],[390],[391],[392],[393],[394],[395],[396],[397],[398],[399],[400],[401],[402],[403],[404],[405],[406],[407],[408],[409],[410],[411],[412],[413],[414],[415],[416],[417],[418],[419],[420],[421],[422],[423],[424],[425],[426],[427],[428],[429],[430],[431],[432],[433],[434],[435]],"properties":{"id":4,"leftCounty":"Alba","leftId":10,"rightCounty":"Cluj","rightId":127,"version":"2025/03/26"}},{"type":"MultiLineString","arcs":[[436],[437],[438],[439],[440],[441],[442],[443],[444],[445],[446],[447],[448],[449],[450],[451],[452],[453],[454],[455],[456],[457],[458],[459],[460],[461],[462],[463],[464],[465],[466],[467],[468],[469],[470],[471],[472],[473],[474],[475],[476],[477],[478],[479],[480],[481],[482],[483],[484],[485],[486],[487],[488],[489],[490],[491],[492],[493]],"properties":{"id":5,"leftCounty":"Alba","leftId":10,"rightCounty":"Mureș","rightId":261,"version":"2025/03/26"}},{"type":"MultiLineString","arcs":[[494],[495],[496],[497],[498],[499],[500],[501],[502],[503],[504],[505],[506],[507],[508],[509],[510],[511],[512],[513],[514],[515],[516],[517],[518],[519],[520],[521],[522],[523],[524],[525],[526],[527],[528],[529],[530],[531],[532],[533],[534],[535],[536],[537],[538],[539],[540],[541],[542],[543],[544],[545],[546],[547],[548],[549],[550],[551],[552],[553],[554],[555],[556],[557],[558],[559],[560],[561],[562],[563],[564],[565],[566],[567],[568],[569],[570],[571],[572],[573],[574],[575],[576],[577],[578],[579],[580],[581],[582],[583],[584],[585],[586],[587],[588],[589],[590],[591],[592],[593],[594],[595],[596],[597],[598],[599],[600],[601],[602],[603],[604],[605],[606],[607],[608],[609],[610],[611],[612],[613],[614],[615],[616],[617],[618],[619],[620],[621],[622],[623],[624],[625],[626],[627],[628],[629],[630],[631],[632],[633],[634],[635],[636],[637],[638],[639],[640],[641],[642],[643],[644],[645],[646],[647],[648],[649],[650],[651],[652],[653],[654],[655],[656],[657],[658],[659],[660],[661],[662],[663],[664],[665],[666],[667],[668],[669],[670],[671],[672],[673],[674],[675],[676],[677],[678],[679],[680],[681],[682],[683],[684],[685],[686],[687],[688],[689],[690],[691],[692],[693],[694],[695],[696],[697],[698],[699],[700],[701],[702]],"properties":{"id":6,"leftCounty":"Alba","leftId":10,"rightCounty":"Sibiu","rightId":323,"version":"2025/03/26"}},{"type":"MultiLineString","arcs":[[703],[704],[705],[706],[707],[708],[709],[710],[711],[712],[713],[714],[715],[716],[717],[718]],"properties":{"id":7,"leftCounty":"Alba","leftId":10,"rightCounty":"Vâlcea","rightId":387,"version":"2025/03/26"}},{"type":"MultiLineString","arcs":[[719],[720],[721],[722],[723],[724],[725],[726],[727],[728],[729],[730],[731],[732],[733],[734],[735],[736],[737],[738],[739],[740],[741],[742],[743],[744],[745],[746],[747],[748],[749],[750],[751],[752],[753],[754],[755],[756],[757],[758],[759],[760],[761],[762],[763],[764],[765],[766],[767],[768],[769],[770],[771],[772],[773],[774],[775],[776],[777],[778],[779],[780],[781],[782],[783],[784],[785],[786],[787],[788],[789],[790],[791],[792],[793],[794],[795],[796],[797],[798],[799],[800],[801],[802],[803],[804],[805],[806],[807],[808],[809],[810],[811],[812],[813],[814],[815],[816],[817],[818],[819],[820],[821],[822],[823],[824],[825],[826],[827],[828],[829],[830],[831],[832],[833],[834],[835],[836],[837],[838],[839],[840],[841],[842],[843],[844],[845],[846],[847],[848],[849],[850],[851],[852],[853],[854],[855],[856],[857],[858],[859],[860],[861],[862],[863],[864],[865],[866],[867],[868],[869],[870],[871],[872],[873],[874],[875],[876],[877],[878],[879],[880],[881],[882],[883],[884],[885],[886],[887],[888],[889],[890],[891],[892],[893],[894],[895],[896],[897],[898],[899],[900],[901],[902],[903],[904],[905],[906],[907],[908],[909],[910],[911],[912],[913],[914],[915],[916],[917],[918],[919],[920],[921],[922],[923],[924],[925],[926],[927],[928],[929],[930],[931],[932],[933],[934],[935],[936],[937]],"properties":{"id":8,"leftCounty":"Arad","leftId":29,"rightCounty":"Timiș","rightId":350,"version":"2025/03/26"}},{"type":"MultiLineString","arcs":[[938],[939],[940],[941],[942],[943],[944],[945],[946],[947],[948],[949],[950],[951],[952],[953],[954],[955],[956],[957],[958],[959],[960],[961],[962],[963],[964],[965],[966],[967],[968],[969],[970],[971],[972],[973],[974],[975],[976],[977],[978],[979],[980],[981],[982],[983],[984],[985],[986],[987],[988],[989],[990],[991],[992],[993],[994],[995],[996],[997],[998],[999],[1000],[1001],[1002],[1003],[1004],[1005],[1006],[1007],[1008],[1009],[1010],[1011],[1012],[1013],[1014],[1015],[1016],[1017],[1018],[1019],[1020],[1021],[1022],[1023],[1024],[1025],[1026],[1027],[1028],[1029],[1030],[1031],[1032],[1033],[1034]],"properties":{"id":9,"leftCounty":"Arad","leftId":29,"rightCounty":null,"rightId":null,"version":"2025/03/26"}},{"type":"MultiLineString","arcs":[[1035],[1036],[1037],[1038],[1039],[1040],[1041],[1042],[1043],[1044],[1045],[1046],[1047],[1048],[1049],[1050],[1051],[1052],[1053],[1054],[1055],[1056],[1057],[1058],[1059],[1060],[1061],[1062],[1063],[1064],[1065],[1066],[1067],[1068],[1069],[1070],[1071],[1072],[1073],[1074],[1075],[1076],[1077],[1078],[1079],[1080],[1081],[1082],[1083],[1084],[1085],[1086],[1087],[1088],[1089],[1090],[1091],[1092],[1093],[1094],[1095],[1096],[1097],[1098],[1099],[1100],[1101],[1102],[1103],[1104],[1105],[1106],[1107],[1108],[1109],[1110],[1111],[1112],[1113],[1114],[1115],[1116],[1117],[1118],[1119],[1120],[1121],[1122],[1123],[1124],[1125],[1126],[1127],[1128],[1129],[1130],[1131],[1132],[1133],[1134],[1135],[1136],[1137],[1138],[1139],[1140],[1141],[1142],[1143],[1144],[1145],[1146],[1147],[1148],[1149],[1150],[1151],[1152],[1153],[1154],[1155],[1156],[1157],[1158],[1159],[1160],[1161],[1162],[1163],[1164],[1165],[1166],[1167],[1168],[1169],[1170],[1171],[1172],[1173],[1174],[1175],[1176],[1177],[1178],[1179],[1180],[1181],[1182],[1183],[1184],[1185],[1186],[1187],[1188],[1189],[1190],[1191],[1192],[1193],[1194],[1195],[1196],[1197],[1198],[1199],[1200],[1201],[1202],[1203],[1204],[1205],[1206],[1207],[1208],[1209],[1210]],"properties":{"id":10,"leftCounty":"Arad","leftId":29,"rightCounty":"Bihor","rightId":56,"version":"2025/03/26"}},{"type":"MultiLineString","arcs":[[1211],[1212],[1213],[1214],[1215],[1216],[1217],[1218],[1219],[1220],[1221],[1222],[1223],[1224],[1225],[1226],[1227],[1228],[1229],[1230],[1231],[1232],[1233],[1234],[1235],[1236],[1237],[1238],[1239],[1240],[1241],[1242],[1243],[1244],[1245],[1246],[1247],[1248],[1249],[1250],[1251],[1252],[1253],[1254],[1255],[1256],[1257],[1258],[1259],[1260],[1261],[1262],[1263],[1264],[1265],[1266],[1267],[1268],[1269],[1270],[1271],[1272],[1273],[1274],[1275],[1276],[1277],[1278],[1279],[1280],[1281],[1282],[1283],[1284],[1285],[1286],[1287],[1288],[1289],[1290],[1291],[1292],[1293],[1294],[1295],[1296],[1297],[1298],[1299],[1300],[1301],[1302],[1303],[1304],[1305],[1306],[1307]],"properties":{"id":11,"leftCounty":"Arad","leftId":29,"rightCounty":"Hunedoara","rightId":207,"version":"2025/03/26"}},{"type":"MultiLineString","arcs":[[1308],[1309],[1310],[1311],[1312],[1313],[1314],[1315],[1316],[1317],[1318],[1319],[1320],[1321],[1322],[1323],[1324],[1325],[1326],[1327],[1328],[1329],[1330],[1331],[1332],[1333],[1334],[1335],[1336],[1337],[1338],[1339],[1340],[1341],[1342],[1343],[1344],[1345],[1346],[1347],[1348],[1349],[1350],[1351],[1352],[1353],[1354],[1355],[1356],[1357],[1358],[1359],[1360],[1361],[1362],[1363],[1364],[1365],[1366],[1367],[1368],[1369],[1370],[1371],[1372],[1373],[1374],[1375],[1376],[1377],[1378],[1379],[1380],[1381],[1382],[1383],[1384],[1385],[1386],[1387],[1388],[1389],[1390],[1391],[1392],[1393],[1394],[1395],[1396],[1397],[1398],[1399],[1400],[1401],[1402],[1403],[1404],[1405],[1406],[1407],[1408],[1409],[1410],[1411],[1412],[1413],[1414],[1415],[1416],[1417]],"properties":{"id":12,"leftCounty":"Argeș","leftId":38,"rightCounty":"Olt","rightId":289,"version":"2025/03/26"}},{"type":"MultiLineString","arcs":[[1418],[1419],[1420],[1421],[1422],[1423],[1424],[1425],[1426],[1427],[1428],[1429],[1430],[1431],[1432],[1433],[1434],[1435],[1436],[1437],[1438],[1439],[1440],[1441],[1442],[1443],[1444],[1445],[1446],[1447],[1448],[1449],[1450],[1451],[1452],[1453],[1454],[1455],[1456],[1457],[1458],[1459],[1460],[1461],[1462],[1463],[1464],[1465],[1466],[1467],[1468],[1469],[1470],[1471],[1472],[1473],[1474],[1475],[1476],[1477],[1478],[1479],[1480],[1481],[1482],[1483],[1484],[1485],[1486],[1487],[1488],[1489],[1490],[1491],[1492],[1493],[1494],[1495],[1496],[1497],[1498],[1499],[1500],[1501],[1502],[1503],[1504],[1505],[1506],[1507],[1508],[1509],[1510],[1511],[1512],[1513],[1514],[1515],[1516],[1517],[1518],[1519],[1520],[1521],[1522],[1523],[1524],[1525],[1526],[1527],[1528],[1529],[1530],[1531],[1532],[1533],[1534],[1535],[1536],[1537],[1538],[1539],[1540],[1541],[1542],[1543],[1544],[1545],[1546],[1547],[1548],[1549],[1550],[1551],[1552]],"properties":{"id":13,"leftCounty":"Argeș","leftId":38,"rightCounty":"Vâlcea","rightId":387,"version":"2025/03/26"}},{"type":"MultiLineString","arcs":[[1553],[1554],[1555],[1556],[1557],[1558],[1559],[1560],[1561],[1562],[1563],[1564],[1565],[1566],[1567],[1568],[1569],[1570],[1571],[1572],[1573]],"properties":{"id":14,"leftCounty":"Argeș","leftId":38,"rightCounty":"Sibiu","rightId":323,"version":"2025/03/26"}},{"type":"MultiLineString","arcs":[[1574],[1575],[1576],[1577],[1578],[1579],[1580],[1581],[1582],[1583],[1584],[1585],[1586],[1587],[1588],[1589],[1590],[1591],[1592],[1593],[1594],[1595],[1596],[1597],[1598],[1599],[1600],[1601],[1602],[1603],[1604],[1605],[1606],[1607],[1608],[1609],[1610],[1611],[1612],[1613],[1614],[1615],[1616],[1617],[1618],[1619],[1620],[1621],[1622],[1623],[1624],[1625],[1626],[1627],[1628],[1629],[1630],[1631],[1632],[1633],[1634],[1635],[1636],[1637],[1638],[1639],[1640],[1641],[1642],[1643],[1644],[1645],[1646],[1647],[1648],[1649],[1650],[1651],[1652],[1653],[1654],[1655],[1656],[1657],[1658],[1659],[1660],[1661],[1662],[1663]],"properties":{"id":15,"leftCounty":"Argeș","leftId":38,"rightCounty":"Brașov","rightId":83,"version":"2025/03/26"}},{"type":"MultiLineString","arcs":[[1664],[1665],[1666],[1667],[1668],[1669],[1670],[1671],[1672],[1673],[1674],[1675],[1676],[1677],[1678],[1679],[1680],[1681],[1682],[1683],[1684],[1685],[1686],[1687],[1688],[1689],[1690],[1691],[1692],[1693],[1694],[1695],[1696],[1697],[1698],[1699],[1700],[1701],[1702],[1703],[1704],[1705],[1706],[1707],[1708],[1709],[1710],[1711],[1712],[1713],[1714],[1715],[1716],[1717],[1718],[1719],[1720],[1721],[1722],[1723],[1724],[1725],[1726],[1727],[1728],[1729],[1730],[1731],[1732],[1733],[1734],[1735],[1736],[1737],[1738],[1739],[1740],[1741],[1742],[1743],[1744],[1745],[1746],[1747],[1748],[1749],[1750],[1751],[1752],[1753],[1754],[1755],[1756],[1757],[1758],[1759],[1760],[1761],[1762],[1763],[1764],[1765],[1766],[1767],[1768],[1769],[1770],[1771],[1772],[1773],[1774],[1775],[1776],[1777],[1778],[1779],[1780],[1781],[1782],[1783],[1784],[1785],[1786],[1787],[1788],[1789],[1790],[1791],[1792],[1793],[1794],[1795],[1796],[1797],[1798],[1799],[1800],[1801],[1802],[1803],[1804],[1805],[1806],[1807],[1808],[1809],[1810],[1811],[1812],[1813],[1814],[1815],[1816],[1817],[1818],[1819],[1820],[1821],[1822],[1823],[1824],[1825],[1826],[1827],[1828],[1829],[1830],[1831],[1832],[1833],[1834],[1835],[1836],[1837],[1838],[1839],[1840],[1841],[1842],[1843],[1844],[1845],[1846],[1847],[1848],[1849],[1850],[1851],[1852]],"properties":{"id":16,"leftCounty":"Argeș","leftId":38,"rightCounty":"Dâmbovița","rightId":154,"version":"2025/03/26"}},{"type":"MultiLineString","arcs":[[1853],[1854],[1855],[1856],[1857],[1858],[1859],[1860],[1861],[1862],[1863],[1864],[1865],[1866],[1867],[1868],[1869],[1870],[1871],[1872],[1873]],"properties":{"id":17,"leftCounty":"Argeș","leftId":38,"rightCounty":"Teleorman","rightId":341,"version":"2025/03/26"}},{"type":"MultiLineString","arcs":[[1874],[1875],[1876],[1877],[1878],[1879],[1880],[1881],[1882],[1883],[1884],[1885],[1886],[1887],[1888],[1889],[1890],[1891],[1892],[1893],[1894],[1895],[1896],[1897],[1898],[1899],[1900],[1901],[1902],[1903],[1904],[1905],[1906],[1907],[1908],[1909],[1910],[1911],[1912],[1913],[1914],[1915],[1916],[1917],[1918],[1919],[1920],[1921],[1922],[1923],[1924],[1925],[1926],[1927],[1928],[1929],[1930],[1931],[1932],[1933],[1934],[1935],[1936],[1937],[1938],[1939],[1940],[1941],[1942],[1943],[1944],[1945],[1946],[1947],[1948],[1949],[1950],[1951],[1952],[1953],[1954],[1955],[1956],[1957],[1958],[1959],[1960],[1961],[1962],[1963],[1964],[1965],[1966],[1967],[1968],[1969],[1970],[1971],[1972],[1973],[1974],[1975],[1976],[1977],[1978],[1979],[1980],[1981],[1982],[1983],[1984],[1985],[1986],[1987],[1988],[1989],[1990],[1991],[1992],[1993],[1994],[1995],[1996],[1997],[1998],[1999],[2000],[2001],[2002],[2003],[2004],[2005],[2006],[2007],[2008],[2009],[2010],[2011],[2012],[2013],[2014],[2015],[2016],[2017],[2018],[2019],[2020],[2021],[2022],[2023],[2024],[2025],[2026],[2027],[2028],[2029],[2030],[2031]],"properties":{"id":18,"leftCounty":"Bacău","leftId":47,"rightCounty":"Vrancea","rightId":396,"version":"2025/03/26"}},{"type":"MultiLineString","arcs":[[2032],[2033],[2034],[2035],[2036],[2037],[2038],[2039],[2040],[2041],[2042],[2043],[2044],[2045],[2046],[2047],[2048],[2049],[2050],[2051],[2052],[2053],[2054],[2055],[2056],[2057],[2058],[2059],[2060],[2061],[2062],[2063],[2064],[2065],[2066],[2067],[2068],[2069],[2070],[2071]],"properties":{"id":19,"leftCounty":"Bacău","leftId":47,"rightCounty":"Covasna","rightId":145,"version":"2025/03/26"}},{"type":"MultiLineString","arcs":[[2072],[2073],[2074],[2075],[2076],[2077],[2078],[2079],[2080],[2081],[2082],[2083],[2084],[2085],[2086],[2087],[2088],[2089],[2090],[2091],[2092],[2093],[2094],[2095],[2096],[2097],[2098],[2099],[2100],[2101],[2102],[2103],[2104],[2105],[2106],[2107],[2108],[2109],[2110],[2111],[2112],[2113],[2114],[2115],[2116],[2117],[2118],[2119],[2120],[2121],[2122],[2123],[2124],[2125],[2126],[2127],[2128],[2129],[2130],[2131],[2132],[2133],[2134],[2135],[2136],[2137],[2138],[2139],[2140],[2141],[2142],[2143],[2144],[2145],[2146],[2147],[2148],[2149],[2150],[2151],[2152],[2153],[2154],[2155],[2156],[2157],[2158],[2159],[2160],[2161],[2162],[2163],[2164],[2165],[2166],[2167],[2168],[2169],[2170],[2171],[2172],[2173],[2174],[2175],[2176],[2177],[2178],[2179],[2180],[2181],[2182],[2183],[2184],[2185]],"properties":{"id":20,"leftCounty":"Bacău","leftId":47,"rightCounty":"Harghita","rightId":190,"version":"2025/03/26"}},{"type":"MultiLineString","arcs":[[2186],[2187],[2188],[2189],[2190],[2191],[2192],[2193],[2194],[2195],[2196],[2197],[2198],[2199],[2200],[2201],[2202],[2203],[2204],[2205],[2206],[2207],[2208],[2209],[2210],[2211],[2212],[2213],[2214],[2215],[2216],[2217],[2218],[2219],[2220],[2221],[2222],[2223],[2224],[2225],[2226],[2227],[2228],[2229],[2230],[2231],[2232],[2233],[2234],[2235],[2236],[2237],[2238],[2239],[2240],[2241],[2242],[2243],[2244],[2245],[2246],[2247],[2248],[2249],[2250],[2251],[2252],[2253],[2254],[2255],[2256],[2257],[2258],[2259],[2260],[2261],[2262],[2263],[2264],[2265],[2266],[2267],[2268],[2269],[2270],[2271],[2272],[2273],[2274],[2275],[2276],[2277],[2278],[2279],[2280],[2281],[2282],[2283],[2284],[2285],[2286],[2287],[2288],[2289],[2290],[2291],[2292],[2293],[2294],[2295],[2296],[2297],[2298],[2299],[2300],[2301],[2302],[2303],[2304],[2305],[2306],[2307],[2308],[2309],[2310],[2311],[2312],[2313],[2314],[2315],[2316],[2317],[2318],[2319],[2320],[2321],[2322],[2323],[2324],[2325],[2326],[2327],[2328],[2329],[2330],[2331],[2332],[2333],[2334],[2335],[2336],[2337],[2338],[2339],[2340],[2341],[2342],[2343],[2344],[2345],[2346],[2347],[2348],[2349],[2350],[2351],[2352],[2353],[2354],[2355],[2356],[2357],[2358],[2359],[2360],[2361],[2362],[2363],[2364],[2365],[2366],[2367],[2368],[2369],[2370],[2371],[2372],[2373],[2374],[2375],[2376],[2377],[2378],[2379],[2380],[2381],[2382]],"properties":{"id":21,"leftCounty":"Bacău","leftId":47,"rightCounty":"Neamț","rightId":270,"version":"2025/03/26"}},{"type":"MultiLineString","arcs":[[2383],[2384],[2385],[2386],[2387],[2388],[2389],[2390],[2391],[2392],[2393],[2394],[2395],[2396],[2397],[2398],[2399],[2400],[2401],[2402],[2403],[2404],[2405],[2406],[2407],[2408],[2409],[2410],[2411],[2412],[2413],[2414],[2415],[2416],[2417],[2418],[2419],[2420],[2421],[2422],[2423],[2424],[2425],[2426],[2427],[2428],[2429],[2430],[2431],[2432],[2433],[2434],[2435],[2436],[2437],[2438],[2439],[2440],[2441],[2442],[2443],[2444],[2445],[2446],[2447],[2448],[2449],[2450],[2451],[2452],[2453],[2454],[2455],[2456],[2457],[2458],[2459],[2460],[2461],[2462],[2463],[2464],[2465],[2466],[2467],[2468],[2469],[2470],[2471],[2472],[2473],[2474],[2475],[2476],[2477],[2478],[2479],[2480],[2481],[2482],[2483],[2484]],"properties":{"id":22,"leftCounty":"Bacău","leftId":47,"rightCounty":"Vaslui","rightId":378,"version":"2025/03/26"}},{"type":"MultiLineString","arcs":[[2485],[2486],[2487],[2488],[2489],[2490],[2491],[2492],[2493],[2494],[2495],[2496],[2497],[2498],[2499],[2500],[2501],[2502],[2503],[2504],[2505],[2506],[2507],[2508],[2509],[2510],[2511],[2512],[2513],[2514],[2515],[2516],[2517],[2518],[2519],[2520],[2521],[2522],[2523],[2524],[2525],[2526],[2527],[2528],[2529],[2530],[2531],[2532],[2533],[2534],[2535],[2536],[2537],[2538],[2539],[2540],[2541],[2542],[2543],[2544],[2545],[2546],[2547],[2548],[2549],[2550],[2551],[2552],[2553],[2554],[2555],[2556],[2557],[2558],[2559],[2560],[2561],[2562],[2563],[2564],[2565],[2566],[2567],[2568],[2569],[2570],[2571],[2572],[2573],[2574],[2575],[2576],[2577],[2578],[2579],[2580],[2581],[2582],[2583],[2584],[2585],[2586],[2587],[2588],[2589],[2590],[2591],[2592],[2593],[2594],[2595],[2596],[2597],[2598],[2599],[2600],[2601],[2602],[2603],[2604],[2605],[2606],[2607],[2608],[2609],[2610],[2611],[2612],[2613],[2614],[2615],[2616],[2617],[2618],[2619],[2620],[2621],[2622],[2623],[2624],[2625],[2626],[2627],[2628],[2629],[2630],[2631],[2632],[2633],[2634],[2635],[2636],[2637],[2638],[2639],[2640],[2641],[2642],[2643],[2644],[2645],[2646],[2647],[2648],[2649],[2650],[2651],[2652],[2653],[2654],[2655],[2656],[2657],[2658],[2659],[2660],[2661]],"properties":{"id":23,"leftCounty":"Bihor","leftId":56,"rightCounty":null,"rightId":null,"version":"2025/03/26"}},{"type":"MultiLineString","arcs":[[2662],[2663],[2664],[2665],[2666],[2667],[2668],[2669],[2670],[2671],[2672],[2673],[2674],[2675],[2676],[2677],[2678],[2679],[2680],[2681],[2682],[2683],[2684],[2685],[2686],[2687],[2688],[2689],[2690],[2691],[2692],[2693],[2694],[2695],[2696],[2697],[2698],[2699],[2700],[2701],[2702],[2703],[2704],[2705],[2706],[2707],[2708],[2709],[2710],[2711],[2712],[2713],[2714],[2715],[2716],[2717],[2718],[2719],[2720],[2721],[2722],[2723],[2724],[2725],[2726],[2727],[2728],[2729],[2730],[2731],[2732]],"properties":{"id":24,"leftCounty":"Bihor","leftId":56,"rightCounty":"Satu Mare","rightId":305,"version":"2025/03/26"}},{"type":"MultiLineString","arcs":[[2733],[2734],[2735],[2736],[2737],[2738],[2739],[2740],[2741],[2742],[2743],[2744],[2745],[2746],[2747],[2748],[2749],[2750],[2751],[2752],[2753],[2754],[2755],[2756],[2757],[2758],[2759],[2760],[2761],[2762],[2763],[2764],[2765],[2766],[2767],[2768],[2769],[2770],[2771],[2772],[2773],[2774],[2775],[2776],[2777],[2778],[2779],[2780],[2781],[2782],[2783],[2784],[2785],[2786],[2787],[2788],[2789],[2790],[2791],[2792],[2793],[2794],[2795],[2796],[2797],[2798],[2799],[2800],[2801],[2802],[2803],[2804],[2805],[2806],[2807],[2808],[2809],[2810],[2811],[2812],[2813],[2814],[2815],[2816],[2817],[2818],[2819],[2820]],"properties":{"id":25,"leftCounty":"Bihor","leftId":56,"rightCounty":"Sălaj","rightId":314,"version":"2025/03/26"}},{"type":"MultiLineString","arcs":[[2821],[2822],[2823],[2824],[2825],[2826],[2827],[2828],[2829],[2830],[2831],[2832],[2833],[2834],[2835],[2836],[2837],[2838],[2839],[2840],[2841],[2842],[2843],[2844],[2845],[2846],[2847],[2848],[2849],[2850],[2851],[2852],[2853],[2854],[2855],[2856],[2857],[2858],[2859],[2860],[2861],[2862],[2863],[2864],[2865],[2866],[2867],[2868],[2869],[2870],[2871],[2872],[2873],[2874],[2875],[2876],[2877],[2878],[2879],[2880],[2881],[2882],[2883],[2884],[2885],[2886],[2887],[2888],[2889],[2890],[2891],[2892],[2893],[2894],[2895],[2896],[2897],[2898],[2899],[2900]],"properties":{"id":26,"leftCounty":"Bihor","leftId":56,"rightCounty":"Cluj","rightId":127,"version":"2025/03/26"}},{"type":"MultiLineString","arcs":[[2901],[2902],[2903],[2904],[2905],[2906],[2907],[2908],[2909],[2910],[2911],[2912],[2913],[2914],[2915],[2916],[2917],[2918],[2919],[2920],[2921],[2922],[2923],[2924],[2925],[2926],[2927],[2928],[2929],[2930],[2931],[2932],[2933],[2934],[2935],[2936],[2937],[2938],[2939],[2940],[2941],[2942],[2943],[2944],[2945],[2946],[2947],[2948],[2949],[2950],[2951],[2952],[2953],[2954],[2955],[2956],[2957],[2958],[2959],[2960],[2961],[2962],[2963],[2964],[2965],[2966],[2967],[2968],[2969],[2970],[2971],[2972],[2973],[2974],[2975],[2976],[2977],[2978],[2979],[2980],[2981],[2982],[2983],[2984],[2985],[2986],[2987],[2988],[2989],[2990],[2991],[2992],[2993],[2994],[2995],[2996],[2997],[2998],[2999],[3000],[3001],[3002],[3003],[3004],[3005],[3006],[3007],[3008],[3009],[3010],[3011],[3012],[3013],[3014],[3015],[3016],[3017],[3018],[3019],[3020],[3021],[3022],[3023],[3024],[3025],[3026],[3027],[3028],[3029],[3030],[3031],[3032],[3033],[3034],[3035],[3036],[3037],[3038],[3039],[3040],[3041],[3042],[3043],[3044],[3045],[3046],[3047]],"properties":{"id":27,"leftCounty":"Bistrița-Năsăud","leftId":65,"rightCounty":"Mureș","rightId":261,"version":"2025/03/26"}},{"type":"MultiLineString","arcs":[[3048],[3049],[3050],[3051],[3052],[3053],[3054],[3055],[3056],[3057],[3058],[3059],[3060],[3061],[3062],[3063],[3064],[3065],[3066],[3067],[3068],[3069],[3070],[3071],[3072],[3073],[3074],[3075],[3076],[3077],[3078],[3079],[3080],[3081],[3082],[3083],[3084],[3085],[3086],[3087],[3088],[3089],[3090],[3091],[3092],[3093],[3094],[3095],[3096],[3097],[3098],[3099],[3100],[3101],[3102],[3103],[3104],[3105],[3106],[3107],[3108],[3109],[3110],[3111],[3112],[3113],[3114],[3115],[3116],[3117],[3118],[3119],[3120],[3121],[3122],[3123],[3124],[3125],[3126],[3127],[3128],[3129],[3130],[3131],[3132],[3133],[3134],[3135],[3136],[3137],[3138],[3139],[3140],[3141],[3142],[3143],[3144],[3145],[3146],[3147],[3148],[3149],[3150],[3151],[3152],[3153],[3154],[3155],[3156],[3157],[3158],[3159],[3160],[3161],[3162],[3163],[3164],[3165],[3166],[3167],[3168],[3169],[3170],[3171],[3172],[3173],[3174],[3175],[3176],[3177],[3178],[3179],[3180],[3181],[3182],[3183],[3184],[3185],[3186],[3187],[3188]],"properties":{"id":28,"leftCounty":"Bistrița-Năsăud","leftId":65,"rightCounty":"Cluj","rightId":127,"version":"2025/03/26"}},{"type":"MultiLineString","arcs":[[3189],[3190],[3191],[3192],[3193],[3194],[3195],[3196],[3197],[3198],[3199],[3200],[3201],[3202],[3203],[3204],[3205],[3206],[3207],[3208],[3209],[3210],[3211],[3212],[3213],[3214],[3215],[3216],[3217],[3218],[3219],[3220],[3221],[3222],[3223],[3224],[3225],[3226],[3227],[3228],[3229],[3230],[3231],[3232],[3233],[3234],[3235],[3236],[3237],[3238],[3239],[3240],[3241],[3242],[3243],[3244],[3245],[3246],[3247],[3248],[3249],[3250],[3251],[3252],[3253],[3254],[3255],[3256],[3257],[3258],[3259],[3260],[3261],[3262],[3263],[3264],[3265],[3266],[3267],[3268],[3269],[3270],[3271],[3272],[3273],[3274],[3275],[3276],[3277],[3278],[3279],[3280],[3281],[3282],[3283],[3284],[3285],[3286],[3287],[3288],[3289],[3290],[3291],[3292],[3293],[3294],[3295],[3296],[3297],[3298],[3299],[3300],[3301],[3302],[3303],[3304],[3305],[3306],[3307],[3308],[3309],[3310],[3311],[3312],[3313],[3314],[3315],[3316],[3317],[3318],[3319],[3320],[3321],[3322],[3323],[3324],[3325]],"properties":{"id":29,"leftCounty":"Bistrița-Năsăud","leftId":65,"rightCounty":"Maramureș","rightId":243,"version":"2025/03/26"}},{"type":"MultiLineString","arcs":[[3326],[3327],[3328],[3329],[3330],[3331],[3332],[3333],[3334],[3335],[3336],[3337],[3338],[3339],[3340],[3341],[3342],[3343],[3344],[3345],[3346],[3347],[3348],[3349],[3350],[3351],[3352],[3353],[3354],[3355],[3356],[3357],[3358],[3359],[3360],[3361],[3362],[3363],[3364],[3365],[3366],[3367],[3368],[3369],[3370],[3371],[3372],[3373],[3374],[3375],[3376],[3377],[3378],[3379],[3380],[3381],[3382],[3383],[3384],[3385],[3386],[3387],[3388],[3389],[3390],[3391],[3392],[3393],[3394],[3395],[3396],[3397],[3398],[3399],[3400],[3401],[3402],[3403],[3404],[3405],[3406],[3407],[3408],[3409],[3410],[3411],[3412],[3413],[3414],[3415],[3416],[3417],[3418],[3419]],"properties":{"id":30,"leftCounty":"Bistrița-Năsăud","leftId":65,"rightCounty":"Suceava","rightId":332,"version":"2025/03/26"}},{"type":"MultiLineString","arcs":[[3420],[3421],[3422],[3423],[3424],[3425],[3426],[3427],[3428],[3429],[3430],[3431],[3432],[3433],[3434],[3435],[3436],[3437],[3438],[3439],[3440],[3441],[3442],[3443],[3444],[3445],[3446],[3447],[3448],[3449],[3450],[3451],[3452],[3453],[3454],[3455],[3456],[3457],[3458],[3459],[3460],[3461],[3462],[3463],[3464],[3465],[3466],[3467],[3468],[3469],[3470],[3471],[3472],[3473],[3474],[3475],[3476],[3477],[3478],[3479],[3480],[3481],[3482],[3483],[3484],[3485],[3486],[3487],[3488],[3489],[3490],[3491],[3492],[3493],[3494],[3495],[3496],[3497],[3498],[3499],[3500],[3501],[3502],[3503],[3504],[3505],[3506],[3507],[3508],[3509],[3510],[3511],[3512],[3513],[3514],[3515],[3516],[3517],[3518],[3519],[3520],[3521],[3522],[3523],[3524],[3525],[3526],[3527],[3528],[3529],[3530],[3531],[3532],[3533],[3534],[3535],[3536],[3537],[3538],[3539],[3540],[3541],[3542],[3543],[3544],[3545],[3546],[3547],[3548],[3549],[3550],[3551],[3552],[3553],[3554],[3555],[3556],[3557],[3558],[3559],[3560],[3561]],"properties":{"id":31,"leftCounty":"Botoșani","leftId":74,"rightCounty":"Suceava","rightId":332,"version":"2025/03/26"}},{"type":"MultiLineString","arcs":[[3562],[3563],[3564],[3565],[3566],[3567],[3568],[3569],[3570],[3571],[3572],[3573],[3574],[3575],[3576],[3577],[3578],[3579],[3580],[3581],[3582],[3583],[3584],[3585],[3586],[3587],[3588],[3589],[3590],[3591],[3592],[3593],[3594],[3595],[3596],[3597],[3598],[3599],[3600],[3601],[3602],[3603],[3604],[3605],[3606],[3607],[3608],[3609],[3610],[3611],[3612],[3613],[3614],[3615],[3616],[3617],[3618],[3619],[3620],[3621],[3622],[3623],[3624],[3625],[3626],[3627],[3628],[3629],[3630],[3631],[3632],[3633],[3634],[3635],[3636],[3637],[3638],[3639],[3640],[3641],[3642],[3643],[3644],[3645],[3646],[3647],[3648],[3649],[3650],[3651],[3652],[3653],[3654],[3655],[3656],[3657],[3658],[3659],[3660],[3661],[3662],[3663],[3664],[3665],[3666],[3667],[3668],[3669],[3670],[3671],[3672],[3673],[3674],[3675],[3676],[3677],[3678],[3679],[3680],[3681],[3682],[3683],[3684],[3685],[3686],[3687],[3688],[3689],[3690],[3691],[3692],[3693],[3694],[3695],[3696],[3697],[3698],[3699],[3700],[3701],[3702],[3703],[3704],[3705],[3706],[3707],[3708],[3709],[3710],[3711],[3712],[3713],[3714],[3715],[3716],[3717],[3718],[3719],[3720],[3721],[3722],[3723],[3724],[3725],[3726],[3727],[3728],[3729],[3730],[3731],[3732],[3733],[3734],[3735],[3736],[3737],[3738],[3739],[3740],[3741],[3742],[3743],[3744],[3745],[3746],[3747],[3748],[3749],[3750],[3751],[3752],[3753],[3754],[3755],[3756],[3757],[3758],[3759],[3760],[3761],[3762],[3763],[3764],[3765],[3766],[3767],[3768],[3769],[3770],[3771],[3772],[3773],[3774],[3775],[3776],[3777],[3778],[3779],[3780],[3781],[3782],[3783],[3784],[3785],[3786],[3787],[3788],[3789],[3790],[3791],[3792],[3793],[3794],[3795],[3796],[3797],[3798],[3799],[3800],[3801],[3802],[3803],[3804],[3805],[3806],[3807],[3808],[3809],[3810],[3811],[3812],[3813],[3814],[3815],[3816],[3817],[3818],[3819],[3820],[3821],[3822],[3823],[3824],[3825],[3826],[3827],[3828],[3829]],"properties":{"id":32,"leftCounty":"Botoșani","leftId":74,"rightCounty":null,"rightId":null,"version":"2025/03/26"}},{"type":"MultiLineString","arcs":[[3830],[3831],[3832],[3833],[3834],[3835],[3836],[3837],[3838],[3839],[3840],[3841],[3842],[3843],[3844],[3845],[3846],[3847],[3848],[3849],[3850],[3851],[3852],[3853],[3854],[3855],[3856],[3857],[3858],[3859],[3860],[3861],[3862],[3863],[3864],[3865],[3866],[3867],[3868],[3869],[3870],[3871],[3872],[3873],[3874],[3875],[3876],[3877],[3878],[3879],[3880],[3881],[3882],[3883],[3884],[3885],[3886],[3887],[3888],[3889],[3890],[3891],[3892],[3893],[3894],[3895],[3896],[3897],[3898],[3899],[3900],[3901],[3902],[3903],[3904],[3905],[3906],[3907],[3908],[3909],[3910],[3911],[3912],[3913],[3914],[3915],[3916],[3917],[3918],[3919],[3920],[3921],[3922],[3923],[3924],[3925],[3926],[3927]],"properties":{"id":33,"leftCounty":"Botoșani","leftId":74,"rightCounty":"Iași","rightId":225,"version":"2025/03/26"}},{"type":"MultiLineString","arcs":[[3928],[3929],[3930],[3931],[3932],[3933],[3934],[3935],[3936],[3937],[3938],[3939],[3940],[3941],[3942],[3943],[3944],[3945],[3946],[3947],[3948],[3949],[3950],[3951],[3952],[3953],[3954],[3955],[3956],[3957],[3958],[3959],[3960],[3961],[3962],[3963],[3964],[3965],[3966],[3967],[3968],[3969],[3970],[3971],[3972],[3973],[3974],[3975],[3976],[3977],[3978],[3979],[3980],[3981],[3982],[3983],[3984],[3985],[3986],[3987],[3988],[3989],[3990],[3991],[3992],[3993],[3994],[3995],[3996],[3997],[3998],[3999],[4000],[4001],[4002],[4003],[4004],[4005],[4006],[4007],[4008],[4009],[4010],[4011],[4012],[4013],[4014],[4015],[4016],[4017],[4018],[4019],[4020],[4021],[4022],[4023],[4024],[4025],[4026],[4027],[4028],[4029],[4030],[4031],[4032],[4033]],"properties":{"id":34,"leftCounty":"Brașov","leftId":83,"rightCounty":"Sibiu","rightId":323,"version":"2025/03/26"}},{"type":"MultiLineString","arcs":[[4034],[4035],[4036],[4037],[4038],[4039],[4040],[4041],[4042],[4043],[4044],[4045],[4046],[4047],[4048],[4049],[4050],[4051],[4052],[4053],[4054],[4055],[4056],[4057],[4058],[4059],[4060],[4061]],"properties":{"id":35,"leftCounty":"Brașov","leftId":83,"rightCounty":"Mureș","rightId":261,"version":"2025/03/26"}},{"type":"MultiLineString","arcs":[[4062],[4063],[4064],[4065],[4066],[4067],[4068],[4069],[4070],[4071],[4072],[4073],[4074],[4075],[4076],[4077],[4078],[4079],[4080],[4081],[4082],[4083],[4084],[4085],[4086],[4087],[4088],[4089],[4090],[4091],[4092],[4093],[4094],[4095],[4096],[4097],[4098],[4099],[4100],[4101],[4102],[4103]],"properties":{"id":36,"leftCounty":"Brașov","leftId":83,"rightCounty":"Harghita","rightId":190,"version":"2025/03/26"}},{"type":"MultiLineString","arcs":[[4104],[4105],[4106],[4107],[4108],[4109],[4110],[4111],[4112],[4113],[4114],[4115],[4116],[4117],[4118],[4119],[4120],[4121],[4122],[4123],[4124],[4125],[4126],[4127],[4128],[4129],[4130],[4131],[4132],[4133],[4134],[4135],[4136],[4137],[4138],[4139],[4140],[4141],[4142],[4143],[4144],[4145],[4146],[4147],[4148],[4149],[4150],[4151],[4152],[4153],[4154],[4155],[4156],[4157],[4158],[4159],[4160],[4161],[4162],[4163],[4164],[4165],[4166],[4167],[4168],[4169],[4170],[4171],[4172],[4173],[4174],[4175],[4176],[4177],[4178],[4179],[4180],[4181],[4182],[4183],[4184],[4185],[4186],[4187],[4188],[4189],[4190],[4191],[4192],[4193],[4194],[4195],[4196],[4197],[4198],[4199],[4200],[4201],[4202],[4203],[4204],[4205],[4206],[4207],[4208],[4209],[4210],[4211],[4212],[4213],[4214],[4215],[4216],[4217],[4218],[4219],[4220],[4221],[4222],[4223],[4224],[4225],[4226],[4227],[4228],[4229],[4230],[4231],[4232],[4233],[4234],[4235],[4236],[4237],[4238],[4239],[4240],[4241],[4242],[4243],[4244],[4245],[4246],[4247],[4248],[4249],[4250],[4251],[4252],[4253],[4254],[4255],[4256],[4257],[4258],[4259],[4260],[4261],[4262],[4263],[4264],[4265],[4266],[4267],[4268],[4269],[4270],[4271],[4272],[4273],[4274],[4275],[4276],[4277],[4278],[4279],[4280],[4281],[4282],[4283]],"properties":{"id":37,"leftCounty":"Brașov","leftId":83,"rightCounty":"Covasna","rightId":145,"version":"2025/03/26"}},{"type":"MultiLineString","arcs":[[4284],[4285],[4286]],"properties":{"id":38,"leftCounty":"Brașov","leftId":83,"rightCounty":"Buzău","rightId":109,"version":"2025/03/26"}},{"type":"MultiLineString","arcs":[[4287],[4288],[4289],[4290],[4291],[4292],[4293],[4294],[4295],[4296],[4297],[4298],[4299],[4300],[4301],[4302],[4303],[4304],[4305],[4306],[4307],[4308],[4309],[4310],[4311],[4312],[4313],[4314],[4315],[4316],[4317],[4318],[4319],[4320],[4321],[4322],[4323],[4324],[4325],[4326],[4327],[4328],[4329],[4330],[4331],[4332],[4333],[4334],[4335],[4336],[4337],[4338],[4339],[4340],[4341],[4342],[4343],[4344],[4345],[4346],[4347],[4348],[4349],[4350],[4351],[4352],[4353],[4354],[4355],[4356],[4357],[4358],[4359],[4360],[4361],[4362],[4363],[4364],[4365],[4366]],"properties":{"id":39,"leftCounty":"Brașov","leftId":83,"rightCounty":"Prahova","rightId":298,"version":"2025/03/26"}},{"type":"MultiLineString","arcs":[[4367],[4368],[4369],[4370],[4371],[4372],[4373],[4374],[4375],[4376],[4377],[4378],[4379],[4380],[4381],[4382],[4383]],"properties":{"id":40,"leftCounty":"Brașov","leftId":83,"rightCounty":"Dâmbovița","rightId":154,"version":"2025/03/26"}},{"type":"MultiLineString","arcs":[[4384],[4385],[4386],[4387],[4388],[4389],[4390],[4391],[4392],[4393],[4394],[4395],[4396],[4397],[4398],[4399],[4400],[4401],[4402],[4403],[4404],[4405],[4406],[4407],[4408],[4409],[4410],[4411],[4412],[4413],[4414],[4415],[4416],[4417],[4418],[4419],[4420],[4421],[4422],[4423],[4424],[4425],[4426],[4427],[4428],[4429],[4430],[4431],[4432],[4433],[4434],[4435],[4436],[4437]],"properties":{"id":41,"leftCounty":"Brăila","leftId":92,"rightCounty":"Ialomița","rightId":216,"version":"2025/03/26"}},{"type":"MultiLineString","arcs":[[4438],[4439],[4440],[4441],[4442],[4443],[4444],[4445],[4446],[4447],[4448],[4449],[4450],[4451],[4452],[4453],[4454],[4455],[4456],[4457],[4458],[4459],[4460],[4461],[4462],[4463],[4464],[4465],[4466],[4467],[4468],[4469],[4470],[4471],[4472],[4473],[4474],[4475],[4476],[4477],[4478],[4479],[4480],[4481],[4482],[4483],[4484],[4485],[4486],[4487],[4488],[4489],[4490],[4491],[4492],[4493],[4494],[4495],[4496],[4497],[4498],[4499],[4500],[4501],[4502],[4503],[4504],[4505],[4506],[4507],[4508],[4509],[4510],[4511],[4512],[4513],[4514],[4515],[4516],[4517],[4518],[4519],[4520],[4521],[4522],[4523],[4524],[4525],[4526],[4527],[4528],[4529],[4530],[4531],[4532],[4533],[4534],[4535],[4536],[4537],[4538],[4539],[4540],[4541],[4542],[4543],[4544]],"properties":{"id":42,"leftCounty":"Brăila","leftId":92,"rightCounty":"Buzău","rightId":109,"version":"2025/03/26"}},{"type":"MultiLineString","arcs":[[4545],[4546],[4547],[4548],[4549],[4550],[4551]],"properties":{"id":43,"leftCounty":"Brăila","leftId":92,"rightCounty":"Vrancea","rightId":396,"version":"2025/03/26"}},{"type":"MultiLineString","arcs":[[4552],[4553],[4554],[4555],[4556],[4557],[4558],[4559],[4560],[4561],[4562],[4563],[4564],[4565],[4566],[4567],[4568],[4569],[4570],[4571],[4572],[4573],[4574],[4575],[4576],[4577],[4578],[4579],[4580],[4581],[4582],[4583],[4584],[4585],[4586],[4587],[4588],[4589],[4590],[4591],[4592],[4593],[4594],[4595],[4596],[4597],[4598],[4599],[4600],[4601],[4602],[4603],[4604],[4605],[4606],[4607],[4608],[4609],[4610],[4611],[4612],[4613],[4614],[4615],[4616],[4617],[4618],[4619],[4620],[4621],[4622],[4623],[4624]],"properties":{"id":44,"leftCounty":"Brăila","leftId":92,"rightCounty":"Galați","rightId":172,"version":"2025/03/26"}},{"type":"MultiLineString","arcs":[[4625],[4626],[4627],[4628],[4629],[4630],[4631],[4632],[4633],[4634],[4635],[4636],[4637],[4638],[4639],[4640],[4641],[4642],[4643],[4644],[4645],[4646],[4647],[4648],[4649],[4650],[4651],[4652],[4653],[4654],[4655],[4656],[4657],[4658],[4659],[4660],[4661],[4662],[4663],[4664],[4665],[4666],[4667],[4668],[4669],[4670],[4671],[4672],[4673],[4674],[4675],[4676],[4677],[4678],[4679],[4680],[4681],[4682],[4683],[4684],[4685],[4686],[4687],[4688],[4689],[4690],[4691],[4692],[4693],[4694],[4695],[4696],[4697],[4698],[4699]],"properties":{"id":45,"leftCounty":"Brăila","leftId":92,"rightCounty":"Tulcea","rightId":369,"version":"2025/03/26"}},{"type":"MultiLineString","arcs":[[4700],[4701],[4702],[4703],[4704],[4705],[4706],[4707],[4708],[4709],[4710],[4711],[4712],[4713],[4714],[4715],[4716]],"properties":{"id":46,"leftCounty":"Brăila","leftId":92,"rightCounty":"Constanța","rightId":136,"version":"2025/03/26"}},{"type":"MultiLineString","arcs":[[4717],[4718],[4719],[4720],[4721],[4722],[4723],[4724],[4725],[4726],[4727],[4728],[4729],[4730],[4731],[4732],[4733],[4734],[4735],[4736],[4737],[4738],[4739],[4740],[4741],[4742],[4743],[4744],[4745],[4746],[4747],[4748],[4749],[4750],[4751],[4752],[4753],[4754],[4755],[4756],[4757],[4758],[4759],[4760],[4761],[4762],[4763],[4764],[4765],[4766],[4767],[4768],[4769],[4770],[4771],[4772],[4773],[4774],[4775],[4776],[4777],[4778],[4779],[4780],[4781],[4782],[4783],[4784],[4785],[4786],[4787],[4788],[4789],[4790],[4791],[4792],[4793],[4794],[4795],[4796],[4797],[4798],[4799],[4800],[4801],[4802],[4803],[4804],[4805],[4806],[4807],[4808],[4809],[4810],[4811],[4812],[4813],[4814],[4815],[4816],[4817],[4818],[4819],[4820],[4821],[4822],[4823],[4824],[4825],[4826],[4827],[4828],[4829],[4830],[4831],[4832],[4833],[4834],[4835],[4836],[4837],[4838],[4839],[4840],[4841],[4842],[4843],[4844],[4845],[4846],[4847],[4848],[4849],[4850],[4851],[4852],[4853],[4854],[4855],[4856],[4857],[4858],[4859],[4860],[4861],[4862],[4863],[4864],[4865],[4866]],"properties":{"id":47,"leftCounty":"Buzău","leftId":109,"rightCounty":"Prahova","rightId":298,"version":"2025/03/26"}},{"type":"MultiLineString","arcs":[[4867],[4868],[4869],[4870],[4871],[4872],[4873],[4874],[4875],[4876],[4877],[4878],[4879],[4880],[4881],[4882],[4883],[4884],[4885],[4886],[4887],[4888],[4889],[4890],[4891],[4892],[4893],[4894],[4895],[4896],[4897],[4898],[4899],[4900],[4901],[4902],[4903],[4904],[4905],[4906],[4907],[4908],[4909],[4910],[4911],[4912],[4913],[4914],[4915],[4916],[4917],[4918],[4919],[4920],[4921],[4922],[4923],[4924],[4925],[4926],[4927],[4928],[4929],[4930],[4931],[4932],[4933],[4934]],"properties":{"id":48,"leftCounty":"Buzău","leftId":109,"rightCounty":"Covasna","rightId":145,"version":"2025/03/26"}},{"type":"MultiLineString","arcs":[[4935],[4936],[4937],[4938],[4939],[4940],[4941],[4942],[4943],[4944],[4945],[4946],[4947],[4948],[4949],[4950],[4951],[4952],[4953],[4954],[4955],[4956],[4957],[4958],[4959],[4960],[4961],[4962],[4963],[4964],[4965],[4966],[4967],[4968],[4969],[4970],[4971],[4972],[4973],[4974],[4975],[4976],[4977],[4978],[4979],[4980],[4981],[4982],[4983],[4984],[4985],[4986],[4987],[4988],[4989],[4990],[4991],[4992],[4993],[4994],[4995],[4996],[4997],[4998],[4999],[5000],[5001],[5002],[5003],[5004],[5005],[5006],[5007],[5008],[5009],[5010],[5011],[5012],[5013],[5014],[5015],[5016],[5017],[5018],[5019],[5020],[5021],[5022],[5023],[5024],[5025],[5026],[5027],[5028],[5029],[5030],[5031],[5032],[5033],[5034],[5035],[5036],[5037],[5038],[5039],[5040],[5041],[5042],[5043],[5044],[5045],[5046],[5047],[5048],[5049],[5050],[5051],[5052],[5053],[5054],[5055],[5056],[5057],[5058],[5059],[5060],[5061],[5062],[5063],[5064],[5065],[5066],[5067],[5068],[5069],[5070],[5071],[5072],[5073],[5074],[5075],[5076],[5077],[5078],[5079],[5080],[5081],[5082],[5083],[5084],[5085],[5086],[5087],[5088]],"properties":{"id":49,"leftCounty":"Buzău","leftId":109,"rightCounty":"Vrancea","rightId":396,"version":"2025/03/26"}},{"type":"MultiLineString","arcs":[[5089],[5090],[5091],[5092],[5093],[5094],[5095],[5096],[5097],[5098],[5099],[5100],[5101],[5102],[5103],[5104],[5105],[5106],[5107],[5108],[5109],[5110],[5111],[5112],[5113],[5114],[5115],[5116],[5117],[5118],[5119],[5120],[5121],[5122],[5123],[5124],[5125],[5126],[5127],[5128],[5129],[5130],[5131],[5132],[5133],[5134],[5135]],"properties":{"id":50,"leftCounty":"Buzău","leftId":109,"rightCounty":"Ialomița","rightId":216,"version":"2025/03/26"}},{"type":"MultiLineString","arcs":[[5136],[5137],[5138],[5139],[5140],[5141],[5142],[5143],[5144],[5145],[5146],[5147],[5148],[5149],[5150],[5151],[5152],[5153],[5154],[5155],[5156],[5157],[5158],[5159],[5160],[5161],[5162],[5163],[5164],[5165],[5166],[5167],[5168],[5169],[5170],[5171],[5172],[5173],[5174],[5175],[5176],[5177],[5178],[5179],[5180],[5181],[5182],[5183],[5184],[5185],[5186],[5187],[5188],[5189],[5190],[5191],[5192],[5193],[5194],[5195],[5196],[5197],[5198],[5199],[5200],[5201],[5202],[5203],[5204],[5205],[5206],[5207],[5208],[5209],[5210],[5211],[5212],[5213],[5214],[5215],[5216],[5217],[5218],[5219],[5220],[5221],[5222],[5223],[5224],[5225],[5226],[5227],[5228],[5229],[5230],[5231],[5232],[5233],[5234],[5235],[5236],[5237],[5238],[5239],[5240],[5241],[5242],[5243],[5244],[5245],[5246],[5247],[5248],[5249],[5250],[5251],[5252],[5253],[5254],[5255],[5256],[5257],[5258],[5259],[5260],[5261],[5262],[5263],[5264],[5265],[5266]],"properties":{"id":51,"leftCounty":"Caraș-Severin","leftId":118,"rightCounty":null,"rightId":null,"version":"2025/03/26"}},{"type":"MultiLineString","arcs":[[5267],[5268],[5269],[5270],[5271],[5272],[5273],[5274],[5275],[5276],[5277],[5278],[5279],[5280],[5281],[5282],[5283],[5284],[5285],[5286],[5287],[5288],[5289],[5290],[5291],[5292],[5293],[5294],[5295],[5296],[5297],[5298],[5299],[5300],[5301],[5302],[5303],[5304],[5305],[5306],[5307],[5308],[5309],[5310],[5311],[5312],[5313],[5314],[5315],[5316],[5317],[5318],[5319],[5320],[5321],[5322],[5323],[5324],[5325],[5326],[5327],[5328],[5329],[5330],[5331],[5332],[5333],[5334],[5335],[5336],[5337],[5338],[5339],[5340],[5341],[5342],[5343],[5344],[5345],[5346],[5347],[5348],[5349],[5350],[5351],[5352],[5353],[5354],[5355],[5356],[5357],[5358],[5359],[5360],[5361],[5362],[5363],[5364],[5365],[5366],[5367],[5368],[5369],[5370],[5371],[5372],[5373],[5374],[5375],[5376],[5377],[5378],[5379],[5380],[5381],[5382],[5383],[5384],[5385],[5386],[5387],[5388],[5389],[5390],[5391],[5392],[5393],[5394],[5395],[5396],[5397],[5398],[5399],[5400],[5401],[5402],[5403],[5404],[5405],[5406],[5407],[5408],[5409],[5410],[5411],[5412],[5413],[5414],[5415],[5416],[5417],[5418],[5419],[5420],[5421],[5422],[5423],[5424],[5425],[5426],[5427],[5428],[5429],[5430],[5431],[5432],[5433],[5434],[5435],[5436],[5437],[5438],[5439],[5440],[5441],[5442],[5443],[5444],[5445],[5446],[5447],[5448],[5449]],"properties":{"id":52,"leftCounty":"Caraș-Severin","leftId":118,"rightCounty":"Timiș","rightId":350,"version":"2025/03/26"}},{"type":"MultiLineString","arcs":[[5450],[5451],[5452],[5453],[5454],[5455],[5456],[5457],[5458],[5459],[5460],[5461],[5462],[5463],[5464],[5465],[5466],[5467],[5468],[5469],[5470],[5471],[5472],[5473],[5474],[5475],[5476],[5477],[5478],[5479],[5480],[5481],[5482],[5483],[5484],[5485],[5486],[5487],[5488],[5489],[5490],[5491],[5492],[5493],[5494],[5495],[5496],[5497],[5498],[5499],[5500],[5501],[5502],[5503],[5504],[5505],[5506],[5507],[5508],[5509],[5510],[5511],[5512],[5513],[5514],[5515],[5516],[5517],[5518],[5519],[5520],[5521],[5522],[5523],[5524],[5525],[5526],[5527],[5528],[5529],[5530],[5531]],"properties":{"id":53,"leftCounty":"Caraș-Severin","leftId":118,"rightCounty":"Hunedoara","rightId":207,"version":"2025/03/26"}},{"type":"MultiLineString","arcs":[[5532],[5533],[5534],[5535],[5536],[5537],[5538],[5539],[5540],[5541],[5542],[5543],[5544],[5545],[5546],[5547],[5548],[5549],[5550],[5551],[5552],[5553],[5554],[5555],[5556],[5557],[5558],[5559],[5560]],"properties":{"id":54,"leftCounty":"Caraș-Severin","leftId":118,"rightCounty":"Gorj","rightId":181,"version":"2025/03/26"}},{"type":"MultiLineString","arcs":[[5561],[5562],[5563],[5564],[5565],[5566],[5567],[5568],[5569],[5570],[5571],[5572],[5573],[5574],[5575],[5576],[5577],[5578],[5579],[5580],[5581],[5582],[5583],[5584],[5585],[5586],[5587],[5588],[5589],[5590],[5591],[5592],[5593],[5594],[5595],[5596],[5597],[5598],[5599],[5600],[5601],[5602],[5603],[5604],[5605],[5606],[5607],[5608],[5609],[5610],[5611],[5612],[5613],[5614],[5615],[5616],[5617],[5618],[5619],[5620],[5621],[5622],[5623],[5624],[5625],[5626],[5627],[5628],[5629],[5630],[5631],[5632],[5633],[5634],[5635],[5636],[5637],[5638],[5639],[5640],[5641],[5642],[5643],[5644],[5645],[5646],[5647],[5648],[5649],[5650],[5651],[5652],[5653],[5654],[5655],[5656],[5657],[5658],[5659],[5660],[5661],[5662],[5663],[5664],[5665],[5666],[5667],[5668],[5669],[5670],[5671],[5672],[5673],[5674],[5675],[5676],[5677],[5678],[5679],[5680],[5681],[5682],[5683],[5684],[5685],[5686],[5687],[5688],[5689],[5690],[5691],[5692],[5693],[5694],[5695],[5696],[5697],[5698],[5699],[5700],[5701],[5702]],"properties":{"id":55,"leftCounty":"Caraș-Severin","leftId":118,"rightCounty":"Mehedinți","rightId":252,"version":"2025/03/26"}},{"type":"MultiLineString","arcs":[[5703],[5704],[5705],[5706],[5707],[5708],[5709],[5710],[5711],[5712],[5713],[5714],[5715],[5716],[5717],[5718],[5719],[5720],[5721],[5722],[5723],[5724],[5725],[5726],[5727],[5728],[5729],[5730],[5731],[5732],[5733],[5734],[5735],[5736],[5737],[5738],[5739],[5740],[5741],[5742],[5743],[5744],[5745],[5746],[5747],[5748],[5749],[5750],[5751],[5752],[5753],[5754],[5755],[5756],[5757],[5758],[5759],[5760],[5761],[5762],[5763],[5764],[5765],[5766],[5767],[5768],[5769],[5770],[5771],[5772],[5773],[5774],[5775],[5776],[5777],[5778],[5779],[5780],[5781],[5782],[5783],[5784],[5785],[5786],[5787],[5788],[5789],[5790],[5791],[5792],[5793],[5794],[5795],[5796],[5797],[5798],[5799],[5800],[5801],[5802],[5803],[5804],[5805],[5806],[5807],[5808],[5809],[5810],[5811],[5812],[5813],[5814],[5815],[5816],[5817],[5818],[5819],[5820],[5821],[5822],[5823],[5824],[5825],[5826],[5827],[5828],[5829],[5830],[5831],[5832],[5833],[5834],[5835],[5836],[5837],[5838],[5839],[5840],[5841],[5842],[5843],[5844],[5845],[5846],[5847],[5848],[5849],[5850],[5851],[5852],[5853],[5854],[5855],[5856],[5857],[5858],[5859],[5860],[5861],[5862],[5863],[5864],[5865],[5866],[5867],[5868],[5869],[5870],[5871],[5872],[5873],[5874],[5875],[5876],[5877],[5878],[5879],[5880],[5881],[5882],[5883],[5884],[5885],[5886],[5887],[5888],[5889],[5890],[5891],[5892],[5893],[5894],[5895],[5896],[5897],[5898],[5899],[5900],[5901],[5902],[5903],[5904],[5905],[5906],[5907],[5908],[5909],[5910],[5911],[5912],[5913],[5914],[5915],[5916],[5917],[5918],[5919],[5920],[5921],[5922],[5923],[5924],[5925],[5926],[5927],[5928],[5929],[5930],[5931],[5932],[5933],[5934],[5935],[5936],[5937],[5938],[5939],[5940],[5941],[5942],[5943],[5944],[5945],[5946],[5947],[5948],[5949]],"properties":{"id":56,"leftCounty":"Cluj","leftId":127,"rightCounty":"Sălaj","rightId":314,"version":"2025/03/26"}},{"type":"MultiLineString","arcs":[[5950],[5951],[5952],[5953],[5954],[5955],[5956],[5957],[5958],[5959],[5960],[5961],[5962],[5963],[5964],[5965],[5966],[5967],[5968],[5969],[5970],[5971],[5972]],"properties":{"id":57,"leftCounty":"Cluj","leftId":127,"rightCounty":"Maramureș","rightId":243,"version":"2025/03/26"}},{"type":"MultiLineString","arcs":[[5973],[5974],[5975],[5976],[5977],[5978],[5979],[5980],[5981],[5982],[5983],[5984],[5985],[5986],[5987],[5988],[5989],[5990],[5991],[5992],[5993],[5994],[5995],[5996],[5997],[5998],[5999],[6000],[6001],[6002],[6003],[6004],[6005],[6006],[6007],[6008],[6009],[6010],[6011],[6012],[6013],[6014],[6015],[6016],[6017],[6018],[6019],[6020],[6021],[6022],[6023],[6024],[6025],[6026],[6027],[6028],[6029],[6030],[6031],[6032],[6033],[6034],[6035],[6036],[6037],[6038],[6039],[6040],[6041],[6042],[6043],[6044],[6045],[6046],[6047],[6048],[6049],[6050],[6051],[6052],[6053],[6054],[6055]],"properties":{"id":58,"leftCounty":"Cluj","leftId":127,"rightCounty":"Mureș","rightId":261,"version":"2025/03/26"}},{"type":"MultiLineString","arcs":[[6056],[6057],[6058],[6059],[6060],[6061],[6062],[6063],[6064],[6065],[6066],[6067],[6068],[6069],[6070],[6071],[6072],[6073],[6074],[6075],[6076],[6077],[6078],[6079],[6080],[6081],[6082],[6083],[6084],[6085],[6086],[6087],[6088],[6089],[6090],[6091],[6092],[6093],[6094],[6095],[6096],[6097],[6098],[6099],[6100],[6101],[6102],[6103],[6104],[6105],[6106],[6107],[6108],[6109],[6110],[6111],[6112],[6113],[6114],[6115],[6116],[6117],[6118],[6119],[6120],[6121],[6122],[6123],[6124],[6125],[6126],[6127],[6128],[6129],[6130],[6131],[6132],[6133],[6134],[6135],[6136],[6137],[6138],[6139],[6140],[6141],[6142],[6143],[6144],[6145],[6146],[6147],[6148],[6149],[6150],[6151],[6152],[6153],[6154],[6155],[6156],[6157],[6158],[6159],[6160],[6161],[6162],[6163],[6164],[6165],[6166],[6167],[6168],[6169],[6170],[6171],[6172],[6173],[6174],[6175],[6176],[6177],[6178],[6179],[6180],[6181],[6182],[6183],[6184],[6185],[6186],[6187],[6188],[6189],[6190],[6191],[6192],[6193],[6194],[6195],[6196],[6197],[6198],[6199],[6200],[6201],[6202],[6203],[6204],[6205],[6206],[6207],[6208],[6209],[6210],[6211],[6212],[6213],[6214],[6215]],"properties":{"id":59,"leftCounty":"Constanța","leftId":136,"rightCounty":null,"rightId":null,"version":"2025/03/26"}},{"type":"MultiLineString","arcs":[[6216],[6217],[6218],[6219],[6220],[6221],[6222],[6223],[6224],[6225],[6226],[6227],[6228],[6229],[6230],[6231],[6232],[6233],[6234],[6235],[6236],[6237],[6238],[6239],[6240],[6241],[6242],[6243],[6244],[6245],[6246],[6247],[6248],[6249],[6250],[6251],[6252],[6253],[6254],[6255],[6256],[6257],[6258],[6259],[6260],[6261],[6262],[6263],[6264],[6265],[6266],[6267],[6268],[6269],[6270],[6271],[6272],[6273],[6274]],"properties":{"id":60,"leftCounty":"Constanța","leftId":136,"rightCounty":"Călărași","rightId":519,"version":"2025/03/26"}},{"type":"MultiLineString","arcs":[[6275],[6276],[6277],[6278],[6279],[6280],[6281],[6282],[6283],[6284],[6285],[6286],[6287],[6288],[6289],[6290],[6291],[6292],[6293],[6294],[6295],[6296],[6297],[6298],[6299],[6300],[6301],[6302],[6303],[6304],[6305],[6306],[6307],[6308],[6309],[6310],[6311],[6312],[6313],[6314],[6315],[6316],[6317],[6318],[6319],[6320],[6321],[6322],[6323],[6324],[6325],[6326],[6327]],"properties":{"id":61,"leftCounty":"Constanța","leftId":136,"rightCounty":"Ialomița","rightId":216,"version":"2025/03/26"}},{"type":"MultiLineString","arcs":[[6328],[6329],[6330],[6331],[6332],[6333],[6334],[6335],[6336],[6337],[6338],[6339],[6340],[6341],[6342],[6343],[6344],[6345],[6346],[6347],[6348],[6349],[6350],[6351],[6352],[6353],[6354],[6355],[6356],[6357],[6358],[6359],[6360],[6361],[6362],[6363],[6364],[6365],[6366],[6367],[6368],[6369],[6370],[6371],[6372],[6373],[6374],[6375],[6376],[6377],[6378],[6379],[6380],[6381],[6382],[6383],[6384],[6385],[6386],[6387],[6388],[6389],[6390],[6391],[6392],[6393],[6394],[6395],[6396],[6397],[6398],[6399],[6400],[6401],[6402],[6403],[6404],[6405],[6406],[6407],[6408],[6409],[6410],[6411],[6412],[6413],[6414],[6415],[6416],[6417],[6418],[6419],[6420],[6421],[6422],[6423],[6424],[6425],[6426],[6427],[6428],[6429],[6430],[6431]],"properties":{"id":62,"leftCounty":"Constanța","leftId":136,"rightCounty":"Tulcea","rightId":369,"version":"2025/03/26"}},{"type":"MultiLineString","arcs":[[6432],[6433],[6434],[6435],[6436],[6437],[6438],[6439],[6440],[6441],[6442],[6443],[6444],[6445],[6446],[6447],[6448],[6449],[6450],[6451],[6452],[6453],[6454],[6455],[6456],[6457],[6458],[6459],[6460],[6461],[6462],[6463],[6464],[6465],[6466],[6467],[6468],[6469],[6470],[6471],[6472],[6473],[6474],[6475],[6476],[6477],[6478],[6479],[6480],[6481],[6482],[6483],[6484],[6485],[6486],[6487],[6488],[6489],[6490],[6491],[6492],[6493],[6494],[6495],[6496],[6497],[6498],[6499],[6500],[6501],[6502],[6503],[6504],[6505],[6506],[6507],[6508],[6509],[6510],[6511],[6512],[6513],[6514],[6515],[6516],[6517],[6518],[6519],[6520],[6521],[6522],[6523],[6524],[6525],[6526],[6527],[6528],[6529],[6530],[6531],[6532],[6533],[6534],[6535],[6536],[6537],[6538],[6539],[6540],[6541],[6542],[6543],[6544],[6545],[6546],[6547],[6548],[6549],[6550],[6551],[6552],[6553],[6554],[6555],[6556],[6557],[6558],[6559],[6560]],"properties":{"id":63,"leftCounty":"Covasna","leftId":145,"rightCounty":"Harghita","rightId":190,"version":"2025/03/26"}},{"type":"MultiLineString","arcs":[[6561],[6562],[6563],[6564],[6565],[6566],[6567],[6568],[6569],[6570],[6571],[6572],[6573],[6574],[6575],[6576],[6577],[6578],[6579],[6580],[6581],[6582],[6583],[6584],[6585],[6586],[6587],[6588],[6589],[6590],[6591],[6592],[6593],[6594],[6595],[6596],[6597]],"properties":{"id":64,"leftCounty":"Covasna","leftId":145,"rightCounty":"Vrancea","rightId":396,"version":"2025/03/26"}},{"type":"MultiLineString","arcs":[[6598],[6599],[6600],[6601],[6602],[6603],[6604],[6605],[6606],[6607],[6608],[6609],[6610],[6611],[6612],[6613],[6614],[6615],[6616],[6617],[6618],[6619],[6620],[6621],[6622],[6623],[6624],[6625],[6626],[6627],[6628],[6629],[6630],[6631],[6632]],"properties":{"id":65,"leftCounty":"Dâmbovița","leftId":154,"rightCounty":"Teleorman","rightId":341,"version":"2025/03/26"}},{"type":"MultiLineString","arcs":[[6633],[6634],[6635],[6636],[6637],[6638],[6639],[6640],[6641],[6642],[6643],[6644],[6645],[6646],[6647],[6648],[6649],[6650],[6651],[6652],[6653],[6654],[6655],[6656],[6657],[6658],[6659],[6660],[6661],[6662],[6663],[6664],[6665],[6666],[6667],[6668],[6669],[6670],[6671],[6672],[6673],[6674],[6675],[6676],[6677],[6678],[6679],[6680],[6681],[6682],[6683],[6684],[6685],[6686],[6687],[6688],[6689],[6690],[6691],[6692],[6693],[6694],[6695],[6696],[6697],[6698],[6699],[6700],[6701],[6702],[6703],[6704],[6705],[6706],[6707],[6708],[6709],[6710],[6711],[6712],[6713],[6714],[6715],[6716],[6717],[6718],[6719],[6720],[6721],[6722],[6723],[6724],[6725],[6726],[6727],[6728],[6729],[6730],[6731],[6732],[6733],[6734],[6735],[6736],[6737],[6738],[6739],[6740],[6741],[6742],[6743],[6744],[6745],[6746],[6747],[6748],[6749],[6750],[6751],[6752],[6753],[6754],[6755],[6756],[6757],[6758],[6759],[6760],[6761],[6762],[6763],[6764],[6765],[6766],[6767],[6768],[6769],[6770],[6771],[6772],[6773],[6774],[6775],[6776],[6777],[6778],[6779],[6780],[6781],[6782],[6783],[6784],[6785],[6786],[6787],[6788],[6789],[6790],[6791],[6792],[6793]],"properties":{"id":66,"leftCounty":"Dâmbovița","leftId":154,"rightCounty":"Prahova","rightId":298,"version":"2025/03/26"}},{"type":"MultiLineString","arcs":[[6794],[6795],[6796],[6797],[6798],[6799],[6800],[6801],[6802],[6803],[6804],[6805],[6806],[6807],[6808],[6809],[6810],[6811],[6812],[6813],[6814],[6815],[6816],[6817],[6818],[6819],[6820],[6821],[6822],[6823],[6824]],"properties":{"id":67,"leftCounty":"Dâmbovița","leftId":154,"rightCounty":"Ilfov","rightId":234,"version":"2025/03/26"}},{"type":"MultiLineString","arcs":[[6825],[6826],[6827],[6828],[6829],[6830],[6831],[6832],[6833],[6834],[6835],[6836],[6837],[6838],[6839],[6840],[6841],[6842],[6843],[6844],[6845],[6846],[6847],[6848],[6849],[6850],[6851],[6852],[6853],[6854],[6855],[6856],[6857],[6858],[6859],[6860],[6861],[6862],[6863],[6864],[6865],[6866],[6867],[6868],[6869],[6870],[6871],[6872],[6873],[6874],[6875],[6876],[6877],[6878]],"properties":{"id":68,"leftCounty":"Dâmbovița","leftId":154,"rightCounty":"Giurgiu","rightId":528,"version":"2025/03/26"}},{"type":"MultiLineString","arcs":[[6879],[6880],[6881],[6882],[6883],[6884],[6885],[6886],[6887],[6888],[6889],[6890],[6891],[6892],[6893],[6894],[6895],[6896],[6897],[6898],[6899],[6900],[6901],[6902],[6903],[6904],[6905],[6906],[6907],[6908],[6909],[6910],[6911],[6912],[6913],[6914],[6915],[6916],[6917],[6918],[6919],[6920],[6921],[6922],[6923],[6924],[6925],[6926],[6927],[6928],[6929],[6930],[6931],[6932],[6933],[6934],[6935],[6936],[6937],[6938],[6939],[6940],[6941],[6942],[6943],[6944],[6945],[6946],[6947],[6948],[6949],[6950],[6951],[6952],[6953],[6954],[6955],[6956],[6957],[6958],[6959],[6960],[6961],[6962],[6963],[6964],[6965],[6966],[6967],[6968],[6969],[6970],[6971],[6972],[6973],[6974],[6975],[6976],[6977],[6978],[6979],[6980],[6981],[6982],[6983],[6984],[6985],[6986],[6987],[6988],[6989],[6990],[6991]],"properties":{"id":69,"leftCounty":"Dolj","leftId":163,"rightCounty":null,"rightId":null,"version":"2025/03/26"}},{"type":"MultiLineString","arcs":[[6992],[6993],[6994],[6995],[6996],[6997],[6998],[6999],[7000],[7001],[7002],[7003],[7004],[7005],[7006],[7007],[7008],[7009],[7010],[7011],[7012],[7013],[7014],[7015],[7016],[7017],[7018],[7019],[7020],[7021],[7022],[7023],[7024],[7025],[7026],[7027],[7028],[7029],[7030],[7031],[7032],[7033],[7034],[7035],[7036],[7037],[7038],[7039],[7040],[7041],[7042],[7043],[7044],[7045],[7046],[7047],[7048],[7049],[7050],[7051],[7052],[7053],[7054],[7055],[7056],[7057],[7058],[7059],[7060],[7061],[7062],[7063],[7064],[7065],[7066],[7067],[7068],[7069],[7070],[7071],[7072],[7073],[7074],[7075],[7076],[7077],[7078],[7079],[7080],[7081],[7082],[7083],[7084],[7085],[7086],[7087]],"properties":{"id":70,"leftCounty":"Dolj","leftId":163,"rightCounty":"Mehedinți","rightId":252,"version":"2025/03/26"}},{"type":"MultiLineString","arcs":[[7088],[7089],[7090],[7091],[7092],[7093],[7094],[7095],[7096],[7097],[7098],[7099],[7100],[7101],[7102],[7103],[7104],[7105],[7106],[7107],[7108],[7109],[7110],[7111],[7112],[7113],[7114],[7115],[7116],[7117],[7118],[7119],[7120],[7121],[7122],[7123],[7124],[7125],[7126],[7127],[7128],[7129],[7130],[7131],[7132],[7133],[7134],[7135],[7136],[7137],[7138],[7139],[7140],[7141],[7142],[7143],[7144],[7145],[7146],[7147],[7148],[7149],[7150],[7151]],"properties":{"id":71,"leftCounty":"Dolj","leftId":163,"rightCounty":"Gorj","rightId":181,"version":"2025/03/26"}},{"type":"MultiLineString","arcs":[[7152],[7153],[7154],[7155],[7156],[7157],[7158],[7159],[7160],[7161],[7162],[7163],[7164],[7165],[7166],[7167],[7168],[7169],[7170],[7171],[7172],[7173],[7174],[7175],[7176],[7177],[7178],[7179],[7180],[7181],[7182],[7183],[7184],[7185],[7186],[7187],[7188],[7189],[7190],[7191]],"properties":{"id":72,"leftCounty":"Dolj","leftId":163,"rightCounty":"Vâlcea","rightId":387,"version":"2025/03/26"}},{"type":"MultiLineString","arcs":[[7192],[7193],[7194],[7195],[7196],[7197],[7198],[7199],[7200],[7201],[7202],[7203],[7204],[7205],[7206],[7207],[7208],[7209],[7210],[7211],[7212],[7213],[7214],[7215],[7216],[7217],[7218],[7219],[7220],[7221],[7222],[7223],[7224],[7225],[7226],[7227],[7228],[7229],[7230],[7231],[7232],[7233],[7234],[7235],[7236],[7237],[7238],[7239],[7240],[7241],[7242],[7243],[7244],[7245],[7246],[7247],[7248],[7249],[7250],[7251],[7252],[7253],[7254],[7255],[7256],[7257],[7258],[7259],[7260],[7261],[7262],[7263],[7264],[7265],[7266],[7267],[7268],[7269],[7270],[7271],[7272],[7273],[7274],[7275],[7276],[7277],[7278],[7279],[7280],[7281],[7282],[7283],[7284],[7285],[7286],[7287],[7288],[7289],[7290],[7291],[7292],[7293],[7294],[7295],[7296],[7297],[7298],[7299],[7300],[7301],[7302],[7303],[7304],[7305],[7306],[7307],[7308],[7309],[7310],[7311]],"properties":{"id":73,"leftCounty":"Dolj","leftId":163,"rightCounty":"Olt","rightId":289,"version":"2025/03/26"}},{"type":"MultiLineString","arcs":[[7312],[7313],[7314],[7315],[7316],[7317],[7318],[7319],[7320],[7321],[7322],[7323],[7324],[7325],[7326],[7327],[7328],[7329],[7330],[7331],[7332],[7333],[7334],[7335],[7336],[7337],[7338],[7339],[7340],[7341],[7342],[7343],[7344],[7345],[7346],[7347],[7348],[7349],[7350],[7351],[7352],[7353],[7354],[7355],[7356],[7357],[7358],[7359],[7360],[7361],[7362],[7363],[7364],[7365],[7366],[7367],[7368],[7369],[7370],[7371],[7372],[7373],[7374],[7375],[7376],[7377],[7378],[7379],[7380],[7381],[7382],[7383],[7384],[7385],[7386],[7387],[7388],[7389],[7390],[7391],[7392],[7393],[7394],[7395],[7396],[7397],[7398],[7399],[7400],[7401],[7402],[7403],[7404],[7405],[7406],[7407],[7408],[7409],[7410],[7411],[7412],[7413],[7414],[7415],[7416],[7417],[7418],[7419],[7420],[7421],[7422],[7423],[7424],[7425],[7426],[7427],[7428],[7429],[7430],[7431],[7432],[7433],[7434],[7435],[7436],[7437],[7438]],"properties":{"id":74,"leftCounty":"Galați","leftId":172,"rightCounty":"Vrancea","rightId":396,"version":"2025/03/26"}},{"type":"MultiLineString","arcs":[[7439],[7440],[7441],[7442],[7443],[7444],[7445],[7446],[7447],[7448],[7449],[7450],[7451],[7452],[7453],[7454],[7455],[7456],[7457],[7458],[7459],[7460],[7461],[7462],[7463],[7464],[7465],[7466],[7467],[7468],[7469],[7470],[7471],[7472],[7473],[7474],[7475],[7476],[7477],[7478],[7479],[7480],[7481],[7482],[7483],[7484],[7485],[7486],[7487],[7488],[7489],[7490],[7491],[7492],[7493],[7494],[7495],[7496],[7497],[7498],[7499],[7500],[7501],[7502],[7503],[7504],[7505],[7506],[7507],[7508],[7509],[7510],[7511],[7512],[7513],[7514],[7515],[7516],[7517],[7518],[7519],[7520],[7521],[7522],[7523],[7524],[7525],[7526],[7527],[7528],[7529],[7530],[7531],[7532],[7533],[7534],[7535],[7536],[7537],[7538]],"properties":{"id":75,"leftCounty":"Galați","leftId":172,"rightCounty":"Vaslui","rightId":378,"version":"2025/03/26"}},{"type":"MultiLineString","arcs":[[7539],[7540],[7541],[7542],[7543],[7544],[7545],[7546],[7547],[7548],[7549],[7550],[7551],[7552],[7553],[7554],[7555],[7556],[7557],[7558],[7559],[7560],[7561],[7562],[7563],[7564],[7565],[7566],[7567],[7568],[7569],[7570],[7571],[7572],[7573],[7574],[7575],[7576],[7577],[7578],[7579],[7580],[7581],[7582],[7583],[7584],[7585],[7586],[7587],[7588],[7589],[7590],[7591],[7592],[7593],[7594],[7595],[7596],[7597],[7598],[7599],[7600],[7601],[7602],[7603],[7604],[7605],[7606],[7607],[7608],[7609],[7610],[7611],[7612],[7613],[7614],[7615],[7616],[7617],[7618],[7619],[7620],[7621],[7622],[7623],[7624],[7625],[7626],[7627],[7628],[7629],[7630],[7631],[7632],[7633],[7634],[7635],[7636],[7637],[7638],[7639],[7640],[7641],[7642],[7643],[7644],[7645],[7646],[7647],[7648],[7649],[7650],[7651],[7652],[7653],[7654],[7655],[7656],[7657],[7658],[7659],[7660],[7661],[7662],[7663],[7664],[7665],[7666],[7667],[7668],[7669],[7670],[7671],[7672],[7673]],"properties":{"id":76,"leftCounty":"Galați","leftId":172,"rightCounty":null,"rightId":null,"version":"2025/03/26"}},{"type":"MultiLineString","arcs":[[7674],[7675],[7676],[7677],[7678],[7679],[7680],[7681],[7682],[7683],[7684],[7685],[7686],[7687],[7688],[7689],[7690]],"properties":{"id":77,"leftCounty":"Galați","leftId":172,"rightCounty":"Tulcea","rightId":369,"version":"2025/03/26"}},{"type":"MultiLineString","arcs":[[7691],[7692],[7693],[7694],[7695],[7696],[7697],[7698],[7699],[7700],[7701],[7702],[7703],[7704],[7705],[7706],[7707],[7708],[7709],[7710],[7711],[7712],[7713],[7714],[7715],[7716],[7717],[7718],[7719],[7720],[7721],[7722],[7723],[7724],[7725],[7726],[7727],[7728],[7729],[7730],[7731],[7732],[7733],[7734],[7735],[7736],[7737],[7738],[7739],[7740],[7741],[7742],[7743],[7744],[7745],[7746],[7747],[7748],[7749],[7750],[7751],[7752],[7753],[7754],[7755],[7756],[7757],[7758],[7759],[7760],[7761],[7762],[7763],[7764],[7765],[7766],[7767],[7768],[7769],[7770],[7771],[7772],[7773],[7774],[7775],[7776],[7777],[7778],[7779],[7780],[7781],[7782],[7783],[7784],[7785],[7786],[7787],[7788],[7789],[7790],[7791],[7792],[7793],[7794],[7795],[7796],[7797],[7798],[7799],[7800],[7801],[7802],[7803],[7804],[7805],[7806],[7807],[7808],[7809],[7810],[7811],[7812],[7813],[7814],[7815],[7816],[7817],[7818],[7819],[7820],[7821],[7822],[7823],[7824],[7825],[7826],[7827],[7828],[7829],[7830],[7831],[7832],[7833],[7834],[7835],[7836],[7837],[7838],[7839],[7840],[7841],[7842],[7843],[7844],[7845]],"properties":{"id":78,"leftCounty":"Gorj","leftId":181,"rightCounty":"Mehedinți","rightId":252,"version":"2025/03/26"}},{"type":"MultiLineString","arcs":[[7846],[7847],[7848],[7849],[7850],[7851],[7852],[7853],[7854],[7855],[7856],[7857],[7858],[7859],[7860],[7861],[7862],[7863],[7864],[7865],[7866],[7867],[7868],[7869],[7870],[7871],[7872],[7873],[7874],[7875],[7876],[7877],[7878],[7879],[7880],[7881],[7882],[7883],[7884],[7885],[7886],[7887],[7888],[7889],[7890],[7891],[7892],[7893],[7894],[7895],[7896],[7897],[7898],[7899],[7900],[7901],[7902],[7903],[7904],[7905],[7906],[7907],[7908],[7909],[7910],[7911],[7912],[7913],[7914],[7915],[7916],[7917],[7918],[7919],[7920],[7921],[7922],[7923],[7924],[7925],[7926],[7927],[7928],[7929],[7930],[7931],[7932],[7933],[7934],[7935],[7936],[7937],[7938],[7939],[7940],[7941],[7942],[7943],[7944],[7945],[7946],[7947],[7948],[7949],[7950],[7951],[7952],[7953],[7954],[7955],[7956],[7957],[7958],[7959],[7960],[7961],[7962],[7963],[7964],[7965]],"properties":{"id":79,"leftCounty":"Gorj","leftId":181,"rightCounty":"Hunedoara","rightId":207,"version":"2025/03/26"}},{"type":"MultiLineString","arcs":[[7966],[7967],[7968],[7969],[7970],[7971],[7972],[7973],[7974],[7975],[7976],[7977],[7978],[7979],[7980],[7981],[7982],[7983],[7984],[7985],[7986],[7987],[7988],[7989],[7990],[7991],[7992],[7993],[7994],[7995],[7996],[7997],[7998],[7999],[8000],[8001],[8002],[8003],[8004],[8005],[8006],[8007],[8008],[8009],[8010],[8011],[8012],[8013],[8014],[8015],[8016],[8017],[8018],[8019],[8020],[8021],[8022],[8023],[8024],[8025],[8026],[8027],[8028],[8029],[8030],[8031],[8032],[8033],[8034],[8035],[8036],[8037],[8038],[8039],[8040],[8041],[8042],[8043],[8044],[8045],[8046],[8047],[8048],[8049],[8050],[8051],[8052],[8053],[8054],[8055],[8056],[8057],[8058],[8059],[8060],[8061],[8062],[8063],[8064],[8065],[8066],[8067],[8068],[8069],[8070],[8071],[8072],[8073],[8074],[8075],[8076],[8077],[8078],[8079],[8080],[8081],[8082],[8083]],"properties":{"id":80,"leftCounty":"Gorj","leftId":181,"rightCounty":"Vâlcea","rightId":387,"version":"2025/03/26"}},{"type":"MultiLineString","arcs":[[8084],[8085],[8086],[8087],[8088],[8089],[8090],[8091],[8092],[8093],[8094],[8095],[8096],[8097],[8098],[8099],[8100],[8101],[8102],[8103],[8104],[8105],[8106],[8107],[8108],[8109],[8110],[8111],[8112],[8113],[8114],[8115],[8116],[8117],[8118],[8119],[8120],[8121],[8122],[8123],[8124],[8125],[8126],[8127],[8128],[8129],[8130],[8131],[8132],[8133],[8134],[8135],[8136],[8137],[8138],[8139],[8140],[8141],[8142],[8143],[8144],[8145],[8146],[8147],[8148],[8149],[8150],[8151],[8152],[8153],[8154],[8155],[8156],[8157],[8158],[8159],[8160],[8161],[8162],[8163],[8164],[8165],[8166],[8167],[8168],[8169],[8170],[8171],[8172],[8173],[8174],[8175],[8176],[8177],[8178],[8179],[8180],[8181],[8182],[8183],[8184],[8185],[8186],[8187],[8188],[8189],[8190],[8191],[8192],[8193],[8194],[8195],[8196],[8197],[8198],[8199],[8200],[8201],[8202],[8203],[8204],[8205],[8206],[8207],[8208],[8209],[8210],[8211],[8212],[8213],[8214],[8215],[8216],[8217],[8218],[8219],[8220],[8221],[8222],[8223],[8224],[8225],[8226],[8227],[8228],[8229],[8230],[8231],[8232],[8233],[8234],[8235],[8236],[8237],[8238],[8239],[8240],[8241],[8242],[8243],[8244],[8245],[8246],[8247],[8248],[8249],[8250],[8251],[8252],[8253],[8254],[8255],[8256],[8257],[8258],[8259],[8260],[8261],[8262],[8263],[8264],[8265],[8266],[8267],[8268],[8269],[8270],[8271],[8272],[8273],[8274],[8275],[8276],[8277],[8278],[8279],[8280],[8281],[8282],[8283],[8284],[8285],[8286],[8287],[8288],[8289],[8290],[8291],[8292],[8293],[8294],[8295]],"properties":{"id":81,"leftCounty":"Harghita","leftId":190,"rightCounty":"Mureș","rightId":261,"version":"2025/03/26"}},{"type":"MultiLineString","arcs":[[8296],[8297],[8298],[8299],[8300],[8301],[8302],[8303],[8304],[8305],[8306],[8307],[8308],[8309],[8310],[8311],[8312],[8313],[8314],[8315],[8316],[8317],[8318],[8319],[8320],[8321],[8322],[8323],[8324],[8325],[8326],[8327],[8328],[8329],[8330],[8331],[8332],[8333],[8334],[8335],[8336],[8337],[8338],[8339],[8340],[8341],[8342],[8343],[8344],[8345],[8346],[8347],[8348]],"properties":{"id":82,"leftCounty":"Harghita","leftId":190,"rightCounty":"Suceava","rightId":332,"version":"2025/03/26"}},{"type":"MultiLineString","arcs":[[8349],[8350],[8351],[8352],[8353],[8354],[8355],[8356],[8357],[8358],[8359],[8360],[8361],[8362],[8363],[8364],[8365],[8366],[8367],[8368],[8369],[8370],[8371],[8372],[8373],[8374],[8375],[8376],[8377],[8378],[8379],[8380],[8381],[8382],[8383],[8384],[8385],[8386],[8387],[8388],[8389],[8390],[8391],[8392],[8393],[8394],[8395],[8396],[8397],[8398],[8399],[8400],[8401],[8402],[8403],[8404],[8405],[8406],[8407],[8408],[8409],[8410],[8411],[8412],[8413],[8414],[8415],[8416],[8417],[8418],[8419],[8420],[8421],[8422],[8423],[8424],[8425],[8426],[8427],[8428],[8429],[8430],[8431],[8432],[8433],[8434],[8435],[8436],[8437],[8438],[8439],[8440],[8441],[8442],[8443],[8444],[8445],[8446],[8447],[8448],[8449],[8450],[8451],[8452],[8453],[8454],[8455],[8456]],"properties":{"id":83,"leftCounty":"Harghita","leftId":190,"rightCounty":"Neamț","rightId":270,"version":"2025/03/26"}},{"type":"MultiLineString","arcs":[[8457],[8458],[8459],[8460],[8461],[8462],[8463],[8464],[8465],[8466],[8467],[8468],[8469],[8470],[8471],[8472],[8473],[8474],[8475],[8476],[8477],[8478],[8479],[8480],[8481],[8482],[8483],[8484],[8485],[8486],[8487],[8488],[8489],[8490],[8491],[8492],[8493],[8494],[8495],[8496],[8497],[8498],[8499],[8500],[8501],[8502],[8503],[8504],[8505],[8506],[8507],[8508],[8509],[8510],[8511],[8512],[8513],[8514],[8515],[8516],[8517],[8518],[8519],[8520],[8521],[8522],[8523],[8524],[8525],[8526],[8527],[8528]],"properties":{"id":84,"leftCounty":"Hunedoara","leftId":207,"rightCounty":"Timiș","rightId":350,"version":"2025/03/26"}},{"type":"MultiLineString","arcs":[[8529],[8530],[8531],[8532],[8533],[8534],[8535],[8536],[8537],[8538],[8539],[8540],[8541],[8542],[8543],[8544],[8545],[8546],[8547],[8548]],"properties":{"id":85,"leftCounty":"Hunedoara","leftId":207,"rightCounty":"Vâlcea","rightId":387,"version":"2025/03/26"}},{"type":"MultiLineString","arcs":[[8549],[8550],[8551],[8552],[8553],[8554],[8555],[8556],[8557],[8558],[8559],[8560],[8561],[8562],[8563],[8564],[8565],[8566],[8567],[8568],[8569],[8570],[8571],[8572],[8573],[8574],[8575],[8576],[8577],[8578],[8579],[8580],[8581],[8582],[8583],[8584],[8585],[8586],[8587],[8588],[8589],[8590],[8591],[8592],[8593],[8594],[8595],[8596],[8597],[8598],[8599],[8600],[8601],[8602],[8603],[8604],[8605],[8606],[8607],[8608],[8609],[8610],[8611],[8612],[8613],[8614],[8615],[8616],[8617],[8618],[8619],[8620],[8621],[8622],[8623],[8624],[8625],[8626],[8627],[8628],[8629],[8630],[8631],[8632],[8633],[8634],[8635],[8636],[8637],[8638],[8639],[8640],[8641],[8642],[8643],[8644],[8645],[8646],[8647],[8648],[8649],[8650],[8651],[8652],[8653],[8654],[8655],[8656],[8657],[8658],[8659],[8660],[8661],[8662],[8663],[8664],[8665],[8666],[8667],[8668],[8669],[8670],[8671],[8672],[8673],[8674],[8675],[8676],[8677],[8678],[8679],[8680],[8681],[8682],[8683],[8684],[8685],[8686],[8687],[8688],[8689],[8690],[8691],[8692],[8693],[8694],[8695],[8696],[8697],[8698],[8699],[8700],[8701],[8702]],"properties":{"id":86,"leftCounty":"Călărași","leftId":519,"rightCounty":"Ialomița","rightId":216,"version":"2025/03/26"}},{"type":"MultiLineString","arcs":[[8703],[8704],[8705],[8706],[8707],[8708],[8709],[8710],[8711],[8712],[8713],[8714],[8715],[8716],[8717],[8718],[8719],[8720],[8721],[8722],[8723],[8724],[8725],[8726],[8727],[8728],[8729],[8730],[8731],[8732],[8733],[8734],[8735],[8736],[8737],[8738]],"properties":{"id":87,"leftCounty":"Ialomița","leftId":216,"rightCounty":"Ilfov","rightId":234,"version":"2025/03/26"}},{"type":"MultiLineString","arcs":[[8739],[8740],[8741],[8742],[8743],[8744],[8745],[8746],[8747],[8748],[8749],[8750],[8751],[8752],[8753],[8754],[8755],[8756],[8757],[8758],[8759],[8760],[8761],[8762],[8763],[8764],[8765],[8766],[8767],[8768]],"properties":{"id":88,"leftCounty":"Ialomița","leftId":216,"rightCounty":"Prahova","rightId":298,"version":"2025/03/26"}},{"type":"MultiLineString","arcs":[[8769],[8770],[8771],[8772],[8773],[8774],[8775],[8776],[8777],[8778],[8779],[8780],[8781],[8782],[8783],[8784],[8785],[8786],[8787],[8788],[8789],[8790],[8791],[8792],[8793],[8794],[8795],[8796],[8797],[8798],[8799],[8800],[8801],[8802],[8803],[8804],[8805],[8806],[8807],[8808],[8809],[8810],[8811],[8812],[8813],[8814],[8815],[8816],[8817],[8818],[8819],[8820],[8821],[8822],[8823],[8824],[8825],[8826],[8827],[8828],[8829],[8830],[8831],[8832],[8833],[8834],[8835],[8836],[8837],[8838],[8839],[8840],[8841],[8842],[8843],[8844],[8845],[8846],[8847],[8848],[8849],[8850],[8851],[8852],[8853],[8854],[8855],[8856],[8857],[8858],[8859],[8860],[8861],[8862],[8863],[8864],[8865],[8866],[8867],[8868],[8869],[8870],[8871],[8872],[8873],[8874],[8875],[8876],[8877],[8878],[8879],[8880],[8881],[8882],[8883],[8884],[8885],[8886],[8887],[8888],[8889],[8890],[8891],[8892],[8893],[8894],[8895],[8896],[8897],[8898],[8899],[8900],[8901],[8902],[8903],[8904],[8905],[8906],[8907],[8908],[8909],[8910],[8911],[8912],[8913],[8914],[8915],[8916]],"properties":{"id":89,"leftCounty":"Iași","leftId":225,"rightCounty":"Neamț","rightId":270,"version":"2025/03/26"}},{"type":"MultiLineString","arcs":[[8917],[8918],[8919],[8920],[8921],[8922],[8923],[8924],[8925],[8926],[8927],[8928],[8929],[8930],[8931],[8932],[8933],[8934],[8935],[8936],[8937],[8938],[8939],[8940],[8941],[8942],[8943],[8944],[8945],[8946],[8947],[8948],[8949],[8950],[8951],[8952],[8953],[8954],[8955],[8956],[8957],[8958],[8959],[8960],[8961],[8962],[8963],[8964],[8965],[8966],[8967],[8968],[8969],[8970],[8971],[8972],[8973],[8974],[8975],[8976],[8977],[8978],[8979]],"properties":{"id":90,"leftCounty":"Iași","leftId":225,"rightCounty":"Suceava","rightId":332,"version":"2025/03/26"}},{"type":"MultiLineString","arcs":[[8980],[8981],[8982],[8983],[8984],[8985],[8986],[8987],[8988],[8989],[8990],[8991],[8992],[8993],[8994],[8995],[8996],[8997],[8998],[8999],[9000],[9001],[9002],[9003],[9004],[9005],[9006],[9007],[9008],[9009],[9010],[9011],[9012],[9013],[9014],[9015],[9016],[9017],[9018],[9019],[9020],[9021],[9022],[9023],[9024],[9025],[9026],[9027],[9028],[9029],[9030],[9031],[9032],[9033],[9034],[9035],[9036],[9037],[9038],[9039],[9040],[9041],[9042],[9043],[9044],[9045],[9046],[9047],[9048],[9049],[9050],[9051],[9052],[9053],[9054],[9055],[9056],[9057],[9058],[9059],[9060],[9061],[9062],[9063],[9064],[9065],[9066],[9067],[9068],[9069],[9070],[9071],[9072],[9073],[9074],[9075],[9076],[9077],[9078],[9079],[9080],[9081],[9082],[9083],[9084],[9085],[9086],[9087],[9088],[9089],[9090],[9091],[9092],[9093],[9094],[9095],[9096],[9097],[9098],[9099],[9100],[9101],[9102],[9103],[9104],[9105],[9106],[9107],[9108],[9109],[9110],[9111],[9112],[9113],[9114],[9115],[9116],[9117],[9118],[9119],[9120],[9121],[9122],[9123],[9124],[9125],[9126],[9127],[9128],[9129],[9130],[9131],[9132],[9133],[9134],[9135],[9136],[9137],[9138],[9139],[9140],[9141],[9142],[9143],[9144],[9145],[9146],[9147],[9148],[9149],[9150],[9151],[9152],[9153],[9154],[9155],[9156],[9157],[9158],[9159],[9160],[9161],[9162],[9163],[9164],[9165],[9166],[9167],[9168],[9169],[9170],[9171],[9172],[9173],[9174],[9175],[9176],[9177],[9178],[9179],[9180],[9181],[9182],[9183],[9184],[9185],[9186],[9187],[9188],[9189],[9190],[9191],[9192],[9193],[9194],[9195],[9196],[9197],[9198],[9199],[9200],[9201],[9202],[9203],[9204],[9205],[9206],[9207],[9208],[9209],[9210],[9211],[9212],[9213],[9214],[9215],[9216],[9217],[9218],[9219],[9220],[9221],[9222],[9223],[9224],[9225]],"properties":{"id":91,"leftCounty":"Iași","leftId":225,"rightCounty":null,"rightId":null,"version":"2025/03/26"}},{"type":"MultiLineString","arcs":[[9226],[9227],[9228],[9229],[9230],[9231],[9232],[9233],[9234],[9235],[9236],[9237],[9238],[9239],[9240],[9241],[9242],[9243],[9244],[9245],[9246],[9247],[9248],[9249],[9250],[9251],[9252],[9253],[9254],[9255],[9256],[9257],[9258],[9259],[9260],[9261],[9262],[9263],[9264],[9265],[9266],[9267],[9268],[9269],[9270],[9271],[9272],[9273],[9274],[9275],[9276],[9277],[9278],[9279],[9280],[9281],[9282],[9283],[9284],[9285],[9286],[9287],[9288],[9289],[9290],[9291],[9292],[9293],[9294],[9295],[9296],[9297],[9298],[9299],[9300],[9301],[9302],[9303],[9304],[9305],[9306],[9307],[9308],[9309],[9310],[9311],[9312],[9313],[9314],[9315],[9316],[9317],[9318],[9319],[9320],[9321],[9322],[9323],[9324],[9325],[9326],[9327],[9328],[9329],[9330],[9331],[9332],[9333],[9334],[9335],[9336],[9337],[9338],[9339],[9340],[9341],[9342],[9343],[9344],[9345],[9346],[9347],[9348],[9349],[9350],[9351],[9352],[9353],[9354],[9355],[9356],[9357],[9358],[9359],[9360],[9361],[9362],[9363],[9364],[9365],[9366],[9367],[9368],[9369],[9370],[9371],[9372],[9373],[9374],[9375],[9376],[9377],[9378],[9379],[9380],[9381],[9382],[9383],[9384],[9385],[9386],[9387],[9388],[9389],[9390],[9391],[9392],[9393],[9394],[9395],[9396],[9397],[9398],[9399],[9400],[9401],[9402],[9403],[9404],[9405],[9406],[9407],[9408],[9409],[9410],[9411],[9412],[9413]],"properties":{"id":92,"leftCounty":"Iași","leftId":225,"rightCounty":"Vaslui","rightId":378,"version":"2025/03/26"}},{"type":"MultiLineString","arcs":[[9414],[9415],[9416],[9417],[9418],[9419],[9420],[9421],[9422],[9423],[9424],[9425],[9426],[9427],[9428],[9429],[9430],[9431],[9432],[9433],[9434],[9435],[9436],[9437],[9438],[9439],[9440],[9441],[9442],[9443],[9444],[9445],[9446],[9447],[9448],[9449],[9450],[9451],[9452],[9453],[9454],[9455],[9456],[9457],[9458],[9459],[9460],[9461],[9462],[9463],[9464],[9465],[9466],[9467],[9468],[9469],[9470],[9471],[9472],[9473],[9474],[9475],[9476],[9477],[9478],[9479],[9480],[9481],[9482],[9483],[9484],[9485],[9486],[9487],[9488],[9489],[9490],[9491],[9492],[9493],[9494],[9495],[9496],[9497],[9498],[9499],[9500],[9501],[9502],[9503],[9504],[9505],[9506],[9507],[9508],[9509],[9510],[9511],[9512],[9513],[9514],[9515]],"properties":{"id":93,"leftCounty":"Giurgiu","leftId":528,"rightCounty":"Ilfov","rightId":234,"version":"2025/03/26"}},{"type":"MultiLineString","arcs":[[9516],[9517],[9518],[9519],[9520],[9521],[9522],[9523],[9524],[9525],[9526],[9527],[9528],[9529],[9530],[9531],[9532],[9533],[9534],[9535],[9536],[9537],[9538],[9539],[9540],[9541],[9542],[9543],[9544],[9545],[9546],[9547],[9548],[9549],[9550],[9551],[9552],[9553],[9554],[9555],[9556],[9557],[9558],[9559],[9560],[9561],[9562],[9563],[9564],[9565],[9566],[9567],[9568],[9569],[9570],[9571],[9572]],"properties":{"id":94,"leftCounty":"Ilfov","leftId":234,"rightCounty":"Prahova","rightId":298,"version":"2025/03/26"}},{"type":"MultiLineString","arcs":[[9573],[9574],[9575],[9576],[9577],[9578],[9579],[9580],[9581],[9582],[9583],[9584],[9585],[9586],[9587],[9588],[9589],[9590],[9591],[9592],[9593],[9594],[9595],[9596],[9597],[9598],[9599],[9600],[9601],[9602],[9603],[9604],[9605],[9606],[9607],[9608],[9609],[9610],[9611],[9612],[9613],[9614],[9615],[9616],[9617],[9618],[9619],[9620],[9621],[9622],[9623],[9624],[9625],[9626],[9627],[9628],[9629],[9630],[9631],[9632],[9633],[9634],[9635],[9636],[9637],[9638],[9639]],"properties":{"id":95,"leftCounty":"Călărași","leftId":519,"rightCounty":"Ilfov","rightId":234,"version":"2025/03/26"}},{"type":"MultiLineString","arcs":[[9640],[9641],[9642],[9643],[9644],[9645],[9646],[9647],[9648],[9649],[9650],[9651],[9652],[9653],[9654],[9655],[9656],[9657],[9658],[9659],[9660],[9661],[9662],[9663],[9664],[9665],[9666],[9667],[9668],[9669],[9670],[9671],[9672],[9673],[9674],[9675],[9676],[9677],[9678],[9679],[9680],[9681],[9682],[9683],[9684],[9685],[9686],[9687],[9688],[9689],[9690],[9691],[9692],[9693],[9694],[9695],[9696],[9697],[9698],[9699],[9700],[9701],[9702],[9703],[9704],[9705],[9706],[9707],[9708],[9709],[9710],[9711],[9712],[9713],[9714],[9715],[9716],[9717],[9718],[9719],[9720],[9721],[9722],[9723],[9724],[9725],[9726]],"properties":{"id":96,"leftCounty":"București","leftId":403,"rightCounty":"Ilfov","rightId":234,"version":"2025/03/26"}},{"type":"MultiLineString","arcs":[[9727],[9728],[9729],[9730],[9731],[9732],[9733],[9734],[9735],[9736],[9737],[9738],[9739],[9740],[9741],[9742],[9743],[9744],[9745],[9746],[9747],[9748],[9749],[9750],[9751],[9752],[9753],[9754],[9755],[9756],[9757],[9758],[9759],[9760],[9761],[9762],[9763],[9764],[9765],[9766],[9767],[9768],[9769],[9770],[9771],[9772],[9773],[9774],[9775],[9776],[9777],[9778],[9779],[9780],[9781],[9782],[9783],[9784],[9785],[9786],[9787],[9788],[9789],[9790],[9791],[9792],[9793],[9794],[9795],[9796],[9797],[9798],[9799],[9800],[9801],[9802],[9803],[9804],[9805],[9806],[9807],[9808],[9809],[9810],[9811],[9812],[9813],[9814],[9815],[9816],[9817],[9818],[9819],[9820],[9821],[9822],[9823],[9824]],"properties":{"id":97,"leftCounty":"Maramureș","leftId":243,"rightCounty":"Sălaj","rightId":314,"version":"2025/03/26"}},{"type":"MultiLineString","arcs":[[9825],[9826],[9827],[9828],[9829],[9830],[9831],[9832],[9833],[9834],[9835],[9836],[9837],[9838],[9839],[9840],[9841],[9842],[9843],[9844],[9845],[9846],[9847],[9848],[9849],[9850],[9851],[9852],[9853],[9854],[9855],[9856],[9857],[9858],[9859],[9860],[9861],[9862],[9863],[9864],[9865],[9866],[9867],[9868],[9869],[9870],[9871],[9872],[9873],[9874],[9875],[9876],[9877],[9878],[9879],[9880],[9881],[9882],[9883],[9884],[9885],[9886],[9887],[9888],[9889],[9890],[9891],[9892],[9893],[9894],[9895],[9896],[9897],[9898],[9899],[9900],[9901],[9902],[9903],[9904],[9905],[9906],[9907],[9908],[9909],[9910],[9911],[9912],[9913],[9914],[9915],[9916],[9917],[9918],[9919],[9920],[9921],[9922],[9923],[9924],[9925],[9926],[9927],[9928],[9929],[9930],[9931],[9932],[9933],[9934],[9935],[9936],[9937],[9938],[9939],[9940],[9941],[9942],[9943],[9944],[9945],[9946],[9947],[9948],[9949],[9950],[9951],[9952],[9953],[9954],[9955],[9956],[9957],[9958],[9959],[9960],[9961],[9962],[9963],[9964],[9965],[9966],[9967],[9968],[9969],[9970],[9971],[9972],[9973],[9974],[9975],[9976],[9977],[9978],[9979],[9980],[9981],[9982],[9983],[9984],[9985],[9986],[9987],[9988],[9989],[9990],[9991],[9992],[9993],[9994],[9995],[9996],[9997],[9998],[9999],[10000],[10001],[10002],[10003],[10004],[10005],[10006],[10007],[10008],[10009],[10010],[10011],[10012],[10013],[10014],[10015],[10016],[10017],[10018],[10019],[10020],[10021],[10022],[10023],[10024],[10025],[10026],[10027],[10028],[10029],[10030],[10031],[10032],[10033]],"properties":{"id":98,"leftCounty":"Maramureș","leftId":243,"rightCounty":"Satu Mare","rightId":305,"version":"2025/03/26"}},{"type":"MultiLineString","arcs":[[10034],[10035],[10036],[10037],[10038],[10039],[10040],[10041],[10042],[10043],[10044],[10045],[10046],[10047],[10048],[10049],[10050],[10051],[10052],[10053],[10054],[10055],[10056],[10057],[10058],[10059],[10060],[10061],[10062],[10063],[10064],[10065],[10066],[10067],[10068],[10069],[10070],[10071],[10072],[10073],[10074],[10075],[10076],[10077],[10078],[10079],[10080],[10081],[10082],[10083],[10084],[10085],[10086],[10087],[10088],[10089],[10090],[10091],[10092],[10093],[10094],[10095],[10096],[10097],[10098],[10099],[10100],[10101],[10102],[10103],[10104],[10105],[10106],[10107],[10108],[10109],[10110],[10111],[10112],[10113],[10114],[10115],[10116],[10117],[10118],[10119],[10120],[10121],[10122],[10123],[10124],[10125],[10126],[10127],[10128],[10129],[10130],[10131],[10132],[10133],[10134],[10135],[10136],[10137],[10138],[10139],[10140],[10141],[10142],[10143],[10144],[10145],[10146],[10147],[10148],[10149],[10150],[10151],[10152],[10153],[10154],[10155],[10156],[10157],[10158],[10159],[10160],[10161],[10162],[10163],[10164],[10165],[10166],[10167],[10168],[10169],[10170],[10171],[10172],[10173],[10174],[10175],[10176],[10177],[10178],[10179],[10180],[10181],[10182],[10183],[10184],[10185],[10186],[10187],[10188],[10189],[10190],[10191],[10192],[10193],[10194],[10195],[10196],[10197],[10198],[10199],[10200],[10201],[10202],[10203],[10204],[10205],[10206]],"properties":{"id":99,"leftCounty":"Maramureș","leftId":243,"rightCounty":null,"rightId":null,"version":"2025/03/26"}},{"type":"MultiLineString","arcs":[[10207],[10208],[10209],[10210],[10211],[10212],[10213],[10214],[10215],[10216],[10217],[10218],[10219],[10220],[10221],[10222],[10223],[10224],[10225],[10226],[10227],[10228],[10229],[10230],[10231],[10232],[10233],[10234],[10235]],"properties":{"id":100,"leftCounty":"Maramureș","leftId":243,"rightCounty":"Suceava","rightId":332,"version":"2025/03/26"}},{"type":"MultiLineString","arcs":[[10236],[10237],[10238],[10239],[10240],[10241],[10242],[10243],[10244],[10245],[10246],[10247],[10248],[10249],[10250],[10251],[10252],[10253],[10254],[10255],[10256],[10257],[10258],[10259],[10260],[10261],[10262],[10263],[10264],[10265],[10266],[10267],[10268],[10269],[10270],[10271],[10272],[10273],[10274],[10275],[10276],[10277],[10278],[10279],[10280],[10281],[10282],[10283],[10284],[10285],[10286],[10287],[10288],[10289],[10290],[10291],[10292],[10293],[10294],[10295],[10296],[10297],[10298],[10299],[10300],[10301],[10302],[10303],[10304],[10305],[10306],[10307],[10308],[10309],[10310],[10311],[10312],[10313],[10314],[10315],[10316],[10317],[10318],[10319],[10320],[10321],[10322],[10323],[10324],[10325],[10326],[10327],[10328],[10329],[10330],[10331],[10332],[10333],[10334],[10335],[10336],[10337],[10338],[10339],[10340],[10341],[10342],[10343],[10344],[10345],[10346],[10347],[10348],[10349],[10350],[10351],[10352],[10353],[10354],[10355],[10356],[10357],[10358],[10359],[10360],[10361],[10362],[10363],[10364],[10365],[10366],[10367],[10368],[10369],[10370],[10371],[10372],[10373],[10374],[10375],[10376],[10377],[10378],[10379],[10380],[10381],[10382]],"properties":{"id":101,"leftCounty":"Mehedinți","leftId":252,"rightCounty":null,"rightId":null,"version":"2025/03/26"}},{"type":"MultiLineString","arcs":[[10383],[10384],[10385],[10386],[10387],[10388],[10389],[10390],[10391],[10392],[10393],[10394],[10395],[10396],[10397],[10398],[10399],[10400],[10401],[10402],[10403],[10404],[10405],[10406],[10407],[10408],[10409],[10410],[10411],[10412],[10413],[10414],[10415],[10416],[10417],[10418],[10419],[10420],[10421],[10422],[10423],[10424],[10425],[10426],[10427],[10428],[10429],[10430],[10431],[10432],[10433],[10434],[10435],[10436],[10437],[10438],[10439],[10440],[10441],[10442],[10443],[10444],[10445],[10446],[10447],[10448],[10449],[10450],[10451],[10452],[10453],[10454],[10455],[10456],[10457],[10458],[10459],[10460],[10461],[10462],[10463],[10464],[10465],[10466],[10467],[10468],[10469],[10470],[10471],[10472],[10473],[10474],[10475],[10476],[10477],[10478],[10479],[10480],[10481],[10482],[10483],[10484],[10485],[10486],[10487],[10488],[10489],[10490],[10491],[10492],[10493],[10494],[10495],[10496],[10497],[10498],[10499],[10500],[10501],[10502],[10503],[10504],[10505],[10506],[10507],[10508],[10509]],"properties":{"id":102,"leftCounty":"Mureș","leftId":261,"rightCounty":"Sibiu","rightId":323,"version":"2025/03/26"}},{"type":"MultiLineString","arcs":[[10510],[10511],[10512],[10513],[10514],[10515],[10516],[10517],[10518],[10519],[10520],[10521],[10522],[10523],[10524],[10525],[10526],[10527],[10528],[10529],[10530]],"properties":{"id":103,"leftCounty":"Mureș","leftId":261,"rightCounty":"Suceava","rightId":332,"version":"2025/03/26"}},{"type":"MultiLineString","arcs":[[10531],[10532],[10533],[10534],[10535],[10536],[10537],[10538],[10539],[10540],[10541],[10542],[10543],[10544],[10545],[10546],[10547],[10548],[10549],[10550],[10551],[10552],[10553],[10554],[10555],[10556],[10557],[10558],[10559],[10560],[10561],[10562],[10563],[10564],[10565],[10566],[10567],[10568],[10569],[10570],[10571],[10572],[10573],[10574],[10575],[10576],[10577],[10578],[10579],[10580],[10581],[10582],[10583],[10584],[10585],[10586],[10587],[10588],[10589],[10590],[10591],[10592],[10593],[10594],[10595],[10596],[10597],[10598],[10599],[10600],[10601],[10602],[10603],[10604],[10605],[10606],[10607],[10608],[10609],[10610],[10611],[10612],[10613],[10614],[10615],[10616],[10617],[10618],[10619],[10620],[10621],[10622],[10623],[10624],[10625],[10626],[10627],[10628],[10629],[10630],[10631],[10632],[10633],[10634],[10635],[10636],[10637],[10638],[10639],[10640],[10641],[10642],[10643],[10644],[10645],[10646],[10647],[10648],[10649],[10650],[10651],[10652],[10653],[10654]],"properties":{"id":104,"leftCounty":"Neamț","leftId":270,"rightCounty":"Suceava","rightId":332,"version":"2025/03/26"}},{"type":"MultiLineString","arcs":[[10655],[10656],[10657],[10658],[10659],[10660],[10661],[10662],[10663],[10664],[10665],[10666],[10667],[10668],[10669],[10670],[10671],[10672],[10673],[10674],[10675],[10676],[10677],[10678],[10679],[10680],[10681]],"properties":{"id":105,"leftCounty":"Neamț","leftId":270,"rightCounty":"Vaslui","rightId":378,"version":"2025/03/26"}},{"type":"MultiLineString","arcs":[[10682],[10683],[10684],[10685],[10686],[10687],[10688],[10689],[10690],[10691],[10692],[10693],[10694],[10695],[10696],[10697],[10698],[10699],[10700],[10701],[10702],[10703],[10704],[10705],[10706],[10707],[10708],[10709],[10710],[10711],[10712],[10713],[10714],[10715],[10716],[10717],[10718],[10719],[10720],[10721],[10722],[10723],[10724],[10725],[10726],[10727],[10728],[10729],[10730],[10731],[10732],[10733],[10734],[10735],[10736],[10737],[10738],[10739],[10740],[10741],[10742],[10743],[10744],[10745],[10746],[10747],[10748],[10749],[10750],[10751],[10752],[10753],[10754],[10755],[10756],[10757],[10758],[10759],[10760],[10761],[10762],[10763],[10764],[10765],[10766],[10767],[10768],[10769],[10770],[10771],[10772],[10773],[10774],[10775],[10776],[10777],[10778],[10779],[10780],[10781],[10782],[10783],[10784],[10785],[10786],[10787],[10788],[10789],[10790],[10791],[10792],[10793]],"properties":{"id":106,"leftCounty":"Olt","leftId":289,"rightCounty":"Vâlcea","rightId":387,"version":"2025/03/26"}},{"type":"MultiLineString","arcs":[[10794],[10795],[10796],[10797],[10798],[10799],[10800],[10801],[10802],[10803],[10804],[10805],[10806],[10807],[10808],[10809],[10810],[10811],[10812],[10813],[10814],[10815],[10816],[10817],[10818],[10819],[10820],[10821],[10822],[10823],[10824],[10825],[10826],[10827],[10828],[10829],[10830],[10831],[10832],[10833],[10834],[10835],[10836],[10837],[10838],[10839],[10840],[10841],[10842],[10843],[10844],[10845],[10846],[10847],[10848],[10849],[10850],[10851],[10852],[10853],[10854],[10855],[10856],[10857],[10858],[10859],[10860],[10861],[10862],[10863],[10864],[10865],[10866],[10867],[10868],[10869],[10870],[10871],[10872],[10873],[10874],[10875],[10876],[10877],[10878],[10879],[10880],[10881],[10882],[10883],[10884],[10885],[10886],[10887],[10888],[10889],[10890],[10891],[10892],[10893],[10894],[10895],[10896],[10897],[10898],[10899],[10900],[10901],[10902],[10903],[10904],[10905],[10906],[10907],[10908],[10909],[10910],[10911],[10912],[10913],[10914],[10915],[10916],[10917],[10918],[10919],[10920],[10921],[10922],[10923]],"properties":{"id":107,"leftCounty":"Olt","leftId":289,"rightCounty":"Teleorman","rightId":341,"version":"2025/03/26"}},{"type":"MultiLineString","arcs":[[10924],[10925],[10926],[10927],[10928],[10929],[10930],[10931],[10932],[10933],[10934],[10935],[10936],[10937],[10938],[10939],[10940],[10941],[10942],[10943],[10944],[10945],[10946],[10947],[10948],[10949],[10950],[10951],[10952],[10953],[10954],[10955],[10956],[10957],[10958],[10959],[10960],[10961]],"properties":{"id":108,"leftCounty":"Olt","leftId":289,"rightCounty":null,"rightId":null,"version":"2025/03/26"}},{"type":"MultiLineString","arcs":[[10962],[10963],[10964],[10965],[10966],[10967],[10968],[10969],[10970],[10971],[10972],[10973],[10974],[10975],[10976],[10977],[10978],[10979],[10980],[10981],[10982],[10983],[10984],[10985],[10986],[10987],[10988],[10989],[10990],[10991],[10992],[10993],[10994],[10995],[10996],[10997],[10998],[10999],[11000],[11001],[11002],[11003],[11004],[11005],[11006],[11007],[11008],[11009],[11010],[11011],[11012],[11013],[11014],[11015],[11016],[11017],[11018],[11019],[11020],[11021],[11022],[11023],[11024],[11025],[11026],[11027],[11028],[11029],[11030],[11031],[11032],[11033],[11034],[11035],[11036]],"properties":{"id":109,"leftCounty":"Satu Mare","leftId":305,"rightCounty":"Sălaj","rightId":314,"version":"2025/03/26"}},{"type":"MultiLineString","arcs":[[11037],[11038],[11039],[11040],[11041],[11042],[11043],[11044],[11045],[11046],[11047],[11048],[11049],[11050],[11051],[11052],[11053],[11054],[11055],[11056],[11057],[11058],[11059],[11060],[11061],[11062],[11063],[11064],[11065],[11066],[11067],[11068],[11069],[11070],[11071],[11072],[11073],[11074],[11075],[11076],[11077],[11078],[11079],[11080],[11081],[11082],[11083],[11084],[11085],[11086],[11087],[11088],[11089],[11090],[11091],[11092],[11093],[11094],[11095],[11096],[11097],[11098],[11099],[11100],[11101],[11102],[11103],[11104],[11105],[11106],[11107],[11108],[11109],[11110],[11111],[11112],[11113],[11114],[11115],[11116],[11117],[11118],[11119],[11120],[11121],[11122],[11123],[11124],[11125],[11126],[11127],[11128],[11129],[11130],[11131],[11132],[11133],[11134],[11135],[11136],[11137],[11138],[11139],[11140],[11141],[11142],[11143],[11144],[11145],[11146],[11147],[11148],[11149],[11150],[11151],[11152],[11153],[11154],[11155],[11156],[11157],[11158],[11159],[11160],[11161],[11162],[11163],[11164],[11165],[11166],[11167],[11168],[11169],[11170],[11171],[11172],[11173],[11174],[11175],[11176],[11177],[11178],[11179],[11180],[11181],[11182],[11183],[11184],[11185],[11186],[11187],[11188],[11189],[11190],[11191],[11192],[11193],[11194],[11195],[11196],[11197],[11198],[11199],[11200],[11201],[11202],[11203],[11204],[11205],[11206],[11207],[11208],[11209],[11210],[11211],[11212],[11213],[11214],[11215],[11216],[11217],[11218],[11219],[11220],[11221],[11222],[11223],[11224],[11225],[11226],[11227],[11228],[11229],[11230],[11231],[11232],[11233]],"properties":{"id":110,"leftCounty":"Satu Mare","leftId":305,"rightCounty":null,"rightId":null,"version":"2025/03/26"}},{"type":"MultiLineString","arcs":[[11234],[11235],[11236],[11237],[11238],[11239],[11240],[11241],[11242],[11243],[11244],[11245],[11246],[11247],[11248],[11249],[11250],[11251],[11252],[11253],[11254],[11255],[11256],[11257],[11258],[11259],[11260],[11261],[11262],[11263],[11264],[11265],[11266],[11267],[11268],[11269],[11270],[11271],[11272],[11273],[11274],[11275],[11276],[11277],[11278],[11279],[11280],[11281],[11282],[11283],[11284],[11285],[11286],[11287],[11288],[11289],[11290],[11291],[11292],[11293],[11294],[11295],[11296],[11297],[11298],[11299],[11300],[11301],[11302],[11303],[11304],[11305],[11306],[11307],[11308],[11309],[11310],[11311],[11312],[11313],[11314],[11315],[11316],[11317]],"properties":{"id":111,"leftCounty":"Sibiu","leftId":323,"rightCounty":"Vâlcea","rightId":387,"version":"2025/03/26"}},{"type":"MultiLineString","arcs":[[11318],[11319],[11320],[11321],[11322],[11323],[11324],[11325],[11326],[11327],[11328],[11329],[11330],[11331],[11332],[11333],[11334],[11335],[11336],[11337],[11338],[11339],[11340],[11341],[11342],[11343],[11344],[11345],[11346],[11347],[11348],[11349],[11350],[11351],[11352],[11353],[11354],[11355],[11356],[11357],[11358],[11359],[11360],[11361],[11362],[11363],[11364],[11365],[11366],[11367],[11368],[11369],[11370],[11371],[11372],[11373],[11374],[11375],[11376],[11377],[11378],[11379],[11380],[11381],[11382],[11383],[11384],[11385],[11386],[11387],[11388],[11389],[11390],[11391],[11392],[11393],[11394],[11395],[11396],[11397],[11398],[11399]],"properties":{"id":112,"leftCounty":"Suceava","leftId":332,"rightCounty":null,"rightId":null,"version":"2025/03/26"}},{"type":"MultiLineString","arcs":[[11400],[11401],[11402],[11403],[11404],[11405],[11406],[11407],[11408],[11409],[11410],[11411],[11412],[11413],[11414],[11415],[11416],[11417],[11418],[11419],[11420],[11421],[11422],[11423],[11424],[11425],[11426],[11427],[11428],[11429],[11430],[11431],[11432],[11433],[11434],[11435],[11436],[11437],[11438],[11439],[11440],[11441],[11442],[11443],[11444],[11445],[11446],[11447],[11448],[11449],[11450],[11451],[11452],[11453],[11454],[11455],[11456],[11457],[11458],[11459],[11460],[11461],[11462],[11463],[11464],[11465],[11466],[11467],[11468],[11469],[11470],[11471]],"properties":{"id":113,"leftCounty":"Teleorman","leftId":341,"rightCounty":null,"rightId":null,"version":"2025/03/26"}},{"type":"MultiLineString","arcs":[[11472],[11473],[11474],[11475],[11476],[11477],[11478],[11479],[11480],[11481],[11482],[11483],[11484],[11485],[11486],[11487],[11488],[11489],[11490],[11491],[11492],[11493],[11494],[11495],[11496],[11497],[11498],[11499],[11500],[11501],[11502],[11503],[11504],[11505],[11506],[11507],[11508],[11509],[11510],[11511],[11512],[11513],[11514],[11515],[11516],[11517],[11518],[11519],[11520],[11521],[11522],[11523],[11524],[11525],[11526],[11527],[11528],[11529],[11530],[11531],[11532],[11533],[11534],[11535],[11536],[11537],[11538],[11539],[11540],[11541],[11542],[11543],[11544],[11545],[11546],[11547],[11548],[11549],[11550],[11551],[11552],[11553],[11554],[11555],[11556],[11557],[11558],[11559],[11560],[11561],[11562],[11563],[11564],[11565],[11566],[11567],[11568],[11569],[11570],[11571],[11572],[11573],[11574],[11575],[11576],[11577],[11578],[11579],[11580],[11581],[11582],[11583],[11584],[11585],[11586],[11587],[11588],[11589],[11590],[11591],[11592],[11593],[11594],[11595],[11596],[11597],[11598],[11599],[11600],[11601],[11602],[11603],[11604],[11605],[11606],[11607],[11608],[11609],[11610],[11611],[11612],[11613],[11614],[11615],[11616],[11617],[11618],[11619],[11620],[11621],[11622],[11623],[11624],[11625]],"properties":{"id":114,"leftCounty":"Giurgiu","leftId":528,"rightCounty":"Teleorman","rightId":341,"version":"2025/03/26"}},{"type":"MultiLineString","arcs":[[11626],[11627],[11628],[11629],[11630],[11631],[11632],[11633],[11634],[11635],[11636],[11637],[11638],[11639],[11640],[11641],[11642],[11643],[11644],[11645],[11646],[11647],[11648],[11649],[11650],[11651],[11652],[11653],[11654],[11655],[11656],[11657],[11658],[11659],[11660],[11661],[11662],[11663],[11664],[11665],[11666],[11667],[11668],[11669],[11670],[11671],[11672],[11673],[11674],[11675],[11676],[11677],[11678],[11679],[11680],[11681],[11682],[11683],[11684],[11685],[11686],[11687],[11688],[11689],[11690],[11691],[11692],[11693],[11694],[11695],[11696],[11697],[11698],[11699],[11700],[11701],[11702],[11703],[11704],[11705],[11706],[11707],[11708],[11709],[11710],[11711],[11712],[11713],[11714],[11715],[11716],[11717],[11718],[11719],[11720],[11721],[11722],[11723],[11724],[11725],[11726],[11727],[11728],[11729],[11730],[11731],[11732],[11733],[11734],[11735],[11736],[11737],[11738],[11739],[11740],[11741],[11742],[11743],[11744],[11745],[11746],[11747],[11748],[11749],[11750],[11751],[11752],[11753],[11754],[11755],[11756],[11757],[11758],[11759],[11760],[11761],[11762],[11763],[11764],[11765],[11766],[11767],[11768],[11769],[11770],[11771],[11772],[11773],[11774],[11775],[11776],[11777],[11778],[11779],[11780],[11781],[11782],[11783],[11784],[11785],[11786],[11787],[11788],[11789],[11790],[11791],[11792],[11793],[11794],[11795],[11796],[11797],[11798],[11799],[11800],[11801],[11802],[11803],[11804],[11805],[11806],[11807],[11808],[11809],[11810],[11811],[11812],[11813],[11814],[11815],[11816],[11817]],"properties":{"id":115,"leftCounty":"Timiș","leftId":350,"rightCounty":null,"rightId":null,"version":"2025/03/26"}},{"type":"MultiLineString","arcs":[[11818],[11819],[11820],[11821],[11822],[11823],[11824],[11825],[11826],[11827],[11828],[11829],[11830],[11831],[11832],[11833],[11834],[11835],[11836],[11837],[11838],[11839],[11840],[11841],[11842],[11843],[11844],[11845],[11846],[11847],[11848],[11849],[11850],[11851],[11852],[11853],[11854],[11855],[11856],[11857],[11858],[11859],[11860],[11861],[11862],[11863],[11864],[11865],[11866],[11867],[11868],[11869],[11870],[11871],[11872],[11873],[11874],[11875],[11876],[11877],[11878],[11879],[11880],[11881],[11882],[11883],[11884],[11885],[11886],[11887],[11888],[11889],[11890],[11891],[11892],[11893],[11894],[11895],[11896],[11897],[11898],[11899],[11900],[11901],[11902],[11903],[11904],[11905],[11906],[11907],[11908],[11909],[11910],[11911],[11912],[11913],[11914],[11915],[11916],[11917],[11918],[11919],[11920],[11921],[11922],[11923],[11924],[11925],[11926],[11927],[11928],[11929],[11930],[11931],[11932],[11933],[11934],[11935],[11936],[11937],[11938],[11939],[11940],[11941],[11942],[11943],[11944],[11945],[11946],[11947],[11948],[11949],[11950],[11951],[11952],[11953],[11954],[11955],[11956],[11957],[11958],[11959],[11960],[11961],[11962],[11963],[11964],[11965],[11966],[11967],[11968],[11969],[11970],[11971],[11972],[11973],[11974],[11975],[11976],[11977],[11978],[11979],[11980],[11981],[11982],[11983],[11984],[11985],[11986],[11987],[11988],[11989],[11990],[11991],[11992],[11993],[11994],[11995],[11996],[11997],[11998],[11999],[12000],[12001],[12002],[12003],[12004],[12005],[12006],[12007],[12008],[12009],[12010],[12011],[12012],[12013],[12014],[12015],[12016],[12017],[12018],[12019],[12020],[12021],[12022],[12023],[12024],[12025],[12026],[12027],[12028],[12029],[12030],[12031],[12032],[12033],[12034],[12035],[12036],[12037],[12038],[12039],[12040],[12041],[12042],[12043],[12044]],"properties":{"id":116,"leftCounty":"Tulcea","leftId":369,"rightCounty":null,"rightId":null,"version":"2025/03/26"}},{"type":"MultiLineString","arcs":[[12045],[12046],[12047],[12048]],"properties":{"id":117,"leftCounty":"Vaslui","leftId":378,"rightCounty":"Vrancea","rightId":396,"version":"2025/03/26"}},{"type":"MultiLineString","arcs":[[12049],[12050],[12051],[12052],[12053],[12054],[12055],[12056],[12057],[12058],[12059],[12060],[12061],[12062],[12063],[12064],[12065],[12066],[12067],[12068],[12069],[12070],[12071],[12072],[12073],[12074],[12075],[12076],[12077],[12078],[12079],[12080],[12081],[12082],[12083],[12084],[12085],[12086],[12087],[12088],[12089],[12090],[12091],[12092],[12093],[12094],[12095],[12096],[12097],[12098],[12099],[12100],[12101],[12102],[12103],[12104],[12105],[12106],[12107],[12108],[12109],[12110],[12111],[12112],[12113],[12114],[12115],[12116],[12117],[12118],[12119],[12120],[12121],[12122],[12123],[12124],[12125],[12126],[12127],[12128],[12129],[12130],[12131],[12132],[12133],[12134],[12135],[12136],[12137],[12138],[12139],[12140],[12141],[12142],[12143],[12144],[12145],[12146],[12147],[12148],[12149],[12150],[12151],[12152],[12153],[12154],[12155],[12156],[12157],[12158],[12159],[12160],[12161],[12162],[12163],[12164],[12165],[12166],[12167],[12168],[12169],[12170],[12171],[12172],[12173],[12174],[12175],[12176],[12177],[12178],[12179],[12180],[12181],[12182],[12183],[12184],[12185],[12186],[12187],[12188],[12189],[12190],[12191],[12192],[12193],[12194],[12195],[12196],[12197],[12198],[12199],[12200],[12201],[12202],[12203],[12204],[12205],[12206],[12207],[12208],[12209],[12210],[12211],[12212],[12213],[12214],[12215],[12216],[12217],[12218],[12219],[12220],[12221],[12222],[12223],[12224],[12225],[12226],[12227],[12228],[12229],[12230],[12231],[12232],[12233],[12234],[12235],[12236],[12237],[12238],[12239],[12240]],"properties":{"id":118,"leftCounty":"Vaslui","leftId":378,"rightCounty":null,"rightId":null,"version":"2025/03/26"}},{"type":"MultiLineString","arcs":[[12241],[12242],[12243],[12244],[12245],[12246],[12247],[12248],[12249],[12250],[12251],[12252],[12253],[12254],[12255],[12256],[12257],[12258],[12259],[12260],[12261],[12262],[12263],[12264],[12265],[12266],[12267],[12268],[12269],[12270],[12271],[12272],[12273],[12274],[12275],[12276],[12277],[12278],[12279],[12280],[12281],[12282],[12283],[12284],[12285],[12286],[12287],[12288],[12289],[12290],[12291],[12292],[12293],[12294],[12295],[12296],[12297],[12298]],"properties":{"id":119,"leftCounty":"Călărași","leftId":519,"rightCounty":null,"rightId":null,"version":"2025/03/26"}},{"type":"MultiLineString","arcs":[[12299],[12300],[12301],[12302],[12303],[12304],[12305],[12306],[12307],[12308],[12309],[12310],[12311],[12312],[12313],[12314],[12315],[12316],[12317],[12318],[12319],[12320],[12321],[12322],[12323],[12324],[12325],[12326],[12327],[12328],[12329],[12330],[12331],[12332],[12333],[12334]],"properties":{"id":120,"leftCounty":"Călărași","leftId":519,"rightCounty":"Giurgiu","rightId":528,"version":"2025/03/26"}},{"type":"MultiLineString","arcs":[[12335],[12336],[12337],[12338],[12339],[12340],[12341],[12342],[12343],[12344],[12345],[12346],[12347],[12348],[12349],[12350],[12351],[12352],[12353],[12354],[12355],[12356],[12357],[12358],[12359],[12360],[12361],[12362],[12363],[12364],[12365],[12366],[12367],[12368],[12369],[12370],[12371],[12372],[12373],[12374],[12375],[12376],[12377],[12378],[12379],[12380],[12381],[12382],[12383],[12384],[12385],[12386],[12387],[12388],[12389],[12390],[12391],[12392]],"properties":{"id":121,"leftCounty":"Giurgiu","leftId":528,"rightCounty":null,"rightId":null,"version":"2025/03/26"}}]}}}