{"type":"Topology","arcs":[[[15497,25108],[-35,50],[-55,21],[-41,43],[-87,-13],[-90,30],[-10,51],[6,71],[-45,47],[-58,12],[-10,23],[-31,67],[6,100]],[[15047,25610],[14,49],[46,7],[65,69],[145,105],[-103,29],[-63,35],[-32,34],[27,108],[-40,48],[-19,66],[-35,26],[15,72],[-24,35],[-76,-4],[56,54],[-2,36],[45,27],[-31,129],[21,93],[-7,61],[80,-44],[66,58],[19,61],[116,89],[26,53],[90,18],[67,3],[25,35],[-3,91],[-17,56],[67,56],[41,0],[82,-32],[20,-50],[39,5],[124,20]],[[15891,27108],[-8,-48],[10,-61],[75,-30],[73,-67],[30,0],[44,-5],[50,42],[22,-97],[73,-9],[72,-28],[31,22],[48,3],[42,50],[40,3],[86,81],[53,18],[86,2],[147,-63],[33,0],[28,2],[75,53],[62,-18],[-1,-38],[-68,-96],[73,-33],[5,-66],[28,-28],[25,-93],[-19,-50],[17,-26],[43,-41],[41,-11],[59,18],[43,-39],[101,-49],[-23,-41],[7,-27],[-42,-73],[5,-82],[53,-15],[8,34],[76,6],[36,-30],[71,-10],[71,41],[12,86],[31,45],[-8,39],[29,22],[69,-42],[82,42],[34,36],[39,69],[50,26],[30,-12],[39,22],[24,-16],[114,37],[43,-140],[23,-17],[138,-19],[68,20],[51,-16],[72,64],[51,11],[81,-12],[20,58],[61,47],[44,-2],[-61,33],[-13,126],[27,34],[56,-9],[46,12],[39,-48],[72,2],[86,26],[32,42],[34,-23],[37,29],[49,-19],[24,29],[58,30],[91,27],[59,-9],[55,-83],[84,-8],[53,-23],[28,23],[47,-14],[30,-46],[86,38],[43,-18],[-34,-73],[48,-119],[156,-44],[67,-43],[27,11],[77,-28],[53,-66],[48,52],[-9,66],[42,-1],[78,46],[40,-102],[27,-40],[23,34],[38,2],[33,46],[58,-24],[75,-69],[44,5],[51,-38],[11,-47],[-78,-6],[17,-76],[-48,-98],[-34,-21],[-6,-63],[16,-42],[2,-81],[32,-18],[36,-67],[2,-106],[55,-17],[19,-31],[92,-54],[82,-11],[114,-59],[42,61],[39,38],[44,9],[-63,92],[-27,-30],[-71,32],[-2,50],[-25,32],[94,22],[39,-4],[-24,87],[33,40],[21,56],[98,60],[50,13],[110,-39],[73,-15],[48,17],[46,47],[68,-10],[58,42],[42,2],[63,-38],[58,18],[-13,28],[77,24],[75,7],[71,-33],[23,39],[56,-10],[32,-24],[44,-80],[30,-35],[53,57],[4,-55],[26,-35],[73,25],[-26,32],[75,53],[-7,38],[53,0],[5,-24],[84,25],[38,-79],[47,-52],[145,-3],[44,-31],[66,-83],[94,-51],[38,-1]],[[23206,25840],[32,-36],[49,7],[53,79],[46,42],[54,80],[-25,44],[6,28],[52,23],[33,-86],[-34,-95],[48,-72],[-4,-105],[-30,-43],[6,-25],[22,-66],[-63,-28],[-72,-82],[-21,-37],[-66,-48],[-34,-3],[-26,-35],[39,-85],[143,-44],[72,23],[4,-28],[-70,-32],[1,-24],[73,-58],[71,-30],[49,-68],[22,7],[96,-40],[9,-26],[72,-23],[104,23],[65,-27],[79,-1],[45,21],[84,-41],[33,-51],[7,-99],[-8,-52],[-37,-81],[30,-44],[75,-43],[4,-61],[-15,-19],[52,-67],[-14,-22],[36,-39],[35,23],[45,104],[63,-2],[117,-99],[-23,-21],[18,-55],[70,5],[62,-40]],[[24740,24266],[-23,-42],[10,-44],[32,-32],[44,-14],[48,-35],[-44,-40],[-37,-11],[-42,-41],[-62,-10],[-67,23],[-70,-67],[-38,-25],[46,-88],[-25,-42],[6,-26],[-42,-131],[5,-102],[29,-30],[88,-19],[31,-55],[20,-69],[-22,-69],[-38,12],[-91,-23],[-62,-44],[-33,-8],[-20,-36],[-91,-38],[-56,-41],[-79,28],[-33,-16],[-55,4],[-78,-54],[-48,-77],[-77,-48],[-24,-39],[-16,-66],[-58,-38],[-106,-153],[-57,75],[-42,32],[-4,-66],[17,-20],[-3,-63],[-80,-83],[-27,-77],[11,-140],[22,-63],[-79,-31],[2,-27],[44,-54],[-122,-110],[-15,-44],[13,-69],[-6,-38],[-39,-17],[-50,71],[-28,78],[21,35],[-48,65],[-39,37],[48,48],[-43,17],[-61,-24],[-22,61],[-46,-39],[-156,28],[11,40],[-26,44],[-14,3],[-30,-3],[-17,-45],[-42,-23],[-89,2],[-49,26],[-48,-82],[-21,8],[-46,-47],[-98,-141],[-68,-72],[44,-1],[-10,-53],[35,-9],[-8,-83],[-19,-59],[53,-47],[19,-105],[-3,-55],[58,-13],[13,-37],[-30,-81],[-39,2],[-16,38],[-53,51],[-39,-11],[-20,-41],[-29,-5],[-19,-36],[-1,-50],[-51,-27],[-16,-69],[-52,-86],[-35,34],[-38,-30],[-42,9],[-37,29],[-77,-33],[-51,-5],[-79,-33],[-58,15],[-88,-93],[-6,-48],[-45,-35],[20,-50],[42,-30],[44,-12],[35,-68],[99,31],[48,-71],[-45,-35],[-27,-51],[-89,-89],[-46,-85],[-17,-7],[-65,-108],[36,-18],[11,-67],[-70,14],[-53,-76],[-97,42],[-31,-32],[8,-151],[-49,-9],[-1,-46],[-69,43],[-83,-18],[-83,20],[-37,-29],[-119,36],[-52,-60],[-5,-32],[54,-34],[0,-65],[-15,-39],[37,-37],[65,-10],[20,-40],[38,-22],[38,-76],[35,-18],[-52,-75],[-7,-35],[-54,-7],[-85,39],[-33,-21],[-38,-74],[20,-65],[-59,-82],[-7,-36],[-43,6],[17,-62],[-9,-28],[-47,-47],[-44,-65],[56,-61],[79,-36],[-23,-34],[-63,-40],[-2,-36],[-32,-16],[39,-61],[51,-14],[50,-37],[16,-38],[58,-15],[76,-100],[46,-74],[-11,-44],[9,-47],[-22,-21],[-49,6],[-3,-76],[26,-38],[-3,-34],[42,-12],[21,-70],[39,-20],[-28,-29],[-18,-80],[-32,-17],[-68,9],[-31,-19],[-40,-51],[-5,-86],[-14,-49],[-27,-24],[110,-145],[49,-36],[12,-78],[61,-79],[-16,-16],[44,-57],[-6,-72],[53,-108],[30,-45],[53,15],[80,-2],[72,26],[38,-17]],[[21450,17256],[-36,-82],[-54,-42],[0,-48],[-61,-74],[-3,-48],[-123,-32],[-34,-37],[-40,25],[-44,-42],[-66,29],[9,64],[-35,28],[-52,-26],[-48,24],[-28,-5],[-48,52]],[[20787,17042],[5,41],[-39,79],[24,37],[-72,87],[-8,42],[-32,23],[-32,74],[-3,50],[-25,42],[-37,31],[-51,21],[-18,69],[-65,59],[-25,46],[-84,4],[-51,22],[-73,98],[8,70],[-26,75],[-71,-16],[-36,-34],[-23,47],[-90,28],[-69,-19],[-49,56],[-34,19],[-78,-30],[-55,66],[-1,94],[31,50],[-24,58],[8,39],[31,46],[-44,32],[-27,45],[-39,22],[-91,-29],[-109,-80],[-44,39],[-26,104],[39,62],[82,55],[10,62],[94,17],[42,88],[85,15],[3,80],[-27,48],[-26,-1],[-59,29],[-60,66],[-80,5],[-101,116],[-18,70],[-18,27],[47,88],[14,98],[29,56],[2,43],[32,37],[6,57],[-35,53],[0,60],[-60,40],[-56,4],[-57,107],[32,45],[-57,60],[0,76],[-25,18],[-16,96],[-39,36],[-10,70],[-35,60],[20,41],[-13,85],[33,73],[-18,63],[34,41],[-6,81],[-38,8],[-50,79],[-57,36],[-32,5],[71,99],[119,39],[27,32],[-3,53],[-56,-22],[-36,52],[-50,-16],[-14,26],[-89,-38],[-48,16],[-62,66],[-69,17],[-28,42],[-37,91],[-24,113],[-27,55],[8,69],[-30,63],[-70,81],[-8,42],[17,56],[17,121],[-23,68],[8,36],[-20,96],[43,73],[-44,15],[-28,-40],[-41,-26],[-48,21],[-69,7],[-30,-29],[-98,-53],[-40,39],[-51,14],[-42,-7],[-59,27],[-118,35],[-32,37],[-66,-6],[-64,41],[-42,-10],[11,58],[-6,90],[-23,22],[-79,33],[19,83],[-51,44],[38,66],[-6,51],[28,6],[-8,49],[-88,64],[-83,-8],[17,34],[-2,62],[22,51],[-63,85],[-16,83],[22,21],[46,-1],[63,22],[23,41],[35,-41],[84,-57],[33,101],[-4,35],[-53,47],[7,35],[-36,30],[5,104],[26,47],[-33,19],[-23,42],[-107,89],[0,81],[-76,17],[-42,41],[-69,-53],[-60,14],[-29,24],[-54,1],[-27,23],[-59,-28],[-72,59],[-55,-7],[-18,93],[-26,59],[-46,21],[-4,39],[-44,34],[-20,12],[-18,88],[5,51],[-45,59],[43,39],[65,102],[-31,47],[-11,49],[-38,33],[-54,17],[-1,79],[-26,34],[-24,63],[2,67],[-62,54],[-58,-8],[-111,22],[-58,11],[-70,37],[-46,5],[-96,-21],[-22,-55],[-107,-18],[-84,11],[-57,-25],[-45,34],[-7,42],[-26,41],[-61,-1],[-41,25],[-57,82],[-48,-1],[-28,22],[-81,-13]],[[2757,23363],[54,42],[52,198],[57,28],[14,24],[-50,31],[18,78],[-8,22],[216,-27],[-82,424],[167,233],[85,-26],[525,131],[107,-147],[197,-88],[18,132],[135,28],[36,-132],[54,-24],[182,-25],[161,35],[55,29],[73,-171],[144,-29],[39,-18],[32,102],[54,-17],[67,56],[24,39],[54,2],[38,142],[40,217],[43,-7],[143,35],[13,-50],[25,-15],[13,8],[102,-4],[36,45],[30,11],[-46,131],[27,47],[-8,111],[88,33],[31,43],[26,37],[-13,201],[-6,10],[28,138],[33,160],[63,-13],[17,85],[39,22],[89,-29],[82,-6],[141,-28],[49,-32],[81,32],[-42,63],[87,171],[53,77],[8,82],[26,11],[-131,234],[-76,11],[-61,-7],[-10,63],[-77,171],[98,304],[-12,52],[38,39],[58,-6],[25,73],[24,11],[46,71],[-9,28],[69,99],[39,72],[-85,33],[-37,40],[35,75],[1,26],[45,145],[66,97],[32,32],[29,-23],[82,21],[34,-10],[78,70],[82,-46],[17,-42],[173,-57],[16,32],[13,83],[15,73],[33,36],[65,15],[59,31]],[[7347,27867],[48,0],[153,27],[-57,42],[-29,-36],[-38,29],[32,33],[77,-9],[45,-46],[15,-40],[56,18],[47,72],[33,-15],[46,-53],[13,-66],[-5,-93],[136,-41],[37,-26],[24,-80],[23,-177],[33,16],[98,-24],[0,114],[-46,61],[52,57],[-27,39],[-10,89],[17,6],[39,91],[80,0],[28,-21],[88,-3],[41,-24],[66,11],[52,31],[12,24],[31,27],[59,94],[43,-24],[73,17],[40,-9],[116,14],[55,-49],[52,-4],[51,-8],[46,32],[50,13],[12,-35],[59,22],[90,13],[109,-40],[68,-45],[162,17],[76,51],[45,15],[63,48],[82,6],[61,32],[45,77],[31,-7],[65,-50],[60,-18],[69,-38],[32,-52],[-20,-50],[-76,-97],[-53,-82],[-33,-63],[184,-6],[-2,-27],[100,-45],[109,-13],[51,-38],[36,0],[46,37],[74,-9],[73,5],[19,29],[43,2],[48,63],[18,58],[48,39],[26,81],[24,-5],[20,-46],[84,-25],[23,-45],[52,9],[152,-53],[51,24],[15,-50],[-4,-97],[36,-43],[46,-6],[43,18],[8,-77],[27,-26],[52,-23],[52,8],[15,36],[46,-36],[46,1],[54,20],[75,-11],[43,-69],[-34,-119],[-21,-13],[-13,-99],[35,-59],[-5,-37],[35,-23],[4,-44],[23,-60],[3,-68],[-26,-29],[53,-95],[35,-15],[12,-34],[73,-80],[38,1],[54,83],[26,-47],[42,-16],[0,-48],[62,-6],[13,-22],[32,-34],[30,15],[36,29],[98,-58],[59,17],[94,69],[31,-2],[81,48],[64,-6],[-12,-28],[26,-91],[-25,-56],[31,-46],[-31,-64],[35,-46],[37,-4],[27,-41],[33,-109],[13,-78],[-8,-33],[41,-63],[51,-35],[86,2],[32,-46],[18,-36],[-80,-24],[51,-30],[149,-135],[64,-5],[29,-71],[52,-36],[-2,-38],[40,-12],[136,-64],[84,17],[27,-13],[209,6],[92,8],[105,25],[119,39],[71,-14],[50,49],[117,-5],[88,-39],[122,-27],[52,-4],[92,17],[45,51],[26,6],[35,59],[64,16]],[[15497,25108],[-22,-39],[-96,-68],[-8,-34],[-123,-60],[-91,-58],[-69,4],[-41,-47],[38,-80],[-15,-106],[-28,-23],[-23,-107],[-73,-114],[-12,-53],[12,-37],[-31,-39],[39,-79],[-27,-51],[11,-35],[-14,-38],[-60,-17],[11,-44],[-91,-24],[-29,37],[-27,9],[-57,-44],[-14,-49],[-39,-22],[-90,27],[-60,109],[-195,-33],[-24,-41],[-106,31],[-28,-34],[-91,-3],[-46,27],[-49,80],[-15,64],[-22,-12],[-34,-57],[-71,-15],[-33,-40],[-48,-28],[-9,-32],[-85,-57],[-10,-48],[-50,-37],[25,-33],[27,-92],[22,-14],[12,-133],[24,-38],[-12,-28],[4,-74],[20,-17],[30,-77],[35,-43],[-27,-57],[-31,-27],[-2,-80],[-57,-52],[-16,-81],[-50,-13],[-37,-74],[-39,8],[-40,-28],[-28,35],[-33,-31],[10,-33],[-34,-55],[20,-66],[58,-63],[67,-20],[12,-76],[-11,-48],[24,-52],[18,-97],[-48,-51],[4,-77],[46,-51],[9,-33],[-12,-87],[9,-52],[-60,17],[-76,-33],[9,-37],[-72,-25],[-55,71],[-40,-22],[-19,-39],[-10,-70],[-84,13],[-75,-6],[-81,16],[-54,-34],[13,-70],[-1,-77],[82,-56]],[[13028,21629],[-48,14],[-140,-22],[-56,-43],[12,-44],[-29,-147],[-28,-87],[-25,-44],[-47,-11],[-42,26],[-47,-12],[-32,16],[-33,-34],[-33,41],[-31,-6],[-26,-42],[-65,-44],[21,-91],[-1,-88],[-57,-21],[-22,13],[-59,-24],[-31,11],[-24,89],[-34,0],[-47,31],[-12,51],[-66,17],[-69,0],[-44,45],[-77,-26],[-25,-37],[-66,8],[-28,29],[-45,-25],[-20,35],[-38,5],[15,57],[-26,39],[-73,44],[-73,2],[-91,58],[-34,51],[-49,18],[-18,24],[-76,6],[-76,25],[-33,52],[-45,-19],[-65,32],[-58,-5],[-26,17],[-67,-27],[-34,25],[-34,70],[8,55],[-10,38],[-37,30],[-93,23],[-56,-59],[-50,4],[-40,-14],[-35,10],[-75,-27],[-33,-50],[15,-80],[-41,-72],[-66,-37],[-26,-35],[-69,-1],[-110,34],[-17,-59],[-25,-33],[-89,-13],[-53,26],[-33,62],[-58,29],[-53,73],[-51,-93],[39,-45],[5,-34],[-44,-1],[-22,-41],[-43,-11],[-11,-167],[37,-38],[-222,-39],[-10,35],[23,66],[-20,103],[34,50],[-2,61],[-70,49],[-73,139],[-52,61],[-36,108],[-87,-119],[-5,-45],[17,-34],[-69,-74],[7,-37],[-69,-107],[-65,-172],[-5,-89],[-151,-92],[-32,87],[29,93],[-36,88],[-41,22],[-3,36],[-40,53],[-78,-42],[-37,-2],[64,232],[10,55],[-60,13],[-47,-6],[-53,22],[12,44],[-82,38],[-87,41],[5,38],[-123,38],[-72,34],[0,-58],[-53,-10],[-25,98],[-73,36],[-75,6],[1,74],[59,66],[15,69],[-84,218],[-43,99],[-119,10],[-64,-43],[-59,-7],[-93,-65],[-74,-73],[-7,-22],[-65,57],[11,39],[-53,9],[26,-103],[-16,-16],[99,-138],[-205,-116],[29,-47],[-85,-39],[-70,-16],[-35,28],[-13,-63],[-81,-39],[-52,-64],[-36,-76],[-56,30],[5,32],[45,59],[-70,62],[-21,-22],[-61,71],[-73,2],[-43,47],[-19,-35],[-177,97],[-69,-25],[-27,-77],[-26,-43],[-28,-81],[-72,-20],[-77,-59],[-1,-136],[-68,15],[-104,44],[-113,61],[-90,83],[-37,47],[-57,-49],[-13,17],[-220,-168],[-17,25],[-21,30],[-58,-55],[-154,180],[-17,152],[-52,-5],[-5,120],[-18,0],[-12,130],[-120,-2],[3,-29],[-217,0],[-238,21],[-227,-11],[-40,58],[-77,143],[-24,137],[-15,4],[-28,-18],[-137,105],[-65,0],[-68,-12],[-37,40],[-31,27],[-109,-6],[-40,9],[-84,80],[-97,71],[-13,79],[-20,49],[-48,29],[-58,15],[-18,36],[-11,83],[-27,54],[-165,32],[-93,-26],[-79,32],[-9,95],[-74,22]],[[26029,11270],[44,70],[43,7],[69,79],[26,77],[-17,28],[21,65],[52,86],[24,82],[-81,24],[-18,32],[0,84],[40,58],[-2,34],[52,40],[47,82],[64,32],[20,39],[-84,72],[-62,-36],[-47,-10],[65,142],[-8,71],[20,41],[43,35],[20,68],[78,90],[33,9],[-98,114],[-31,13],[-19,44],[49,67],[23,-2],[74,106],[60,54],[13,74],[-36,15],[-16,40],[-85,9],[-106,46],[20,31],[12,60],[33,52],[68,32],[27,46],[-13,39],[-47,19],[17,36],[-12,47],[-44,21],[9,73],[60,44],[64,-65],[22,57],[-10,56],[21,59],[-10,23],[21,48],[-23,82],[-92,118],[-20,84],[33,-13],[60,14],[-15,85],[56,14],[16,30],[-54,84],[-83,2],[-78,63],[39,45],[47,11],[-29,54],[-74,31],[-44,-27],[-31,32],[-24,104],[8,45],[-21,33],[47,57],[-19,29],[36,34],[42,127],[0,53],[-26,36],[77,88],[2,39],[-29,62],[11,35],[-47,37],[-4,55],[54,43],[12,66],[-17,72],[14,14],[-52,73],[-59,-17],[-2,93],[-23,71],[20,43],[0,48],[87,7],[89,-50],[22,68],[-25,25],[-23,62],[14,15],[-30,52],[10,25],[53,-5],[7,29],[-18,60],[-69,88],[-10,103],[-40,53],[8,110],[-36,94],[11,105],[30,123],[65,18],[94,-10],[27,22],[59,84],[-6,66],[20,144],[-45,83],[-38,35],[-12,62],[27,46],[42,19],[24,37],[28,3],[57,62],[-27,70],[-39,167],[8,76],[-50,100]],[[26559,18026],[24,-4],[39,35],[127,35],[77,-79],[27,25],[98,55],[66,76],[33,-14],[37,39],[26,-8],[65,14],[24,40],[44,-25],[68,25],[30,-20],[56,13],[3,-44],[21,-26],[57,-8],[51,37],[36,50]],[[27568,18242],[61,15],[26,-31],[69,20],[38,25],[60,-4],[18,14],[46,-48],[138,59],[74,13],[39,-5],[116,-68],[49,22],[47,48],[22,-27],[58,-19],[42,8],[16,-34],[4,-61],[18,-35],[79,9],[39,-22],[26,30],[75,-1],[19,-14],[67,13],[99,10],[58,-22],[43,17],[120,-108],[32,-6],[105,97],[58,2],[79,-29],[30,-31],[57,17],[43,-15],[78,-5],[77,22],[64,39],[98,-55],[114,-12],[72,-34],[135,32],[38,-34],[23,-44],[79,-45],[24,-59],[34,-39],[66,-23],[38,-118],[34,-33],[31,-3],[55,-48],[26,-5],[86,-122],[90,-29],[52,66],[43,-48],[47,-33],[67,-4],[-23,-53],[18,-65],[35,-46],[-8,-100],[-19,-62],[6,-61],[51,-49],[22,-64],[53,-67],[-7,-35],[65,-53],[24,6],[26,-45],[-36,-27],[-42,-8],[-62,-87],[80,-118],[8,-64],[25,-10],[21,7],[33,55],[46,10],[36,51],[52,10],[29,-72],[10,-80],[26,-60],[-2,-43],[-24,-47],[85,-77]],[[31537,16193],[-31,-82],[27,-78],[-9,-40],[36,-30],[-6,-102],[-90,-82],[-1,-32],[40,-100],[-50,-137],[-19,-22],[-8,-63],[10,-47],[-61,-69],[-7,-32],[-62,-49],[-22,-45],[-4,-89],[33,-81],[-3,-110],[53,-80],[-18,-25],[-7,-68],[-40,9],[-33,-51],[-50,-34],[-79,-1],[-59,-25],[25,-47],[-13,-81],[22,-85],[18,-13],[-28,-49],[-72,-37],[-66,-85],[-84,-30],[7,-53],[-33,-18],[-30,62],[-62,18],[-18,74],[-50,96],[-2,25],[-37,56],[25,24],[-13,67],[-70,-13],[-33,119],[-44,16],[-1,-25],[-118,-14],[35,-47],[61,-27],[-52,-39],[53,-54],[3,-40],[-48,-11],[25,-65],[2,-147],[9,-76],[-11,-51],[-32,-73],[29,-27],[-28,-101],[53,-9],[46,-40],[-103,-72],[34,-33],[40,58],[26,-15],[30,-59],[59,-29],[-9,-50],[29,-46],[0,-60],[-64,-92],[-72,-40],[-20,78],[-76,-4],[-12,-27],[-85,-76],[-2,-72],[11,-29],[127,-107],[-15,-95],[7,-17],[155,22],[-5,-72],[30,-32],[69,37],[19,-67],[26,-23],[16,-45],[11,-159],[-19,-100],[-60,3],[-62,-21],[-24,-42],[2,-42],[-22,-63],[13,-128],[-26,-87],[15,-72],[-33,-82],[21,-92],[35,-21],[36,-52],[42,-23],[75,-78],[-28,-157],[-15,-41],[16,-100],[35,-60],[30,-63],[-1,-38],[-45,-52],[-23,-74],[-20,-89],[27,-36],[-12,-61],[58,-95],[-24,-30],[25,-93],[33,-21],[6,-73],[33,-31],[-28,-79],[18,-76],[-69,-154],[-15,-51],[17,-19],[-47,-62],[-43,95],[-51,-44],[28,-23],[-48,-59],[64,-29],[-13,-34],[11,-74],[49,-50],[74,-31],[18,10],[100,-57],[57,-13],[15,-44],[15,-8],[-121,-113],[-31,-51],[-101,-99],[-54,39],[-122,-79],[54,-65],[11,-45],[69,-55],[17,-28],[-83,-57],[32,-36],[66,52],[13,-10],[27,-28],[-13,-70],[-36,-42],[40,-117],[70,79],[89,-98],[-33,-31],[77,-117],[7,-44],[49,-58],[40,-108],[28,-34],[41,55],[209,-157],[-28,-56],[-51,-159],[-137,-150],[48,-43],[43,-140],[-2,-32],[36,-46],[13,-78],[-72,-27],[17,-21],[-9,-64],[46,-88],[-36,-50],[52,-30],[-100,-83],[-34,54],[-146,-156]],[[30996,7400],[-48,68],[-16,44],[-135,184],[-90,-55],[-49,-27],[-158,-90],[16,-31],[-291,-170],[-46,11],[-108,0],[51,-21],[-177,-156],[-72,104],[-52,-109],[-223,125],[-39,-76],[-174,-183],[-94,-54],[-2,22],[-187,8],[-293,23]],[[28809,7017],[-17,43],[-6,64],[-44,-2],[-85,4],[-258,-6],[0,-59],[-46,-4],[-38,59],[-106,-9],[-9,54],[-196,-69],[2,24],[-67,26],[12,30],[40,18],[1,35],[-56,163],[50,16],[15,94],[-12,100],[22,64],[-10,29],[10,84],[-137,1],[4,244],[-45,6],[12,175],[14,75],[25,76],[43,92],[-16,67],[-46,10],[-18,64],[35,-2],[-1,47],[-31,31],[-10,97],[-48,83],[-64,11],[-12,315],[23,58],[27,30],[-39,19],[-19,90],[-31,32],[13,67],[-20,50],[24,19],[-13,39],[-74,322],[-35,42],[156,95],[1,36],[68,2],[-71,65],[-43,99],[-94,14],[-31,34],[-88,-15],[-36,14],[-85,-20],[-120,-51],[5,28],[-87,121],[-48,32],[-17,39],[-44,-7],[-33,-19],[-23,66],[-13,103],[-6,56],[-33,-4],[37,213],[-62,0],[-25,95],[-16,16],[-3,63],[-59,51],[-44,105],[-7,79],[-19,41],[8,50],[-11,61],[-49,20],[9,156],[-20,116],[-44,6],[-60,26],[-39,-110],[-27,-46],[11,-49],[-10,-49],[-51,-9],[29,-83],[-4,-104],[-16,-17],[-49,15],[-31,-75],[3,-53],[-72,-14],[-18,-74],[-94,-31],[-80,-30],[-43,-40],[-6,48],[-71,17],[-56,52],[-15,32],[92,134],[11,35]],[[38510,22238],[-14,135],[-31,44],[-3,44],[-45,35],[15,79],[19,22],[-63,46],[-74,75],[-6,115],[-90,-25],[-59,16],[-46,37],[-28,17],[-27,88],[62,55],[11,33],[41,9],[23,39],[-11,45],[-25,9],[10,57],[-63,7],[-101,-47],[-27,9],[-73,-36],[29,137],[-18,28],[17,54],[-24,48],[-58,77],[-21,99],[14,91],[51,47],[-21,132],[-24,27],[-58,119],[-94,71],[-155,62],[-63,11],[-71,-5]],[[37409,24144],[-30,34],[11,76],[-14,56],[-30,20],[0,97],[58,25],[37,63],[36,6],[-19,51],[5,32],[41,27],[15,129],[17,74],[28,19],[28,99],[-27,30],[-36,6],[-73,62],[-86,-35],[-78,-10],[-16,-38],[-41,-9],[-24,-88],[-45,-80],[-100,-44],[-47,-9],[-62,14],[-85,-16],[-90,53],[-42,-12],[-34,60],[-9,68],[36,100],[59,66],[14,71],[-20,65],[21,68],[-21,33],[-5,73],[-19,46],[-65,26],[-17,23],[-124,59],[-50,-2],[-57,29],[-60,8],[-90,-19],[-146,12],[-35,27],[34,71],[-93,48],[-86,2],[-20,-61],[-31,44],[-28,-6],[-5,-47],[-61,31],[-39,-57],[-52,4],[31,63],[-19,59],[40,28],[-10,39],[-45,50],[-47,58],[116,53],[-8,75],[21,52],[47,12],[-2,43],[-22,42],[32,33],[-1,44],[-62,37],[71,94],[100,-6],[83,10],[69,17],[35,-61],[66,-27],[44,211],[9,46],[-53,91],[-5,30],[-77,0],[-27,30],[-56,28],[-82,116],[34,53],[-8,48],[-43,32],[-7,77],[15,27],[-47,63],[-27,104],[-60,13],[-13,34],[-40,27],[-33,48],[-8,66],[-41,65],[15,62],[42,19],[49,95],[75,-9],[-44,96],[-29,34],[-8,104],[-40,33],[-4,28],[-46,70],[-69,57],[-40,85],[4,72]],[[35612,28288],[55,-6],[95,29],[27,-35],[83,-3],[11,51],[46,50],[92,66],[75,27],[28,-21],[62,-20],[27,-40],[-5,-51],[31,-75],[-31,-55],[10,-69],[57,-68],[-16,-54],[19,-46],[-18,-37],[51,-31],[56,-64],[28,-11],[41,46],[124,65],[83,15],[45,-33],[31,-68],[-11,-30],[50,-43],[97,55],[22,24],[117,27],[48,-14],[72,40],[-9,55],[24,115],[-1,51],[101,59],[32,79],[70,21],[93,53],[9,-37],[-34,-46],[56,-20],[19,-42],[66,-65],[-1,-40],[26,-23],[34,-117],[-7,-42],[50,-24],[91,8],[45,13],[21,61],[29,17],[51,-35],[39,-84],[65,9],[43,-21],[175,9],[115,125],[10,128],[45,29],[126,31],[20,-55],[87,20],[40,-27],[29,13],[31,-23],[88,30],[11,-19],[57,45],[15,41],[49,60],[54,2],[41,-40],[52,20],[45,-35],[23,-59],[36,-35],[145,3],[113,96],[45,91],[58,65],[23,53],[96,77],[32,-40],[53,51],[39,-31],[28,39],[34,54],[71,75],[27,-31],[42,28],[-32,175],[54,49],[-22,67],[183,-8],[14,46],[96,-43],[1,-24],[64,-14],[7,51],[50,-2],[-25,-92],[-45,-38],[10,-43],[133,61],[-15,-94],[1,-52],[69,-67],[83,-70],[27,-6],[35,-72],[85,47],[-14,26],[123,71],[-17,21],[62,42],[-12,35],[41,33],[78,42],[-74,130],[-52,70],[88,57],[51,-33],[35,38],[10,138],[-10,90],[104,18],[36,33],[-3,32],[68,20],[-4,118],[172,-14],[-13,-56],[41,-4],[5,-92],[-20,-8],[-42,56],[-28,-6],[5,-49],[35,-26],[6,-69],[-84,10],[11,-45],[97,-19],[13,-28],[-26,-49],[109,-44],[48,44],[28,-68],[44,-45],[-30,-46],[33,-35],[0,-54],[-39,-12],[-7,-40],[66,41],[95,-27],[27,46],[60,32],[45,3],[65,26],[46,-1],[32,31],[101,0],[22,27],[60,-17],[43,20],[42,-114],[18,-11],[41,-24],[46,66],[43,31],[95,5],[37,21],[32,-7],[32,-54],[50,-130],[46,14],[44,-29],[30,13],[32,40],[44,1],[-28,-105],[61,-43],[-8,-52],[61,29],[27,78],[-10,59],[69,8],[22,-18],[51,18],[3,81],[51,29],[72,71]],[[43287,28955],[31,-84],[40,-17],[25,-41],[95,-64],[-26,-26],[41,-85],[57,-25],[33,-44],[68,-38],[95,-36],[38,-27],[120,-95],[42,-55],[35,17],[56,-41],[-33,-40],[-57,-15],[-45,-48],[15,-28],[-53,-47],[-36,-15],[58,-80],[37,-37],[60,-30],[16,-23],[-37,-29],[10,-29],[-99,-77],[-123,-132],[-26,-38],[68,-65],[29,-65],[37,-43],[31,-1],[47,-64],[4,-37],[47,2],[6,-43],[32,-18],[29,-50],[5,-16],[37,-153],[46,-47],[55,-82],[8,-54],[34,-39],[13,-51],[44,-20],[19,-76],[30,-24],[-16,-35],[24,-25],[40,20],[-12,-15],[11,-70],[-11,-62],[75,-197],[22,-18],[15,-88],[65,-64],[38,-185],[21,-86],[27,-50],[34,-21],[21,-113],[56,-21],[50,-109],[-1,-42],[16,-138],[46,3],[30,-78],[12,-75],[-45,-18],[31,-113],[41,-104],[34,-64],[-13,-63],[-105,-25],[18,-113],[43,-54],[-21,-55],[31,-42],[50,-34],[35,-59],[-99,-23],[28,-73],[-8,-32],[19,-162],[8,-121],[26,-61],[6,-87],[172,-12],[21,-115],[-18,-16],[-18,-11],[28,-98],[-22,-7],[5,-90],[-34,-163],[37,-8],[-1,-79],[-83,34]],[[45074,23343],[0,30],[-82,42],[-22,-57],[-62,-34],[-44,3],[-28,46],[-27,89],[19,7],[-34,104],[-64,8],[-24,29],[-81,16],[-7,35],[-93,5],[-106,-5],[-12,-40],[-43,4],[-19,-112],[31,-116],[-45,-33],[4,-38],[-69,-9],[-83,-33],[-19,39],[24,39],[-2,70],[-77,8],[-26,-12],[-22,101],[-53,42],[-48,-2],[6,55],[26,20],[-9,100],[-53,24],[-89,-11],[-107,-27],[-93,-8],[7,-58],[36,-100],[-120,-22],[-31,-27],[-40,4],[-9,33],[-15,70],[-58,-25],[-28,42],[-127,-109],[-19,56],[-49,8],[3,-60],[-19,-37],[-24,-34],[-35,71],[-32,12],[0,-33],[-47,-51],[28,-23],[-125,-97],[-120,-86],[-45,-21],[22,-88],[81,-34],[-43,-125],[21,-13],[-30,-19],[-55,-119],[-72,46],[-113,19],[27,-53],[47,-4],[3,-150],[-118,43],[-46,-47],[-34,-6],[-76,48],[-56,23],[-46,2],[-20,26],[-65,7],[-15,29],[-73,34],[-35,-3],[-137,67],[-63,-5],[-14,-12],[-103,-22],[-60,-41],[-16,-45],[24,-111],[-29,-58],[-51,-29],[-17,-100],[-29,-22],[-58,9],[-33,39],[-55,19],[-86,63],[-23,-11],[-33,31],[-57,10],[-45,30],[-50,-44],[-86,-15],[-23,-68],[-94,-8],[-28,16],[-119,-55],[-26,41],[-3,45],[-80,35],[1,23],[-47,108],[-20,-1],[-34,-42],[-29,9],[-29,-29],[-29,22],[-30,-16],[-51,14],[-34,-14],[-41,73],[-88,-57],[-92,43],[-134,-93],[-6,-38],[-70,-23],[-61,24],[-53,-5],[-40,-44],[-41,-34],[3,-55],[-36,-29],[-2,-38],[-96,-40],[-20,-36],[-47,-41],[-39,25],[-69,-61],[-24,-2],[-8,-81],[-35,-93],[-45,-44],[-81,32],[-46,4],[-14,25],[-62,-2],[-27,43],[-125,-9],[-64,56],[-24,54],[-61,58],[-74,-5],[-15,-43],[-43,-25],[-90,-20],[-60,31],[-40,4]],[[7347,27867],[82,86],[6,58],[-81,-7],[-70,103],[1,41],[-24,68],[42,57],[104,-66],[115,64],[91,-37],[38,-52],[32,18],[18,57],[58,38],[1,63],[23,22],[-1,42],[59,23],[53,59],[7,60],[-9,46],[-26,70],[-81,47],[-116,114],[-52,9],[-5,59],[39,100],[20,-7],[99,77],[27,112],[31,41],[19,73],[-4,109],[-13,148],[25,28],[72,5],[21,73],[63,12],[56,45],[75,3],[74,32],[22,22],[67,6],[50,75],[-13,94],[15,54],[67,16],[-44,166],[-27,-3],[-24,45],[-11,81],[9,84],[47,49],[200,4],[15,55],[57,43],[8,38],[56,75],[82,-19],[35,61],[18,60],[-33,21],[-54,9],[16,91],[36,52],[-1,62],[21,50],[51,15],[-30,42],[-27,76],[-3,55],[-100,17],[-75,125],[-8,59],[85,11],[50,27],[78,12],[13,60],[23,30],[56,23],[-11,22],[57,27],[-22,45],[94,61],[-23,70],[83,147],[157,60],[132,36],[115,-28],[12,10],[-23,54],[19,63],[-5,39],[56,61],[1,60],[63,233],[42,94],[76,21],[9,35],[48,-15],[56,68],[65,22],[9,182],[-9,122],[-70,34],[30,141],[32,38],[47,88],[5,37],[61,67],[32,6],[49,67],[2,53],[-60,57],[1,30],[44,18],[19,63],[27,94],[13,78],[62,74],[17,54],[38,37],[58,105],[13,86],[59,62],[30,67],[-8,49],[43,20],[48,-5],[53,61],[83,-10],[23,-17],[51,29],[51,-5],[28,-35],[78,-12],[44,104],[23,28],[32,91],[43,106],[3,41],[-34,61],[35,44],[-59,137],[43,79],[-74,33],[-84,196],[-2,68],[23,69],[11,97],[23,34],[16,61],[33,75],[97,119],[36,64],[100,-99],[62,83],[-104,82],[20,37],[90,61],[42,44],[47,-12],[25,-34],[41,32],[32,56],[9,43],[58,29],[36,39],[38,78],[26,16],[0,73],[64,8],[40,-30],[88,-22],[69,-7],[34,25],[27,52]],[[11956,36584],[68,-11],[29,9],[68,-31],[39,-97],[67,5],[36,-41],[10,-72],[28,-82],[50,21],[30,-35],[48,28],[27,-22],[-25,-33],[29,-54],[-18,-30],[-19,-109],[185,-45],[24,53],[10,-14],[9,-144],[21,-35],[-60,-36],[37,-60],[-18,-27],[130,-49],[102,-15],[92,-81],[-2,-229],[23,-65],[-21,-26],[71,-203],[63,-55],[33,6],[86,-10],[51,22],[58,15],[136,9],[2,-23],[50,-64],[22,-6],[36,46],[41,18],[56,3],[32,24],[31,-42],[60,-57],[60,9],[48,27],[76,-14],[-9,-56],[42,2],[26,41],[103,-32],[23,-111],[-15,-28],[19,-41],[81,23],[27,-5],[93,-84],[15,-78],[-44,-39],[55,-87],[36,-27],[-27,-34],[-9,-54],[70,17],[62,-55],[59,-71],[37,-8],[34,-41],[3,-48]],[[14648,34146],[-29,-62],[-82,-22],[-27,13],[-28,-77],[-49,-70],[-12,-41],[27,-49],[-34,-6],[-34,48],[-54,12],[-52,-41],[-20,-60],[2,-42],[22,-66],[-39,-32],[-1,-106],[50,8],[36,-52],[-15,-31],[19,-86],[-29,-6],[-66,-110],[-38,-49],[-144,-11],[-6,-53],[-30,-68],[68,-104],[-39,-11],[-22,48],[-30,-22],[27,-122],[-25,-44],[-67,-33],[-21,-27],[45,-65],[40,-62],[6,-53],[88,-11],[38,24],[29,-7],[41,-44],[-28,-48],[26,-85],[58,24],[23,-79],[-50,-10],[-1,-42],[57,-9],[2,-65],[26,-15],[56,5],[0,-41],[-62,-51],[-41,-16],[-45,8],[-72,-40],[-41,1],[-66,-18],[84,-61],[59,-26],[50,-108],[146,-51],[38,-63],[59,-26],[8,-30],[42,-20],[7,-32],[45,3],[33,-19],[90,-16],[70,-45],[21,11],[96,-2],[57,-48],[49,-11],[30,20],[37,-14],[54,7],[24,-37],[-6,-33],[13,-99],[39,-23],[25,-84],[-9,-24],[52,-70],[28,-15],[65,2],[28,-20]],[[15369,31139],[-69,-80],[-18,-38],[-72,-38],[-1,-34],[-41,-55],[-130,-94],[19,-80],[-9,-61],[-21,-57],[33,-25],[41,-69],[79,-1],[64,-39],[56,-11],[51,-97],[145,-99],[32,11],[81,-5],[52,-23],[-3,-72],[27,-50],[-20,-35],[-20,-39],[-42,-27],[-37,-78],[-32,-8],[-23,-88],[-24,-53],[-25,-155],[-17,-8],[-47,-90],[-36,-157],[-102,-35],[-41,-66],[-90,-2],[-36,-13],[-65,14],[-97,-3],[-39,-22],[-37,3],[-53,-34],[41,-55],[50,-1],[93,-63],[119,-94],[166,-118],[0,-38],[12,-57],[-20,-110],[-17,-15],[40,-56],[58,-31],[52,-55],[52,-88],[12,-45],[-2,-48],[30,-32],[-9,-55],[19,-51],[43,-38],[57,-87],[37,-85],[3,-73],[16,-68],[66,-38],[56,-68],[-2,-52],[-35,-48],[95,19],[9,20],[66,49],[26,4],[-53,-105],[-56,-88],[37,-80],[-8,-167],[68,-56],[-16,-82],[22,-49],[-38,-14]],[[24417,29275],[-11,17],[67,52],[52,70],[-8,36],[-45,52],[132,73],[7,22],[-29,88],[-36,32],[35,66],[61,75],[22,53],[-44,104],[66,8],[30,19],[-71,87],[-13,93],[-57,67],[-94,45],[33,96],[-16,43],[-45,-56],[-63,33],[-25,-17],[-22,31],[-45,15],[16,78],[41,27],[19,55],[-14,46],[34,43],[-55,18],[-55,1],[-51,-18],[-50,32],[-58,-4],[-93,-53],[-24,3],[8,60],[23,46],[-20,53],[-38,32],[-10,36],[-53,6],[42,169],[34,20],[25,59],[-2,85],[-60,27],[-9,33],[31,32],[23,61],[23,24],[-15,35],[26,115],[48,24],[-17,47],[68,79],[10,55],[-13,64],[84,11],[-26,47],[-47,10],[-41,-16],[-59,48],[12,47],[-12,37],[-69,62],[13,63],[-42,39],[-46,20],[-73,-106],[-41,28],[-50,-3],[-7,78],[-27,41],[-85,16],[-66,-3],[-7,71],[-62,33],[-19,-5],[-55,-8],[-17,49],[-4,99],[60,-34],[23,37],[5,50],[-46,80],[-33,51],[-85,-26],[-7,-25],[38,-36],[-17,-20],[-68,20],[-20,-8],[-110,-12],[-14,-34],[-38,9],[-36,-19],[-24,58],[31,34],[-57,59],[-33,63],[-15,59],[-41,68],[4,111],[-44,85],[0,103],[-31,39],[-8,93],[-24,58],[17,97],[-6,94],[58,10],[15,45],[3,90],[-38,67],[31,57],[40,10],[10,49],[63,-25],[-4,40],[22,47],[38,12],[33,-46],[43,-3],[32,30],[33,58],[50,-27],[60,-62],[-2,-23],[48,-41],[-5,58],[132,100],[9,33],[-43,34],[30,21],[-37,60],[-19,61],[28,107],[2,53]],[[23439,34396],[54,-4],[40,115],[38,-3],[32,32],[65,4],[29,73],[40,43],[10,60],[26,55],[-26,42],[26,43],[44,-9],[15,60],[48,0],[4,45],[54,-9],[42,49],[6,61],[55,39],[12,48],[-20,40],[36,96],[-23,38],[55,35],[-1,36],[-30,34],[16,52],[-50,7],[18,44],[14,80],[29,6],[38,-46],[44,-12],[32,61],[41,2],[3,78],[58,18],[119,22],[43,-35],[54,27],[26,-18],[18,-58],[73,50],[130,-42],[40,27],[14,92],[52,72],[28,6],[48,-31],[22,61],[39,30],[15,46],[-4,83],[20,41],[41,8],[36,86],[53,24],[14,80],[-21,56],[15,56],[26,-7],[49,-44],[45,-13],[22,-49],[69,6],[35,-20],[41,53],[44,13],[43,46],[0,35],[37,76],[33,23],[11,35],[45,63],[19,51],[31,-36],[99,-26],[46,-46],[51,5],[96,-59],[64,9],[49,34],[26,-30],[88,-43],[105,-10],[82,-46],[41,15],[51,-24],[8,-22],[117,-17],[83,-24],[33,-51],[19,-41],[66,-11],[25,46],[36,29],[50,4],[37,-15],[75,0],[99,49],[53,11],[35,-33],[40,-9],[51,-34],[12,-48],[-12,-38],[47,-38],[29,32],[29,-4],[139,14],[142,119],[76,40],[41,-38],[41,11],[69,-15],[100,20],[29,-13],[105,39],[39,-15],[21,-45],[60,-29],[51,72],[29,139],[17,45],[42,21],[111,-4],[54,-36],[53,19],[47,-5],[58,39],[99,43],[40,-1],[66,-33],[62,-13],[124,-4],[65,-16],[40,12]],[[29288,36555],[88,-40],[51,-48],[44,-15],[25,-78],[42,-12],[43,-65],[69,-7],[109,-60],[51,-15],[46,5],[29,-73],[-5,-41],[32,-102],[35,-61],[92,-38],[66,-58],[20,-37],[-10,-51],[2,-58],[-83,-70],[-48,-30],[-17,-53],[-112,-60],[-42,2],[10,-99],[57,-32],[24,-37],[21,-74],[43,-40],[71,32],[45,-66],[-68,-75],[-28,-14],[-69,0],[-5,-32],[-57,-22],[-9,-64],[51,-30],[-5,-39],[-52,16],[-109,137],[-36,24],[-76,-22],[-15,-47],[-79,-75],[-30,-1],[-51,42],[-23,-6],[17,-54],[36,0],[30,-45],[45,-1],[23,-28],[76,-51],[48,-70],[55,-49],[-6,-61],[32,-41],[67,-27],[75,15],[40,-93],[-30,-24],[-23,-118],[11,-41],[62,-65],[26,-8],[-23,-56],[1,-63],[18,-30],[-5,-47],[23,-45],[-15,-37],[-88,-11],[-24,-49],[-67,-6],[-15,-34],[-74,-67],[-33,-56],[64,-34],[81,-117],[114,-85],[62,-21],[-29,-115],[-97,-107],[-94,-169],[93,-156],[-19,-56],[3,-46],[31,-33],[19,-82],[12,-98],[-55,-134],[51,-66],[-16,-60]],[[29927,32325],[-87,-50],[-25,18],[-70,-63],[-12,-63],[-83,-65],[-126,-14],[-32,20],[-42,53],[-52,-44],[-48,13],[-41,32],[-60,9],[-32,-21],[-51,-102],[0,-40],[-55,-54],[-65,16],[-51,39],[-51,-15],[-14,43],[-30,30],[-177,-34],[-5,-16],[-90,-62],[-52,-66],[-47,-81],[-108,-84],[-41,-80],[-46,-49],[-82,-57],[-61,-111],[-9,-70],[-39,-127],[-1,-37],[-59,-116],[-34,-47],[-58,-2],[-61,-87],[-17,-50],[-2,-68],[31,-10],[-31,-110],[-42,-25],[49,-36],[-44,-54],[-9,-46],[-68,-94],[33,-32],[55,-25],[42,-49],[54,-60],[19,-42],[-54,-36],[-107,51],[-22,-70],[-99,-15],[-38,23],[-73,36],[-53,-11],[-70,21],[-58,5],[-58,60],[-34,6],[37,54],[-84,21],[30,108],[-39,5],[1,68],[-68,33],[-30,-53],[-88,11],[-51,35],[-42,-29],[-24,-90],[-28,-57],[-43,-27],[42,-44],[-5,-55],[-73,1],[-49,-26],[15,-28],[-46,-37],[-79,-4],[-91,17],[-6,-71],[53,-68],[-51,-96],[43,-53],[-24,-19],[-67,-191],[-90,-20],[-29,-40],[-10,-59],[-63,14],[-23,-45],[-66,-50],[-62,-26],[-31,-54],[-39,-19],[33,-77],[-44,-56],[0,-41],[-44,-102],[48,-41],[20,35],[41,-3],[34,-57],[-51,-58],[-54,-84],[-21,-16],[-62,20],[-29,29],[-30,-9],[-12,50],[-32,7],[-10,-38],[-55,10],[-37,-9],[-6,-42],[-31,-19],[-25,-76],[25,-27],[-14,-35],[-78,8],[-28,-39],[-68,14],[-69,-21],[-140,104],[-40,-3],[-55,-30],[-55,38],[-44,-1],[-46,-46],[-58,45],[-16,16],[-75,9],[-105,55],[-6,17],[-120,55],[-95,57],[-40,3],[-21,31],[11,31],[-47,29],[-73,82],[-98,23],[-15,21]],[[36383,40065],[13,-6],[101,33],[59,55],[67,-33],[42,17],[167,44],[107,43],[69,115],[55,192],[26,201],[40,35],[83,62],[181,120],[37,19],[54,89],[15,83],[28,51],[15,115],[16,48],[66,140],[57,71],[59,66],[71,40],[39,59],[-3,68],[-36,87],[41,73],[89,-9],[19,76],[35,-60],[26,8],[53,54],[6,37],[42,28],[51,-38],[-43,-54],[48,-17],[41,24],[47,-7],[96,73],[26,44],[29,-13],[81,-53],[2,39],[-39,14],[19,41],[74,-7],[56,20],[28,37],[-24,34],[67,23],[30,37],[33,-39],[49,-2],[56,24],[80,-32],[69,-33],[34,23],[39,-35],[59,42],[65,18],[-13,53],[12,26],[126,-52],[20,38],[-26,60],[14,75],[43,52],[72,18],[53,-69],[76,15],[66,10],[-38,73],[37,21],[52,-35],[11,46],[-2,70],[36,16],[49,-56],[9,-31],[45,18],[52,91],[29,-21],[1,-41],[-20,-42],[31,-57],[101,26],[50,44],[23,81],[55,2],[24,-96],[80,-61],[50,2],[16,34],[-34,60],[35,13],[62,-31],[3,-18],[-55,-60],[43,-11],[80,29],[21,-7],[64,6],[92,-46],[24,15],[18,50],[65,1],[48,38],[58,-51],[7,-28],[60,-15],[18,-85],[-3,-44],[30,-39],[52,23],[24,35],[36,17],[26,-29],[30,-118],[79,-65],[67,-80],[26,-14],[96,12],[31,-27],[-41,-45],[-51,-6],[-4,-47],[50,-61],[47,-19],[63,12],[13,23],[-49,123],[11,18],[96,8],[75,-31],[48,-85],[-27,-72],[-79,-76],[17,-71],[64,-29],[146,14],[100,-45],[38,-65],[-10,-27],[-55,-29],[-83,33],[-55,44],[-48,-24],[-2,-46],[33,-86],[49,-35],[23,-16],[86,-2],[42,-16],[55,-46],[44,1],[78,129],[26,16],[50,-20],[-38,-100],[43,-8],[31,47],[30,-13],[-37,-119],[42,-78],[-21,-81],[-63,-50],[6,-49],[84,-47],[9,-15],[3,-76],[17,-32],[78,-47],[105,-85],[37,-45],[15,-41],[-10,-67],[18,-31],[45,-14],[65,9],[38,-46],[-104,-65],[-16,-110],[15,-27],[43,-11],[103,86],[50,11],[44,-43],[-59,-63],[-26,-42],[41,-63],[73,-17],[194,32],[-44,-75],[-37,-139],[-74,-42],[79,-56],[72,-50],[79,-79],[-171,-235],[307,-179],[56,-481],[131,-100],[78,-7],[33,-26],[-13,-50],[-82,-43],[-34,51],[-27,11],[-43,-55],[-8,-43],[38,-57],[125,14],[2,-38],[-64,-54],[1,-59],[111,-47],[9,-73],[23,-19],[2,-56],[68,22],[17,-120],[-20,-38],[17,-33],[72,40],[40,-64],[-35,-63],[24,-19],[83,31],[-10,-53],[-58,-16],[-33,-80],[34,-53],[45,-8],[-5,-55],[-53,7],[-27,37],[-77,-4],[-4,45],[-42,-18],[-29,-77],[-33,-24],[58,-50],[41,-12],[19,-41],[-6,-41],[18,-37],[74,-2],[-33,-72],[-25,-20],[68,-64],[76,-26],[1,-60],[-17,-46],[5,-54],[61,0],[51,-77],[16,-53],[-5,-43],[51,-45],[53,-87],[52,-35],[119,-42],[25,-25],[7,-52],[45,-117],[58,-59],[69,-35]],[[44441,36487],[-43,-36],[-147,-47],[-91,-49],[-112,-27],[-4,8],[-99,38],[-67,-11],[28,-38],[-66,-45],[-58,60],[-27,-47],[-111,26],[-75,-60],[-26,-43],[34,-14],[8,-47],[-39,-58],[-9,-42],[74,-96],[5,-27],[-105,-65],[-30,41],[-79,-37],[30,-69],[-39,-17],[-11,52],[-56,21],[-55,-19],[-103,14],[-3,-37],[-44,8],[3,42],[-70,17],[-23,53],[-38,52],[-56,-52],[-35,112],[-70,24],[-64,6],[-29,-12],[-114,39],[-18,-52],[-36,2],[-70,-188],[-30,-74],[-4,-47],[9,-148],[24,-6],[0,-55],[14,-200],[-60,7],[-49,-30],[-97,38],[2,-138],[-48,-117],[-51,96],[-43,49],[3,32],[-30,35],[-100,57],[63,15],[-43,84],[-128,128],[-36,-13],[-37,50],[-58,-25],[-85,30],[-84,2],[-69,-43],[-60,15],[-67,-18],[-147,-5],[-63,7],[-33,30],[-145,-2],[-68,27],[-17,34],[-33,-8],[-66,64],[-33,-3],[-98,-63],[-55,-9],[-86,37],[-87,2],[-41,-10],[-107,33],[-33,43],[-77,37],[-59,-49],[-66,-7],[28,-50],[5,-51],[-41,-49],[32,-26],[74,-30],[43,-58],[34,-70],[-164,-10]],[[40134,35405],[-152,-11],[-134,-2],[-200,-27],[-147,-71],[-7,27],[-55,-5],[-20,26],[35,47],[-22,78],[14,83],[-12,32],[-45,10],[-5,52],[-60,14],[-63,-33],[-18,76],[-42,13],[22,40],[69,37],[245,63],[-5,111],[-21,4],[-120,22],[7,32],[-84,86],[-2,62],[-35,12],[9,71],[-52,101],[13,30],[-90,25],[26,52],[0,41],[-65,51],[9,25],[46,0],[10,29],[-14,28],[39,34],[-32,29],[-5,51],[-62,12],[15,98],[-7,74],[45,24],[-5,30],[-48,42],[-52,8],[-39,-12],[-7,29],[-71,8],[-33,23],[23,81],[-47,87],[-19,-12],[-58,93],[-144,231],[-33,63],[53,20],[-85,107],[-40,46],[-9,9],[-86,-67],[39,97],[8,56],[-76,-22],[-45,71],[-88,-58],[-32,-9],[-31,-63],[-29,52],[-8,39],[46,55],[51,31],[3,53],[-24,30],[13,142],[14,43],[-38,7],[-157,-89],[-37,3],[-26,57],[-69,39],[-40,88],[-37,1],[-19,50],[-43,3],[2,52],[-49,22],[-3,32],[-35,30],[-12,109],[-19,85],[-85,21],[33,83],[36,22],[-52,56],[-49,2],[-5,64],[-26,13],[-45,-72],[-85,106],[-27,0],[53,46],[-29,53],[-31,6],[-17,50],[-73,10],[-4,43],[-36,4],[-22,34],[-39,17],[-98,-9],[-40,-54],[-54,1],[14,-40],[-40,-4],[-15,59],[-75,18],[-3,66],[53,69],[-47,18],[11,58],[-18,41],[-79,-14],[-24,41],[-20,42],[-43,-5],[-52,-31],[-74,64],[-52,7],[-23,36],[9,39],[-15,45],[28,64],[-5,45],[-45,8],[-53,29],[40,38],[26,47],[-12,19],[-129,60]],[[27568,18242],[-12,53],[-51,58],[-25,135],[-8,89],[55,55],[-11,41],[9,61],[-5,51],[35,68],[-13,89],[-34,25],[19,28],[-9,57],[16,35],[9,141],[-54,81],[0,24],[-48,113],[3,26],[-92,209],[-25,36],[-15,67],[-5,95],[8,72],[-32,46],[37,79],[59,38],[3,37],[37,53],[90,57],[55,7],[-8,69],[32,40],[64,-60],[41,-59],[27,-64],[30,-3],[54,40],[14,81],[-36,110],[47,-38],[47,-10],[49,43],[74,15],[68,-25],[50,3],[12,42],[1,53],[-32,63],[39,37],[-34,65],[-38,1],[-60,25],[-26,51],[-70,45],[-35,47],[-42,20],[-75,63],[-20,56],[-4,105],[-29,46],[3,88],[-47,37],[20,77],[73,22],[40,30],[80,-48],[5,-18],[89,-34],[13,62],[68,103],[16,38],[42,43],[-23,96],[9,31],[93,-7],[53,-16],[68,26],[47,-14],[53,7],[101,24],[-1,43],[20,39],[-82,82],[-37,91],[10,42],[73,-30],[69,4],[63,28],[71,-6],[57,144],[3,35],[62,33],[27,63],[50,18],[68,-30],[66,49],[66,9],[35,51],[63,11],[-1,40],[67,23],[59,33],[-19,38],[-67,37],[-30,84]],[[29199,22607],[29,34],[29,74],[-60,25],[19,83],[39,58],[139,152],[96,32],[27,54],[75,40],[33,65],[29,-39],[79,-25],[91,-56],[49,18],[21,36],[36,18],[95,95],[32,-25],[29,11],[79,2],[77,-50],[11,-26],[64,6],[15,37],[40,9],[105,96],[71,8],[64,62]],[[30612,23401],[39,-12],[58,62],[60,-57],[113,-87],[12,-37],[45,-2],[20,-40],[129,-48],[40,38],[29,53],[-4,62],[38,97],[-91,79],[42,41],[3,80],[90,-29],[-43,-110],[52,-42],[118,59],[72,-8],[40,10],[51,-39],[63,47],[60,-83],[44,-31],[6,-43],[56,-67],[22,-71],[59,-76],[39,-29],[61,14],[60,-57],[28,31],[47,-14],[50,-62],[63,-23],[111,3],[39,18],[32,-45],[-16,-43],[16,-37],[-20,-66]],[[32345,22837],[2,-15],[-6,-87],[15,-80],[-13,-101],[29,-36],[68,-30],[50,-68],[48,10],[44,-36],[20,-45],[84,-52],[107,37],[17,19],[62,-33],[45,36],[49,7],[13,-29],[53,-13],[-16,-35],[3,-52],[34,-20],[39,-58],[64,-35],[5,-44],[-16,-49],[-39,-34],[-29,-89],[-59,-14],[-9,-36],[-65,-1],[8,-34],[-46,-96],[4,-79],[-17,-30],[-2,-61],[19,-26],[-16,-53],[18,-24],[28,-46],[-39,-84],[30,-82],[4,-32],[70,-47],[32,-87],[-39,0],[-45,-50],[0,-131],[31,-12],[36,41],[71,15],[33,-18],[48,7],[135,-44],[46,9],[167,80],[8,-53],[-84,-26],[-108,-47],[-53,-1],[-15,-50],[-41,-37],[-32,-51],[-42,32],[57,43],[-41,25],[-73,-53],[-87,-7],[-4,-31],[28,-89],[16,-20],[-3,-74],[-13,-37],[40,-76],[-5,-40],[52,-15],[8,-38],[49,-26],[95,-14],[74,22],[75,-44],[-47,-25],[35,-48],[-1,-50],[19,-25],[78,14],[42,-7],[18,-34],[-43,-16],[12,-47],[46,6],[69,-79],[26,-11],[-4,-54],[40,-72],[32,-9],[4,-59],[-28,-29],[35,-62],[-27,-43],[-48,-11],[-5,-39],[58,-13],[59,53],[46,60],[41,22],[16,77],[19,39],[44,-35],[128,-11],[52,22],[31,-10],[38,-62],[28,-23],[16,-5],[20,-27],[40,-5],[26,34],[120,38],[5,-32],[-17,-69],[283,-56],[-40,-42],[-4,-98],[-29,-60],[69,-21],[40,50],[24,6],[72,-67],[-18,-32],[32,-34],[10,-50],[49,-30],[66,29],[89,-1],[67,11],[73,-13],[4,-62],[66,-7],[81,-80],[151,-53],[61,3],[12,-27],[-31,-92],[15,-62],[-15,-57],[-29,-32],[-79,-53],[78,-47],[65,6],[119,-16],[49,6],[33,-35],[86,-52],[-26,-41],[9,-29],[-26,-46],[-2,-39],[51,-52],[15,21],[73,13],[46,-17],[59,14],[28,-12],[-6,-47],[33,-12],[31,-38],[-78,-85],[8,-29],[83,-75],[23,-73],[112,-34],[34,-38],[-13,-34],[12,-87],[38,-22],[22,-42],[-64,-135],[5,-30],[-19,-92],[8,-52]],[[36349,17435],[-42,8],[-51,-41],[-36,-63]],[[36220,17339],[-36,-31],[4,-53],[-13,-105],[-71,-4],[-81,-59],[-63,68],[-16,3],[-51,33],[-41,4],[-7,66],[-41,93],[-65,62],[-94,-25],[-43,-3],[-40,-31],[-40,28],[-110,20],[-33,-4],[-68,83],[-47,-19],[-9,-50],[-26,-33],[-38,-87],[-46,-16],[-58,-105],[39,-89],[-27,-68],[-34,-37],[30,-65],[-19,-49],[-4,-79],[-56,-26],[-66,-68],[-9,-114],[-47,-11],[-23,37],[-83,33],[-84,-1],[-41,23],[31,34],[-2,60],[-20,10],[-103,236],[-67,22],[-43,67],[-24,9],[-49,-20],[-43,-35],[-6,-41],[-30,-33],[-75,19],[-68,2],[-101,-23],[-94,94],[-47,36],[-25,39],[-1,59],[-118,96],[-79,-44],[-151,-30],[-9,26],[-79,6],[-3,-56],[-31,-45],[-109,-83],[-25,-116],[-87,-21],[-73,60],[-32,0],[-97,-30],[-37,5],[-119,-54],[-45,60],[-79,43],[-164,-84],[-34,-58],[-61,-20],[-53,12],[-43,-62],[-14,-54]],[[32354,16746],[-110,-43],[-31,12],[-92,-69],[-31,-36],[-2,-34],[-15,-80],[18,-122],[-12,-92],[-34,-31],[-94,24],[-59,-4],[-32,13],[-73,4],[-17,-26],[-70,-4],[-15,-18],[-148,-47]],[[43270,10734],[26,90],[-61,41],[1,32],[-56,19],[13,45],[127,-45],[106,432],[18,50],[-116,41],[20,69],[-30,23],[93,-33],[57,-1],[41,154],[19,93],[65,196],[68,270],[91,436],[-4,23],[-36,-35],[-33,18],[-124,-8],[25,239],[-43,-4],[8,61],[-312,8],[7,167],[11,95],[18,87],[-5,61],[18,183],[-105,-4],[-5,-42],[-39,-1],[-24,39],[-18,72],[4,57],[42,3],[32,27],[-56,39],[-71,-31],[-42,182],[-53,250],[-13,132],[-3,-8],[-232,-128],[-17,-32],[33,-142],[-105,-64],[-40,76],[-44,38],[-30,49],[-32,26],[-17,46],[-31,24],[111,194],[96,89],[115,163],[0,70],[44,1],[311,316],[223,-233],[179,-130],[22,94],[103,-74],[56,-41],[94,-69],[54,123],[71,2],[71,-28],[36,54],[90,-52],[92,14],[-66,31],[55,82],[-28,12],[46,52],[-146,66],[75,128],[-128,81],[54,133],[-49,44],[-40,60],[-8,45],[83,-4],[39,-30],[20,-40],[38,-14],[43,-38],[78,-41],[46,-14],[36,33],[-13,51],[76,19],[39,27],[-19,29],[12,206],[-12,49],[-36,56],[-10,56],[83,17],[-10,52],[108,29],[-6,115],[-52,49],[263,161],[-44,174]],[[44711,16318],[-33,100],[21,37],[48,47],[88,66],[200,166],[231,228],[217,217]],[[45483,17179],[23,22],[65,-33],[17,41],[29,-9],[51,-49],[78,-11],[31,-18],[-18,-43],[67,-23],[6,-31],[-20,-53],[80,3],[29,-106],[109,68],[-12,147],[66,16],[16,105],[42,-13],[-20,-63],[-13,-83],[17,-18],[74,28],[107,65],[29,-31],[-19,-71],[-68,-59],[45,-37],[-32,9],[-64,-141],[198,-98],[74,-19],[24,56],[22,12],[87,-38],[56,109],[24,-9],[-47,-105],[-3,-109],[-25,-29],[4,-53],[40,-6],[66,39],[79,5],[38,25],[48,0],[14,-56],[7,-85],[144,-36],[88,-60],[41,25],[82,8],[82,-33],[57,5],[28,45],[-29,36],[44,44],[3,55],[79,6],[21,26],[94,-53],[79,-67],[59,-16],[95,7],[90,-30],[89,-62],[33,-1],[47,-49],[35,24],[25,65],[26,-2],[56,-36],[56,48],[98,27]],[[48426,16406],[-24,-99],[2,-231],[-15,-82],[-11,-64],[-67,-169],[-13,-95],[-67,-143],[-28,-197],[58,-53],[88,-106],[60,-45],[113,-60],[138,-53],[104,-25],[62,-1],[40,16],[54,63],[39,0],[22,-105],[20,-56],[38,-37],[6,-39],[-128,-206],[-99,-141],[1,-57],[159,-107],[136,-75],[118,-112],[86,-83],[47,-33],[94,-34],[-16,-53],[-123,-73],[-27,-38],[3,-34],[53,-92],[-18,-60],[-44,-18],[-132,11],[-44,26],[-35,-48],[5,-103],[-9,-47],[28,-166],[16,-55],[69,-185],[-2,-31],[-80,-33],[-47,-65],[-19,-97],[43,-176],[23,-51],[20,-90],[48,-20],[5,-59],[-21,-49],[-58,-83],[-53,-133],[-30,-181],[15,-165],[40,-72],[52,-30],[2,-27],[-27,-57],[-32,-40],[-80,-37],[-71,-51],[-54,-78],[-12,-35],[-3,-99],[-63,-112],[-31,-42],[-38,-93],[-14,-71],[0,-77]],[[48698,10888],[4,-25],[-49,-131],[-27,-50],[-102,-68],[-45,-87],[-35,-38],[-50,31],[-62,-55],[-69,-2],[-45,20],[-103,70],[-39,42],[-129,72],[-52,6],[-155,-45],[-146,-28],[-100,-87]],[[47494,10513],[-12,57],[-26,40],[-35,16],[-75,2],[-162,33],[-50,66],[-16,67],[1,57],[33,90],[2,96],[-129,-2],[-34,-46],[-74,36],[-36,-32],[-45,-95],[-156,25],[-138,-54],[-18,-73],[77,-52],[37,3],[3,-85],[-133,-12],[-15,-101],[-445,31],[-5,50],[-173,14],[-184,6],[3,51],[-318,0],[-46,8],[-27,38],[-45,4],[33,-137],[-148,4],[1,51],[-121,4],[-37,-48],[-257,218],[-181,-238],[-101,95],[-60,-80],[-112,118],[11,19],[-153,120],[-31,-40],[-166,-217],[-131,102],[-120,-207],[-73,-125],[-85,69],[-82,107],[-58,60],[13,67],[-125,41]],[[36349,17435],[16,12],[15,102],[52,63],[45,81],[49,44],[2,31],[39,86],[32,22],[57,92],[8,67],[24,31],[48,0],[9,-79],[67,-74],[17,-54],[58,112],[-28,20],[2,44],[21,53],[-7,68],[41,7],[7,118],[146,74],[9,39],[56,13],[96,0],[77,26],[2,-32],[49,-41],[-36,-54],[7,-69],[15,-26],[69,-32],[74,-54],[36,-51],[22,73],[65,39],[15,51],[36,29],[40,-1],[39,80],[8,50],[52,36],[25,120],[-20,25],[-17,80],[34,86],[30,167],[-15,69],[28,24],[0,48],[33,75],[25,20],[28,12],[49,99],[-27,27],[0,34],[68,15],[21,59],[21,45],[46,-2],[35,22],[-18,59],[-6,65],[54,157],[-38,146],[18,111],[37,70]],[[38211,20064],[56,-39],[50,-67],[54,5],[70,-38],[24,-54],[47,-41],[15,-35],[-14,-33],[20,-118],[-6,-56],[-27,-35],[1,-84],[26,-19],[0,-39],[101,-52],[49,-59],[-10,-92],[12,-41],[99,-52],[25,-66],[5,-58],[31,-80],[50,-36],[45,-54],[55,-117],[7,-29],[42,-33],[33,-62],[71,8],[21,-66],[56,-39],[45,-23],[36,13],[46,47],[37,-12],[6,-41],[78,-75],[48,22],[47,43],[40,5],[52,-28],[13,-32],[65,-56],[31,-5],[42,-54],[113,24],[82,-19],[19,-43],[86,-92],[19,-8],[22,-62],[55,-58],[58,-92],[32,14],[69,-14],[63,-77],[-46,-40],[-1,-21],[54,-64],[57,-4],[55,23],[101,-30],[81,24],[59,-23],[15,-6],[29,-89],[38,-79],[29,-15],[13,-39],[59,-48],[119,69],[85,-15],[72,-33],[43,-34],[31,4],[12,40],[51,21],[3,104],[17,36],[19,-28],[136,-8],[6,-28],[45,7],[34,-18],[-9,-46],[49,-34],[43,64],[51,18],[4,27],[57,-3],[79,40],[-67,-53],[29,-43],[4,-42],[27,-57],[6,-49],[30,-33],[67,-149],[10,-64],[96,-58],[122,-158],[37,-63],[166,-53],[122,-22],[48,116],[16,-2],[21,113],[34,-16],[1,56],[163,-86],[30,67],[113,-70],[-96,-128],[-44,-3],[-29,-34],[-67,4],[-27,-52],[-59,-33],[38,-34],[-50,-80],[95,-48],[-25,-107],[99,-5],[72,16],[28,55],[117,70],[51,34],[-5,36],[54,52],[73,148],[32,-25],[30,20],[57,-119],[62,-113],[91,49],[68,89],[43,31],[6,32],[122,41],[21,2],[8,-190],[-25,-11],[-26,-62],[-48,-33],[-2,-31],[33,-261],[434,-62],[-19,-111],[117,-1],[150,35],[93,76],[44,-58],[86,78],[121,85]],[[43270,10734],[-3,-10],[-161,11],[-135,15],[-46,-192],[128,-51],[-14,-48],[131,-54],[-52,-147],[-124,46],[-11,-36],[-126,49],[-20,-57],[-226,86],[62,211],[19,130],[-340,137],[-71,65],[-102,76],[-128,113],[-78,-99],[-120,-194],[-19,-40],[-351,160],[-53,-5],[-82,53],[6,13],[-111,73],[-79,-130],[-120,81],[-48,-62],[-52,-97],[-85,59],[-41,-80],[-76,56],[-134,126],[-360,-55],[-30,95],[-205,-81],[-15,-18],[-48,22],[-73,38],[-90,71],[-22,-35],[-65,-51],[-74,181],[-4,70],[-80,147]],[[39542,11376],[27,20],[-56,80],[46,40],[-41,45],[-54,83],[-50,-35],[-151,245],[-44,58],[-34,4],[-75,-52],[0,58],[-36,195],[7,15],[134,52],[164,54],[0,15],[128,32],[-45,75],[-84,-27],[-13,96],[-99,179],[-2,29],[-38,48],[-48,-20],[-79,53],[-31,109],[-64,-19],[-58,1],[23,-82],[-73,-41],[-36,66],[-26,-12],[-48,124],[18,11],[-34,69],[-30,60],[3,48],[3,75],[-19,0],[-15,86],[-59,121],[-106,30],[-17,22],[35,33],[20,78],[22,38],[-22,61],[17,10],[-17,79],[8,34],[-24,30],[0,100],[43,26],[0,67],[76,28],[6,19],[-47,159],[-10,80],[12,84],[-10,44],[6,107],[-8,48],[-103,-78],[-60,-50],[-85,-83],[-146,31],[-52,-50],[-18,-47],[-27,-18],[-37,-71],[-92,56],[-51,0],[7,85],[-17,119],[-33,3],[20,50],[-20,30],[11,63],[22,23],[35,76],[-49,-10],[-19,26],[-91,21],[-24,-10],[-81,-68],[-42,0],[-30,-61],[-105,49],[-114,-13],[-19,30],[-55,-7],[3,-67],[-40,-17],[4,69],[-24,65],[-10,73],[-72,111],[55,13],[-30,41],[-32,-3],[-40,44],[2,24],[29,44],[-9,85],[-39,117],[-37,37],[-89,-36],[-99,23],[1,30],[36,44],[28,22],[115,126],[31,43],[57,8],[21,79],[-33,59],[-41,49],[-64,3],[-31,77],[-31,28],[-41,79],[-29,5],[-27,92],[-43,6],[-34,43],[-43,8],[-32,38],[-51,86],[29,123],[49,53],[-6,48],[-75,29],[-15,29],[-36,7],[-14,59],[29,58],[14,84],[-8,38],[15,79],[-13,131],[-59,75],[-53,49],[-82,55],[-63,0],[-64,39],[-35,41],[-30,58],[1,33],[-49,32],[-38,64]],[[7582,14465],[113,25],[63,72],[3,44],[-18,72],[39,12],[35,69],[63,68],[-5,61],[-31,53],[58,33],[27,132],[46,45],[49,2],[37,41],[-34,63],[-27,10],[-48,62],[-45,39],[71,76],[-65,149],[-25,116],[-31,37],[-183,95],[22,70],[-32,45],[-24,-20],[-80,107],[-191,235],[-28,154],[130,38],[-2,34],[172,34],[-23,147],[-55,-32],[-43,42],[16,30],[-42,54],[-9,92],[-26,163],[-5,38],[182,96],[24,-16],[63,28],[61,46],[109,7],[109,-55],[62,17],[-29,30],[45,62],[44,-34],[81,79],[19,85],[-24,3],[-47,52],[74,87],[-41,29],[-11,58],[21,47],[125,113],[13,132],[172,-27],[92,60],[36,51],[47,2],[44,40],[29,3],[43,8],[46,-50],[38,-17],[38,-50],[52,5],[-22,-57],[9,-34],[58,-27],[96,15],[27,-61],[72,-13],[29,-23],[13,-67],[8,-3],[241,-105],[55,1],[108,-29],[116,-4],[45,62],[54,5],[34,-17],[69,-6],[71,23],[1,69],[-25,17],[20,60],[-21,80],[52,1],[271,50],[72,-96],[-91,-31],[15,-51],[36,-66],[71,-81],[27,-97],[-20,-64],[26,-71],[53,9],[79,8],[52,40],[40,-26],[60,-60],[11,55],[90,-46],[8,25],[72,-19],[66,-67],[77,8],[3,65],[28,3],[43,38],[60,-11],[9,53],[-36,52],[30,79],[70,33],[-55,27],[-30,56],[-31,99],[-63,-22],[-10,24],[-5,30],[29,54],[-34,95],[31,20],[-78,121],[54,40],[179,-180],[184,184],[16,31],[55,-41],[68,48],[19,-32],[60,39],[24,45],[5,92],[31,40],[-1,-74],[17,-31],[52,-6],[30,34],[23,-32],[36,2],[14,32],[46,45],[24,41],[32,-3],[20,-37],[43,-17],[36,-50],[56,-2],[129,-13],[96,-152],[15,-9],[96,-11],[83,136],[44,48],[10,83],[-4,54],[22,30],[15,123],[41,52],[3,36],[72,123],[45,25],[39,-9],[122,20],[50,32],[27,-10],[53,12],[83,-22],[37,-22],[40,51],[35,5],[63,-17],[47,-29],[45,47]],[[13488,18837],[108,-57],[27,-24],[36,2],[22,-61],[-25,-57],[49,-36],[2,-29],[34,-61],[56,-71],[83,-49],[51,-46],[4,-54],[47,-12],[8,-94],[48,-32],[46,-6],[63,12],[77,-2],[7,-121],[29,0],[45,42],[45,-17],[38,3],[15,-46],[59,40],[34,-62],[40,-13],[0,-68],[-15,-68],[86,29],[25,-5],[52,40],[60,-11],[31,37],[53,-58],[2,-48],[-19,-19],[-1,-67],[-67,-71],[4,-64],[45,8],[77,47],[31,-116],[28,-48],[46,-24],[15,-31],[61,-18],[-27,-60],[21,-117],[62,-17],[29,-36],[8,-139],[34,-123],[58,-15],[-17,-42],[10,-102],[-9,-108],[46,-148],[-58,-90],[-10,-51],[-63,-95],[-63,-52],[-76,-29],[-33,-35],[-40,-69],[52,-78],[23,-12],[-11,-86],[40,-59],[9,-49],[53,-81],[49,-39],[46,19],[-35,-80],[15,-45],[8,-119],[-54,-73],[-5,-59],[-60,-55],[71,-73],[-19,-50],[3,-103]],[[15107,15061],[-1,-47],[-52,-40],[-23,-68],[-56,-48],[-100,-20],[7,-75],[-29,-52],[-49,-31],[-69,-71],[-73,6],[-88,-36],[-30,-65],[-45,-24],[-21,-51],[-61,-63],[-6,-70],[-51,-52],[-39,-60],[-6,-62],[57,-97],[78,-80],[88,-31],[67,32],[62,-32],[79,7],[71,-71],[61,5],[50,-118],[-5,-62]],[[14923,13685],[-20,-53],[-31,-10],[-35,-47],[-32,-13],[-41,-91],[-75,-95],[-24,-8],[-37,-75],[-54,-52],[3,-43],[-42,-11],[-6,-38],[-41,-29],[-12,-29],[-57,-4],[-76,-79],[-29,-116],[-79,-79],[-61,-104],[-41,-42],[-37,-11],[-127,-112],[-72,-99],[107,-56],[37,-45],[7,-60],[-89,-2],[-52,-48],[-45,-9],[2,-62],[20,-15],[1,-67],[33,-85],[-39,-96],[5,-50],[-49,-15],[41,-118],[-14,-52],[-4,-73],[-56,-32],[8,-40],[-44,-29],[-22,-111],[-46,-39],[-17,-17],[14,-55],[-40,-71],[-54,-47],[11,-94],[-49,-85],[-50,-35],[-15,-62],[-27,-18],[16,-76],[-3,-47],[24,-59],[-30,-15],[-23,-58],[-24,-19],[20,-72],[-15,-63],[-26,7],[-61,-20],[-34,40],[-61,23],[-42,-45],[-57,3],[-42,-29],[-6,-100],[-71,-9],[-1,103],[-49,139],[-27,54],[-60,35],[-31,3],[-34,-26],[-67,-3],[-84,47],[-124,7],[-90,35],[-21,61],[-48,22],[-5,50],[-48,76],[-42,13],[-29,6],[-54,42],[-104,31],[12,-50],[-12,-62],[2,-54],[-49,-75],[-5,-75],[-20,-37],[23,-118],[33,-44],[-79,-109],[8,-36],[-55,-45],[-107,5],[-70,-50],[9,-44],[-22,-140],[0,-39],[-26,-64],[-15,-35],[12,-40],[-19,-62],[21,-52],[-27,-51],[-36,-168],[46,-63],[48,-32],[32,10],[75,-22],[38,-80],[-29,-55],[22,-86],[-22,-54],[-56,-76],[-3,-47],[-54,-60],[14,-47],[-57,-59],[-28,19],[-53,94],[-27,-13],[-6,-43],[-75,-14],[-51,43],[-32,71],[-34,42],[-11,45],[-33,52],[-45,-13],[-36,35],[-50,-48],[-43,-14],[-14,-48],[-198,-37],[-39,13],[-46,-74]],[[10929,9007],[-66,72],[-43,197],[-56,48],[-114,-5],[-128,18],[-63,30],[-127,78],[-37,7],[-102,-25],[-60,6],[-128,44],[-55,5],[-105,32],[-78,-28],[-84,-8],[-40,14],[-83,102],[-32,9],[-127,-26],[-169,-54],[-94,-17],[-62,4],[-41,18],[-98,72],[-47,15],[-83,-3],[-144,-43],[-71,-9],[-53,18],[-79,70],[-53,160],[-4,123],[28,125],[-39,168],[-25,60],[-85,160],[-23,26],[-147,79],[-150,48],[-57,7],[-167,-16],[-277,53],[-85,-16],[-68,2],[-65,-19],[-63,7],[-97,35],[-43,46],[-17,52],[-27,151],[-55,94],[-68,43],[-45,16],[-12,50],[49,19],[-63,83],[26,51],[-4,56],[58,135],[25,19],[77,-12],[28,41],[55,-29],[63,0],[57,55],[68,-12],[29,-28],[26,25],[35,-13],[25,36],[58,0],[59,-56],[22,26],[75,6],[33,-23],[23,30],[30,-3],[84,45],[25,35],[136,23],[171,60],[-17,144],[5,18],[-46,84],[12,74],[-37,61],[-132,83],[-36,-14],[-82,58],[-106,47],[-127,83],[-148,34],[-46,-15],[-196,165],[50,76],[-60,28],[9,24],[-113,52],[-34,34],[-142,171],[86,70],[106,-10],[56,30],[31,42],[46,15],[87,-9],[186,46],[-37,107],[-19,25],[22,58],[28,19],[31,85],[82,98],[9,29],[53,47],[-14,38],[-35,30],[-35,55],[30,64],[24,88],[57,38],[51,-8],[46,33],[152,90],[9,87],[-10,33],[-24,77],[-44,87],[-146,44],[-60,163],[-26,16]],[[15369,31139],[54,1],[47,-34],[55,-11],[168,-126],[35,-10],[-10,-45],[18,-27],[49,-27],[42,28],[122,26],[45,31],[17,69],[83,-52],[14,29],[44,-32],[31,-2],[24,-49],[57,-30],[46,-1],[78,-32],[38,-45],[11,-33],[-2,-147],[-15,-56],[39,-63],[54,-37],[37,-6],[22,-69],[38,2],[38,-71],[29,-22],[40,27],[69,-48],[51,5],[75,-39],[9,-45],[63,-23],[17,12],[89,4],[59,-65],[-29,-41],[41,-38],[48,62],[27,-15],[16,68],[29,-46],[-11,-67],[28,-13],[-19,-47],[45,-8],[30,82],[82,57],[-7,26],[40,46],[-1,-36],[91,-21],[14,-41],[65,-32],[-53,-109],[11,-60],[-13,-41],[43,-45],[26,-31],[60,12],[-4,-62],[62,5],[12,19],[110,22],[59,58],[49,15],[-6,28],[70,59],[12,28],[86,2],[72,-68],[45,-24],[20,21],[12,94],[53,23],[44,67],[32,18],[-61,77],[-14,118],[-27,83],[39,37],[97,38],[-16,36],[-47,31],[1,27],[35,93],[43,-1],[44,59],[41,-24],[-27,-83],[64,-34],[45,-38],[19,-39],[-26,-62],[16,-56],[-5,-42],[52,-67],[84,2],[-17,-39],[6,-43],[93,-32],[83,46],[29,73],[93,29],[52,-45],[39,-8],[91,91],[-46,22],[-9,36],[54,30],[43,-7],[0,37],[33,47],[83,51],[21,60],[41,19],[-10,26],[-69,41],[-20,39],[23,37],[66,2],[-19,45],[6,55],[116,1],[26,36],[-22,52],[7,30],[52,15],[22,-25],[80,-3],[19,48],[65,-18],[14,54],[38,17],[41,-14],[31,27],[-9,72],[75,41],[1,30],[-39,36],[38,78],[29,-4],[31,-7],[25,61],[-97,87],[27,34],[-16,66],[-38,35],[-52,-6],[-48,24],[-1,66],[-23,27],[-7,53],[-95,79],[-11,47],[27,26],[3,-22],[72,-29],[45,44],[-5,33],[86,-53],[115,5],[26,50],[-8,42],[-28,32],[7,71],[35,49],[57,-38],[31,38],[-24,100],[-51,10],[36,53],[21,87],[-20,97],[57,20],[81,-16],[103,52],[50,-23],[-6,66],[41,50],[21,54],[62,17],[19,-12],[49,25],[52,-27],[18,-36],[49,-25],[23,-57],[31,-1],[28,31],[58,19],[11,29],[24,36],[35,1],[42,51],[-45,106],[23,45],[33,22],[7,65],[35,58],[17,83],[48,50],[19,53],[38,17],[125,0],[62,33],[28,32],[62,-9],[53,18],[-1,45],[52,41],[12,-70],[64,-1],[109,-42],[12,74],[5,85],[24,70],[-17,13],[35,140],[41,-50],[4,-50],[34,0],[63,-55],[71,-31],[-4,-41],[73,-50],[41,-8],[-7,140],[-39,35],[-48,91],[45,62],[46,33],[-40,42],[54,24],[-12,75],[44,9],[27,3],[22,41],[-4,55],[84,78],[-16,27],[19,36],[-4,52]],[[22309,34194],[-55,74],[29,14],[17,76],[23,48],[20,86],[35,-39],[121,33],[96,-56],[8,-33],[57,-69],[60,-1],[62,21],[33,-42],[67,46],[61,28],[80,-6],[84,56],[86,-5],[40,-26],[65,34],[55,-9],[46,-30],[40,2]],[[24417,29275],[53,-107],[-41,-48],[-74,-25],[-13,-36],[-116,-11],[-88,-45],[-48,10],[-54,-17],[-19,-53],[34,-130],[33,-73],[-68,-35],[-74,57],[-39,1],[-57,42],[-26,-38],[7,-29],[-65,-8],[-50,-110],[26,-22],[80,-117],[10,-42],[31,-28],[79,-20],[68,1],[5,-35],[58,-53],[-59,-48],[7,-42],[-12,-52],[-51,-126],[-18,-76],[-54,-1],[-5,-39],[-51,15],[-93,-33],[-36,11],[-32,-50],[-76,-20],[-82,-35],[7,-27],[-19,-77],[-30,-49],[-41,-5],[37,-94],[100,-43],[37,-31],[101,-3],[28,-38],[-9,-37],[1,-24],[-46,-69],[-15,-72],[-33,-75],[1,-121],[-30,-31],[-65,-11],[50,-112],[-13,-11],[-56,-16],[-32,-80],[-60,-19],[-37,14],[-65,76],[-84,18],[-29,-20],[-96,-142],[-16,-49],[-51,-44],[55,-71],[16,-45],[-38,-39],[59,-152],[-66,-51],[29,-35],[9,-88],[19,-42],[51,-2],[-6,-45],[65,-6],[93,-96],[-36,-48],[-86,-56]],[[43693,4662],[20,16],[130,92],[62,22],[61,1],[79,-12],[112,-74],[85,-22],[109,-5],[99,34],[32,-5],[60,-9],[109,-37],[116,-23],[61,10],[66,44],[74,73],[55,57],[120,68],[28,27],[62,90],[62,55],[101,51],[44,39],[74,44],[89,56],[143,70],[90,14],[89,50],[47,7],[84,-10],[97,-24],[112,-11],[101,-44],[88,-3],[117,31],[53,54],[98,98],[133,152],[45,30],[93,40],[93,25],[81,34],[60,3],[87,-19],[65,5],[75,21],[64,31],[35,0],[112,-32],[90,1],[82,27],[86,60],[110,156],[71,162],[113,118],[31,66],[62,95],[13,99],[21,68]],[[48344,6628],[14,43],[13,106],[17,52],[42,85],[49,67],[26,55],[97,104],[66,73],[9,67],[32,44],[78,41],[101,75],[36,79],[-9,51],[-67,123],[-6,53],[-16,113],[-29,125],[-61,84],[-101,55],[-70,58],[-33,95],[-9,58],[-72,197],[-34,63],[-78,97],[-18,97],[0,84],[15,39],[61,100],[42,70],[4,53],[5,38],[-14,75],[-49,83],[-52,64],[-71,41],[-72,82],[-58,45],[-96,94],[-57,92],[-118,-15],[-35,6],[-42,30],[-34,67],[-67,70],[-125,56],[-69,58],[-35,73],[-20,81],[3,77],[23,153],[34,109]],[[48698,10888],[158,-62],[66,-33],[33,2],[42,42],[47,-5],[53,33],[96,-10],[175,-137],[-1,-223],[31,-25],[50,-37],[133,-2],[2,70],[32,22],[116,5],[3,-79],[139,-3],[-4,-74],[-20,2],[19,-194],[80,-77],[-37,-56],[65,-3],[-30,-72],[-41,-45],[38,-18],[112,105],[39,-17],[91,42],[89,-38],[-77,-103],[220,-50],[10,15],[87,-6],[-3,-63],[52,14],[33,-19],[-4,-31],[44,-8],[-48,-150],[11,-102],[43,-7],[6,-113],[59,-7],[-8,-37],[106,-46],[-18,-47],[66,-29],[9,-50],[83,6],[7,77],[81,167],[-95,58],[25,42],[-61,36],[44,145],[84,-47],[-12,-37],[105,-56],[51,-48],[-28,-40],[213,-81],[124,-55],[47,16],[25,231],[22,13],[281,-40],[59,-36],[33,37],[60,14],[483,83],[-33,-57],[149,-45],[-60,-44],[26,-25],[95,43],[97,-56],[39,26],[37,-41],[54,36],[11,30],[181,6],[2,-67],[38,-29],[-3,-29],[31,-52],[53,-14],[37,45],[42,-60],[86,-2],[70,92],[148,153],[62,59],[139,110],[145,82],[-10,85],[102,19],[101,-21],[39,1],[69,-24],[46,-33],[47,-55],[61,-45],[45,6]],[[54439,9741],[-5,-22],[-67,-90],[-88,-144],[-56,-47],[-30,-53],[-33,-31],[-51,-115],[-8,-46],[-91,-198],[-130,-268],[-112,-237],[-108,-209],[-81,-133],[-121,-172],[-96,-104],[-70,-89],[-52,-50],[-142,-179],[-67,-104],[-28,-22],[-17,-15],[-96,-135],[-129,-194],[-33,-58],[-59,-64],[-79,-165],[-37,-127],[-21,-29],[-45,11],[-9,-32],[-89,16],[-29,-42],[-16,-70],[-35,-37],[224,-13],[-1,-11],[-125,10],[-184,8],[-28,-58],[-57,-192],[-19,-136],[-5,-89],[4,-203],[21,-114],[21,-80],[44,-88],[63,-38],[33,-36],[-6,-44],[30,-86],[-4,-123],[33,-91],[-59,-42],[-11,-51],[-34,-53],[11,-119],[80,26],[7,-24],[-77,-44],[12,-36],[46,3],[6,-65],[-82,-19],[-10,-92],[3,-60],[-9,-88],[33,-2],[6,75],[120,-7],[-1,-49],[174,-10],[-1,-108],[-33,-30],[-127,6],[-156,-39],[-34,-66],[3,-71],[17,-47],[-5,-43],[30,-133],[40,-70],[11,-55],[26,-40],[27,-138],[12,-33],[-12,-41],[12,-93],[16,-27],[-1,-51],[-31,-17],[-40,-71],[3,-28],[-8,-52],[-81,-97],[-16,-53],[-2,-100],[-35,-59],[19,-88],[-11,-25],[-39,-88],[-25,-13],[-33,-79],[-23,-14],[-55,-203],[-3,-82],[18,-169],[-47,-50],[-49,-27],[-14,-32],[8,-90],[-36,-178],[-34,-29],[-17,-87],[-18,-19],[66,-24],[-34,-33],[-12,-199],[-18,-43],[-8,-63],[29,-90],[-2,-65],[-826,-46],[-440,122],[-171,47],[-699,59],[-615,291],[-136,64],[-319,189],[-305,176],[-74,30],[-61,25],[-111,534],[-139,360],[-39,266],[-22,144],[-84,104],[-87,112],[-457,-385],[-557,-74],[-102,-44],[-173,54],[-15,42],[-212,605],[-188,167],[-197,-329],[-747,80],[-145,15],[-433,-93],[-178,244],[-91,182],[-282,100],[-124,51],[-3,72],[-68,98],[-18,51],[-3,57],[49,41],[-47,49],[8,65],[-41,37]],[[32345,22837],[65,1],[30,15],[7,72],[67,96],[-6,84],[22,27],[-17,74],[14,22],[101,11],[26,64],[47,59],[-23,43],[22,44],[-7,37],[21,37],[-29,60],[15,27],[65,39],[45,48],[54,18],[2,28],[65,36],[9,21],[61,-11],[26,86],[89,-39],[56,78],[54,112],[27,19],[38,56],[50,-20],[124,44],[10,29],[80,21],[29,25],[102,51],[45,39],[13,49],[28,38],[32,7],[85,36],[57,-5],[58,9],[54,-21],[6,-38],[27,-17],[18,-45],[-16,-33],[-46,-29],[35,-44],[55,-98],[142,-213],[25,-26],[5,-43],[58,-34],[31,-54],[26,-11],[38,-69],[-1,-23],[7,-43],[-19,-51],[31,-53],[64,-11],[9,-74],[33,-17],[70,-92],[33,-51],[38,-12],[21,-31],[6,-70],[46,-28],[13,-71],[42,-24],[7,-6],[31,-12],[112,39],[56,-25],[65,26],[38,-18],[56,50],[6,27],[61,4],[102,-38],[48,24],[101,12],[76,23],[20,18],[25,-10],[16,-62],[51,-18],[46,43],[116,-18],[16,57],[39,34],[9,47],[37,10],[16,64],[39,31],[44,9],[68,48],[164,-37],[-23,29],[71,49],[131,-32],[33,66],[54,26],[42,-4],[165,-97],[48,-3],[23,58],[5,119],[41,5],[24,37],[59,-38],[62,-9],[62,145],[6,74],[15,30],[33,10],[36,-16],[47,26],[82,16],[57,49],[-8,71],[-17,6],[10,70],[-9,51],[33,21],[7,65]],[[38510,22238],[-15,-32],[17,-110],[31,-62],[-67,-93],[-17,-59],[39,-65],[-2,-35],[-79,-67],[-41,-53],[-71,-40],[-62,-61],[-10,-35],[-40,-63],[17,-61],[-29,-65],[32,-65],[-15,-56],[27,-65],[-54,-18],[-27,-29],[5,-39],[-40,-39],[21,-112],[-13,-50],[54,-61],[14,-84],[-43,-102],[-25,-22],[-23,-42],[-6,-56],[-8,-56],[38,-65],[6,-88],[-20,-54],[45,-65],[16,-71],[46,-34]],[[32354,16746],[24,-76],[36,3],[13,-33],[46,-29],[-1,-85],[-12,-22],[19,-66],[73,-117],[-21,-99],[-45,-43],[-20,-80],[20,-126],[-28,-41],[-10,-58],[14,-53],[44,-31],[5,-37],[-23,-51],[29,-52],[30,-22],[25,-46],[54,26],[43,5],[72,-62],[41,-18],[43,-59],[34,-17],[10,-31],[-16,-36],[47,-45],[-3,-29],[29,-38],[33,-13],[6,-54],[26,-34],[-13,-43],[-54,-29],[-18,-26],[-65,-95],[-13,-107],[-41,-53],[-23,0],[-35,-100],[133,-48],[37,-116],[-29,-53],[-31,-29],[31,-61],[54,26],[86,15],[11,-96],[34,-94],[41,-31],[23,-41],[83,-94],[22,-1],[36,-42],[-28,-50],[73,-133],[31,-45],[55,-47],[27,-77],[1,-18],[67,-38],[2,-49],[33,-66],[94,-9],[82,-80],[44,-14],[-4,-24],[83,-185],[27,-16],[33,-76],[25,-25],[-14,-51],[29,-49],[-67,-44],[-38,-5],[-19,-47],[12,-37],[-13,-35],[-51,-61],[16,-39],[2,-85],[32,-160],[-28,-46],[-5,-89],[44,-99],[17,-16],[-1,-37],[93,-29],[45,-26],[30,14],[113,6],[48,10],[41,-14],[138,36],[20,-61],[117,39],[68,-217],[55,14],[14,-72],[46,-11],[1,-2],[-5,-93],[33,-56],[-103,-75],[33,-133],[-71,-64],[10,-42],[-26,-25],[-20,-52],[32,-21],[-113,-78],[-47,-15],[-12,-43],[19,-118],[36,0],[107,-33],[257,-102],[8,56],[102,100],[22,36],[42,12],[36,-20],[-12,-45],[24,-46],[51,-16],[-16,-39],[11,-38],[48,-78],[52,-8],[28,-45],[24,-83],[36,-4],[18,-40],[-12,-59],[50,-21],[34,-39],[-28,-53],[52,-21],[40,-32],[10,-36],[-28,-46],[-28,-3],[-55,-49],[-28,-81],[-36,19],[-29,-24],[18,-101],[24,-62],[70,-62],[11,-98],[31,-32],[115,198],[72,80],[29,-44],[-39,-11],[-43,-44],[-4,-64],[104,28]],[[35584,10029],[25,-96],[105,12],[-21,-93],[-27,-41],[-102,3],[-53,-25],[32,-51],[30,14],[14,-50],[36,15],[44,-38],[-59,-9],[28,-44],[-43,-56],[-67,-23],[-12,-32],[-107,27],[-19,-107],[176,-128],[78,-17],[53,-65],[-4,-33],[26,-64],[-71,-77],[-57,-41],[-90,-107],[-171,-150],[-30,-2],[-218,-126],[-63,-37],[69,-116]],[[35086,8472],[-99,-65],[-133,46],[-57,-138],[5,23],[-33,73],[-51,65],[-35,-17],[-100,85],[-53,-87],[-77,-83],[-24,27],[-42,-36],[-91,59],[-40,-54],[-71,76],[-41,-30],[-17,20],[-51,-6],[-8,44],[-34,37],[-38,-30],[-49,23],[-164,-197],[-33,21],[-35,62],[-59,33],[-10,21],[-85,56],[16,43],[-12,45],[-71,-42],[-65,16],[-53,-6],[-96,-194],[-48,29],[-26,-62],[-45,11],[-9,70],[-56,27],[-42,-47],[-76,4],[-31,65],[-53,-4],[-148,-186],[-39,-8],[-55,13],[-121,-187],[98,-69],[21,-35],[60,21],[15,-21],[-60,-101],[-26,22],[-45,-66]],[[32594,7838],[-25,46],[-26,13],[-32,63],[-52,-1],[-98,-66],[-75,64],[46,58],[-28,27],[-17,68],[-49,16],[-82,51],[-33,7],[-128,78],[-40,-61],[-120,-128],[-40,-104],[-32,-60],[55,-50],[-68,-137],[-91,49],[-34,-92],[-16,13],[-68,-87],[1,-53],[-69,-59],[-18,23],[-71,-61],[29,-64],[-153,-73],[-4,8],[-168,-103],[-40,79],[16,10],[-35,71],[-33,17]],[[16838,4406],[35,63],[44,103],[41,70],[109,116],[25,27],[9,168],[316,-7],[179,-4],[-6,-49],[79,-48],[79,36],[50,361],[-21,4],[-121,86],[106,167],[-112,49],[20,162],[-52,24],[31,179],[90,3],[4,82],[43,117],[50,156],[-32,15],[77,122],[53,-8],[39,33],[189,50],[60,157],[46,102],[-26,87],[21,66],[33,30],[59,-45],[68,72],[-4,101],[-110,51],[-140,129],[-68,55],[33,62],[41,49],[118,-96],[20,66],[29,139],[32,2],[75,-2],[5,28],[-49,10],[8,33],[-126,76],[-1,73],[23,74],[89,-10],[0,32],[49,-1],[8,23],[79,15],[25,37],[56,17],[-12,19],[-17,118],[220,58],[-3,56],[30,77],[-65,39],[-104,2],[-10,88],[64,-2],[78,31],[59,47],[66,-10],[74,25],[35,-4],[61,-48],[20,-66],[52,-32],[64,76],[18,-15],[43,57],[-1,34],[46,11],[40,28],[62,-21],[79,-51],[36,-7],[37,-43],[67,-38],[37,44],[33,7],[25,45],[-15,47],[71,30],[24,46],[53,16],[1,57],[17,99]],[[19900,8735],[70,-7],[-13,50],[9,40],[80,-8],[69,9],[21,-72],[25,3],[-17,75],[46,8],[24,49],[28,114],[29,32],[114,30],[89,10],[20,19],[86,-4],[8,25],[146,45],[61,-57],[15,-33],[-15,-50],[39,-51],[54,-16],[8,-23],[55,-13],[42,40],[61,27],[42,-1],[76,21],[18,19],[70,-1],[9,-14],[140,33],[-5,-55],[61,-55],[10,-46],[18,13],[37,106],[-37,94],[20,47],[38,128],[-1,56],[-19,46],[-48,40],[34,71],[-38,65],[1,27],[34,78],[21,17],[34,103],[21,31],[-35,44],[7,95],[-40,34],[1,41],[-18,56],[15,30],[12,77],[31,29],[69,-73],[92,-51],[98,-5],[43,-15],[64,0]],[[21929,10062],[29,-103],[2,-96],[-29,-34],[29,-69],[35,-2],[1,-107],[-26,-58],[14,-43],[-16,-148],[9,-44],[58,16],[55,31],[64,47],[44,-52],[30,-55],[47,27],[40,-4],[15,-34],[62,-34],[26,-60],[60,20],[50,34],[38,-3],[100,-39],[-43,-34],[-61,-66],[-4,-42],[30,-47],[-9,-51],[39,-41],[-8,-52],[15,-51],[26,-35],[11,-51],[80,35],[32,-105],[36,-36],[-5,-44],[19,-151],[31,-127]],[[22855,8354],[10,-12],[-141,-126],[-45,-14],[-31,29],[-34,-62],[45,0],[41,-82],[-45,-68],[-80,-92],[79,-45],[47,-60],[-7,-33],[-65,3],[-43,-52],[30,-30],[44,-4],[-10,-72],[-86,-151],[12,-50],[-14,-40],[53,-99],[56,112],[321,-81],[66,-48],[42,-5],[-58,-242],[-6,-21],[123,-15],[40,-64],[193,37],[61,80],[24,-10],[18,-47],[-47,-34],[132,-71],[20,-33],[-7,-99],[-35,-44],[51,-37],[22,5],[23,-46],[78,-73],[100,-230],[35,-78],[46,-6],[64,21],[19,-312],[78,-2],[63,-16],[22,-19],[59,6],[12,-67],[-2,-33],[-49,-34],[533,-174],[-34,-121],[51,-18],[-3,-12],[-51,-176],[-28,-130],[26,-6],[-11,-78],[65,-14],[-37,-197],[-19,-125],[-20,1],[-11,-117],[36,-39],[-2,-70],[41,-6],[-8,-233],[-17,2],[-4,-137],[-117,18],[-65,-23],[-76,-2],[-11,-1],[-31,-167],[62,-12],[-64,-368],[-4,-24],[203,-36],[43,16],[290,-40],[26,-14],[-29,-93],[21,-8],[-32,-113],[19,-7],[-25,-72],[-32,-84],[-117,38],[-57,-185],[115,-41],[-11,-46],[51,-14],[-13,-47],[-89,-277],[-32,-90],[47,-18],[-30,-91],[-28,-91],[42,-16],[-30,-91],[-174,60],[-30,-90],[46,-16],[-58,-181],[46,-14],[-47,-139],[-84,31],[-15,-48],[-129,47],[-45,-137],[-63,-215],[-55,-6],[-43,-334],[-44,-190],[6,-27],[-23,-140]],[[24000,740],[-163,24],[-90,81],[-16,37],[-88,51],[-160,61],[-63,18],[-193,96],[-80,26],[-105,24],[-203,0],[-100,29],[-230,44],[-107,39],[-49,31],[-108,48],[6,15],[-81,36],[-53,37],[-47,3],[-133,37],[-103,56],[-96,141],[-130,4],[-92,18],[-84,5],[-36,-14],[-56,3],[-137,-33],[-136,-49],[-146,-25],[-108,33],[-49,22],[-78,-2],[-82,34],[-35,37],[-117,66],[-123,103],[11,13],[-65,60],[-48,25],[-59,5],[-108,32],[-102,21],[-105,58],[-89,38],[-112,20],[-154,-21],[-106,-27],[-133,14],[-100,9],[-95,-1],[-131,-17],[-200,-12],[-56,-21],[-77,-49],[-47,-19],[-62,3],[-100,-41],[-61,-35],[-82,-34],[-92,-40],[-232,-122],[-68,-29],[-292,-51],[-32,-16],[-115,-14],[-85,4],[-88,68],[-134,17],[-137,37],[-7,-21],[-57,11],[-105,43],[-35,0],[-27,52],[-91,44],[-130,13],[-113,34],[-134,58],[-43,30],[-84,112],[-65,122],[-4,83],[-20,47],[-3,81],[58,161],[90,181],[9,82],[-20,8],[50,128],[31,169],[34,143],[81,94],[112,24],[120,62],[255,67],[6,-25],[49,6],[158,43],[38,21],[40,48],[-16,18],[57,67],[47,70],[45,85],[49,121],[1,51],[-8,42],[-45,106],[-81,90],[-69,40],[-135,38],[-173,6]],[[45483,17179],[-65,56],[-32,44],[-37,-49],[-63,59],[35,47],[42,-3],[5,61],[-60,26],[-37,45],[-5,44],[-8,58],[36,74],[1,91],[-27,44],[-57,46],[-40,9],[-26,35],[7,59],[29,65],[31,11],[109,3],[23,27],[-13,31],[-81,35],[-15,18],[-16,124],[-45,38],[-3,35],[37,48],[-35,69],[-58,30],[-62,8],[7,101],[-42,12],[-86,-40],[-38,30],[-2,53],[-48,27],[-23,35],[27,33],[-41,66],[1,71],[-54,68],[-22,10],[-46,-84],[-38,-16],[10,90],[-54,16],[-23,-12],[-64,34],[-22,33],[-57,129],[-17,13],[-42,46],[-50,94],[-19,66],[-50,51],[-41,120],[6,13],[-17,28],[2,115],[-63,140],[-8,53],[-27,31],[15,49],[-84,52],[-49,99],[-43,192],[-29,69],[-30,103],[-68,86],[-15,51],[-49,-37],[-69,165],[-87,-17],[-51,3],[22,91],[69,3],[120,33],[-55,97],[-53,177],[-63,138],[-81,140],[4,16],[-37,186],[-32,77],[7,115],[-17,50],[-20,133],[50,138],[-15,20],[4,119],[22,64],[37,-21],[102,-23],[61,19],[41,39],[-5,63],[20,43],[75,18],[-16,57],[-23,-3],[9,112],[44,15],[25,32],[156,10],[9,-59],[182,11],[102,-15],[2,23],[20,61],[121,9],[21,-23],[160,33],[25,-5],[33,42],[-35,93],[-8,66],[33,45],[-61,133],[16,27],[38,55],[47,-51],[91,-69],[200,-5],[19,127],[118,-1]],[[45137,23163],[10,-51],[48,-68],[69,-97],[34,-71],[41,-127],[-91,-47],[-23,-37],[92,-168],[-102,-100],[73,-111],[88,-220],[69,-75],[-9,-10],[70,-39],[2,-35],[152,43],[110,108],[-54,77],[56,75],[-30,73],[-1,111],[173,50],[-48,89],[-34,21],[-152,-36],[-19,31],[149,37],[-37,127],[8,7],[-114,184],[43,30],[-23,36],[26,34],[-32,106],[-38,16],[10,42],[-29,41],[8,23],[79,2],[53,-26],[-36,-49],[60,-79],[18,52],[50,3],[52,-21],[45,38],[83,-78],[20,96],[107,-67],[25,-2],[27,79],[108,-85],[105,59],[6,-87],[96,6],[96,1],[9,-24],[119,8],[7,-115],[96,-47],[45,18],[9,-51],[1,-104],[173,84],[-46,64],[53,16],[33,49],[46,-69],[54,38],[-48,108],[73,-15],[25,35],[6,261],[58,-1],[6,50],[75,-17],[17,-144],[84,-2],[158,78],[40,-48],[56,35],[61,-103],[23,-56],[156,58],[22,-95],[31,-88],[41,18],[7,-59],[21,-60],[111,49],[46,-5],[7,-47],[-10,-49],[86,-9],[116,23],[104,56],[112,46],[177,-6],[72,-40],[1,-45]],[[48959,22869],[22,-46],[-66,1],[-24,-117],[40,-30],[-28,-35],[-60,-41],[-53,-85],[72,-42],[-21,-42],[-52,-5],[31,-58],[70,-6],[-88,-151],[-21,-140],[47,-37],[-1,-27],[-56,-44],[45,-66],[38,-101],[37,-14],[-13,-50],[18,-79],[-28,-25],[44,-45],[-20,-50],[34,-34],[27,-53],[18,-70],[-23,-80],[40,-48],[29,-91],[-31,-28],[-27,-90],[22,-45],[-6,-36],[-35,-2],[-2,-39],[24,-28],[24,-80],[60,-8],[-11,-49],[25,-13],[-32,-58],[4,-35],[-13,-28],[-41,4],[-32,-28],[-50,-13],[30,-71],[21,-16],[-33,-79],[23,-56],[-23,-32],[26,-94],[-31,-36],[21,-21],[45,2],[16,-78],[-9,-40],[18,-37],[-21,-31],[-43,2],[14,-44],[48,-18],[27,-41],[54,-49],[115,38],[9,-63],[-34,-25],[-39,-115],[48,-71],[0,-77],[39,-39],[60,-38],[-37,-103],[35,-21],[-17,-47],[41,-65],[-4,-22],[-59,-48],[24,-56],[-9,-47],[23,-81],[30,-30],[-29,-118],[-29,-55],[24,-64],[-47,-31],[83,-15],[15,-24],[-16,-48],[-92,-38],[-45,-95],[-28,-35],[-40,30],[-98,-31],[-22,42],[-41,-6],[-20,-45],[-58,-26],[-9,-26],[-58,-51],[-7,-36],[14,-57],[63,-46],[29,-57],[40,-17],[36,-58],[-2,-45],[22,-31],[67,21],[21,25],[35,-12],[23,-85],[27,9],[11,-61],[46,2],[-14,-63],[34,-66],[26,-13],[-2,-97],[8,-83],[-43,-6],[44,-64],[-25,-60],[12,-40],[-9,-70],[56,9],[30,-59],[14,-95],[21,-17],[15,-58],[22,-26],[90,-27],[52,-30]],[[49550,16984],[-49,-3],[-26,-21],[-31,-60],[-13,-68],[-5,-112],[16,-156],[-8,-57],[-64,-18],[-159,114],[-160,106],[-146,37],[-39,-1],[-81,-14],[-82,-45],[-61,-43],[-164,-131],[-52,-106]],[[15107,15061],[34,-20],[0,-35],[50,17],[-6,57],[61,-11],[72,-46],[94,-4],[9,44],[38,23],[12,40],[88,-2],[28,41],[76,-2],[29,-59],[30,-2],[89,80],[42,-11],[53,23],[60,63],[-1,54],[77,-25],[44,-31],[39,-46],[52,16],[41,-135],[45,10],[58,50],[69,24],[30,39],[42,1],[80,44],[8,-20],[98,12],[68,-48],[73,-4],[-69,-50],[-46,-138],[-37,-57],[-59,-45],[127,-27],[21,27],[-1,66],[37,103],[-9,68],[36,40],[48,-1],[28,-112],[43,-46],[70,9],[61,47],[31,-44],[41,-19],[38,31],[37,-11],[92,30],[133,71],[57,-12],[41,109],[35,-10],[42,44],[59,96],[162,-41],[81,-55],[54,3],[53,53],[46,-62],[80,-3],[49,13],[20,36],[38,2],[94,-61],[34,-13],[45,45],[3,62],[60,97],[49,6],[14,31],[73,34],[70,4],[56,2],[62,-15],[80,33],[85,-52],[43,-39],[46,27],[59,65],[7,93],[42,75],[29,29],[88,2],[21,17],[114,-15],[15,61],[50,-15],[37,-32],[67,14],[18,-33],[4,-79],[-34,-62],[84,-45],[39,-36],[107,-31],[16,-50],[79,1],[48,29],[76,12],[34,38],[14,47],[61,27],[34,39],[42,18],[69,53],[101,17],[50,32],[12,71],[75,-9],[71,40],[27,60],[85,22],[63,6]],[[20746,15935],[13,-28],[54,-68],[40,-21],[53,-6],[45,-54],[35,12],[24,75],[40,48],[33,14],[41,-6],[110,-73],[45,-70],[58,-52],[92,26],[45,28],[49,-9],[71,-51],[59,55],[145,32],[95,95],[71,17],[67,42],[24,-29],[82,-53],[91,-91],[23,4],[59,-30],[24,-75],[-19,-20],[11,-61],[-34,-44],[-27,-10],[-52,-77],[-25,-70],[-31,-39],[-20,-67],[-87,-127],[-23,-63],[56,-183],[30,-19],[-7,-84],[12,-64],[46,-108],[-5,-29],[141,-148],[10,-80],[36,-52],[41,-123],[-3,-55],[13,-68],[-51,-75],[-84,-47],[-43,-12],[-93,-98],[70,-87],[9,-101],[-32,5],[-15,-32],[51,-64],[21,-64],[-18,-81],[16,-43],[-65,-34],[-36,3],[-51,-39],[-134,-34],[-5,-43],[45,-139],[5,-37],[41,-109],[-8,-44],[-79,-60],[-63,-65],[-89,-33],[5,-36],[-24,-59],[37,-73],[2,-148],[27,-63],[18,-22],[-3,-46],[27,-70],[-14,-75],[-15,-12],[-5,-105],[-13,-32],[30,-156],[-8,-48],[-50,-33],[24,-63],[-4,-66],[-51,-130],[62,4],[33,-11],[-13,-49],[48,3],[56,-141],[2,-49],[-23,-59],[24,-23],[29,-66],[35,-109],[-30,-29],[-22,-62],[-6,-80],[-65,-11],[-23,-54],[3,-68],[-14,-45],[17,-36],[2,-76],[44,-66],[-25,-54],[28,-37],[-14,-70],[-14,-90],[2,-83],[21,-83]],[[19900,8735],[-74,16],[-21,47],[-48,34],[-50,16],[6,58],[-135,29],[56,108],[-6,45],[-28,27],[-137,86],[53,85],[-133,-25],[-81,22],[-68,64],[-36,13],[-142,94],[11,52],[-23,23],[-13,54],[-72,50],[-66,33],[-33,52],[-35,-17],[-50,-54],[-83,19],[-66,-6],[-89,13],[-68,38],[-38,-8],[-80,38],[-95,-10],[-28,7],[37,91],[5,49],[-76,3],[-36,-29],[-122,-18],[-115,26],[-16,30],[-24,-60],[70,-52],[-17,-39],[-50,70],[-131,25],[-44,49],[-67,7],[-70,50],[-50,76],[-35,0],[-36,28],[32,31],[-44,34],[31,40],[0,36],[-27,23],[-56,-35],[-42,75],[-84,-3],[-68,20],[-41,47],[-45,20],[-23,40],[10,37],[-25,59],[-38,34],[-7,79],[-18,25],[31,31],[-41,61],[-25,-6],[-41,29],[-40,48],[-35,6],[-34,29],[-84,-141],[-38,35],[-24,76],[-10,77],[35,40],[33,24],[-25,43],[-50,42],[-31,9],[-64,49],[-19,-13],[-53,20],[1,30],[-71,138],[-9,62],[-2,4],[-36,42],[48,50],[-7,41],[-27,40],[24,50],[-21,50],[23,58],[-25,39],[-21,73],[10,71],[-28,49],[-19,66],[11,30],[-41,52],[6,77],[-47,120],[20,47],[-28,82],[48,11],[17,-22],[38,39],[57,-3],[17,21],[-51,66],[20,37],[-5,49],[23,56],[-28,63],[-73,3],[-86,-30],[-17,-27],[-41,-1],[-52,28],[14,57],[-32,31],[-4,35],[-32,17],[-30,55],[-42,49],[19,37],[-80,72],[-29,47],[-102,60],[-63,13],[-31,53],[-50,46],[-40,54],[-43,-23],[-90,-4],[-52,7],[-29,30],[7,69],[-10,48],[-67,4],[-41,-27],[-47,-7],[-19,-40],[-41,104],[-3,81],[-34,45],[-20,73],[-44,54],[-57,-50],[-23,28],[-81,41]],[[30612,23401],[-1,16],[-74,31],[-58,66],[-77,25],[-57,65],[-50,81],[-60,119],[-28,80],[-17,83],[5,31],[-25,19],[-58,-9],[-36,15],[-64,-9],[0,90],[-48,28],[-109,1],[-48,-37],[-40,-9],[-160,77],[-44,-2],[-46,-47],[-50,12],[7,-33],[-30,-35],[-22,27],[-82,41],[-89,24],[-108,17],[-34,42],[43,8],[-3,41],[-50,30],[6,77],[-49,40],[-90,47],[-29,30],[-102,149],[-50,-3],[-26,18],[-42,-18],[-5,76],[-44,36],[40,21],[4,44],[53,56],[-60,12],[-1,45],[16,82],[-19,5],[-21,54],[-59,16],[40,68],[79,55],[34,-2],[40,24],[-23,50],[7,37],[42,29],[-79,56],[144,24],[13,37],[42,16],[43,-34],[30,17],[60,-54],[10,-54],[79,2],[31,-25],[41,8],[79,36],[69,49],[-83,140],[-37,36],[-110,10],[-34,32],[-7,115],[45,75],[44,45],[3,35],[-22,51],[28,20],[56,-11],[15,24],[112,-27],[51,70],[19,69],[24,37],[38,-54],[45,61],[53,2],[39,90],[7,42],[-58,69],[2,24],[-43,59],[-115,12],[-46,-8],[44,40],[48,88],[39,7],[21,58],[49,88],[-3,51],[31,40],[15,48],[64,10],[23,34],[39,7],[62,52],[102,29],[55,119],[-14,14],[62,26],[11,36],[59,-1],[75,58],[47,-20],[49,-2],[48,-28],[48,14],[67,-17],[20,37],[-13,30],[72,35],[28,60],[73,40],[19,75],[32,30],[0,29],[48,105],[22,14],[140,-15],[3,42],[34,2],[35,44],[-58,55],[46,25],[47,53],[10,75],[-18,112],[85,45],[75,-32],[50,-6],[63,13],[52,101],[34,43],[-5,33],[-47,71],[-20,72],[-57,79],[-30,19],[-22,51],[-37,41],[26,49],[-16,160],[19,23],[80,-18],[73,16],[58,61],[124,99],[-8,92],[-20,56],[-48,28],[-29,36],[-97,45],[4,57],[-25,40],[-16,61],[11,19],[-3,78],[47,47],[-32,49],[-43,-6],[-24,29],[-48,30],[-84,-2],[12,68],[25,39],[-2,44],[44,75],[5,98],[40,65],[-12,32],[24,63],[-41,65],[-26,94],[10,71],[34,66],[13,150],[-5,30],[46,56],[33,15],[-14,35],[17,80],[32,45],[-10,53],[14,57],[-9,84],[-27,44],[-38,12],[-77,116],[23,37],[8,141],[-49,71],[-54,21],[-40,60],[-28,22],[-72,111],[-5,134],[30,101],[70,104]],[[31070,31970],[30,-1],[78,53],[96,1],[105,110],[5,46],[-61,115],[31,94],[24,45],[-10,69],[78,90],[59,-7],[51,10],[45,38],[126,42],[44,46],[89,-40],[72,42],[90,8],[28,-21],[60,39],[73,10],[15,-30],[-14,-85],[95,-106],[31,-60],[69,-71],[91,-53],[14,-32],[46,-14],[41,-38],[45,-18],[23,-53],[66,-55],[49,19],[50,-34],[34,-44],[-21,-48],[3,-48],[25,-26],[4,-96],[49,-42],[78,-9],[56,22],[81,10],[96,-46],[74,-22],[72,57],[39,53],[11,41],[56,11],[64,-16],[73,-55],[59,41]],[[33657,31912],[19,-27],[77,8],[29,-33],[58,-11],[85,-47],[31,17],[29,-39],[118,-29],[38,-38],[20,-143],[37,-67],[90,-66],[41,-43],[23,-100],[-24,-64],[25,-50],[47,-36],[56,-107],[4,-93],[17,-69],[53,-103],[27,-24],[88,106],[54,-39],[60,-92],[24,-96],[1,-80],[60,-105],[14,-68],[48,-8],[-38,-24],[-86,-4],[-18,29],[-100,0],[-62,33],[-59,17],[-17,-26],[3,-100],[-36,-51],[-36,-20],[-119,-181],[-34,-31],[9,-38],[53,-85],[36,-23],[-6,-30],[8,-16],[-41,-95],[-75,-66],[-2,-44],[60,-61],[46,-4],[27,68],[-23,17],[-5,64],[18,7],[66,-26],[75,-71],[-67,-69],[-70,6],[-19,-82],[33,-111],[60,-18],[76,-52],[-38,-47],[50,-65],[-2,-66],[-14,-87],[-33,-34],[-5,-41],[30,-29],[-12,-36],[9,-80],[-6,-101],[23,-37],[-47,-84],[-28,-76],[57,-121],[54,-79],[99,-114],[42,-28],[11,-54],[29,-42],[39,-12],[36,-64],[39,-36],[10,-44],[34,-54],[61,13],[70,-25],[82,11],[44,63],[-35,75],[2,31],[-33,25],[-17,48],[-58,70],[-13,50],[34,41],[12,56],[79,44],[27,-29],[54,-5],[92,19],[100,-32],[45,-34],[41,35],[85,-16]],[[13488,18837],[58,122],[76,11],[84,36],[21,29],[23,31],[3,56],[-23,94],[11,70],[-13,40],[26,82],[65,19],[55,41],[30,42],[81,11],[12,28],[72,45],[10,30],[97,77],[23,45],[48,40],[20,60],[-27,107],[-18,9],[-63,93],[-60,-12],[-43,-66],[-66,-51],[-42,-20],[-44,2],[-88,28],[10,56],[-26,17],[-39,70],[50,34],[0,87],[-18,93],[14,69],[-9,30],[-48,-32],[-52,27],[1,96],[-65,-4],[-51,26],[-38,50],[-66,-12],[-25,29],[-65,-28],[-52,56],[6,55],[-13,24],[-61,48],[-13,49],[-39,53],[-31,5],[-59,-23],[-5,13],[46,25],[77,90],[87,30],[56,58],[7,143],[47,80],[-9,65],[-30,29],[-54,20],[-12,35],[-66,66],[-69,39],[-2,30],[-97,67],[-49,6],[-26,22]],[[20787,17042],[0,-52],[-23,-55],[15,-67],[-53,-93],[-18,-94],[-51,-52],[-2,-38],[61,-27],[36,1],[15,-58],[-25,-26],[7,-105],[31,-80],[26,-41],[8,-50],[-8,-50],[-65,-31],[-29,-39],[4,-113],[30,-37]],[[38361,8295],[-7,41],[-91,47],[-49,67],[-24,2],[-135,-109],[-64,90],[-85,116],[-28,-26],[-9,9],[119,155],[31,-29],[25,35],[-29,24],[131,160],[-56,52],[178,187],[-26,125],[-133,-35],[-48,180],[-54,9],[4,101],[-33,75],[-47,83],[-92,63],[57,103],[30,-26],[44,34],[40,-6],[64,97],[-53,33],[4,32],[74,138],[-17,4],[-150,92],[8,8],[-292,341]],[[37648,10567],[31,56],[49,19],[46,127],[27,-2],[-29,-50],[88,5],[33,44],[9,-73],[37,12],[41,-19],[46,-11],[-4,-36],[-35,-46],[18,-38],[41,31],[10,-41],[40,-49],[72,5],[55,42],[102,129],[267,281],[251,-185],[67,62],[20,-8],[164,227],[-29,11],[-23,40],[274,134],[98,62],[128,80]],[[48344,6628],[-109,34],[-112,45],[-791,287],[-66,-87],[-19,-57],[-11,-79],[-31,-78],[-70,-83],[-63,-38],[-63,67],[-23,-28],[-65,154],[-70,-53],[-38,-47],[-58,32],[-87,129],[48,38],[-55,82],[-11,65],[151,118],[-26,24],[-110,0],[-10,73],[-80,8],[-12,17],[3,83],[-38,20],[-448,15],[2,38],[30,194],[-37,4],[-31,39],[6,130],[-68,4],[4,49],[-154,8],[-4,-36],[-272,1],[11,839],[-133,23],[-26,4],[-5,-183],[-127,15],[-22,-189],[-20,-239],[-101,-5],[0,-28],[-97,3],[-391,10],[-35,21],[-187,-10],[10,89],[-127,2],[3,94],[-112,9],[-41,-288],[-204,32],[-3,-24],[-156,26],[18,130],[-140,22],[-31,-157],[-218,39],[21,128],[-44,8],[8,46],[-123,23],[-24,-125],[53,-10],[-26,-158],[-120,26],[9,49],[-214,66],[-89,16],[-27,-164],[-171,12],[-103,7],[1,216],[-308,0],[-242,1],[1,186],[-193,0],[-199,-44],[-300,-76],[30,66],[-100,45],[-37,-96],[-85,24],[-106,-40],[-4,32],[37,49],[-49,14],[-77,13],[-41,-147],[-80,100],[-35,-69],[-54,-36],[-163,62],[18,47],[39,-13],[48,187],[-130,45],[-37,30],[-37,-201],[-33,10],[-164,78],[21,196],[-134,14],[-42,-5],[-106,22],[12,26],[-59,67],[18,19],[48,152],[-118,41],[-60,-146],[-123,-357],[57,-43],[-21,-41],[-105,89],[-24,2],[-38,-57],[34,-46],[-20,-35],[-53,51],[-28,3],[-13,-53],[56,-40],[-82,-66],[-41,-38],[-17,13],[69,98],[-73,10],[-154,22],[-60,68],[-175,204],[-78,50],[-31,-57],[-21,29],[-80,35],[30,84],[-103,46],[-41,-69],[-42,-50],[-102,24],[-31,-55],[-38,-106],[58,3],[83,-15],[6,-37],[-136,-133],[-77,-67],[-58,29],[-19,-28]],[[38932,33567],[254,274],[58,-57],[76,14],[26,88],[-62,54],[-4,25],[-70,-56],[4,54],[-18,30],[-55,-25],[-116,193],[-8,35],[-51,-31],[-14,-14],[-56,139],[-41,21],[41,38],[-20,46],[38,35],[12,62],[-23,63],[-52,45],[-11,75],[53,19],[162,94],[-5,-43],[33,-56],[6,-37],[33,-7],[204,3],[-3,-118],[180,-84],[44,-60],[20,-51],[115,-1],[31,21],[294,32],[22,24],[-24,42],[-48,-36],[-53,26],[21,36],[65,14],[-5,59],[-79,102],[-125,80],[27,24],[117,38],[115,77],[36,-39],[-7,-51],[37,-30],[21,58],[33,44],[-21,72],[-47,38],[-23,43],[-14,69],[-47,34],[0,159],[43,53],[48,10],[35,72]],[[44441,36487],[83,-61],[40,-3],[85,15],[24,-33],[-74,-85],[31,-77],[70,-9],[-55,-61],[7,-21],[71,-19],[-28,-70],[47,-24],[29,-47],[54,14],[18,-32],[-60,-15],[38,-97],[45,25],[-25,-79],[-7,-72],[20,-33],[61,-40],[2,-56],[27,-32],[28,-49],[94,34],[-1,-43],[24,-42],[55,-11],[19,50],[45,67],[17,-26],[-27,-39],[-3,-66],[32,-21],[24,72],[74,-39],[18,40],[-30,20],[32,41],[28,-16],[10,-85],[21,-33],[59,-32],[14,-49],[43,-25],[31,24],[24,-26],[5,-46],[-33,-81],[-70,-15],[17,-93],[-48,-38],[19,-62],[61,-35],[25,28],[31,-90],[-3,-39],[26,-34],[40,3],[-11,-75],[-77,-39],[-14,-82],[9,-89],[28,-83],[48,4],[48,-33],[47,38],[27,-20],[-19,-103],[-22,-65],[28,-18],[43,25],[-8,-68],[19,-32],[43,0],[-108,-86],[-15,29],[-50,-2],[-15,-46],[54,8],[-4,-51],[28,-43],[31,12],[-16,45],[26,40],[32,1],[10,-50],[37,-31],[37,59],[29,-63],[6,-82],[64,-2],[-31,-45],[6,-24],[91,-18],[-7,65],[89,3],[33,-35],[13,-29],[43,5],[51,-40],[-9,-88],[34,-13],[25,54],[82,-23],[-16,85],[34,13],[74,-61],[41,19],[36,-28],[33,-69],[10,-88],[54,12],[-24,-108],[82,-53],[-5,-30],[-52,20],[-39,-11],[13,-50],[49,33],[33,-50],[-33,-31],[-45,-7],[6,-35],[22,-28],[60,-7],[-30,-44],[15,-29],[104,15],[12,-27],[-32,-68],[67,-2],[36,-28],[-5,-32],[-37,-42],[68,-30],[-20,-40],[-8,-97],[13,-23],[94,-17],[-28,-55],[-17,-70],[8,-40],[82,-60],[-44,-44],[-12,-51],[-71,13],[-38,-38],[21,-27],[50,23],[27,-44],[-14,-29],[-85,31],[2,-37],[123,-28],[78,3],[103,-47],[60,24],[56,-70],[-21,-45],[-25,-1],[-13,56],[-22,10],[-30,-47],[-48,-33],[42,-52],[144,-27],[-11,-45],[42,-42],[23,46],[63,-3],[-4,-44],[61,-43],[-23,-69],[58,-7],[32,-44],[14,-100],[52,22],[67,-89],[42,6],[55,-53],[33,1],[125,-37],[-80,-70],[89,-72],[68,18],[42,-19],[10,-46],[58,-29],[21,34],[36,-39],[-10,-36],[131,-60],[55,11],[28,53],[61,-24],[12,-59],[51,28],[32,-81],[-70,33],[-36,-18],[-26,-59],[46,8],[19,-57],[40,-36],[75,-36],[84,-53],[46,-20],[-28,-41],[42,-4],[68,-51],[2,-27],[-60,-30],[0,-63],[-49,-27],[48,-65],[44,5],[-17,-53],[50,-21],[-11,-66],[-77,-69],[101,-8],[-9,-58],[85,-43],[-65,-118],[-24,11],[-71,-28],[-23,-34],[15,-63],[52,-8],[22,-34],[31,33],[30,-57],[43,14],[-12,-83],[37,-29],[-55,-51],[-47,1],[-18,-36],[75,1],[-24,-35],[46,-49],[53,-33],[-49,-92],[-3,-88]],[[48951,29577],[-76,30],[-64,66],[-53,-26],[-84,64],[-14,-13],[-50,-32],[-33,31],[-66,-61],[-58,-28],[-62,-34],[-19,-35],[-43,3],[-41,53],[-113,-10],[-14,55],[-35,60],[-18,62],[-69,3],[-76,-10],[-89,-16],[-34,88],[-51,15],[-17,-49],[22,-53],[55,-56],[15,-42],[-46,-5],[-30,-39],[81,-20],[-37,-49],[53,-90],[-95,-29],[-7,34],[-50,-10],[-16,-27],[17,-63],[-67,-59],[-41,34],[-44,-21],[-43,60],[42,25],[-9,49],[-27,48],[18,15],[-4,55],[-43,84],[-27,-3],[39,-92],[-4,-88],[-55,59],[-46,86],[-8,101],[15,78],[-24,-29],[-32,42],[-51,5],[-37,36],[-71,-2],[-40,-54],[-1,-50],[-53,5],[-151,57],[48,69],[16,93],[32,4],[11,54],[-32,95],[10,56],[-1,161],[42,55],[-36,75],[-20,-39],[-77,-5],[-29,31],[-5,104],[-19,40],[-38,20],[-66,-14],[-9,-80],[6,-58],[41,-67],[7,-87],[39,-102],[-10,-58],[13,-54],[37,-56],[7,-107],[-58,35],[-36,6],[-51,-23],[-77,125],[-16,40],[-56,75],[-33,106],[-39,76],[-52,-20],[-60,113],[-28,-11],[-32,82],[-73,-27],[-38,113],[-28,54],[-41,31],[-67,76],[-60,84],[-105,4],[-45,61],[-1,30],[-68,48],[-17,-43],[-60,-150],[-15,-123],[65,-66],[-55,-42],[62,-51],[-18,-100],[10,-41],[85,-22],[7,-34],[43,-55],[-7,-69],[32,-28],[12,-40],[-6,-19],[-71,11],[-5,-26],[-54,-14],[-95,9],[-8,-65],[-54,-6],[15,-32],[-55,-15],[-38,-26],[-1,103],[-84,0],[-17,-105],[-27,70],[-18,84],[-32,76],[-35,45],[-19,63],[-77,-29],[-34,42],[-59,-11],[23,-69],[1,-148],[57,-81],[-107,-63],[-145,14],[-38,-15],[19,-50],[-84,-21],[-27,35],[-64,-28],[-22,-23],[-20,34],[-49,-35],[-139,-28],[-20,50],[-26,61],[-94,12],[-35,88],[25,26],[-14,45],[-133,-38],[-37,20],[-40,-78],[-84,-12],[-9,-43],[-73,-22],[-10,-61],[-88,-5],[-2,-27],[-67,-11],[-21,52],[-80,-12],[-64,79],[-41,-41],[-53,-4],[-115,-32],[-6,45],[-66,-3],[-2,-19],[-81,-19],[-19,92],[-29,-8],[-27,-6],[-74,54]],[[43263,29989],[-56,50],[30,29],[4,40],[-29,36],[7,38],[-74,68],[-13,49],[-39,60],[-106,78],[-110,109],[-77,39],[-39,32],[75,117],[87,-48],[21,43],[90,91],[41,26],[6,92],[44,30],[54,-7],[10,-48],[47,-45],[39,42],[19,-40],[60,-40],[58,17],[28,36],[4,63],[23,33],[51,22],[-34,43],[13,132],[-74,49],[-53,0],[-81,96],[-32,-4],[-54,26],[-39,2],[-15,40],[-44,57],[39,43],[13,52],[-13,92],[-86,108],[-81,88],[-4,5],[-55,-8],[-51,24],[-119,40],[-55,-2],[-84,31],[-69,-40],[-68,4],[-20,-15],[-74,-14],[2,-84],[-53,-113],[-38,13],[-13,-46],[-39,-40],[-28,10],[-51,-54],[64,-7],[-30,-114],[-42,-10],[-9,-28],[-56,19],[-33,38],[-34,0],[-49,105],[15,8],[-49,161],[-38,91],[-77,-19],[-6,-54],[10,-90],[-76,-13],[3,-140],[-77,-39],[-29,20],[-67,-49],[1,-30],[-8,14],[-131,-62],[-47,-10],[-27,34],[-59,129],[-77,-41],[-25,46],[3,16],[78,34],[-45,55],[-85,-46],[-106,-41],[-85,-48],[-9,-52],[-80,44],[-21,83],[28,9],[-42,113],[-103,105],[-12,-4],[-4,-20],[-220,226],[-55,-16],[-57,-17],[-101,-84],[-89,83],[-20,-19],[-76,81],[-81,106],[-227,-161],[-62,-23],[-87,86],[-49,72],[10,27],[-6,97],[11,54],[34,31],[-54,31],[-26,44],[17,25],[-24,46],[-52,55],[13,31],[36,14],[-37,116],[20,47],[53,36],[13,28],[-47,88],[6,33],[-33,17],[-64,-8],[32,47],[-33,15],[-44,59],[-77,68],[-38,60],[-10,78],[-33,46],[-25,6],[-69,58],[-37,52],[-41,6],[-16,36],[-45,26],[-100,121]],[[35584,10029],[-11,95],[25,66],[-24,41],[-29,1],[-24,64],[17,19],[-15,64],[40,10],[14,-24],[-22,-38],[0,-44],[54,-13],[15,38],[87,26],[29,-19],[27,-57],[65,52],[47,9],[38,26],[61,-36],[40,22],[56,-9],[-14,-66],[30,1],[52,37],[19,32],[-13,53],[61,27],[27,-18],[13,-40],[37,9],[12,-39],[85,-18],[-63,187],[52,25],[30,37],[68,-115],[123,-42],[64,37],[63,44],[14,-27],[43,-5],[77,-55],[41,35],[18,44],[65,-61],[156,-15],[127,-59],[22,-33],[35,-12],[46,37],[8,101],[3,35],[87,-9],[12,118],[170,-21],[4,21]],[[38361,8295],[-56,-124],[-46,31],[-68,-68],[-176,-166],[100,-81],[-3,-75],[34,11],[0,-52],[81,10],[5,-79],[193,-5],[70,48],[37,-50],[41,-1],[14,58],[38,-33],[-41,-28],[-1,-107],[-62,1],[-2,-62],[-250,7],[-16,-159],[-56,-47],[-89,54],[-155,-103],[-29,-71],[5,-36],[-30,-14],[-21,40],[-96,-53],[48,-61],[-40,-21],[-24,19],[-26,98],[-36,3],[-36,56],[2,46],[-45,3],[-30,45],[-27,7],[-44,-31],[-82,-35],[-54,-8],[52,-34],[115,-4],[6,-59],[65,3],[-13,-39],[22,-46],[61,18],[27,-28],[-13,-63],[19,-92],[63,21],[38,-22],[-105,-91],[25,-20],[-76,-81],[-25,30],[-42,-8],[-53,-67],[-40,28],[-84,-94],[-89,-78],[145,-120],[-135,-174],[36,-30]],[[37387,6212],[-27,-35],[-39,33],[-106,-138],[-115,-152],[-32,69],[-25,-11],[-87,-160],[30,-33],[-34,-65],[-88,55],[-19,27],[-70,-133],[-9,33],[-35,5],[-39,-20],[-19,-31],[-45,18],[-91,69],[-110,29],[-98,78],[-24,94],[-50,22],[-93,-9],[-39,13],[-55,49],[-107,156],[-29,13],[-72,21],[-30,59],[-52,-17],[-39,-76],[-117,-208],[5,47],[88,169],[61,127],[-36,22],[-6,59],[-13,23],[-61,25],[-37,30],[-15,40],[-42,-28],[15,-43],[-50,-38],[-68,9],[-13,42],[26,37],[-5,22],[-49,11],[-75,68],[-51,-5],[-61,-36],[-25,-1],[-79,94],[-7,23],[-48,31],[19,69],[-15,27],[-40,-8],[-45,-16],[-39,18],[-3,74],[-77,65],[-7,58],[13,67],[-13,19],[-40,-24],[-75,46],[-51,-10],[-25,23],[-6,55],[42,45],[96,40],[45,43],[99,60],[-25,47],[-109,64],[11,24],[92,90],[1,17],[-77,21],[16,32],[-8,146],[-13,27],[-54,1],[85,117],[50,-25],[38,-53],[-23,-44],[-3,-47],[27,-48],[46,-8],[8,36],[128,-81],[71,172],[-5,68],[-24,27],[-70,33],[44,67],[112,217],[-141,157],[-45,69]],[[35920,8335],[0,-53],[-73,-47],[-27,-3],[-11,-136],[-51,-9],[-24,-29],[-44,35],[-26,-43],[27,-27],[-46,-138],[-2,-50],[-3,-11],[15,-31],[165,-84],[29,-34],[37,-76],[-43,-27],[-284,-21],[4,-81],[22,-148],[34,-86],[80,9],[44,-7],[6,-35],[39,-11],[46,38],[101,-137],[49,0],[28,-35],[-39,-36],[79,-75],[51,10],[13,32],[80,-45],[16,37],[34,-6],[-10,-55],[67,-25],[13,-1],[61,-64],[8,49],[90,-18],[-8,-44],[112,-89],[-18,-26],[117,-98],[36,-31],[26,47],[49,22],[-127,245],[-1,38],[115,236],[126,-41],[187,17],[12,28],[-14,70],[38,8],[2,50],[36,106],[10,76],[-40,-12],[-30,34],[-41,-6],[-22,44],[-41,30],[-10,31],[-52,-17],[-82,29],[-30,36],[-86,42],[51,90],[91,114],[38,14],[-437,76],[-65,131],[-9,64],[13,165],[-11,30],[8,89],[-167,-22],[-9,36],[-44,-15],[-4,-42],[-127,-49],[-91,-55],[-27,38],[-29,-15]],[[17725,35135],[-55,-30],[-62,40],[-51,13],[-113,-38],[-18,-37],[-32,8],[-58,-44],[-24,-104],[-56,-53],[-22,32],[-24,94],[-41,32],[-44,9],[-76,-28],[-29,26],[-75,8],[-105,45],[18,71],[-11,78],[113,46],[-14,43],[-37,35],[-27,67],[-34,-16],[-25,35],[11,73],[73,5],[75,-33],[45,93],[33,-26],[48,21],[38,-6],[18,-40],[95,-21],[80,14],[9,84],[-22,103],[19,99],[27,28],[15,77],[-16,88],[22,45],[-1,90],[41,58],[6,48],[31,53],[88,74],[52,22],[10,33],[71,59],[37,63],[32,23],[39,61],[25,62],[128,90],[22,-56],[91,-173],[39,-53],[69,-21],[73,-43],[-17,-51],[97,-53],[57,-44],[-3,-47],[114,-104],[28,-35],[30,17],[60,-22],[61,10],[12,117],[-18,75],[22,84],[34,-2],[95,-35],[31,37],[16,72],[1,78],[-11,62],[-49,52],[1,29],[30,12],[2,100],[17,47],[100,-27],[28,67],[41,33],[82,14],[76,39],[-30,33],[-5,46],[60,81],[51,26],[24,34],[-18,40],[31,18],[32,-79],[64,58],[-12,23],[41,48],[56,41],[-11,39],[-33,16],[-42,-10],[-46,-32],[-25,57],[5,76],[-69,54],[-55,11],[1,48],[-37,23],[-51,-53],[-54,16],[-23,17],[-82,6],[-26,40],[-29,10],[9,52],[-27,31],[-49,-13],[-73,-38],[-55,41],[-53,7],[-39,-37],[-38,3],[-4,66],[-30,26],[-43,51],[36,146],[-29,38],[18,61],[-58,6],[150,191],[70,19],[11,74],[85,-13],[32,10],[72,-57],[58,-9],[45,-35],[-7,-64],[22,-38],[67,1],[54,20],[62,-12],[43,17],[40,-34],[48,11],[28,30],[59,10],[97,-1],[9,-33],[96,0],[34,-31],[9,-40],[62,-15],[37,34],[93,-33],[30,-43],[85,45],[7,33],[37,36],[6,40],[97,49],[38,-4],[45,46],[51,-2],[58,69],[86,-6],[27,58],[65,21],[85,3],[11,110],[77,73],[-13,75],[11,39],[55,-2],[26,63],[42,55],[48,24],[41,-10],[29,-42],[50,50],[37,13],[35,41],[45,62],[-22,98],[-20,20],[-31,73],[-37,32],[-45,6],[-1,40],[-39,39],[-113,10],[-23,32],[-1,52],[-36,71],[11,40],[-16,40],[-49,22],[1,44],[-23,25],[-22,79],[-16,9],[-75,-37],[-48,14],[-73,93],[-78,12],[-102,67],[-53,72]],[[20141,39964],[46,8],[26,109],[44,46],[30,65],[26,18],[1,47],[27,46],[1,73],[20,65],[44,-40],[28,-51],[70,-13],[90,-49],[71,21],[46,-16],[52,43],[68,-19],[37,16],[83,-50],[69,4],[47,-30],[19,-69],[100,-55],[21,-23],[52,24],[76,6],[140,67],[40,-46],[35,6],[6,46],[50,-14],[90,23],[68,2],[52,-30],[59,19],[124,-82],[53,5],[105,-42],[28,-28],[-16,-41],[96,-69],[-11,-58],[67,-111],[-6,-44],[54,-63],[82,-48],[20,4],[106,111],[63,-12],[20,17],[98,21],[48,-17],[56,33],[74,-3],[19,35],[22,85],[54,32],[55,-22],[47,48],[26,-5],[16,-70],[65,32],[37,-11],[46,41],[31,7],[102,-94],[40,-71],[112,38],[77,0],[56,-59],[72,-33],[99,-63],[5,-56],[65,-133],[52,-9],[86,5],[41,-32],[41,8],[29,36],[65,-18],[31,50],[102,-49],[95,10],[29,-42],[47,-24],[53,-56],[7,-48],[61,-10],[76,26],[94,68],[62,7],[88,-13],[79,47],[34,3],[38,51],[34,12],[41,44],[56,25],[62,-74],[61,-28],[35,7],[115,71],[81,31],[-8,67],[73,133],[1,41],[109,66],[47,-3],[73,74],[43,25],[69,-58],[106,-23],[49,13],[99,-66],[42,-4],[47,-29],[72,13],[84,72],[62,3],[79,-18],[83,80],[78,-11],[49,-24],[5,-38],[54,-37],[56,-104],[57,60],[78,-1],[31,-35],[25,-75],[-16,-49],[42,-43],[-9,-48],[103,-50],[6,-78],[52,-16],[80,-115],[-40,-98],[5,-41],[-15,-44],[32,-103],[9,-20],[59,-26],[22,-48],[110,-23],[18,-114],[87,-7],[91,41],[31,-25],[9,-39],[76,-65],[34,67],[43,21],[80,-18],[4,-56],[33,-72],[84,11],[188,-38],[-28,-72],[-11,-60],[75,-78],[19,-37],[7,-67],[-7,-63],[93,-44],[21,-37],[3,-45],[143,-121],[20,-126],[31,-46],[-20,-88],[112,4],[286,40]],[[29202,37770],[5,-110],[37,-49],[-11,-55],[47,-2],[94,-59],[46,-40],[88,-100],[29,-9],[42,-58],[60,-20],[31,-74],[101,-21],[36,-44],[40,-2],[31,-43],[6,-61],[-21,-59],[-127,-32],[-53,-37],[-90,-9],[-71,-63],[-32,-8],[-17,-46],[-39,2],[-62,-62],[-63,23],[-35,-9],[2,-108],[12,-60]],[[22309,34194],[-72,-15],[-31,59],[-52,-9],[-119,-36],[-78,-35],[-156,-6],[15,-43],[-14,-45],[-59,4],[-33,-51],[-53,21],[-58,-18],[-64,104],[-50,3],[-16,51],[-35,27],[1,69],[70,32],[-59,4],[-42,17],[-48,-24],[-49,30],[-38,40],[-10,39],[-31,14],[-18,87],[17,47],[-42,-3],[-90,112],[-59,3],[-36,37],[-58,-49],[-32,11],[-36,-41],[14,-49],[-15,-45],[-53,-38],[-52,14],[-56,-19],[-42,-73],[-46,-31],[-20,20],[-62,3],[-4,27],[-116,27],[-30,-23],[-40,22],[-63,-9],[-55,-54],[-27,4],[-72,27],[-49,91],[-32,17],[-161,11],[-102,19],[-109,66],[-39,-25],[-39,47],[-35,-23],[-29,34],[-39,-33],[-83,-1],[-16,33],[-81,78],[0,50],[-18,66],[-27,27],[-31,-26],[-54,18],[-32,-27],[-82,25],[-41,45],[-32,40],[-93,-15],[-53,5],[-5,37],[-60,-21],[-50,6],[-40,33],[-24,-8],[-30,49],[-59,23],[-49,-8],[-74,46],[-21,-8],[-8,-54],[-56,38],[-38,43],[1,55],[-82,45],[-47,19],[-8,38],[-53,-47],[-115,-114],[-102,24],[-101,6],[-96,-8],[-16,-14]],[[16838,4406],[-174,12],[-65,22],[-166,115],[-117,119],[-57,50],[-143,87],[-46,36],[-171,68],[-106,84],[-88,82],[-204,238],[-82,29],[-114,19],[-62,1],[-85,12],[-53,32],[-78,82],[-10,50],[12,98],[67,166],[5,130],[-40,119],[-43,50],[-168,82],[-50,12],[-123,-5],[-75,21],[-70,32],[-99,42],[-90,18],[-51,55],[-48,102],[-113,108],[-36,45],[-45,175],[-51,145],[-30,58],[-18,97],[-12,198],[18,43],[-129,142],[-58,38],[-47,74],[-16,73],[-25,58],[-10,100],[31,69],[29,21],[51,8],[141,-28],[127,-55],[46,9],[150,83],[43,75],[32,141],[1,141],[15,116],[60,96],[60,53],[115,26],[88,2],[74,-22],[51,-35],[50,-15],[47,-51],[28,-28],[184,-148],[47,-24],[46,-4],[76,25],[120,70],[176,88],[26,30],[5,68],[-16,72],[-31,64],[-139,184],[-155,182],[-105,28],[-59,34],[-36,81],[-56,16],[-177,-42],[-81,-6],[-53,13],[-106,63],[-129,91],[-73,45],[-59,106],[-94,114],[-39,24],[-20,38],[-67,77],[-59,52],[-35,73],[-85,74],[-100,108],[-64,36],[-16,6],[-16,5],[-197,-43],[-71,-35],[-69,-91],[-71,-108],[-55,-48],[-37,-28],[-98,-37],[-67,4],[-112,35],[-48,-12],[-80,-92],[-64,-60],[-31,-50],[-7,-81],[-20,-58],[-155,-117],[-23,-156],[-38,-112],[-55,-82],[-91,-152],[-68,-86],[-100,-230],[-35,-102],[-38,-78],[-46,-64],[-32,-107],[8,-49],[-25,-72],[-26,-37],[-62,-46],[-172,-30],[-52,2],[-57,21],[-29,28],[-210,161],[-84,87],[-17,70],[2,65],[-36,81],[-72,66],[-93,67],[-39,55],[-45,127],[-16,91],[7,148],[-12,44],[-54,49]],[[29927,32325],[48,-20],[50,-75],[27,3],[65,-55],[97,-9],[80,21],[42,-34],[54,-13],[43,-32],[39,53],[40,31],[44,66],[57,8],[56,-23],[53,-75],[57,-58],[68,-13],[89,-32],[51,-95],[48,-14],[35,11]],[[29199,22607],[-103,10],[-74,-6],[-37,60],[-37,0],[-35,48],[-13,63],[11,74],[-96,33],[-67,-12],[-69,23],[-80,-29],[-52,-8],[-107,-72],[-42,-45],[-28,8],[-47,-22],[-35,27],[-153,58],[-13,-8],[17,-70],[-43,-61],[-61,-18],[-53,11],[-26,32],[-97,-15],[-61,-39],[-35,-67],[-80,44],[-39,19],[-33,99],[-36,39],[-32,5],[-53,58],[5,58],[20,13],[-20,60],[25,85],[-54,83],[45,75],[25,23],[2,97],[-37,84],[52,140],[10,69],[-8,81],[-23,22],[-21,61],[9,57],[-65,95],[-79,14],[-22,49],[27,48],[58,-79],[32,-3],[15,145],[30,56],[-42,54],[17,53],[-39,116],[9,51],[-25,11],[-35,-29],[-63,15],[-20,-9],[-35,-66],[-41,-9],[-2,-74],[-53,-14],[6,-78],[-44,5],[-48,-20],[-48,27],[-42,135],[-23,35],[-66,-36],[-88,23],[11,-36],[-33,-45],[-6,-40],[-82,-6],[-22,39],[-41,-6],[-26,-93],[-69,1],[-54,31],[-67,-79],[-45,-26],[-23,5],[22,81],[-45,35],[-6,25],[-63,18],[-88,8],[-8,-52],[-67,22],[-21,29],[-90,-27],[-9,29],[-86,36],[-23,-27],[-43,-9],[-13,-43],[-44,-42],[-73,11],[-60,-89],[-97,31],[-37,53],[-26,13],[-65,-8],[-32,-31],[-50,44],[-99,-25],[-57,34],[-33,-5],[-14,56],[-22,63],[-11,92],[-15,53],[-70,-28],[-33,-41],[3,-80],[-51,-10],[-6,-121],[-56,-29],[-38,-1],[-56,23],[-55,64]],[[33657,31912],[-13,39],[31,53],[8,55],[-7,113],[42,4],[24,23],[-8,52],[33,16],[115,121],[-45,103],[10,41],[38,46],[12,59],[53,7],[78,33],[7,45],[-23,14],[-16,145],[12,30],[72,31],[-3,123],[39,9],[52,76],[39,-14],[22,41],[92,14],[37,45],[73,18],[42,34],[34,64],[53,49],[40,60],[-42,76],[17,17],[-27,91],[-42,21],[-52,49],[-29,57],[-10,64],[-48,85],[-71,69],[58,30],[71,-20],[61,3],[47,-34],[37,5],[50,-37],[48,-12],[76,9],[63,-67],[11,-30],[62,-60],[62,0],[35,-52],[54,-47],[13,-77],[42,-70],[32,-10],[28,-44],[53,6],[91,-32],[49,87],[7,79],[96,35],[79,-5],[45,16],[22,42],[45,18],[55,-25],[35,7],[55,-29],[42,-1],[61,51],[41,3],[39,-25],[45,-60],[108,-51],[100,33],[50,41],[143,55],[66,47],[77,33],[70,-80],[48,31],[76,14],[45,22],[53,5],[84,100],[67,-56],[58,-22],[23,-45],[80,-13],[66,-46],[61,-60],[35,-10],[92,41],[25,-22],[70,38],[28,49],[-37,33],[309,145],[59,42],[137,64],[53,-9],[43,54],[-29,22],[43,32],[35,-34],[54,27],[97,73],[45,-36],[28,3],[46,-48],[74,-38],[47,-87],[53,-39],[47,-54],[64,-73],[70,-63],[5,-41],[41,-9],[74,-44],[-5,-21],[48,-80]],[[43263,29989],[-82,-65],[-6,-35],[43,-43],[-12,-28],[55,-23],[-11,-46],[55,-35],[16,13],[48,-49],[-14,-29],[-61,-50],[62,-46],[39,-58],[22,-70],[-74,-31],[5,-103],[-21,-33],[15,-131],[64,8],[28,-40],[5,-53],[20,-19],[-28,-64],[-27,15],[-65,0],[-16,-14],[-36,-5]],[[22855,8354],[67,58],[63,-29],[42,-2],[70,17],[103,44],[37,6],[28,-35],[45,7],[55,-36],[91,-11],[33,-39],[-34,-50],[24,-30],[64,57],[28,-75],[-46,-55],[12,-44],[81,53],[70,-135],[46,0],[49,-49],[32,21],[-13,46],[69,123],[19,45],[81,83],[50,-5],[9,127],[81,30],[79,129],[77,28],[42,-56],[62,36],[54,-81],[26,-13],[83,74],[165,0],[139,-12],[7,-23],[67,-13],[-21,125],[23,31],[1,92],[1,223],[31,15],[109,-15],[35,-126],[-13,-44],[0,-68],[-13,-31],[27,-42],[154,-48],[77,-2],[-1,333],[0,145],[-54,164],[-57,34],[-35,68],[-5,60],[7,126],[-17,122],[-36,77],[-30,84],[0,1],[-53,135],[-22,194],[0,89],[0,21],[39,82],[-28,98],[-21,78],[135,15],[18,90],[53,9],[10,32],[51,10],[35,35],[-38,41],[5,86],[24,33],[-2,73],[44,36],[-25,19],[21,45],[3,51],[-51,81],[137,122],[-58,104],[3,38],[74,15],[68,-15],[74,24],[28,50],[46,49],[22,46],[-3,39],[36,44],[3,47],[47,-12],[73,-47],[64,-16],[32,-23],[13,-76],[-28,-7],[-15,-74],[27,-27],[-5,-38],[-28,-28],[9,-32],[-18,-47],[45,-21],[90,-67]],[[28809,7017],[16,-28],[-9,-57],[-31,-42],[-88,6],[-117,-10],[-123,-35],[-64,-30],[4,-57],[73,-164],[-10,-39],[61,-92],[59,-32],[-19,-49],[-25,-26],[-57,-17],[28,-70],[-71,-33],[-17,-70],[6,-72],[14,-25],[28,-73],[-10,-123],[-19,-135],[-27,-18],[49,-49],[-64,-33],[107,-53],[14,-11],[-69,-80],[-146,-149],[-57,-92],[60,-134],[13,-54],[18,-135],[57,-67],[136,-116],[32,-28],[2,-73],[37,-77],[19,-62],[-16,-75],[28,-93],[-72,-53],[-9,35],[-46,-16],[-215,-36],[16,-53],[-235,-36],[-41,-9],[10,-44],[-238,-68],[-71,-21],[48,-94],[-37,-38],[41,-13],[6,-48],[-378,-90],[-167,-75],[-28,14],[-95,-69],[6,-15],[11,-29],[-31,-106],[-32,-43],[-55,-27],[7,-28],[56,38],[1,-58],[-18,-25],[-51,-22],[20,-30],[61,12],[-13,-69],[-32,-3],[3,-73],[38,-7],[60,22],[10,-30],[78,10],[13,-157],[80,-11],[7,-23],[-129,-45],[22,-99],[43,12],[54,-88],[9,-45],[55,-106],[30,-23],[86,1],[6,-53],[9,-64],[-96,-20],[36,-151],[158,37],[10,-64],[33,-29],[13,-86],[64,-62],[28,-45],[38,-35],[1,-30],[-61,-35],[-50,-4],[-47,30],[-44,-31],[29,-30],[80,9],[42,-9],[66,11],[62,-33],[47,-4],[2,0],[12,-25],[58,-16],[0,-30],[-101,1],[-11,-94],[60,-112],[-203,-63],[-123,-31],[12,-71],[-77,-17],[17,-115],[-66,-12],[-9,-63],[-114,29],[-36,-73],[91,-38],[-51,-175]],[[27394,961],[-102,97],[-110,76],[-77,34],[-134,47],[-118,33],[-69,0],[-218,47],[-72,24],[1,21],[-92,-31],[-192,-114],[-132,-66],[-11,25],[-177,-53],[-62,-29],[-65,-75],[-7,-22],[-72,-51],[-23,-35],[15,-28],[-74,-45],[-94,-75],[-38,-21],[-45,-1],[-147,31],[-163,-25],[-198,-48],[-28,-12],[-104,-11],[-123,-43],[-74,-2],[-71,-13],[-58,-14],[-82,2],[-91,28],[-81,47],[-138,60],[-68,21]],[[11956,36584],[13,58],[32,26],[29,115],[4,49],[36,85],[26,171],[52,-9],[57,60],[15,73],[-5,42],[17,71],[-14,17],[51,99],[66,17],[77,-1],[30,29],[22,142],[-19,34],[33,127],[13,-2],[117,-15],[129,111],[35,7],[36,10],[21,108],[-22,100],[43,8],[38,-15],[94,-93],[6,-19],[67,-36],[199,-33],[29,19],[104,-8],[7,-39],[116,-13],[-1,39],[-26,45],[8,41],[34,68],[53,275],[43,103],[119,18],[91,54],[43,-46],[321,-220],[60,-86],[84,0],[302,-6],[22,46],[82,-5],[54,39],[61,-15],[84,26],[38,46],[48,11],[40,-3],[48,72],[45,118],[39,60],[-11,31],[60,51],[3,42],[7,55],[30,24],[49,12],[46,-24],[89,-11],[68,3],[61,59],[51,14],[21,85],[-30,68],[2,33],[-43,10],[-25,27],[40,106],[-64,68],[-8,40],[39,22],[96,-2],[29,11],[71,-11],[72,53],[54,23],[58,58],[52,20],[90,-11],[59,76],[9,35],[33,19],[21,62],[38,31],[1,36],[47,69],[29,8],[11,62],[87,28],[41,50],[38,-20],[99,15],[95,90],[-28,129],[0,55],[-27,90],[-78,29],[-11,48],[3,66],[32,42],[108,-23],[99,-78],[17,32],[93,-16],[-6,-28],[62,-14],[55,-38],[7,-47],[58,-4],[46,-46],[66,10],[40,79],[166,28],[53,41],[56,8],[54,-36],[49,6],[6,45],[36,50],[-47,7],[-3,27],[55,46],[44,55],[22,72],[-51,24],[-18,31],[87,90],[-34,87],[4,33],[41,23],[26,65],[18,-5],[17,52],[-60,41],[28,35],[54,21],[19,30],[65,16],[36,22],[28,110],[38,27],[53,6],[72,41],[26,-23],[3,-49],[29,-3],[18,-127],[289,-54],[40,20],[27,-20],[34,81],[100,-6],[6,-120],[15,-26],[57,-19],[43,-61],[-33,-119],[-32,-45],[15,-9],[54,-91],[38,-22],[67,-12],[50,17],[60,-43],[26,-41],[36,-21],[-24,-68],[21,-51],[41,-21],[64,22],[54,-58],[100,-41],[32,-62],[56,12],[46,-34],[53,-16],[-11,-36],[21,-30],[78,-47],[34,21],[66,14],[23,-57],[56,-28],[23,-43],[73,-25],[81,2],[36,-7],[83,-50]],[[17725,35135],[41,-41],[20,-59],[13,-138],[-34,-52],[41,-38],[0,-101],[-58,6],[-87,-53],[-38,-58],[38,-66],[44,-28],[-99,-98],[-20,22],[-46,-1],[-24,-52],[-63,2],[-21,-33],[4,-45],[-35,-11],[-49,60],[-26,-14],[-28,36],[-108,-23],[-16,62],[-93,48],[-40,-70],[-40,2],[-19,-38],[-64,-49],[-66,49],[-67,32],[-143,187],[4,105],[-22,19],[-55,-1],[25,65],[-39,1],[11,72],[-25,36],[-170,27],[-15,-6],[-133,19],[-35,-4],[-71,17],[-3,26],[-92,-37],[-41,-49],[-97,-118],[-56,106],[-86,34],[-124,32],[-59,-39],[-12,-52],[-146,-35],[13,-38],[-80,-75],[-82,-20],[-49,-41],[-44,4],[-55,-28],[-65,-57],[-41,24],[-24,-4],[-45,-43],[-78,-7],[-27,-82],[1,-49],[-43,-33],[-27,-58],[21,-30],[15,-62],[-50,14],[0,-57],[-33,-17],[-60,14]],[[26559,18026],[-61,56],[-47,-13],[-23,-34],[-109,-76],[-20,-7],[-41,94],[-39,-16],[-66,11],[-74,79],[-55,-28],[-21,-49],[-79,-5],[-63,20],[-114,-18],[-35,16],[-46,-17],[-43,2],[-92,-54],[-60,-14],[-31,15],[-49,-36],[-21,41],[-50,-5],[-100,-90],[-57,-28],[-94,-22],[-45,-55],[-67,5],[4,-59],[-58,-57],[-101,2],[-80,36],[-29,-67],[-66,-75],[3,-30],[-60,-47],[-34,3],[-117,-28],[-48,-58],[-73,-6],[-49,26],[-31,-37],[-70,23],[-107,-29],[-1,-29],[-31,33],[-71,-11],[-51,21],[-61,-9],[-93,24],[-50,21],[-14,14],[-106,30],[-38,6],[-75,54],[-81,30],[-65,-49],[-47,47],[-77,9],[-40,10],[-51,-32],[-100,12],[-112,35],[-64,5],[-49,-38],[-61,-27],[-148,-18],[-33,-37],[-52,25],[-59,86],[-182,-35],[-55,-17],[-56,6],[-35,18],[-65,-16],[-24,-20],[-123,-159],[-38,3],[-34,-25],[-82,-25],[-31,-41],[-99,1],[-27,10],[-110,-51]],[[29202,37770],[227,3],[82,-39],[64,84],[61,-31],[60,0],[19,-29],[67,-22],[15,55],[48,76],[26,59],[54,-51],[85,45],[36,-2],[40,34],[57,4],[32,33],[78,17],[3,118],[105,118],[55,49],[44,57],[28,-26],[78,14],[31,54],[-4,77],[-21,37],[67,47],[20,67],[-5,36],[104,82],[36,55],[-3,26],[-4,60],[34,39],[95,45],[2,101],[16,29],[-15,61],[44,119],[52,26],[44,-19],[43,17],[40,-28],[26,16],[46,-13],[256,202],[94,-6],[102,6],[28,16],[332,51],[345,56],[287,47],[496,45],[71,7],[207,95],[191,5],[187,-49],[75,13],[118,-42],[22,32],[79,12],[38,-37],[220,-21],[127,54],[104,58],[43,23],[45,91],[72,30],[149,28],[117,-66],[74,-17],[54,19],[45,15],[43,115],[59,0],[101,-15],[72,-46],[145,42],[343,73],[193,43],[72,-20],[163,-64]],[[32594,7838],[41,-59],[-107,-124],[25,-11],[-88,-130],[-19,-55],[-71,-112],[-35,10],[-120,-129],[3,-40],[-37,-41],[62,-38],[43,-42],[43,-16],[-12,-35],[14,-44],[51,-26],[96,-11],[71,33],[-43,-90],[-47,-65],[48,-58],[-53,-46],[25,-34],[-15,-107],[-18,-78],[259,-102],[103,5],[119,22],[38,14],[53,-20],[63,-34],[7,-42],[147,24],[28,50],[31,28],[71,-15],[43,-32],[56,-67],[-87,-149],[19,-31],[115,-61],[35,-37],[37,-21],[30,203],[90,-37],[-4,-62],[-21,-63],[36,-35],[-25,-46],[105,-76],[43,-3],[10,-52],[42,13],[22,-48],[-45,-23],[35,-82],[-53,12],[-56,-27],[-24,-129],[-26,-51],[-54,-59],[-29,-90],[21,-29],[-67,-286],[297,-76],[-8,-60],[-31,10],[-41,-15],[-34,34],[-49,1],[13,-281],[58,14],[115,66],[41,-46],[-1,-23],[-45,-27],[-9,-42],[12,-171],[-52,34],[-28,49],[-19,96],[-36,1],[13,-94],[-31,-11],[-35,28],[-24,-84],[45,-61],[-8,-68],[-96,88],[-17,57],[-8,81],[-33,-2],[-28,-38],[-11,-51],[-34,-19],[-27,-35],[52,-27],[-132,-90],[26,-44],[-68,-46],[46,-74],[-62,-29],[-1,-42],[52,-24],[39,-47],[-43,-41],[-101,-17],[-12,-35],[15,-41],[-27,-23],[-26,20],[1,-194],[-31,-27],[27,-42],[10,-55],[-40,-9],[65,-105],[-78,-56],[165,-264],[-38,-28],[65,-104],[-26,-36],[-207,0],[-3,-283],[118,2],[71,-29],[0,-212],[-48,-27],[0,-97],[0,-209],[50,0],[92,1],[1,-221],[50,0],[138,-1],[0,-126],[1,-258],[40,0],[7,-50],[-51,-115],[-53,-100],[56,-35],[-22,-45],[40,-25],[5,-189],[93,35],[39,-81],[-64,18],[-15,-31],[12,-52],[32,7],[15,-80],[-63,-1],[2,-58]],[[33721,665],[-42,-14],[-102,-68],[-47,-54],[-106,-38],[-89,-48],[-129,-92],[-114,-93],[-65,-26],[-99,-12],[-114,18],[-106,0],[-7,18],[-197,-59],[-103,-68],[-60,-25],[3,-18],[-96,-17],[-182,-54],[-101,-15],[-43,4],[-63,26],[-31,-5],[-106,44],[-73,48],[-106,111],[-94,56],[-123,55],[-16,28],[-81,95],[-27,45],[-97,78],[-38,15],[-148,34],[-162,48],[-44,19],[-102,38],[-183,-62],[-40,0],[-29,-23],[-133,-52],[-95,5],[-71,23],[-108,20],[-86,23],[-39,21],[-130,135],[-68,42],[-32,78],[-31,26],[-43,20],[-164,7],[-80,16],[-54,-3],[-37,-8],[-73,-49],[-1,-67],[-58,1],[-151,-43],[-127,-42],[-95,-9],[-50,8],[-122,54],[-76,6],[-91,-19],[-64,-31],[-166,-122],[-125,-69],[-113,-18],[-86,27],[-98,53],[-133,103],[-165,171]],[[7582,14465],[-134,51],[-118,38],[-52,96],[-118,76],[-4,31],[-49,40],[-48,-96],[-160,67],[-60,-37],[-101,90],[-28,37],[-42,-12],[-78,26],[-92,16],[-81,29],[-107,-118],[-113,92],[-9,18],[-201,106],[-30,-22],[-100,135],[37,91],[-74,64],[-34,47],[-11,61],[-61,171],[23,35],[0,43],[-50,40],[-58,-52],[-27,50],[-75,-84],[29,-33],[-61,-69],[-103,-2],[-52,-23],[-62,-13],[-81,-45],[-98,202],[-61,-24],[-62,6],[14,148],[-211,-54],[-56,-9],[-26,-4],[-41,153],[-64,3],[-76,79],[-36,65],[-77,61],[-56,26],[-59,74],[-16,99],[-106,11],[-8,51],[34,4],[-25,85],[-47,48],[-23,92],[-123,-4],[-158,84],[-65,53],[6,32],[60,36],[-7,66],[43,-1],[-22,36],[8,35],[-52,17],[4,38],[-31,49],[-40,10],[-167,125],[-386,0],[0,75],[37,22],[-51,88],[221,134],[18,11],[131,167],[29,17],[-83,133],[23,14],[-74,128],[13,21],[-112,178],[-146,-43],[-39,274],[85,92],[59,211],[100,108],[-30,134],[18,93],[-43,46],[40,118],[-9,19],[10,330],[34,97],[49,8],[10,26],[34,211],[-246,99],[-59,-288],[-258,12],[-92,-35],[-30,-21],[-35,15],[-45,-6],[-22,90],[-24,-6],[-14,59],[25,6],[-26,105],[-57,174],[-116,-29],[-36,128],[-40,33],[46,119],[15,42],[-303,320],[-80,-21],[-28,92],[-81,-21],[-43,134],[26,9],[-59,231],[-94,-25],[-48,-14],[19,-55],[-210,-71],[-88,170],[-117,393],[-221,154],[-262,-45],[-357,316],[58,57],[-106,279],[-4,28],[20,73],[-86,104],[-125,125],[-44,133],[-181,108],[-53,99],[67,32],[-22,34],[-55,23],[7,69],[38,8],[7,45],[25,14],[48,75],[86,96],[77,39],[21,-58],[268,179],[80,-154],[57,45],[22,1],[82,-49],[20,44],[122,-82],[58,-30],[119,-31],[86,10],[85,88],[24,37],[103,118],[19,80],[-28,25],[36,32],[-7,39],[30,14],[139,-80],[111,-15],[50,-25],[26,-31],[261,-215],[99,-53],[31,-40],[67,-79],[47,-40],[50,13],[42,63],[4,68],[26,55],[87,20],[75,-53],[34,1],[35,39],[24,84],[64,25]],[[49550,16984],[77,-12],[218,-82],[61,-34],[72,-78],[45,-107],[0,-66],[-17,-188],[9,-52],[50,-106],[39,-58],[84,-172],[37,-103],[93,-174],[62,-87],[37,-35],[115,-50],[136,-70],[125,-53],[216,-106],[66,-17],[234,-112],[107,-61],[139,-59],[178,-118],[49,-12],[194,-23],[205,-11],[246,-74],[152,-94],[86,-21],[53,3],[114,52],[39,31],[112,25],[120,13],[43,17],[30,37],[-2,57],[-67,70],[-67,24],[-53,53],[-60,124],[-4,51],[31,44],[62,18],[90,-6],[76,23],[50,70],[26,75],[-15,37],[-104,59],[-38,35],[22,55],[63,41],[53,21],[92,1],[42,-27],[58,-81],[73,-57],[62,-17],[77,10],[38,-11],[97,-107],[61,-70],[95,-84],[71,-48],[66,-21],[80,25],[24,39],[14,65],[-5,40],[-36,96],[70,162],[34,49],[110,-2],[86,41],[67,71],[79,40],[57,31],[93,83],[56,-14],[42,11],[99,65],[55,58],[116,3],[53,24],[48,41],[74,19],[124,49],[113,59],[74,66],[23,78],[82,47],[87,17],[87,53],[69,79],[85,28],[49,-18],[72,-49],[100,-13],[82,35],[38,37],[80,107],[72,17],[40,-17],[71,-61],[67,-21],[99,9],[43,16],[58,-29],[49,0],[69,36],[64,19],[67,2],[40,-63],[29,-22],[142,-50],[95,-57],[149,-31],[119,-40],[119,-32],[143,-75],[60,-50],[99,-64],[93,-105],[159,-223],[131,-134],[25,-49],[47,-149],[26,-53],[20,-71],[-1,-81],[43,-155],[7,-90],[-81,-76],[-30,-85],[16,-131],[28,-59],[23,-96],[59,-96],[11,-40],[-52,3],[-7,25],[-61,27],[-99,65],[-57,50],[-20,-28],[-29,-40],[-6,-43],[17,-66],[32,-222],[25,-105],[53,-78],[81,-10],[115,9],[153,58],[-32,-47],[-82,-88],[-70,-137],[-53,-126],[-54,-201],[-20,-119],[-11,-148],[-12,-79],[4,-44],[-24,-178],[-12,-159],[-22,-201],[9,-26],[-13,-93],[-51,-284],[-47,-302],[-10,-358],[-34,-3],[-82,-69],[-4,-41],[29,-122],[17,-23],[-22,-97],[-101,-189],[-63,-91],[-99,-131],[-93,-106],[-119,-82],[-108,-55],[-101,-17],[-48,6],[-11,37],[141,-2],[76,43],[3,45],[123,15],[39,34],[130,154],[49,50],[26,56],[45,53],[15,46],[86,126],[-52,-5],[-87,-74],[-68,10],[-48,-70],[-85,-72],[-29,14],[-153,0],[-114,-14],[-68,-24],[-342,-68],[-32,-12],[-282,-54],[-157,-16],[-242,2],[-104,-19],[-235,-22],[-163,-27],[-158,-44],[-58,-33],[-134,-60],[-20,26],[-168,-43],[-232,-110],[-83,-59],[-147,-116],[-165,-160],[-182,-205],[-214,-278]],[[45137,23163],[-4,34],[-109,18],[11,72],[39,56]],[[48951,29577],[7,-86],[-12,-55],[25,-32],[47,31],[-13,-76],[44,-10],[-17,-37],[35,-54],[70,-6],[27,-77],[35,-16],[33,-66],[63,-17],[39,-42],[-91,-4],[35,-70],[30,-17],[42,9],[0,-50],[-35,-125],[20,-28],[36,-109],[20,-18],[45,21],[18,-40],[-55,-53],[53,-52],[86,-68],[9,-48],[-32,-82],[59,-37],[-12,-60],[52,17],[22,-86],[-5,-43],[37,-22],[11,44],[52,-96],[-26,-5],[14,-105],[-2,-42],[34,-94],[6,-61],[-31,-42],[55,-16],[22,-62],[-15,-51],[21,-30],[-48,-41],[24,-27],[-40,-32],[-24,-44],[17,-44],[-23,-41],[-2,-69],[-57,5],[-31,-14],[15,-75],[16,-22],[-13,-48],[45,1],[0,-56],[16,-45],[-60,6],[-31,-70],[11,-18],[-40,-41],[87,-80],[-10,-64],[-55,-50],[19,-58],[-50,7],[-35,-58],[35,-27],[-18,-40],[66,31],[4,-60],[47,-5],[-15,-52],[21,-41],[-37,-55],[60,-29],[36,36],[30,-29],[-7,-67],[45,-17],[34,-71],[-52,-22],[-56,-44],[12,-47],[93,-1],[25,-89],[-39,-47],[24,-50],[-53,-62],[-10,-47],[-49,18],[-52,-6],[-11,-74],[50,-19],[-23,-27],[-40,4],[-12,-49],[77,16],[27,-41],[-49,-52],[-81,31],[8,-48],[-35,-51],[-48,-44],[-14,-49],[-45,16],[-16,-43],[30,-119],[-77,4],[10,-73],[-52,37],[26,-78],[60,8],[-13,-52],[9,-46],[-52,21],[-25,-46],[45,-18],[-31,-39],[48,-23],[76,-54],[-20,-53],[-57,-83],[-46,-4],[-56,-45],[45,-65],[-78,-3],[-21,-69],[-31,35],[-47,-2],[-19,51],[-31,-13],[25,-74],[-5,-34],[-53,6],[24,61],[-31,4],[-32,-35],[-7,-124],[-17,-55],[-45,-10],[36,-54],[61,11],[26,-52],[-51,-34],[-23,29],[-72,-87],[-33,-21],[-21,61],[-28,-44],[13,-69],[-6,-57],[-27,-53],[34,-31],[-25,-35],[40,-39],[-27,-34],[41,-31],[-1,68],[23,14],[37,-43],[-17,-74],[-35,-35],[36,-29],[73,23],[40,-35],[-4,-66],[-62,15],[7,-34],[74,-23],[-81,-51],[47,-33],[26,-57],[-39,-17],[-24,-71],[-30,9],[-26,-71],[35,-32],[-26,-62],[20,-55],[35,-19],[-29,-37],[-28,7],[-3,-134],[-31,9],[-20,-46]],[[38135,3896],[-40,121],[-92,471],[58,58],[67,46],[68,39],[76,26],[107,-10],[-7,59],[19,12],[19,83],[28,51],[-9,96],[-31,75],[-29,-8],[-25,102],[4,40],[28,15],[-10,57],[-52,-19],[-55,-5],[0,111],[55,25],[45,-15],[-17,64],[-75,23],[-4,148],[-244,-10],[-7,173],[-89,-1],[-77,85],[-48,-11],[-68,74],[-71,-19],[-108,192],[-17,42],[-147,126]],[[43693,4662],[-82,-15],[-34,-42],[-68,-20],[-52,-14],[-101,2],[-102,23],[-98,12],[-58,57],[-69,47],[-120,62],[-65,18],[-73,-2],[-133,-32],[-76,-34],[-60,-1],[-121,24],[-118,83],[-76,-11],[-70,-22],[-150,-65],[-48,-3],[-111,20],[-44,4],[-132,-26],[-77,-9],[-101,12],[-86,-23],[-146,-94],[-139,-49],[-74,-39],[-91,-74],[-267,-167],[-35,-25],[-94,-42],[-243,-48],[-1,17],[-97,16],[-111,-17],[-77,-32],[-94,-56],[6,-18],[-129,-27],[-35,1],[-144,-37],[-135,-55],[-139,36],[-204,4],[-120,-24],[-102,-47],[-97,-23],[-180,-52],[6,-22],[-84,-22],[-66,-6],[-55,23],[-121,17],[-42,26],[-123,25]],[[38135,3896],[-54,-8],[-119,-43],[-63,-34],[-182,-56],[-50,-10],[-157,-138],[-169,-90],[-76,-23],[-82,-50],[-204,-89],[-89,-8],[-3,17],[-135,3],[-69,-11],[-136,-56],[-84,-54],[-61,-81],[-57,-99],[14,-13],[-59,-63],[-88,-114],[-28,-58],[-46,-54],[-38,-92],[-66,-81],[-63,-40],[-124,-64],[-72,-55],[-10,15],[-99,-85],[-45,-56],[-104,-58],[-47,-40],[-78,-69],[-69,-100],[-64,-114],[-25,-95],[-26,-60],[-47,-28],[-98,-124],[-37,-82],[20,-25],[-184,-208],[-56,-40],[-65,-31],[-73,-30],[-14,17],[-97,-93],[-29,-45],[-55,-149],[-78,-93],[-134,-77],[-104,-65],[-48,-21],[-94,-23],[-3,14],[-110,4],[-181,-6]]],"transform":{"scale":[0.00016039892747484935,0.00010881912544213757],"translate":[20.263081077403246,43.61901922041906]},"objects":{"ro_admin_county_simplified_polygon":{"type":"GeometryCollection","geometries":[{"arcs":[[0,1,2,3,4,5,6]],"type":"Polygon","properties":{"id":1,"countyId":1,"countyCode":10,"name":"Alba","mnemonic":"AB","regionId":7,"regionCode":877,"region":"Centru","version":"2025-03-26"}},{"arcs":[[7,8,-1,9,10]],"type":"Polygon","properties":{"id":2,"countyId":2,"countyCode":29,"name":"Arad","mnemonic":"AR","regionId":5,"regionCode":859,"region":"Vest","version":"2025-03-26"}},{"arcs":[[11,12,13,14,15,16]],"type":"Polygon","properties":{"id":3,"countyId":3,"countyCode":38,"name":"Argeș","mnemonic":"AG","regionId":3,"regionCode":831,"region":"Sud","version":"2025-03-26"}},{"arcs":[[17,18,19,20,21]],"type":"Polygon","properties":{"id":4,"countyId":4,"countyCode":47,"name":"Bacău","mnemonic":"BC","regionId":1,"regionCode":813,"region":"Nord-Est","version":"2025-03-26"}},{"arcs":[[22,23,24,25,-2,-9]],"type":"Polygon","properties":{"id":5,"countyId":5,"countyCode":56,"name":"Bihor","mnemonic":"BH","regionId":6,"regionCode":868,"region":"Nord-Vest","version":"2025-03-26"}},{"arcs":[[26,27,28,29]],"type":"Polygon","properties":{"id":6,"countyId":6,"countyCode":65,"name":"Bistrița-Năsăud","mnemonic":"BN","regionId":6,"regionCode":868,"region":"Nord-Vest","version":"2025-03-26"}},{"arcs":[[30,31,32]],"type":"Polygon","properties":{"id":7,"countyId":7,"countyCode":74,"name":"Botoșani","mnemonic":"BT","regionId":1,"regionCode":813,"region":"Nord-Est","version":"2025-03-26"}},{"arcs":[[33,34,35,36,37,38,39,-14]],"type":"Polygon","properties":{"id":8,"countyId":8,"countyCode":83,"name":"Brașov","mnemonic":"BV","regionId":7,"regionCode":877,"region":"Centru","version":"2025-03-26"}},{"arcs":[[40,41,42,43,44,45]],"type":"Polygon","properties":{"id":9,"countyId":9,"countyCode":92,"name":"Brăila","mnemonic":"BR","regionId":2,"regionCode":822,"region":"Sud-Est","version":"2025-03-26"}},{"arcs":[[-38,46,47,-41,48,49]],"type":"Polygon","properties":{"id":10,"countyId":10,"countyCode":109,"name":"Buzău","mnemonic":"BZ","regionId":2,"regionCode":822,"region":"Sud-Est","version":"2025-03-26"}},{"arcs":[[50,51,52,53,54]],"type":"Polygon","properties":{"id":11,"countyId":11,"countyCode":118,"name":"Caraș-Severin","mnemonic":"CS","regionId":5,"regionCode":859,"region":"Vest","version":"2025-03-26"}},{"arcs":[[-26,55,56,-27,57,-3]],"type":"Polygon","properties":{"id":12,"countyId":12,"countyCode":127,"name":"Cluj","mnemonic":"CJ","regionId":6,"regionCode":868,"region":"Nord-Vest","version":"2025-03-26"}},{"arcs":[[58,59,-45,60,61]],"type":"Polygon","properties":{"id":13,"countyId":13,"countyCode":136,"name":"Constanța","mnemonic":"CT","regionId":2,"regionCode":822,"region":"Sud-Est","version":"2025-03-26"}},{"arcs":[[62,-18,63,-47,-37]],"type":"Polygon","properties":{"id":14,"countyId":14,"countyCode":145,"name":"Covasna","mnemonic":"CV","regionId":7,"regionCode":877,"region":"Centru","version":"2025-03-26"}},{"arcs":[[-15,-40,64,65,66,67]],"type":"Polygon","properties":{"id":15,"countyId":15,"countyCode":154,"name":"Dâmbovița","mnemonic":"DB","regionId":3,"regionCode":831,"region":"Sud","version":"2025-03-26"}},{"arcs":[[68,69,70,71,72]],"type":"Polygon","properties":{"id":16,"countyId":16,"countyCode":163,"name":"Dolj","mnemonic":"DJ","regionId":4,"regionCode":840,"region":"Sud-Vest","version":"2025-03-26"}},{"arcs":[[73,74,75,76,-43]],"type":"Polygon","properties":{"id":17,"countyId":17,"countyCode":172,"name":"Galați","mnemonic":"GL","regionId":2,"regionCode":822,"region":"Sud-Est","version":"2025-03-26"}},{"arcs":[[-53,77,78,-70,79]],"type":"Polygon","properties":{"id":18,"countyId":18,"countyCode":181,"name":"Gorj","mnemonic":"GJ","regionId":4,"regionCode":840,"region":"Sud-Vest","version":"2025-03-26"}},{"arcs":[[80,81,82,-19,-63,-36]],"type":"Polygon","properties":{"id":19,"countyId":19,"countyCode":190,"name":"Harghita","mnemonic":"HR","regionId":7,"regionCode":877,"region":"Centru","version":"2025-03-26"}},{"arcs":[[-52,83,-10,-7,84,-78]],"type":"Polygon","properties":{"id":20,"countyId":20,"countyCode":207,"name":"Hunedoara","mnemonic":"HD","regionId":5,"regionCode":859,"region":"Vest","version":"2025-03-26"}},{"arcs":[[85,86,-49,-46,-60,87]],"type":"Polygon","properties":{"id":21,"countyId":21,"countyCode":216,"name":"Ialomița","mnemonic":"IL","regionId":3,"regionCode":831,"region":"Sud","version":"2025-03-26"}},{"arcs":[[88,-32,89,90,91]],"type":"Polygon","properties":{"id":22,"countyId":22,"countyCode":225,"name":"Iași","mnemonic":"IS","regionId":1,"regionCode":813,"region":"Nord-Est","version":"2025-03-26"}},{"arcs":[[-66,92,-86,93,94],[95]],"type":"Polygon","properties":{"id":23,"countyId":23,"countyCode":234,"name":"Ilfov","mnemonic":"IF","regionId":8,"regionCode":886,"region":"București-Ilfov","version":"2025-03-26"}},{"arcs":[[96,97,98,-28,-57,99]],"type":"Polygon","properties":{"id":24,"countyId":24,"countyCode":243,"name":"Maramureș","mnemonic":"MM","regionId":6,"regionCode":868,"region":"Nord-Vest","version":"2025-03-26"}},{"arcs":[[-54,-80,-69,100]],"type":"Polygon","properties":{"id":25,"countyId":25,"countyCode":252,"name":"Mehedinți","mnemonic":"MH","regionId":4,"regionCode":840,"region":"Sud-Vest","version":"2025-03-26"}},{"arcs":[[-4,-58,-30,101,-81,-35,102]],"type":"Polygon","properties":{"id":26,"countyId":26,"countyCode":261,"name":"Mureș","mnemonic":"MS","regionId":7,"regionCode":877,"region":"Centru","version":"2025-03-26"}},{"arcs":[[103,-92,104,-20,-83]],"type":"Polygon","properties":{"id":27,"countyId":27,"countyCode":270,"name":"Neamț","mnemonic":"NT","regionId":1,"regionCode":813,"region":"Nord-Est","version":"2025-03-26"}},{"arcs":[[-72,105,-17,106,107]],"type":"Polygon","properties":{"id":28,"countyId":28,"countyCode":289,"name":"Olt","mnemonic":"OT","regionId":4,"regionCode":840,"region":"Sud-Vest","version":"2025-03-26"}},{"arcs":[[-39,-50,-87,-93,-65]],"type":"Polygon","properties":{"id":29,"countyId":29,"countyCode":298,"name":"Prahova","mnemonic":"PH","regionId":3,"regionCode":831,"region":"Sud","version":"2025-03-26"}},{"arcs":[[-24,108,-97,109]],"type":"Polygon","properties":{"id":30,"countyId":30,"countyCode":305,"name":"Satu Mare","mnemonic":"SM","regionId":6,"regionCode":868,"region":"Nord-Vest","version":"2025-03-26"}},{"arcs":[[-25,-110,-100,-56]],"type":"Polygon","properties":{"id":31,"countyId":31,"countyCode":314,"name":"Sălaj","mnemonic":"SJ","regionId":6,"regionCode":868,"region":"Nord-Vest","version":"2025-03-26"}},{"arcs":[[-5,-103,-34,-13,110]],"type":"Polygon","properties":{"id":32,"countyId":32,"countyCode":323,"name":"Sibiu","mnemonic":"SB","regionId":7,"regionCode":877,"region":"Centru","version":"2025-03-26"}},{"arcs":[[-82,-102,-29,-99,111,-33,-89,-104]],"type":"Polygon","properties":{"id":33,"countyId":33,"countyCode":332,"name":"Suceava","mnemonic":"SV","regionId":1,"regionCode":813,"region":"Nord-Est","version":"2025-03-26"}},{"arcs":[[-107,-16,-68,112,113]],"type":"Polygon","properties":{"id":34,"countyId":34,"countyCode":341,"name":"Teleorman","mnemonic":"TR","regionId":3,"regionCode":831,"region":"Sud","version":"2025-03-26"}},{"arcs":[[-11,-84,-51,114]],"type":"Polygon","properties":{"id":35,"countyId":35,"countyCode":350,"name":"Timiș","mnemonic":"TM","regionId":5,"regionCode":859,"region":"Vest","version":"2025-03-26"}},{"arcs":[[-44,-77,115,-61]],"type":"Polygon","properties":{"id":36,"countyId":36,"countyCode":369,"name":"Tulcea","mnemonic":"TL","regionId":2,"regionCode":822,"region":"Sud-Est","version":"2025-03-26"}},{"arcs":[[116,-21,-105,-91,117,-75]],"type":"Polygon","properties":{"id":37,"countyId":37,"countyCode":378,"name":"Vaslui","mnemonic":"VS","regionId":1,"regionCode":813,"region":"Nord-Est","version":"2025-03-26"}},{"arcs":[[-71,-79,-85,-6,-111,-12,-106]],"type":"Polygon","properties":{"id":38,"countyId":38,"countyCode":387,"name":"Vâlcea","mnemonic":"VL","regionId":4,"regionCode":840,"region":"Sud-Vest","version":"2025-03-26"}},{"arcs":[[-64,-22,-117,-74,-42,-48]],"type":"Polygon","properties":{"id":39,"countyId":39,"countyCode":396,"name":"Vrancea","mnemonic":"VN","regionId":2,"regionCode":822,"region":"Sud-Est","version":"2025-03-26"}},{"arcs":[[-96]],"type":"Polygon","properties":{"id":40,"countyId":40,"countyCode":403,"name":"București","mnemonic":"B","regionId":8,"regionCode":886,"region":"București-Ilfov","version":"2025-03-26"}},{"arcs":[[118,-94,-88,-59,119]],"type":"Polygon","properties":{"id":41,"countyId":51,"countyCode":519,"name":"Călărași","mnemonic":"CL","regionId":3,"regionCode":831,"region":"Sud","version":"2025-03-26"}},{"arcs":[[-113,-67,-95,-119,120]],"type":"Polygon","properties":{"id":42,"countyId":52,"countyCode":528,"name":"Giurgiu","mnemonic":"GR","regionId":3,"regionCode":831,"region":"Sud","version":"2025-03-26"}}]}}}