{
"type": "FeatureCollection",
"name": "ro_admin_country_simplified_polygon",
"crs": { "type": "name", "properties": { "name": "urn:ogc:def:crs:OGC:1.3:CRS84" } },
"features": [
{ "type": "Feature", "properties": { "id": 1, "version": "2025-03-26", "country": "RO", "name": "România" }, "geometry": { "type": "Polygon", "coordinates": [ [ [ 27.25831415917639, 44.124720030493165 ], [ 27.252729511282794, 44.120176431937892 ], [ 27.241872107647357, 44.117954938335096 ], [ 27.233492101807983, 44.11646451462417 ], [ 27.217274930361771, 44.116678189912555 ], [ 27.200912294523921, 44.119100279882538 ], [ 27.185191508921886, 44.120496294231742 ], [ 27.175905426526992, 44.126617812235928 ], [ 27.164942532140788, 44.131742129010746 ], [ 27.145706700971548, 44.138474042201594 ], [ 27.135141654833784, 44.140459881919988 ], [ 27.123523187196856, 44.140258885761519 ], [ 27.102224730128853, 44.136774682816203 ], [ 27.09002228702871, 44.133099057999949 ], [ 27.080372973191515, 44.132981770022006 ], [ 27.061022512752309, 44.135637239502223 ], [ 27.04195096477342, 44.14461587318258 ], [ 27.029771899596618, 44.143433138774128 ], [ 27.018648821314816, 44.141072656721668 ], [ 26.994512350984348, 44.133912213778778 ], [ 26.986803943114715, 44.133639179073086 ], [ 26.968996010399508, 44.135762790287508 ], [ 26.961908754707725, 44.136188330317495 ], [ 26.940814419059226, 44.133359704805315 ], [ 26.928509855603934, 44.13244519345303 ], [ 26.91231872305584, 44.133712034924528 ], [ 26.89846195656401, 44.131256537129872 ], [ 26.875019878268766, 44.120985959716485 ], [ 26.85283026631399, 44.115690175126332 ], [ 26.840864148761, 44.111456153794563 ], [ 26.826336502395918, 44.103420329392378 ], [ 26.783511690744401, 44.085223594071159 ], [ 26.777923224664637, 44.082457334874839 ], [ 26.762806335340613, 44.077866305402701 ], [ 26.723739430172184, 44.072667556611492 ], [ 26.723670982516385, 44.074526404350131 ], [ 26.708095807008469, 44.076228522120857 ], [ 26.690293414603733, 44.074426808371207 ], [ 26.677954220365368, 44.070919971310985 ], [ 26.662805450973952, 44.06485203271064 ], [ 26.663804233674494, 44.06284408617153 ], [ 26.643042417954071, 44.060000399831608 ], [ 26.63741840550966, 44.06001577642084 ], [ 26.61446661397078, 44.056058571774855 ], [ 26.592819733707081, 44.050035471052666 ], [ 26.570462418637419, 44.054018795181662 ], [ 26.537734253807091, 44.0543717398346 ], [ 26.518489403940972, 44.051810735906621 ], [ 26.502088921738199, 44.046730387378467 ], [ 26.486505566018746, 44.044169424060463 ], [ 26.457709469973704, 44.038472783782787 ], [ 26.45859275441013, 44.03611225767002 ], [ 26.445196583999927, 44.033739996009047 ], [ 26.434627394436113, 44.033097863227489 ], [ 26.425762049915789, 44.035533572486543 ], [ 26.406366534156724, 44.037414819393973 ], [ 26.399599294449509, 44.040218876579388 ], [ 26.379965211992076, 44.042949214312621 ], [ 26.371249817943831, 44.04208687075419 ], [ 26.352188444451077, 44.03739007198628 ], [ 26.342005236915561, 44.033772011716728 ], [ 26.312845728712244, 44.02764190331483 ], [ 26.304829023960792, 44.026587240128542 ], [ 26.279712306405727, 44.011496992024362 ], [ 26.252598273745669, 44.001695446404689 ], [ 26.240399718205779, 43.99921725543571 ], [ 26.22721378490689, 43.993838414744566 ], [ 26.194540143193375, 43.984056837841202 ], [ 26.180150483305724, 43.983241389884 ], [ 26.179719197571785, 43.985051481257777 ], [ 26.158014107046792, 43.985378454161342 ], [ 26.147030505290012, 43.984198610239154 ], [ 26.125114811504989, 43.978120686031936 ], [ 26.111673114877714, 43.972205161400346 ], [ 26.101934214893749, 43.963450909108452 ], [ 26.092852425914657, 43.952687890893806 ], [ 26.095099102675963, 43.951292165076374 ], [ 26.085487148925235, 43.944345874068532 ], [ 26.071440273300247, 43.931952860918543 ], [ 26.067028449142164, 43.925704788527739 ], [ 26.059555191960452, 43.919776604270055 ], [ 26.053483882792378, 43.909830720007939 ], [ 26.042856312850816, 43.900985624887902 ], [ 26.032812040555459, 43.896597930941283 ], [ 26.012927139994929, 43.889659594837745 ], [ 26.001297214832139, 43.883635034346369 ], [ 25.999721006943396, 43.885252021874081 ], [ 25.983826009861755, 43.876009624535961 ], [ 25.976618236535991, 43.869968215246153 ], [ 25.959954261343661, 43.863596898082683 ], [ 25.95240773813515, 43.859344271591794 ], [ 25.939916964824782, 43.851827882308037 ], [ 25.928800492984458, 43.840857783709446 ], [ 25.918618137129354, 43.828445258927928 ], [ 25.914527357676469, 43.81820490442508 ], [ 25.910478806196316, 43.811624250903691 ], [ 25.902861527802649, 43.808597718751344 ], [ 25.887209722034061, 43.795082016625891 ], [ 25.88128954295339, 43.786189438449178 ], [ 25.884355345767137, 43.783464198691654 ], [ 25.854987448508425, 43.760761129248131 ], [ 25.845891452936211, 43.756420057467878 ], [ 25.835484756184535, 43.753107126897227 ], [ 25.823772438209989, 43.749845049821246 ], [ 25.821572961346252, 43.751658907066513 ], [ 25.805993140561768, 43.741545919758273 ], [ 25.801349528400834, 43.736638268734978 ], [ 25.792520146869911, 43.720419610310763 ], [ 25.779995808574657, 43.710293047909921 ], [ 25.758456159796513, 43.701897003822559 ], [ 25.74177207370025, 43.694911992145883 ], [ 25.734179176768457, 43.692631160992583 ], [ 25.719053322949808, 43.690031829608152 ], [ 25.71860305416315, 43.691612184685653 ], [ 25.700919423486344, 43.692054297311401 ], [ 25.671883902824408, 43.691335999261241 ], [ 25.665202079839833, 43.689820844990514 ], [ 25.648851850988123, 43.682479553294279 ], [ 25.641260377103819, 43.676552741619098 ], [ 25.624256988359697, 43.672461837533142 ], [ 25.610022996520939, 43.667218335953926 ], [ 25.589244081063523, 43.657245738155595 ], [ 25.571013904921973, 43.647088417796972 ], [ 25.560618974664578, 43.644262179764567 ], [ 25.544661124481642, 43.642977449878458 ], [ 25.526395405784719, 43.644969411207242 ], [ 25.509374071892115, 43.644906798217534 ], [ 25.508325436114507, 43.646848064671111 ], [ 25.476675491000179, 43.640452007016677 ], [ 25.460187565064079, 43.633065773762958 ], [ 25.450543118268786, 43.630389557487781 ], [ 25.450998094219944, 43.628395688045735 ], [ 25.435702864772942, 43.626515223932287 ], [ 25.406460672709468, 43.620667235432265 ], [ 25.390154225459408, 43.619019220419062 ], [ 25.383305018676129, 43.61949904982572 ], [ 25.373196469773589, 43.622274205721553 ], [ 25.368221763183513, 43.62170791485299 ], [ 25.351224234882739, 43.62656285826943 ], [ 25.339515601266211, 43.631715610284004 ], [ 25.322473559980338, 43.643832091959645 ], [ 25.307409932604152, 43.649898299135188 ], [ 25.28770589561114, 43.655893245205199 ], [ 25.285197108144928, 43.658914047071015 ], [ 25.272131610137318, 43.669266851008238 ], [ 25.267818866709476, 43.674211538817566 ], [ 25.252275324516173, 43.68267254175958 ], [ 25.246218168664726, 43.684300723485393 ], [ 25.222453879548024, 43.687993431191302 ], [ 25.196509162806546, 43.69323149960475 ], [ 25.189401386289585, 43.695340569609051 ], [ 25.173129949970473, 43.699401135191891 ], [ 25.143763860939902, 43.69267901980497 ], [ 25.137276057070149, 43.692717431547244 ], [ 25.132683649561493, 43.69015280494655 ], [ 25.11126057050625, 43.684568261121207 ], [ 25.096102500374549, 43.685059958026535 ], [ 25.0847262244442, 43.687614325824249 ], [ 25.06731645687486, 43.689730467111687 ], [ 25.053540164617438, 43.692213521673438 ], [ 25.047235895400696, 43.694589393897331 ], [ 25.026419503167546, 43.709241505259072 ], [ 25.015528212116568, 43.713786250278972 ], [ 25.010354923292994, 43.722258367910207 ], [ 25.005510445012863, 43.725107798770132 ], [ 24.998509548944831, 43.727290020836115 ], [ 24.972206622514861, 43.728022420499521 ], [ 24.959362869446633, 43.729808942123512 ], [ 24.950769613572191, 43.729449894678964 ], [ 24.944758840675746, 43.728650799040146 ], [ 24.933083450635344, 43.723297634455022 ], [ 24.932945401427133, 43.715949290384408 ], [ 24.923553644681444, 43.716064302056488 ], [ 24.899490877384142, 43.711385570306852 ], [ 24.879063277190504, 43.706817696696376 ], [ 24.863801941334554, 43.705896479225949 ], [ 24.855828661182901, 43.706770556410476 ], [ 24.836267453416717, 43.712574577778369 ], [ 24.823956086244298, 43.713269782170229 ], [ 24.809470057057492, 43.711212691504564 ], [ 24.799172398935834, 43.707864717946741 ], [ 24.772563735339606, 43.694560840477209 ], [ 24.752518674748064, 43.687083318311963 ], [ 24.734362757822332, 43.685085761824546 ], [ 24.720496800770441, 43.688049204202358 ], [ 24.704815361688308, 43.693776151459083 ], [ 24.683459929656966, 43.704954997020565 ], [ 24.657079680613027, 43.723635506781378 ], [ 24.640667944854183, 43.734109837854334 ], [ 24.62308992009936, 43.742383163712113 ], [ 24.610758344678878, 43.746098023076883 ], [ 24.589232370849231, 43.751196719201957 ], [ 24.570236478745301, 43.754843880763936 ], [ 24.559224396361405, 43.754840134697872 ], [ 24.524189490183986, 43.759973518902022 ], [ 24.512658533924323, 43.762504272865201 ], [ 24.512919872223648, 43.764848169695412 ], [ 24.498032508643757, 43.761426724325709 ], [ 24.467253182135945, 43.749088921771367 ], [ 24.446069216360698, 43.741927984813792 ], [ 24.444432592665894, 43.744547097570923 ], [ 24.415918362626631, 43.738859218563611 ], [ 24.40597034624837, 43.735675701068438 ], [ 24.395560900740595, 43.727465115164698 ], [ 24.394490206038608, 43.725172005589471 ], [ 24.382858539353776, 43.719616568015162 ], [ 24.379264817338459, 43.715802829371903 ], [ 24.38157129445765, 43.712731671115336 ], [ 24.369811646325587, 43.707770096524271 ], [ 24.354620418060328, 43.699604281997246 ], [ 24.348609991797961, 43.697354414910386 ], [ 24.341330470711881, 43.697213363832255 ], [ 24.317756402845575, 43.700613072930324 ], [ 24.291665784583756, 43.697924319485864 ], [ 24.259968367841171, 43.692731986153113 ], [ 24.255447185523796, 43.691387948563587 ], [ 24.23866780966457, 43.690175286795103 ], [ 24.218944949033332, 43.685538897836096 ], [ 24.207097517042257, 43.685317280273189 ], [ 24.19576861937502, 43.683895870810936 ], [ 24.186497302805968, 43.682355038500866 ], [ 24.173357741032884, 43.682612343580338 ], [ 24.158670992471777, 43.685571464753295 ], [ 24.145623939043972, 43.690689134536939 ], [ 24.123596253520308, 43.697307155246406 ], [ 24.112731424042487, 43.699561540722357 ], [ 24.086434041279144, 43.702186698887857 ], [ 24.072104721835942, 43.710930194702534 ], [ 24.069584665217533, 43.715011803398959 ], [ 24.055455865146381, 43.720593797330011 ], [ 24.029781394260141, 43.727184764747136 ], [ 24.019666769425442, 43.729138168656192 ], [ 23.988646420928582, 43.739589482107519 ], [ 23.975799176872819, 43.742398370690957 ], [ 23.959073241107593, 43.745076322270997 ], [ 23.926439571898545, 43.745036314755048 ], [ 23.91032527317374, 43.748170236129695 ], [ 23.873496900201754, 43.752980735582703 ], [ 23.856278757441139, 43.757168649507626 ], [ 23.848526458258792, 43.76064178385559 ], [ 23.831105722125166, 43.76584054049772 ], [ 23.832168952070504, 43.767486405183575 ], [ 23.819084002389928, 43.771379942284227 ], [ 23.810680230860463, 43.775437169403375 ], [ 23.803074325401433, 43.775695315203443 ], [ 23.781718169657662, 43.779699035442306 ], [ 23.765151585607267, 43.785856173702506 ], [ 23.749850495727419, 43.801218197860258 ], [ 23.728911488044055, 43.801598522714528 ], [ 23.714289925809474, 43.803544450402121 ], [ 23.70078073448656, 43.804105521874881 ], [ 23.694989745349574, 43.802624351873789 ], [ 23.685993575529213, 43.802937870039933 ], [ 23.663999394876853, 43.79928043027644 ], [ 23.642184198320845, 43.794014076234447 ], [ 23.618749241057024, 43.791329395452458 ], [ 23.601513822805263, 43.79481753231417 ], [ 23.593667400149585, 43.797250415875837 ], [ 23.581024105061836, 43.797086840913664 ], [ 23.56792456561584, 43.80077505742787 ], [ 23.562392176504353, 43.804773671279236 ], [ 23.543590968798945, 43.811949471026956 ], [ 23.523835138016533, 43.823118997255307 ], [ 23.525591398791924, 43.824607042365535 ], [ 23.515224944413539, 43.831069187922331 ], [ 23.507458375451229, 43.833831059241326 ], [ 23.497975331716493, 43.834412105578906 ], [ 23.480640787682468, 43.837836461027067 ], [ 23.464328851488133, 43.840089475489741 ], [ 23.447546462010216, 43.84646615943781 ], [ 23.433255662997826, 43.85056240332063 ], [ 23.415230465923575, 43.852791435634089 ], [ 23.390590628395778, 43.850485863846608 ], [ 23.37348922392561, 43.847528650394395 ], [ 23.352208302033581, 43.849067190280905 ], [ 23.336217405733933, 43.850027608208244 ], [ 23.320995693650609, 43.849884832049597 ], [ 23.299914707543628, 43.848069559455553 ], [ 23.267784882903989, 43.846807203343978 ], [ 23.258858299714678, 43.844458942330824 ], [ 23.246523077990197, 43.839202809863821 ], [ 23.23896115929152, 43.837120705875058 ], [ 23.228963700326325, 43.837383993532669 ], [ 23.212923881981684, 43.832994059687344 ], [ 23.203160147952723, 43.829168400823526 ], [ 23.190100456764867, 43.825422688602622 ], [ 23.175266622439057, 43.821105585281252 ], [ 23.138116786598154, 43.807813052111108 ], [ 23.127119161379419, 43.804636475297528 ], [ 23.080257640069505, 43.799154166348842 ], [ 23.075220702849048, 43.797384471881266 ], [ 23.056814414876783, 43.795797334104243 ], [ 23.043040652814454, 43.796282628536133 ], [ 23.028985618119215, 43.803633497162913 ], [ 23.007541564325393, 43.805537286849201 ], [ 22.985561421970989, 43.809517004164917 ], [ 22.984437191249015, 43.807298037475164 ], [ 22.975198591987958, 43.808520125905659 ], [ 22.958418994557555, 43.813154856097917 ], [ 22.952794773893206, 43.813195840586928 ], [ 22.948447461497352, 43.818803980432797 ], [ 22.933953894087306, 43.823549815071132 ], [ 22.913001192621969, 43.825019203419998 ], [ 22.894881200200349, 43.828743294677331 ], [ 22.873484414864805, 43.83503919282763 ], [ 22.866515895236905, 43.838306305745341 ], [ 22.85296838884123, 43.850462946819675 ], [ 22.842693338659146, 43.863795823636814 ], [ 22.841918019561113, 43.872754823081259 ], [ 22.83872436730795, 43.877847151011842 ], [ 22.838284960694651, 43.886686817430501 ], [ 22.847666935655408, 43.904206726816788 ], [ 22.862060711094994, 43.923894869358719 ], [ 22.863541356474386, 43.932868359692321 ], [ 22.860247448006859, 43.933769458563951 ], [ 22.868259590101037, 43.947621068345804 ], [ 22.873254874809838, 43.966053743600639 ], [ 22.878730337562164, 43.98156314405103 ], [ 22.891740574196835, 43.991792502892856 ], [ 22.909665514065932, 43.994436103178337 ], [ 22.928897297588311, 44.00124199569872 ], [ 22.969755033810507, 44.008513806945963 ], [ 22.970739986381908, 44.005711930162867 ], [ 22.978606977097485, 44.006369856067217 ], [ 23.004049544849792, 44.011107892150768 ], [ 23.010055686915884, 44.013425968720284 ], [ 23.01654079528544, 44.018623619440575 ], [ 23.013898260389691, 44.020564976559612 ], [ 23.022997737644655, 44.027831953569304 ], [ 23.03054097030158, 44.035459478715765 ], [ 23.037817726484956, 44.044672471268541 ], [ 23.045658478353189, 44.05789443054708 ], [ 23.045899354420548, 44.063455242878206 ], [ 23.044518382060343, 44.067989590220137 ], [ 23.03729161127875, 44.079590925025187 ], [ 23.02435126382117, 44.089356899535339 ], [ 23.013211201927788, 44.093679951191881 ], [ 22.991557514709299, 44.097780340835023 ], [ 22.963861387069684, 44.098528798940556 ], [ 22.935977950966844, 44.099758131508601 ], [ 22.925480257300968, 44.102135464292807 ], [ 22.898961301884089, 44.114697829481671 ], [ 22.880213796696122, 44.127618915139955 ], [ 22.871015234081625, 44.133126801989306 ], [ 22.848144660836596, 44.142524212205323 ], [ 22.840625649271722, 44.146474562805032 ], [ 22.813214659941639, 44.153820293476613 ], [ 22.796185899412837, 44.163051759683263 ], [ 22.782175610036383, 44.171881562114734 ], [ 22.749421454121567, 44.197850607015724 ], [ 22.736290797078404, 44.200980497141366 ], [ 22.718050651165971, 44.20300878502173 ], [ 22.708113804595328, 44.203121200598495 ], [ 22.694487501109567, 44.204478397189568 ], [ 22.685972393121283, 44.207988420943749 ], [ 22.673406364709582, 44.216821416283388 ], [ 22.671763377614425, 44.222349432200545 ], [ 22.673739343070213, 44.233012453406666 ], [ 22.684438638760234, 44.250992129846082 ], [ 22.685220256897964, 44.265166418752273 ], [ 22.67880323679741, 44.278132628462316 ], [ 22.671876444525086, 44.283594288508844 ], [ 22.644954148928889, 44.292531034928814 ], [ 22.636929528716969, 44.293798967489032 ], [ 22.617288757591893, 44.293298540278386 ], [ 22.605205414697501, 44.295519420357252 ], [ 22.594002797121405, 44.298995872640631 ], [ 22.578176021907208, 44.303571399232972 ], [ 22.563641807735785, 44.305518308428148 ], [ 22.555571086983846, 44.311580813441402 ], [ 22.547800052209485, 44.322648180098 ], [ 22.529744332994831, 44.33440699699625 ], [ 22.52390732380595, 44.339299758052064 ], [ 22.516640144476575, 44.358358496032025 ], [ 22.508459357187363, 44.374118925831986 ], [ 22.503764255575724, 44.380458311447512 ], [ 22.500839567338666, 44.391000081671791 ], [ 22.498904648893323, 44.412526443899345 ], [ 22.501695343948384, 44.417258038129631 ], [ 22.481117952546832, 44.432706289498419 ], [ 22.47184606871145, 44.436779047397501 ], [ 22.464293257076712, 44.44486499851984 ], [ 22.461678273147335, 44.452754991175652 ], [ 22.457691661821805, 44.459069678414338 ], [ 22.455997949147051, 44.470032777584869 ], [ 22.460988230595593, 44.477473423831576 ], [ 22.465654615452884, 44.479725594098085 ], [ 22.473926056714799, 44.480625426262954 ], [ 22.49649995548268, 44.477571418064898 ], [ 22.516823839160118, 44.471665699536231 ], [ 22.524179095759585, 44.472580013926226 ], [ 22.548216489229496, 44.48167549168236 ], [ 22.555183341657074, 44.489780103351855 ], [ 22.56037554958785, 44.505163774795371 ], [ 22.56044850630429, 44.520491848447421 ], [ 22.562902939440125, 44.533141400025841 ], [ 22.572509893318284, 44.543493121045266 ], [ 22.582174711567518, 44.549314173921921 ], [ 22.600507533409129, 44.552145349978311 ], [ 22.61469508247006, 44.552396550431943 ], [ 22.626509535545026, 44.549986314527466 ], [ 22.634732169285861, 44.546139352170265 ], [ 22.642753565821355, 44.544509408165816 ], [ 22.650268518322253, 44.538955684820692 ], [ 22.654712934271792, 44.535946120917565 ], [ 22.684306850168532, 44.519791330549857 ], [ 22.691892739887788, 44.51720269615992 ], [ 22.699144510219703, 44.516742496531279 ], [ 22.711426952747313, 44.51948049605442 ], [ 22.73059404921381, 44.527138822546199 ], [ 22.758965012210211, 44.536712943350864 ], [ 22.763116750443604, 44.540008928854306 ], [ 22.763811397417907, 44.547403676460192 ], [ 22.761311690892146, 44.555175982924759 ], [ 22.756359427722682, 44.562162751183514 ], [ 22.734097792814758, 44.582184694854668 ], [ 22.7092096247667, 44.601984872890121 ], [ 22.692249941614566, 44.60503529875578 ], [ 22.682832394679384, 44.608727469015108 ], [ 22.67708965655946, 44.617495874665671 ], [ 22.668142322920065, 44.619232031945771 ], [ 22.639783894657697, 44.614768005163917 ], [ 22.626687260727497, 44.614094403910549 ], [ 22.618215768775606, 44.615502951181647 ], [ 22.601246450416799, 44.622290826903004 ], [ 22.580536028369686, 44.632209710378255 ], [ 22.56882022305021, 44.637079923098824 ], [ 22.559326431286685, 44.648667514028858 ], [ 22.544306892148985, 44.661079428877827 ], [ 22.538002879740827, 44.663669662850062 ], [ 22.534862036433658, 44.667787031310844 ], [ 22.524091580170534, 44.676220190635377 ], [ 22.514597993596809, 44.681898846767631 ], [ 22.509058872247653, 44.689752564464087 ], [ 22.495404751308897, 44.697849336869481 ], [ 22.479249905869278, 44.709624572707725 ], [ 22.469054725846547, 44.713519420725063 ], [ 22.466477057240755, 44.71414125882341 ], [ 22.463899335136389, 44.714763038392853 ], [ 22.432294498232491, 44.710070211385528 ], [ 22.42092896131313, 44.706202858652226 ], [ 22.409838183963256, 44.696278817811091 ], [ 22.398425304571504, 44.684614260215902 ], [ 22.389675025870623, 44.679307752316269 ], [ 22.383730158172842, 44.676264199098156 ], [ 22.36792388246251, 44.67226010612999 ], [ 22.357259710472896, 44.672665037938565 ], [ 22.339237932370629, 44.676513224756739 ], [ 22.331649747886257, 44.67526193654578 ], [ 22.31877230336406, 44.665156535774642 ], [ 22.30845911233255, 44.658711706361018 ], [ 22.3034412703811, 44.653199231084002 ], [ 22.302466434835896, 44.644455340166274 ], [ 22.29913941237178, 44.638124097647605 ], [ 22.274392619485052, 44.625427903135623 ], [ 22.27055950686821, 44.608350455005748 ], [ 22.264507336412251, 44.596209131046194 ], [ 22.255750046715516, 44.587345450382031 ], [ 22.241198959216593, 44.570798360389439 ], [ 22.230235816506362, 44.561378608559529 ], [ 22.214167143715628, 44.536412235587896 ], [ 22.208499129556522, 44.525257051051128 ], [ 22.202494888253266, 44.516766979876927 ], [ 22.195147894245995, 44.509819053224213 ], [ 22.189939998650154, 44.498192612382979 ], [ 22.191254077361705, 44.492815068373751 ], [ 22.18726540865223, 44.484948911334151 ], [ 22.18310573171896, 44.481004419328514 ], [ 22.173076929150138, 44.475919371932356 ], [ 22.145460262067189, 44.47270659693158 ], [ 22.137115562197479, 44.472958310976267 ], [ 22.128114061127945, 44.475245385365305 ], [ 22.123459515065292, 44.478228942089949 ], [ 22.089698174399228, 44.495771690623521 ], [ 22.076250204166293, 44.505273372899268 ], [ 22.073459113177861, 44.512815961064554 ], [ 22.073836981372121, 44.519977317278482 ], [ 22.068111974674395, 44.528701704750894 ], [ 22.056528734996508, 44.53594859096124 ], [ 22.04160664082227, 44.543172957792237 ], [ 22.035269822886082, 44.549230977085251 ], [ 22.028069611484007, 44.563013501336989 ], [ 22.025520185935765, 44.572879085823445 ], [ 22.026724703364494, 44.589068285277008 ], [ 22.024811056955965, 44.593785564840907 ], [ 22.016148587338158, 44.599203660634629 ], [ 22.005428572383082, 44.60700830612052 ], [ 21.998669067228846, 44.628472371075084 ], [ 21.989609244357837, 44.633702964787275 ], [ 21.971353499949043, 44.633084094041834 ], [ 21.950765909203291, 44.635115761910711 ], [ 21.940658248553696, 44.638274399337426 ], [ 21.920262312218441, 44.646780683950347 ], [ 21.914433658885063, 44.64762929264279 ], [ 21.898026410622538, 44.644871889020301 ], [ 21.888463811303641, 44.6454852236904 ], [ 21.867915911109925, 44.650246733645716 ], [ 21.859056442271786, 44.650864780455635 ], [ 21.842201583251747, 44.654337465136166 ], [ 21.829675153829985, 44.651318807307383 ], [ 21.816296830459986, 44.650412028254621 ], [ 21.809796744045041, 44.651915164851026 ], [ 21.796549927292581, 44.663014866783769 ], [ 21.791363616939787, 44.664045119537242 ], [ 21.771052527307198, 44.661128388055133 ], [ 21.743953280570498, 44.655353111928179 ], [ 21.728784941752252, 44.653499072758521 ], [ 21.718809067153874, 44.65391005667815 ], [ 21.71233689929208, 44.655880581910104 ], [ 21.696512348960646, 44.663708042325354 ], [ 21.689045654384785, 44.665265921231992 ], [ 21.675717756657175, 44.664959543812536 ], [ 21.652544893373157, 44.660362767519651 ], [ 21.641152075411036, 44.6593046607194 ], [ 21.632663185216447, 44.661287391625955 ], [ 21.620088561369485, 44.668928489122813 ], [ 21.611609695817044, 44.686276275090812 ], [ 21.610885578022447, 44.699684475389994 ], [ 21.615332449673044, 44.713355140780628 ], [ 21.609145251677596, 44.731588195937988 ], [ 21.605159164134079, 44.738085402369677 ], [ 21.591514502521299, 44.755555628695191 ], [ 21.587756648593356, 44.75839601238787 ], [ 21.564289695569645, 44.766987483763948 ], [ 21.540146017131406, 44.772141999310506 ], [ 21.531027403847734, 44.772955649654143 ], [ 21.504250158300302, 44.77114930972305 ], [ 21.459840676595849, 44.776934338852868 ], [ 21.446249606909952, 44.775212959975711 ], [ 21.435314620749828, 44.775400289487251 ], [ 21.424771084084075, 44.773365309202362 ], [ 21.414803868462251, 44.774090133785478 ], [ 21.399154428343099, 44.777966635134668 ], [ 21.392222268480616, 44.782911404428809 ], [ 21.389486437042788, 44.788635681264587 ], [ 21.38515547079702, 44.80507961606844 ], [ 21.37647126418161, 44.815272990147655 ], [ 21.365465151544129, 44.819967392576523 ], [ 21.358262583100323, 44.82170135184127 ], [ 21.356403720882657, 44.827138284842917 ], [ 21.364223482965709, 44.82921848881346 ], [ 21.354050604350114, 44.838277641498834 ], [ 21.358294935952063, 44.843824549233567 ], [ 21.357720755089126, 44.849883094771123 ], [ 21.366923970432616, 44.864565958416655 ], [ 21.371015890869586, 44.86665624001234 ], [ 21.383340994218628, 44.865329762148775 ], [ 21.387744072168047, 44.869750677242287 ], [ 21.396559832058863, 44.866636285844507 ], [ 21.406708016077978, 44.866652069628032 ], [ 21.41583278363531, 44.872647777023033 ], [ 21.426844613336606, 44.871258135370311 ], [ 21.431468606389281, 44.868293672717719 ], [ 21.43561594327786, 44.870995895277979 ], [ 21.441135933567665, 44.869616984639848 ], [ 21.44518160748575, 44.873471359539806 ], [ 21.454452870147108, 44.873516740593764 ], [ 21.464033543564831, 44.867418715012462 ], [ 21.467570383461492, 44.870192023557657 ], [ 21.479551397506061, 44.870910628414002 ], [ 21.484914558987182, 44.868394667667694 ], [ 21.488503148860968, 44.871610126625093 ], [ 21.493411801846438, 44.871296889596131 ], [ 21.506804577880033, 44.876230208283182 ], [ 21.510765597695929, 44.880041990201541 ], [ 21.532654850072753, 44.882491996507333 ], [ 21.560126543589845, 44.889004238567892 ], [ 21.557405875405131, 44.904761946180955 ], [ 21.558178962721364, 44.906624316384253 ], [ 21.55079874540991, 44.915775840665404 ], [ 21.552698570049969, 44.923884235884032 ], [ 21.546681272174322, 44.930524764391009 ], [ 21.525509149991731, 44.939524445928598 ], [ 21.519744153784476, 44.937983390208409 ], [ 21.506584736729788, 44.944297005965367 ], [ 21.489666587694721, 44.949477451989658 ], [ 21.469255232706825, 44.958458889004014 ], [ 21.445506370518277, 44.962199908318006 ], [ 21.438174637727641, 44.96055884962859 ], [ 21.406757245926855, 44.978513876072149 ], [ 21.414746919373723, 44.986786850730773 ], [ 21.405061886587177, 44.989803650965548 ], [ 21.406613780598533, 44.992444650052704 ], [ 21.388438923239054, 44.998057367320705 ], [ 21.382973237729438, 45.001832957684869 ], [ 21.360240829518933, 45.020377386780872 ], [ 21.374019695631869, 45.028051337947822 ], [ 21.390941412512468, 45.026956929652371 ], [ 21.40005552068861, 45.030201545007486 ], [ 21.405002188008417, 45.034723528601873 ], [ 21.412271523354772, 45.036334631706715 ], [ 21.426311701899486, 45.035389060080263 ], [ 21.456120042412142, 45.040431702313384 ], [ 21.450190434502797, 45.052099370650225 ], [ 21.447164261069844, 45.054787843865512 ], [ 21.450678254012665, 45.061104687827367 ], [ 21.455181691655685, 45.063119814921137 ], [ 21.460163392112733, 45.072401675340537 ], [ 21.47332007443762, 45.083119176800956 ], [ 21.47474834877525, 45.086199208223626 ], [ 21.483284383502451, 45.09130226062296 ], [ 21.481049103918121, 45.095427842344925 ], [ 21.475355640251248, 45.098771090658609 ], [ 21.469753358699339, 45.104678018825282 ], [ 21.474639875592583, 45.111719671396131 ], [ 21.478416392101849, 45.121248339887238 ], [ 21.48756349552626, 45.1254429789727 ], [ 21.495720613065945, 45.124551488160712 ], [ 21.503177664633302, 45.128131748047906 ], [ 21.527477406935652, 45.137924927235638 ], [ 21.528904689868337, 45.147368082815149 ], [ 21.527317223663612, 45.150996229244605 ], [ 21.523559024497629, 45.159355984970283 ], [ 21.516428928937913, 45.168859297705623 ], [ 21.493022904049695, 45.173576369268197 ], [ 21.483394103780473, 45.1913559975022 ], [ 21.479213683154832, 45.193077531055366 ], [ 21.457779862394428, 45.198658090448802 ], [ 21.438798168844077, 45.202803494925817 ], [ 21.430530942510586, 45.213263715960814 ], [ 21.411548380366696, 45.221542787478413 ], [ 21.410896741916471, 45.224819309144841 ], [ 21.403077765462474, 45.229186040222473 ], [ 21.395359552677167, 45.218786115928054 ], [ 21.369732588372859, 45.22605465469826 ], [ 21.360122303005937, 45.222073596392512 ], [ 21.343839992836475, 45.231814841590278 ], [ 21.33943802592584, 45.235837917281195 ], [ 21.332611257285631, 45.234542611996318 ], [ 21.320153003631443, 45.237336063937597 ], [ 21.30527418801082, 45.239168128356106 ], [ 21.292329394477701, 45.242270129812624 ], [ 21.275202641210331, 45.229444853321176 ], [ 21.257072511592284, 45.239414628354744 ], [ 21.255672216427151, 45.241365566535251 ], [ 21.223411193648296, 45.25298236471275 ], [ 21.218579627940212, 45.250548548581726 ], [ 21.20249709749941, 45.265193230444972 ], [ 21.208551679949704, 45.275083473149493 ], [ 21.196631991774364, 45.282057843970875 ], [ 21.191096923154017, 45.287207330401749 ], [ 21.1894438496719, 45.293855323610387 ], [ 21.179667944824303, 45.31243170264122 ], [ 21.183356340898584, 45.316303615954318 ], [ 21.183315896129397, 45.320944129705509 ], [ 21.175302576094285, 45.325251211894042 ], [ 21.165952884524319, 45.319677366633137 ], [ 21.161619837304563, 45.325135788384387 ], [ 21.149568124319948, 45.315907701597958 ], [ 21.154189651498324, 45.312379400694418 ], [ 21.144507634829711, 45.304794202949047 ], [ 21.127973734007291, 45.304650678734447 ], [ 21.119642599726077, 45.302090738657689 ], [ 21.109709520903536, 45.300716420213483 ], [ 21.09659437491263, 45.295861036766688 ], [ 21.080993094746088, 45.317795118441673 ], [ 21.071105819916287, 45.315160093492445 ], [ 21.061200469613222, 45.315880891454505 ], [ 21.063447072293069, 45.331937169687933 ], [ 21.029684745003106, 45.326047581531107 ], [ 21.020647717225351, 45.325040283182254 ], [ 21.016540747241702, 45.324611955003554 ], [ 21.009892545865281, 45.341272786529814 ], [ 20.999574950258232, 45.341631079757455 ], [ 20.987381269596661, 45.350263319504741 ], [ 20.981662737415583, 45.357265878956781 ], [ 20.969263867226825, 45.363938392274292 ], [ 20.960319555982259, 45.366766799805063 ], [ 20.95084474767939, 45.374813431419263 ], [ 20.948335014764371, 45.385579965929288 ], [ 20.93122992493295, 45.386768032952794 ], [ 20.930059991226155, 45.392311500984455 ], [ 20.935517477561838, 45.392721545822944 ], [ 20.931399494385801, 45.402026557489265 ], [ 20.923968065434714, 45.407239653854425 ], [ 20.920267328058067, 45.417215422359014 ], [ 20.900497385951741, 45.416869466374663 ], [ 20.875136185001253, 45.425909890624801 ], [ 20.864700991503579, 45.431765603922706 ], [ 20.865773495720948, 45.435243256910844 ], [ 20.87537001013014, 45.439079122156478 ], [ 20.87417817316809, 45.4463445629601 ], [ 20.881067783109668, 45.446165102345347 ], [ 20.877557367943229, 45.450168921524458 ], [ 20.878827157846111, 45.453936383185116 ], [ 20.87044253397637, 45.4558310369708 ], [ 20.871197951198631, 45.459907220091182 ], [ 20.86612655549402, 45.465241901513934 ], [ 20.859791417223914, 45.466372090742361 ], [ 20.832975259103826, 45.479955970132444 ], [ 20.77107991053953, 45.479910446220529 ], [ 20.771103552967976, 45.488074193160386 ], [ 20.777006960873084, 45.490471426446128 ], [ 20.768755982886624, 45.500102790035591 ], [ 20.804301722396893, 45.51467306934844 ], [ 20.807092552501683, 45.515794227341061 ], [ 20.828109052065496, 45.533974868589368 ], [ 20.832749055143701, 45.535843662508086 ], [ 20.819545309687893, 45.550369601941334 ], [ 20.823196667243757, 45.551862811675093 ], [ 20.811276761594648, 45.565820859283789 ], [ 20.813448067967272, 45.568043197779971 ], [ 20.795436254210578, 45.58745026738486 ], [ 20.772018363890876, 45.582821058371444 ], [ 20.765753132906603, 45.612599118721995 ], [ 20.779448012400678, 45.6226082342884 ], [ 20.788827551821274, 45.645538642027617 ], [ 20.804892181567407, 45.657292374142671 ], [ 20.800035890894943, 45.67193476352324 ], [ 20.803034104012699, 45.681998629651098 ], [ 20.796147477776607, 45.687040967234253 ], [ 20.802443226050624, 45.699848707090524 ], [ 20.801071026608742, 45.70192979527809 ], [ 20.802594137437186, 45.737790093620383 ], [ 20.808130927253007, 45.748412955983532 ], [ 20.815966702109357, 45.749256714988491 ], [ 20.817504358957557, 45.752072606169151 ], [ 20.82306307710785, 45.775083064674433 ], [ 20.783558124862722, 45.785869257993156 ], [ 20.774102884369231, 45.754514613134944 ], [ 20.732710737579776, 45.755805866579657 ], [ 20.717921611842019, 45.751944175363612 ], [ 20.713168981277143, 45.749679025828051 ], [ 20.707489805524698, 45.751283353762886 ], [ 20.700264018948701, 45.750680462677572 ], [ 20.696851360132232, 45.760508909574163 ], [ 20.692952041339687, 45.759820840926608 ], [ 20.690711947142095, 45.766289235249147 ], [ 20.694653546405188, 45.766924439828443 ], [ 20.690617630603555, 45.778324747747547 ], [ 20.681375819196081, 45.797303759270179 ], [ 20.66283500634345, 45.794149670141898 ], [ 20.657082460862675, 45.808025009471301 ], [ 20.65060997031286, 45.811628016875545 ], [ 20.657929814264964, 45.824569178474405 ], [ 20.660367532609495, 45.82914513805202 ], [ 20.611745295075888, 45.863910777168996 ], [ 20.59891118169374, 45.861646450233877 ], [ 20.594425476225396, 45.871640047632425 ], [ 20.581501531675073, 45.8693987765336 ], [ 20.574584375757759, 45.883972895732171 ], [ 20.578755154782144, 45.884961081327376 ], [ 20.569329900074468, 45.910101760017305 ], [ 20.554281173788418, 45.907350198958135 ], [ 20.546510709523826, 45.90590629730567 ], [ 20.549586843846953, 45.899912138651658 ], [ 20.515808370245811, 45.892095852432711 ], [ 20.50176599516967, 45.910651497623782 ], [ 20.482919408293714, 45.95341545036402 ], [ 20.447534290241947, 45.970115050484999 ], [ 20.405466784940867, 45.965236970510574 ], [ 20.348320424004843, 45.999625371361091 ], [ 20.357624656116407, 46.005870967259916 ], [ 20.340622820364263, 46.036261580479405 ], [ 20.339862497346253, 46.039225930881656 ], [ 20.343199395888902, 46.047196509108311 ], [ 20.329293564875211, 46.058580385831924 ], [ 20.309278062713449, 46.072087221807827 ], [ 20.302205281755644, 46.086598866881545 ], [ 20.273215590803311, 46.098302546518383 ], [ 20.264629574024561, 46.10909040017377 ], [ 20.275365845926, 46.112582475641872 ], [ 20.271948354125676, 46.116279619888864 ], [ 20.263081077403246, 46.118816097343853 ], [ 20.264275062314905, 46.126333075410322 ], [ 20.270224915827036, 46.127187996744865 ], [ 20.271418293264308, 46.132119236259001 ], [ 20.275507919695226, 46.133566734913614 ], [ 20.283133126160052, 46.141806554022217 ], [ 20.296850393419319, 46.152222667623938 ], [ 20.30920757707381, 46.156453152308337 ], [ 20.312643321719989, 46.150155359974832 ], [ 20.355633485863322, 46.169659579521152 ], [ 20.36847231344419, 46.152912939060982 ], [ 20.377597104828904, 46.157755052566557 ], [ 20.381137412857683, 46.157902065984899 ], [ 20.394286666428002, 46.152594609145524 ], [ 20.397505383629451, 46.157373810030926 ], [ 20.417062474755515, 46.148426781090663 ], [ 20.426322658630035, 46.145189178579741 ], [ 20.445493359050019, 46.141794385420091 ], [ 20.459212455627178, 46.142873207492485 ], [ 20.472876983499152, 46.15241375507545 ], [ 20.476799833456184, 46.156433002969457 ], [ 20.493256600668715, 46.169259264351346 ], [ 20.496339344146023, 46.177969660683019 ], [ 20.491786772458266, 46.180743302359815 ], [ 20.497511944653997, 46.184231199676177 ], [ 20.496502844741372, 46.18842441093355 ], [ 20.501251085278117, 46.189970054595008 ], [ 20.523579329684576, 46.181261375189926 ], [ 20.541440198820521, 46.17959971103479 ], [ 20.549412006344614, 46.176912038292969 ], [ 20.553625236747543, 46.17356631425541 ], [ 20.595380259108595, 46.150109798148094 ], [ 20.611243857059311, 46.144414816302934 ], [ 20.616202754381138, 46.140000068362106 ], [ 20.626965856142739, 46.131431593616412 ], [ 20.634568960163101, 46.127040254511066 ], [ 20.642598136723457, 46.128462216402653 ], [ 20.649388744591967, 46.135307359148769 ], [ 20.649947063927211, 46.142786140041423 ], [ 20.654153809550099, 46.148780247854305 ], [ 20.668118043555705, 46.150903563099398 ], [ 20.680087856538464, 46.145142169124242 ], [ 20.685608241044815, 46.145223915178263 ], [ 20.691217843538151, 46.149509165932699 ], [ 20.695096406853484, 46.158667857263396 ], [ 20.705304257218543, 46.161345347305328 ], [ 20.713943496023507, 46.165930556038369 ], [ 20.722347569344826, 46.187467947069159 ], [ 20.731377929367429, 46.190481839032856 ], [ 20.733669285855218, 46.19308791880345 ], [ 20.725666932646583, 46.19648142934696 ], [ 20.728490790010145, 46.205021313493226 ], [ 20.727355655413859, 46.207411058261059 ], [ 20.761844151140977, 46.204442070510005 ], [ 20.748829918348179, 46.250620860605984 ], [ 20.775579736604953, 46.275907825120768 ], [ 20.789222592118303, 46.273080891296864 ], [ 20.873394459651426, 46.287416599635385 ], [ 20.890533626399304, 46.271381972189765 ], [ 20.922212907527381, 46.261761116946516 ], [ 20.925060073858823, 46.276196472535034 ], [ 20.946666528715046, 46.279161798987708 ], [ 20.952488036029756, 46.264839543571057 ], [ 20.961143076878965, 46.262256174632839 ], [ 20.990343646347526, 46.259529653124275 ], [ 21.016190204244477, 46.263318047013577 ], [ 21.024951594823644, 46.266492215418126 ], [ 21.036662209657749, 46.247881656765415 ], [ 21.059822969033217, 46.244720908408688 ], [ 21.066000117456568, 46.242754684600548 ], [ 21.071153824110553, 46.253861788089225 ], [ 21.079824179462168, 46.252033489164774 ], [ 21.090647731914597, 46.258133270592445 ], [ 21.09442590784634, 46.262367877662719 ], [ 21.103152080391588, 46.262588646154235 ], [ 21.109138198337288, 46.27803323489227 ], [ 21.115527472195225, 46.301630107197688 ], [ 21.122572546606786, 46.300888757882824 ], [ 21.145364060682176, 46.304691693047722 ], [ 21.147597676170076, 46.299243173613839 ], [ 21.151536060388235, 46.297550280951903 ], [ 21.153621081895007, 46.298459878308513 ], [ 21.170035098922028, 46.29803812773433 ], [ 21.175694188864853, 46.302925935086421 ], [ 21.180539414572991, 46.304108245026832 ], [ 21.173122070030242, 46.318393607997272 ], [ 21.177512660754374, 46.32344804023176 ], [ 21.176153721275355, 46.335560076578261 ], [ 21.190369882170728, 46.339123065812799 ], [ 21.195261548128389, 46.343854985017472 ], [ 21.199455249960117, 46.347905164338343 ], [ 21.197467890108772, 46.36974632327081 ], [ 21.196480954215161, 46.370834643293968 ], [ 21.200989214890836, 46.385838772103234 ], [ 21.20628589603017, 46.40322961756754 ], [ 21.216316065779651, 46.401829327112445 ], [ 21.219104641168421, 46.411088403147723 ], [ 21.225346484135081, 46.413525831697015 ], [ 21.239626628320142, 46.410333930038846 ], [ 21.252720449836644, 46.409695363255082 ], [ 21.275390390906662, 46.406683925083897 ], [ 21.283244942035516, 46.403173009824918 ], [ 21.296273047846473, 46.406691862425596 ], [ 21.289529753119368, 46.41350773282344 ], [ 21.303359914118655, 46.432062432353057 ], [ 21.311866586841404, 46.440479746341992 ], [ 21.313252227505963, 46.449458549839008 ], [ 21.317445217716941, 46.450653972466675 ], [ 21.296317009010327, 46.47611385689428 ], [ 21.284118370981965, 46.477250339461115 ], [ 21.274326950956731, 46.476475946739932 ], [ 21.272751567854755, 46.483362740312145 ], [ 21.260383386526911, 46.501944957435825 ], [ 21.276131035875586, 46.534993393017409 ], [ 21.274164491480271, 46.540739154522221 ], [ 21.280377917168526, 46.544951611735407 ], [ 21.289674388181897, 46.544321681124799 ], [ 21.293612798863474, 46.552229950278722 ], [ 21.297513960464851, 46.55341415016558 ], [ 21.304816322907946, 46.561179857523996 ], [ 21.303450809996122, 46.564253520913852 ], [ 21.314426530104782, 46.575016296848808 ], [ 21.320713525924674, 46.582788420041524 ], [ 21.307046057158942, 46.586386585081165 ], [ 21.301156064747296, 46.590770912654733 ], [ 21.306872845221843, 46.598926672404566 ], [ 21.306911095791229, 46.601793228480709 ], [ 21.314103744091629, 46.617555862843481 ], [ 21.324716488593836, 46.628126399593675 ], [ 21.329874306847866, 46.631567350206055 ], [ 21.334620855560349, 46.629077387191359 ], [ 21.347761207760033, 46.631380918725313 ], [ 21.353128661614011, 46.630265240565372 ], [ 21.365596639722153, 46.637873168801704 ], [ 21.378861394779353, 46.632894186571633 ], [ 21.381560196429874, 46.628265954807979 ], [ 21.409305489339154, 46.622097678069139 ], [ 21.411779957631378, 46.625529132741683 ], [ 21.413942036730372, 46.634610462355383 ], [ 21.416413563926948, 46.64250934697457 ], [ 21.421669622221852, 46.646455772369741 ], [ 21.432125371757472, 46.648086216632841 ], [ 21.441474325334376, 46.651443900123859 ], [ 21.454705730349669, 46.660825023163405 ], [ 21.45563898478115, 46.667142182497528 ], [ 21.442719093098425, 46.666414179589907 ], [ 21.431403118401281, 46.677562406315332 ], [ 21.431641498677205, 46.682057710964727 ], [ 21.427794699320717, 46.689484933564273 ], [ 21.434416969910764, 46.695643277494241 ], [ 21.45114368286248, 46.688528810181921 ], [ 21.469624977629355, 46.695436801212466 ], [ 21.484158789097172, 46.691382064213087 ], [ 21.490323656633866, 46.685781412885099 ], [ 21.49549633321018, 46.687729039763589 ], [ 21.498387834057201, 46.693949807501973 ], [ 21.507590253217646, 46.698074104972932 ], [ 21.507726124915745, 46.704866871014168 ], [ 21.511449820191583, 46.707356688118544 ], [ 21.511381376292302, 46.711826043520389 ], [ 21.520713836482717, 46.714383104789626 ], [ 21.52933201367803, 46.720766960178224 ], [ 21.530368026197728, 46.727321510473509 ], [ 21.528889394860649, 46.732284213081122 ], [ 21.524798423786827, 46.739936827539474 ], [ 21.511735895679301, 46.745117592271789 ], [ 21.493176503667705, 46.757477672178567 ], [ 21.48477526394608, 46.758449730557111 ], [ 21.484090414572382, 46.764879372448824 ], [ 21.490247130413113, 46.775802944170167 ], [ 21.493511211117688, 46.774952397029196 ], [ 21.509363654339225, 46.783381434373418 ], [ 21.513764147578506, 46.795511439887427 ], [ 21.518698325299805, 46.800018624341298 ], [ 21.521710918429843, 46.80791378746909 ], [ 21.521125796710148, 46.819836749121805 ], [ 21.519076148194525, 46.835917444625544 ], [ 21.52296751534027, 46.838963405051011 ], [ 21.534512726039992, 46.839571140462382 ], [ 21.537930295323882, 46.847415268350453 ], [ 21.54809300013271, 46.848801343778469 ], [ 21.557047626991466, 46.853712134505493 ], [ 21.569056568214542, 46.853959341810523 ], [ 21.580936319514443, 46.857468450140942 ], [ 21.584409465013831, 46.859849544263263 ], [ 21.595213956163651, 46.860510973641546 ], [ 21.603292725545735, 46.868726442089553 ], [ 21.601089891917681, 46.878896157942869 ], [ 21.60349018000511, 46.884808571245244 ], [ 21.614203663661844, 46.886513076829544 ], [ 21.607251500903882, 46.904553063931452 ], [ 21.60281946354867, 46.904215728396345 ], [ 21.599052366248085, 46.909183036789166 ], [ 21.597285610597272, 46.918019504461022 ], [ 21.59878718627305, 46.927151643155504 ], [ 21.606185452830395, 46.932497647435035 ], [ 21.638353884018894, 46.932925573614341 ], [ 21.640752604160351, 46.938886790815104 ], [ 21.649874888686419, 46.943603666163199 ], [ 21.651224378235852, 46.947673684888379 ], [ 21.66016242384384, 46.955874405405353 ], [ 21.673309796999252, 46.953780519725001 ], [ 21.678852281814006, 46.960386243274108 ], [ 21.681864030013795, 46.966910678977904 ], [ 21.676447277324158, 46.969240269314042 ], [ 21.667917610475456, 46.970198925313809 ], [ 21.670367092669519, 46.980121788081945 ], [ 21.676203036923308, 46.985822314948095 ], [ 21.676024798350355, 46.992551535512334 ], [ 21.679348146039246, 46.997972960137574 ], [ 21.687555695032934, 46.999565290323353 ], [ 21.682782586309379, 47.004167073406983 ], [ 21.678418429331941, 47.012478445606668 ], [ 21.67791797307865, 47.018382948978164 ], [ 21.661927214490298, 47.020290346289265 ], [ 21.649966241142526, 47.033827568363193 ], [ 21.648665497818719, 47.040337287814616 ], [ 21.662262312544527, 47.041538207070076 ], [ 21.670265827232885, 47.044419767521823 ], [ 21.68276014969727, 47.045716201184412 ], [ 21.684812696476303, 47.052303727200211 ], [ 21.688592544425976, 47.055535687492792 ], [ 21.697491198910029, 47.057982677443967 ], [ 21.695707646445253, 47.060370615959478 ], [ 21.704828328611196, 47.06336154332169 ], [ 21.701402293012016, 47.068219630619502 ], [ 21.716394479554836, 47.074872205060991 ], [ 21.712734908592964, 47.082522476756367 ], [ 21.726131428036382, 47.098470994552564 ], [ 21.751226019988366, 47.10507845484274 ], [ 21.772368600228283, 47.108986182217549 ], [ 21.790842021888853, 47.105903507377825 ], [ 21.792754382714829, 47.106980550561119 ], [ 21.789167795245625, 47.112918315818817 ], [ 21.7921793066002, 47.119783464903087 ], [ 21.791413221013833, 47.12400722570321 ], [ 21.80038197875685, 47.130616398390906 ], [ 21.800435365119991, 47.137168419240965 ], [ 21.810638908421815, 47.162535819931641 ], [ 21.817367303982259, 47.172747365095624 ], [ 21.829514242166248, 47.175030988855347 ], [ 21.830941148181271, 47.17885446626692 ], [ 21.838739938226407, 47.177224595545987 ], [ 21.847691828723185, 47.184541411851058 ], [ 21.858051058769703, 47.18702628657023 ], [ 21.859480600130407, 47.206735236392127 ], [ 21.858058589081246, 47.220114586334326 ], [ 21.846811723571307, 47.223759316507461 ], [ 21.851628218042645, 47.239130556208927 ], [ 21.856814203309572, 47.243222426969567 ], [ 21.86428334526093, 47.252847350797445 ], [ 21.865095164250675, 47.256811654856762 ], [ 21.874929825134394, 47.264180772580382 ], [ 21.880044522759352, 47.264812591089367 ], [ 21.887844808283635, 47.272101477025124 ], [ 21.88818674706258, 47.27787537948673 ], [ 21.878698374842848, 47.284055960161211 ], [ 21.878760060287608, 47.287357214841442 ], [ 21.885800314134372, 47.28932136620314 ], [ 21.888957237654378, 47.296149248463955 ], [ 21.893270108011933, 47.306306672156907 ], [ 21.895284044451518, 47.314804021787566 ], [ 21.905203035977681, 47.322947844925082 ], [ 21.907972529279469, 47.328809410985464 ], [ 21.914018689998638, 47.33275387370248 ], [ 21.923356450259963, 47.344199373974732 ], [ 21.925455595305046, 47.353541427418698 ], [ 21.934845866402899, 47.360282198188038 ], [ 21.939774971543734, 47.367674410278326 ], [ 21.93850854797229, 47.3729556596628 ], [ 21.945288745322156, 47.375156351441674 ], [ 21.952964462443113, 47.374604931614279 ], [ 21.961522455081138, 47.38123573465662 ], [ 21.974883004467813, 47.380082493648494 ], [ 21.978529252215942, 47.378262302238618 ], [ 21.986773430901234, 47.381488519104707 ], [ 21.994878905875201, 47.38087509255454 ], [ 21.999409894404192, 47.37706355349863 ], [ 22.01197452644729, 47.37580013635506 ], [ 22.018927729101708, 47.387114645024603 ], [ 22.022674144308965, 47.39015836129402 ], [ 22.027750911153269, 47.400014667862948 ], [ 22.034729855860828, 47.411622825037298 ], [ 22.035202454699849, 47.416045123960721 ], [ 22.029712027588605, 47.422679154109922 ], [ 22.035401425461711, 47.427440716870876 ], [ 22.025899107982532, 47.44238596079385 ], [ 22.032722603414744, 47.450991464386092 ], [ 22.020952898565092, 47.454606075790934 ], [ 22.007429189428784, 47.475872108149041 ], [ 22.00708415954583, 47.483343079537534 ], [ 22.010839774627662, 47.49075933761906 ], [ 22.01261402047118, 47.501358736731042 ], [ 22.016313628055627, 47.505094731207876 ], [ 22.018758943954573, 47.511696741560058 ], [ 22.024058626080279, 47.519870192899376 ], [ 22.039720721305891, 47.532861890918397 ], [ 22.045422894074438, 47.539765716005356 ], [ 22.061502467195531, 47.528988086470044 ], [ 22.071366990314115, 47.538030905867416 ], [ 22.054682451361792, 47.546970722554782 ], [ 22.057976907948849, 47.550976800634082 ], [ 22.072415467178224, 47.557601178963225 ], [ 22.079191965675829, 47.562354648762749 ], [ 22.086702635271926, 47.561134709734112 ], [ 22.090671920417403, 47.557438690394363 ], [ 22.09725293826536, 47.560915455812825 ], [ 22.102434551408447, 47.566940396009663 ], [ 22.103890334645207, 47.571635380558845 ], [ 22.113046527841409, 47.574779755919707 ], [ 22.118948692649706, 47.579047899329723 ], [ 22.125065171726671, 47.587509297406001 ], [ 22.129103589761741, 47.589306082384212 ], [ 22.129199968027713, 47.597222374738926 ], [ 22.139366850244937, 47.598085232024083 ], [ 22.145773032035933, 47.594781347211679 ], [ 22.16003660757783, 47.592390242886253 ], [ 22.170998946311975, 47.591704318037266 ], [ 22.176549430161089, 47.59438935006213 ], [ 22.180821175800595, 47.600099403121469 ], [ 22.182967450844846, 47.606383002317109 ], [ 22.188005798746786, 47.609191785752657 ], [ 22.19267619282714, 47.6217525931485 ], [ 22.193314514418965, 47.626993508227905 ], [ 22.199079527616192, 47.636250656788391 ], [ 22.203324151797659, 47.654881035690437 ], [ 22.211582681817141, 47.653918357055474 ], [ 22.22081711578182, 47.660492192554408 ], [ 22.22315268540077, 47.668373968687028 ], [ 22.222366885156763, 47.673012884575392 ], [ 22.225124778294013, 47.680700598781264 ], [ 22.22275675784444, 47.682596060491178 ], [ 22.230978367200638, 47.693308317525393 ], [ 22.241607314986815, 47.695213840948803 ], [ 22.253948025668866, 47.695094638206129 ], [ 22.258771670520638, 47.698172273619086 ], [ 22.262250198344695, 47.713713115585975 ], [ 22.259294595436966, 47.717376122720239 ], [ 22.264537233036261, 47.73115764591072 ], [ 22.266566672704435, 47.73100580220963 ], [ 22.285364540349082, 47.729355050699837 ], [ 22.306071986832567, 47.741363272244072 ], [ 22.311715564048537, 47.742196428704965 ], [ 22.317449669545827, 47.743265324879559 ], [ 22.320866867791974, 47.754964528210913 ], [ 22.31724386893595, 47.76592759800878 ], [ 22.32419131956717, 47.766789984643864 ], [ 22.330371006744016, 47.765119411013799 ], [ 22.345373622955496, 47.754995059940065 ], [ 22.346282848532397, 47.75291005597726 ], [ 22.357021494071404, 47.748977769058541 ], [ 22.388966129424883, 47.745409973673716 ], [ 22.39371494896351, 47.747561563803728 ], [ 22.410375640949784, 47.74668713710993 ], [ 22.411499016023427, 47.742390928467593 ], [ 22.430115256260002, 47.740971769977648 ], [ 22.429861080879064, 47.745249832089634 ], [ 22.425807000248298, 47.750091361479086 ], [ 22.427027196676487, 47.754530673959273 ], [ 22.43255302352307, 47.7620194283149 ], [ 22.440980595234922, 47.791859603605062 ], [ 22.447947501245107, 47.803120704580571 ], [ 22.467031498492922, 47.805119148418385 ], [ 22.481519276855376, 47.810950525660161 ], [ 22.488488904968388, 47.805900591636096 ], [ 22.539922350078761, 47.782011775118427 ], [ 22.549526134196235, 47.77266516621544 ], [ 22.563101470969261, 47.772619004094736 ], [ 22.611549397088964, 47.77199570263101 ], [ 22.61505270919805, 47.77695645525079 ], [ 22.628162688429761, 47.776407975751418 ], [ 22.636799954200349, 47.780729557397308 ], [ 22.646661751361854, 47.779056550280487 ], [ 22.660075130097603, 47.781872245567634 ], [ 22.666127069071312, 47.786923972947513 ], [ 22.673870775835283, 47.788065877410133 ], [ 22.680229193542619, 47.787747027955895 ], [ 22.687950309739527, 47.795570430436214 ], [ 22.69522831206298, 47.808436343193726 ], [ 22.701419581013372, 47.815001095052644 ], [ 22.699667984564829, 47.818364934984643 ], [ 22.709357917782455, 47.823918591517199 ], [ 22.70985577879491, 47.828508406915326 ], [ 22.710902186022086, 47.834476138755107 ], [ 22.715673056629946, 47.837097729093657 ], [ 22.723676226846404, 47.838335722619071 ], [ 22.731033976922348, 47.835779242672807 ], [ 22.745282669925324, 47.834542425057137 ], [ 22.756238518052186, 47.834902358913112 ], [ 22.765985887536356, 47.841277983870178 ], [ 22.774120914242104, 47.842850143305441 ], [ 22.777502099302364, 47.852108301259861 ], [ 22.772686695425396, 47.85951782107778 ], [ 22.773010789649582, 47.863096571817806 ], [ 22.76616799663871, 47.8641631420642 ], [ 22.762065546507301, 47.867049389288432 ], [ 22.768473906778954, 47.878602686132794 ], [ 22.75824439622372, 47.88602286885348 ], [ 22.756912487566598, 47.890363445754147 ], [ 22.763225637512171, 47.892743235507709 ], [ 22.778643989156063, 47.892606838533275 ], [ 22.783248541450103, 47.893814059043656 ], [ 22.794693490874891, 47.892556684850703 ], [ 22.806212176592997, 47.898325509527552 ], [ 22.814852695285655, 47.9008016525706 ], [ 22.824216210510784, 47.907117650950525 ], [ 22.832516322000206, 47.909313109039978 ], [ 22.84699426197718, 47.908089629339301 ], [ 22.856346962964704, 47.916372920641571 ], [ 22.857882531781684, 47.920163718849956 ], [ 22.863207897529559, 47.922217509140886 ], [ 22.866510508255384, 47.928976731530426 ], [ 22.872550703421229, 47.932366909726909 ], [ 22.872749528965844, 47.936347922594088 ], [ 22.880239548195942, 47.943859472881989 ], [ 22.885001462388185, 47.944713235445413 ], [ 22.886690512163348, 47.951484444654533 ], [ 22.900713843781844, 47.954490292235505 ], [ 22.907186449211263, 47.959948553594003 ], [ 22.913311918712864, 47.957711143953674 ], [ 22.929166072595567, 47.959346795361604 ], [ 22.944470827534872, 47.96922359673831 ], [ 22.940000176828026, 47.983156432108679 ], [ 22.94004081569993, 47.989177086035376 ], [ 22.935581513268183, 47.999006401026847 ], [ 22.923111880286644, 48.002165362734701 ], [ 22.921395442761028, 48.007354877085874 ], [ 22.921906234693964, 48.014509838674535 ], [ 22.926976770264272, 48.019166694074798 ], [ 22.944256541077479, 48.016568146096859 ], [ 22.960130240168869, 48.00816756875836 ], [ 22.962927911438527, 48.011601898328323 ], [ 22.977755861510595, 48.009910476663777 ], [ 22.976830446120161, 48.006814810641579 ], [ 22.986854396922531, 48.005319571678079 ], [ 22.995700804584885, 48.001175619228256 ], [ 22.996713383661419, 47.996007141956213 ], [ 23.00611477925872, 47.995640768187378 ], [ 23.013424710979894, 47.990655091422873 ], [ 23.024083923486788, 47.991675150130305 ], [ 23.03050155755697, 48.00030688998546 ], [ 23.056993000066122, 48.00336959358156 ], [ 23.065629579187192, 48.007786172012068 ], [ 23.074543067655149, 48.008636258470034 ], [ 23.083187826280568, 48.004786607926036 ], [ 23.09103054045919, 48.005367701501825 ], [ 23.091982778141244, 48.010263643051928 ], [ 23.09788558379476, 48.015801353179057 ], [ 23.090349393943139, 48.016482919457978 ], [ 23.089846492372534, 48.019481381794265 ], [ 23.098667996757992, 48.02439999317086 ], [ 23.105671726045468, 48.030420192418617 ], [ 23.109208715023581, 48.03830108644825 ], [ 23.101046519169586, 48.040916919050069 ], [ 23.098089258247771, 48.044204261655658 ], [ 23.112125300946015, 48.054042944802937 ], [ 23.106627602801744, 48.063542773237792 ], [ 23.10728758555722, 48.067077170516619 ], [ 23.113830391196771, 48.069580562982033 ], [ 23.117990976640751, 48.076649273148462 ], [ 23.120986883083059, 48.076095990206561 ], [ 23.123581018594674, 48.081793710252157 ], [ 23.1139667066284, 48.086229300474095 ], [ 23.118518710405201, 48.090123186715957 ], [ 23.127173079696398, 48.092318617900958 ], [ 23.130266324713421, 48.095674332568144 ], [ 23.140663100359998, 48.09734807679277 ], [ 23.146358909547747, 48.0997664569447 ], [ 23.150855983084007, 48.11168750022582 ], [ 23.156946311327502, 48.114627113336496 ], [ 23.165567639893535, 48.115286706811496 ], [ 23.177073415271643, 48.119759175240333 ], [ 23.181168785991748, 48.11727888367659 ], [ 23.18165262916169, 48.111945520764571 ], [ 23.186311547666424, 48.111639569717276 ], [ 23.189172323455594, 48.097742516322782 ], [ 23.235566996828712, 48.091960792421318 ], [ 23.241965954904426, 48.094140019980586 ], [ 23.246403515300486, 48.091915782067865 ], [ 23.251831114074662, 48.100779021079887 ], [ 23.267823536340629, 48.100133523776037 ], [ 23.268743074804231, 48.086973373919783 ], [ 23.271193451686408, 48.084171623994315 ], [ 23.280385722799181, 48.082149412573564 ], [ 23.287313676392579, 48.075466972355756 ], [ 23.281885019257217, 48.062524778558185 ], [ 23.276804084184995, 48.057644730131983 ], [ 23.279284026510116, 48.056647166307741 ], [ 23.287961691184691, 48.046793272252266 ], [ 23.293914273090405, 48.044390577863552 ], [ 23.304691731117572, 48.043008250669068 ], [ 23.312763482522069, 48.044962145427995 ], [ 23.322330201790074, 48.040238904180022 ], [ 23.326522444987919, 48.035760297288206 ], [ 23.332279949176289, 48.03344585862493 ], [ 23.328491523403216, 48.02610399444638 ], [ 23.331887230361861, 48.020569188630766 ], [ 23.338456009130194, 48.018221336957481 ], [ 23.348696311068036, 48.020696434858166 ], [ 23.357291944302048, 48.01431551393793 ], [ 23.37336399574188, 48.009845969210865 ], [ 23.378538300536789, 48.003154374229695 ], [ 23.387568963732694, 48.004398658364586 ], [ 23.394876450696707, 48.000759816623692 ], [ 23.40342439072089, 47.998971769395958 ], [ 23.401633398708398, 47.99502669011467 ], [ 23.404964106197831, 47.991841380069509 ], [ 23.417414663936874, 47.986649949589847 ], [ 23.423007922557272, 47.988959393508729 ], [ 23.43356778536883, 47.990514368288963 ], [ 23.43729262223102, 47.984284323073545 ], [ 23.44620907161454, 47.981249612611606 ], [ 23.449889325014286, 47.976603698850219 ], [ 23.46157791687223, 47.973844677655968 ], [ 23.474535834991851, 47.974066292254449 ], [ 23.480439164457579, 47.973264173280043 ], [ 23.493607489765214, 47.967829450101945 ], [ 23.501054498417872, 47.968695289795363 ], [ 23.505251664410157, 47.980602340896738 ], [ 23.512318194775968, 47.985568817026156 ], [ 23.517100341007247, 47.992636792052309 ], [ 23.52128030818988, 47.994689575598535 ], [ 23.521505040942795, 47.999733839876562 ], [ 23.525694529036226, 48.004788590502685 ], [ 23.525894576205129, 48.012707063406474 ], [ 23.529064020933294, 48.019824917886872 ], [ 23.536152732062035, 48.015444968422052 ], [ 23.540706056427073, 48.009886094133741 ], [ 23.551824145748025, 48.008471257831623 ], [ 23.566336116224186, 48.003071602358126 ], [ 23.577783413418231, 48.005366990163672 ], [ 23.585157127283839, 48.003675113374911 ], [ 23.593485073188631, 48.008342442075396 ], [ 23.604305469531162, 48.006319765054627 ], [ 23.610322680680053, 48.008059760670513 ], [ 23.62364583417741, 48.002625996198795 ], [ 23.63473328315051, 48.002963105670759 ], [ 23.642194304878295, 47.999735294214894 ], [ 23.645236467857007, 47.992208511602087 ], [ 23.661334566017437, 47.986291057556436 ], [ 23.664667338297477, 47.983732456381411 ], [ 23.672933138103975, 47.986342814965219 ], [ 23.685169075862444, 47.987031600705507 ], [ 23.707632404699581, 47.994293105546603 ], [ 23.714019548283964, 47.9893066310118 ], [ 23.719612914035608, 47.989926843782634 ], [ 23.720640844187717, 47.994957478287525 ], [ 23.728705785082461, 47.993486913259396 ], [ 23.74310958825102, 47.995957606862518 ], [ 23.753935366706205, 47.996203499640572 ], [ 23.762282167240027, 47.992904300347391 ], [ 23.771812392966723, 47.994945321664808 ], [ 23.791696672112636, 47.986006829453736 ], [ 23.800241154139545, 47.986637153385587 ], [ 23.817118161940215, 47.98198280886146 ], [ 23.821549504421323, 47.978997749321138 ], [ 23.818894131465616, 47.974533544743082 ], [ 23.834290283686798, 47.967015724837033 ], [ 23.832600881285256, 47.960696856443555 ], [ 23.843413145439722, 47.94859448182806 ], [ 23.842394361629964, 47.943840862519288 ], [ 23.850992932233094, 47.936909129219501 ], [ 23.864126586985133, 47.931757123646136 ], [ 23.867395713986955, 47.932146070939012 ], [ 23.884389594955032, 47.944245325599518 ], [ 23.894466617663696, 47.94290245802074 ], [ 23.89771029990715, 47.944747942134136 ], [ 23.913415781264565, 47.947123287084359 ], [ 23.921159438012793, 47.945258815091648 ], [ 23.930175231122405, 47.948777504167381 ], [ 23.941975221908514, 47.94846577685955 ], [ 23.945050587353933, 47.95235234142806 ], [ 23.948583351383824, 47.96152780617885 ], [ 23.957264898260753, 47.96501444800942 ], [ 23.965994147740531, 47.962595776734751 ], [ 23.973558893782137, 47.967869669998016 ], [ 23.977700682759718, 47.967357607793446 ], [ 23.980325711832378, 47.959717962968497 ], [ 23.990809478120781, 47.96323690922776 ], [ 23.996755935875083, 47.961987000601859 ], [ 24.004006417775834, 47.966460804028188 ], [ 24.009054588877586, 47.967260704775832 ], [ 24.025463186195836, 47.957015143081989 ], [ 24.031849977526583, 47.949277728466321 ], [ 24.04971405113151, 47.953404457637951 ], [ 24.062194159404896, 47.953404572173866 ], [ 24.071088162121924, 47.947020899855623 ], [ 24.082631822415458, 47.943387455330274 ], [ 24.098598919677642, 47.93651406883054 ], [ 24.099405288221689, 47.930444195657849 ], [ 24.109803013073396, 47.915990529219656 ], [ 24.118080395118429, 47.914975768506004 ], [ 24.131937632028013, 47.91550072282493 ], [ 24.138539556740518, 47.912013344123821 ], [ 24.145055092820513, 47.912947289144341 ], [ 24.149723968702208, 47.916784810198152 ], [ 24.160178773595732, 47.914884126917627 ], [ 24.16508487489288, 47.920270013767542 ], [ 24.181510824121062, 47.914966961794704 ], [ 24.196679907796693, 47.916067725306362 ], [ 24.20136939176777, 47.911468081917533 ], [ 24.20883792355766, 47.908898594832671 ], [ 24.217426787515802, 47.9027613134053 ], [ 24.21854283417677, 47.89757327558101 ], [ 24.228271432052352, 47.896483564387225 ], [ 24.240417256993904, 47.899328040316945 ], [ 24.255530890545096, 47.906721997972994 ], [ 24.265486300653688, 47.907523270431938 ], [ 24.279621874886079, 47.906008267952124 ], [ 24.292361490397255, 47.911161179393154 ], [ 24.297774584274475, 47.911473525051733 ], [ 24.303839003029577, 47.917076710066773 ], [ 24.309311022003829, 47.918323402524827 ], [ 24.315942779597258, 47.923194875801308 ], [ 24.324898593786315, 47.925900102949562 ], [ 24.33473934367434, 47.917796941682539 ], [ 24.344630522075686, 47.91475205337624 ], [ 24.350145446255251, 47.915538842993527 ], [ 24.368590940025442, 47.923262203516678 ], [ 24.381596583004978, 47.926587681307545 ], [ 24.380338199007273, 47.933879545348887 ], [ 24.392143670454935, 47.948419254567753 ], [ 24.392191311575271, 47.952802288266966 ], [ 24.409686875426004, 47.960078274148294 ], [ 24.417205279217971, 47.95966107377587 ], [ 24.428937140627532, 47.967722455701214 ], [ 24.435877244195744, 47.97051233438124 ], [ 24.4468511368569, 47.964179598370379 ], [ 24.463966077684173, 47.961695678604002 ], [ 24.471749096938485, 47.96305951218482 ], [ 24.487730988527222, 47.955870535102108 ], [ 24.494446965762439, 47.955455028844661 ], [ 24.502014199020348, 47.952286295868859 ], [ 24.513483658269738, 47.953682641338119 ], [ 24.526999845459326, 47.961542967516721 ], [ 24.53694095521746, 47.961932343832167 ], [ 24.549599400810578, 47.959935840549505 ], [ 24.562868042133882, 47.968595648189044 ], [ 24.57539843427918, 47.967391418659211 ], [ 24.58330203124358, 47.964870407200017 ], [ 24.584102941011796, 47.960735974262199 ], [ 24.592692677185976, 47.956636185341608 ], [ 24.601695556640681, 47.945337152729124 ], [ 24.610827350554441, 47.951847186108466 ], [ 24.623380032117861, 47.951772119633326 ], [ 24.628386463170099, 47.947948370837025 ], [ 24.632344533910501, 47.939786816946629 ], [ 24.629834958611905, 47.934421940534591 ], [ 24.63653884964301, 47.929792613595332 ], [ 24.6350405268279, 47.92457468851871 ], [ 24.651580057154344, 47.919118584664496 ], [ 24.652592704414225, 47.910661766454709 ], [ 24.66096992782257, 47.908863000617245 ], [ 24.673782388389295, 47.896379900302392 ], [ 24.667282682366448, 47.885707871386842 ], [ 24.668189766657061, 47.88122173245619 ], [ 24.665789359031869, 47.876506778881286 ], [ 24.670900955622766, 47.865294469330244 ], [ 24.672304509520753, 47.863117146834455 ], [ 24.681793784519051, 47.860269338008898 ], [ 24.685205200499013, 47.855054964780948 ], [ 24.702919467454805, 47.85246897688058 ], [ 24.705795411241649, 47.840124305453571 ], [ 24.719791193781226, 47.839327526276172 ], [ 24.734406175234103, 47.843855797628741 ], [ 24.739285827843059, 47.841137297529094 ], [ 24.74078206666498, 47.836893495134063 ], [ 24.752970689881881, 47.829738598380345 ], [ 24.758384551776281, 47.837094049756018 ], [ 24.765285183940971, 47.839337006890027 ], [ 24.778118819829213, 47.837402333314458 ], [ 24.778871519949618, 47.831257566835234 ], [ 24.784123315224146, 47.823437381031745 ], [ 24.797528168338768, 47.824687060887044 ], [ 24.827750407690836, 47.820476306558426 ], [ 24.823166829697328, 47.812727228264542 ], [ 24.821535057822754, 47.80621404505537 ], [ 24.83348004308381, 47.797623017719935 ], [ 24.836594754429978, 47.793598136535522 ], [ 24.837680934233077, 47.78639043606286 ], [ 24.836524594165326, 47.779519816163209 ], [ 24.851383692764653, 47.774679189860571 ], [ 24.854859093376977, 47.770707754994497 ], [ 24.855284557944312, 47.765783400155811 ], [ 24.87819869130302, 47.752659462231151 ], [ 24.881400537252361, 47.738955134460703 ], [ 24.886438045733961, 47.733920266684827 ], [ 24.883150498132697, 47.724371075864511 ], [ 24.901200558781809, 47.724739405475532 ], [ 24.947111735913207, 47.729141477865817 ], [ 24.983432462541838, 47.729487482713971 ], [ 24.996554090906564, 47.725196669956816 ], [ 25.006953568583043, 47.734369545523741 ], [ 25.016713194189848, 47.730987101726718 ], [ 25.026302733019232, 47.730961057917355 ], [ 25.029346167886768, 47.727836819943768 ], [ 25.040109617393934, 47.725419385878553 ], [ 25.042552221550174, 47.731425134346978 ], [ 25.050187679470742, 47.739702231493723 ], [ 25.05443361412566, 47.746055982146082 ], [ 25.063008666708424, 47.740536532955147 ], [ 25.076728199198804, 47.745490659664028 ], [ 25.082488670356046, 47.74522607749379 ], [ 25.088781157842671, 47.748948180473739 ], [ 25.097988303882882, 47.749316489178767 ], [ 25.103164889138384, 47.752915343735779 ], [ 25.115611126865129, 47.75484126296351 ], [ 25.116096866094061, 47.767680756384181 ], [ 25.132877743946729, 47.780517843170315 ], [ 25.141750700309942, 47.785770774912848 ], [ 25.148837982240327, 47.792046940003935 ], [ 25.153275416818229, 47.789195761874282 ], [ 25.165790856033098, 47.790729732083847 ], [ 25.170852010506923, 47.79656859363368 ], [ 25.170181906184506, 47.804980893207592 ], [ 25.166868677760696, 47.808957129187924 ], [ 25.177528449226767, 47.81412519797837 ], [ 25.180762596081237, 47.821448349222379 ], [ 25.179982905696395, 47.825351090823411 ], [ 25.196588565320617, 47.834190026641473 ], [ 25.202472234393234, 47.84017846590254 ], [ 25.201975180293989, 47.843094984015785 ], [ 25.201319320517783, 47.849601078619791 ], [ 25.206732980129054, 47.85377057562166 ], [ 25.221958270544704, 47.858676373537847 ], [ 25.222327521259633, 47.869762982473659 ], [ 25.224851040663204, 47.872899649914217 ], [ 25.222516099765784, 47.879489556223774 ], [ 25.229461541161783, 47.892437919096679 ], [ 25.237837878100898, 47.895331631326904 ], [ 25.24487284233307, 47.893186369487417 ], [ 25.251866207364845, 47.895079329676904 ], [ 25.258278836628321, 47.891973086728783 ], [ 25.262449857934481, 47.893811741171142 ], [ 25.269820924878534, 47.892378781717184 ], [ 25.310898886699832, 47.914344537395905 ], [ 25.325943245081103, 47.913626753585838 ], [ 25.342265037169117, 47.914371197707318 ], [ 25.34671394847356, 47.916015113240377 ], [ 25.400032131573678, 47.921564592212505 ], [ 25.455277918303064, 47.927710899677123 ], [ 25.501366647297576, 47.932819215316023 ], [ 25.580897112016679, 47.93771574362286 ], [ 25.592323627416917, 47.938447751331182 ], [ 25.625542758875024, 47.948795220181509 ], [ 25.656177928254902, 47.949403609768353 ], [ 25.686110064696052, 47.944019848305594 ], [ 25.698238710151866, 47.945409870280393 ], [ 25.717131742177429, 47.940855317394906 ], [ 25.720607569747738, 47.944390850799394 ], [ 25.733343134622146, 47.945678147545038 ], [ 25.739356693716385, 47.941641548296133 ], [ 25.774645449999312, 47.939389525338882 ], [ 25.795057110022, 47.945216209728727 ], [ 25.811700870140271, 47.951512092600609 ], [ 25.818684830352797, 47.954089275500138 ], [ 25.825955093391119, 47.963895242866229 ], [ 25.837487565593069, 47.967197935064462 ], [ 25.861279126907391, 47.970215470314379 ], [ 25.880036390307147, 47.963077791678025 ], [ 25.891881830018779, 47.961218173921665 ], [ 25.900690615901606, 47.963259836931769 ], [ 25.907879890269726, 47.96490626746882 ], [ 25.914672404205337, 47.977394847191263 ], [ 25.924126032476718, 47.977405890198135 ], [ 25.940454769004329, 47.975845905061185 ], [ 25.951984003602064, 47.970856390919081 ], [ 25.975267039188868, 47.975341233540597 ], [ 26.03020156670916, 47.983355729781451 ], [ 26.061137215084631, 47.988019716936016 ], [ 26.072681492820472, 47.985864183455284 ], [ 26.098832343731427, 47.978819109317165 ], [ 26.100978142623479, 47.978256107638835 ], [ 26.117101468668711, 47.981821852897014 ], [ 26.12656173251283, 47.987811360587784 ], [ 26.137406037632854, 47.984177310929489 ], [ 26.144122453744799, 47.986014271957082 ], [ 26.170968813780839, 47.990813444354458 ], [ 26.188058810448016, 47.995484519194974 ], [ 26.199195957937029, 48.008023837725645 ], [ 26.207966059661231, 48.028900884198315 ], [ 26.212111321948115, 48.050785704985358 ], [ 26.218545665259764, 48.054587776992463 ], [ 26.231913688078819, 48.061387490592303 ], [ 26.260835191803697, 48.074436396168807 ], [ 26.266869466672535, 48.076510914447354 ], [ 26.27542845213943, 48.086155854828739 ], [ 26.27783188510033, 48.095228021411721 ], [ 26.282418863553374, 48.100764438413698 ], [ 26.284845919566816, 48.113264213540653 ], [ 26.287333219129032, 48.118448829344452 ], [ 26.298005604315492, 48.133690336150394 ], [ 26.307071969521484, 48.141416445902806 ], [ 26.316541690895271, 48.148615529398519 ], [ 26.327974307616365, 48.153011045082806 ], [ 26.334239802047218, 48.159406779816976 ], [ 26.333726415705428, 48.166799229741258 ], [ 26.327856038317535, 48.176220108325232 ], [ 26.33452141011718, 48.18424346203485 ], [ 26.348845293792166, 48.183270479670888 ], [ 26.351813402414489, 48.191525450886033 ], [ 26.357498690778332, 48.184933354351195 ], [ 26.361615504861767, 48.185779135432092 ], [ 26.370172539109191, 48.191760299222757 ], [ 26.371013047305553, 48.195726626226396 ], [ 26.377834936148947, 48.1987286432106 ], [ 26.3860322893835, 48.19467692639595 ], [ 26.37916037169278, 48.188781559638315 ], [ 26.386843516232339, 48.186964394359947 ], [ 26.393335472313847, 48.189570496926407 ], [ 26.400888522591323, 48.188784386802901 ], [ 26.416297557715883, 48.196733318529958 ], [ 26.420458849109917, 48.201531735404423 ], [ 26.425087000704917, 48.200044653023184 ], [ 26.438097971908917, 48.194280458341325 ], [ 26.43840544753694, 48.19853859506086 ], [ 26.432179842231793, 48.200040032067548 ], [ 26.435233308243347, 48.204546981557897 ], [ 26.447028924216749, 48.203840761775304 ], [ 26.456025729330776, 48.205958325353343 ], [ 26.460573197093488, 48.209940061329938 ], [ 26.456750345043702, 48.213710490053963 ], [ 26.467435385252145, 48.216161012424401 ], [ 26.472278285622984, 48.22023426694912 ], [ 26.477538244822803, 48.215999857543494 ], [ 26.485502842307355, 48.215733791725157 ], [ 26.494491757969879, 48.218369746898567 ], [ 26.507290856687945, 48.214905286556281 ], [ 26.518330068759223, 48.211346563130952 ], [ 26.52377144244144, 48.213750180164297 ], [ 26.530079089414372, 48.209981380055865 ], [ 26.539436747519339, 48.214607442895407 ], [ 26.549937193985272, 48.216536947549272 ], [ 26.547862967266525, 48.222286286601154 ], [ 26.549714822089914, 48.225100267452419 ], [ 26.569918802730157, 48.219447523183923 ], [ 26.573109863418843, 48.22356587785999 ], [ 26.569015863371551, 48.230082322220966 ], [ 26.571328078899107, 48.238315854519954 ], [ 26.578184517886676, 48.243982206477831 ], [ 26.589704632410982, 48.245845848667578 ], [ 26.598171046063317, 48.238439025759945 ], [ 26.610321195926208, 48.240067144648201 ], [ 26.621004602637672, 48.241137458827865 ], [ 26.614816405251961, 48.249079837810889 ], [ 26.620761197648466, 48.251286306799592 ], [ 26.629138218115518, 48.247478237120383 ], [ 26.630893139045011, 48.252549014552336 ], [ 26.630518635517102, 48.260139615417195 ], [ 26.636443736185456, 48.26187963561285 ], [ 26.644308826426926, 48.255769856795901 ], [ 26.645690105221561, 48.252446467016135 ], [ 26.652910924140553, 48.254367165418671 ], [ 26.661169151877946, 48.264290047293031 ], [ 26.665810845283588, 48.26196888066027 ], [ 26.66602274119407, 48.257523544329601 ], [ 26.662804375528509, 48.252993971150651 ], [ 26.667844169733854, 48.246729755379725 ], [ 26.683985337667522, 48.249584423005352 ], [ 26.691977424212563, 48.254411975023324 ], [ 26.695799821404101, 48.263233070247566 ], [ 26.704510771013229, 48.263433708907186 ], [ 26.708439663411646, 48.252963771198729 ], [ 26.721236160854414, 48.246353844715706 ], [ 26.729299176386363, 48.246549822996272 ], [ 26.731867990817193, 48.250276585804663 ], [ 26.726337589331031, 48.256788451146072 ], [ 26.731967654610148, 48.258223050671077 ], [ 26.741929284520626, 48.254781440329289 ], [ 26.742457420117077, 48.252856492137468 ], [ 26.733602064132896, 48.24638336530262 ], [ 26.740533323404588, 48.245125918871821 ], [ 26.753322217515873, 48.248295970264834 ], [ 26.756645796485383, 48.24758389711139 ], [ 26.766990145753489, 48.24823203420253 ], [ 26.781617309647565, 48.243149088056711 ], [ 26.785565729158847, 48.244783069802921 ], [ 26.788473517232823, 48.250207692343942 ], [ 26.798817579597145, 48.25035923959058 ], [ 26.80649777102257, 48.254486957910245 ], [ 26.815820683264086, 48.248926695038257 ], [ 26.817048689006544, 48.245865622953644 ], [ 26.826576897904225, 48.244251535639989 ], [ 26.829457033506355, 48.235044930478772 ], [ 26.829070287182649, 48.230275624896258 ], [ 26.833875019669499, 48.226030487921804 ], [ 26.842148023822734, 48.228448193367164 ], [ 26.845976081932726, 48.232335732755644 ], [ 26.851752408048149, 48.234111684490635 ], [ 26.855929622816344, 48.231010816775232 ], [ 26.860748640103406, 48.21813105401155 ], [ 26.873400337588787, 48.211088129545978 ], [ 26.884232116499827, 48.202422233721933 ], [ 26.888417475621594, 48.200871489361099 ], [ 26.903800240070115, 48.202177024367671 ], [ 26.908775410869161, 48.199197522422786 ], [ 26.902184296020017, 48.194335235949445 ], [ 26.893951435107134, 48.193712213678687 ], [ 26.893322782155483, 48.188543700781601 ], [ 26.901297678344356, 48.181961803550493 ], [ 26.908909035339772, 48.179850621740108 ], [ 26.918964597511781, 48.181185285167132 ], [ 26.921065814487225, 48.183640004661633 ], [ 26.913180909771896, 48.1970169509773 ], [ 26.914955044456249, 48.19900476258173 ], [ 26.930379641699215, 48.19987540914169 ], [ 26.942394584977045, 48.196475853963165 ], [ 26.950112447849094, 48.187285216778328 ], [ 26.945727410746009, 48.179377278828788 ], [ 26.933147079981488, 48.171099047798762 ], [ 26.935902102980165, 48.163454401572217 ], [ 26.946047111009353, 48.160283683579785 ], [ 26.969556801022449, 48.161797759239647 ], [ 26.985551130953159, 48.156899842486759 ], [ 26.991722250634059, 48.149767690779228 ], [ 26.990008848677302, 48.146892860316214 ], [ 26.98127640744373, 48.143737768764019 ], [ 26.967873525985702, 48.147262060851631 ], [ 26.959109861032157, 48.152060463886045 ], [ 26.95137053304996, 48.149455017233549 ], [ 26.951035315501191, 48.144442298462224 ], [ 26.956352297760539, 48.135099855682654 ], [ 26.964193785373698, 48.13129338958948 ], [ 26.967851189758814, 48.129520660643408 ], [ 26.981661482767663, 48.129384688298018 ], [ 26.988426117772477, 48.127663328241709 ], [ 26.997284436185897, 48.122619492812355 ], [ 27.004309645666968, 48.122765788668673 ], [ 27.016803861477339, 48.136760066265225 ], [ 27.02105673105639, 48.138547047523744 ], [ 27.029017728795626, 48.136291412199284 ], [ 27.0229564365284, 48.125421819569048 ], [ 27.029905690121989, 48.124611444550077 ], [ 27.034855525270792, 48.129682934740302 ], [ 27.039569159567286, 48.128233991879632 ], [ 27.033717950809216, 48.115348124500983 ], [ 27.040343757507156, 48.106797611388146 ], [ 27.037052318062205, 48.097973187874544 ], [ 27.026878998965657, 48.092553387197732 ], [ 27.027958358290537, 48.087206450098286 ], [ 27.041368457989407, 48.082180951713362 ], [ 27.042785033863371, 48.080487732833362 ], [ 27.043252141203848, 48.072248932946351 ], [ 27.046022106630588, 48.068717660674892 ], [ 27.058512191771257, 48.063658621023173 ], [ 27.075416326135411, 48.054346136643048 ], [ 27.081396738915771, 48.049469438856562 ], [ 27.083754203907052, 48.044970332665606 ], [ 27.082199036183496, 48.037679701836964 ], [ 27.084943957747438, 48.034306879001129 ], [ 27.092157652513624, 48.032874285199206 ], [ 27.102667806341557, 48.033804204393519 ], [ 27.10869008422689, 48.028830902925733 ], [ 27.092017604512733, 48.021734037161622 ], [ 27.08952877163313, 48.009742619315041 ], [ 27.091877125194923, 48.006832888656582 ], [ 27.0987451889232, 48.005607602002847 ], [ 27.115298751473379, 48.0149400941376 ], [ 27.123408589969657, 48.016162381533903 ], [ 27.130426753819354, 48.011544207892904 ], [ 27.12089463995526, 48.004655824457693 ], [ 27.116814184696015, 48.000026548882566 ], [ 27.123409333611303, 47.993199155439221 ], [ 27.13505724703294, 47.991350662751799 ], [ 27.166146148684039, 47.994886634529976 ], [ 27.15913068955944, 47.986727438436077 ], [ 27.153203326692964, 47.971567245655017 ], [ 27.141373761641152, 47.96695975652068 ], [ 27.154021911975661, 47.960905374680806 ], [ 27.165555589784578, 47.9554194100999 ], [ 27.178166076120135, 47.946860786034982 ], [ 27.150837550266235, 47.921319655561199 ], [ 27.199943360902743, 47.90184402573621 ], [ 27.208989360875268, 47.849419513051046 ], [ 27.229939885256655, 47.838591032958313 ], [ 27.242533401182616, 47.837783935834238 ], [ 27.247779286667843, 47.835023451457651 ], [ 27.245760002421651, 47.82953722623359 ], [ 27.23252474547844, 47.824919897421751 ], [ 27.227045548119094, 47.830461282589219 ], [ 27.222819190119818, 47.831668664534156 ], [ 27.215932649315992, 47.825684710970613 ], [ 27.214640204476424, 47.820997986142508 ], [ 27.220743206714332, 47.814780740347992 ], [ 27.240786814232127, 47.816237485604169 ], [ 27.241050411253259, 47.812137188355052 ], [ 27.230788202499955, 47.806253807691306 ], [ 27.230954367106435, 47.7998502644826 ], [ 27.248709093316904, 47.794691209211138 ], [ 27.250194914412113, 47.786786002353509 ], [ 27.253941553811629, 47.784712426322187 ], [ 27.254249842962714, 47.778584432975236 ], [ 27.265068670145762, 47.780980750078093 ], [ 27.267911717814044, 47.767999718941198 ], [ 27.264642148911211, 47.763825020858377 ], [ 27.26741124300267, 47.760223470226016 ], [ 27.27895428058687, 47.764570376318595 ], [ 27.285308167839155, 47.757594509534577 ], [ 27.279669186172864, 47.750803197146652 ], [ 27.283605443726618, 47.748686104640825 ], [ 27.296906007250684, 47.752129689909374 ], [ 27.295220255406203, 47.746261563381317 ], [ 27.285960621816564, 47.744585766368999 ], [ 27.280673287199519, 47.735889973404539 ], [ 27.286094453654005, 47.730056496163073 ], [ 27.293381086245837, 47.729174558088211 ], [ 27.292517487406258, 47.723262424436157 ], [ 27.284110962628656, 47.723963448289126 ], [ 27.279669865268318, 47.728071854631416 ], [ 27.267348152016837, 47.727646767605229 ], [ 27.266773750027468, 47.732540444524815 ], [ 27.259957758133947, 47.730569452278438 ], [ 27.255295535799931, 47.722207449396805 ], [ 27.250048148523735, 47.719528938873665 ], [ 27.259382255594211, 47.714055891794629 ], [ 27.265992368378708, 47.712766675485646 ], [ 27.268921322185925, 47.708308894410877 ], [ 27.267953764164425, 47.703864915093575 ], [ 27.270872579559619, 47.699857263389482 ], [ 27.282753124883964, 47.699616915360778 ], [ 27.277410598113292, 47.691836082945073 ], [ 27.273438056822982, 47.689651048927566 ], [ 27.28435842465711, 47.682610704351426 ], [ 27.296642018116611, 47.679810090748241 ], [ 27.296714382795013, 47.673342637415573 ], [ 27.294016197574102, 47.668263177401748 ], [ 27.294806295347964, 47.662411567191754 ], [ 27.304655108826704, 47.662404292161867 ], [ 27.312714860643755, 47.654047610295144 ], [ 27.315265707864402, 47.648234885919393 ], [ 27.314490446272849, 47.64362528998884 ], [ 27.322661761331048, 47.638690202011063 ], [ 27.331297624372514, 47.629170047666776 ], [ 27.339632163286229, 47.625378419346291 ], [ 27.358668787863277, 47.620881414313004 ], [ 27.362704425319592, 47.618132102468849 ], [ 27.363783916540328, 47.612452872940949 ], [ 27.370924172355114, 47.599746501245882 ], [ 27.38028021383089, 47.593353500496683 ], [ 27.391388382234979, 47.589485404593241 ], [ 27.404676171381645, 47.582913757479474 ], [ 27.411050039969751, 47.582579259991874 ], [ 27.424706835800976, 47.58413108937021 ], [ 27.42865924408072, 47.580550020655167 ], [ 27.416647421838519, 47.571378350640536 ], [ 27.421759849318398, 47.562944397051247 ], [ 27.432970017644834, 47.561972064074084 ], [ 27.42406658428354, 47.55528013739378 ], [ 27.425262593741046, 47.553098656197527 ], [ 27.436630836704431, 47.550986980260205 ], [ 27.432060322901705, 47.543405049990817 ], [ 27.439574705375428, 47.540743915312241 ], [ 27.444307018857039, 47.535659045500296 ], [ 27.452936767624351, 47.537120848086168 ], [ 27.455910379503401, 47.533625658710726 ], [ 27.44616894654245, 47.531999415546451 ], [ 27.452331471344941, 47.521484993748352 ], [ 27.459603236348592, 47.524214586218484 ], [ 27.455472874639195, 47.515572406188724 ], [ 27.454336025068223, 47.50775922259551 ], [ 27.457671080524289, 47.504163840959023 ], [ 27.467373446403052, 47.49985939662804 ], [ 27.467698653030123, 47.493687556162598 ], [ 27.47206313288585, 47.49027920385339 ], [ 27.476471486785748, 47.484978648569083 ], [ 27.49158944982268, 47.488677904161271 ], [ 27.491533070449552, 47.483948444394564 ], [ 27.49535881176033, 47.47936755989938 ], [ 27.504173824307404, 47.478198451896269 ], [ 27.50717461227692, 47.483627056455362 ], [ 27.514420313505745, 47.49094235487221 ], [ 27.517188687623328, 47.488085439459077 ], [ 27.512826994752793, 47.483820998541404 ], [ 27.512272151301477, 47.476626141499075 ], [ 27.517439588458476, 47.474385233168768 ], [ 27.521297328527044, 47.482172849730553 ], [ 27.533204301131953, 47.477921805423776 ], [ 27.536114030735231, 47.482352015639606 ], [ 27.531316646832529, 47.484519881030479 ], [ 27.536315512133072, 47.488987793444188 ], [ 27.540807195315445, 47.487250230663832 ], [ 27.542518249381668, 47.477996750351778 ], [ 27.545835931591004, 47.474402676248559 ], [ 27.555217719894546, 47.470886418930981 ], [ 27.557544110125882, 47.465569339467571 ], [ 27.564505986749204, 47.462794709724285 ], [ 27.569436186604815, 47.465414764128575 ], [ 27.573337131942953, 47.462625370238989 ], [ 27.574105891425081, 47.45758505979645 ], [ 27.568772166885129, 47.448770088821611 ], [ 27.557579811107757, 47.447153578878229 ], [ 27.560195578736483, 47.437095542333061 ], [ 27.552606224943897, 47.432910385998369 ], [ 27.55567601525307, 47.426119147204417 ], [ 27.565394879840031, 47.422383467787867 ], [ 27.569437183309599, 47.425367675320814 ], [ 27.57433977575856, 47.415649944895847 ], [ 27.573958167500582, 47.411408095151714 ], [ 27.578050483532291, 47.407685933184609 ], [ 27.584439524950945, 47.408039985710168 ], [ 27.582758014036923, 47.399813909075426 ], [ 27.570410924575331, 47.395560965935815 ], [ 27.56819004545034, 47.386678116277864 ], [ 27.569633861761289, 47.376998221421523 ], [ 27.574006790349923, 47.36794742318714 ], [ 27.581786111904876, 47.368398393297788 ], [ 27.589511237929337, 47.36480713665366 ], [ 27.597023352327025, 47.368961440839129 ], [ 27.60132572334518, 47.366783952241185 ], [ 27.59822290715935, 47.355584834676023 ], [ 27.594701026901912, 47.348484205105571 ], [ 27.599250555516413, 47.346557808903263 ], [ 27.606183170075099, 47.349229567779311 ], [ 27.604797271333155, 47.341795063015383 ], [ 27.607897672130452, 47.338328108887012 ], [ 27.614851706642792, 47.338335996959245 ], [ 27.597544304577386, 47.329036035449874 ], [ 27.595114016105793, 47.332169489848411 ], [ 27.587123122836285, 47.331980589861224 ], [ 27.584621604605339, 47.32689545863569 ], [ 27.593362727020704, 47.327744439334332 ], [ 27.592694407907977, 47.322190031586182 ], [ 27.597084334972394, 47.317555535351936 ], [ 27.602084484912009, 47.318895199046395 ], [ 27.599570303266084, 47.323758286908252 ], [ 27.603660838130576, 47.328110079538646 ], [ 27.608860483207081, 47.328213792196351 ], [ 27.610518416869041, 47.322743993244956 ], [ 27.616341926719475, 47.319375800233615 ], [ 27.622361860272559, 47.325850867390137 ], [ 27.626964701183191, 47.318956047325791 ], [ 27.627917664789017, 47.310105770052132 ], [ 27.638186347458994, 47.309787626589788 ], [ 27.633241545299306, 47.304921566174997 ], [ 27.634281333829197, 47.302347181107237 ], [ 27.64887972811535, 47.300393140046545 ], [ 27.647763559924066, 47.307447234756076 ], [ 27.662039936451812, 47.307751669157689 ], [ 27.667221032073542, 47.303938807717245 ], [ 27.669392124884684, 47.300770283703429 ], [ 27.676269655176682, 47.301362609040147 ], [ 27.684455867926353, 47.29697517709338 ], [ 27.682988829264474, 47.287413522249167 ], [ 27.688385125927788, 47.285969248970204 ], [ 27.69241249835796, 47.291924336019413 ], [ 27.705575896611485, 47.289338415292484 ], [ 27.703003731648575, 47.298603449692848 ], [ 27.708546551834715, 47.300064299065355 ], [ 27.720315942751764, 47.293414612754368 ], [ 27.726929219350641, 47.295510699258458 ], [ 27.732618563473544, 47.292378111111375 ], [ 27.738057222555778, 47.28494421025966 ], [ 27.739560061766458, 47.27531151768985 ], [ 27.748200406417293, 47.276692645763113 ], [ 27.744330512664533, 47.264858434651345 ], [ 27.75749266204831, 47.259091829622278 ], [ 27.756774458932181, 47.255865604895106 ], [ 27.748363833945202, 47.257999427068363 ], [ 27.74223540995704, 47.256877915411664 ], [ 27.744239448776739, 47.251440733718937 ], [ 27.75205496315861, 47.25499833865257 ], [ 27.757441719229583, 47.249542720210783 ], [ 27.752046606721255, 47.246126710412867 ], [ 27.744906780524317, 47.245442260923994 ], [ 27.745918807446611, 47.241629482373241 ], [ 27.749380536908671, 47.23858691885119 ], [ 27.758957318383963, 47.237837391042866 ], [ 27.754216373688209, 47.233012090407342 ], [ 27.75656509421097, 47.229861499523942 ], [ 27.773290650075182, 47.231491592142667 ], [ 27.775239207737108, 47.22856723800281 ], [ 27.770091032887965, 47.221141916915627 ], [ 27.780761573950002, 47.220885078634865 ], [ 27.786530712645092, 47.217868722284251 ], [ 27.785722060084804, 47.214450277350238 ], [ 27.779812471828212, 47.209805581676825 ], [ 27.790724374672319, 47.20653524974972 ], [ 27.787633933339571, 47.202179474686581 ], [ 27.786217733398729, 47.191692636736988 ], [ 27.788317241207775, 47.18912237354634 ], [ 27.803386960418155, 47.187298989680585 ], [ 27.798926219298224, 47.181269826903993 ], [ 27.796187014442818, 47.173680663934249 ], [ 27.797458092137532, 47.169358634708253 ], [ 27.810607689615232, 47.162865670208042 ], [ 27.803626082972059, 47.158057816667906 ], [ 27.801734307563358, 47.152498298631997 ], [ 27.790353528616301, 47.153924768760611 ], [ 27.784141564766365, 47.149730003239796 ], [ 27.787603654375086, 47.146831760684158 ], [ 27.795570701570753, 47.149347972251668 ], [ 27.799913377490512, 47.14455066246046 ], [ 27.797610154282935, 47.141417936678351 ], [ 27.784097613702613, 47.144716490601709 ], [ 27.78427783310142, 47.140728105832437 ], [ 27.804070321504977, 47.13769171857804 ], [ 27.816571534718324, 47.138033057925114 ], [ 27.833134681459313, 47.132951881581228 ], [ 27.842787730199859, 47.135540565525766 ], [ 27.85173453484218, 47.127866468094673 ], [ 27.848397491267551, 47.123010283611201 ], [ 27.844316183634081, 47.122906496200173 ], [ 27.842172010093567, 47.128975996285902 ], [ 27.838761093155764, 47.130114528898524 ], [ 27.833887309906334, 47.125000027440571 ], [ 27.826169353633613, 47.121376658268176 ], [ 27.832931386074687, 47.115708164659999 ], [ 27.856107804006353, 47.112804437057939 ], [ 27.854275983308963, 47.107923166716326 ], [ 27.861075701920399, 47.103334387219803 ], [ 27.864782105968111, 47.108295643671873 ], [ 27.874749879515839, 47.107928486149241 ], [ 27.874178905094553, 47.103198852876574 ], [ 27.883998018453411, 47.09856371999394 ], [ 27.88032758910089, 47.091017516524964 ], [ 27.88957313621701, 47.090266644419231 ], [ 27.894756198524608, 47.085459750210084 ], [ 27.896923049273727, 47.07458598364974 ], [ 27.905238829344803, 47.076952478978164 ], [ 27.91606716267372, 47.067238626553134 ], [ 27.922809758614111, 47.067917006100458 ], [ 27.93162306817689, 47.062166186622072 ], [ 27.93694238373925, 47.062270099563158 ], [ 27.956958447920918, 47.058240546456403 ], [ 27.94404483822807, 47.050603725070943 ], [ 27.958306559840366, 47.042747915823654 ], [ 27.969337958672831, 47.044780215370047 ], [ 27.976065779440155, 47.042686749202957 ], [ 27.977667575724634, 47.037686118343878 ], [ 27.986927898995475, 47.034525028147662 ], [ 27.990225991732988, 47.038192284795585 ], [ 27.996125437936911, 47.03397587539466 ], [ 27.994427154369724, 47.030105391942676 ], [ 28.015449627961942, 47.023513288537607 ], [ 28.024270125483529, 47.024779948798077 ], [ 28.028774114438164, 47.030481364692854 ], [ 28.038648200029385, 47.027863454680158 ], [ 28.040510481134028, 47.021462686068631 ], [ 28.048706988998113, 47.02455998201971 ], [ 28.053746061759352, 47.015735451900007 ], [ 28.042610396502788, 47.019262186179397 ], [ 28.036847356156603, 47.017370010298826 ], [ 28.032613653171609, 47.010918062073436 ], [ 28.040011790260934, 47.011752760530975 ], [ 28.043024949460101, 47.005590667741444 ], [ 28.049474642797126, 47.001685793133561 ], [ 28.061524223906861, 46.997790812908171 ], [ 28.074944540126229, 46.99194202191434 ], [ 28.082380867041195, 46.989824113010798 ], [ 28.077939152573233, 46.985329130453323 ], [ 28.084627899406819, 46.98490055701464 ], [ 28.095525033660191, 46.979345678289384 ], [ 28.095787420918651, 46.976396437094074 ], [ 28.086269267531055, 46.973182301103179 ], [ 28.086208634133389, 46.966292266754174 ], [ 28.078331886518821, 46.963341029331005 ], [ 28.086002588594226, 46.956324293156129 ], [ 28.093140621791282, 46.956824503603393 ], [ 28.090314649098762, 46.951103038894111 ], [ 28.098420158908368, 46.948807481580992 ], [ 28.096644781294831, 46.941598461641512 ], [ 28.084335184959734, 46.934125417604747 ], [ 28.10045813131357, 46.933211111158869 ], [ 28.098986586897855, 46.926950433359956 ], [ 28.112731627268012, 46.922231801643392 ], [ 28.102336119498744, 46.909373487104688 ], [ 28.098431974605035, 46.910579557623656 ], [ 28.087018423053017, 46.907525519323379 ], [ 28.083298813586843, 46.903792913874597 ], [ 28.085662391479527, 46.896982508052844 ], [ 28.094089269253097, 46.896075960416731 ], [ 28.097581022701288, 46.892386975399745 ], [ 28.10262362358143, 46.896030158949586 ], [ 28.107326465658339, 46.889831137716634 ], [ 28.11428969525095, 46.891358301197755 ], [ 28.112411861165569, 46.882240741916824 ], [ 28.118269660143497, 46.879153401986763 ], [ 28.109526227545356, 46.873618560609117 ], [ 28.10196573399941, 46.873700732953175 ], [ 28.099070747387735, 46.869802669112772 ], [ 28.111044794094315, 46.86984777846606 ], [ 28.107195003049711, 46.866077575348591 ], [ 28.114630802352401, 46.860699111336217 ], [ 28.123139342715508, 46.857142207114883 ], [ 28.115292292113594, 46.847169161148834 ], [ 28.114710624641891, 46.837614970843866 ], [ 28.115964920820382, 46.828151464288737 ], [ 28.114038003936226, 46.822253624158428 ], [ 28.118001681654363, 46.818743893813341 ], [ 28.125536016235564, 46.822065020927269 ], [ 28.123459423030123, 46.813837760319309 ], [ 28.130506758431522, 46.812749888313284 ], [ 28.127753751150461, 46.808720100276631 ], [ 28.133445428837412, 46.802816250808007 ], [ 28.144600686744226, 46.802192749902169 ], [ 28.148921769362705, 46.793776861455093 ], [ 28.154575053696451, 46.792045985499477 ], [ 28.159848433190994, 46.784874737796954 ], [ 28.169924861574156, 46.783039541513837 ], [ 28.176221585460535, 46.778484300611495 ], [ 28.161580333339121, 46.778075207448239 ], [ 28.167210695603913, 46.770374754377869 ], [ 28.172091575654385, 46.76856092519499 ], [ 28.178708223049899, 46.769537929063652 ], [ 28.178725583019812, 46.764087858741597 ], [ 28.173142436068339, 46.75050372488203 ], [ 28.176335059582009, 46.747497744057746 ], [ 28.182059705648538, 46.735647924932685 ], [ 28.185273084959491, 46.733624696335909 ], [ 28.192594388459511, 46.735903572022465 ], [ 28.195423341988089, 46.731573856080203 ], [ 28.186667175998423, 46.725768398283869 ], [ 28.195146927483179, 46.720135127875615 ], [ 28.208972461885153, 46.712699542019664 ], [ 28.210301451511743, 46.707478901498845 ], [ 28.205203400987109, 46.698549832157454 ], [ 28.214768707337186, 46.694554116531414 ], [ 28.21276461538849, 46.688020600711042 ], [ 28.22115412664132, 46.689902496926251 ], [ 28.224565766829773, 46.680551833024467 ], [ 28.22387232505293, 46.675838427525825 ], [ 28.229730843126934, 46.673443884362555 ], [ 28.231474794157272, 46.678239258780167 ], [ 28.239811247405058, 46.667820330460053 ], [ 28.2356534376006, 46.667281629388306 ], [ 28.237948560837502, 46.655827807441121 ], [ 28.237568680482035, 46.651245571892161 ], [ 28.24301956277316, 46.641006317650152 ], [ 28.244062969328279, 46.634399878620791 ], [ 28.23909676340115, 46.62987658921805 ], [ 28.247847688220592, 46.628046698212728 ], [ 28.251390412424271, 46.621314364749736 ], [ 28.249020704263888, 46.615825793613716 ], [ 28.25233558240776, 46.612484506897722 ], [ 28.24472668571568, 46.608044536173558 ], [ 28.248603958061672, 46.605116323457494 ], [ 28.242178252301638, 46.60161283853423 ], [ 28.238284536049903, 46.596856898927506 ], [ 28.241037026149741, 46.592039332521466 ], [ 28.237264729324089, 46.587562350424861 ], [ 28.236996007506317, 46.580055584386571 ], [ 28.227804271644807, 46.580689078738139 ], [ 28.222835446312423, 46.579120053865829 ], [ 28.225294896794846, 46.570976981973381 ], [ 28.227861062569659, 46.568547567447446 ], [ 28.225760354392889, 46.563318437208395 ], [ 28.23301787903549, 46.563406702919515 ], [ 28.233005261472179, 46.557358699734515 ], [ 28.235563064434384, 46.552507085902008 ], [ 28.225953046043479, 46.553082926512175 ], [ 28.220975489556896, 46.545527008801201 ], [ 28.222777997225066, 46.543559726493292 ], [ 28.216373456047982, 46.539065771663289 ], [ 28.230296891818504, 46.530385715209377 ], [ 28.228641219995396, 46.523440452718496 ], [ 28.219807141446044, 46.517922129897883 ], [ 28.222834119661286, 46.511650254301699 ], [ 28.214843538665058, 46.512360838323218 ], [ 28.209242038943138, 46.506082756598396 ], [ 28.214924781194188, 46.503156296302045 ], [ 28.21195530800043, 46.498801195409889 ], [ 28.22253083466742, 46.502179150799748 ], [ 28.223238677023335, 46.49563449640037 ], [ 28.23071783749695, 46.495107891132704 ], [ 28.228292054251671, 46.48940724913173 ], [ 28.231765836250847, 46.484952739629989 ], [ 28.22574532655743, 46.478994028799036 ], [ 28.235320849919194, 46.475805262352665 ], [ 28.241218748913532, 46.479733367945755 ], [ 28.245982361906911, 46.476561311363497 ], [ 28.244822227639848, 46.469282472480984 ], [ 28.25214610237909, 46.467507045968901 ], [ 28.25755703494205, 46.459763341615229 ], [ 28.249150245925616, 46.457349306417932 ], [ 28.240211531712362, 46.452578779753992 ], [ 28.242093421442085, 46.447491493493615 ], [ 28.257102463342672, 46.447379450653862 ], [ 28.260999677235333, 46.437637934823286 ], [ 28.254863749417986, 46.432577023240334 ], [ 28.258649271947238, 46.427144332512235 ], [ 28.250075729770213, 46.420390753678646 ], [ 28.248473201258783, 46.415227613166067 ], [ 28.240644899588986, 46.417175443754871 ], [ 28.23231778215893, 46.416593928789553 ], [ 28.230519003179772, 46.408460578242803 ], [ 28.238618607388606, 46.406461197309575 ], [ 28.234884782060352, 46.403456116441795 ], [ 28.228457744452065, 46.403867428283448 ], [ 28.226547533995248, 46.398579611717672 ], [ 28.238928454216499, 46.400373290864415 ], [ 28.243226330993181, 46.395824117538176 ], [ 28.235381775713112, 46.390181090138519 ], [ 28.222459163899885, 46.393619795169101 ], [ 28.22373548306312, 46.388338952620778 ], [ 28.218041891003299, 46.382783443304326 ], [ 28.210301569096409, 46.378067021229334 ], [ 28.208195092378428, 46.372674397875862 ], [ 28.200939925994682, 46.374389313328379 ], [ 28.198276194749418, 46.369706417382005 ], [ 28.203117807604094, 46.356839588451763 ], [ 28.190848026270672, 46.357199999585958 ], [ 28.192428869822276, 46.349258560458367 ], [ 28.184035350878045, 46.353279474754011 ], [ 28.188276801350284, 46.344864539316248 ], [ 28.197922961297383, 46.345701358900186 ], [ 28.195847763551619, 46.340069612526001 ], [ 28.197215398734333, 46.335029693702197 ], [ 28.188844986619198, 46.337295278603015 ], [ 28.184921522102801, 46.332346182590548 ], [ 28.192015546446378, 46.330400457103678 ], [ 28.187121991867187, 46.326141654858212 ], [ 28.194837393815284, 46.323629132638928 ], [ 28.20705675715638, 46.317712701863236 ], [ 28.203718516087694, 46.311952301865233 ], [ 28.194682187594534, 46.302896370379628 ], [ 28.187247282065368, 46.302464927533173 ], [ 28.178260294345375, 46.297564013532444 ], [ 28.185540822492648, 46.290494737328096 ], [ 28.17301829035431, 46.290195265986021 ], [ 28.169552399611909, 46.282650221499772 ], [ 28.164589304626372, 46.286520179816343 ], [ 28.157036551535299, 46.286297206465704 ], [ 28.154026836859362, 46.291815616986213 ], [ 28.149120454947219, 46.290421929945367 ], [ 28.153181557054129, 46.282393499506725 ], [ 28.152333520282305, 46.278712034411676 ], [ 28.143846670871476, 46.279340686120769 ], [ 28.147599986963311, 46.2859807647867 ], [ 28.142684257309316, 46.286415155824251 ], [ 28.137555854865475, 46.282583682221826 ], [ 28.136391601780765, 46.269107925437666 ], [ 28.133753884096659, 46.263112143617654 ], [ 28.126451317001312, 46.261995791441748 ], [ 28.132271062502625, 46.25609185154299 ], [ 28.142047486988346, 46.257296339717371 ], [ 28.146230979934604, 46.251686446754583 ], [ 28.138021551810699, 46.247942598432445 ], [ 28.134412831654913, 46.251148592488761 ], [ 28.122742865475136, 46.241651713778104 ], [ 28.117453937464177, 46.239354962278348 ], [ 28.114137992195371, 46.246017857105016 ], [ 28.109562031910077, 46.241258853492333 ], [ 28.11179969913649, 46.233770814378644 ], [ 28.110749460094805, 46.227533492064957 ], [ 28.106387624750813, 46.221790091002532 ], [ 28.111887411432804, 46.218362431735102 ], [ 28.107867729619567, 46.214611537651706 ], [ 28.114341097330623, 46.210377880689478 ], [ 28.109992111360729, 46.206613160259131 ], [ 28.116563250324585, 46.203248214247736 ], [ 28.116343337303793, 46.210687708861123 ], [ 28.12013072924303, 46.21223195663292 ], [ 28.125930426445482, 46.207553804588549 ], [ 28.123226586368794, 46.199441677955733 ], [ 28.117629116292765, 46.195643159872873 ], [ 28.123478195532673, 46.19245733515514 ], [ 28.135172891616364, 46.195012279072927 ], [ 28.141544933330874, 46.19112835210823 ], [ 28.140983596002346, 46.184015812665486 ], [ 28.131002961251991, 46.185623589061009 ], [ 28.132080872897383, 46.181967107360151 ], [ 28.143902286116315, 46.179473321312898 ], [ 28.131006431931389, 46.1738354497435 ], [ 28.138485815888437, 46.170278104806677 ], [ 28.142739737488299, 46.164096455999058 ], [ 28.13641437960781, 46.162241967616417 ], [ 28.132516555473714, 46.15452796163305 ], [ 28.127808337245185, 46.155485197674082 ], [ 28.123556755916265, 46.147706032848021 ], [ 28.129188767135542, 46.144239372111663 ], [ 28.125013954425953, 46.137571940424571 ], [ 28.128290105557618, 46.131582419234022 ], [ 28.133929280869669, 46.129516166636442 ], [ 28.129279556311037, 46.125404477867626 ], [ 28.124787048746242, 46.126234377216534 ], [ 28.124269600095747, 46.111618356982341 ], [ 28.119232051546984, 46.112639122265108 ], [ 28.11607575580134, 46.10763498598557 ], [ 28.119636262368346, 46.10259992471704 ], [ 28.109051818004755, 46.102689632063885 ], [ 28.105190024996798, 46.090016704120458 ], [ 28.111567056809836, 46.086700443855598 ], [ 28.107039080088523, 46.082862040404798 ], [ 28.097432925616264, 46.078481578366038 ], [ 28.088893019639986, 46.069220703799687 ], [ 28.100443475521235, 46.064662020884079 ], [ 28.097078988454065, 46.060078226265929 ], [ 28.088820161054986, 46.059536513119433 ], [ 28.093705722644756, 46.053210809289077 ], [ 28.104974964807468, 46.052533739995326 ], [ 28.090944060052827, 46.036092121336885 ], [ 28.087516568727263, 46.020869636219999 ], [ 28.095060629780036, 46.016826984228437 ], [ 28.094828285625589, 46.013946507177209 ], [ 28.085901833392555, 46.009123945704033 ], [ 28.093055937332494, 46.001968350301581 ], [ 28.099133989098828, 45.99089767114075 ], [ 28.105105254824792, 45.98943604380122 ], [ 28.103019996935185, 45.984029815468027 ], [ 28.105948046596005, 45.975376618919547 ], [ 28.101510265731214, 45.972641948820872 ], [ 28.108510212260615, 45.967799562752845 ], [ 28.105326631258464, 45.962320005443047 ], [ 28.110698314206395, 45.958642562729516 ], [ 28.115042200239088, 45.952852416329769 ], [ 28.11796547786496, 45.945259832525586 ], [ 28.114223188063651, 45.936555679322197 ], [ 28.120767115615909, 45.93128490680003 ], [ 28.125397251297642, 45.921378405080254 ], [ 28.120410006315254, 45.918321576720864 ], [ 28.116003376288486, 45.908535401081899 ], [ 28.119657507338193, 45.90362726136452 ], [ 28.118573207255736, 45.89975553423956 ], [ 28.112985518763178, 45.899578696643069 ], [ 28.112656437438837, 45.895329172828042 ], [ 28.116517452335287, 45.892275991395522 ], [ 28.120356698416693, 45.883575256711232 ], [ 28.13002711281656, 45.882717798324123 ], [ 28.128276489027332, 45.877361849155321 ], [ 28.13219541147247, 45.875882827499893 ], [ 28.1271505224619, 45.869601488043564 ], [ 28.12768149636408, 45.865831649253408 ], [ 28.12572228538761, 45.862806803744306 ], [ 28.119030877278743, 45.863246637718909 ], [ 28.11402943387403, 45.860129745448262 ], [ 28.105874364790765, 45.858777043501789 ], [ 28.110771358154441, 45.8509884829855 ], [ 28.114110779182951, 45.849250371371319 ], [ 28.108894526896119, 45.840677735944368 ], [ 28.112585747324136, 45.8345464818156 ], [ 28.108884827606353, 45.831081131450027 ], [ 28.113023421902916, 45.820887068706554 ], [ 28.107952982247003, 45.816946722915979 ], [ 28.111399972624511, 45.814660687433189 ], [ 28.118602535851068, 45.814876964669068 ], [ 28.121130231244759, 45.806426798306795 ], [ 28.11971196440232, 45.802076962832146 ], [ 28.122555419821484, 45.798059161818358 ], [ 28.11932635523328, 45.794664869711823 ], [ 28.112391057488072, 45.794866860926298 ], [ 28.114575205325036, 45.79009201374712 ], [ 28.122235466339259, 45.788112728112488 ], [ 28.126667947603714, 45.783602300350942 ], [ 28.135275561047354, 45.778312571501935 ], [ 28.153800029279267, 45.782428593358993 ], [ 28.155132508385357, 45.775547878942653 ], [ 28.149679400145946, 45.772830254893584 ], [ 28.143432216374137, 45.760320088126427 ], [ 28.151235744155009, 45.752648649166787 ], [ 28.151101080921649, 45.744299011681512 ], [ 28.157374311936625, 45.739974204617333 ], [ 28.16702106663551, 45.735909485949556 ], [ 28.161094651231057, 45.724712886794322 ], [ 28.166755277568477, 45.722358273196519 ], [ 28.164071392531028, 45.717251739110729 ], [ 28.170634736890541, 45.710163196931774 ], [ 28.169958778206798, 45.707820410584745 ], [ 28.160510665543832, 45.702602758571096 ], [ 28.164275601902474, 45.696460805064014 ], [ 28.162885487708209, 45.691376994005651 ], [ 28.166561673815252, 45.682565716050341 ], [ 28.17142674908866, 45.679338001127867 ], [ 28.166774079087396, 45.666428018380486 ], [ 28.162113023581643, 45.660446669679402 ], [ 28.165926491875499, 45.653506728692385 ], [ 28.15842880028741, 45.650104904310119 ], [ 28.171703184940135, 45.648523631484885 ], [ 28.174174485690781, 45.645927905190433 ], [ 28.171606337734602, 45.640617367837933 ], [ 28.156757712327735, 45.636572848259632 ], [ 28.149557012138978, 45.626142646407999 ], [ 28.145151295662643, 45.62242805579708 ], [ 28.13865944623458, 45.625689328848338 ], [ 28.122933776363755, 45.62223816297147 ], [ 28.119491562113136, 45.626803330008904 ], [ 28.112783943982919, 45.626177065249486 ], [ 28.10956292776299, 45.62133205640616 ], [ 28.100318846621299, 45.618512775715594 ], [ 28.098930726692668, 45.615615854457012 ], [ 28.089526278677393, 45.61012041334083 ], [ 28.088455061713823, 45.606142837210918 ], [ 28.090745044812149, 45.599972203277872 ], [ 28.100846290598799, 45.594939059383158 ], [ 28.105485373971796, 45.588763530146601 ], [ 28.111919089989321, 45.586877138060707 ], [ 28.117682449450605, 45.580587131552832 ], [ 28.117320977758698, 45.575665024950602 ], [ 28.120896843021665, 45.572367167927922 ], [ 28.131659171725229, 45.574649713551565 ], [ 28.134926020010944, 45.577352339533078 ], [ 28.140659304870294, 45.575983175985208 ], [ 28.144302953745449, 45.566795132519964 ], [ 28.148534495085777, 45.567742171553256 ], [ 28.15039369600964, 45.561089705722949 ], [ 28.157770195489221, 45.561364839883225 ], [ 28.155544563714642, 45.554484927034018 ], [ 28.16090284419289, 45.547324568378954 ], [ 28.165106384880289, 45.545877512540059 ], [ 28.164855211194226, 45.535272063013686 ], [ 28.166108026709022, 45.526273419447747 ], [ 28.159209274911898, 45.525668613421033 ], [ 28.166308429735722, 45.518688864621318 ], [ 28.162298285606248, 45.512128311566912 ], [ 28.164106872740351, 45.507764776079334 ], [ 28.162786180335036, 45.500182391191338 ], [ 28.17169585414479, 45.501143021478363 ], [ 28.176559623808195, 45.494744663885605 ], [ 28.178722157251457, 45.484398059934826 ], [ 28.182166922132687, 45.482524399282148 ], [ 28.184616074678061, 45.476251214915564 ], [ 28.188018689014207, 45.473368187657371 ], [ 28.202523589767605, 45.470426975494568 ], [ 28.210800170800855, 45.467178084712671 ], [ 28.223246221812886, 45.465902700395475 ], [ 28.258228627652851, 45.45695298351378 ], [ 28.268000449444195, 45.453271962111266 ], [ 28.279541363293188, 45.444777820727047 ], [ 28.286759944975529, 45.433158805193663 ], [ 28.28678380309692, 45.425912244547227 ], [ 28.28400752032524, 45.405521216433186 ], [ 28.28545927374584, 45.399849686197037 ], [ 28.29352160456078, 45.388341550540908 ], [ 28.299635162706817, 45.38200768489569 ], [ 28.313260445543808, 45.363323245159194 ], [ 28.319131653343572, 45.352089754853083 ], [ 28.334044126666448, 45.333091534421079 ], [ 28.343910942648243, 45.323635504791866 ], [ 28.349957773085304, 45.31991188550645 ], [ 28.368410097201263, 45.314413119994562 ], [ 28.390196109645647, 45.30680121207174 ], [ 28.410228010166858, 45.301063105955784 ], [ 28.444917105842102, 45.289508343981439 ], [ 28.455481842373803, 45.28768358980507 ], [ 28.492937576272141, 45.275465499104421 ], [ 28.510207172758445, 45.268833280525214 ], [ 28.532375743467142, 45.262459891051357 ], [ 28.561011288614701, 45.249597153459511 ], [ 28.568849070882848, 45.248244666445402 ], [ 28.599913038911762, 45.245755615923692 ], [ 28.632846116545672, 45.244518786995499 ], [ 28.672285218836734, 45.236452710452205 ], [ 28.696718272457723, 45.226316333628453 ], [ 28.710428587892515, 45.223999526033396 ], [ 28.718925138815958, 45.224354847182269 ], [ 28.737251103564656, 45.22993491294185 ], [ 28.743593819271851, 45.233353671477147 ], [ 28.761535739962859, 45.236035657323107 ], [ 28.780678445163161, 45.237460191028845 ], [ 28.787704081113649, 45.239345904990806 ], [ 28.792478384693627, 45.243359043919476 ], [ 28.792181060564047, 45.249595887520542 ], [ 28.781338367617423, 45.257222198126705 ], [ 28.770717213325707, 45.259833913473692 ], [ 28.762172156677519, 45.265598714604288 ], [ 28.752475633616612, 45.279002097800813 ], [ 28.751914686958518, 45.284561476004789 ], [ 28.756920823064686, 45.289347750867918 ], [ 28.766860905449676, 45.291327828374214 ], [ 28.781267052831922, 45.290663496879205 ], [ 28.793454924540157, 45.293199535526355 ], [ 28.801449941384455, 45.300864134306018 ], [ 28.805655765404119, 45.308993891147331 ], [ 28.803136344990165, 45.312991172098279 ], [ 28.786542007309372, 45.319389182070545 ], [ 28.780436646892316, 45.323216490200913 ], [ 28.783907212555757, 45.329249133127405 ], [ 28.79398131126494, 45.333649620937109 ], [ 28.802587674148096, 45.335933805305757 ], [ 28.817332089537111, 45.336068705990321 ], [ 28.824019596370423, 45.333097231249276 ], [ 28.833328030456169, 45.324306683177532 ], [ 28.845128323581953, 45.318077860919125 ], [ 28.855038506359065, 45.316282236210938 ], [ 28.867417515476525, 45.317354674694222 ], [ 28.873513435858559, 45.316200958933898 ], [ 28.88899052000502, 45.304571968186799 ], [ 28.898864497053946, 45.296946134758201 ], [ 28.914002835378398, 45.28773157113757 ], [ 28.925446776629613, 45.282556322059577 ], [ 28.936015287412161, 45.280280122449561 ], [ 28.948838705604629, 45.282998195106259 ], [ 28.95264076886437, 45.28725510396113 ], [ 28.95492832726951, 45.294285817807229 ], [ 28.954128241107622, 45.298601495953172 ], [ 28.948352627862764, 45.309116310660315 ], [ 28.959663851826594, 45.326741471888852 ], [ 28.964973623742203, 45.332053611038404 ], [ 28.982620829641284, 45.331794541950686 ], [ 28.996473330187733, 45.33626562159364 ], [ 29.007291568719992, 45.344054203696018 ], [ 29.019827778610832, 45.348379582396852 ], [ 29.028993587164262, 45.351713166004409 ], [ 29.043941874265798, 45.360752960092832 ], [ 29.052961489167359, 45.359255292702478 ], [ 29.059665563421774, 45.360464586215386 ], [ 29.075496864833578, 45.367526387321554 ], [ 29.084344726952953, 45.373863426833644 ], [ 29.103061952312288, 45.374207643572028 ], [ 29.111476079825756, 45.376775475095393 ], [ 29.119157193533521, 45.3812541583276 ], [ 29.131039324541145, 45.383294699040817 ], [ 29.150872853066545, 45.388599338916549 ], [ 29.16901785942137, 45.395095849082551 ], [ 29.180921047467514, 45.402199127167329 ], [ 29.184681453849674, 45.410700234546887 ], [ 29.197783641734365, 45.415884984684531 ], [ 29.211667763670242, 45.417735330687549 ], [ 29.225713532146578, 45.423510379745871 ], [ 29.236779138685709, 45.432032750825869 ], [ 29.250354964437108, 45.435099516421616 ], [ 29.258186634252382, 45.433148188646761 ], [ 29.269853677973966, 45.427831093720997 ], [ 29.285777995558327, 45.42642329727564 ], [ 29.298974117706823, 45.430199217833291 ], [ 29.3050663814624, 45.434192778189313 ], [ 29.317984633201164, 45.44585447231141 ], [ 29.329545727444078, 45.447673727533896 ], [ 29.335930984552956, 45.445844835838571 ], [ 29.347333170512393, 45.439248513912204 ], [ 29.358100092428167, 45.436954441666721 ], [ 29.373936593555424, 45.437944511944856 ], [ 29.380838736431507, 45.439713569833309 ], [ 29.390142251085315, 45.436470431312763 ], [ 29.398031738128903, 45.436464386711052 ], [ 29.409027118503147, 45.440379398590238 ], [ 29.41935471416048, 45.442537717832842 ], [ 29.430002107471957, 45.442669327023623 ], [ 29.436512081385789, 45.435913765109099 ], [ 29.441122257349896, 45.433426842887279 ], [ 29.463890313923983, 45.427979677037676 ], [ 29.479167221817164, 45.421832643462693 ], [ 29.502943689730934, 45.418447591931468 ], [ 29.522057903986131, 45.414096624233892 ], [ 29.54127248146451, 45.410619313276833 ], [ 29.564115098028982, 45.402402709766747 ], [ 29.573757185591557, 45.397021999606423 ], [ 29.589662536986751, 45.390027150672807 ], [ 29.604538158089198, 45.37858964608791 ], [ 29.630102039424958, 45.35433861749528 ], [ 29.651132629425103, 45.339765581369875 ], [ 29.655032625250143, 45.334407690054334 ], [ 29.662592675165094, 45.318251289602522 ], [ 29.666839333573002, 45.312454594032289 ], [ 29.669968506090434, 45.304732406535081 ], [ 29.669804731569069, 45.295881108332608 ], [ 29.676706275168389, 45.27901527887326 ], [ 29.677786283211649, 45.269250591788143 ], [ 29.664840788532285, 45.260996633688436 ], [ 29.659985620321422, 45.251698266253307 ], [ 29.662695119405409, 45.237525916790077 ], [ 29.667098610954707, 45.231054509287908 ], [ 29.670768259030488, 45.220595432329503 ], [ 29.680297254001445, 45.210199268271325 ], [ 29.682032814205677, 45.205833887012894 ], [ 29.673757924143413, 45.206108327004486 ], [ 29.67257646510426, 45.208877866200289 ], [ 29.66272230108299, 45.211849134959273 ], [ 29.646922981640792, 45.218843349986848 ], [ 29.637767786643078, 45.224360617302196 ], [ 29.63448731021618, 45.221242659528208 ], [ 29.629937463247167, 45.216917471597235 ], [ 29.629010202586429, 45.212207712214258 ], [ 29.631687559538037, 45.205062051797142 ], [ 29.636723946561204, 45.180867541918424 ], [ 29.64083229964039, 45.169480296363503 ], [ 29.649376588322749, 45.161025757423189 ], [ 29.662226335687716, 45.159886221554764 ], [ 29.680701199938824, 45.160916452564514 ], [ 29.705284741065203, 45.167149050238784 ], [ 29.700136840644419, 45.162128643801935 ], [ 29.686998728106595, 45.152484491653489 ], [ 29.675731704763212, 45.137588114678735 ], [ 29.66723882957297, 45.123888901757255 ], [ 29.65856142256299, 45.101969975448085 ], [ 29.655411147610533, 45.089100210300117 ], [ 29.653677281729895, 45.072970674108475 ], [ 29.651764873962964, 45.064344211525899 ], [ 29.6523187473367, 45.059542302327706 ], [ 29.648465206247192, 45.040221754347733 ], [ 29.646576956428618, 45.022946124893046 ], [ 29.64304153482713, 45.001047937325126 ], [ 29.644469623549654, 44.998179340042846 ], [ 29.64246809213375, 44.988092065692491 ], [ 29.634302929624223, 44.957113828458048 ], [ 29.626769129974722, 44.924318104992786 ], [ 29.625152796695311, 44.885368630911131 ], [ 29.619690987086052, 44.884991352759975 ], [ 29.60650788179721, 44.877542542572819 ], [ 29.60587451058754, 44.873012369780255 ], [ 29.610530113235296, 44.859763923779809 ], [ 29.613221147534809, 44.857274318368425 ], [ 29.609756614670804, 44.846674187199255 ], [ 29.593553290736381, 44.826192165934032 ], [ 29.583452337992899, 44.81623123179947 ], [ 29.567433399831181, 44.801985394241754 ], [ 29.552567833729555, 44.790449273172044 ], [ 29.533576191817172, 44.781504486980047 ], [ 29.516222961266731, 44.775580363026954 ], [ 29.499965054082349, 44.773692229435241 ], [ 29.492270416125905, 44.774329805344934 ], [ 29.490573613452856, 44.778369259915806 ], [ 29.513171049229125, 44.778129764963616 ], [ 29.525315429658434, 44.782829039881975 ], [ 29.525861193489632, 44.787772116289048 ], [ 29.545512887113546, 44.789409641910439 ], [ 29.551842358555081, 44.79301621017261 ], [ 29.572554849008135, 44.809832447049899 ], [ 29.580428539208576, 44.815250620122939 ], [ 29.584639272850641, 44.821368780110454 ], [ 29.591924054059923, 44.827141132664039 ], [ 29.59433959627642, 44.832118286391875 ], [ 29.608100652476789, 44.845843754297555 ], [ 29.599675379863349, 44.84532099190271 ], [ 29.585853334015447, 44.837256168485759 ], [ 29.574855776037758, 44.838333114934585 ], [ 29.567236887149971, 44.83072148021337 ], [ 29.553547581517229, 44.822888357835389 ], [ 29.548925324835473, 44.82437932672272 ], [ 29.524340468634122, 44.824459345738269 ], [ 29.506112071174794, 44.822836080535517 ], [ 29.495230165010604, 44.820228465005762 ], [ 29.440302633475024, 44.812852318716992 ], [ 29.435173381332959, 44.811554210262102 ], [ 29.389896098421502, 44.805718381895637 ], [ 29.364802297453373, 44.803983491436369 ], [ 29.325983662800613, 44.804149031004677 ], [ 29.309203938674877, 44.802103345699742 ], [ 29.271531036978512, 44.799658231880187 ], [ 29.245412844277649, 44.796780689048092 ], [ 29.220023518519817, 44.792016322627255 ], [ 29.210838645860999, 44.788442061687505 ], [ 29.189336175091263, 44.781807104759118 ], [ 29.186032431865637, 44.784667909433615 ], [ 29.159146190909183, 44.780029026354811 ], [ 29.121856730000982, 44.768021603593063 ], [ 29.108571146099049, 44.761668460283595 ], [ 29.08508823199335, 44.749029068976519 ], [ 29.058558763898198, 44.73153477417361 ], [ 29.029317203700721, 44.709279375832679 ], [ 28.995079788710232, 44.679020181752335 ], [ 28.994313133464431, 44.67664096667685 ], [ 28.983475968157414, 44.666844431936596 ], [ 28.969450524729439, 44.651214786705395 ], [ 28.960385043529886, 44.646093378737156 ], [ 28.955555216856723, 44.640272337286653 ], [ 28.950327582973685, 44.636887950855588 ], [ 28.942026956470126, 44.624407601951667 ], [ 28.940844043424118, 44.619438730649144 ], [ 28.926164736056304, 44.597796965122612 ], [ 28.905357884642701, 44.568637290034793 ], [ 28.887407634857738, 44.542935155853066 ], [ 28.870090590342308, 44.520163027575123 ], [ 28.857035313103729, 44.505628766244726 ], [ 28.837642362397478, 44.486992746451541 ], [ 28.822348122120893, 44.475614453434616 ], [ 28.811036021539334, 44.465914130718346 ], [ 28.802762555606151, 44.460525989232956 ], [ 28.779958604426668, 44.441063652321624 ], [ 28.769205197879973, 44.429766198667863 ], [ 28.764697671444146, 44.427276362526861 ], [ 28.762025806464152, 44.425706418304152 ], [ 28.746619374226341, 44.410958002907954 ], [ 28.725827026809934, 44.389857802551433 ], [ 28.720658940390933, 44.383599178546625 ], [ 28.711182505030216, 44.376571981541531 ], [ 28.69851458295615, 44.358686826669995 ], [ 28.692562115232533, 44.344844578050306 ], [ 28.689218386977103, 44.341653530979364 ], [ 28.681953655665435, 44.34288815484318 ], [ 28.68046205075936, 44.339437658332471 ], [ 28.666146134557604, 44.341154406156861 ], [ 28.661630196511087, 44.336619771365335 ], [ 28.658988434064934, 44.328912957917673 ], [ 28.65338450571172, 44.324952160759103 ], [ 28.68934291321365, 44.323549639995186 ], [ 28.689237185983355, 44.322272103412722 ], [ 28.669184190761264, 44.323376964130304 ], [ 28.639537979562409, 44.324224729655398 ], [ 28.635182602306745, 44.317975033559556 ], [ 28.626019344880355, 44.297033404980866 ], [ 28.622899699713066, 44.282269803686646 ], [ 28.622083072512659, 44.272568096168335 ], [ 28.62280178622462, 44.250480968007317 ], [ 28.626101599619844, 44.238113672072139 ], [ 28.629566525280651, 44.229386152259607 ], [ 28.636514712475165, 44.21983938040421 ], [ 28.646591978036245, 44.215628107023555 ], [ 28.651963613501557, 44.211798278126459 ], [ 28.650990442641255, 44.206979166243862 ], [ 28.655841273450882, 44.197568396521518 ], [ 28.655133841416042, 44.184227856873044 ], [ 28.660464052484649, 44.174291423028052 ], [ 28.650915791995079, 44.169790341395561 ], [ 28.649191963696776, 44.164167883098017 ], [ 28.643747911423759, 44.158409331007483 ], [ 28.645562993235892, 44.145483119566599 ], [ 28.65829912357146, 44.14834890401854 ], [ 28.659468922047051, 44.1456546662194 ], [ 28.647148973070259, 44.140963710861548 ], [ 28.649008621115165, 44.137044721101503 ], [ 28.656509035206202, 44.137311505579071 ], [ 28.657419922965172, 44.130259013728278 ], [ 28.644220205762792, 44.12816561693402 ], [ 28.642654052158594, 44.118125222850125 ], [ 28.643190351955969, 44.111628827829151 ], [ 28.641643900187386, 44.10207239489786 ], [ 28.646976390846618, 44.101850485044068 ], [ 28.647901823434438, 44.110022606071745 ], [ 28.667174484318398, 44.10929517582229 ], [ 28.666971905088353, 44.103883345133816 ], [ 28.694933726422125, 44.102867308681624 ], [ 28.694753248999874, 44.091107058101422 ], [ 28.68944122277049, 44.087844248272532 ], [ 28.669074329592277, 44.088511982706535 ], [ 28.644100653683935, 44.084200872072657 ], [ 28.638666782934305, 44.077033114703539 ], [ 28.639064840358092, 44.069313171053373 ], [ 28.641817621447409, 44.064214802133179 ], [ 28.64098785830549, 44.059528950172997 ], [ 28.6458403472989, 44.045027926788201 ], [ 28.652273121173195, 44.037461036842508 ], [ 28.653959040057178, 44.031429097705711 ], [ 28.658231590556159, 44.027053766123309 ], [ 28.662489241616441, 44.012044065019623 ], [ 28.664520130780854, 44.008520783131871 ], [ 28.662504832446217, 44.004027458219056 ], [ 28.664510690956448, 43.993898500201404 ], [ 28.667020235369783, 43.990930744601421 ], [ 28.666835572011756, 43.985435522646121 ], [ 28.661907792272679, 43.983533147017333 ], [ 28.655435893041698, 43.975819321818761 ], [ 28.655910687706044, 43.972787975528966 ], [ 28.654674816109047, 43.967162863126319 ], [ 28.641652441203057, 43.956605507610561 ], [ 28.639078233241641, 43.950778139594512 ], [ 28.638804482119944, 43.939942674619161 ], [ 28.633205138610126, 43.933480506031174 ], [ 28.636229615539389, 43.923921084119641 ], [ 28.6344772803441, 43.92117085574187 ], [ 28.628137018010484, 43.911641865274561 ], [ 28.624132643107277, 43.910207357134929 ], [ 28.618942310636626, 43.901604727097201 ], [ 28.615221219247676, 43.9000862929758 ], [ 28.606377669498961, 43.878007973575727 ], [ 28.605850333147249, 43.869096436778008 ], [ 28.608784285249119, 43.850703962294482 ], [ 28.601193023370968, 43.845307866633512 ], [ 28.593340635889732, 43.84233913032859 ], [ 28.591141374982705, 43.838828697200007 ], [ 28.592443215699241, 43.828992506658658 ], [ 28.586708537010921, 43.809618499410796 ], [ 28.581267574299055, 43.806567877327225 ], [ 28.578497167654096, 43.797009094371916 ], [ 28.57563413648279, 43.794978946747783 ], [ 28.586132158679018, 43.792357957055444 ], [ 28.580796082536853, 43.788777478319616 ], [ 28.5788288281341, 43.767158877527855 ], [ 28.575846527233839, 43.762391899660521 ], [ 28.574703558059731, 43.75554146325203 ], [ 28.579247763640666, 43.745787789501456 ], [ 28.579031163811994, 43.738718092497685 ], [ 28.446498552349748, 43.733719955590573 ], [ 28.375921544599851, 43.746981979903452 ], [ 28.34848204368145, 43.752146625907606 ], [ 28.236431434509669, 43.758488417822953 ], [ 28.137784068702945, 43.790237421933099 ], [ 28.11595296728045, 43.797182054398618 ], [ 28.064779635071844, 43.817757829792065 ], [ 28.015793089309177, 43.836886200245814 ], [ 28.004005134502673, 43.840143965204817 ], [ 27.994217758185787, 43.842883167187878 ], [ 27.976270828832618, 43.900942434820102 ], [ 27.954071978774561, 43.940148983346042 ], [ 27.94777426322862, 43.96905833804562 ], [ 27.944268254522704, 43.984793371768781 ], [ 27.930852261907152, 43.996077620064533 ], [ 27.916822479043816, 44.008225346403833 ], [ 27.843485182246663, 43.966391123680239 ], [ 27.754245299976134, 43.958316728649308 ], [ 27.737855831176841, 43.953520244088061 ], [ 27.710037067061442, 43.959391593867167 ], [ 27.707681703508218, 43.963931087834936 ], [ 27.673649961422665, 44.029799365808799 ], [ 27.643523187416395, 44.047932343018296 ], [ 27.611944988322385, 44.01220596645296 ], [ 27.492112779978747, 44.020886884635686 ], [ 27.468764488473884, 44.022501158194302 ], [ 27.399427950236184, 44.012369003689628 ], [ 27.370792047003302, 44.038919673304143 ], [ 27.356166453745224, 44.058708736528061 ], [ 27.311027252847474, 44.069670903129591 ], [ 27.291184430414404, 44.075173892507898 ], [ 27.290657512662914, 44.083054585071778 ], [ 27.279811964395662, 44.093657439214098 ], [ 27.276869553193812, 44.099250607475945 ], [ 27.2762958782608, 44.105420848771722 ], [ 27.284143717570711, 44.109862354285838 ], [ 27.27662068827016, 44.115226794787645 ], [ 27.277989827062683, 44.122263913551315 ], [ 27.27137435237162, 44.126336327676206 ], [ 27.25831415917639, 44.124720030493165 ] ] ] } }
]
}
