{"type":"Topology","arcs":[[[555311,152201],[-57,8],[-45,-20],[-45,-35],[-20,56],[-89,-41],[-57,45],[-102,-15],[-73,29],[-76,93],[-97,98],[-34,38],[138,36],[-581,285],[37,223],[-310,12],[-659,436],[-539,529],[-194,-299],[-268,-415],[-82,8],[21,-171],[6,-288],[90,-394],[68,-292],[67,-483],[77,-826],[86,-518],[67,-493],[89,-423],[103,-406],[50,-264],[85,-216],[55,-75],[97,-142],[64,-140],[69,-106],[63,-79],[71,-52],[53,-82],[25,13],[4,64],[46,47],[-13,-41],[148,21],[152,-55],[343,-77],[622,5],[79,3],[86,13],[100,24],[202,54],[314,229],[101,-19],[839,281],[-44,39],[84,25],[155,43],[296,32],[249,-13],[-18,-87],[63,-110],[-366,-71],[-163,-25],[-193,-109],[-172,-99],[-188,-222],[-251,-239],[-189,-263],[-146,-201],[-57,-142],[-60,-153],[-310,-612],[-237,-522],[-195,-517],[-205,-589],[-24,-123],[-77,-84],[-80,-285],[-25,-188],[-111,-415],[-82,-342],[-110,-338],[-103,-535],[-149,-915],[-20,-76],[-17,-243],[20,-404],[-37,-171],[-17,-88],[-19,-239],[7,-130],[-17,-198],[-39,-317],[0,0],[-17,-136],[-96,-692],[47,-122],[-27,-128],[3,-137],[10,-73],[-29,-146],[-51,-334],[-28,-174],[-43,-591],[-55,-417],[-6,-75],[-16,-117],[-56,-688],[-55,-969],[-68,-711],[-80,-595],[-60,-794],[-90,-123],[174,-152],[-32,-173],[-86,-795],[-233,-1419],[-100,-802],[-106,-539],[-9,-116],[-34,-95],[-146,-1042],[-186,-1265],[-112,-839],[-3,-231],[-41,-460],[-6,-65],[7,-393],[-15,-256],[21,-468],[-41,-1130],[-17,-732],[-19,-151],[-34,-46],[-42,11],[-112,18],[-115,131],[-777,-714],[-40,-46],[-124,-1],[-36,-43],[35,-109],[33,-67],[29,-30],[26,-29],[40,-110],[114,-553],[-21,-17],[30,-58],[74,-150],[77,-492],[159,-239],[12,-48],[48,206],[109,416],[51,370],[-72,520],[51,273],[-34,159],[19,10],[62,-75],[23,-158],[-32,-189],[25,-204],[20,-308],[-25,-321],[-148,-525],[-186,-683],[-73,-151],[-55,-309],[-84,-211],[-198,-359],[-416,-829],[-257,-565],[-422,-586],[-173,-370],[-944,-1366],[-877,-1107],[-1119,-858],[-1023,-568],[-959,-181],[-453,61],[-276,145],[-102,165],[68,81],[210,-3],[459,-136],[226,-46],[-74,163],[190,-23],[192,-2],[339,21],[233,101],[105,88],[-51,78],[-43,55],[130,45],[200,-13],[142,96],[-12,128],[-1,180],[-98,49],[5,95],[138,22],[291,-19],[185,52],[223,70],[154,-31],[305,85],[108,152],[69,91],[196,103],[196,273],[313,403],[221,239],[137,182],[236,344],[118,172],[185,221],[280,299],[248,587],[214,261],[215,293],[77,249],[66,228],[153,149],[142,286],[516,881],[68,364],[-121,-131],[-45,-9],[-56,-106],[17,-41],[-147,-56],[-79,-49],[-134,-22],[12,-52],[-58,3],[-230,-176],[-23,-56],[-178,-219],[-158,-86],[-180,-187],[-69,16],[-37,7],[-52,-18],[-23,49],[-100,6],[-55,54],[-42,6],[-89,-39],[-83,20],[-34,-27],[-64,29],[-18,83],[-25,-6],[-108,-177],[-66,-176],[-86,-137],[-36,-89],[-16,-50],[-23,-69],[-65,-79],[-6,-30],[-172,-166],[-59,-113],[10,-28],[-18,-19],[-48,12],[-79,-85],[-65,-75],[-94,-37],[-71,-58],[-22,-45],[-189,-137],[-185,118],[-88,25],[-282,-53],[-93,46],[-322,36],[-752,-22],[-210,-55],[-250,-44],[-376,-49],[-238,-7],[-307,-112],[-140,-59],[-195,-79],[-868,-211],[-939,-174],[-609,-150],[-822,-173],[-251,-104],[-51,-20],[-1805,-375],[-250,-70],[-320,-51],[-138,-3],[-156,-61],[-331,-33],[-283,-4],[-351,-34],[-59,-7],[-198,-13],[-258,-76],[-600,16],[-451,9],[-1237,-9],[-779,-158],[-102,-6],[-108,-32],[-603,-74],[-1309,-126],[-299,-30],[-10,-4],[-163,-69],[-826,-139],[-367,-46],[-184,-23],[-1496,-456],[-45,-57],[-497,-286],[-1267,-637],[-195,275],[-103,-27],[-716,-220],[-426,-114],[-340,-84],[-1068,-538],[-746,-389],[-285,-23],[-99,-202],[-374,-273],[-409,-336],[-1208,-1076],[-84,-67],[-93,-70],[-1101,-1218],[-317,-382],[-146,-78],[-1723,-2134],[-74,-114],[-99,-150],[-330,-453],[-716,-1048],[-558,-862],[-38,-49],[-86,-106],[-58,-40],[-60,-81],[0,-1],[3,-65],[-48,-162],[-139,-180],[-278,-437],[-4,-44],[-48,-46],[-47,-77],[8,-53],[-131,-103],[-20,-40],[-37,-75],[-136,-252],[-158,-329],[-279,-420],[-116,-206],[-81,-177],[-372,-413],[-74,-6],[-88,-72],[-95,-180],[-190,-378],[-192,-219],[-77,-29],[-39,-77],[6,-61],[-2,-78],[-46,-98],[-61,-41],[-61,-154],[-67,-246],[-129,-193],[-116,-293],[-13,-33],[28,-73],[-5,-86],[-31,-93],[-43,-110],[-19,-114],[-83,-213],[-161,-409],[-39,-98],[-90,-240],[-210,-522],[-36,-36],[-16,19],[-14,72],[-24,-6],[13,-91],[19,-71],[-115,-279],[-109,-202],[-9,-16],[-124,-310],[-75,-219],[-91,-100],[-52,-50],[5,-93],[-34,-120],[-58,-133],[-95,-160],[-40,-97],[-46,-113],[-33,-81],[-31,-54],[-20,-58],[-33,-101],[-70,-106],[-115,-272],[-81,-256],[-68,-114],[-71,-156],[-86,-188],[-85,-188],[-589,-1372],[-283,-664],[-101,-241],[-23,-103],[-18,-43],[-6,-34],[-64,-78],[-35,-120],[-53,-84],[-118,-234],[-182,-412],[-273,-555],[-46,-88],[-35,-46],[-27,-59],[-58,-73],[-20,-75],[-45,-96],[-18,-85],[-54,-92],[-481,-805],[-234,-497],[-74,-106],[-116,-206],[-143,-173],[-42,-79],[-22,-29],[-19,-39],[-53,-53],[-58,-143],[-103,-159],[-22,-58],[-124,-172],[-87,-112],[-281,-458],[-145,-182],[-147,-165],[-173,-248],[-436,-497],[-189,-258],[-19,-18],[-2,-26],[-435,-599],[-22,-29],[-117,-123],[-371,-394],[-9,-14],[-104,-151],[-49,-77],[-130,-156],[-98,-134],[-75,-99],[-94,-125],[-126,-178],[-26,-36],[-87,-124],[-67,-82],[-76,-108],[-122,-169],[-137,-205],[-52,-71],[-92,-138],[-122,-215],[-27,-37],[-107,-170],[-110,-188],[-45,-73],[-85,-152],[-40,-69],[-58,-105],[-29,-47],[-11,-27],[-1,-21],[1,-18],[-7,-9],[-9,6],[-6,12],[-10,9],[-14,-1],[-11,-8],[-87,-80],[-81,-86],[-41,-43],[-74,-71],[-83,-80],[-62,-81],[-69,-105],[-35,-71],[-29,-57],[-109,-143],[-154,-250],[-87,-140],[-116,-174],[-104,-181],[-18,-30],[-34,-53],[-5,-8],[-14,-21],[-72,-100],[-149,-252],[-111,-171],[-109,-184],[-27,-48],[-40,-68],[-55,-85],[-53,-92],[-75,-118],[-70,-100],[-61,-106],[-13,-12],[-39,-70],[-36,-66],[-51,-84],[-42,-60],[-46,-77],[-24,-44],[-32,-58],[-44,-71],[-30,-54],[-69,-114],[-50,-90],[-17,-31],[-46,-89],[-55,-99],[-53,-99],[-50,-97],[-38,-76],[-30,-68],[-16,-41],[-10,-8],[-15,-6],[-18,-2],[-14,-2],[-12,-7],[-17,-14],[-25,-25],[-28,-29],[-53,-54],[-23,-20],[-17,-23],[-14,-21],[-45,-61],[-70,-88],[-43,-65],[-55,-83],[-3,-6],[-2,-3],[-21,-39],[-51,-81],[-22,-37],[-54,-107],[-77,-160],[-76,-166],[-56,-120],[-43,-106],[-24,-61],[-9,-30],[-16,-50],[-31,-85],[-8,-33],[-5,-21],[-6,-40],[-22,-52],[-36,-77],[-37,-14],[-21,-14],[-17,-27],[-15,-34],[-119,-344],[-34,-76],[-41,-99],[-29,-133],[-54,-204],[-51,-158],[-78,-251],[-25,-78],[0,-57],[22,-180],[6,-14],[2,-31],[20,-131],[17,-95],[-6,-12],[-10,-1],[-10,8],[-8,19],[0,18],[-1,15],[-3,17],[-7,19],[-3,17],[-14,25],[-12,-2],[-14,-6],[-12,1],[-19,-3],[-26,-10],[-19,-9],[-20,-11],[-14,-13],[-9,-16],[-2,-14],[0,-13],[8,-4],[12,-8],[8,-13],[-10,0],[-16,-1],[-29,-2],[-13,-12],[-8,-16],[-26,-55],[-32,-67],[-44,-106],[-4,-9],[-15,-38],[-2,-61],[-9,-205],[-3,-90],[-4,-155],[-1,-74],[-5,-139],[-2,-56],[-5,-154],[0,-24],[0,-18],[-2,-69],[-2,-39],[8,-11],[5,-16],[6,-25],[3,-28],[5,-26],[10,-28],[33,-71],[288,-724],[-62,-22],[-298,847],[-10,34],[-10,45],[-1,30],[3,33],[4,83],[0,22],[6,169],[1,30],[2,81],[5,119],[1,30],[-1,18],[-10,13],[-17,1],[-2,0],[-45,2],[-44,3],[-18,0],[-2,-1],[-3,2],[-3,3],[-7,5],[-8,0],[-14,-1],[-4,1],[4,152],[2,40],[2,80],[4,92],[2,92],[3,74],[0,11],[-104,5],[-65,3],[-9,1],[-2,3],[-9,10],[-3,1],[-6,0],[-6,2],[-3,8],[-2,3],[-6,4],[-6,1],[-2,4],[-4,1],[-4,-2],[-9,-33],[-5,-15],[-14,-38],[-17,-53],[-11,-35],[-6,-22],[-9,-37],[-5,-20],[-2,-8],[-1,-2],[-2,-10],[-3,-15],[-2,-23],[0,-3],[0,-10],[-1,-5],[-1,-2],[-6,1],[-119,4],[-35,2],[0,0],[-2,0],[-2,-42],[-1,-51],[-3,-70],[-1,-41],[0,0],[-1,-5],[0,-8],[-2,0],[0,-2],[2,0],[0,-5],[-3,0],[0,-4],[-3,0],[0,5],[-2,0],[0,5],[2,0],[0,1],[-1,2],[0,2],[-2,0],[0,2],[-3,-1],[0,3],[-32,2],[0,-3],[-1,0],[0,-5],[3,-1],[-1,-5],[-2,0],[0,-6],[-3,0],[0,6],[-3,0],[0,6],[2,0],[1,6],[-1,1],[-1,0],[-9,0],[-3,-3],[-3,0],[0,-2],[1,0],[0,-3],[-3,0],[0,-2],[3,0],[-1,-6],[-3,0],[0,-6],[0,0],[-3,0],[1,6],[-3,0],[0,6],[3,0],[0,3],[-3,0],[1,57],[0,0],[2,43],[3,104],[1,15],[-4,1],[0,2],[4,0],[0,6],[1,3],[1,15],[-2,3],[-2,2],[-4,2],[-3,8],[0,15],[1,9],[0,1],[1,3],[0,11],[-1,6],[-1,7],[-1,5],[-5,1],[-2,1],[2,3],[2,7],[-1,3],[0,3],[-4,4],[-14,1],[-19,0],[-12,1],[-4,0],[-2,-3],[0,-3],[-1,-6],[-4,-5],[-4,-2],[-3,2],[-1,10],[0,2],[1,15],[1,17],[1,28],[0,12],[0,1],[-1,10],[0,1],[-5,6],[-1,3],[0,4],[2,3],[11,13],[2,9],[8,10],[12,21],[0,0],[5,9],[2,1],[3,2],[1,4],[2,4],[2,5],[2,3],[19,30],[15,29],[17,32],[11,20],[6,14],[3,6],[3,5],[3,7],[-3,4],[-3,4],[-6,2],[0,2],[4,-1],[0,0],[1,3],[-1,6],[-9,1],[-8,2],[-3,0],[-6,1],[-7,4],[-3,4],[-1,1],[-3,1],[-1,0],[-3,0],[-14,7],[-13,3],[-7,-4],[-1,0],[-8,-10],[-16,-25],[-20,-31],[-20,-30],[-19,-27],[-12,-22],[-4,-8],[-3,-8],[-8,-10],[-8,-10],[-5,-7],[-5,-7],[-3,-6],[-5,-7],[-8,-13],[-7,-9],[-3,-5],[-8,-12],[-8,-13],[-1,-1],[0,0],[-7,-11],[-3,-5],[-17,-26],[-25,-35],[-5,-7],[-2,-3],[-4,-2],[-6,1],[-14,3],[-8,1],[-28,0],[-36,2],[-45,3],[-1,0],[-57,3],[-70,5],[-33,2],[-18,0],[-14,2],[-7,-2],[-5,-4],[-3,-3],[-5,-6],[-10,-15],[-13,-22],[-11,-23],[-2,-3],[-1,-2],[-12,-17],[-7,-10],[-12,-20],[-15,-25],[-5,-12],[-6,-9],[-5,-7],[-9,-16],[-8,-15],[-18,-29],[-20,-37],[-17,-29],[-22,-36],[-27,-45],[-2,-6],[-8,-16],[-6,-8],[-6,-9],[-5,-9],[-1,-26],[0,-41],[-2,-57],[-1,-39],[2,-30],[-2,-43],[1,-13],[1,-22],[0,-18],[-2,-16],[0,-5],[5,-6],[6,-4],[7,0],[8,-1],[12,1],[11,-1],[13,-1],[8,-2],[4,3],[3,1],[9,-1],[8,-3],[4,-1],[6,-2],[8,1],[5,1],[3,4],[8,0],[7,0],[5,-5],[9,-1],[9,-1],[19,-1],[4,2],[2,4],[5,2],[5,0],[5,-5],[3,-4],[6,0],[16,0],[11,1],[2,0],[3,4],[3,1],[6,-1],[7,-5],[6,-2],[17,-2],[7,0],[4,2],[3,4],[3,2],[5,1],[4,-2],[6,-7],[8,-1],[22,-2],[4,1],[4,4],[4,4],[4,-1],[4,-3],[4,-5],[31,-1],[8,1],[2,2],[7,3],[5,-2],[2,-3],[5,-3],[7,0],[4,0],[8,0],[8,1],[7,-1],[4,3],[3,1],[4,0],[5,-2],[2,-3],[4,-1],[10,1],[5,-1],[3,-2],[6,0],[7,0],[1,2],[2,5],[4,3],[7,0],[4,-2],[2,-7],[2,-3],[25,-1],[4,3],[3,4],[5,4],[11,1],[12,-4],[8,-6],[3,-1],[5,3],[5,8],[5,11],[7,8],[3,5],[4,10],[1,7],[2,12],[1,7],[0,3],[0,3],[-6,0],[0,3],[12,0],[2,-1],[0,-5],[0,-2],[-1,-32],[-2,-79],[-2,-58],[-6,0],[0,2],[-6,0],[0,2],[3,0],[-1,4],[-2,4],[-5,7],[-7,6],[-12,12],[-10,5],[-10,5],[-3,4],[0,5],[0,6],[-3,6],[-5,3],[-10,4],[-18,2],[-45,2],[-38,1],[-39,2],[-9,-1],[-8,0],[-7,3],[-9,3],[-24,2],[-27,1],[-35,2],[-10,0],[-38,0],[-8,-1],[-10,3],[-12,1],[-16,1],[-20,1],[-27,1],[-26,0],[-43,3],[-28,1],[-2,-15],[0,-17],[-2,-14],[1,-10],[4,-5],[7,-4],[15,-2],[16,-1],[8,0],[2,-1],[2,-5],[1,-5],[-26,2],[-36,1],[-90,3],[-57,3],[0,-13],[-1,-8],[-1,-48],[-1,-15],[-1,-20],[-2,0],[0,6],[-4,-1],[-4,-2],[-3,-2],[-2,-2],[-4,-2],[-5,-4],[-5,-2],[-4,-1],[-3,-3],[-4,-5],[-4,-4],[-3,-6],[-2,-8],[-1,-11],[-2,-13],[-1,-15],[-1,-4],[-2,-7],[0,-11],[-2,-14],[-2,-12],[-1,-8],[-1,-10],[0,-15],[-1,-6],[-1,-9],[0,-11],[2,-14],[5,-17],[3,-5],[11,-1],[9,1],[3,0],[8,-1],[3,-1],[-2,-3],[-4,0],[-2,0],[-3,0],[-6,-1],[-19,-1],[-16,-3],[-18,-4],[-21,-6],[-11,-2],[-20,-6],[-21,-7],[-18,-7],[-17,-5],[-28,-8],[-12,-4],[-16,-4],[-19,-6],[-12,-3],[-12,-4],[-23,-8],[-26,-8],[-25,-8],[-24,-8],[-18,-2],[-17,-2],[-19,-3],[-10,-1],[-8,-1],[-6,-2],[-2,-3],[0,-4],[1,-3],[2,-7],[-2,-2],[-2,-1],[-1,0],[-4,-2],[-2,2],[0,4],[-1,4],[0,2],[-5,5],[-2,5],[-3,1],[6,-14],[99,-249],[2,-6],[165,-10],[3,0],[1952,-124],[-6,-123],[-1182,106],[-1748,82],[-13,1],[-32,-27],[-28,-71],[-35,-86],[-128,-359],[-21,-58],[-62,-206],[-1,-1],[-128,-422],[-41,-152],[-128,-434],[-89,-345],[-50,-247],[-41,-201],[-59,-358],[-37,-243],[-33,-287],[-20,-224],[0,-9],[-4,-39],[-31,-256],[-13,-207],[-8,-136],[-14,-255],[-2,-29],[-4,-72],[-1,-37],[-3,-56],[-1,-55],[-1,-62],[-1,-22],[-2,-97],[0,0],[-1,-70],[-3,-107],[-3,-118],[0,-92],[0,-2],[-4,-315],[6,-238],[6,-327],[10,-223],[10,-186],[6,-113],[18,-231],[29,-119],[34,-165],[13,-192],[6,-83],[4,-57],[13,-43],[19,-64],[28,-84],[11,-80],[9,-85],[4,-67],[5,-36],[1,-15],[18,-96],[12,-40],[18,-36],[11,-31],[6,-17],[13,-38],[21,-41],[15,-24],[6,-26],[3,-28],[6,-43],[2,-42],[3,-34],[1,-24],[10,-51],[9,-37],[1,-4],[7,-34],[20,-61],[12,-51],[12,-62],[6,-47],[10,-66],[9,-28],[25,-65],[29,-56],[28,-63],[20,-48],[20,-54],[10,-32],[14,-48],[17,-41],[26,-61],[19,-35],[13,-17],[5,-7],[27,-41],[33,-47],[30,-53],[14,-28],[4,-22],[10,-34],[18,-38],[2,-4],[18,-50],[19,-44],[26,-34],[23,-18],[23,-12],[15,-3],[14,-3],[13,1],[15,10],[12,11],[5,10],[1,10],[-1,6],[-5,3],[-4,5],[-2,3],[0,9],[4,5],[5,1],[4,-2],[6,-15],[16,-26],[6,-13],[-1,-5],[-3,-6],[-3,-12],[-4,-18],[0,-10],[3,-4],[14,-15],[10,-10],[1,0],[3,-4],[2,-5],[-3,-5],[-5,-1],[-3,0],[-1,-3],[4,-14],[13,-8],[18,-7],[19,-4],[9,2],[12,4],[8,-9],[20,-6],[15,3],[4,1],[1,1],[5,1],[13,3],[14,11],[9,4],[3,1],[8,2],[9,5],[4,6],[-1,7],[-3,6],[-1,1],[-3,3],[-2,2],[0,4],[0,2],[1,1],[3,3],[3,1],[1,-1],[8,-6],[17,-17],[1,0],[3,1],[3,6],[10,13],[6,8],[17,27],[4,6],[21,34],[42,60],[10,15],[6,9],[4,6],[20,26],[18,23],[19,23],[11,22],[9,12],[9,4],[11,0],[13,-10],[31,-26],[15,-12],[44,-40],[33,-29],[19,-17],[19,-19],[11,-14],[6,-6],[0,-1],[1,-7],[-4,-4],[-6,1],[0,0],[-9,5],[-9,8],[-8,8],[-12,8],[-7,0],[-8,-8],[-9,-11],[-6,-1],[-4,4],[1,4],[0,1],[0,1],[6,11],[7,9],[2,8],[-7,9],[-33,28],[-25,25],[-28,19],[-17,14],[0,1],[-5,2],[-15,-4],[-15,-3],[-12,-5],[-9,-8],[-8,-13],[-8,-10],[-2,-2],[-7,-9],[0,-1],[1,-3],[1,-4],[0,-1],[-1,-4],[-5,-3],[-1,-1],[-10,-9],[-13,-17],[-16,-23],[-1,-10],[-6,-8],[-12,-14],[-2,-2],[-3,-4],[-7,-9],[-1,-4],[0,-1],[1,-2],[1,-1],[4,-11],[5,-15],[1,-3],[3,-7],[3,-4],[22,-45],[10,-20],[4,-5],[12,-6],[3,-4],[4,-5],[0,-2],[-1,-2],[-2,-2],[-1,-1],[-5,0],[-7,2],[-3,0],[-2,0],[0,0],[-3,-2],[-5,-4],[0,0],[-6,-7],[-24,-38],[-18,-29],[-8,-12],[-11,-18],[-1,-9],[1,-2],[0,-1],[3,-6],[1,-8],[1,-5],[5,-11],[1,-5],[4,-10],[9,-20],[3,-9],[3,-5],[9,-13],[5,-5],[2,-2],[9,-7],[12,-6],[7,-1],[3,2],[0,0],[1,1],[7,13],[9,11],[6,3],[0,0],[2,1],[17,1],[18,-3],[6,-5],[10,-7],[3,-2],[3,-4],[12,-11],[1,-1],[1,-2],[11,-17],[1,-1],[18,-30],[15,-35],[13,-23],[12,-11],[18,-3],[18,-1],[8,-7],[5,-12],[10,-25],[26,-43],[26,-32],[21,-19],[4,-2],[1,-1],[0,0],[2,1],[8,11],[5,3],[2,1],[1,0],[2,-1],[3,-1],[2,0],[3,-6],[3,-4],[1,-2],[4,-14],[6,-13],[7,-11],[2,-3],[1,-1],[4,-4],[7,-11],[2,-2],[4,-9],[1,-2],[4,-6],[4,-17],[8,-30],[4,-17],[0,0],[1,-5],[2,-9],[4,-6],[1,-3],[4,-7],[1,-8],[1,-6],[4,-8],[17,-20],[29,-32],[12,-13],[1,-1],[1,-1],[3,-17],[7,-22],[1,-7],[-3,-3],[-5,-1],[-2,1],[-2,0],[0,1],[-5,13],[-9,16],[-5,16],[-12,16],[-14,17],[-8,11],[-4,0],[-15,-9],[-11,-6],[-20,-21],[-22,-29],[-12,-25],[-6,-18],[-10,-46],[-3,-28],[1,-62],[2,-40],[2,-36],[4,-12],[0,0],[1,-6],[8,-12],[8,-4],[7,-1],[11,3],[17,3],[5,-2],[-1,-4],[-1,-1],[-1,-1],[-5,-4],[-12,-5],[-8,-4],[-2,-11],[3,-22],[5,-38],[8,-45],[8,-24],[17,-51],[16,-46],[20,-52],[3,-9],[2,-5],[23,-54],[8,-16],[10,-20],[0,-2],[16,-26],[17,-19],[33,-20],[1,0],[1,-1],[31,-18],[4,-1],[0,-1],[17,-3],[26,-4],[17,1],[19,4],[9,5],[18,14],[4,11],[-2,26],[-7,23],[-9,20],[-5,12],[8,8],[5,-1],[1,-2],[1,-3],[5,-7],[8,-23],[5,-16],[0,-1],[2,-14],[2,-15],[0,-2],[2,-32],[3,-10],[10,-29],[11,-32],[13,-36],[14,-40],[3,-7],[0,-1],[7,-13],[7,-15],[6,-17],[3,-28],[-1,-1],[-1,-5],[-1,-1],[-4,-2],[-5,2],[-1,5],[-2,19],[-5,19],[-4,8],[-7,1],[-12,-3],[-19,-10],[-19,-15],[-16,-14],[-2,-2],[0,-1],[-5,-6],[-7,1],[-9,-12],[-6,-8],[-3,-4],[-13,-22],[0,-2],[-11,-29],[-14,-41],[-7,-22],[-5,-29],[-2,-25],[-1,-23],[-6,-50],[-6,-37],[-7,-42],[-5,-65],[-3,-50],[1,-33],[5,-38],[15,-47],[8,-20],[15,-21],[24,-23],[27,-17],[22,-8],[19,-2],[10,4],[3,8],[2,19],[4,40],[0,1],[1,8],[0,0],[0,0],[2,1],[3,2],[5,-2],[2,-9],[0,-2],[0,-1],[0,-14],[-3,-39],[-3,-31],[-1,-1],[0,0],[-3,-3],[-18,-5],[-49,-17],[-37,-14],[-15,-5],[-2,-4],[4,-19],[4,-14],[-1,-5],[-5,-1],[-2,1],[0,1],[-2,1],[-3,6],[-3,4],[-8,-3],[-7,-6],[-5,-12],[-4,-15],[-4,-33],[-1,-23],[-3,-35],[-2,-33],[0,0],[-1,-3],[1,-32],[1,-8],[1,-4],[1,-8],[6,-29],[8,-19],[15,-15],[10,-2],[3,5],[1,5],[4,10],[2,1],[1,1],[3,2],[4,0],[2,-4],[0,-2],[0,-2],[-1,-13],[-2,-6],[-4,-11],[-3,-1],[-4,-3],[-6,-5],[-3,-2],[-6,-6],[0,-11],[-1,-26],[0,-1],[-1,-38],[3,-6],[13,-7],[14,-8],[1,-2],[3,-9],[0,-2],[0,-16],[-1,-2],[-1,-2],[-1,-1],[-7,-1],[-8,5],[-8,11],[-2,11],[-4,8],[-9,2],[-10,-6],[-14,-13],[-1,-1],[0,0],[-9,-18],[0,-1],[-1,0],[0,-6],[-2,-15],[-1,-10],[0,-1],[-2,-23],[2,-56],[1,-22],[1,-6],[4,-45],[7,-30],[9,-23],[6,-5],[14,1],[18,0],[12,9],[8,7],[4,-1],[3,-6],[-4,-7],[-4,-5],[-4,-3],[-1,-3],[-1,-3],[0,-7],[2,-41],[1,-8],[1,-18],[0,-1],[3,-5],[0,-1],[7,-2],[4,-1],[1,-1],[1,-2],[1,-1],[-2,-8],[-5,-2],[-8,2],[-7,0],[-11,0],[-17,-8],[-10,-4],[0,-4],[0,-1],[-1,-7],[3,-24],[1,-3],[2,-4],[12,-24],[30,-26],[43,-20],[29,-5],[15,4],[10,8],[17,22],[5,36],[2,31],[7,7],[2,1],[1,2],[3,-1],[4,-2],[0,0],[2,-33],[0,-1],[0,-40],[-5,-6],[-28,-27],[-12,-14],[-3,-8],[-6,-11],[-1,-3],[-6,-2],[-6,-2],[-1,-1],[-11,-10],[0,0],[0,-1],[-2,-1],[-17,-20],[0,-1],[15,-32],[0,-1],[4,-20],[0,-1],[0,0],[-3,-8],[-1,0],[-2,-1],[-2,0],[-1,0],[-7,16],[-2,0],[0,1],[-7,3],[-16,-7],[-10,-16],[-4,-27],[-1,-3],[0,-1],[4,-25],[0,-4],[1,-1],[17,-28],[1,-1],[1,0],[31,-25],[32,-12],[8,-4],[0,0],[3,-1],[24,-2],[48,-4],[15,-2],[15,-2],[6,-1],[10,10],[11,11],[2,3],[18,21],[7,8],[8,8],[1,5],[1,3],[1,3],[0,1],[1,1],[3,3],[3,5],[0,8],[1,11],[-1,9],[0,5],[1,3],[3,11],[2,8],[0,0],[4,14],[1,8],[-2,9],[1,6],[-3,5],[-1,10],[2,3],[0,2],[5,0],[3,1],[0,0],[2,-2],[2,-3],[2,-3],[4,-8],[2,-12],[2,-13],[-1,-10],[-3,-15],[-2,-13],[-3,-13],[-8,-22],[-3,-9],[17,-13],[26,-16],[49,-35],[29,-19],[17,-12],[0,0],[20,-14],[26,-19],[9,-9],[3,-2],[6,-6],[1,-2],[10,-24],[3,-11],[1,-5],[0,-12],[0,-2],[-2,-17],[-2,-3],[-3,-3],[-1,0],[-5,-1],[-5,1],[-2,3],[0,0],[-1,2],[-1,10],[0,11],[4,13],[-2,6],[-6,19],[-5,6],[-16,16],[-23,15],[-14,10],[-22,14],[-15,9],[-3,2],[0,0],[-4,0],[-7,0],[0,0],[0,0],[-2,-3],[-1,-1],[-5,4],[6,10],[-1,1],[-26,19],[-16,11],[-1,0],[-13,10],[-20,13],[-6,5],[-3,2],[0,0],[-3,0],[-1,-1],[-3,-2],[-15,-17],[-30,-34],[-9,-10],[-10,-11],[-24,-29],[-6,-7],[0,-2],[0,-3],[2,-6],[7,-17],[9,-20],[5,-10],[0,0],[5,-9],[8,-17],[5,-14],[1,-2],[6,-12],[0,-4],[0,0],[16,-34],[4,-10],[5,-10],[6,-13],[-36,-22],[-30,-20],[0,0],[-3,5],[-3,-2],[0,0],[7,-16],[1,-1],[3,-7],[7,-16],[2,-4],[21,-46],[14,-29],[4,-9],[43,-14],[9,-3],[79,-24],[23,-7],[2,-1],[1,5],[1,5],[0,1],[11,50],[6,25],[0,0],[-17,44],[-13,36],[-1,1],[-3,10],[-11,28],[-12,33],[-11,28],[-19,50],[-8,23],[-9,23],[0,1],[7,7],[1,1],[11,20],[0,0],[5,-4],[-8,-14],[0,0],[2,-5],[6,-18],[18,-49],[10,-26],[9,-17],[7,-25],[14,-34],[6,-17],[10,-30],[3,-5],[1,-1],[3,-10],[1,-3],[1,-1],[4,-7],[5,-13],[9,-14],[5,-6],[2,-6],[3,-14],[11,-9],[13,-15],[8,-14],[7,-12],[7,-20],[2,-5],[21,-62],[0,-1],[5,-16],[9,-28],[12,-35],[3,-5],[3,-3],[2,-7],[-1,-5],[0,-1],[-5,-8],[-7,-10],[-16,-15],[-24,-24],[-19,-18],[-19,-21],[-7,-11],[-3,-9],[-2,-9],[0,-2],[0,-8],[4,-10],[0,-11],[-7,-10],[-1,-1],[-12,-8],[-15,-9],[-14,-1],[-10,1],[-4,1],[-12,13],[-10,5],[-7,4],[-27,-4],[-36,-9],[-26,-8],[-3,-2],[0,0],[-22,-13],[-9,-9],[-2,-11],[4,-13],[3,-11],[-1,-8],[0,-16],[-4,-34],[-14,-79],[-9,-48],[-12,-11],[-34,-24],[-1,-4],[0,-1],[-9,-82],[-13,-132],[-16,-138],[0,-2],[-5,-41],[-5,-55],[0,-47],[4,-30],[12,-28],[10,-10],[18,-23],[34,-29],[47,-43],[39,-38],[44,-39],[26,-23],[42,-37],[101,-89],[56,-49],[13,-11],[165,-143],[27,-19],[25,-17],[18,-20],[44,-38],[35,-38],[20,-23],[4,-9],[1,-3],[3,-16],[10,-68],[15,-86],[21,-116],[1,-5],[12,-72],[7,-48],[7,-50],[10,-45],[5,-49],[1,-16],[2,-35],[-7,-208],[0,-42],[-2,-58],[-1,-60],[6,-27],[4,-7],[2,-4],[5,-14],[1,-1],[11,-29],[10,-16],[23,-33],[59,-77],[62,-76],[14,-24],[29,-31],[527,-673],[1,-2],[864,-1104],[98,-379],[77,-296],[273,-614],[-39,-20],[-261,591],[-71,278],[-99,382],[-413,537],[-2,3],[-957,1242],[-23,30],[-11,16],[-15,20],[-10,13],[-7,9],[-19,24],[-15,20],[-9,11],[-15,19],[-16,23],[-29,35],[-16,22],[-15,23],[-24,28],[-6,9],[-8,9],[-4,4],[-12,7],[-11,6],[-3,5],[1,17],[0,16],[1,6],[4,8],[4,7],[2,22],[3,42],[0,19],[0,16],[-1,0],[-3,0],[2,43],[1,41],[3,0],[2,0],[0,14],[0,20],[3,10],[1,10],[-1,4],[1,15],[2,18],[-1,10],[1,13],[1,23],[1,11],[0,5],[1,12],[0,15],[-2,5],[-4,0],[-8,-3],[-5,-2],[-6,-2],[-3,0],[-4,-1],[-3,0],[-4,-1],[0,0],[0,0],[-3,-2],[-6,-2],[-1,0],[-2,0],[2,-5],[0,0],[-3,-1],[-3,-1],[0,0],[-1,2],[-4,15],[-2,7],[0,1],[5,2],[6,4],[1,0],[0,1],[0,1],[-1,0],[0,0],[0,2],[4,3],[0,0],[37,13],[3,3],[3,3],[1,3],[-1,2],[-2,8],[0,15],[-1,8],[-3,18],[-4,21],[-8,51],[-2,14],[-2,5],[0,9],[-3,18],[-4,28],[-2,9],[-3,16],[-2,5],[-1,11],[-3,20],[-3,7],[-3,16],[-1,9],[-4,3],[-4,1],[-2,1],[3,8],[1,9],[-1,10],[1,4],[0,6],[0,5],[-1,8],[0,4],[-1,4],[-1,3],[-2,1],[-3,3],[-12,-3],[-7,-2],[0,0],[-1,0],[-1,1],[0,0],[-1,2],[-7,44],[-5,35],[-1,4],[0,1],[0,1],[0,0],[0,1],[1,1],[15,3],[4,1],[1,1],[2,0],[0,1],[0,9],[-3,16],[-5,18],[0,8],[0,4],[-1,16],[-2,8],[-4,7],[-4,3],[-6,6],[-4,6],[-9,11],[-14,12],[-2,1],[-5,-2],[-4,-6],[-7,-11],[0,0],[-1,0],[-2,-1],[-40,36],[0,2],[0,2],[9,14],[1,5],[-1,6],[-5,3],[-8,7],[-21,19],[-11,10],[-5,1],[-3,-2],[-4,-6],[-3,-4],[-3,-5],[-7,-11],[-1,-2],[-1,-2],[-2,-6],[-2,-5],[-1,-2],[0,-1],[-4,-6],[-6,-9],[0,-7],[-4,-6],[-1,1],[-2,-3],[-3,-4],[-1,-1],[0,0],[-1,-1],[-1,0],[-84,73],[-32,29],[-57,49],[-8,8],[-2,2],[-1,0],[0,1],[0,1],[0,0],[0,1],[1,0],[41,63],[-1,0],[-30,27],[-40,36],[-5,4],[-13,11],[0,0],[-16,-25],[-38,-60],[-6,-9],[-1,0],[-1,0],[-30,27],[-7,6],[-15,13],[-3,3],[-1,1],[0,0],[0,0],[-1,1],[0,0],[0,1],[1,1],[0,0],[14,23],[8,12],[21,32],[6,10],[14,21],[-20,18],[-39,35],[-3,-4],[-2,-4],[-21,-32],[-18,-29],[-13,-20],[-6,-9],[-1,0],[0,0],[-1,-1],[-1,1],[-9,7],[-8,7],[0,1],[-4,3],[0,0],[0,0],[-1,1],[0,0],[1,2],[0,0],[0,0],[30,48],[35,54],[-60,53],[-80,71],[-23,20],[-42,38],[-6,6],[-4,0],[-4,-40],[-2,-18],[10,-2],[2,0],[1,-1],[0,-2],[-6,-60],[-16,-156],[-3,-23],[-1,-8],[0,-2],[-1,-1],[-1,0],[-62,9],[-6,1],[-1,1],[-1,2],[0,4],[2,19],[9,88],[2,14],[7,64],[11,105],[2,15],[-49,7],[-10,1],[-6,1],[-1,1],[8,85],[0,1],[0,1],[1,0],[1,1],[0,0],[4,-1],[12,-1],[28,-3],[4,37],[12,119],[9,76],[2,20],[5,47],[0,1],[3,24],[8,73],[10,101],[4,37],[4,30],[-2,9],[-16,-7],[-19,-7],[-55,-21],[-40,-15],[0,0],[-6,-2],[-1,0],[-1,0],[0,0],[-1,0],[0,1],[-3,9],[-17,62],[-5,17],[0,1],[0,1],[0,0],[0,1],[0,0],[1,1],[0,0],[1,1],[0,0],[7,3],[33,12],[53,20],[11,5],[4,1],[5,2],[1,0],[2,-1],[2,-11],[50,19],[5,3],[-2,9],[-22,-8],[-7,26],[-17,59],[-7,28],[-1,1],[-9,32],[-12,43],[-11,40],[-36,-14],[-92,-35],[-59,-22],[-102,-39],[-19,-7],[-1,-1],[-33,-12],[-5,-42],[-7,-72],[-8,-69],[-8,-73],[-2,-17],[-2,-15],[7,-1],[115,-17],[61,-9],[-1,-11],[-8,-71],[0,-1],[0,-1],[-128,19],[-54,9],[-22,3],[-114,17],[-84,13],[-21,20],[-18,18],[2,20],[-3,3],[-5,1],[-76,11],[-57,8],[-18,3],[-3,-27],[-2,-21],[0,-1],[50,-8],[43,-6],[11,-2],[0,0],[0,0],[1,-1],[0,-3],[-1,-6],[0,0],[0,-1],[-6,1],[-98,15],[-2,0],[-2,-22],[-4,-29],[-1,-11],[0,-5],[12,-2],[49,-8],[39,-5],[23,-5],[0,-3],[1,-37],[1,-1],[25,0],[27,1],[21,0],[12,2],[41,-6],[40,-6],[115,-17],[62,-10],[56,-8],[16,-3],[-2,-18],[-6,-49],[0,-5],[0,-1],[0,0],[-1,-2],[0,0],[-1,-1],[-1,0],[-27,4],[-54,8],[-43,6],[-5,1],[-16,2],[1,2],[-17,3],[-2,-19],[-1,-12],[-1,-13],[0,-1],[11,-2],[2,2],[3,-1],[0,-2],[-1,-10],[0,-3],[-1,0],[-2,0],[-2,3],[-12,1],[-6,-53],[17,-2],[6,-3],[83,-12],[32,-5],[43,-6],[29,-4],[0,-11],[-2,-17],[-4,-46],[-3,-26],[-1,-2],[-2,0],[-160,24],[-142,22],[-11,2],[-3,-1],[-11,-98],[216,-32],[128,-19],[0,-2],[-11,-109],[-3,-1],[-21,3],[-50,7],[-63,10],[-108,16],[-77,11],[-154,23],[-18,3],[-3,-30],[-12,-109],[-4,-29],[1,-1],[9,-2],[301,-44],[279,-41],[9,-1],[2,-1],[4,-1],[1,-1],[0,-1],[-15,-143],[-2,-22],[-1,-3],[-1,-1],[-2,-1],[-209,31],[-395,60],[-20,-170],[-2,-19],[137,-20],[332,-49],[182,-27],[12,-2],[1,-1],[0,-4],[-17,-2],[1,-19],[16,1],[1,-1],[0,-3],[0,-1],[-91,-34],[-97,-36],[-173,-64],[-293,-107],[49,-181],[367,136],[281,104],[5,1],[2,-1],[23,-84],[16,-60],[1,-2],[-1,-1],[-122,-45],[-230,-86],[-215,-79],[-87,-31],[48,-181],[104,39],[222,82],[171,63],[243,89],[9,4],[2,-2],[69,-258],[3,-4],[9,3],[1,-1],[8,2],[1,0],[8,3],[5,2],[37,13],[19,7],[16,6],[-5,18],[-44,167],[-7,26],[-8,30],[-7,24],[0,0],[1,3],[0,0],[42,15],[2,1],[0,0],[0,0],[2,-2],[71,-265],[17,6],[10,3],[14,5],[23,7],[19,7],[17,4],[5,5],[-4,17],[-12,44],[-13,47],[-26,97],[-12,48],[-4,15],[0,0],[1,2],[0,0],[21,8],[15,5],[3,1],[1,-1],[1,0],[0,0],[31,-117],[40,-149],[14,5],[50,18],[44,17],[-22,81],[-3,11],[-33,119],[-7,28],[-3,13],[-4,14],[1,2],[13,5],[3,1],[2,-1],[0,0],[0,-1],[2,-5],[2,-4],[4,0],[0,0],[1,0],[4,-1],[0,0],[1,-1],[2,-2],[10,-30],[4,-11],[3,-8],[6,-25],[10,-28],[3,-17],[4,-18],[4,-11],[8,-10],[5,-9],[2,-7],[1,-13],[6,-22],[3,-11],[3,-13],[0,-1],[-3,-10],[-5,-10],[-2,-5],[3,-16],[7,-21],[7,2],[32,12],[21,8],[10,4],[4,2],[0,-1],[0,0],[1,0],[2,-4],[7,0],[10,4],[0,0],[0,0],[4,3],[4,3],[5,1],[2,-6],[4,-17],[0,0],[-1,0],[-3,-2],[-1,1],[-1,1],[0,0],[-7,-4],[-15,-13],[-1,-3],[0,0],[-3,-1],[-1,4],[-3,1],[-2,0],[0,0],[-2,0],[-13,-5],[-7,-7],[0,0],[-4,-2],[0,0],[0,0],[-3,4],[-18,-4],[-7,-6],[-3,-11],[3,-9],[0,-7],[4,-7],[0,-18],[-4,-9],[-5,-1],[-6,3],[-4,6],[-5,24],[-3,13],[-7,6],[-16,-8],[2,-7],[1,-12],[-5,-10],[-11,-9],[-12,-1],[-7,-3],[-11,-2],[-18,-45],[-1,-7],[6,4],[5,-19],[-26,-10],[-155,-57],[-237,-87],[-161,-59],[-30,-11],[-34,-13],[-152,-55],[-245,-89],[-22,-9],[-32,-11],[14,-52],[4,-13],[0,0],[1,-4],[13,-50],[14,-52],[19,-70],[13,-51],[24,8],[4,0],[0,-3],[-4,0],[-4,-2],[3,-7],[-6,-3],[-4,-3],[-3,-8],[-1,-9],[2,-13],[6,-22],[6,-15],[8,-7],[4,0],[6,2],[11,1],[9,3],[8,3],[8,2],[16,5],[7,4],[9,2],[2,2],[6,1],[9,4],[8,3],[10,1],[10,3],[7,3],[117,46],[35,7],[59,19],[60,29],[44,19],[24,17],[29,12],[26,8],[18,-2],[18,5],[23,9],[30,19],[32,13],[12,6],[13,-4],[18,4],[13,7],[9,8],[33,8],[19,4],[9,4],[8,10],[9,2],[25,6],[15,-3],[27,11],[31,14],[29,12],[8,2],[6,0],[5,-11],[-5,-12],[-46,-18],[-213,-75],[-155,-59],[-24,-15],[-10,-9],[-7,-17],[-13,-18],[-12,-22],[-3,-16],[-3,-33],[5,-8],[1,-19],[5,-16],[21,-87],[33,-115],[8,-36],[17,-72],[25,-90],[18,-46],[9,-38],[3,-37],[5,-42],[10,-41],[4,-26],[9,-39],[7,-36],[7,-22],[9,-17],[4,-27],[8,-30],[8,-29],[17,-21],[16,-14],[15,4],[10,5],[28,7],[28,13],[23,7],[12,5],[20,5],[8,-10],[-8,-14],[-23,-5],[-30,-12],[-18,-20],[-24,-54],[-6,-18],[-3,-8],[-7,-22],[-1,-22],[-1,-14],[4,-37],[3,-20],[1,-41],[-3,-38],[4,-34],[9,-34],[8,-24],[5,-21],[15,-29],[13,-35],[6,-35],[7,-17],[13,-20],[25,-42],[6,-17],[7,-22],[4,-22],[1,-23],[8,-31],[15,-52],[10,-63],[2,-49],[0,-28],[1,-21],[12,-41],[8,-43],[16,-58],[13,-40],[13,-28],[11,-25],[6,-20],[3,-38],[-4,-49],[3,-36],[0,-18],[6,-19],[13,-38],[11,-45],[10,-43],[11,-27],[2,-4],[16,-21],[17,-11],[15,3],[19,1],[11,-9],[10,-36],[10,-23],[2,-5],[2,-1],[20,-30],[143,-175],[60,-74],[49,-64],[44,-11],[30,-4],[91,-26],[69,-14],[47,-11],[4,-8],[-3,-4],[-57,9],[-131,31],[-75,15],[49,-61],[-30,-28],[-16,17],[-7,30],[-6,13],[-34,43],[-44,52],[-44,54],[-18,7],[-11,3],[-11,18],[0,11],[-10,16],[-31,43],[-40,54],[-33,40],[-17,16],[-16,12],[-11,7],[-18,2],[-11,3],[-24,-2],[-45,0],[-30,1],[-21,0],[-14,3],[-20,5],[-24,-1],[-26,-1],[-15,1],[-35,8],[-35,3],[-60,2],[-30,5],[-13,2],[-18,-1],[-23,0],[-14,0],[-13,3],[-28,5],[-23,1],[-26,4],[-66,-2],[-74,-5],[-38,4],[-18,7],[-7,5],[-15,15],[-10,11],[-3,7],[3,9],[7,3],[12,-6],[21,-18],[19,-5],[19,2],[23,-4],[33,-2],[16,0],[16,1],[19,-4],[23,1],[17,3],[38,8],[25,8],[23,2],[19,-3],[21,-12],[21,-7],[19,-1],[16,2],[12,-1],[21,-2],[25,2],[39,5],[45,5],[18,-3],[14,8],[9,7],[17,1],[17,-2],[6,1],[8,4],[18,-2],[15,4],[6,11],[3,12],[2,8],[1,16],[-8,16],[-17,18],[-17,16],[-11,18],[-12,20],[-14,22],[-8,13],[-4,16],[-5,18],[-6,14],[-10,14],[-7,16],[-3,11],[2,14],[-6,19],[-15,27],[-11,17],[-8,27],[-1,28],[5,36],[2,15],[3,18],[-2,24],[-9,23],[-11,19],[-3,20],[1,20],[2,29],[-6,33],[-9,31],[-8,39],[-4,40],[-14,47],[-12,38],[-10,18],[-8,26],[3,16],[8,16],[3,20],[-5,26],[-6,19],[-4,18],[-4,31],[-13,35],[-12,39],[-16,31],[-26,60],[-11,29],[-8,15],[-5,12],[1,18],[0,39],[-2,27],[-4,13],[-7,11],[-14,18],[-6,20],[-2,17],[0,39],[-8,25],[-8,46],[-5,31],[-7,33],[-6,18],[-11,16],[-8,19],[-2,14],[-11,16],[-3,15],[-7,22],[-14,37],[-5,15],[-4,9],[-6,7],[-11,8],[-14,-1],[-14,-17],[-6,-23],[-8,-11],[-8,-6],[-5,-4],[-13,-2],[-17,-2],[-24,-5],[-12,-5],[-6,-18],[-7,-13],[-7,-8],[-13,-17],[-8,-7],[-4,-14],[-5,-21],[-2,-12],[1,-9],[6,-6],[9,-10],[4,-10],[9,-14],[5,-22],[11,-23],[8,-23],[12,-14],[8,-9],[9,-9],[9,-23],[11,-37],[3,-18],[4,-21],[1,-8],[0,-10],[-5,-15],[-11,-6],[-3,-8],[0,-14],[2,-13],[-1,-21],[6,-23],[5,-15],[5,-7],[5,-15],[0,-22],[-2,-20],[-8,-16],[-2,-12],[9,-33],[14,-45],[7,-34],[14,-55],[21,-76],[-3,-10],[-38,-14],[-127,-47],[-142,-51],[-114,-42],[-2,-27],[-6,-189],[-9,-243],[-3,-82],[-3,-32],[3,-8],[-4,-17],[1,-24],[0,-9],[23,-34],[14,-13],[14,-20],[11,-12],[19,-3],[34,4],[25,3],[23,-3],[23,-5],[12,-17],[-11,-14],[-17,-3],[-31,0],[-35,7],[-42,6],[-16,6],[-16,25],[-10,20],[-15,19],[-17,19],[-5,22],[0,29],[2,37],[1,45],[2,44],[10,228],[8,238],[2,12],[1,6],[13,8],[49,16],[187,69],[136,49],[21,9],[8,1],[1,8],[-3,18],[-15,59],[-17,64],[-15,52],[-5,8],[-3,9],[-2,13],[0,10],[-3,12],[-7,19],[-2,9],[-3,10],[-2,8],[-5,11],[-3,10],[-3,12],[-2,8],[-5,10],[-4,11],[2,7],[-2,11],[-5,17],[-3,10],[-4,17],[-2,9],[-3,13],[-2,13],[-4,12],[-4,8],[-4,12],[-2,12],[-2,7],[-6,10],[-4,9],[-1,16],[-2,11],[-5,16],[-3,16],[-4,3],[-5,2],[5,8],[-1,9],[-4,13],[-2,14],[-2,10],[-7,19],[-4,13],[-3,9],[-6,17],[-3,15],[-3,9],[-4,14],[-5,24],[-3,12],[-7,23],[-8,27],[-97,3],[-5,-6],[-6,-3],[-131,-49],[-157,-58],[-18,-7],[-64,-23],[-28,-11],[-3,-93],[-5,-121],[-5,-113],[-2,-62],[-3,-93],[-5,-122],[-2,-47],[-3,-84],[-1,-14],[-3,-96],[-3,-71],[-3,-75],[-3,-91],[-2,-36],[-2,-52],[-3,-67],[0,-12],[-1,-3],[-115,6],[-4,-119],[-1,-14],[-2,0],[-1,2],[-4,2],[-2,6],[1,8],[1,32],[1,40],[2,33],[0,15],[-1,7],[2,3],[4,1],[6,-6],[8,-1],[24,-1],[38,-2],[26,-1],[2,3],[3,10],[1,9],[-2,9],[-4,14],[1,7],[4,5],[2,6],[-1,5],[1,6],[0,3],[-2,11],[-4,9],[-2,6],[0,14],[-4,13],[-3,8],[-1,14],[1,10],[-4,9],[-4,12],[-1,9],[0,8],[4,12],[1,7],[-5,11],[-6,12],[-1,7],[-2,12],[0,10],[0,7],[-1,2],[-3,2],[-3,0],[-5,-3],[-1,-1],[-5,-4],[-12,-1],[-11,1],[-7,-2],[-9,-6],[-16,-2],[-9,-2],[-15,-7],[-9,-2],[-13,-2],[-1,0],[-11,-1],[-8,-6],[-10,-6],[-13,-4],[-14,-2],[-16,-3],[-8,-6],[-3,-9],[-2,-27],[1,-7],[-1,-21],[-2,-25],[-5,-19],[0,-14],[-1,-11],[2,-23],[3,-24],[-2,-10],[-2,-15],[0,-12],[2,-25],[4,-10],[5,-17],[4,-19],[-2,-8],[-1,-7],[2,-6],[3,-13],[1,-9],[1,-14],[0,-10],[3,-11],[5,-14],[2,-12],[-1,-11],[0,-8],[2,-7],[7,-7],[8,-16],[4,-12],[7,-12],[7,-17],[1,-10],[2,-3],[10,0],[15,0],[28,-3],[23,-3],[25,-8],[21,-8],[12,-9],[2,-5],[3,-4],[6,-9],[3,-2],[10,-12],[10,-7],[5,-2],[2,-1],[2,0],[0,-4],[-2,-63],[-8,-208],[-1,-23],[-3,-81],[-1,-24],[-1,-27],[-3,-67],[-3,-66],[-2,-50],[-1,-53],[-2,0],[-1,-1],[-3,0],[-5,-2],[-3,-4],[-3,-4],[-6,-6],[-3,-1],[-4,0],[-3,-2],[0,-3],[0,-10],[0,-13],[-1,-9],[1,-2],[3,-2],[4,-2],[2,-4],[2,-4],[0,-6],[0,-7],[0,-7],[0,-5],[-1,-22],[-2,-5],[-41,-129],[0,0],[0,0],[154,-11],[161,-11],[27,392],[27,392],[479,-28],[479,-27],[178,-15],[-8,-257],[-8,-257],[4,-5],[828,-48],[821,-49],[2,0],[9,3],[14,-11],[8,-21],[-10,-158],[-3,-40],[1,-93],[-4,-39],[0,-26],[2,-39],[-8,-30],[-5,-110],[-1,-46],[-6,-173],[-5,-189],[-5,-149],[0,-7],[-8,-24],[-15,-13],[-35,-24],[-13,-13],[-76,-75],[-73,-74],[-45,-48],[-42,-37],[-6,-5],[-25,-12],[-11,-2],[-26,13],[-99,8],[-109,12],[-26,2],[-159,12],[-167,9],[-23,1],[-32,-2],[-7,0],[-8,-4],[-15,0],[-18,7],[0,0],[-20,9],[-95,2],[-67,1],[-148,11],[-102,1],[-17,-1],[-4,-1],[-23,-2],[-28,-6],[-112,-32],[-3,-3],[-5,-5],[-12,-5],[-17,0],[-89,-25],[-238,-63],[-150,-43],[-94,-29],[-12,-5],[-51,-15],[-68,-17],[-11,-7],[-15,-13],[-17,-6],[-16,-2],[-10,3],[-11,0],[-16,-1],[-67,-18],[-78,-23],[-104,-27],[-44,-14],[-56,-19],[-37,-11],[-50,-13],[-26,-7],[-28,-6],[-4,-1],[-3,-1],[-12,-2],[-12,-13],[-1,-1],[-14,-28],[-10,-17],[-4,-11],[-1,-7],[-5,0],[-8,-3],[-7,-8],[-5,-13],[-11,-25],[-7,-22],[-2,-12],[-5,-2],[-9,1],[-10,3],[-4,10],[-2,11],[-4,9],[-5,1],[-3,1],[-8,-1],[-10,-6],[-11,-8],[-6,-9],[-8,-17],[-1,-5],[-3,-15],[-2,-19],[3,-6],[5,-9],[3,-7],[4,-8],[1,-2],[6,-7],[7,-6],[5,1],[7,14],[3,-3],[-4,-10],[-2,-7],[1,-9],[-3,-6],[-3,1],[0,9],[-2,4],[-4,0],[-5,-2],[-6,-6],[-5,-12],[0,0],[-4,-10],[-9,-24],[-5,-20],[-6,-16],[-3,-22],[-5,-26],[0,-12],[-5,-20],[-11,-27],[-8,-18],[-8,-12],[-9,-14],[-10,-14],[-7,-10],[-8,-15],[-6,-11],[-8,-22],[-7,-19],[-8,-26],[-7,-22],[-5,-9],[0,-4],[4,-1],[2,-5],[1,-8],[-1,-4],[-4,-7],[-4,-10],[-17,-40],[-10,-67],[0,-153],[20,-58],[0,-32],[-1,-44],[1,-18],[3,-13],[4,-12],[5,-4],[10,1],[4,1],[7,1],[10,2],[5,2],[6,0],[3,-5],[-1,-4],[-2,-3],[-6,-2],[-8,0],[-9,-2],[-4,0],[-5,0],[-10,-1],[-7,-1],[-2,-4],[-2,-8],[1,-9],[1,-13],[3,-15],[2,-12],[4,-19],[7,-13],[-3,-14],[-1,-13],[-2,-21],[-2,-21],[2,-10],[4,-5],[8,0],[2,1],[9,5],[10,3],[7,5],[17,4],[10,4],[7,3],[4,-2],[1,-7],[-4,-1],[-3,-4],[-8,0],[-9,-4],[-13,-4],[-14,-5],[-13,-6],[-1,0],[-5,0],[-2,-3],[-2,-10],[0,-11],[1,-11],[5,-20],[-1,-16],[2,-16],[5,-16],[3,-6],[7,-15],[10,-15],[4,-14],[3,-18],[4,-10],[6,-5],[13,4],[8,5],[10,3],[13,5],[16,4],[5,-2],[55,16],[-3,19],[13,3],[0,3],[3,3],[3,-5],[2,-7],[4,-11],[1,-9],[0,-8],[-6,-6],[-7,-4],[-6,1],[-3,16],[-39,-11],[-11,-3],[-14,-6],[-17,-6],[-19,-5],[-14,-4],[-2,-3],[2,-16],[-5,-1],[-1,6],[-2,0],[-4,-3],[-2,-4],[1,-8],[1,-10],[5,-10],[8,-10],[7,-6],[1,-7],[-4,-15],[-3,-11],[-1,-12],[3,-12],[-1,-9],[-2,-4],[0,-3],[6,2],[5,2],[3,4],[2,9],[1,9],[1,7],[2,8],[4,10],[2,11],[3,14],[2,5],[0,5],[0,4],[4,4],[5,-2],[1,-4],[-3,-12],[-6,-24],[-5,-18],[-4,-13],[-1,-10],[-1,-8],[0,-10],[0,-9],[-4,-2],[-3,1],[-2,3],[-2,7],[-2,4],[-4,-1],[-7,-2],[-2,-1],[-3,-1],[-5,-9],[-3,-14],[0,-8],[-1,-14],[1,-20],[2,-11],[7,-27],[8,-24],[6,-13],[2,-5],[3,-4],[3,0],[5,2],[3,2],[5,1],[6,0],[3,3],[7,2],[7,3],[8,1],[4,1],[4,0],[2,-3],[-2,-4],[-1,-2],[-5,0],[-8,-2],[-11,-3],[-10,-3],[-10,-3],[-2,-6],[0,-8],[3,-10],[4,-18],[6,-14],[13,-19],[15,-14],[12,-6],[9,0],[5,4],[4,8],[5,11],[5,5],[6,3],[8,-3],[5,2],[14,3],[17,5],[17,2],[19,4],[19,5],[8,4],[8,2],[4,-1],[5,-4],[2,-10],[2,-19],[3,-22],[2,-20],[4,-15],[3,-20],[1,-23],[3,-17],[3,-13],[-2,-11],[-2,-16],[-3,-8],[-5,-5],[-5,0],[-4,1],[-1,8],[1,8],[1,9],[-5,4],[-5,1],[-7,-2],[-5,-2],[-4,0],[-5,0],[-4,6],[-1,4],[3,6],[4,8],[1,7],[3,6],[-10,93],[-81,-14],[3,-28],[7,-62],[37,6],[1,-7],[2,-6],[3,-8],[4,-7],[-1,-4],[-5,-3],[-10,-3],[-9,-1],[-16,-3],[-12,-2],[-8,0],[-7,5],[-3,-1],[-3,-8],[-7,-10],[-5,-11],[-5,-14],[-5,-15],[-5,-17],[-3,-24],[-2,-27],[-2,-26],[1,-37],[-2,-31],[2,-24],[0,-18],[0,-34],[1,-30],[3,-36],[5,-30],[5,-15],[0,-3],[2,-13],[-1,-8],[4,-28],[-1,-28],[3,-26],[3,-35],[4,-44],[2,-11],[2,-19],[1,-13],[6,-25],[3,-22],[2,-20],[1,-31],[1,-31],[3,-27],[2,-7],[3,-6],[6,-2],[3,2],[6,0],[2,-5],[0,-5],[1,-2],[3,-3],[6,-8],[3,-5],[7,-6],[4,1],[5,2],[10,4],[8,3],[2,1],[0,4],[0,3],[1,4],[3,4],[2,2],[4,-2],[3,-6],[2,-10],[2,-8],[1,-4],[-2,-5],[-2,-1],[-3,0],[-3,0],[-2,1],[-3,2],[-1,5],[-3,-2],[-5,-3],[-3,-6],[-2,-10],[0,-9],[2,-7],[-1,-10],[5,-16],[5,-18],[6,-11],[5,-8],[4,-3],[2,0],[6,0],[3,4],[0,4],[2,7],[4,0],[2,-6],[1,-5],[0,-7],[3,-10],[3,-6],[1,-7],[-3,-1],[-4,2],[-4,0],[-1,-3],[-2,-4],[1,-7],[4,-22],[3,-29],[3,-38],[6,-44],[6,-37],[8,-28],[8,-42],[7,-40],[5,-30],[6,-33],[5,-26],[6,-29],[10,-47],[11,-51],[9,-47],[10,-43],[1,-4],[7,-34],[4,-30],[4,-17],[2,-15],[6,-28],[7,-23],[8,-25],[11,-23],[12,-11],[24,-1],[17,-6],[6,-3],[13,-7],[9,-26],[6,-26],[1,-2],[6,-25],[17,-52],[7,-48],[6,-36],[10,-31],[16,-39],[10,-24],[13,-11],[13,-18],[6,-14],[17,-22],[6,-25],[3,-21],[-3,-10],[-2,-7],[-8,-13],[0,-11],[5,-17],[4,-5],[5,-6],[7,-5],[5,-2],[4,-1],[3,2],[1,1],[5,2],[3,-2],[3,0],[2,2],[0,2],[0,2],[4,2],[5,2],[4,2],[2,0],[1,2],[-1,3],[-1,2],[0,2],[2,3],[3,0],[2,-4],[0,-4],[0,-2],[2,-1],[2,1],[1,-2],[2,-4],[-1,-4],[3,-3],[3,-1],[2,0],[1,-1],[1,-3],[-1,-8],[-3,-6],[0,-4],[0,-5],[-2,-5],[0,-5],[1,-4],[3,-3],[2,0],[3,-4],[3,-4],[3,-7],[2,-7],[2,-5],[1,-6],[-2,-6],[-2,-4],[-3,-3],[-3,0],[-1,2],[-1,3],[-1,1],[-2,-1],[-1,-4],[0,-6],[2,-5],[1,-7],[5,-11],[5,-10],[8,-13],[9,-9],[7,-4],[10,-4],[4,2],[1,2],[-1,4],[-1,5],[0,5],[2,4],[4,1],[6,-3],[5,-7],[6,-11],[7,-9],[13,-16],[8,-11],[4,-3],[6,-8],[5,-7],[3,-4],[2,-4],[0,-4],[-2,-3],[-2,-2],[-3,-2],[-2,-1],[-2,2],[-2,0],[-2,4],[-1,3],[-1,2],[-3,0],[-3,2],[-2,5],[-4,2],[-3,1],[-2,2],[-4,0],[-3,-1],[-4,-5],[-3,-4],[-3,-9],[-3,-8],[0,-2],[-2,-10],[1,-8],[2,-11],[5,-12],[7,-9],[8,-8],[8,-5],[0,0],[7,-1],[7,0],[7,3],[4,3],[3,5],[0,5],[-1,5],[-2,5],[-3,3],[0,5],[2,4],[4,3],[4,0],[3,-2],[1,-5],[1,-6],[4,-14],[3,-5],[4,-16],[6,-15],[-1,-5],[2,-7],[2,-9],[-1,-7],[-4,-3],[-4,2],[-1,6],[0,4],[-4,9],[-5,4],[-6,-2],[-5,-2],[-5,-6],[-5,-7],[-3,-6],[-1,-3],[-3,-10],[-1,-8],[-1,-9],[1,-13],[2,-13],[4,-21],[6,-15],[5,-14],[6,-15],[10,-23],[8,-12],[4,-3],[2,-1],[1,-1],[3,1],[1,2],[3,1],[5,2],[4,1],[6,1],[8,3],[17,6],[13,4],[6,2],[7,1],[5,2],[4,2],[4,2],[2,0],[4,1],[3,2],[5,1],[4,0],[2,-3],[-1,-4],[-2,-2],[-7,-2],[-5,-2],[-13,-4],[-19,-7],[-14,-5],[-16,-4],[-5,-3],[-2,-5],[-1,-8],[-1,-11],[-1,-14],[-2,-27],[-3,-28],[-1,-1],[-2,-18],[-1,-23],[1,-20],[3,-18],[2,-15],[1,-11],[1,-6],[-1,-5],[2,-10],[3,-8],[4,-12],[2,-12],[2,-17],[4,-17],[4,-17],[3,-7],[0,-1],[6,-10],[5,-11],[4,-3],[4,0],[4,1],[4,3],[9,4],[3,3],[4,1],[4,2],[2,1],[1,-3],[-2,-3],[-6,-4],[-8,-5],[-8,-4],[-6,-4],[-4,-3],[-3,-3],[0,-6],[1,-10],[2,-11],[3,-10],[4,-11],[5,-11],[7,-16],[13,-24],[12,-19],[10,-13],[7,-10],[1,-1],[1,-1],[7,-10],[11,-10],[6,-4],[10,-5],[9,-5],[12,-4],[10,-2],[8,-1],[15,1],[13,5],[11,7],[7,7],[2,4],[1,4],[-2,4],[-3,6],[-3,8],[-4,9],[-4,7],[-4,8],[0,6],[3,3],[3,0],[4,-1],[3,-5],[4,-7],[4,-10],[5,-13],[5,-12],[5,-13],[4,-3],[7,-4],[52,24],[34,27],[14,23],[16,1],[5,-18],[-8,-34],[-6,-37],[-18,-44],[-23,-13],[-29,-10],[-13,-14],[-22,-23],[-44,-64],[-21,-37],[-29,-58],[-4,-56],[30,-83],[39,-87],[16,-43],[7,-14],[9,-16],[8,-12],[5,-13],[4,-9],[8,-11],[11,-15],[3,-2],[11,-11],[11,-8],[10,-4],[6,-1],[13,-5],[20,-6],[19,-3],[4,0],[8,2],[7,4],[17,6],[5,6],[0,6],[-6,6],[-5,8],[2,9],[4,5],[3,9],[-2,17],[2,16],[12,8],[5,-5],[7,-16],[4,-11],[1,-21],[-7,-27],[-8,-37],[8,-9],[5,-15],[3,-15],[4,-12],[-5,-5],[-13,8],[-2,16],[-2,11],[-11,6],[-20,-1],[-31,-11],[-10,-15],[-15,-29],[-3,-17],[-2,-18],[5,-15],[1,-10],[0,-15],[2,-12],[6,-16],[3,-6],[3,-7],[7,-5],[5,-7],[2,-10],[0,-8],[-3,-4],[-6,0],[-3,-1],[-3,-7],[2,-11],[3,-9],[2,-8],[-1,-15],[-2,-24],[3,-21],[6,-14],[6,-12],[6,-25],[6,-26],[6,-22],[5,-18],[4,-6],[4,-15],[7,-18],[4,-13],[5,-14],[3,-9],[2,-3],[0,-4],[0,-1],[1,-4],[2,-5],[6,-13],[2,-9],[1,-14],[1,-12],[0,-28],[4,-38],[6,-26],[5,-22],[2,-26],[4,-21],[6,-20],[4,-21],[5,-14],[4,-18],[1,-7],[16,-52],[2,-6],[36,-118],[3,-12],[4,-5],[2,-3],[3,-9],[5,-10],[2,-7],[1,-4],[17,-30],[14,-35],[9,-27],[13,-43],[9,-28],[6,-57],[0,-44],[-22,-57],[-33,-48],[-18,-17],[-9,-31],[-7,-29],[-11,-24],[-13,-36],[-9,-50],[-3,-38],[1,-55],[2,-16],[4,-37],[3,-47],[-7,-40],[-8,-47],[4,-61],[7,-67],[6,-52],[12,-39],[8,-66],[24,-96],[8,-22],[7,-26],[4,-36],[10,-53],[8,-51],[1,-4],[1,-5],[8,-60],[10,-58],[5,-34],[18,-51],[19,-42],[30,-58],[14,-38],[25,-48],[8,-1],[2,3],[1,2],[4,3],[20,-34],[7,-21],[3,-35],[2,-33],[1,-30],[0,-6],[2,-17],[4,-13],[2,-7],[3,-24],[0,-10],[2,-14],[8,-23],[6,-14],[9,-38],[-1,-29],[-5,-55],[-2,-36],[-2,-16],[0,-7],[-6,-15],[-11,-25],[-15,-51],[-3,-20],[-8,-9],[-19,-5],[-28,-1],[-36,-12],[-21,-17],[-18,-23],[-24,-20],[-16,-6],[-89,-73],[-18,-8],[-21,-17],[-22,-33],[-10,-39],[-16,-39],[-9,-15],[-11,-19],[-21,-25],[-20,-24],[-31,-40],[-4,-4],[-32,-42],[-31,-32],[-16,-17],[-44,-82],[-6,-12],[-13,-25],[-25,-62],[-20,-84],[-23,-77],[-28,-69],[0,-25],[8,-124],[6,-42],[14,-94],[0,-6],[3,-18],[10,-19],[7,-23],[2,-24],[0,-5],[-5,-17],[-11,-39],[-10,-36],[-20,-65],[0,0],[-3,-10],[-17,-54],[-7,-20],[-12,-25],[-8,-27],[-4,-49],[-1,-12],[1,-20],[3,-60],[-1,-16],[-11,-20],[-12,-17],[-1,-2],[-17,-19],[-23,-24],[-11,-9],[-16,-13],[-9,-9],[-20,-9],[-7,-6],[-29,-27],[-31,-24],[-9,-5],[-12,-19],[-8,-14],[-5,-8],[-14,-28],[-20,-26],[-35,-31],[-29,-34],[-22,-40],[-3,-7],[-15,-34],[-9,-15],[-10,-17],[-19,-43],[-25,-55],[-15,-26],[-9,-8],[-5,-4],[-14,-12],[-24,-16],[-21,-13],[-1,-1],[0,0],[-124,-157],[-41,-52],[-4,-5],[-26,-42],[-32,-57],[-29,-65],[-1,-1],[0,-1],[-27,-79],[-30,-91],[-5,-20],[-13,-56],[-2,-6],[-26,-70],[-13,-54],[-3,-14],[-1,-8],[0,0],[-7,-46],[-11,-52],[-13,-61],[-2,-6],[2,-1],[2,-3],[1,-4],[0,-9],[-5,-64],[-2,-32],[1,-6],[4,-2],[1,-7],[-2,-33],[-5,-32],[-2,-7],[-1,0],[-9,-30],[-10,-41],[0,-28],[2,-28],[-3,-45],[-8,-33],[-8,-58],[0,-43],[5,-44],[-3,-13],[-3,-4],[1,-13],[5,-3],[4,-2],[1,-11],[0,-14],[0,-24],[2,-4],[10,-4],[3,-5],[9,1],[10,3],[4,-5],[1,-8],[-1,-5],[0,-1],[0,0],[-8,-1],[-13,-3],[-5,-12],[-1,-18],[0,-21],[-4,-16],[-7,-15],[-4,-9],[1,-15],[5,-15],[6,-13],[-1,-11],[-2,-5],[-2,-3],[-2,-4],[3,-3],[1,-1],[0,-11],[1,-7],[4,-4],[6,-5],[3,-10],[2,-10],[-1,-10],[-2,-13],[-5,-10],[-4,-12],[0,-16],[2,-27],[3,-27],[2,-27],[2,-17],[-1,-12],[-8,-10],[-7,-11],[-2,-20],[-1,-11],[0,-1],[-1,0],[-2,-3],[-9,-4],[-21,-6],[-14,-11],[-12,-13],[-14,-18],[-8,-12],[-21,-19],[-19,-28],[-14,-22],[-13,-34],[-4,-14],[-6,-25],[-7,-19],[-9,-12],[-8,-12],[-8,-21],[-4,-17],[-2,-15],[-3,-15],[-5,-21],[-1,-11],[-4,1],[0,24],[0,24],[-1,5],[1,5],[3,1],[3,0],[2,2],[1,5],[-1,11],[0,3],[4,3],[5,1],[1,3],[-1,21],[-1,7],[2,4],[6,1],[1,3],[0,8],[2,3],[4,2],[2,2],[-1,14],[0,4],[1,4],[2,1],[3,1],[3,1],[0,10],[0,10],[2,2],[4,2],[2,2],[0,15],[0,10],[-1,2],[-6,0],[-1,-1],[-2,-3],[-3,-15],[-2,-8],[-1,0],[-2,-15],[-2,-10],[-5,-8],[-6,-9],[-1,-1],[-10,-14],[-8,-16],[-6,-20],[-2,-18],[-3,-22],[-2,-16],[-6,-18],[-1,-3],[-2,-13],[-8,-22],[0,0],[-5,-12],[-8,-22],[0,-1],[-9,-21],[-14,-33],[-16,-46],[-9,-29],[-10,-24],[0,0],[0,0],[-4,-28],[3,-36],[0,-6],[0,-22],[7,-34],[16,-28],[9,-18],[0,0],[2,-4],[10,-32],[7,-25],[0,0],[3,-12],[7,-34],[1,-21],[2,-23],[6,-24],[10,-25],[0,-13],[0,-1],[-2,-18],[0,-1],[4,-29],[2,-9],[1,-6],[2,-7],[3,-27],[6,-23],[9,-21],[0,-1],[2,-4],[9,-19],[8,-28],[9,-33],[5,-27],[1,-31],[5,-36],[1,-40],[-2,-33],[0,-6],[0,-21],[2,-19],[1,-1],[7,-31],[5,-20],[11,-18],[7,-12],[3,-10],[-1,-10],[-4,-15],[-7,-18],[-4,-11],[-2,-8],[-3,-14],[-3,-15],[-10,-9],[-1,0],[-8,-19],[-9,-24],[-9,-22],[-11,-21],[-12,-27],[-11,-28],[0,0],[-6,-16],[-1,-2],[-1,-5],[-5,-18],[-3,-10],[-6,-17],[-2,-32],[-2,-21],[-5,-19],[-5,-13],[-11,-33],[-7,-15],[-16,-18],[-10,-18],[-15,-29],[-27,-48],[-1,0],[-21,-42],[-18,-46],[-23,-50],[-8,-18],[-25,-68],[-12,-43],[-4,-43],[-2,-15],[-5,-27],[-4,-33],[-7,-30],[-1,-4],[-4,-27],[0,-2],[-1,0],[-23,-38],[-20,-35],[-27,-43],[-30,-35],[-24,-24],[-39,-27],[-29,-22],[-8,-7],[-26,-16],[-28,-24],[-31,-15],[-23,-7],[-25,-4],[-27,-15],[-22,-25],[-20,-21],[-29,-43],[-31,-44],[-11,-24],[-7,-15],[-39,-78],[-22,-55],[-8,-19],[-7,-18],[-3,-5],[-11,-28],[-5,-12],[-8,-39],[-11,-46],[-12,-45],[-7,-41],[-5,-25],[-3,-30],[-2,-10],[-3,-60],[-4,-16],[-4,-13],[-12,-51],[-14,-40],[-6,-22],[-9,-17],[-27,-25],[-36,-16],[-29,-8],[-22,-3],[-26,-10],[-23,-19],[-25,-23],[-22,-25],[-1,-1],[-3,-3],[-29,-38],[-36,-78],[-13,-43],[-11,-58],[5,-40],[3,-21],[2,-18],[1,-10],[1,-21],[4,-36],[-1,-24],[-1,-18],[-12,-38],[-20,-38],[-18,-31],[-17,-37],[-7,-14],[-23,-88],[-4,-26],[0,-1],[-5,-57],[-10,-47],[-6,-25],[-9,-36],[-13,-49],[-8,-50],[-7,-65],[-4,-44],[-8,-20],[-6,-17],[-3,-18],[1,-30],[4,-34],[1,-42],[5,-24],[9,-32],[6,-14],[8,-10],[11,-8],[8,-4],[9,-2],[8,2],[9,18],[8,18],[4,11],[5,3],[4,0],[3,-3],[0,-7],[-3,-14],[-7,-20],[-5,-14],[-9,-10],[-24,-23],[-16,-19],[-14,-25],[-12,-24],[-10,-16],[-6,-4],[-5,0],[-2,5],[5,11],[7,15],[0,6],[-6,8],[-19,9],[-16,3],[-20,-8],[-17,-14],[-4,-2],[-17,-26],[-12,-25],[-2,-8],[-1,-8],[-3,-17],[4,-8],[5,-3],[6,0],[4,5],[3,0],[4,-3],[0,-5],[-5,-4],[-6,-6],[-8,-8],[-2,-3],[-4,-8],[-4,-9],[-2,-9],[-3,-8],[-6,-2],[-1,7],[2,6],[2,2],[1,7],[-5,4],[-7,3],[-6,0],[-4,0],[-12,-4],[-8,-8],[-8,-7],[-8,-16],[-3,-16],[-1,-18],[3,-19],[3,-6],[1,-5],[6,-4],[5,-1],[7,-2],[4,3],[4,11],[1,6],[5,1],[3,-1],[2,-5],[1,-5],[-3,-8],[-3,-7],[-5,-8],[-3,-6],[-5,-4],[-6,-3],[-16,-12],[-14,-9],[-3,-2],[-8,-5],[-7,-4],[-3,-8],[-4,-16],[-2,-18],[5,-22],[2,-4],[5,-12],[10,-13],[7,-6],[6,-3],[7,-1],[5,1],[5,5],[4,12],[2,9],[4,4],[4,-1],[3,-4],[0,-7],[-2,-8],[-4,-12],[-8,-25],[-2,-9],[-1,-15],[4,-22],[0,-17],[-4,-19],[-6,-24],[-4,-19],[-3,-21],[-2,-13],[-4,-2],[-5,3],[-3,7],[0,9],[-1,8],[-6,2],[-14,-4],[-14,-13],[-5,-9],[-6,-12],[-4,-17],[-4,-24],[-4,-22],[0,-11],[-2,-23],[-4,-28],[2,-18],[0,-22],[-2,-26],[1,-8],[0,-3],[2,-22],[-4,-19],[-1,-23],[0,-32],[1,-32],[-2,-20],[-1,-17],[0,0],[1,-20],[1,-7],[2,-15],[0,-6],[2,-6],[2,-14],[5,-8],[-1,-6],[4,-11],[4,-23],[5,-21],[1,-20],[6,-19],[11,-26],[16,-33],[12,-18],[7,-5],[5,-1],[4,-4],[9,-4],[10,-3],[0,14],[2,0],[8,0],[1,-11],[4,-4],[15,-1],[26,-1],[20,1],[8,-2],[5,-6],[3,-4],[30,0],[2,53],[3,4],[5,0],[16,-18],[-2,-13],[-4,-19],[-2,-13],[4,-14],[-3,-15],[-6,-11],[-5,-12],[-5,-4],[-7,0],[-1,6],[4,53],[-30,0],[-6,-6],[-9,0],[-14,2],[-16,1],[-20,2],[-10,0],[-4,-6],[-1,-11],[-7,-1],[-5,1],[1,18],[-9,2],[-9,0],[-12,-4],[-6,-7],[-9,-10],[-7,-11],[-8,-13],[-9,-16],[-5,-8],[-19,-70],[-6,-29],[-7,-25],[-7,-22],[-3,-18],[3,-8],[9,0],[9,1],[2,-7],[-8,-4],[-13,-10],[-6,-14],[-3,-7],[-5,-16],[-5,-30],[2,-41],[3,-39],[4,-30],[9,-27],[19,-60],[7,-8],[23,0],[43,0],[44,-1],[-2,38],[4,4],[7,0],[4,-6],[0,-1],[0,-23],[-2,-20],[-5,-5],[-37,3],[-46,-2],[-33,2],[-8,-10],[-6,-18],[-14,-156],[-1,-43],[0,0],[0,-35],[7,-93],[6,-44],[1,-41],[9,-60],[1,-19],[1,-17],[7,-40],[16,-45],[3,-12],[5,-19],[9,-23],[9,-19],[19,-12],[7,6],[2,11],[5,5],[3,-4],[0,-16],[2,-28],[8,-23],[6,-28],[-1,-21],[-1,-32],[0,-39],[1,-10],[-2,-6],[-7,1],[-4,10],[-8,9],[-9,0],[-7,-12],[-2,-20],[9,-22],[17,-7],[10,12],[-1,11],[7,6],[6,-2],[4,-14],[1,-21],[5,-15],[11,-17],[-1,-13],[1,-14],[-4,-10],[-10,4],[-8,20],[-10,16],[-14,1],[-12,-10],[-6,-13],[-6,-15],[-2,-10],[0,-13],[1,-19],[6,-21],[7,-6],[14,-11],[13,-5],[10,18],[8,19],[6,7],[5,-3],[2,-9],[-4,-29],[-6,-17],[0,-15],[5,-11],[5,-12],[5,-18],[3,-19],[2,-12],[-4,-11],[-9,3],[-1,13],[-7,8],[-10,-2],[-5,-8],[-6,-12],[-2,-8],[0,-19],[-3,-27],[2,-19],[5,-7],[11,-5],[6,-3],[3,-9],[1,-24],[10,-13],[11,-3],[5,3],[0,10],[0,32],[2,32],[0,29],[4,11],[7,1],[3,-5],[-2,-60],[-4,-30],[4,-21],[-4,-58],[-5,-10],[-8,0],[-1,9],[3,18],[-2,8],[-7,4],[-20,1],[-9,-4],[-10,-7],[-9,-20],[-5,-27],[-1,-22],[3,-12],[5,-19],[8,-8],[12,-4],[4,8],[4,9],[6,1],[4,-4],[1,-9],[0,-1],[1,-1],[1,-46],[1,-18],[-8,-24],[-7,-26],[-9,-14],[-9,-4],[-4,14],[5,11],[0,8],[-4,6],[-14,7],[-22,1],[-14,-2],[-28,-5],[-24,-6],[-16,-11],[-13,-20],[-8,-22],[1,-9],[0,-16],[2,-10],[10,-6],[8,3],[5,5],[5,-1],[1,-8],[-12,-11],[-37,-30],[-17,-30],[-6,1],[-2,4],[-1,7],[2,4],[6,7],[-3,13],[-7,8],[-11,10],[-13,4],[-16,4],[0,0],[-12,1],[-23,-13],[-15,-18],[-2,-17],[0,-6],[1,-10],[3,-17],[5,-9],[8,-3],[5,2],[7,9],[6,2],[5,-5],[0,-5],[-4,-14],[-8,-19],[-11,-13],[-7,-12],[-7,-10],[-2,-11],[-5,-13],[-6,-2],[-5,4],[-2,6],[1,8],[5,11],[0,11],[-5,6],[-14,8],[-18,9],[-19,3],[-15,0],[-7,-5],[-4,-2],[-15,-18],[-24,-29],[-15,-30],[-12,-33],[-7,-33],[1,-39],[7,-23],[0,0],[9,-27],[14,-23],[6,-2],[12,-1],[17,0],[20,2],[8,2],[3,6],[3,13],[4,7],[4,3],[5,-1],[1,-5],[-2,-13],[-8,-34],[-10,-28],[-18,-35],[-11,-19],[-7,-1],[-3,5],[1,7],[8,14],[12,22],[9,21],[0,5],[-6,8],[-8,8],[-6,2],[-9,1],[-22,-2],[-20,0],[-14,-1],[-4,-3],[-4,-3],[-8,-10],[-14,-20],[-8,-8],[-21,-18],[-18,-15],[-11,-11],[-6,-11],[-6,-18],[-3,-14],[1,-4],[0,-5],[4,-4],[11,-6],[27,-17],[18,-12],[10,-2],[5,3],[8,8],[7,8],[6,0],[1,-5],[0,-6],[-32,-27],[-31,-27],[-9,-6],[-4,6],[0,5],[14,9],[10,10],[6,7],[0,4],[-3,9],[-4,6],[-11,6],[-12,5],[-9,2],[-4,-4],[-9,-10],[-10,-4],[-10,3],[-7,3],[-2,1],[-6,1],[-13,-4],[-14,-10],[-19,-9],[-24,-12],[-14,-11],[-11,-13],[-2,-3],[-4,-5],[-1,-11],[1,-8],[8,-20],[12,-25],[5,-2],[6,0],[12,4],[17,5],[9,3],[5,1],[3,-4],[-1,-6],[-7,-5],[-12,-3],[-19,-7],[-46,-14],[-50,-15],[-5,8],[1,8],[8,1],[15,3],[12,3],[6,4],[-3,21],[-16,27],[-15,18],[-17,10],[-24,9],[-27,-3],[-26,-8],[-1,0],[-43,-22],[-23,-26],[-2,-2],[-7,-7],[0,-2],[-23,-35],[-18,-47],[-24,-67],[-19,-75],[-14,-76],[-6,-100],[-8,-72],[-5,-96],[-2,-92],[0,-6],[-2,-54],[5,-132],[8,-123],[4,-42],[12,-60],[16,-50],[17,-21],[5,-2],[20,-8],[13,3],[0,6],[-2,5],[-1,9],[5,4],[5,0],[9,-16],[19,-22],[9,-16],[1,-12],[0,-25],[-4,-16],[-6,-4],[-7,6],[-5,8],[-8,2],[-9,-7],[-6,-10],[-1,-12],[-3,-14],[0,-13],[3,-12],[9,-9],[13,-5],[10,7],[5,10],[0,12],[6,6],[6,-1],[0,-1],[2,-12],[-2,-28],[-8,-14],[-13,-15],[-16,-23],[-7,-2],[-6,6],[3,8],[7,8],[-2,7],[-11,5],[-10,3],[-10,-3],[-8,-1],[-15,-13],[-12,-18],[-10,-25],[-7,-32],[1,-19],[0,-7],[13,-21],[13,-12],[6,4],[5,11],[7,10],[8,3],[3,-5],[0,-8],[-13,-21],[-10,-17],[-7,-4],[-9,2],[-10,6],[-8,4],[-9,-4],[-10,-12],[-9,-16],[-5,-14],[-2,-14],[1,-8],[12,-7],[11,-8],[8,-7],[0,-9],[-5,-11],[-7,-15],[-5,-11],[-7,-8],[-5,1],[-1,9],[3,16],[-2,8],[-6,5],[-9,4],[-11,-1],[-17,-9],[-11,-10],[-6,-11],[-3,-4],[0,-1],[-4,-18],[0,-15],[3,-22],[11,-18],[15,-11],[12,-1],[7,5],[0,12],[2,11],[5,4],[6,-7],[-1,-24],[-3,-34],[-6,-13],[-10,-16],[-10,-15],[-1,-7],[3,-13],[11,-34],[-1,-10],[-5,-4],[-4,2],[-3,12],[-4,15],[-6,9],[-7,10],[-3,9],[2,6],[-3,3],[-8,4],[-12,-1],[-11,-8],[-12,-13],[-11,-17],[-9,-17],[-4,-18],[-1,-30],[-3,-31],[-1,-11],[-1,-21],[-1,-33],[1,-29],[5,-33],[5,-29],[5,-17],[9,-26],[6,-23],[3,-13],[7,-6],[7,-6],[17,-12],[7,-3],[6,3],[10,10],[16,13],[9,10],[5,10],[0,14],[-2,15],[3,6],[5,3],[5,-3],[0,-10],[2,-37],[0,-58],[1,-49],[-3,-6],[-6,0],[-2,4],[-1,23],[-1,43],[-5,6],[-10,3],[-12,0],[-11,-6],[-25,-18],[-1,-2],[-19,-16],[-9,-19],[-6,-17],[-1,-21],[-7,-26],[-6,-12],[-5,-20],[-4,-17],[-5,-26],[-6,-22],[-4,-10],[-2,-16],[1,-5],[-1,-18],[-4,-14],[-4,-13],[-3,-24],[2,-29],[0,-5],[3,-9],[6,-7],[8,-5],[33,-21],[41,-26],[4,1],[4,5],[10,19],[14,26],[2,7],[5,4],[5,-1],[2,-9],[-4,-12],[-11,-17],[-8,-14],[-6,-14],[-5,-12],[-1,-12],[0,-29],[-1,-13],[-6,-5],[-6,0],[-5,4],[0,6],[3,8],[0,8],[2,20],[1,13],[-2,5],[-13,7],[-23,15],[-8,2],[-9,-1],[-11,-9],[-15,-11],[-15,-17],[-15,-22],[0,-1],[-11,-23],[-5,-17],[-4,-13],[-3,-9],[-14,-44],[-6,-44],[2,-60],[5,-67],[5,-41],[12,-47],[27,-41],[29,-23],[4,-2],[25,-14],[25,-2],[19,4],[10,4],[7,9],[1,14],[0,17],[1,21],[1,16],[2,6],[4,1],[6,-4],[2,-8],[0,-30],[-1,-31],[1,-16],[7,-8],[21,-18],[15,-16],[7,-16],[-1,-11],[-4,-6],[-8,0],[-3,5],[-2,11],[-5,12],[-9,9],[-10,9],[-10,7],[-9,-1],[-10,-5],[-13,-12],[-15,-18],[-10,-18],[-3,-6],[-10,-31],[0,-32],[1,-37],[7,-54],[8,-42],[16,-78],[11,-59],[0,-3],[2,-2],[2,-2],[1,-1],[5,-5],[6,-5],[1,-2],[1,0],[1,-1],[1,-1],[2,-2],[0,0],[6,-6],[2,-1],[1,-1],[0,0],[12,-10],[0,-1],[5,-3],[0,-1],[18,-15],[1,-1],[6,-8],[0,0],[4,-6],[2,-2],[4,-6],[11,-16],[8,-5],[17,-18],[5,-3],[8,-5],[7,0],[0,0],[7,5],[1,1],[4,5],[1,1],[6,12],[2,9],[0,12],[1,11],[0,1],[4,4],[7,2],[9,-7],[-1,0],[-2,-16],[-1,-15],[-4,-20],[-3,-16],[-4,-10],[1,-1],[4,-5],[6,1],[4,-10],[0,0],[2,-10],[4,-3],[1,-1],[10,-8],[0,-1],[9,-7],[0,0],[20,-15],[2,-2],[14,-13],[1,-1],[14,-11],[1,-2],[3,-2],[4,-4],[2,-1],[34,-30],[12,-10],[8,-8],[4,-3],[26,-23],[14,-12],[12,-11],[55,-48],[11,-9],[7,-7],[63,-55],[10,-9],[14,-11],[24,-18],[25,-20],[40,-36],[7,-5],[26,-20],[1,-1],[19,-18],[0,-1],[0,-4],[1,-7],[-8,-18],[-13,-6],[-3,1],[-16,0],[-25,27],[-27,34],[-26,26],[-31,29],[-31,29],[-33,28],[-13,12],[-1,1],[-36,30],[-34,31],[-16,18],[-6,4],[-5,-8],[-7,-13],[-1,-2],[-9,-3],[-15,11],[-3,9],[3,6],[3,5],[6,9],[-2,9],[-11,16],[-45,41],[-11,9],[-5,5],[-2,2],[-15,13],[-11,10],[-4,3],[-22,19],[-20,17],[-39,32],[-2,1],[-33,31],[-51,43],[-32,29],[-7,7],[-2,2],[-10,10],[-6,1],[-4,-29],[-1,-4],[-5,-51],[-1,-28],[-4,-11],[-6,-3],[-7,3],[-2,12],[-2,2],[-6,6],[0,15],[2,8],[6,7],[0,1],[4,9],[6,44],[0,0],[2,18],[-2,18],[0,1],[-2,34],[-1,3],[-8,42],[-2,11],[-2,10],[-3,15],[-3,18],[-7,38],[-4,17],[-7,38],[-4,41],[-2,52],[-6,39],[-3,8],[-5,17],[-15,24],[-17,14],[-13,7],[-24,17],[-19,15],[-7,1],[-20,-9],[-16,-17],[-8,-12],[-16,-4],[-29,-19],[-50,-45],[-4,-6],[-23,-27],[-20,-23],[-4,-5],[-25,-28],[-54,-62],[-4,-7],[-4,-9],[-5,2],[-4,10],[-5,1],[-5,-6],[-11,-11],[-6,-13],[-1,-4],[8,-13],[79,-123],[8,-13],[15,-24],[-39,-24],[-14,-9],[-14,-34],[-18,-40],[-27,-104],[-4,-12],[-1,-4],[-3,-11],[-3,-12],[-2,-7],[-3,-12],[-2,-8],[-8,-30],[-18,-66],[-4,-15],[-7,-29],[-8,-31],[-6,-23],[-1,-3],[-16,-59],[-6,-23],[-1,-5],[-2,-5],[-5,-22],[-23,-57],[-1,-2],[-8,-23],[-8,-20],[-8,-21],[-8,-19],[-5,-14],[-19,-22],[-5,-5],[-2,-10],[-2,-7],[-18,-21],[-1,-1],[-2,-1],[-18,-12],[-2,-1],[-4,0],[-36,14],[-4,2],[-10,4],[-4,2],[-1,-2],[-1,-3],[0,-2],[-4,-11],[-2,-1],[-12,-39],[0,-1],[12,-6],[0,1],[2,0],[-11,-32],[-8,-25],[-1,-2],[-1,-2],[-1,-3],[-14,-9],[-1,-4],[-1,-4],[-1,-4],[0,0],[13,-12],[1,1],[14,29],[1,3],[5,-2],[4,-2],[3,-2],[12,-5],[4,-2],[4,-2],[1,0],[8,-4],[0,0],[17,-7],[0,0],[10,-5],[5,-2],[24,-11],[10,-4],[4,-2],[0,0],[5,-2],[8,-4],[1,0],[26,-12],[4,-2],[5,-2],[3,-1],[6,-3],[13,-6],[32,-14],[4,-2],[12,-5],[10,-5],[9,-4],[13,-5],[11,-5],[18,-8],[12,-6],[17,-8],[2,0],[26,-12],[4,-2],[8,-3],[36,-17],[14,-6],[2,-1],[1,0],[2,-1],[-1,-2],[15,-6],[17,-6],[19,-8],[9,-4],[3,-1],[3,-1],[2,-1],[23,-9],[12,-5],[9,-4],[67,-27],[17,36],[0,2],[2,4],[3,7],[4,8],[5,11],[14,31],[3,5],[0,2],[15,32],[4,8],[6,14],[4,9],[3,5],[1,2],[20,44],[7,16],[4,7],[12,28],[3,5],[4,9],[4,9],[11,24],[5,10],[3,8],[0,1],[8,15],[3,9],[11,22],[3,6],[1,4],[12,19],[10,17],[3,5],[3,4],[3,5],[15,24],[1,1],[3,6],[5,9],[35,56],[1,2],[11,19],[7,11],[4,5],[1,3],[9,15],[3,5],[45,73],[49,-14],[44,-12],[2,2],[4,4],[7,0],[4,-3],[3,-4],[-9,-13],[-7,-16],[-12,-26],[0,0],[-1,-2],[-1,-3],[-3,-4],[-8,-13],[-8,-14],[-14,-23],[-10,-17],[-1,-1],[-20,-33],[-3,-5],[-23,-37],[0,-1],[-4,-7],[-2,-3],[-3,-5],[-4,-6],[-5,-8],[-15,-24],[-15,-25],[-7,-12],[-13,-21],[-6,-10],[-4,-6],[0,-1],[-8,-13],[-4,-6],[-9,-15],[-12,-19],[-9,-17],[-7,-10],[-8,-14],[-6,-9],[-10,-17],[-9,-15],[-22,-36],[-28,-46],[-11,-17],[0,-1],[-4,-7],[-4,-6],[-10,-16],[-9,-16],[-15,-24],[-3,-5],[3,-8],[1,-4],[6,-18],[10,-35],[3,-9],[1,-3],[2,-7],[2,-7],[8,-26],[9,-29],[6,-21],[12,-38],[-5,-19],[-5,-21],[-19,-22],[-3,-3],[-1,0],[-14,0],[-35,1],[-44,2],[-55,1],[-15,1],[-17,0],[-7,0],[-2,1],[-3,0],[-3,0],[-8,0],[-1,0],[-34,1],[-55,2],[-7,0],[-6,0],[-19,0],[-13,1],[-35,1],[-4,0],[-1,-1],[-11,-21],[-11,-20],[-2,-5],[-1,-1],[-3,-6],[-17,-30],[-21,-171],[-3,-65],[-2,-85],[1,-6],[7,-84],[4,-71],[2,-27],[-3,-30],[-13,-53],[-4,-12],[-10,-30],[-4,-43],[3,-36],[7,-48],[6,-16],[10,-12],[12,-17],[9,-13],[9,-6],[20,-4],[16,0],[9,2],[13,-4],[19,2],[17,2],[10,5],[6,6],[4,0],[3,-7],[4,-22],[11,-48],[2,-26],[-2,-17],[-10,-11],[-7,-6],[-11,7],[-5,16],[9,7],[-4,16],[-2,22],[-5,10],[-12,5],[-19,2],[-16,1],[-15,-6],[-16,-13],[-13,-14],[-15,-33],[-15,-34],[-3,-6],[-23,-59],[-9,-32],[-4,-44],[4,-29],[7,-21],[11,-24],[1,-2],[20,-46],[14,-43],[10,-39],[3,-32],[-6,-27],[-6,-18],[-4,-12],[-25,-37],[-26,-37],[-8,-8],[-12,-36],[-7,-28],[-5,-23],[-2,-32],[6,-32],[0,-1],[5,-29],[6,-39],[-1,-30],[-3,-23],[-10,-22],[-1,-5],[-3,-10],[1,-6],[0,-12],[0,-6],[-1,-1],[-1,-7],[0,-6],[-2,-33],[-4,-32],[-1,-27],[-2,-40],[0,-21],[-2,-13],[-6,-12],[-2,-28],[-11,-37],[-27,-62],[-6,-12],[-9,-5],[-22,-46],[-10,-26],[-4,-15],[-2,-4],[-6,-7],[-1,0],[-1,-5],[-7,-25],[-6,-15],[-5,-15],[-1,-6],[-6,-31],[-3,-19],[1,-34],[-2,-17],[-7,-9],[-1,-2],[-8,-11],[-11,-28],[-14,-28],[-16,-32],[-1,-3],[-8,-19],[-2,-13],[-1,-6],[1,-29],[10,-44],[7,-39],[3,-33],[-1,-29],[-8,-34],[-15,-52],[-9,-26],[-5,-23],[-7,-18],[-7,-10],[-12,-13],[-7,-8],[-13,-30],[-5,-38],[-2,-63],[4,-45],[3,-25],[4,-43],[2,-17],[12,-55],[12,-53],[11,-39],[1,-1],[10,-34],[10,-28],[29,-65],[20,-52],[21,-43],[11,-28],[7,-25],[10,-35],[11,-49],[3,-15],[15,-61],[9,-61],[2,-7],[13,-44],[6,-13],[7,-15],[6,-41],[10,-40],[7,-34],[4,-20],[13,-47],[8,-31],[2,-50],[2,-68],[3,-33],[4,-32],[1,-67],[-6,-71],[-3,-27],[-2,-16],[-1,-17],[-1,-12],[0,-51],[3,-41],[-2,-24],[-6,-46],[-8,-74],[1,-49]],[[155274,415798],[73,1],[138,29],[25,11],[43,3],[31,12],[17,13],[5,37],[-33,179],[-16,68],[11,14],[18,3],[16,-12],[27,-21],[21,-20],[45,-34],[8,-22],[13,-56],[26,-17],[46,68],[25,12],[20,6],[34,13],[10,15],[-11,60],[-5,24],[-4,14],[-5,21],[-3,21],[7,24],[10,23],[20,22],[16,27],[32,30],[33,14],[42,15],[21,-12],[11,-33],[-2,-31],[-12,-35],[-15,-42],[-3,-20],[5,-15],[9,-23],[8,-18],[26,-10],[15,-9],[21,-33],[14,-14],[25,-4],[33,1],[44,15],[20,-1],[-9,35],[-15,19],[-38,13],[0,6],[-8,12],[-13,4],[-13,6],[-8,12],[-7,27],[3,24],[4,20],[9,32],[0,26],[4,50],[14,24],[21,8],[43,-3],[57,-28],[26,-20],[12,-25],[8,-38],[-1,-33],[-7,-23],[-11,-31],[-4,-14],[-1,-14],[-1,-16],[2,-33],[14,-18],[20,-18],[34,-9],[25,7],[12,15],[6,56],[5,19],[4,24],[7,24],[1,24],[0,42],[5,30],[8,31],[12,20],[28,18],[26,7],[17,-6],[12,-27],[-3,-18],[-16,-24],[-18,-29],[-9,-21],[-3,-16],[-1,-20],[8,-24],[10,-20],[9,-15],[-3,-19],[3,-27],[10,-25],[15,-21],[25,-23],[44,-19],[22,-3],[22,5],[17,16],[18,16],[4,31],[-6,28],[-6,22],[-5,17],[-14,14],[-17,18],[-11,17],[15,20],[17,-7],[28,-24],[31,-20],[26,-11],[23,-3],[17,6],[4,15],[-10,13],[-17,15],[-20,22],[-22,28],[-10,24],[5,13],[17,-2],[38,-19],[20,7],[24,13],[16,6],[30,15],[19,12],[8,16],[1,29],[12,20],[30,-5],[21,-10],[26,-38],[13,-21],[13,-46],[12,-14],[24,-9],[15,0],[19,0],[26,-3],[33,-8],[13,5],[26,10],[13,9],[19,2],[28,-2],[25,-5],[26,4],[17,10],[128,94],[141,118],[51,79],[7,9],[22,47],[14,23],[31,47],[86,-4],[152,16],[62,21],[28,61],[4,28],[-34,51],[34,17],[72,27],[70,36],[23,10],[98,40],[45,12],[12,21],[-15,21],[-35,39],[-41,65],[-54,-25],[-52,62],[-15,23],[-33,76],[-13,55],[-17,53],[8,27],[-24,28],[-13,26],[-8,27],[-5,33],[1,49],[9,24],[14,25],[5,54],[15,59],[4,30],[-8,40],[-19,69],[-19,59],[-12,52],[-7,36],[-14,48],[-6,25],[-8,27],[-39,75],[-54,210],[-20,130],[0,113],[15,262],[-13,202],[-22,110],[-30,67],[-17,76],[-18,104],[-18,141],[-39,113],[-45,108],[-57,190],[-17,34],[-26,9],[-27,4],[-108,12],[-55,-2],[-53,3],[-27,-1],[-27,3],[-55,14],[-23,10],[-24,17],[-50,45],[-27,25],[-33,33],[-61,60],[-40,29],[-29,15],[-35,19],[-35,8],[-11,19],[3,17],[-6,7],[-12,10],[-1,42],[-6,54],[-7,52],[-12,56],[-12,26],[-29,56],[-36,61],[-27,36],[-20,15],[8,1],[12,5],[17,10],[21,20],[10,5],[7,6],[-12,21],[6,49],[9,48],[9,31],[8,45],[11,52],[6,48],[-1,29],[-11,76],[-1,41],[-4,76],[0,55],[3,46],[2,38],[5,31],[11,14],[3,13],[5,14],[23,32],[21,16],[41,42],[26,24],[22,19],[32,39],[37,48],[30,42],[26,47],[11,34],[7,31],[-2,20],[6,12],[28,-4],[28,-4],[32,-9],[45,-9],[66,-16],[59,-12],[54,-13],[67,-23],[39,-7],[37,-5],[35,-9],[34,-9],[37,-15],[111,-19],[37,-9],[41,-18],[37,-8],[33,-4],[67,-17],[65,-17],[67,-22],[-2,-48],[-8,-41],[4,-25],[35,-43],[56,-55],[41,-36],[58,-50],[69,-60],[44,-39],[46,-36],[10,20],[26,46],[13,15],[21,-13],[37,-30],[40,-38],[29,-20],[26,-24],[36,-34],[37,-28],[25,-16],[31,-25],[34,-33],[41,-36],[49,-42],[44,-40],[54,-43],[39,-32],[25,-23],[15,-19],[11,-18],[15,-8],[16,19],[17,28],[15,33],[22,28],[25,29],[10,25],[0,28],[-6,31],[-11,37],[-11,31],[-5,22],[-1,31],[1,32],[10,18],[17,5],[39,-9],[44,-9],[41,-9],[42,-8],[40,-5],[63,-13],[29,-8],[40,-6],[40,-6],[37,-8],[39,-9],[46,-7],[51,-7],[78,-16],[35,-4],[63,-11],[56,-11],[46,-7],[28,-3],[17,-6],[-5,-25],[-11,-39],[-7,-43],[-6,-44],[-8,-47],[-3,-36],[-5,-26],[-8,-18],[-1,-19],[21,0],[29,0],[34,-11],[44,-14],[52,-10],[55,-15],[37,-10],[36,-13],[40,-7],[51,-13],[35,-10],[21,1],[33,-11],[35,-10],[35,-4],[18,-8],[15,-8],[1,-18],[-7,-35],[-7,-38],[-9,-27],[2,-12],[10,-9],[26,-5],[31,-7],[43,-11],[30,-6],[32,-7],[33,-8],[42,-10],[62,-23],[16,0],[3,14],[4,42],[2,42],[1,38],[15,7],[9,-11],[11,-26],[23,-47],[19,-34],[17,-28],[21,-37],[23,-32],[21,-29],[19,-31],[15,-30],[13,-20],[9,-28],[11,-37],[17,-42],[12,-32],[4,-21],[2,-30],[8,-46],[7,-41],[6,-36],[4,-21],[0,-28],[-3,-35],[-8,-42],[-7,-35],[-3,-15],[1,-7],[0,-3],[73,-1],[24,3],[6,-1],[22,0],[149,-9],[18,-3],[262,-21],[11,-15],[280,-150],[140,-313],[12,-18],[8,22],[59,90],[14,14],[11,4],[46,-5],[15,-37],[19,-37],[21,-27],[17,-17],[21,-2],[19,9],[29,26],[8,26],[4,28],[-4,33],[-10,20],[-5,12],[11,4],[16,-2],[16,-9],[31,-26],[21,-6],[64,5],[66,2],[48,0],[44,-3],[28,-8],[11,5],[-1,14],[7,58],[12,59],[10,50],[8,50],[9,29],[15,29],[19,27],[42,45],[31,37],[35,40],[26,26],[14,23],[17,34],[14,32],[17,38],[16,43],[12,53],[8,40],[8,15],[6,13],[8,12],[6,15],[8,15],[13,15],[7,11],[0,12],[20,-7],[35,1],[109,21],[212,40],[606,114],[198,37],[61,10],[170,34],[151,32],[152,126],[58,46],[17,16],[5,2],[277,233],[525,82],[57,-24],[53,-20],[52,-19],[50,-18],[42,-35],[41,-37],[42,-37],[36,-40],[59,-60],[38,-41],[40,-39],[27,-2],[21,-14],[53,8],[24,6],[50,29],[24,-5],[25,-11],[42,25],[16,-9],[26,1],[15,7],[25,-5],[21,-19],[27,1],[20,18],[21,17],[25,9],[13,55],[5,29],[16,54],[17,55],[8,53],[1,32],[-3,31],[-1,56],[-1,46],[-3,29],[3,19],[1,11],[13,13],[170,345],[165,173],[-341,50],[-15,7],[-88,8],[2,83],[-32,205],[25,18],[20,21],[16,17],[23,22],[23,14],[11,4],[11,6],[21,27],[-16,25],[33,35],[13,66],[181,73],[95,69],[64,75],[160,154],[16,101],[98,204],[139,118],[69,187],[137,284],[-12,42],[15,243],[-124,77],[-39,25],[-103,50],[-63,76],[-153,23],[-37,46],[-2,3],[-9,9],[-9,16],[-16,36],[-14,27],[-28,47],[-28,49],[-10,23],[-7,33],[-14,26],[210,209],[478,485],[69,131],[42,70],[29,49],[14,39],[-12,10],[-78,108],[4,60],[-15,30],[-7,24],[-43,33],[-12,29],[-12,27],[-8,25],[1,85],[6,22],[152,209],[24,45],[-100,12],[-20,7],[-14,9],[-9,7],[-37,31],[-22,14],[-137,85],[14,164],[-25,63],[50,112],[35,19],[31,9],[53,6],[21,-17],[29,4],[-7,27],[-10,25],[-8,35],[11,19],[41,38],[11,28],[13,17],[30,34],[29,-5],[22,-10],[20,-26],[20,-7],[24,10],[15,20],[6,14],[245,678],[161,-67],[16,14],[137,127],[-87,116],[29,94],[38,103],[18,45],[5,21],[9,20],[5,13],[1,4],[-2,4],[-13,10],[-8,7],[-21,14],[-116,90],[-30,19],[-26,18],[-130,100],[-193,144],[-30,23],[32,58],[21,18],[25,12],[74,19],[21,8],[26,16],[30,5],[23,16],[4,22],[-10,26],[-2,16],[12,35],[16,26],[16,25],[-12,26],[-2,17],[-6,29],[13,2],[27,13],[26,13],[46,19],[23,16],[20,10],[31,5],[47,17],[30,14],[18,8],[5,2],[225,91],[182,322],[357,57],[72,-139],[89,-10],[95,253],[131,78],[205,154],[145,637],[120,506],[7,89],[163,87],[126,-38],[63,144],[508,63],[60,455],[101,-5],[22,-87],[186,-118],[132,212],[177,-28],[242,-238],[30,-137],[-2,-374],[248,-25],[27,-5],[131,-281],[-108,-26],[9,-36],[68,-358],[-37,4],[1,-45],[-19,-6],[-26,-4],[-25,-6],[-18,-2],[-3,-3],[-12,-1],[-16,-2],[-5,-4],[-3,-9],[4,-10],[15,-31],[8,-13],[9,-12],[3,-6],[3,-12],[7,-15],[1,-45],[24,-29],[186,-186],[-29,-195],[198,-26],[282,-10],[-8,-110],[43,8],[43,-1],[37,-2],[24,9],[43,27],[24,8],[25,-10],[22,-9],[24,-10],[24,3],[77,-17],[22,-11],[65,-43],[75,-15],[24,2],[25,10],[26,5],[17,8],[20,-4],[54,-17],[47,-20],[32,-9],[47,-26],[22,-4],[26,2],[24,0],[24,-2],[53,-6],[26,-10],[25,-11],[26,-5],[72,-27],[31,-12],[9,-1],[13,-2],[22,-5],[31,14],[38,38],[24,-12],[15,-34],[55,-21],[191,-48],[36,-18],[248,-31],[44,25],[63,-2],[145,-60],[160,-62],[36,35],[34,40],[40,35],[12,20],[19,21],[46,28],[22,17],[24,8],[38,18],[61,-13],[28,-3],[18,3],[72,-73],[102,-63],[26,-23],[61,-54],[16,21],[18,38],[14,22],[18,52],[34,71],[4,33],[3,20],[9,0],[121,331],[62,136],[16,65],[5,61],[239,21],[79,-17],[137,-19],[73,-7],[46,-9],[121,37],[104,-23],[93,-26],[51,-19],[18,-211],[-4,-226],[37,-319],[-5,-100],[28,-53],[-20,-353],[45,-175],[100,-94],[238,-106],[104,-35],[199,-53],[37,-23],[57,-54],[26,-117],[59,-82],[63,-75],[45,-76],[122,-214],[44,-25],[91,-50],[52,-13],[51,-39],[40,-62],[9,-36],[-2,-83],[-18,-39],[-72,-100],[-55,-28],[-222,0],[-43,-122],[-29,-73],[-33,-58],[-29,-32],[-15,-36],[-26,-101],[-2,-58],[14,-115],[-3,-51],[-72,-120],[-59,-41],[-49,-13],[-31,-46],[-53,-36],[-78,-65],[-25,-15],[-21,-53],[25,-61],[-9,-139],[36,-30],[43,-23],[40,-11],[28,-31],[22,-111],[76,-151],[40,-56],[54,-71],[45,-65],[26,-79],[24,-64],[26,-5],[39,7],[84,-10],[66,-40],[-4,-95],[-11,-70],[1,-85],[23,-50],[48,2],[91,-49],[62,-54],[3,-5],[36,-51],[111,-74],[32,-4],[88,10],[199,-33],[63,-8],[61,-52],[81,-134],[79,17],[32,72],[29,-4],[72,6],[97,5],[126,45],[40,29],[18,17],[48,68],[46,21],[99,-28],[32,-27],[34,-17],[48,-33],[21,-28],[20,-35],[55,-59],[87,-93],[17,-22],[84,-63],[67,-48],[17,-34],[67,-112],[40,-193],[38,-59],[85,-32],[77,40],[56,31],[28,28],[38,61],[113,86],[44,8],[81,-27],[57,-44],[30,-34],[32,-5],[91,-83],[77,-95],[-13,-53],[-169,-51],[-37,-8],[-85,-53],[-80,-23],[-86,-84],[-9,-82],[14,-93],[-2,-39],[-30,-48],[-1,-24],[-17,-72],[-24,-44],[26,-49],[10,-60],[-57,-83],[-48,-26],[7,-172],[51,-28],[17,-54],[31,-85],[33,-58],[38,-52],[23,-82],[136,82],[26,-51],[39,14],[63,-148],[48,-3],[22,-31],[12,-30],[42,-58],[65,2],[37,2],[167,21],[70,34],[90,46],[53,47],[74,59],[47,27],[57,-33],[53,-9],[98,-53],[33,-44],[14,-40],[34,-131],[43,-45],[65,-96],[26,-47],[84,-115],[91,5],[59,-12],[147,8],[60,-34],[31,-34],[-43,-88],[76,-94],[103,-74],[67,-24],[25,2],[55,52],[16,-33],[69,-60],[26,-14],[119,-37],[38,15],[9,-6],[98,-155],[88,-75],[13,-52],[-3,-93],[-20,-121],[-13,-64],[-17,-41],[75,-31],[84,-10],[151,41],[124,24],[71,48],[118,9],[68,-3],[50,-17],[36,-47],[19,-21],[147,-91],[99,-112],[80,-61],[144,17],[120,27],[49,-51],[54,-91],[15,-8],[122,-65],[-54,-225],[-52,-154],[106,-157],[90,-148],[56,-16],[60,-21],[47,-43],[78,-76],[46,-46],[55,-9],[50,18],[73,-59],[88,-96],[166,-141],[15,-9],[65,36],[55,51],[28,2],[116,22],[66,110],[27,-4],[91,-16],[84,9],[68,-10],[126,40],[57,0],[80,57],[29,31],[61,43],[54,-91],[-15,-68],[58,-86],[38,-96],[47,-121],[37,-136],[-45,-119],[160,-64],[65,7],[40,-29],[43,-29],[92,-1],[102,-22],[69,-34],[17,-58],[63,-146],[24,-47],[58,-80],[55,-115],[-11,-37],[78,-11],[81,-18],[81,10],[29,16],[49,-58],[141,-22],[166,-124],[75,-20],[62,8],[322,28],[96,-26],[131,-25],[96,31],[57,5],[16,0],[131,-75],[126,18],[75,-20],[179,-107],[164,-58],[45,-56],[60,-20],[54,-152],[134,-58],[85,-25],[55,-45],[53,19],[53,23],[39,24],[31,2],[38,2],[66,19],[78,-1],[81,-5],[147,161],[23,69],[51,51],[5,38],[-61,62],[-53,91],[-10,61],[32,86],[5,85],[29,139],[30,103],[12,51],[4,26],[28,98],[5,21],[126,135],[63,34],[71,89],[92,114],[65,104],[20,90],[59,172],[32,33],[45,78],[48,105],[51,138],[27,62],[116,55],[40,27],[33,35],[31,37],[19,21],[7,22],[-7,46],[-6,45],[-7,50],[-5,45],[0,28],[9,29],[23,44],[9,32],[-1,42],[2,37],[2,36],[3,20],[-9,30],[14,46],[19,58],[18,56],[26,70],[23,69],[19,54],[20,43],[20,22],[40,29],[48,38],[3,43],[1,49],[-2,52],[-10,37],[1,44],[3,56],[5,54],[9,51],[8,47],[9,31],[9,29],[4,60],[4,49],[2,53],[-2,57],[-9,21],[-23,26],[126,362],[61,321],[30,-8],[16,-3],[12,-5],[52,-30],[24,-12],[40,-36],[76,-83],[51,-68],[117,-175],[72,-144],[68,-131],[27,-49],[63,-127],[38,-82],[54,-67],[22,-20],[52,-18],[52,-20],[26,-4],[53,0],[84,5],[103,17],[26,2],[52,-3],[53,-12],[25,-6],[54,-10],[53,-15],[49,-18],[77,-24],[49,-24],[69,-43],[47,-27],[44,-29],[48,-30],[49,-25],[42,-22],[6,3],[6,-3],[19,-15],[17,-16],[48,-46],[44,-36],[39,-33],[25,-18],[37,-32],[28,-17],[32,-25],[27,-23],[23,-9],[42,-10],[44,-9],[45,-4],[57,3],[44,13],[59,22],[23,8],[54,4],[39,31],[39,36],[38,34],[62,36],[65,41],[41,24],[20,7],[29,-10],[52,-31],[45,-36],[42,-25],[52,-22],[105,-19],[34,-11],[56,-15],[47,1],[39,9],[22,14],[23,27],[29,41],[25,42],[15,35],[22,37],[37,56],[26,43],[28,33],[26,21],[26,24],[19,15],[12,7],[11,4],[53,29],[31,10],[31,-2],[59,-9],[45,-21],[46,-20],[41,-26],[96,-43],[37,-27],[102,-36],[76,-18],[52,3],[53,5],[47,14],[24,11],[59,34],[95,46],[72,32],[57,29],[58,9],[74,-17],[90,-41],[78,-50],[59,-54],[42,-52],[43,-61],[51,-71],[53,-62],[49,-32],[72,-40],[46,-27],[34,-13],[17,-5],[3,-5],[17,0],[38,15],[78,33],[79,36],[66,23],[67,13],[38,1],[92,-15],[64,-20],[55,-26],[76,-27],[71,-38],[73,-45],[71,-45],[56,-36],[55,-39],[75,-63],[16,-15],[14,-15],[9,-14],[8,-20],[29,-73],[13,-36],[15,-56],[17,-75],[20,-92],[17,-87],[9,-73],[11,-88],[11,-48],[6,-26],[23,-48],[34,-52],[33,-42],[29,-25],[40,-25],[97,-47],[55,-24],[45,-32],[58,-27],[101,-29],[9,-3],[36,-12],[48,-17],[44,-16],[87,-36],[89,-41],[60,-35],[32,-24],[24,-28],[23,-40],[5,-13],[24,-55],[20,-45],[17,-28],[25,-33],[32,-30],[43,-32],[36,-22],[33,-2],[45,-6],[46,8],[37,11],[57,13],[43,16],[32,6],[23,13],[21,22],[15,21],[23,47],[21,35],[34,30],[57,36],[56,11],[44,4],[61,-4],[78,-3],[79,7],[129,18],[122,18],[113,12],[39,4],[26,5],[16,3],[37,8],[50,16],[59,22],[43,21],[38,31],[41,43],[45,47],[58,43],[42,20],[50,11],[93,6],[37,-3],[33,10],[68,42],[66,48],[64,52],[49,31],[52,22],[54,21],[68,26],[53,21],[42,25],[49,41],[42,39],[50,45],[48,10],[61,-5],[47,-9],[37,-17],[22,-13],[36,-46],[17,-24],[35,-93],[28,-71],[17,-86],[15,-71],[13,-53],[21,-39],[28,-33],[31,-22],[33,-18],[28,-8],[25,0],[30,8],[47,33],[39,41],[31,36],[11,25],[6,36],[-10,86],[-14,60],[-4,49],[-5,44],[-17,48],[-13,59],[3,44],[12,29],[25,25],[34,21],[49,18],[78,3],[56,-5],[59,-22],[27,-10],[49,-10],[29,-5],[32,0],[39,-2],[31,-9],[25,-20],[18,-28],[16,-21],[17,-12],[22,-1],[24,4],[32,20],[22,14],[53,17],[49,13],[54,-2],[83,-4],[59,-5],[67,9],[56,6],[22,4],[23,10],[50,36],[50,43],[46,27],[57,23],[48,18],[32,5],[37,-19],[44,-19],[60,-18],[59,-12],[57,-5],[32,8],[21,9],[18,10],[46,26],[48,33],[44,36],[33,19],[42,9],[46,-6],[24,-14],[27,-34],[25,-55],[11,-39],[27,-81],[26,-57],[22,-29],[29,-18],[44,-20],[40,-8],[90,-6],[76,-9],[60,3],[42,3],[41,11],[39,14],[50,24],[62,47],[26,32],[33,33],[43,29],[44,18],[41,10],[103,0],[80,-22],[31,-16],[27,-35],[48,-88],[27,-51],[18,-24],[29,-27],[47,-29],[38,-14],[43,-4],[43,4],[48,16],[24,2],[24,-9],[25,-19],[42,-33],[75,-50],[105,-71],[69,-45],[33,-13],[51,-35],[37,-35],[22,-34],[22,-54],[27,-46],[33,-44],[37,-40],[37,-25],[40,-17],[46,-16],[24,-6],[50,2],[79,12],[73,21],[71,22],[73,18],[54,1],[52,-5],[52,-10],[53,-21],[38,-24],[39,-27],[38,-42],[39,-39],[45,-27],[32,-15],[46,-9],[68,-12],[78,-14],[50,-13],[30,-5],[51,-4],[19,0],[44,-14],[18,-7],[42,-16],[45,-23],[39,-26],[50,-23],[23,-12],[28,-15],[30,-22],[50,-37],[9,-6],[84,-86],[55,-52],[47,-66],[29,-47],[37,-29],[-77,-34],[-99,-35],[-45,-71],[-19,-40],[-8,-34],[0,-42],[12,-44],[20,-47],[24,-41],[36,-40],[43,-30],[45,-28],[23,-13],[49,-14],[24,-10],[46,-26],[44,-28],[88,-65],[129,-94],[40,-34],[59,-54],[37,-41],[75,-82],[55,-64],[111,-72],[22,-15],[17,-51],[-20,-80],[-26,-79],[-33,-110],[-12,-85],[-11,-83],[0,-87],[3,-82],[29,-39],[44,-75],[30,-75],[17,-52],[2,-11],[14,-41],[32,-82],[45,-102],[24,-49],[27,-39],[26,-32],[55,-52],[75,-76],[37,-39],[65,-86],[13,-21],[15,-25],[8,-13],[15,-22],[13,-22],[9,-26],[19,-64],[9,-47],[13,-55],[1,-16],[1,-17],[-3,-49],[-1,-31],[-2,-28],[-15,-53],[-18,-83],[-6,-58],[-6,-27],[-10,-26],[0,-28],[-1,-29],[1,-27],[28,-77],[23,-52],[30,-46],[10,-30],[32,-33],[20,-23],[17,-21],[21,-18],[33,-10],[68,-10],[47,-11],[14,-12],[24,-37],[19,-43],[24,-51],[25,-51],[23,-47],[26,-49],[23,-44],[17,-15],[23,-15],[46,-15],[54,-10],[25,-6],[49,-21],[39,-19],[47,-30],[65,-55],[59,-52],[68,-59],[74,-64],[41,-35],[37,-30],[28,-19],[47,-27],[26,-11],[29,-11],[43,-1],[51,0],[30,6],[36,14],[33,18],[39,36],[24,32],[23,34],[46,70],[18,30],[40,54],[37,38],[26,22],[24,24],[27,31],[34,39],[14,12],[102,122],[56,74],[15,26],[23,50],[19,56],[25,76],[15,37],[20,42],[47,63],[24,29],[36,31],[60,45],[34,25],[40,20],[40,14],[52,20],[41,9],[29,-18],[21,-20],[43,-25],[27,-22],[32,-32],[19,-15],[29,-3],[25,9],[37,4],[62,0],[73,-8],[52,-11],[50,-14],[33,-1],[31,11],[32,16],[39,37],[27,27],[44,49],[41,36],[40,28],[51,21],[84,25],[66,19],[81,23],[85,20],[23,8],[37,4],[355,59],[42,14],[51,21],[25,12],[26,2],[80,-66],[42,-34],[89,-46],[50,-17],[100,-14],[52,-4],[43,2],[29,6],[26,12],[44,33],[43,34],[87,56],[136,79],[88,58],[42,31],[12,13],[25,15],[26,6],[36,-5],[50,-14],[97,-30],[48,-20],[60,-14],[18,-2],[73,-34],[45,-4],[45,-4],[27,4],[23,8],[32,17],[115,62],[16,16],[15,34],[23,61],[9,39],[8,37],[30,58],[42,71],[34,52],[4,5],[36,40],[20,31],[69,149],[40,106],[28,86],[16,65],[13,72],[-15,70],[-8,77],[1,111],[9,73],[29,74],[46,54],[76,61],[72,53],[131,59],[79,23],[78,11],[42,-2],[56,-10],[41,-17],[64,-38],[104,-60],[133,-71],[75,-34],[34,-4],[36,6],[32,17],[30,32],[20,40],[24,87],[51,131],[37,58],[69,67],[113,72],[84,7],[56,-5],[48,-17],[56,-35],[40,-45],[37,-50],[31,-50],[21,-51],[8,-46],[2,-61],[-8,-53],[-28,-133],[-7,-54],[-1,-45],[12,-56],[17,-45],[31,-43],[38,-23],[47,-12],[54,2],[87,27],[78,72],[68,85],[85,95],[66,54],[52,30],[43,7],[41,0],[47,-6],[39,-19],[38,-38],[24,-28],[37,-22],[38,-7],[39,-2],[47,2],[63,16],[33,13],[24,12],[25,18],[91,84],[44,62],[70,118],[78,106],[26,20],[33,24],[21,17],[36,20],[44,12],[47,-1],[50,-4],[40,-11],[48,-28],[40,-33],[80,-89],[115,-113],[173,-167],[136,-113],[96,-84],[69,-75],[39,-56],[96,-123],[4,-9],[72,-93],[91,-157],[57,-111],[60,-127],[33,-79],[29,-70],[23,-61],[21,-48],[22,-46],[22,-27],[18,-16],[30,-4],[36,-7],[22,-2],[36,3],[72,20],[163,82],[100,55],[125,69],[148,65],[93,29],[123,41],[105,45],[41,14],[31,7],[39,-3],[53,-15],[96,-32],[65,-5],[61,2],[53,4],[31,6],[25,13],[16,13],[15,9],[28,2],[104,-6],[13,-5],[65,-4],[30,-11],[85,-45],[60,-54],[45,-58],[60,-91],[47,-90],[50,-99],[21,-31],[32,-42],[30,-32],[21,-22],[43,-37],[150,-73],[123,-48],[115,-53],[140,-79],[153,-96],[127,-92],[96,-85],[45,-45],[203,-162],[156,-149],[93,-57],[71,-25],[59,-10],[45,-12],[24,-9],[22,-13],[12,-17],[12,-21],[5,-20],[4,-25],[7,-75],[-3,-81],[0,-104],[3,-65],[-1,-113],[9,-61],[8,-61],[3,-18],[18,-87],[17,-67],[25,-62],[46,-81],[93,-146],[56,-73],[43,-63],[14,-26],[16,-37],[18,-47],[39,-90],[61,-152],[112,-220],[22,-64],[9,-53],[6,-20],[7,-19],[16,-22],[11,-20],[25,-24],[23,-12],[18,-13],[16,-6],[60,-17],[32,-2],[58,1],[185,14],[44,3],[9,1],[45,8],[148,20],[110,58],[2,-1],[33,-6],[36,-6],[72,-8],[43,-12],[30,-11],[25,-7],[24,2],[89,38],[28,15],[26,4],[30,-9],[29,-10],[37,-25],[36,-33],[64,-63],[159,-136],[68,-51],[43,-39],[20,-13],[25,-3],[32,0],[79,14],[63,15],[79,22],[72,25],[34,17],[47,68],[22,30],[18,29],[16,35],[11,34],[16,28],[29,33],[49,49],[13,15],[10,11],[24,23],[20,13],[29,8],[30,7],[52,6],[45,6],[37,3],[22,-3],[77,-17],[18,0],[17,-3],[30,-6],[41,-15],[19,-9],[26,-13],[30,-17],[20,-12],[24,-18],[26,-23],[27,-33],[31,-30],[15,-14],[24,-9],[20,1],[26,13],[22,17],[19,23],[30,41],[15,26],[10,16],[10,19],[25,62],[24,77],[11,36],[30,118],[9,40],[14,37],[26,-1],[7,-1],[3,-1],[3,-1],[5,-5],[5,-4],[5,-4],[5,-1],[5,0],[4,0],[3,-2],[3,-2],[6,-5],[17,-21],[8,-5],[16,-7],[26,-12],[13,-7],[7,-5],[6,-4],[9,-11],[8,-12],[7,-10],[5,-10],[5,-7],[6,-7],[7,-5],[10,-7],[10,-6],[12,-6],[9,-4],[10,-3],[15,-3],[17,-3],[38,-4],[31,-5],[14,-4],[11,-5],[9,-7],[27,-14],[13,-9],[6,-5],[12,-11],[7,-6],[8,-6],[14,-8],[7,-3],[10,-5],[12,-4],[17,-4],[14,-3],[12,-1],[7,-1],[19,-5],[23,-6],[15,-6],[11,-5],[9,-2],[10,-3],[12,-1],[10,-1],[23,-2],[25,-8],[8,-6],[4,-5],[6,-9],[13,-25],[11,-8],[5,-6],[3,-6],[6,-9],[10,-12],[7,-9],[16,-14],[13,-8],[13,-8],[11,-6],[11,-6],[9,-4],[13,-6],[12,-3],[11,-3],[13,-1],[10,-2],[7,-2],[6,-4],[4,-6],[4,-7],[2,-4],[7,-4],[5,0],[8,5],[5,6],[8,9],[5,2],[6,2],[8,-1],[16,-3],[15,-2],[9,-4],[12,-2],[13,-1],[15,1],[11,2],[9,0],[8,0],[7,3],[25,12],[21,8],[17,5],[9,3],[9,1],[12,1],[9,5],[43,-7],[31,3],[38,-1],[26,-4],[26,-6],[22,5],[27,1],[26,-3],[22,7],[49,-2],[5,0],[3,2],[7,11],[7,12],[12,12],[12,8],[31,16],[14,7],[15,13],[17,12],[22,4],[37,-4],[16,-5],[15,-8],[23,-8],[35,-2],[56,-9],[19,-17],[25,-35],[21,-39],[26,-36],[24,-46],[20,-39],[85,-33],[5,-56],[12,-40],[39,-100],[10,-16],[47,-51],[134,-28],[111,-58],[49,-56],[67,-23],[23,-15],[72,-84],[110,-136],[59,-23],[21,-21],[25,-37],[16,-26],[83,-134],[48,-53],[72,-74],[-9,-85],[19,-37],[42,-37],[0,-113],[-5,-77],[19,-149],[15,-15],[143,-49],[134,68],[31,0],[9,-34],[28,-3],[47,-68],[91,0],[75,-4],[41,42],[100,68],[50,53],[85,14],[128,42],[78,-7],[90,44],[144,17],[109,154],[25,49],[146,-15],[65,82],[120,78],[5,4],[34,28],[76,85],[87,45],[44,50],[39,59],[78,50],[63,41],[59,11],[285,54],[140,-7],[48,19],[55,-1],[63,-37],[43,2],[124,-63],[234,-1],[30,7],[64,2],[70,-42],[205,-13],[43,55],[99,98],[255,140],[59,64],[295,137],[106,24],[91,2],[122,4],[73,107],[17,35],[131,149],[21,24],[89,159],[27,64],[187,48],[136,71],[49,73],[43,70],[41,69],[258,256],[245,19],[282,240],[178,-252],[-5,-38],[408,-487],[227,45],[173,-178],[31,-29],[152,-130],[18,-1],[307,76],[28,26],[34,16],[37,17],[55,25],[42,20],[199,180],[167,90],[76,26],[88,90],[47,17],[128,102],[186,132],[221,70],[61,30],[225,96],[241,112],[19,11],[4,47],[-38,291],[6,66],[-30,73],[2,53],[-18,169],[66,207],[68,177],[31,200],[157,96],[59,107],[77,222],[161,201],[30,83],[47,102],[2,420],[102,144],[133,96],[29,35],[54,34],[134,2],[59,-12],[20,-7],[139,159],[82,56],[11,9],[59,57],[76,60],[134,65],[223,3],[134,-36],[10,9],[69,-16],[7,0],[26,29],[35,41],[50,53],[27,41],[48,55],[33,50],[66,83],[178,167],[229,254],[102,77],[94,67],[131,73],[70,43],[12,8],[34,-30],[613,-577],[224,-122],[220,15],[366,-56],[198,-76],[55,5],[46,27],[79,15],[279,84],[161,-73],[34,-41],[19,-56],[326,-144],[196,-163],[16,-20],[70,-55],[102,-135],[18,-2],[396,-40],[232,-131],[48,-27],[166,-146],[611,-42],[81,43],[-15,133],[44,39],[74,65],[115,138],[158,128],[65,52],[33,34],[53,51],[74,96],[180,151],[30,3],[123,-69],[86,-20],[347,123],[747,-191],[38,-120],[126,-4],[220,255],[1,247],[47,55],[42,47],[35,42],[85,134],[70,64],[53,40],[56,52],[9,18],[738,-115],[466,-242],[48,-397],[321,-254],[185,-139],[173,-212],[12,-159],[156,-243],[-49,-170],[-104,-130],[61,-72],[282,-98],[56,116],[144,188],[77,75],[15,13],[246,233],[134,-39],[26,-10],[70,-42],[510,84],[11,-7],[284,-360],[106,-374],[-10,-144],[32,-140],[105,-125],[-148,-515],[152,-89],[244,-355],[-89,-500],[321,-177],[377,-180],[277,-166],[65,-260],[49,-179],[19,-71],[-73,-302],[349,-161],[145,-11],[36,-124],[132,-231],[239,-259],[43,-201],[74,-153],[231,-229],[-33,-279],[-94,-191],[-42,-173],[-76,-134],[-42,-94],[-96,-153],[53,-430],[-141,-453],[66,-168],[54,-143],[-7,-184],[124,-139],[40,-295],[-7,-13],[-4,-16],[3,-19],[6,-33],[7,-22],[3,-18],[10,-17],[6,-8],[6,-8],[19,-23],[9,-23],[7,-15],[10,-17],[9,-21],[6,-31],[5,-25],[7,-28],[5,-18],[15,-18],[15,-10],[18,-9],[32,-2],[30,1],[24,3],[26,2],[27,-7],[12,-7],[22,-11],[22,-11],[19,-11],[26,-25],[29,-24],[30,-29],[25,-20],[31,-16],[21,-8],[31,-6],[26,-5],[29,-17],[24,-17],[12,-12],[13,-14],[8,-21],[6,-18],[8,-29],[4,-33],[0,-1],[5,-17],[7,-22],[14,-26],[13,-11],[20,-16],[31,-23],[10,-12],[11,-10],[4,-14],[1,-16],[3,-21],[-2,-20],[-4,-16],[-6,-23],[3,-12],[9,-21],[8,-17],[10,-17],[6,-14],[5,-14],[6,-19],[4,-12],[7,-18],[11,-7],[17,-4],[16,-1],[10,4],[149,-11],[101,-17],[87,-17],[83,-7],[88,-14],[86,-9],[52,-9],[84,-22],[93,-58],[178,-83],[89,-328],[-15,-574],[95,-282],[327,20],[169,-19],[81,-6],[248,-72],[250,193],[229,-34],[162,124],[221,152],[288,-261],[34,-231],[54,-176],[308,-180],[140,-167],[12,-19],[258,-320],[151,320],[106,219],[62,166],[407,215],[411,-197],[346,12],[33,-415],[11,-175],[174,-299],[18,-223],[118,-228],[304,151],[300,5],[186,-36],[228,-158],[189,-62],[224,77],[146,-43],[16,-2],[112,0],[168,-65],[58,-25],[358,-46],[283,-80],[19,-211],[2,-19],[-2,-8],[-84,-87],[-18,-13],[-42,-79],[-52,-105],[-50,-90],[-32,-95],[-12,-36],[31,-132],[-55,-214],[-48,-183],[-21,-78],[-4,-9],[1,-9],[142,-189],[152,-206],[77,-105],[70,-92],[10,-12],[147,-126],[103,-89],[3,-5],[22,-47],[42,-88],[45,-92],[75,-159],[4,-14],[4,-45],[10,-88],[5,-62],[41,-482],[-103,-432],[0,-10],[23,-202],[5,-8],[7,-7],[418,-223],[458,-242],[58,-237],[8,-12],[139,-131],[25,-473],[332,-295],[401,-353],[174,-188],[160,-155],[283,-268],[-28,-279],[-9,-85],[179,-277],[-12,-209],[59,-464],[81,-267],[216,-216],[-30,-187],[-22,-134],[-142,-595],[157,6],[379,14],[528,15],[98,16],[637,103],[14,3],[405,66],[731,113],[45,6],[115,20],[608,95],[54,1],[13,0],[914,11],[504,9],[710,13],[67,-18],[276,-92],[222,-272],[83,-32],[30,-14],[95,16],[109,88],[164,136],[-10,37],[-5,25],[0,11],[0,11],[2,13],[7,16],[9,18],[7,12],[10,19],[21,38],[28,46],[18,28],[23,31],[18,16],[9,11],[20,19],[16,16],[23,29],[27,27],[18,18],[12,15],[12,15],[12,23],[2,21],[0,13],[11,38],[44,78],[7,12],[33,-12],[24,-7],[23,-7],[30,-6],[21,-5],[28,-5],[27,-9],[28,-5],[14,-6],[13,-7],[26,-14],[23,-9],[22,-5],[15,-5],[13,-7],[10,-8],[23,-19],[26,-25],[34,-35],[32,-31],[40,-32],[35,-34],[35,-31],[16,-10],[17,-8],[28,-3],[119,-4],[51,1],[33,5],[46,8],[46,10],[35,9],[38,14],[41,11],[14,4],[13,-1],[13,-2],[20,-11],[20,-14],[15,-12],[18,-20],[12,-16],[11,-13],[12,-14],[15,-20],[13,-20],[10,-21],[8,-16],[8,-25],[9,-24],[14,-33],[13,-34],[10,-18],[10,-12],[17,-13],[36,-21],[43,-16],[25,-7],[36,-6],[41,-7],[32,-3],[25,-7],[30,-14],[29,-18],[36,-20],[49,-30],[27,-19],[31,-16],[45,-24],[31,-11],[31,-9],[33,-6],[17,-2],[21,0],[16,4],[14,12],[19,21],[16,19],[18,28],[8,17],[7,24],[3,13],[1,16],[-3,12],[-6,11],[-11,32],[-7,24],[-3,23],[0,12],[3,13],[7,21],[15,47],[18,52],[12,50],[14,52],[9,40],[10,37],[8,16],[14,21],[13,15],[17,16],[21,18],[21,18],[14,15],[7,15],[10,19],[8,21],[5,23],[8,32],[6,21],[8,44],[8,36],[12,34],[11,24],[15,23],[19,29],[18,26],[33,43],[16,19],[10,21],[11,24],[22,42],[19,29],[13,20],[17,24],[24,28],[14,18],[12,21],[11,27],[5,12],[19,42],[30,65],[25,56],[17,27],[13,23],[16,25],[9,15],[19,18],[20,23],[11,18],[11,23],[11,26],[6,17],[10,32],[4,18],[4,27],[5,32],[-1,12],[-3,16],[-6,21],[-4,23],[-4,23],[-3,14],[0,11],[0,15],[4,14],[2,7],[35,-34],[208,-223],[173,-175],[76,-72],[49,-59],[60,-6],[66,12],[552,389],[42,25],[89,55],[339,-26],[154,86],[177,233],[40,38],[218,43],[40,-2],[276,-7],[9,2],[38,42],[267,303],[523,116],[183,59],[28,10],[9,56],[11,40],[8,21],[8,24],[4,17],[6,21],[2,16],[0,11],[-4,22],[-3,16],[-5,33],[-3,22],[-2,22],[-1,20],[-1,26],[1,40],[4,50],[2,34],[-1,48],[0,32],[-2,26],[-2,22],[-6,47],[-13,52],[-7,38],[-7,33],[-4,20],[-4,23],[-1,17],[3,16],[7,24],[5,16],[5,10],[5,24],[3,14],[3,14],[5,26],[2,29],[3,34],[-1,34],[1,23],[-2,79],[-2,19],[3,20],[2,9],[4,12],[6,9],[10,12],[9,9],[10,10],[10,7],[11,11],[7,27],[227,261],[116,115],[18,24],[85,121],[130,182],[108,131],[31,131],[205,160],[72,173],[214,188],[237,143],[116,141],[86,123],[118,266],[6,12],[92,60],[67,-60],[139,-152],[55,-61],[113,5],[314,27],[254,89],[57,26],[52,66],[11,13],[45,68],[0,16],[14,52],[10,45],[166,300],[-39,807],[-100,163],[-95,218],[164,147],[464,349],[-39,155],[0,16],[-1,5],[0,4],[3,1],[45,8],[44,11],[15,6],[10,7],[10,7],[8,11],[5,10],[4,10],[4,11],[7,20],[9,24],[8,32],[12,38],[7,33],[3,18],[3,27],[3,27],[2,21],[1,12],[1,40],[3,31],[5,18],[6,21],[7,17],[5,20],[1,19],[0,22],[-3,23],[-4,28],[-4,20],[-8,34],[-14,46],[-6,19],[-3,11],[-2,13],[0,20],[-2,15],[1,33],[1,13],[0,13],[-1,19],[-2,22],[0,22],[1,24],[3,26],[4,16],[4,13],[5,9],[5,6],[6,8],[7,4],[7,1],[8,-1],[8,-3],[7,-2],[10,-1],[12,3],[8,6],[13,13],[13,15],[20,31],[17,22],[14,23],[8,11],[9,19],[9,27],[7,19],[5,24],[5,14],[6,12],[10,8],[22,9],[31,3],[21,1],[16,1],[15,-3],[13,-6],[15,-2],[46,0],[21,2],[19,7],[26,12],[22,14],[25,18],[21,17],[22,20],[14,18],[8,9],[6,12],[6,14],[6,15],[8,20],[8,19],[8,17],[6,14],[6,12],[8,13],[13,24],[7,15],[10,15],[6,10],[9,10],[7,8],[8,9],[13,11],[12,10],[22,15],[28,18],[10,8],[9,9],[1,1],[26,32],[21,12],[15,6],[15,4],[14,0],[16,-1],[19,-1],[10,1],[8,2],[10,10],[12,15],[9,26],[4,41],[5,35],[2,24],[5,27],[12,35],[4,9],[2,9],[3,6],[14,19],[16,24],[19,32],[22,38],[25,38],[24,38],[22,31],[20,36],[26,29],[23,13],[55,12],[23,15],[15,22],[6,21],[-1,20],[-19,55],[-19,51],[-8,36],[1,31],[9,35],[8,42],[0,1],[1,5],[0,2],[-2,18],[0,4],[-1,3],[-1,6],[-1,6],[-12,24],[-16,16],[-16,16],[-22,27],[-11,27],[-4,76],[-8,46],[-3,34],[4,23],[5,10],[6,11],[14,23],[15,26],[23,61],[11,16],[7,25],[-2,29],[-13,57],[-14,62],[2,22],[7,19],[21,28],[32,24],[23,14],[22,6],[11,1],[17,-2],[26,-6],[25,-4],[15,1],[7,4],[5,6],[5,12],[3,40],[3,38],[3,20],[5,14],[12,18],[38,58],[38,87],[35,18],[106,59],[609,335],[147,58],[7,252],[-1,49],[16,763],[149,300],[-138,632],[-54,121],[33,211],[141,-30],[66,214],[223,726],[41,60],[231,118],[222,100],[57,59],[200,-75],[158,-190],[162,144],[250,38],[77,-60],[111,-190],[190,-48],[246,176],[102,0],[102,-37],[90,-125],[141,25],[347,303],[340,295],[170,144],[101,88],[193,161],[473,398],[311,275],[188,166],[16,15],[48,58],[22,27],[19,23],[76,60],[65,52],[44,35],[8,7],[2,1],[6,0],[59,-5],[209,-18],[108,-10],[148,-11],[103,-8],[67,-4],[185,-14],[88,14],[203,31],[21,-16],[17,-8],[23,-6],[23,-9],[27,-3],[26,1],[20,1],[18,0],[14,1],[14,5],[17,10],[22,10],[25,12],[19,3],[22,-3],[22,-8],[16,-4],[14,-3],[12,0],[17,3],[22,6],[25,11],[18,3],[13,3],[10,0],[11,-3],[18,-4],[23,-3],[17,0],[25,6],[16,5],[11,3],[13,0],[17,1],[22,5],[21,7],[21,13],[17,15],[15,10],[15,4],[15,4],[13,8],[16,16],[12,8],[20,7],[25,6],[49,12],[11,8],[6,8],[2,9],[3,11],[6,10],[6,4],[5,3],[5,2],[10,0],[23,0],[16,1],[18,2],[14,1],[19,1],[26,-2],[15,-1],[25,13],[28,18],[230,31],[231,31],[700,120],[451,77],[84,16],[109,20],[391,71],[753,133],[245,45],[536,101],[642,115],[455,83],[648,118],[21,1],[35,7],[487,86],[97,17],[45,9],[46,8],[55,9],[150,27],[294,53],[87,15],[24,5],[275,49],[113,21],[445,80],[386,70],[195,35],[355,63],[338,63],[92,10],[224,26],[498,59],[135,13],[159,16],[402,39],[239,23],[147,14],[55,91],[40,7],[179,-72],[332,30],[217,23],[251,23],[49,2],[289,31],[328,29],[350,37],[23,2],[75,8],[40,4],[18,1],[111,11],[314,31],[78,7],[43,4],[162,22],[512,49],[121,65],[331,172],[198,107],[40,19],[116,56],[240,127],[180,89],[242,122],[212,106],[152,74],[126,55],[171,7],[265,19],[531,18],[54,32],[17,2],[20,2],[18,-1],[9,-1],[12,-3],[18,-8],[17,-8],[10,-5],[17,-6],[19,-4],[19,-3],[24,0],[10,1],[10,3],[11,0],[17,-1],[10,-3],[14,-6],[13,-10],[11,-5],[14,-6],[9,-4],[21,-5],[20,-4],[19,-5],[15,-5],[9,-7],[8,-6],[8,-5],[7,-4],[6,-2],[4,0],[4,2],[6,7],[35,44],[9,7],[7,2],[6,0],[16,-2],[7,-4],[7,-5],[5,-6],[10,-17],[8,-10],[10,-8],[8,-4],[7,-2],[11,0],[14,4],[9,7],[13,10],[6,3],[5,4],[8,2],[6,-1],[6,-2],[7,1],[6,3],[6,4],[6,2],[6,2],[6,-1],[8,-1],[6,-1],[8,0],[8,0],[9,4],[11,7],[7,5],[9,6],[8,9],[5,7],[5,6],[5,7],[6,3],[7,0],[8,-1],[9,-4],[5,-6],[3,-5],[4,-8],[3,-7],[4,-14],[7,-19],[3,-10],[4,-9],[4,-6],[4,-4],[6,-4],[6,-2],[8,0],[8,0],[5,4],[10,10],[7,9],[10,7],[7,4],[7,2],[6,1],[8,0],[9,-3],[14,-7],[18,-10],[11,-6],[9,-4],[10,-6],[9,-3],[7,-2],[6,0],[8,1],[12,4],[21,9],[20,9],[15,6],[10,4],[6,1],[9,1],[13,-2],[10,-2],[13,-6],[10,-4],[9,-5],[12,-4],[11,-3],[16,-2],[13,-2],[11,0],[12,-1],[9,-2],[6,-2],[5,-4],[4,-3],[2,-4],[1,-5],[2,-8],[3,-4],[3,-6],[4,-3],[3,-3],[4,-2],[6,1],[4,4],[6,2],[6,1],[5,2],[8,1],[6,-1],[5,-2],[4,-3],[7,-7],[9,-8],[10,-7],[7,-5],[6,-2],[7,0],[5,2],[7,3],[5,3],[8,1],[6,-3],[7,-4],[4,-5],[7,-4],[13,-8],[14,-6],[9,-5],[7,-4],[7,-5],[9,-7],[8,-6],[9,-4],[5,0],[9,0],[4,2],[6,0],[4,-1],[6,-4],[4,-4],[2,-5],[2,-3],[2,-8],[0,-24],[-1,-9],[0,-8],[1,-8],[5,-5],[4,-3],[5,0],[7,2],[5,3],[9,6],[15,12],[8,3],[9,2],[5,0],[4,-3],[6,-4],[15,-13],[18,-12],[15,-9],[8,-3],[8,-3],[6,-1],[6,2],[4,5],[6,7],[6,4],[4,2],[6,1],[6,-2],[4,-3],[3,-4],[4,-4],[1,-7],[1,-5],[2,-3],[4,-3],[4,0],[2,1],[2,5],[2,7],[2,7],[4,4],[3,5],[6,4],[6,0],[6,-3],[4,-5],[5,-8],[4,-4],[5,-6],[7,-6],[7,-2],[7,-1],[8,3],[14,9],[20,12],[5,4],[4,2],[6,0],[5,-3],[6,-4],[5,-4],[4,-6],[2,-4],[2,-5],[3,-10],[2,-5],[2,-6],[4,-4],[5,-3],[8,-1],[6,2],[7,3],[5,1],[11,0],[11,-2],[14,-2],[19,-1],[11,0],[15,2],[14,1],[29,0],[11,-1],[10,-2],[9,-3],[7,-4],[5,-5],[7,-7],[4,-5],[3,-9],[2,-11],[4,-7],[4,-10],[4,-8],[5,-7],[8,-7],[9,-6],[8,-4],[9,-3],[15,-4],[16,-3],[28,-6],[31,-5],[38,-8],[34,-9],[16,-5],[17,-3],[21,-6],[15,-8],[13,-4],[13,-5],[13,-6],[17,-5],[15,1],[15,7],[13,3],[12,10],[13,11],[12,15],[10,16],[8,10],[9,8],[11,7],[11,9],[10,13],[7,10],[1,9],[1,15],[-2,13],[-4,3],[-10,5],[-15,15],[-5,8],[-1,7],[-1,8],[2,9],[5,6],[5,8],[5,3],[8,0],[12,-1],[10,-4],[10,-6],[9,-7],[12,-5],[10,-5],[14,1],[0,0],[9,-2],[14,-3],[9,-5],[7,-6],[5,-7],[5,-9],[1,-8],[2,-26],[-3,-8],[1,-12],[-1,-11],[-1,-12],[0,-3],[1,-11],[4,-10],[9,-12],[17,-17],[21,-13],[13,-7],[14,-5],[12,-2],[2,0],[6,1],[4,7],[2,2],[3,5],[6,4],[9,5],[8,3],[12,3],[14,5],[7,6],[9,7],[4,10],[3,6],[1,8],[0,9],[1,9],[1,6],[3,8],[5,10],[6,7],[5,2],[15,-1],[13,-3],[10,1],[11,2],[9,2],[14,2],[12,-1],[18,-5],[11,-5],[12,-5],[15,-3],[20,4],[23,5],[22,6],[19,6],[20,5],[15,3],[22,-1],[15,-4],[12,-6],[10,-8],[12,-8],[12,-6],[8,-1],[11,-1],[11,-3],[12,-11],[16,-17],[14,-19],[10,-8],[11,-7],[12,-6],[12,-2],[12,-2],[10,1],[10,2],[11,-3],[15,-9],[10,-8],[15,-11],[11,-5],[10,-7],[11,-7],[17,-7],[17,-4],[19,-6],[27,0],[27,1],[15,1],[15,1],[12,-1],[11,-4],[13,-5],[7,-5],[7,-6],[5,-6],[3,-9],[3,-11],[-2,-13],[-3,-12],[-1,-12],[1,-16],[3,-7],[5,-6],[6,-4],[8,0],[18,3],[17,4],[21,4],[43,2],[11,-4],[6,-4],[2,-6],[2,-6],[-2,-8],[-4,-10],[-8,-20],[-5,-12],[0,-11],[1,-10],[5,-6],[7,-8],[6,-7],[12,-8],[10,-6],[15,-2],[29,1],[15,2],[11,3],[10,2],[11,0],[16,-3],[25,-7],[14,-4],[17,-4],[31,-1],[15,-3],[11,-1],[16,1],[19,2],[40,-3],[39,-5],[41,-4],[18,-1],[28,-7],[20,-5],[21,-2],[16,0],[15,4],[16,4],[12,2],[6,2],[8,13],[148,315],[262,-44],[284,90],[205,77],[355,-387],[6,-6],[207,-23],[319,-27],[331,-32],[538,-59],[679,-69],[409,192],[575,269],[8,-1],[211,99],[332,206],[359,215],[152,91],[74,44],[17,20],[47,28],[39,23],[242,142],[131,82],[99,212],[74,172],[256,556],[679,317],[549,125],[186,43],[668,122],[204,-103],[287,-164],[223,-114],[50,-24],[342,-280],[698,-178],[519,195],[144,55],[280,103],[113,445],[288,753],[557,1],[250,-36],[151,-21],[293,-45],[268,-47],[243,-267],[437,-212],[506,161],[196,61],[370,113],[301,95],[265,59],[555,129],[470,111],[73,16],[472,109],[496,124],[149,37],[575,138],[21,5],[16,4],[41,10],[105,27],[120,30],[269,66],[400,98],[596,147],[439,106],[680,-206],[706,-311],[121,-52],[358,-156],[357,-157],[126,-54],[249,88],[702,254],[42,44],[329,328],[186,202],[265,-75],[150,-104],[225,-169],[11,5],[114,69],[136,60],[135,42],[592,147],[404,96],[526,190],[60,27],[333,152],[477,224],[70,39],[128,33],[239,411],[133,228],[284,564],[201,753],[202,809],[114,440],[47,396],[67,585],[-3,181],[1,41],[133,897],[84,122],[43,44],[43,37],[209,161],[275,213],[513,439],[534,402],[174,129],[242,171],[21,13],[408,300],[110,79],[216,158],[355,199],[342,499],[52,134],[111,292],[142,870],[270,531],[120,607],[23,592],[146,495],[1,3],[175,386],[103,221],[124,310],[227,544],[259,308],[263,414],[12,20],[59,92],[98,153],[69,80],[333,365],[674,422],[369,613],[37,223],[-65,452],[0,11],[-1,13],[-1,10],[-225,582],[-121,322],[76,364],[228,217],[-5,89],[-14,251],[19,-17],[46,-63],[43,-72],[17,-21],[21,-16],[46,-26],[96,-37],[46,-16],[52,-12],[53,-8],[53,-5],[95,-8],[26,-4],[50,-4],[26,-3],[60,2],[49,5],[34,6],[76,27],[24,13],[20,14],[23,24],[27,31],[19,34],[13,30],[10,39],[8,45],[3,30],[-1,30],[-6,27],[-8,27],[-8,26],[-28,54],[-32,43],[-17,20],[-70,81],[-14,21],[-10,27],[-2,27],[2,28],[6,26],[11,23],[16,22],[18,20],[37,33],[27,15],[49,15],[52,5],[26,-4],[24,-7],[43,-31],[43,-36],[19,-24],[30,-46],[24,-53],[9,-27],[10,-57],[3,-55],[0,-26],[2,-30],[18,-54],[8,-27],[18,-52],[25,-50],[21,-23],[34,-23],[28,-18],[37,-8],[41,0],[32,5],[28,10],[38,16],[45,36],[22,22],[26,36],[24,30],[19,25],[55,77],[20,20],[64,51],[62,46],[23,16],[38,39],[18,21],[17,19],[19,16],[18,21],[54,94],[19,16],[15,22],[13,24],[11,25],[8,26],[6,33],[0,55],[-36,50],[10,46],[13,45],[38,101],[29,43],[23,47],[14,21],[35,38],[19,15],[20,22],[27,21],[40,28],[82,48],[22,11],[47,7],[23,-1],[21,-12],[137,-153],[19,-17],[20,-14],[44,-19],[50,-20],[48,-11],[23,-7],[25,-11],[22,-14],[39,-33],[33,-40],[23,-50],[6,-55],[-1,-28],[-5,-26],[-26,-44],[-15,-20],[-19,-17],[-44,-24],[-48,-17],[-51,-14],[-78,-18],[-111,-57],[-20,-16],[-12,-21],[-10,-25],[-8,-80],[13,-53],[24,-50],[32,-40],[39,-34],[44,-28],[48,-15],[50,-8],[46,-9],[24,-5],[46,-14],[49,-6],[25,0],[50,-16],[25,-1],[25,1],[25,5],[24,8],[80,52],[50,46],[30,36],[32,35],[16,18],[35,28],[41,22],[22,8],[44,7],[22,2],[23,-1],[42,-14],[39,-25],[57,-40],[20,-12],[21,-9],[22,-4],[88,6],[45,7],[64,21],[62,30],[40,22],[40,22],[28,21],[17,10],[20,17],[43,34],[38,39],[37,40],[20,20],[76,74],[98,92],[40,34],[40,39],[41,35],[41,35],[20,19],[38,39],[38,37],[38,38],[29,44],[17,38],[24,52],[24,67],[17,43],[25,53],[21,43],[28,45],[29,47],[22,34],[39,39],[24,11],[53,9],[52,-8],[27,-7],[20,-19],[34,-44],[16,-22],[46,-63],[20,-26],[169,-133],[19,-24],[22,-17],[23,-10],[23,-15],[23,-16],[25,-11],[63,-49],[19,-20],[14,-22],[38,-74],[10,-24],[7,-30],[16,-140],[7,-57],[23,-13],[78,15],[38,12],[17,23],[21,24],[39,21],[34,18],[19,15],[27,38],[42,58],[28,40],[8,22],[1,25],[-24,94],[-17,46],[-23,42],[-11,23],[-12,20],[-35,30],[-20,12],[-43,11],[-22,-4],[-29,1],[-23,-3],[-27,-7],[-25,-4],[-26,13],[-25,0],[-24,16],[-16,24],[-19,20],[-24,10],[-9,25],[7,30],[15,24],[46,25],[47,25],[41,36],[29,47],[9,26],[-6,56],[-26,83],[6,56],[12,25],[23,4],[15,2],[65,-2],[46,2],[63,2],[34,-1],[49,-10],[46,-11],[37,-4],[77,-6],[33,-5],[49,-13],[51,-13],[42,-12],[27,-3],[38,2],[76,27],[35,12],[71,23],[44,20],[44,18],[39,18],[56,20],[62,23],[54,21],[49,21],[45,23],[43,25],[47,32],[39,29],[22,22],[33,45],[10,18],[6,13],[10,29],[14,47],[5,24],[-1,48],[-5,27],[-18,46],[-11,22],[-27,37],[-53,49],[-36,32],[-33,35],[-30,39],[-9,25],[-8,51],[0,26],[10,23],[33,35],[20,16],[43,22],[42,18],[44,19],[45,14],[92,17],[93,18],[23,1],[70,13],[45,15],[70,24],[40,24],[37,30],[35,31],[26,39],[33,92],[26,120],[8,24],[17,16],[18,14],[45,0],[19,-13],[13,-19],[12,-48],[102,-158],[76,-92],[17,-17],[71,-59],[105,-53],[85,-29],[67,-12],[24,-1],[65,11],[85,34],[39,25],[123,109],[67,64],[37,28],[19,13],[44,13],[43,13],[63,20],[23,3],[67,-4],[44,-6],[41,-13],[42,-20],[63,-29],[46,-16],[38,-11],[21,-2],[50,-10],[171,-36],[23,-10],[42,-26],[69,-38],[59,-47],[77,-65],[12,-10],[28,-21],[91,-45],[66,-31],[39,-35],[17,-22],[9,-26],[33,-101],[37,-37],[40,-31],[47,-16],[26,-3],[47,-1],[75,8],[71,12],[25,8],[77,65],[54,54],[33,38],[19,16],[23,13],[44,24],[46,18],[25,3],[48,-9],[24,-11],[18,-18],[29,-46],[27,-72],[29,-103],[8,-24],[43,-92],[25,-7],[47,-1],[27,4],[47,17],[40,30],[38,32],[19,17],[68,79],[19,20],[218,171],[42,31],[65,40],[42,24],[46,16],[25,6],[49,6],[50,5],[172,-21],[24,2],[24,9],[44,25],[83,57],[40,31],[42,32],[20,17],[26,44],[12,24],[9,25],[5,53],[1,53],[-4,28],[-13,52],[-10,26],[-28,44],[-27,45],[-16,22],[-34,40],[-23,47],[-20,48],[-8,54],[0,53],[3,27],[21,51],[12,24],[35,36],[46,25],[47,15],[46,13],[24,3],[50,-3],[23,-6],[46,-19],[44,-25],[39,-33],[55,-52],[104,-112],[16,-21],[20,-15],[43,-28],[21,-13],[47,-20],[34,-12],[14,-4],[14,-3],[40,-9],[26,-5],[26,-2],[24,0],[24,-2],[26,-6],[24,-5],[72,-32],[90,-55],[65,-39],[43,-29],[44,-23],[24,-8],[50,-11],[24,0],[25,5],[20,15],[16,19],[8,54],[-1,54],[13,105],[9,82],[0,80],[-3,27],[-23,105],[-22,76],[-17,79],[-16,53],[-21,50],[-25,47],[-25,49],[-65,93],[-24,46],[-15,52],[-5,25],[0,27],[4,26],[21,46],[32,39],[49,60],[15,23],[12,77],[6,54],[7,31],[10,43],[8,103],[2,25],[-3,55],[-7,51],[0,25],[0,28],[15,48],[9,24],[12,23],[44,63],[81,97],[68,76],[57,48],[15,24],[48,90],[15,21],[19,17],[22,12],[22,-3],[95,-45],[30,-9],[26,0],[24,8],[25,24],[24,28],[27,28],[27,34],[21,26],[40,42],[16,22],[91,85],[21,12],[48,8],[25,6],[45,-19],[22,-12],[50,-56],[52,-89],[24,-44],[24,-47],[20,-47],[33,-78],[40,-103],[12,-24],[14,-25],[36,-40],[43,-31],[21,-18],[38,-41],[36,-42],[40,-35],[42,-31],[24,-15],[50,-11],[52,-4],[52,3],[28,0],[24,10],[168,133],[25,14],[73,23],[54,11],[77,-3],[103,-21],[10,1],[44,4],[27,5],[123,37],[50,16],[51,10],[28,1],[25,-6],[44,-27],[128,-101],[22,-15],[25,-9],[27,1],[20,22],[6,51],[5,36],[2,44],[3,33],[-21,50],[-27,50],[-42,72],[-24,44],[-9,26],[-86,295],[-11,25],[-19,22],[-33,43],[-49,65],[-17,22],[-14,23],[-13,25],[-9,29],[-5,39],[-1,24],[0,26],[8,25],[21,47],[24,42],[19,18],[22,11],[48,11],[96,4],[23,-4],[44,-18],[60,-42],[35,-35],[28,-45],[11,-25],[16,-40],[66,-95],[13,-15],[35,-43],[16,-21],[58,-56],[43,-29],[25,-11],[27,-4],[52,15],[48,21],[21,18],[30,48],[7,29],[1,29],[1,57],[6,58],[6,21],[9,27],[19,42],[9,22],[9,49],[7,104],[-5,51],[-8,52],[-18,74],[-19,45],[-12,52],[-13,76],[-2,49],[3,79],[5,51],[7,52],[17,76],[14,49]],[[135,240492],[42,16],[131,48],[68,15],[41,5],[69,-2],[22,90],[9,60],[10,112],[15,111],[14,100],[18,64],[71,-53],[56,139],[23,-36],[73,25],[56,97],[32,54],[50,88],[114,213],[54,92],[16,29],[36,71],[43,63],[49,83],[147,183],[112,139],[84,104],[95,117],[166,206],[109,135],[95,115],[136,-30],[176,125],[210,154],[207,157],[95,-282],[107,-322],[155,115],[219,161],[240,178],[217,160],[225,167],[231,171],[226,167],[211,155],[224,166],[208,154],[219,161],[160,116],[81,-184],[109,-248],[103,-230],[110,-248],[109,-243],[115,-261],[129,-192],[42,19],[21,-24],[37,70],[136,119],[45,27],[14,13],[26,37],[101,92],[116,111],[141,6],[68,8],[99,-71],[91,-72],[64,-51],[70,-50],[119,-72],[117,-71],[100,-62],[115,-60],[56,144],[20,57],[25,62],[26,62],[35,81],[21,52],[7,1],[70,-42],[103,-59],[128,-73],[43,-78],[43,-87],[2,-11],[98,-77],[94,-75],[121,-97],[11,-7],[102,-59],[104,-59],[103,-57],[131,-78],[11,-5],[105,-60],[100,-59],[68,-38],[100,-57],[67,-39],[95,-52],[290,-86],[840,-240],[115,17],[457,54],[237,33],[85,96],[156,184],[72,83],[83,92],[161,182],[242,272],[6,6],[231,385],[301,388],[228,288],[216,273],[225,282],[46,77],[31,36],[33,40],[14,66],[-2,14],[-23,42],[-8,14],[-28,19],[-12,19],[-54,102],[66,153],[20,37],[103,160],[1,9],[1,13],[-6,34],[-156,164],[1,49],[-4,7],[-109,46],[170,184],[142,129],[25,22],[23,8],[-2,82],[-11,14],[-11,6],[-11,2],[-10,-10],[-21,-15],[-6,-1],[-5,2],[-68,64],[-3,8],[6,133],[60,109],[13,8],[-3,13],[17,3],[27,-7],[118,4],[40,-28],[68,155],[251,-146],[198,-140],[123,-77],[181,-129],[219,-134],[201,-135],[143,-74],[35,-7],[78,-14],[163,-11],[144,-43],[27,-9],[65,-5],[127,24],[36,2],[36,-4],[30,-10],[27,-19],[11,-18],[8,-14],[7,-25],[37,-21],[33,8],[32,11],[30,4],[30,4],[31,2],[34,-5],[32,-10],[29,-19],[28,-23],[29,-22],[50,-40],[33,-16],[69,-23],[66,-27],[33,-12],[65,-35],[68,-40],[22,-23],[2,-10],[6,-12],[9,-13],[8,-15],[4,-21],[1,-19],[-4,-19],[-1,-21],[-5,-16],[-10,-33],[0,-20],[8,-21],[4,-18],[15,-19],[9,-13],[9,-10],[13,-8],[19,-2],[30,0],[36,1],[37,-1],[36,-8],[34,-17],[30,-22],[13,-17],[7,-11],[15,-40],[4,-13],[22,-10],[91,-75],[109,-87],[11,-12],[16,-1],[4,0],[195,-122],[25,-23],[366,-409],[122,-106],[60,-53],[55,-44],[23,-23],[26,-37],[24,-17],[32,-13],[30,-13],[48,-30],[17,-13],[11,-17],[13,-18],[17,-18],[31,-57],[43,-51],[15,-7],[41,-46],[14,-9],[60,-56],[117,-107],[57,-44],[74,-56],[39,-28],[135,-145],[35,-46],[70,-55],[57,-39],[44,-39],[24,-31],[44,-51],[38,-40],[18,-17],[9,-6],[40,-32],[14,-10],[23,-17],[80,-29],[22,-8],[106,-57],[60,-45],[59,-38],[223,-132],[49,-22],[58,-28],[117,-67],[51,-36],[110,-84],[20,-25],[38,-54],[128,-240],[106,-105],[21,-13],[47,-80],[23,-32],[75,-67],[78,-80],[42,-43],[31,-44],[46,-58],[38,-41],[56,-68],[73,-83],[24,-46],[47,-99],[34,-68],[102,-98],[78,-77],[154,-137],[114,-109],[29,-18],[140,-31],[139,43],[165,142],[177,286],[147,210],[76,161],[33,717],[25,181],[94,228],[129,166],[181,86],[307,125],[208,16],[127,-23],[324,-197],[125,-184],[125,-105],[132,-67],[187,-13],[139,21],[75,64],[118,196],[137,151],[88,198],[33,139],[46,203],[16,166],[46,173],[66,68],[125,66],[351,125],[43,-9],[17,6],[3,17],[0,0],[0,0],[2,6],[5,9],[15,20],[17,17],[93,74],[21,30],[19,55],[25,81],[11,17],[13,13],[53,28],[18,6],[38,7],[39,12],[68,6],[31,11],[38,31],[17,39],[3,5],[36,43],[13,50],[0,55],[8,11],[4,10],[24,5],[30,121],[-30,10],[37,169],[22,92],[35,164],[10,49],[45,203],[17,75],[33,138],[18,94],[28,113],[34,143],[35,141],[33,150],[43,186],[14,-2],[77,-22],[36,1],[21,1],[9,37],[9,46],[37,40],[19,5],[1,13],[33,4],[49,4],[20,13],[20,29],[28,-7],[56,48],[18,24],[17,37],[6,17],[9,8],[5,-11],[25,-3],[24,7],[26,26],[68,73],[21,33],[4,40],[7,35],[9,43],[14,28],[12,38],[-3,14],[-15,14],[-50,-39],[-17,38],[-40,33],[-82,80],[-65,28],[-108,43],[-96,37],[-22,12],[28,142],[21,122],[16,47],[37,162],[37,184],[27,162],[-26,101],[-40,128],[59,-6],[85,-12],[146,-21],[147,-20],[146,-23],[108,-14],[95,-13],[17,0],[42,-11],[94,-13],[83,-13],[92,-12],[39,-4],[49,-6],[38,-7],[67,-9],[146,-21],[145,-16],[145,-24],[61,-8],[78,-9],[78,-10],[73,-13],[-28,164],[-33,166],[-1,11],[-26,147],[-30,164],[-23,164],[-27,161],[-30,160],[-28,162],[-28,166],[-24,159],[-30,161],[-20,114],[-9,47],[-29,165],[-18,98],[-9,62],[-29,168],[-25,154],[-26,140],[-22,124],[-6,61],[-31,167],[-29,160],[-26,159],[-28,165],[-24,143],[-32,181],[-27,160],[-28,162],[-23,122],[-10,40],[-9,52],[76,109],[78,119],[75,120],[43,64],[63,99],[60,103],[82,118],[60,95],[72,117],[97,145],[101,153],[48,75],[77,119],[67,105],[75,115],[74,114],[72,109],[83,127],[75,116],[75,120],[80,124],[44,60],[80,-40],[98,-44],[74,-38],[105,-50],[104,-50],[170,-22],[174,-27],[82,26],[78,28],[155,46],[149,50],[141,45],[180,45],[88,27],[149,40],[110,21],[92,30],[53,16],[142,37],[142,37],[147,36],[140,38],[149,33],[149,41],[143,29],[149,35],[140,37],[148,51],[163,53],[145,42],[179,49],[148,40],[141,39],[154,41],[138,38],[147,41],[144,39],[147,40],[139,37],[147,41],[142,37],[149,47],[147,41],[6,2],[65,-112],[81,-111],[52,-120],[54,-131],[89,-95],[79,-89],[94,-104],[84,-129],[87,-133],[74,-108],[76,-117],[86,-146],[83,-129],[6,-14],[0,-1],[1,0],[135,-69],[80,-38],[140,-71],[123,-62],[122,-61],[119,-60],[179,-87],[118,-56],[114,-57],[114,-55],[113,-56],[111,-53],[115,-58],[58,-30],[116,-55],[74,-37],[35,-17],[11,83],[16,155],[19,149],[19,166],[26,195],[14,130],[26,192],[21,174],[16,141],[141,31],[75,14],[123,29],[125,29],[130,25],[45,9],[80,26],[128,33],[123,27],[123,24],[88,18],[93,19],[21,-72],[26,-111],[45,-190],[31,-131],[14,-60],[39,-169],[36,-163],[35,-186],[48,-144],[28,-82],[20,-66],[53,-25],[84,-37],[26,-12],[115,-54],[109,-61],[123,-59],[149,-33],[156,-36],[123,-23],[140,-29],[147,-21],[169,-20],[126,-16],[154,-24],[110,-11],[90,-8],[78,-11],[96,-9],[94,-10],[90,-10],[111,21],[62,15],[130,28],[88,16],[83,16],[15,-2],[95,18],[92,20],[99,24],[99,26],[115,27],[140,36],[97,22],[105,33],[75,24],[97,31],[20,8],[13,8],[71,41],[91,53],[105,58],[114,69],[123,76],[57,-140],[57,-136],[55,-139],[66,-152],[57,-155],[56,-156],[58,-153],[47,-128],[46,-118],[40,-90],[31,-92],[37,-93],[17,-62],[18,-51],[48,-120],[45,5],[57,-4],[69,0],[69,-6],[87,-20],[87,-22],[99,-25],[90,-26],[82,-23],[114,-29],[93,-26],[94,-26],[98,-24],[94,-26],[102,-28],[85,-23],[64,-32],[33,-18],[95,-48],[67,-39],[106,-52],[33,124],[40,122],[31,124],[36,124],[47,169],[33,112],[39,141],[20,69],[24,80],[48,-14],[181,-65],[283,-96],[17,71],[39,130],[42,162],[48,41],[17,15],[11,3],[19,3],[13,-11],[6,-12],[8,-54],[11,-42],[4,-5],[12,-20],[19,-10],[14,-12],[13,-10],[21,-5],[35,14],[41,24],[8,13],[64,161],[-20,13],[-4,13],[-2,16],[1,19],[10,36],[-29,52],[-4,19],[0,32],[9,29],[28,1],[78,-59],[18,-21],[91,-21],[7,3],[6,2],[9,10],[28,93],[8,12],[34,32],[32,29],[19,29],[16,26],[3,12],[25,83],[16,49],[19,26],[16,2],[46,0],[98,7],[11,4],[7,3],[18,13],[30,22],[20,21],[23,26],[17,17],[32,22],[29,15],[43,-10],[19,-35],[20,-74],[5,-14],[13,-8],[14,-6],[25,-9],[12,-2],[17,27],[56,245],[34,147],[28,120],[40,171],[19,85],[14,32],[10,35],[33,150],[39,163],[72,297],[8,37],[19,159],[27,157],[12,157],[23,151],[34,257],[19,126],[20,130],[13,21],[7,18],[8,39],[11,61],[10,69],[30,189],[8,76],[29,138],[30,154],[24,119],[26,108],[18,98],[8,36],[105,-15],[105,-20],[108,-18],[98,-18],[48,14],[65,15],[121,33],[118,30],[122,34],[115,33],[139,36],[112,32],[123,31],[112,33],[104,26],[41,13],[123,35],[31,-121],[38,-144],[7,-42],[26,-98],[30,-118],[73,-47],[73,-53],[86,-62],[59,55],[64,32],[132,7],[118,0],[112,-6],[113,-8],[155,-21],[109,-24],[116,0],[112,12],[110,92],[36,29],[69,58],[18,15],[26,20],[35,120],[38,124],[2,10],[92,33],[100,42],[94,39],[-23,63],[-28,88],[-28,96],[-22,70],[-31,85],[-30,94],[-31,99],[-38,131],[-8,22],[-30,102],[-48,142],[-24,68],[-27,92],[-31,103],[-39,115],[38,54],[64,84],[75,103],[41,114],[41,130],[-7,41],[-24,153],[-18,104],[-10,52],[-14,92],[-26,145],[102,52],[68,35],[-39,124],[-36,114],[0,4],[-35,115],[-41,130],[72,27],[73,29],[74,32],[94,35],[110,40],[119,48],[32,14],[78,41],[136,59],[50,17],[24,57],[52,79],[52,77],[68,102],[58,87],[35,52],[113,170],[70,103],[64,116],[-6,129],[-9,130],[-4,123],[-10,134],[-6,128],[-7,130],[-3,73],[-9,137],[-9,123],[-6,133],[-8,127],[-9,132],[-6,158],[-7,106],[-6,108],[-10,180],[0,24],[-13,19],[11,1],[-59,104],[25,123],[26,132],[13,83],[10,30],[19,135],[22,110],[25,143],[24,127],[24,126],[25,128],[21,126],[23,127],[9,49],[14,77],[23,125],[23,132],[25,123],[24,129],[25,134],[23,119],[25,133],[22,122],[25,129],[30,150],[29,152],[24,143],[102,-22],[94,-21],[106,-25],[96,-21],[95,-23],[99,-22],[27,145],[28,160],[29,154],[27,151],[30,151],[23,127],[89,53],[62,15],[-4,14],[50,13],[84,69],[87,70],[91,-29],[110,-43],[110,-43],[109,-39],[77,-24],[59,-24],[81,-30],[103,-38],[102,-36],[16,-3],[107,6],[138,6],[108,4],[110,2],[38,-5],[60,-18],[98,-26],[80,-23],[17,-5],[130,-35],[117,-35],[118,-34],[102,-19],[100,-20],[75,-18],[131,-23],[131,-23],[104,-19],[107,-20],[114,-20],[107,-23],[116,-85],[119,-83],[111,-82],[108,-80],[9,-6],[81,37],[85,37],[140,57],[139,60],[105,50],[109,47],[71,31],[38,18],[-52,72],[-66,106],[-54,86],[-53,84],[-62,107],[-63,112],[-47,87],[1,18],[12,139],[16,24],[60,60],[28,31],[54,48],[62,61],[43,150],[33,122],[45,160],[16,58],[18,56],[51,108],[51,93],[38,76],[54,103],[40,74],[54,109],[63,116],[61,119],[15,55],[60,93],[58,97],[61,91],[76,117],[81,128],[73,110],[35,75],[7,16],[35,38],[15,42],[6,140],[11,102],[9,139],[9,123],[6,86],[9,96],[13,117],[7,30],[12,28],[64,56],[69,39],[114,20],[-4,27],[-72,136],[-50,102],[-46,88],[-53,104],[-49,92],[-40,76],[-41,80],[-23,40],[-8,12],[-53,92],[-55,99],[-56,106],[-52,102],[-52,93],[-53,95],[-57,126],[-54,102],[-48,99],[-24,50],[-74,154],[-73,155],[-26,44],[-45,92],[-49,90],[-45,95],[-43,91],[-107,6],[-115,6],[-49,4],[-110,22],[-115,25],[-92,16],[-131,30],[-151,-18],[-150,-23],[-95,-11],[-93,-10],[-89,-12],[-6,24],[-16,129],[-11,72],[-13,98],[-14,103],[-18,128],[-14,106],[-55,109],[-54,113],[-57,107],[-12,20],[-59,134],[-55,143],[-42,90],[-50,120],[-43,125],[-61,133],[-53,124],[-55,137],[-45,127],[-23,83],[-11,40],[-35,114],[-20,64],[36,124],[27,111],[44,133],[38,119],[35,116],[37,123],[41,146],[25,96],[30,103],[29,100],[13,44],[33,106],[31,124],[34,117],[16,63],[8,32],[28,104],[33,105],[30,112],[27,100],[52,168],[32,104],[43,130],[35,130],[30,107],[12,40],[23,70],[32,91],[32,105],[29,101],[14,45],[-9,53],[-19,94],[-15,85],[-24,86],[-20,109],[-29,125],[21,20],[34,37],[42,47],[10,11],[83,91],[85,98],[91,100],[87,-12],[84,-12],[95,-15],[103,-10],[111,-7],[51,-7],[17,2],[59,132],[55,137],[35,122],[27,122],[27,114],[23,109],[6,23],[58,21],[80,43],[92,49],[71,105],[61,97],[70,110],[75,110],[81,134],[84,129],[-8,50],[-3,10],[-18,59],[-25,116],[-38,120],[42,83],[48,87],[76,83],[83,92],[50,100],[56,96],[73,130],[11,20],[60,93],[73,121],[75,127],[49,115],[50,119],[82,133],[51,96],[55,106],[66,142],[18,35],[-16,21],[-15,12],[-57,56],[-90,85],[-95,94],[-76,-86],[10,-7],[-53,-52],[-86,83],[-81,81],[-20,16],[-64,69],[-81,77],[-35,-40],[-47,-64],[-26,34],[-81,177],[-68,-7],[-68,77],[-54,71],[-50,68],[31,103],[30,92],[30,105],[34,102],[51,93],[54,97],[55,96],[52,95],[-1,137],[3,138],[36,119],[31,127],[39,136],[6,15],[72,150],[42,159],[9,34],[39,123],[28,92],[32,91],[34,123],[39,131],[8,109],[9,102],[68,112],[65,104],[62,112],[74,118],[43,61],[49,74],[49,82],[12,15],[4,6],[62,112],[72,113],[66,105],[86,93],[84,90],[86,96],[20,19],[28,32],[120,-98],[160,-140],[11,-6],[44,38],[75,26],[121,42],[131,29],[125,24],[113,32],[116,25],[38,11],[15,-18],[22,-21],[11,-1],[39,-17],[53,-9],[24,5],[28,3],[22,-3],[29,-9],[33,-7],[41,-30],[117,114],[107,107],[114,114],[118,114],[96,100],[129,128],[54,52],[50,-26],[118,-71],[105,-67],[128,-79],[58,-36],[87,-44],[120,-72],[66,-40],[23,-14],[14,-16],[13,-12],[3,-17],[48,-168],[42,-171],[22,-46],[8,-13],[9,-10],[11,-9],[16,-10],[141,-49],[37,-10],[51,-19],[29,-15],[67,-23],[146,-56],[146,-55],[143,-53],[60,-22],[111,-37],[18,-5],[92,-30],[83,-32],[125,-45],[127,-46],[135,-50],[124,-45],[43,-19],[10,69],[31,79],[35,91],[11,28],[16,81],[20,133],[23,145],[18,127],[20,136],[25,146],[15,124],[9,47],[-2,13],[2,95],[8,25],[31,53],[33,135],[29,142],[19,152],[23,156],[77,93],[79,97],[75,94],[79,94],[38,9],[108,29],[104,24],[39,9],[114,30],[112,29],[102,27],[21,2],[31,23],[103,61],[67,37],[39,24],[103,64],[102,60],[65,44],[20,7],[0,0],[74,98],[154,204],[75,109],[77,108],[77,109],[137,136],[171,116],[15,20],[54,532],[0,6],[2,54],[-1,14],[-150,-45],[-30,-4],[-36,-3],[-67,11],[-25,7],[-14,0],[-16,2],[-20,-4],[-66,-31],[-29,-22],[-29,-16],[-38,-8],[-38,-1],[-48,8],[-65,8],[-48,13],[-43,15],[-22,14],[-15,21],[-10,27],[-6,38],[-11,49],[-13,21],[-19,44],[-19,30],[-19,22],[-38,18],[-40,21],[-29,12],[-18,24],[-19,27],[-23,52],[-25,67],[-20,58],[-24,71],[-26,54],[-18,54],[-24,57],[-13,24],[-13,28],[-11,25],[-24,42],[-14,20],[-24,34],[-51,47],[-36,33],[-31,26],[-12,9],[-21,39],[-16,35],[-14,74],[-12,51],[-7,29],[-3,31],[3,19],[5,19],[14,24],[24,28],[16,16],[11,20],[5,11],[4,15],[5,20],[-5,21],[-17,36],[-16,24],[-36,47],[-19,34],[-14,24],[-15,33],[-8,45],[-38,68],[-12,28],[-7,26],[-4,22],[-1,11],[-1,24],[1,23],[5,21],[6,25],[5,25],[-6,17],[-13,33],[-12,19],[-17,28],[-6,16],[-3,6],[-2,22],[8,35],[26,54],[33,64],[64,156],[17,44],[5,19],[2,38],[-2,23],[-15,19],[5,4],[34,23],[11,11],[15,14],[32,27],[33,2],[53,34],[60,49],[18,9],[13,-8],[70,-48],[50,-38],[131,-88],[120,-82],[135,-96],[84,-55],[85,-58],[98,-71],[94,-65],[106,-73],[47,27],[92,56],[110,62],[101,57],[93,55],[11,7],[120,72],[88,58],[91,61],[89,54],[58,39],[14,9],[55,34],[38,24],[82,48],[32,-78],[51,35],[44,33],[72,31],[30,-32],[28,-82],[33,-23],[31,-7],[29,-5],[78,15],[31,-18],[15,-23],[13,-75],[14,-25],[32,-36],[80,-38],[49,-9],[65,11],[29,5],[35,-15],[66,-53],[48,-71],[42,-82],[41,-72],[47,-70],[59,-61],[42,-60],[24,-72],[23,-30],[37,-20],[51,-2],[57,23],[48,45],[48,21],[27,0],[74,100],[34,133],[15,32],[33,152],[50,149],[39,131],[3,6],[3,7],[11,7],[12,10],[10,21],[11,19],[33,47],[25,33],[19,20],[26,22],[24,28],[10,12],[12,12],[33,28],[12,6],[19,6],[22,4],[18,7],[28,13],[30,10],[17,7],[38,2],[19,-2],[16,6],[11,9],[22,19],[25,16],[33,20],[6,15],[-4,25],[-4,26],[-9,127],[-6,27],[9,9],[12,6],[10,9],[22,12],[13,9],[32,14],[12,8],[5,10],[3,9],[-11,57],[-43,118],[-18,47],[-10,34],[-13,69],[2,21],[21,25],[52,57],[55,62],[62,63],[30,32],[41,27],[17,18],[-20,17],[-18,14],[1,13],[0,28],[2,54],[5,37],[-8,87],[-14,42],[-25,54],[-1,25],[16,13],[25,-1],[33,-1],[37,-2],[56,9],[58,10],[27,4],[27,11],[16,11],[11,13],[20,20],[31,41],[88,43],[50,28],[43,33],[28,26],[8,10],[63,71],[67,71],[88,91],[3,7],[53,65],[53,76],[39,62],[49,62],[34,39],[51,58],[10,90],[9,26],[17,68],[31,129],[-7,122],[-4,74],[5,120],[-21,62],[-11,85],[-22,116],[-17,79],[-5,67],[-1,16],[-2,25],[-5,17],[-3,9],[-17,51],[2,65],[-14,33],[-14,32],[3,65],[-14,21],[-2,29],[4,35],[0,84],[-3,64],[-29,66],[-23,59],[-23,59],[-4,4],[-7,5],[-21,13],[-28,17],[-51,32],[-45,30],[-15,10],[-142,90],[-152,100],[-178,114],[-174,111],[-64,42],[-48,52],[-83,93],[-271,292],[-21,25],[-105,123],[-85,87],[-56,63],[-48,51],[-17,19],[-39,41],[-14,21],[-38,39],[-91,100],[-107,118],[-19,2],[-52,59],[-126,26],[-153,29],[-108,18],[-109,20],[26,142],[-2,17],[-2,10],[-15,70],[-21,82],[-36,132],[-37,128],[-5,19],[52,17],[47,137],[45,132],[32,96],[48,134],[16,42],[35,90],[46,135],[38,123],[56,159],[114,-50],[78,-32],[72,69],[73,68],[76,70],[67,59],[116,95],[124,103],[74,66],[94,71],[94,78],[62,49],[83,81],[41,118],[16,58],[2,70],[7,41],[26,155],[18,78],[31,112],[102,165],[42,56],[5,16],[3,18],[11,22],[11,19],[7,22],[6,18],[2,19],[-6,19],[-16,30],[-21,47],[-21,52],[-7,28],[14,20],[16,25],[15,22],[27,27],[31,46],[15,32],[16,20],[15,17],[15,14],[18,19],[15,23],[10,23],[11,17],[10,16],[25,36],[32,58],[6,18],[-2,42],[-5,46],[-5,42],[-1,28],[-2,42],[14,36],[6,27],[14,35],[4,25],[6,46],[5,21],[-3,33],[4,52],[1,41],[13,46],[28,51],[34,36],[26,23],[25,37],[9,21],[7,27],[4,36],[0,21],[3,31],[5,32],[4,46],[2,33],[-5,63],[-26,56],[-34,57],[22,34],[28,40],[9,15],[8,16],[17,31],[4,13],[9,46],[-7,65],[-5,30],[-1,19],[-2,8],[-15,28],[-11,25],[-29,69],[-5,12],[-14,41],[18,26],[-3,111],[-11,140],[-48,42],[-74,62],[-6,119],[-2,93],[-3,47],[14,58],[24,85],[21,104],[19,71],[9,41],[-13,37],[-17,45],[-33,102],[-10,31],[-6,17],[22,104],[4,27],[7,30],[13,65],[13,70],[7,36],[-44,130],[-14,44],[-4,82],[16,34],[29,67],[14,35],[14,8],[31,21],[53,31],[45,23],[17,30],[4,28],[7,15],[22,7],[48,16],[34,11],[40,13],[35,-5],[63,6],[35,-5],[54,16],[62,-5],[26,-6],[45,-15],[69,-24],[69,30],[42,14],[36,5],[40,93],[10,24],[37,83],[38,71],[16,29],[24,45],[10,28],[13,33],[8,25],[2,24],[1,76],[2,21],[3,96],[-2,105],[64,2],[61,11],[73,11],[56,6],[119,13],[91,66],[38,8],[97,16],[125,95],[46,38],[90,70],[89,88],[83,84],[62,64],[33,32],[28,3],[50,10],[46,8],[102,-4],[32,0],[50,-3],[72,4],[58,4],[35,0],[95,7],[50,-1],[28,-1],[36,-1],[26,-3],[16,10],[15,31],[7,25],[6,24],[1,26],[1,17],[15,11],[64,15],[20,19],[72,60],[43,-7],[61,32],[103,36],[82,17],[93,16],[101,5],[14,91],[126,92],[65,45],[120,40],[76,23],[59,-6],[96,-17],[146,10],[79,10],[13,2],[48,2],[50,44],[44,34],[42,86],[12,44],[0,26],[1,25],[-2,39],[1,38],[0,23],[-1,23],[0,16],[8,5],[48,29],[9,5],[29,18],[7,4],[18,15],[21,5],[34,9],[13,5],[18,10],[10,12],[10,12],[27,60],[32,82],[31,81],[14,38],[0,5],[0,6],[-3,27],[-16,124],[-19,139],[-17,123],[-21,147],[-21,165],[-8,56],[-11,88],[-8,52],[-6,43],[25,101],[25,96],[23,94],[37,144],[32,132],[155,109],[98,11],[13,2],[67,6],[197,23],[101,13],[-7,45],[-12,80],[-10,62],[-15,64],[-4,15],[-2,9],[-24,97],[-31,129],[-4,17],[-3,18],[-19,70],[-31,-2],[-37,83],[-8,23],[-14,29],[-2,14],[-12,38],[-7,62],[-27,161],[-15,63],[-22,105],[-42,165],[-14,62],[-13,47],[-11,42],[-6,48],[3,54],[-21,130],[-97,-15],[-164,-17],[-89,111],[-41,104],[-14,76],[-3,83],[4,52],[5,58],[-84,-8],[3,134],[3,107],[5,106],[2,46],[3,90],[3,87],[3,91],[-7,12],[-9,15],[-35,42],[-18,22],[-18,20],[-19,35],[-8,18],[-12,23],[0,21],[-1,22],[2,32],[2,33],[4,33],[10,99],[11,163],[34,181],[16,151],[10,141],[8,30],[63,111],[84,121],[79,112],[-2,6],[38,53],[27,38],[12,13],[16,5],[103,18],[8,6],[94,6],[50,-2],[130,2],[60,2],[71,2],[127,4],[110,0],[124,5],[129,3],[242,6],[14,0],[177,4],[182,6],[2,0],[95,-3],[95,-4],[54,3],[141,7],[38,146],[29,129],[37,150],[33,130],[4,16],[83,64],[25,20],[124,95],[75,58],[28,22],[97,73],[63,60],[16,21],[15,21],[12,19],[15,21],[7,10],[1,9],[-1,37],[-2,19],[0,15],[-4,66],[7,55],[0,5],[13,55],[30,72],[14,26],[102,71],[59,59],[6,8],[11,8],[92,67],[6,3],[-14,61],[-8,37],[-3,20],[-4,34],[0,18],[2,16],[5,20],[15,14],[21,14],[20,19],[64,156],[44,80],[-21,107],[129,-25],[60,-40],[89,-20],[51,-43],[82,5],[137,-34],[69,-16],[92,-24],[116,-17],[44,-13],[16,-6],[9,-1],[10,8],[9,16],[5,34],[8,0],[4,16],[18,94],[10,26],[20,35],[13,32],[12,51],[21,102],[24,99],[108,76],[75,52],[22,71],[18,36],[47,124],[34,93],[12,33],[27,78],[8,69],[8,69],[2,53],[-19,9],[-29,20],[-37,25],[-36,23],[-48,37],[-17,14],[-36,35],[-78,49],[-20,12],[-10,2],[-25,4],[-55,10],[-88,20],[-52,-1],[-40,1],[-28,5],[-22,4],[-40,8],[-36,6],[-106,33],[12,69],[19,81],[8,39],[6,66],[12,52],[6,21],[18,38],[14,31],[14,74],[29,81],[17,66],[12,86],[-14,76],[8,15],[-7,35],[-4,36],[-1,16],[-5,69],[17,17],[28,25],[44,25],[32,21],[10,9],[6,12],[7,15],[7,19],[3,14],[2,13],[-2,85],[2,14],[4,18],[12,23],[12,25],[41,53],[23,30],[36,48],[60,81],[10,25],[29,106],[11,55],[33,77],[9,54],[-57,145],[-45,184],[48,104],[44,129],[69,185],[34,102],[54,-9],[44,20],[53,23],[27,7],[41,12],[14,14],[36,35],[20,17],[20,6],[18,9],[24,7],[23,0],[54,-7],[49,-3],[7,21],[3,9],[23,73],[4,11],[50,102],[3,23],[-12,42],[-19,39],[-14,33],[-31,15],[-125,38],[-163,57],[-75,168],[-49,149],[-47,168],[-49,171],[-37,141],[-5,55],[-14,106],[1,99],[1,80],[1,112],[2,52],[-16,62],[-33,16],[-151,25],[-465,98],[-71,13],[-64,13],[-75,7],[-84,11],[-18,14],[-18,21],[-17,23],[-3,50],[-61,52],[-68,115],[-34,79],[-100,200],[-91,198],[-71,160],[-48,117],[-57,48],[-84,157],[-35,65],[-14,119],[-16,136],[-26,5],[-2,55],[-5,74],[-6,85],[0,39],[3,28],[-5,35],[-4,27],[-1,21],[13,14],[38,14],[55,21],[100,-4],[53,-5],[126,-6],[83,-1],[24,1],[51,14],[52,28],[42,22],[28,13],[32,9],[26,-3],[48,-9],[30,7],[16,16],[81,101],[31,48],[60,21],[69,21],[32,18],[44,24],[53,-11],[33,-8],[18,9],[35,38],[34,0],[38,5],[44,9],[35,1],[31,-1],[22,4],[27,20],[15,3],[17,-8],[19,-10],[27,-3],[46,-5],[23,3],[15,16],[27,38],[12,6],[15,1],[41,-22],[32,-14],[71,-19],[19,1],[22,10],[16,23],[39,37],[50,29],[10,123],[16,108],[15,106],[17,96],[-14,37],[-1,22],[0,24],[8,20],[21,25],[32,36],[13,22],[4,13],[46,21],[103,35],[142,62],[-41,118],[-28,74],[128,54],[154,65],[161,69],[82,47],[-52,115],[-53,114],[9,10],[183,98],[123,66],[197,97],[25,16],[-48,103],[-50,111],[-46,115],[-50,115],[-7,21],[12,16],[159,86],[119,64],[-43,97],[-17,39],[4,14],[26,18],[44,19],[15,6],[23,-7],[62,-45],[27,15],[84,61],[142,96],[144,99],[82,61],[-36,113],[-38,112],[-34,110],[-29,91],[-19,28],[-56,55],[-11,21],[0,54],[3,42],[5,107],[28,71],[30,50],[72,109],[41,68],[26,56],[47,81],[55,102],[0,49],[10,68],[7,43],[22,36],[21,23],[20,21],[20,21],[9,39],[31,22],[37,26],[8,95],[33,35],[34,33],[27,6],[73,40],[14,35],[13,85],[23,74],[34,78],[15,54],[16,54],[23,56],[312,136],[301,124],[301,133],[53,22],[246,105],[99,44],[168,70],[31,49],[158,5],[95,34],[81,30],[51,18],[63,14],[117,49],[49,19],[92,28],[96,26],[84,22],[87,9],[45,5],[46,4],[28,21],[34,28],[44,7],[45,7],[36,-11],[72,-26],[63,-21],[45,-8],[49,-15],[74,-18],[89,-18],[105,-15],[40,-3],[79,-24],[76,-27],[76,-26],[108,-31],[101,-33],[76,-20],[45,14],[42,29],[17,22],[9,38],[1,5],[0,12],[0,56],[0,12],[-3,6],[-2,6],[-49,23],[-36,109],[67,146],[25,38],[-215,157],[91,140],[81,115],[-171,98],[59,95],[58,92],[60,118],[-42,141],[-14,78],[-2,66],[13,120],[30,66],[11,33],[41,71],[35,41],[78,89],[59,54],[53,40],[30,7],[80,-27],[10,9],[37,103],[64,148],[21,153],[18,115],[45,121],[64,162],[-144,78],[22,99],[42,156],[30,126],[32,137],[38,156],[35,127],[45,188],[41,167],[41,165],[21,89],[31,124],[30,119],[53,217],[29,122],[30,117],[23,95],[16,63],[16,64],[26,102],[14,50],[23,85],[50,170],[32,-8],[28,69],[44,103],[98,245],[108,265],[11,8],[111,-32],[21,1],[140,114],[22,4],[91,-22],[41,-13],[15,1],[47,52],[37,21],[139,53],[32,17],[9,15],[30,128],[54,239],[11,3],[275,-140],[174,-19],[99,136],[37,50],[81,110],[109,147],[112,148],[89,111],[156,48],[156,49],[44,38],[106,67],[8,8],[40,39],[65,-5],[36,-6],[2,56],[3,46],[13,169],[18,192],[9,92],[3,30],[9,94],[2,42],[5,138],[1,38],[11,215],[16,229],[10,157],[6,90],[-10,179],[-10,113],[-4,10],[-16,46],[-9,78],[-1,50],[6,104],[7,71],[-14,135],[-17,189],[-9,121],[-3,78],[-4,102],[-5,103],[-19,207],[-139,12],[-56,7],[-24,6],[-13,7],[-20,34],[-12,24],[-27,3],[-63,8],[-21,4],[-24,14],[-38,23],[-42,21],[-53,6],[-27,3],[-17,13],[-36,68],[-51,96],[2,45],[32,172],[31,171],[27,155],[11,63],[47,27],[14,98],[35,198],[32,196],[33,210],[20,140],[54,67],[137,171],[115,154],[47,30],[6,10],[9,35],[17,38],[8,49],[-7,37],[-18,40],[-3,15],[8,14],[8,33],[4,13],[14,4],[4,26],[62,134],[46,94],[43,49],[106,118],[86,184],[14,108],[19,148],[15,125],[47,99],[27,47],[58,106],[31,43],[32,43],[44,76],[41,55],[61,71],[38,60],[26,36],[97,34],[37,13],[14,0],[13,1],[7,17],[7,5],[42,33],[51,40],[17,4],[3,0],[18,-1],[7,-1],[29,7],[23,-1],[29,-8],[29,2],[53,-14],[53,109],[23,51],[141,170],[30,39],[74,95],[68,83],[35,62],[36,90],[-9,48],[-79,251],[10,17],[98,238],[-50,37],[-112,75],[-77,82],[-81,80],[-79,82],[-80,100],[-41,68],[-39,69],[-19,50],[-10,56],[-3,35],[6,59],[11,54],[19,62],[27,32],[27,21],[51,25],[70,44],[37,18],[55,20],[55,19],[93,10],[18,39],[-76,140],[5,16],[29,108],[4,18],[8,37],[9,18],[2,3],[1,14],[5,11],[22,15],[14,12],[9,6],[82,72],[9,12],[-3,11],[9,13],[10,31],[16,43],[13,36],[7,19],[10,26],[-4,22],[17,76],[2,28],[44,152],[54,196],[16,61],[35,134],[19,77],[34,119],[20,64],[21,150],[31,202],[13,99],[11,68],[19,123],[6,48],[6,49],[12,76],[49,142],[61,52],[98,70],[55,65],[53,97],[40,58],[53,80],[67,78],[62,71],[47,68],[23,81],[19,68],[48,107],[38,62],[18,51],[14,81],[3,112],[116,76],[45,43],[30,39],[55,81],[75,86],[35,54],[12,35],[28,95],[59,131],[89,110],[40,40],[44,60],[17,46],[50,106],[61,133],[50,82],[17,84],[38,106],[46,69],[-4,115],[-3,90],[21,178],[7,157],[48,188],[3,21],[51,147],[94,95],[98,95],[92,98],[61,75],[60,86],[58,85],[91,113],[55,132],[14,75],[3,29],[26,115],[32,103],[48,109],[45,61],[68,85],[-19,187],[-58,167],[2,153],[21,8],[34,15],[59,35],[97,49],[69,46],[29,19],[36,17],[55,22],[69,1],[86,-18],[146,21],[30,-36],[23,-27],[75,2],[23,4],[53,36],[125,103],[25,27],[111,115],[62,75],[49,54],[54,65],[29,77],[-3,84],[117,-33],[131,-20],[83,-13],[82,-13],[155,-11],[115,-9],[104,-12],[13,-80],[4,-94],[76,-11],[43,-4],[79,15],[112,59],[80,21],[67,24],[19,10],[25,23],[78,49],[105,123],[72,-45],[66,-16],[59,39],[23,15],[42,-13],[114,-34],[102,-5],[70,-86],[17,-92],[10,-43],[10,-44],[25,-34],[33,-26],[24,-8],[11,-6],[33,-20],[34,-6],[69,-15],[128,9],[40,6],[40,7],[111,-3],[145,-8],[-2,-17],[83,-32],[70,-31],[57,-38],[11,40],[25,82],[23,75],[4,15],[24,44],[28,32],[28,85],[26,103],[35,119],[86,187],[62,170],[58,134],[79,113],[69,73],[72,106],[41,106],[9,22],[54,156],[26,183],[36,121],[2,6],[18,52],[9,24],[24,56],[37,88],[14,40],[30,91],[13,39],[37,104],[28,77],[28,77],[49,131],[48,118],[63,165],[31,99],[28,75],[28,74],[46,127],[12,27],[44,174],[-9,125],[-7,126],[-13,31],[-29,76],[-40,111],[-30,53],[-31,53],[-51,102],[-69,100],[-61,110],[123,71],[128,73],[-61,107],[-57,90],[100,55],[103,61],[-69,179],[-42,113],[-6,22],[-38,111],[-42,126],[-44,142],[-31,92],[-30,47],[-15,45],[-93,99],[-29,57],[5,81],[-30,108],[-44,96],[-37,78],[-8,12],[-7,25],[87,93],[88,106],[42,117],[52,134],[47,119],[64,181],[22,76],[-105,55],[-125,59],[-115,62],[-112,48],[-122,58],[-115,64],[-25,69],[-43,107],[-42,108],[-15,45],[-23,65],[-55,149],[-3,14],[-54,129],[-57,164],[-35,101],[-21,35],[-39,64],[-19,79],[-25,117],[23,88],[-40,135],[-9,72],[-22,44],[-60,92],[-74,102],[-73,106],[-63,109],[-23,46],[10,111],[-2,95],[5,87],[-9,118],[-12,104],[-10,110],[-3,92],[43,183],[33,104],[51,135],[39,99],[32,90],[24,100],[7,90],[20,148],[20,163],[23,102],[17,114],[6,144],[-13,97],[0,30],[24,129],[53,103],[64,92],[66,100],[36,63],[52,161],[25,148],[26,128],[17,66],[24,130],[15,45],[29,70],[37,92],[80,175],[62,148],[35,84],[32,102],[22,68],[94,76],[25,33],[66,116],[83,94],[24,43],[47,27],[49,90],[9,26],[4,19],[27,54],[113,127],[87,95],[70,89],[86,163],[87,114],[52,80],[50,106],[70,137],[96,183],[49,135],[72,101],[94,-100],[239,-260],[115,-122],[111,-123],[78,-93],[131,-129],[119,-134],[19,-24],[41,-48],[71,103],[67,102],[60,86],[51,82],[100,140],[32,48],[109,167],[75,117],[17,22],[-21,19],[-140,109],[-106,86],[-116,106],[-23,21],[-105,80],[-46,37],[6,35],[-63,53],[-15,11],[-15,12],[-106,81],[-85,76],[-62,52],[-87,79],[36,146],[111,132],[46,72],[2,35],[44,42],[104,94],[31,27],[112,108],[64,43],[30,16],[93,25],[82,64],[-4,51],[59,2],[109,58],[43,35],[84,70],[79,121],[16,98],[17,91],[33,-10],[66,49],[107,53],[81,54],[70,-41],[115,-54],[107,-19],[99,-19],[52,16],[84,-98],[35,-48],[34,-49],[50,-100],[16,-30],[15,-29],[56,20],[47,18],[71,28],[93,139],[121,128],[76,115],[30,46],[46,80],[57,110],[41,123],[55,104],[17,60],[1,60],[18,129],[36,145],[14,56],[69,110],[83,55],[109,28],[49,57],[21,23],[44,37],[66,12],[99,-20],[72,41],[56,66],[2,86],[46,75],[35,23],[61,32],[35,54],[41,32],[79,140],[72,156],[7,65],[0,22],[-1,30],[13,76],[82,146],[8,10],[23,38],[51,85],[26,44],[50,26],[74,18],[45,21],[69,107],[-10,85],[-30,154],[30,108],[19,66],[29,101],[-1,54],[-31,191],[-33,46],[-29,38],[116,10],[139,-1],[171,-22],[59,-5],[177,17],[114,-106],[129,-103],[68,-50],[66,-58],[170,-58],[120,-27],[44,-5],[84,-13],[181,-11],[105,-49],[137,-66],[141,2],[86,3],[135,16],[50,-14],[50,-13],[85,-51],[47,-10],[29,1],[23,0],[37,23],[40,36],[39,35],[37,-29],[76,133],[10,50],[88,10],[20,167],[22,89],[31,108],[39,105],[75,0],[13,1],[35,1],[6,24],[7,33],[4,19],[46,207],[38,193],[43,203],[142,93],[14,72],[15,12],[36,26],[39,31],[51,36],[20,23],[7,17],[3,11],[1,16],[0,17],[3,17],[7,8],[12,9],[6,11],[16,32],[9,29],[19,47],[7,18],[5,22],[0,22],[-6,41],[6,43],[13,34],[2,20],[-11,115],[41,166],[29,129],[47,203],[21,64],[18,90],[8,186],[10,87],[2,11],[9,113],[9,106],[22,114],[25,106],[23,128],[11,29],[22,54],[13,78],[37,94],[34,92],[25,61],[128,132],[9,55],[26,183],[5,57],[30,202],[15,115],[23,157],[12,90],[26,182],[20,143],[3,34],[21,114],[3,38],[9,70],[14,105],[16,122],[18,120],[55,-10],[122,-15],[127,-24],[123,-16],[60,-27],[35,49],[61,89],[52,71],[47,68],[90,148],[108,54],[65,106],[86,45],[41,80],[37,78],[-45,41],[-26,27],[-49,85],[8,30],[55,130],[39,93],[11,34],[53,124],[14,34],[-4,32],[-15,158],[-12,128],[-16,127],[26,107],[27,127],[22,104],[37,168],[36,169],[15,62],[-64,87],[-76,95],[59,169],[46,126],[82,224],[20,38],[50,82],[82,141],[44,73],[102,175],[79,28],[49,16],[127,52],[41,10],[93,35],[71,12],[77,16],[56,7],[34,6],[144,-3],[62,1],[91,-8],[59,0],[42,8],[8,1],[115,-2],[24,1],[145,-11],[37,2],[83,94],[29,58],[18,81],[3,54],[81,10],[70,-2],[0,0],[12,19],[7,39],[17,136],[13,101],[8,63],[15,102],[13,108],[15,110],[11,92],[16,97],[3,38],[6,42],[9,58],[7,58],[9,47],[4,56],[6,37],[9,75],[3,42],[5,38],[8,68],[9,65],[-20,73],[8,46],[9,48],[2,62],[1,60],[-54,18],[-39,14],[-81,30],[22,100],[33,128],[19,98],[33,130],[38,162],[24,101],[34,153],[21,102],[16,68],[43,169],[26,111],[46,-6],[74,-9],[25,-3],[51,-6],[48,-9],[63,-9],[186,-25],[127,-16],[117,-18],[110,-15],[127,-21],[104,-15],[75,-10],[75,-11],[33,33],[97,96],[50,49],[89,89],[79,79],[113,112],[75,74],[74,75],[19,22],[64,-40],[40,59],[63,101],[57,-13],[48,-6],[78,-10],[75,24],[25,78],[27,43],[20,39],[44,74],[15,34],[32,83],[4,57],[60,18],[65,20],[72,26],[85,21],[23,11],[27,-16],[82,29],[156,41],[100,32],[5,26],[20,107],[16,78],[6,18],[21,107],[25,123],[24,125],[8,34],[3,7],[18,98],[24,120],[8,46],[15,153],[9,80],[-23,103],[-11,86],[-19,91],[-7,62],[-14,129],[-17,79],[-8,66],[-29,105],[-32,123],[-21,91],[-9,45],[-18,51],[-6,21],[100,23],[97,20],[122,23],[91,17],[91,-40],[167,-72],[106,-48],[107,-89],[54,-48],[59,-63],[70,-78],[62,-80],[99,-110],[57,-71],[41,-52],[30,-78],[38,-98],[127,-103],[43,-32],[56,-41],[42,-29],[21,-63],[7,-37],[11,-53],[9,-31],[5,-16],[92,-62],[91,-68],[86,-72],[92,-8],[122,-73],[25,-23],[43,-20],[66,-45],[16,-6],[31,22],[29,-1],[17,-1],[98,-10],[55,-15],[135,-40],[53,-14],[125,-42],[77,-25],[67,-29],[33,-5],[78,-15],[119,-18],[47,-9],[54,-14],[113,13],[122,12],[39,5],[61,-11],[89,-54],[97,-57],[106,-29],[102,-19],[45,-1],[91,15],[35,33],[54,45],[48,29],[57,16],[29,25],[13,12],[10,15],[34,31],[114,-9],[23,17],[19,9],[147,-21],[68,-28],[41,-11],[59,-14],[58,-12],[120,-23],[78,9],[30,-2],[46,6],[74,-5],[105,1],[5,-37],[25,-188],[14,-88],[23,-100],[42,-4],[108,-10],[147,-13],[93,-11],[93,-9],[44,-5],[128,-16],[122,-15],[68,-15],[70,-17],[121,-15],[61,-6],[14,16],[1,34],[-7,92],[2,17],[-3,63],[-8,104],[-7,59],[-7,26],[-39,47],[-70,38],[-52,76],[9,47],[27,135],[15,74],[-18,11],[-43,15],[-68,21],[11,44],[14,70],[25,140],[24,110],[2,16],[-4,46],[62,130],[62,143],[47,108],[44,103],[55,115],[56,119],[1,61],[0,37],[1,84],[35,123],[32,129],[24,90],[35,135],[16,102],[8,22],[-1,28],[28,117],[16,98],[14,75],[30,174],[25,166],[26,168],[29,172],[30,173],[27,167],[11,73],[15,78],[12,88],[19,100],[29,166],[21,134],[6,56],[8,46],[61,159],[58,159],[63,168],[57,149],[66,167],[51,136],[54,142],[159,28],[152,24],[67,14],[162,28],[114,21],[102,15],[154,27],[117,19],[98,16],[8,16],[98,70],[104,73],[104,72],[106,73],[26,18],[81,48],[101,57],[110,67],[116,65],[109,-125],[105,-124],[79,-94],[118,-141],[132,-95],[131,-97],[94,-76],[107,-78],[48,-37],[70,-50],[64,-54],[162,-124],[146,-108],[135,-103],[133,-99],[130,-99],[153,-115],[129,-98],[133,-98],[81,-62],[48,-31],[125,-94],[81,-61],[22,-16],[75,-55],[92,-68],[89,-73],[157,-119],[130,-100],[116,-93],[129,-96],[120,-92],[87,-138],[93,-145],[62,-100],[59,-90],[89,-140],[89,-143],[87,-141],[264,5],[91,-4],[154,3],[160,-10],[7,0],[125,2],[274,-5],[75,0],[165,-2],[156,-2],[159,-4],[159,-3],[156,-6],[159,-3],[156,-3],[162,-4],[153,-3],[160,-6],[151,-1],[159,-4],[180,-5],[160,-2],[120,0],[152,-7],[7,88],[37,51],[11,42],[32,63],[64,59],[44,119],[11,54],[27,30],[78,24],[32,0],[133,-35],[152,-30],[68,-11],[60,-16],[34,-4],[96,-40],[25,0],[32,13],[36,16],[2,39],[-5,57],[100,22],[-5,78],[71,46],[92,63],[86,50],[75,-6],[93,66],[60,-16],[53,-32],[50,-31],[35,-22],[114,-25],[76,-18],[100,-24],[48,0],[46,7],[88,39],[97,34],[14,5],[89,35],[83,25],[40,12],[110,35],[65,23],[68,24],[99,34],[37,4],[86,60],[95,71],[33,29],[23,74],[32,79],[55,72],[33,100],[113,-15],[72,20],[38,54],[47,66],[118,-10],[38,-5],[20,1],[10,-2],[110,-13],[120,-9],[35,-2],[110,-6],[40,103],[27,63],[4,17],[16,40],[77,42],[39,50],[21,33],[10,29],[47,-8],[33,113],[18,26],[21,56],[63,116],[26,67],[13,3],[15,121],[11,77],[58,120],[38,77],[45,116],[83,198],[39,115],[55,167],[56,161],[30,82],[85,148],[86,138],[50,78],[12,20],[58,113],[73,133],[-32,95],[-26,82],[-45,146],[53,75],[51,83],[95,24],[47,15],[38,109],[35,92],[37,100],[113,18],[102,16],[6,122],[5,124],[5,105],[14,90],[0,0],[16,106],[12,77],[36,229],[5,45],[-4,49],[10,-1],[-11,42],[-3,25],[31,38],[64,56],[63,52],[65,55],[59,50],[85,37],[105,44],[50,22],[155,19],[20,-2],[57,-1],[116,-20],[59,-8],[35,-6],[11,-9],[68,-29],[8,-9],[7,-20],[0,-18],[-3,-51],[12,-16],[50,-18],[26,-13],[30,-20],[14,-8],[15,-5],[13,5],[44,26],[21,1],[23,-6],[20,-3],[13,0],[15,9],[41,33],[11,2],[21,-8],[14,-15],[26,-33],[56,-67],[33,-3],[51,6],[11,-5],[18,-24],[8,-5],[21,0],[46,10],[14,13],[9,14],[11,25],[9,10],[39,-5],[31,-10],[31,3],[6,-3],[9,-9],[7,-17],[18,-12],[35,-7],[31,-5],[12,-7],[17,-19],[9,-6],[9,-2],[22,0],[22,9],[25,1],[21,1],[33,-7],[21,-6],[13,-17],[13,3],[26,2],[9,3],[21,0],[18,-2],[47,-8],[42,6],[33,-7],[28,2],[19,-1],[32,24],[8,22],[11,16],[77,25],[27,-9],[17,-11],[26,-22],[41,1],[16,10],[9,14],[12,25],[1,23],[5,14],[12,8],[14,7],[17,20],[15,9],[17,5],[27,9],[95,112],[74,87],[16,19],[8,88],[77,49],[58,38],[77,53],[13,8],[19,17],[9,6],[2,20],[-2,32],[7,11],[26,6],[74,-3],[33,3],[54,-4],[32,4],[28,9],[15,5],[73,21],[89,33],[48,14],[17,-2],[32,-20],[57,2],[61,5],[-5,58],[-8,100],[-9,114],[-6,66],[11,37],[20,59],[26,71],[10,87],[-1,60],[-1,68],[-5,97],[1,86],[-13,45],[-13,44],[-8,15],[-54,98],[-17,28],[-35,64],[3,60],[-1,5],[-2,5],[-36,21],[4,58],[6,70],[7,69],[5,56],[-1,4],[-27,8],[-39,9],[-17,11],[-21,16],[-25,25],[6,28],[25,82],[-5,54],[-7,179],[-34,27],[-31,36],[-49,57],[-61,-63],[-43,8],[-96,17],[-90,20],[-16,8],[-65,36],[-72,48],[-57,108],[-31,77],[24,72],[17,54],[30,79],[32,97],[128,378],[41,126],[50,145],[55,157],[-20,26],[-89,102],[-95,110],[-119,141],[-108,129],[-41,46],[-42,54],[-89,104],[22,39],[6,19],[22,32],[24,33],[10,3],[-22,53],[-43,52],[-35,81],[-62,104],[22,59],[14,93],[33,25],[21,48],[-14,73],[89,94],[39,37],[54,-41],[29,-23],[2,-14],[4,-10],[3,-46],[35,-24],[32,-29],[9,-13],[9,-1],[4,3],[4,8],[27,23],[34,-11],[12,25],[24,32],[5,32],[-12,44],[17,26],[46,20],[35,-10],[52,-59],[17,-87],[52,-3],[25,-36],[21,8],[60,8],[4,-3],[7,2],[130,-10],[184,-13],[152,-11],[34,14],[80,27],[104,39],[53,35],[155,-52],[176,-64],[61,-22],[20,-6],[34,-49],[13,-11],[117,-69],[54,84],[45,69],[34,38],[38,40],[7,-9],[105,108],[100,85],[133,89],[45,10],[45,7],[77,25],[-8,23],[40,21],[4,3],[1,4],[7,10],[17,33],[12,32],[8,25],[14,9],[45,16],[61,23],[8,5],[19,2],[13,8],[40,16],[19,12],[4,0],[13,10],[9,15],[19,16],[50,27],[23,15],[17,8],[18,6],[34,4],[60,7],[19,7],[12,7],[26,34],[6,15],[24,51],[33,60],[22,34],[21,37],[35,48],[72,46],[67,21],[8,8],[35,14],[39,5],[8,10],[23,25],[10,15],[33,51],[40,54],[19,33],[16,25],[20,21],[21,32],[83,55],[62,23],[55,15],[133,45],[91,44],[66,29],[2,-7],[4,-5],[10,-24],[17,-48],[83,-14],[118,-19],[129,-21],[100,-16],[14,0],[89,62],[18,6],[76,17],[193,-48],[22,43],[14,41],[32,47],[57,60],[39,42],[26,33],[25,-4],[25,53],[21,43],[30,46],[21,15],[6,31],[15,72],[60,74],[55,69],[43,53],[60,76],[20,22],[17,5],[-20,93],[14,71],[17,61],[39,72],[4,40],[63,62],[67,14],[59,15],[28,30],[36,25],[61,51],[35,85],[46,79],[48,68],[7,10],[24,23],[26,-6],[-1,45],[6,44],[4,17],[-1,16],[-2,131],[2,101],[1,35],[55,23],[21,42],[34,47],[31,47],[14,16],[35,28],[15,12],[32,45],[119,65],[-33,96],[13,8],[29,22],[-8,45],[-1,61],[5,67],[4,23],[4,46],[-2,14],[62,108],[66,108],[67,106],[66,107],[45,73],[45,74],[68,109],[23,36],[45,-4],[44,7],[26,6],[33,10],[29,19],[38,26],[18,6],[48,11],[2,22],[0,30],[4,14],[7,21],[8,12],[9,21],[8,14],[4,7],[3,14],[3,32],[2,34],[-3,34],[-5,43],[0,14],[-4,49],[-11,41],[33,109],[28,78],[7,21],[4,40],[20,15],[83,64],[54,37],[62,42],[16,11],[17,5],[16,0],[14,-5],[20,-16],[41,-33],[25,-10],[24,2],[13,0],[16,-13],[9,-17],[5,-20],[12,-18],[14,-7],[13,1],[18,17],[23,28],[21,17],[16,4],[13,10],[9,17],[1,19],[-3,13],[-8,12],[-12,12],[-13,24],[-2,24],[11,9]],[[375416,445137],[9,22],[26,46],[31,41],[32,36],[22,16],[46,24],[47,15],[50,7],[48,-3],[47,-15],[49,-32],[29,-21],[36,-30],[55,-55],[32,-44],[55,-91],[36,-37],[33,-41],[77,-100],[25,-45],[29,-66],[8,-24],[2,-26],[1,-49],[-9,-78],[-11,-52],[2,-24],[7,-24],[27,-42],[15,-19],[23,-5],[24,0],[66,28],[156,46],[42,18],[61,28],[101,64],[36,33],[31,35],[19,30],[44,62],[47,91],[22,44],[32,96],[17,75],[16,155],[-1,62],[4,56],[9,28],[18,30],[22,45],[29,39],[17,20],[36,32],[20,12],[46,11],[22,-4],[108,-60],[112,-101],[35,-40],[19,-22],[24,-51],[28,-44],[8,-84],[-7,-86],[-15,-80],[-25,-81],[-39,-74],[-29,-46],[-25,-51],[-38,-76],[-29,-80],[-30,-107],[-6,-86],[5,-86],[7,-57],[7,-57],[2,-22],[12,-28],[16,-49],[28,-68],[38,-64],[17,-20],[37,-29],[22,-11],[42,-25],[70,1],[66,25],[86,42],[43,19],[68,24],[47,11],[48,9],[116,26],[47,7],[47,4],[48,-2],[47,3],[70,13],[66,22],[64,30],[43,21],[45,20],[20,19],[24,37],[37,38],[12,26],[6,26],[4,27],[10,34],[16,34],[16,20],[33,44],[21,16],[23,14],[26,8],[75,17],[46,15],[21,7],[19,11],[35,31],[28,39],[24,64],[20,68],[11,46],[17,43],[24,70],[14,47],[24,79],[20,134],[14,139],[14,54],[18,51],[25,51],[31,45],[32,43],[38,38],[41,34],[44,27],[50,16],[25,3],[101,-14],[25,-7],[23,-12],[19,-14],[19,-20],[32,-44],[33,-76],[6,-27],[34,-223],[5,-56],[4,-56],[20,-110],[10,-56],[48,-187],[27,-80],[36,-109],[7,-27],[35,-73],[16,-22],[35,-38],[41,-33],[46,-25],[66,-28],[53,-32],[43,-29],[45,-32],[41,-32],[36,-34],[15,-17],[31,-40],[31,-36],[14,-18],[24,-29],[52,-59],[76,-73],[43,-31],[46,-26],[149,-47],[74,-15],[26,-3],[50,4],[25,2],[69,28],[46,27],[37,23],[37,51],[28,48],[33,76],[21,51],[14,53],[9,31],[9,47],[-1,29],[-7,28],[-25,49],[-32,45],[-18,22],[-38,40],[-17,23],[-39,79],[-13,27],[-37,77],[-39,77],[-14,25],[-30,48],[-10,28],[-6,28],[4,27],[11,23],[32,44],[17,17],[20,13],[49,12],[50,6],[74,4],[75,-9],[25,-6],[23,-9],[23,-10],[227,-127],[46,-24],[46,-27],[43,-26],[45,-27],[23,-15],[42,-28],[44,-31],[18,-18],[14,-23],[11,-25],[5,-28],[1,-28],[-5,-33],[-13,-30],[-15,-27],[-16,-25],[-17,-23],[-57,-61],[-20,-21],[-23,-17],[-26,-16],[-21,-17],[-23,-19],[-19,-18],[-17,-23],[-15,-27],[-7,-13],[-24,-43],[-61,-92],[-16,-22],[-18,-20],[-111,-114],[-16,-22],[0,-29],[7,-26],[35,-40],[44,-24],[48,-19],[57,0],[37,-3],[70,9],[34,1],[52,9],[25,1],[73,22],[223,84],[50,23],[49,22],[23,14],[30,23],[15,13],[25,14],[44,23],[71,22],[49,12],[58,18],[44,14],[46,5],[23,-2],[25,-3],[60,-44],[39,-23],[3,-1],[45,-23],[42,-14],[29,-5],[31,0],[44,12],[49,20],[49,18],[45,19],[46,14],[43,11],[51,10],[42,2],[45,2],[49,-4],[47,-12],[45,-16],[52,-21],[45,-19],[46,-21],[61,-35],[55,-27],[57,-30],[48,-32],[42,-34],[44,-35],[44,-40],[57,-43],[39,-35],[64,-34],[10,-2],[22,-7],[84,-45],[69,-2],[23,0],[64,37],[37,30],[25,44],[9,23],[6,25],[0,52],[-3,52],[-6,51],[-3,56],[-8,45],[-14,79],[28,71],[39,74],[6,8],[10,11],[23,10],[48,8],[51,3],[74,-8],[50,-2],[51,-6],[50,-9],[25,-8],[22,-7],[31,-7],[47,-1],[46,-4],[47,1],[64,11],[18,6],[23,9],[22,10],[40,30],[57,57],[36,41],[25,34],[29,45],[29,32],[33,34],[38,30],[43,33],[73,40],[20,15],[47,24],[23,11],[23,4],[50,1],[23,-8],[89,-49],[20,-18],[27,-46],[11,-23],[16,-39],[11,-33],[8,-25],[7,-51],[5,-25],[21,-47],[30,-42],[36,-35],[19,-15],[23,-14],[22,-11],[22,-8],[23,-10],[42,-25],[21,-14],[15,-24],[12,-34],[3,-28],[-4,-21],[-22,-61],[-7,-44],[4,-29],[13,-21],[27,-20],[32,-12],[31,-3],[40,5],[29,0],[20,-2],[106,-55],[27,-11],[25,-1],[45,10],[30,7],[29,0],[52,-12],[33,-17],[21,-11],[39,-28],[34,-37],[11,-38],[-1,-35],[1,-30],[18,-48],[33,-91],[20,-63],[8,-45],[13,-68],[12,-74],[9,-76],[5,-58],[8,-60],[10,-56],[16,-60],[6,-52],[1,-29],[-3,-44],[-5,-49],[-4,-43],[-9,-51],[-6,-78],[1,-52],[-1,-50],[1,-56],[3,-34],[12,-53],[12,-48],[5,-27],[7,-16],[21,-45],[32,-72],[26,-43],[34,-41],[32,-26],[55,-22],[47,-15],[48,14],[48,15],[73,18],[45,17],[46,23],[62,38],[62,37],[41,23],[42,30],[21,17],[23,32],[10,16],[10,21],[14,24],[28,49],[25,49],[16,40],[29,46],[38,53],[33,43],[55,53],[75,78],[32,26],[41,20],[27,11],[31,2],[32,-2],[47,-17],[50,-46],[43,-40],[41,-39],[37,-47],[40,-61],[36,-65],[28,-70],[19,-57],[16,-50],[-3,-20],[3,-28],[6,-26],[10,-99],[11,-98],[26,-198],[6,-49],[16,-46],[20,-45],[10,-21],[7,-25],[6,-48],[37,-195],[31,-94],[10,-23],[25,-43],[43,-59],[67,-76],[18,-16],[86,-88],[48,-55],[18,-18],[51,-54],[76,-60],[75,-59],[37,-31],[38,-34],[38,-26],[42,-24],[79,-56],[29,-20],[18,-16],[16,-20],[31,-39],[21,-32],[30,-62],[28,-50],[12,-23],[28,-43],[18,-28],[33,-44],[33,-50],[32,-44],[40,-42],[33,-37],[38,-30],[24,-13],[21,-15],[21,-19],[30,-43],[30,-47],[28,-43],[36,-47],[38,-44],[41,-37],[81,-61],[77,-37],[48,-14],[70,-3],[98,-4],[66,2],[79,7],[39,6],[78,12],[74,19],[56,3],[93,13],[87,14],[63,22],[52,17],[52,17],[18,-2],[32,-2],[19,0],[46,-7],[55,-11],[63,-15],[43,-15],[17,-19],[16,-52],[2,-44],[-1,-54],[-10,-38],[-7,-26],[-24,-37],[-15,-21],[-48,-52],[-34,-39],[-30,-61],[-26,-44],[-17,-23],[-30,-35],[-19,-21],[-23,-37],[-17,-21],[-38,-39],[-22,-15],[-22,-14],[-24,-8],[-75,-8],[-61,2],[-65,4],[-65,-2],[-88,-9],[-59,-16],[-72,-30],[-19,-19],[-38,-39],[-11,-21],[-9,-35],[-12,-72],[-3,-73],[5,-70],[11,-67],[15,-47],[24,-53],[42,-72],[16,-23],[15,-26],[30,-44],[31,-45],[59,-89],[40,-54],[37,-49],[34,-36],[35,-34],[43,-57],[53,-61],[35,-42],[48,-44],[38,-38],[42,-31],[36,-19],[17,-12],[17,-11],[40,-14],[47,-11],[71,-20],[42,-4],[49,2],[2,0],[50,8],[49,18],[36,11],[57,3],[73,3],[56,9],[69,16],[74,16],[67,19],[61,25],[48,27],[35,30],[31,41],[9,42],[2,53],[-1,42],[-7,48],[-18,67],[-21,63],[-24,75],[-15,50],[-8,25],[-6,22],[-6,31],[-11,55],[-38,96],[-38,89],[-37,88],[-33,75],[-32,66],[-59,114],[-26,56],[-25,65],[-26,73],[-22,69],[-12,57],[12,79],[4,27],[8,24],[18,17],[62,43],[41,16],[56,14],[82,13],[62,7],[37,-4],[77,-20],[86,-14],[46,-7],[73,3],[72,10],[49,16],[61,21],[44,14],[63,10],[60,5],[44,-8],[71,-30],[91,-25],[69,-14],[51,-8],[28,-14],[21,-11],[47,-18],[106,-65],[41,-25],[82,-60],[43,-39],[15,-9],[14,-22],[33,-41],[98,-124],[57,-89],[31,-41],[51,-93],[27,-46],[12,-24],[26,-75],[22,-51],[36,-100],[32,-128],[7,-26],[9,-22],[-2,-21],[-4,-83],[-3,-87],[-8,-35],[-6,-42],[-13,-50],[-16,-49],[-14,-46],[-17,-51],[-33,-75],[-13,-25],[-30,-46],[-30,-43],[-44,-69],[-26,-36],[-31,-37],[-36,-41],[-30,-34],[-43,-43],[-34,-35],[-35,-38],[-35,-37],[-46,-46],[-84,-68],[-30,-20],[-32,-42],[-67,-73],[-33,-42],[-31,-41],[-12,-17],[-23,-20],[-35,-34],[-45,-63],[-31,-34],[-28,-29],[-14,-20],[-12,-22],[-18,-55],[-11,-51],[-7,-57],[0,-36],[20,-110],[18,-50],[11,-45],[16,-22],[15,-18],[106,-194],[16,-24],[22,-30],[28,-23],[16,-16],[56,-41],[152,-93],[78,-40],[58,-28],[41,-13],[62,-25],[64,-18],[43,-7],[65,-2],[22,3],[67,-1],[66,16],[43,14],[22,4],[90,-2],[21,-5],[45,1],[50,15],[43,14],[48,23],[39,18],[53,15],[54,7],[50,7],[57,9],[52,3],[44,0],[40,-6],[40,-10],[30,-13],[41,-10],[49,2],[43,9],[43,10],[27,7],[48,9],[47,5],[47,3],[24,0],[46,-7],[69,-18],[46,-15],[88,-29],[45,-17],[43,-19],[43,-21],[65,-29],[43,-20],[83,-48],[38,-27],[42,-25],[40,-25],[42,-23],[41,-24],[39,-27],[37,-28],[35,-34],[34,-33],[31,-37],[31,-39],[79,-93],[29,-39],[42,-61],[23,-43],[25,-45],[26,-42],[19,-45],[20,-45],[17,-75],[22,-120],[0,-26],[-2,-26],[-12,-47],[-18,-48],[-19,-46],[-11,-22],[-27,-41],[-12,-20],[-34,-39],[-33,-32],[-36,-32],[-26,-19],[-21,-13],[-45,-32],[-69,-42],[-74,-37],[-76,-29],[-51,-17],[-50,-11],[-72,-1],[-51,5],[-81,19],[-75,24],[-100,42],[-48,25],[-48,29],[-40,22],[-16,16],[-54,31],[-205,126],[-16,14],[-17,18],[-10,9],[-22,13],[-39,23],[-131,99],[-109,94],[-96,103],[-45,55],[-32,32],[-37,27],[-21,9],[-23,4],[-23,5],[-41,-7],[-39,-16],[-33,-23],[-33,-25],[-36,-29],[-54,-44],[-53,-49],[-17,-16],[-14,-21],[-20,-43],[-12,-21],[-8,-24],[-6,-25],[1,-25],[3,-25],[-7,-51],[-4,-77],[9,-72],[-3,-50],[0,-19],[-4,-16],[-4,-18],[1,-27],[2,-52],[21,-77],[30,-131],[12,-54],[20,-50],[32,-42],[30,-46],[17,-50],[10,-51],[12,-136],[12,-52],[50,-125],[67,-82],[112,-112],[37,-35],[40,-30],[76,-70],[36,-18],[39,-15],[48,-8],[31,-38],[40,-37],[4,-2],[39,-30],[36,-35],[28,-25],[31,-33],[23,-14],[17,-11],[17,-11],[24,-11],[53,-13],[130,-22],[52,-6],[107,-3],[109,2],[77,0],[56,6],[26,6],[23,14],[23,12],[27,-1],[25,-5],[54,-4],[52,0],[27,-8],[76,-29],[51,-15],[100,-43],[121,-57],[24,-13],[23,-15],[46,-29],[21,-15],[97,-96],[61,-58],[19,-21],[13,-25],[8,-17],[27,-23],[93,-87],[55,-51],[59,-46],[22,-12],[22,-11],[22,-12],[50,-19],[38,-10],[41,-8],[40,2],[39,3],[41,10],[18,6],[33,23],[33,28],[16,14],[41,45],[27,36],[27,37],[12,19],[27,34],[19,22],[30,38],[34,43],[32,46],[15,23],[14,23],[4,44],[10,41],[11,41],[13,39],[12,36],[22,39],[18,39],[31,54],[37,66],[32,61],[47,92],[22,53],[26,55],[24,51],[40,74],[29,57],[40,63],[26,47],[14,24],[34,42],[20,20],[42,30],[24,22],[36,21],[46,20],[49,16],[55,7],[47,2],[63,-7],[54,-5],[47,-11],[49,-20],[43,-31],[18,-17],[19,-21],[34,-42],[15,-23],[25,-48],[6,-20],[4,-29],[-1,-37],[-5,-46],[-10,-40],[-12,-41],[-23,-58],[-22,-54],[-25,-47],[-31,-59],[-47,-67],[-61,-89],[-16,-24],[-18,-28],[-20,-41],[-15,-42],[-20,-51],[-19,-42],[-12,-40],[-11,-43],[-6,-45],[-1,-43],[2,-29],[6,-28],[11,-25],[29,-36],[18,-16],[33,-27],[35,-24],[34,-20],[17,-9],[19,-7],[21,-5],[17,-2],[19,-1],[21,2],[19,5],[19,8],[19,9],[17,11],[28,26],[19,19],[14,15],[12,16],[6,16],[22,48],[22,48],[29,43],[27,47],[30,41],[14,23],[39,71],[28,47],[45,64],[18,22],[40,35],[20,16],[48,21],[23,9],[51,-11],[43,-29],[18,-18],[15,-24],[13,-54],[7,-55],[0,-29],[-7,-27],[-14,-54],[-19,-53],[-39,-70],[-10,-27],[-12,-53],[-11,-47],[-7,-34],[-16,-49],[-16,-47],[-19,-62],[-19,-34],[-20,-36],[-25,-48],[-20,-51],[-16,-42],[-11,-34],[-11,-38],[-9,-38],[-14,-103],[-9,-50],[-3,-39],[-7,-51],[-5,-56],[-6,-93],[30,-67],[19,-44],[19,-42],[26,-49],[27,-49],[23,-46],[20,-44],[26,-44],[20,-48],[18,-49],[10,-31],[25,-47],[34,-59],[30,-51],[29,-54],[16,-41],[19,-55],[9,-49],[10,-66],[10,-85],[2,-52],[0,-21],[-12,-56],[-7,-30],[-19,-63],[-20,-65],[-21,-62],[-20,-59],[-20,-53],[-26,-53],[-19,-38],[-27,-44],[-34,-50],[-36,-43],[-42,-41],[-38,-41],[-41,-45],[-48,-49],[-50,-46],[-44,-39],[-37,-34],[-36,-28],[-21,-15],[-24,-12],[-19,-9],[-19,-11],[-43,-31],[-34,-24],[-38,-27],[-30,-25],[-29,-34],[-32,-37],[-27,-41],[-15,-23],[-10,-26],[-5,-27],[-1,-28],[5,-36],[16,-39],[15,-41],[21,-40],[22,-33],[44,-53],[32,-31],[28,-24],[39,-27],[43,-32],[18,-12],[21,-12],[45,-29],[45,-32],[48,-32],[39,-34],[71,-39],[49,-27],[35,-14],[25,-1],[32,-13],[41,-26],[29,-18],[34,-24],[34,-20],[48,-22],[37,-26],[39,-28],[18,-14],[31,-39],[24,-42],[29,-82],[5,-14],[2,-27],[-6,-280],[15,-152],[-1,-186],[12,-131],[18,-76],[21,-73],[21,-48],[11,-23],[27,-42],[32,-39],[33,-37],[55,-52],[92,-89],[39,-33],[38,-29],[44,-27],[141,-95],[21,-13],[45,-21],[68,-27],[44,-19],[66,-30],[42,-25],[42,-26],[39,-36],[32,-28],[37,-34],[16,-17],[17,-17],[14,-11],[42,-31],[42,-35],[39,-40],[47,-34],[41,-32],[51,-39],[70,-63],[61,-65],[59,-60],[121,-113],[41,-36],[43,-34],[42,-35],[102,-93],[40,-40],[76,-82],[40,-46],[36,-45],[35,-40],[37,-42],[33,-43],[15,-22],[21,-52],[60,-96],[27,-81],[17,-55],[26,-82],[23,-85],[32,-44],[6,-26],[8,-58],[-2,-57],[-6,-88],[-12,-84],[-7,-58],[-6,-51],[-11,-54],[-12,-72],[-10,-70],[-26,-166],[12,-96],[48,-135],[45,-51],[18,-16],[39,-25],[81,-36],[122,-51],[83,-29],[44,-10],[65,-10],[30,-1],[49,5],[55,11],[53,6],[101,16],[77,9],[130,19],[50,9],[52,9],[53,5],[53,-4],[50,-2],[53,-6],[50,-18],[22,-12],[41,-35],[17,-23],[52,-130],[11,-26],[17,-54],[2,-114],[-4,-27],[-9,-26],[-37,-42],[-78,-75],[-43,-33],[-46,-28],[-40,-34],[-62,-51],[-38,-38],[-59,-55],[-42,-33],[-43,-31],[-46,-24],[-99,-39],[-76,-23],[-75,-25],[-98,-37],[-46,-25],[-21,-15],[-13,-24],[-13,-25],[-8,-24],[-6,-49],[-5,-21],[-5,-24],[-3,-13],[-8,-18],[-9,-53],[-10,-50],[-12,-52],[-30,-104],[-8,-52],[-10,-54],[-11,-47],[-9,-57],[1,-51],[-14,-103],[-13,-107],[-5,-106],[5,-82],[4,-52],[1,-55],[16,-50],[24,-75],[11,-27],[42,-65],[30,-42],[16,-20],[16,-15],[19,-19],[42,-26],[45,-21],[22,-10],[47,-8],[95,-19],[48,-9],[47,5],[24,4],[86,47],[113,48],[63,41],[47,58],[23,44],[7,24],[56,76],[24,49],[26,45],[47,59],[13,23],[16,20],[126,118],[16,21],[53,52],[38,29],[57,44],[42,23],[38,28],[84,46],[45,14],[88,37],[22,6],[49,-2],[23,3],[66,27],[45,13],[46,6],[46,7],[24,5],[24,2],[28,-8],[22,-12],[21,-4],[41,-21],[42,-18],[19,-8],[40,-24],[21,-11],[19,-12],[36,-27],[37,-29],[17,-14],[45,-55],[26,-39],[9,-21],[10,-22],[2,-25],[0,-25],[-4,-24],[-6,-23],[-11,-21],[-57,-78],[-30,-37],[-14,-19],[-25,-41],[-31,-38],[-74,-92],[-29,-39],[-30,-36],[-31,-37],[-59,-74],[-17,-16],[-17,-12],[-22,-22],[-16,-18],[-55,-52],[-55,-50],[-17,-18],[-28,-40],[-69,-110],[-42,-66],[-33,-67],[-25,-44],[-19,-48],[-7,-51],[10,-23],[28,-48],[16,-55],[18,-66],[21,-65],[14,-54],[19,-55],[22,-43],[16,-29],[14,-23],[38,-48],[79,-78],[44,-35],[24,-16],[25,-17],[687,-177],[1085,199],[53,9],[18,3],[677,128],[-414,-783],[-162,-670],[-13,-56],[-5,-20],[-65,-291],[-8,-28],[-10,-26],[-86,-363],[-698,-442],[746,-580],[38,-30],[34,-25],[24,-18],[215,-166],[24,-18],[12,-11],[333,-259],[743,-821],[-561,-854],[-30,-46],[-14,-18],[-260,-400],[-482,-731],[-24,-36],[-14,-21],[-226,-343],[226,-148],[19,-5],[29,-18],[405,-261],[22,-15],[31,-20],[965,-629],[324,-211],[24,-14],[23,-12],[827,-535],[62,-545],[4,-35],[0,-18],[137,-1319],[68,-631],[2,-32],[4,-16],[62,-610],[148,-1335],[4,-30],[4,-23],[38,-435],[429,-365],[21,-20],[32,-31],[526,-442],[227,-180],[47,50],[45,-29],[43,-31],[46,-24],[58,-24],[60,-15],[52,-5],[64,-7],[53,-3],[56,1],[59,6],[60,3],[53,0],[47,0],[51,-12],[52,-20],[40,-27],[42,-35],[30,-34],[22,-27],[15,-25],[16,-26],[20,-27],[21,-32],[11,-28],[9,-27],[5,-32],[3,-56],[3,-27],[-1,-13],[-8,-46],[-12,-57],[-11,-26],[-2,-57],[-10,-28],[-29,-48],[-39,-40],[-38,-41],[-72,-54],[-47,-29],[-48,-23],[-23,-5],[-23,-4],[-27,-3],[-23,-8],[-44,-34],[-116,-71],[-40,-69],[-14,-20],[-26,-42],[-44,-31],[-21,-12],[-49,-18],[-54,-15],[-55,-5],[-54,0],[-49,20],[-68,44],[-18,17],[-75,112],[-23,54],[-21,82],[-26,105],[-18,48],[-25,50],[-16,20],[-36,37],[-60,44],[-72,18],[-23,4],[-42,-7],[-14,-18],[-13,-22],[-27,-36],[-45,-60],[-18,-17],[-45,-65],[-16,-20],[-59,-55],[-37,-36],[-34,-42],[-14,-33],[-12,-19],[-16,-30],[-56,-121],[-1,-57],[-10,-59],[-3,-59],[-9,-54],[-24,-80],[-12,-58],[-11,-57],[-6,-26],[7,-54],[22,-83],[8,-28],[44,-106],[11,-28],[27,-50],[29,-36],[16,-27],[15,-24],[32,-41],[17,-21],[64,-54],[45,-30],[22,-14],[75,-23],[27,-3],[106,9],[40,7],[86,19],[49,17],[28,7],[74,9],[51,14],[53,13],[52,10],[46,23],[45,29],[148,65],[74,22],[85,2],[28,-1],[28,-10],[46,-33],[41,-36],[34,-45],[15,-23],[10,-29],[5,-29],[9,-111],[-5,-60],[-25,-47],[-19,-36],[-9,-14],[-20,-20],[-23,-15],[-42,-29],[-21,-14],[-150,-68],[-22,-19],[-17,-25],[-38,-78],[-29,-84],[-20,-25],[-44,-36],[-97,-57],[-23,-21],[-22,-21],[-21,-25],[-16,-27],[-8,-28],[-1,-29],[9,-30],[11,-27],[11,-30],[4,-30],[2,-122],[4,-83],[-3,-95],[-19,-140],[7,-30],[24,-53],[48,-76],[34,-45],[24,-17],[26,-5],[85,3],[26,12],[69,43],[26,9],[29,1],[76,-26],[23,-12],[41,-29],[72,-14],[22,-10],[47,-29],[40,-36],[76,-73],[62,-29],[73,-19],[49,-20],[23,-13],[28,-14],[17,-13],[43,-57],[21,-31],[17,-33],[2,-70],[-5,-69],[-3,-51],[-6,-19],[-15,-53],[-14,-57],[-22,-82],[-4,-28],[-1,-58],[5,-29],[9,-28],[26,-50],[34,-43],[43,-40],[40,-38],[76,-67],[62,-54],[18,-21],[12,-27],[6,-27],[-2,-30],[-15,-52],[-28,-78],[-18,-27],[-40,-107],[-8,-29],[6,-90],[10,-27],[14,-26],[39,-37],[25,-10],[48,4],[65,13],[70,24],[49,27],[58,41],[67,53],[54,44],[41,27],[53,20],[28,1],[52,-8],[52,-16],[45,-27],[23,-18],[14,-27],[9,-27],[2,-17],[-1,-14],[-21,-53],[-21,-55],[-13,-38],[-2,-56],[0,-69],[4,-68],[3,-73],[8,-65],[6,-73],[6,-118],[4,-87],[11,-56],[10,-30],[4,-23],[11,-38],[53,-132],[7,-30],[6,-51],[-7,-56],[-12,-59],[-14,-43],[-39,-67],[-38,-61],[-43,-62],[-40,-53],[-12,-27],[-13,-58],[-2,-28],[26,-110],[18,-54],[12,-24],[40,-39],[49,-13],[28,2],[17,6],[34,11],[51,27],[52,32],[59,42],[57,39],[52,30],[58,37],[62,46],[63,48],[53,40],[67,41],[48,18],[25,6],[25,-4],[17,-7],[12,-11],[20,-12],[15,-17],[34,-51],[14,-26],[11,-28],[19,-54],[23,-85],[13,-53],[24,-68],[22,-50],[32,-49],[40,-56],[28,-48],[25,-50],[16,-57],[10,-46],[2,-37],[-5,-32],[-9,-27],[-18,-36],[-16,-22],[-14,-16],[-106,-73],[-42,-20],[-45,-22],[-53,-41],[-18,-14],[-19,-34],[-15,-31],[0,-144],[11,-29],[14,-27],[42,-42],[34,-26],[66,-44],[65,-35],[41,-12],[46,-7],[48,-1],[41,3],[40,13],[34,20],[64,53],[21,22],[-1,14],[-7,22],[29,49],[54,99],[29,36],[45,46],[42,36],[42,19],[46,13],[28,3],[53,-16],[34,-19],[34,-31],[21,-31],[15,-47],[12,-37],[5,-72],[13,-38],[11,-32],[2,-19],[18,-87],[0,-61],[-3,-32],[-10,-24],[-24,-27],[-44,-33],[-48,-29],[-46,-25],[-49,-20],[-54,-11],[-59,-7],[-56,-3],[-70,-1],[-56,-4],[-57,-14],[-42,-13],[-29,-14],[-40,-31],[-34,-43],[-28,-53],[-25,-41],[-26,-53],[-24,-52],[-27,-54],[-29,-58],[-30,-59],[-24,-58],[-19,-51],[-22,-66],[-20,-66],[-24,-101],[-7,-32],[-7,-90],[10,-56],[14,-51],[12,-42],[21,-55],[24,-61],[27,-50],[42,-57],[40,-58],[40,-49],[45,-45],[45,-36],[52,-26],[49,-15],[50,-10],[51,-3],[50,0],[70,-4],[43,-3],[38,-13],[26,-10],[13,-11],[18,-11],[16,-18],[20,-27],[19,-33],[16,-40],[5,-39],[4,-59],[-5,-62],[-11,-59],[-19,-56],[-10,-27],[-14,-26],[-19,-25],[-42,-36],[-42,-38],[-32,-18],[-46,-16],[-36,-8],[-38,-2],[-65,9],[-53,9],[-57,17],[-59,22],[-66,33],[-43,21],[-27,27],[-30,38],[-30,35],[-30,44],[-27,48],[-28,48],[-13,34],[-17,35],[-35,49],[-17,23],[-8,13],[-37,28],[-56,26],[-53,16],[-48,5],[-53,3],[-26,-3],[-50,-3],[-60,-13],[-23,-18],[-22,-23],[-29,-33],[-24,-32],[-29,-34],[-31,-36],[-31,-24],[-21,-18],[-28,-2],[-28,5],[-25,15],[-36,31],[-10,40],[-6,29],[-1,56],[4,30],[7,30],[2,9],[10,51],[7,54],[8,54],[2,52],[-5,33],[-13,41],[-19,30],[-36,30],[-46,20],[-29,4],[-53,-9],[-50,-18],[-48,-22],[-46,-28],[-34,-29],[-47,-44],[-34,-41],[-15,-22],[-28,-50],[-27,-48],[-18,-39],[-9,-19],[-12,-19],[-14,-27],[-11,-27],[-22,-53],[-17,-45],[-19,-57],[-19,-54],[-16,-55],[-14,-54],[-12,-57],[-9,-39],[-3,-47],[-12,-57],[-13,-55],[-18,-53],[-25,-39],[-30,-24],[-27,-17],[-46,-11],[-51,-9],[-26,-5],[-25,-10],[-25,-14],[-19,-20],[-15,-26],[-2,-29],[12,-25],[16,-27],[17,-41],[18,-51],[14,-25],[16,-24],[30,-29],[34,-30],[25,-21],[41,-26],[41,-26],[43,-29],[37,-23],[39,-22],[31,-25],[35,-26],[34,-24],[32,-26],[35,-25],[29,-16],[39,-9],[48,-15],[43,-7],[36,-1],[42,-8],[43,-11],[33,-10],[38,-20],[39,-27],[28,-29],[24,-39],[21,-43],[22,-55],[28,-97],[19,-58],[17,-44],[7,-34],[6,-29],[0,-18],[3,-22],[-1,-42],[-8,-58],[-3,-31],[-12,-40],[-17,-38],[-16,-42],[-11,-38],[-2,-35],[4,-34],[6,-28],[11,-23],[23,-38],[29,-42],[19,-37],[24,-49],[19,-46],[14,-46],[15,-52],[18,-51],[20,-19],[22,-18],[49,-19],[48,-11],[42,-3],[44,5],[39,11],[37,22],[41,31],[43,33],[42,36],[54,48],[24,22],[14,5],[14,12],[27,13],[30,3],[48,-20],[41,-40],[16,-20],[12,-31],[3,-28],[-3,-29],[-6,-26],[-13,-26],[-24,-48],[-34,-46],[-24,-45],[-31,-46],[-25,-43],[-31,-44],[-8,-16],[-9,-25],[-20,-68],[-2,-49],[1,-46],[-6,-67],[-4,-41],[-10,-35],[-13,-32],[-15,-23],[-25,-27],[-22,-20],[-40,-18],[-44,-16],[-49,-11],[-44,-11],[-38,-14],[-23,-23],[-9,-21],[-1,-46],[10,-39],[4,-10],[11,-32],[23,-47],[25,-51],[26,-47],[15,-30],[10,-20],[18,-20],[21,-28],[24,-33],[31,-36],[46,-48],[36,-37],[31,-31],[30,-28],[20,-17],[11,-8],[32,-29],[38,-27],[33,-21],[34,-25],[45,-26],[44,-19],[39,-15],[44,-7],[48,-6],[59,-1],[51,-8],[53,-8],[76,-13],[77,-13],[52,-11],[49,-10],[58,-16],[47,-19],[33,-19],[19,-15],[34,-42],[14,-25],[9,-27],[2,-29],[-10,-54],[-10,-56],[-13,-44],[-17,-56],[-12,-55],[-6,-36],[1,-43],[3,-44],[7,-41],[17,-47],[12,-44],[16,-48],[16,-52],[1,-34],[-7,-40],[-11,-36],[-14,-39],[-19,-38],[-21,-43],[-21,-42],[-17,-47],[-29,-69],[-15,-46],[-3,-26],[-3,-28],[4,-26],[10,-53],[11,-54],[-3,-41],[4,-21],[21,-72],[3,-38],[-11,-72],[-3,-35],[0,-35],[2,-60],[8,-54],[16,-10],[45,-23],[45,-18],[41,-9],[34,-12],[37,-15],[33,-9],[31,-3],[44,2],[54,10],[39,8],[32,10],[25,14],[29,23],[27,17],[31,13],[18,1],[73,-41],[29,-22],[27,-28],[26,-34],[24,-54],[8,-59],[6,-39],[7,-39],[10,-34],[15,-30],[26,-37],[28,-41],[33,-42],[35,-43],[22,-21],[22,-44],[26,-45],[20,-49],[22,-54],[16,-45],[11,-43],[14,-56],[16,-60],[10,-28],[33,-83],[42,-141],[13,-55],[9,-45],[2,-47],[-4,-51],[-9,-70],[-2,-28],[-5,-61],[-14,-41],[-1,-46],[-2,-56],[-2,-30],[-4,-30],[-2,-29],[7,-28],[19,-39],[26,-31],[29,-35],[32,-41],[32,-36],[37,-43],[26,-26],[44,-31],[45,-29],[41,-27],[48,-28],[46,-29],[31,-27],[18,-23],[22,-38],[28,-53],[27,-48],[28,-51],[30,-55],[32,-54],[28,-40],[32,-34],[23,-27],[13,-24],[8,-33],[10,-53],[15,-35],[27,-46],[32,-48],[27,-40],[28,-51],[29,-54],[34,-61],[36,-68],[30,-51],[38,-50],[34,-33],[40,-33],[45,-31],[46,-28],[47,-25],[51,-31],[50,-23],[51,-27],[60,-32],[42,-18],[48,-19],[30,-9],[30,-13],[19,-11],[58,-19],[38,-13],[51,-21],[63,-20],[57,-18],[125,-45],[57,-17],[50,-9],[57,-18],[44,-15],[43,-19],[44,-15],[53,-22],[56,-27],[49,-25],[63,-35],[45,-23],[31,-22],[40,-33],[37,-30],[61,-62],[23,-41],[29,-42],[17,-34],[12,-43],[10,-45],[10,-64],[9,-83],[6,-59],[0,-37],[0,-52],[6,-49],[6,-57],[5,-56],[12,-53],[11,-53],[11,-45],[16,-49],[18,-52],[20,-48],[23,-48],[29,-57],[31,-53],[29,-52],[22,-59],[26,-65],[29,-65],[14,-31],[18,-29],[17,-28],[19,-28],[13,-13],[23,-23],[52,-38],[33,-10],[67,-1],[17,-2],[18,-6],[27,-5],[21,-11],[16,-22],[10,-27],[-4,-30],[-13,-26],[-23,-21],[-34,-5],[-18,-3],[-24,-9],[-48,-26],[-32,-29],[-17,-21],[-8,-43],[-1,-32],[18,-51],[14,-45],[10,-41],[21,-45],[45,-60],[21,-29],[19,-15],[23,-18],[41,-30],[42,-34],[41,-36],[35,-30],[45,-33],[34,-22],[34,-33],[47,-40],[38,-29],[24,-23],[33,-19],[49,-25],[47,-16],[63,-18],[46,-13],[49,-15],[57,-36],[53,-29],[44,-27],[29,-23],[35,-36],[32,-28],[46,-43],[42,-33],[30,-10],[12,-9],[24,-19],[6,-5],[19,-14],[50,-38],[8,-5],[118,-64],[7,-5],[119,-64],[53,-40],[81,-127],[35,-40],[59,-53],[32,-31],[32,-32],[69,-54],[38,-23],[21,-7],[115,-12],[133,-12],[128,-8],[105,14],[87,19],[132,36],[13,-8],[36,5],[22,14],[23,15],[37,10],[119,33],[106,8],[125,3],[37,-6],[35,-14],[36,-18],[27,-19],[20,-22],[40,-52],[15,-22],[19,-45],[10,-52],[0,-34],[-6,-60],[-54,-94],[-53,-59],[-80,-69],[-54,-41],[-62,-55],[-78,-102],[-59,-85],[-98,-113],[-72,-71],[-41,-57],[-25,-54],[-18,-39],[-14,-40],[-3,-26],[0,-30],[11,-62],[31,-105],[16,-46],[18,-62],[4,-27],[3,-41],[4,-56],[5,-44],[11,-52],[13,-45],[23,-51],[22,-33],[44,-49],[41,-37],[44,-33],[14,-10],[74,-23],[60,-3],[70,4],[87,13],[14,-5],[31,2],[36,11],[39,18],[49,24],[59,10],[47,-11],[44,-20],[29,-34],[16,-38],[6,-42],[-10,-40],[-38,-59],[-19,-30],[-34,-32],[-32,-21],[-58,-21],[-42,-20],[-30,-28],[-14,-13],[-35,-67],[-30,-57],[-84,-104],[-42,-50],[-38,-59],[-19,-40],[-5,-56],[-1,-31],[4,-25],[11,-29],[20,-29],[42,-40],[95,-40],[69,-25],[53,-29],[58,-52],[46,-21],[50,-8],[148,-14],[98,-8],[53,-5],[49,-23],[44,-33],[47,-41],[31,-41],[21,-39],[10,-33],[2,-27],[-5,-26],[-14,-33],[-27,-39],[-41,-45],[-31,-25],[-33,-18],[-31,-5],[-53,5],[-35,10],[-55,32],[-42,31],[-36,23],[-55,11],[-47,-7],[-43,-22],[-28,-32],[-15,-23],[-9,-47],[-1,-48],[10,-47],[17,-51],[39,-61],[61,-74],[45,-37],[37,-32],[118,-73],[142,-66],[40,-18],[61,-29],[37,-39],[30,-44],[23,-33],[29,-84],[38,-107],[24,-48],[19,-36],[42,-51],[37,-45],[56,-39],[52,-24],[60,-19],[44,-1],[27,7],[35,12],[64,44],[61,58],[51,59],[59,43],[45,8],[50,5],[48,-12],[46,-21],[27,-27],[16,-27],[15,-46],[9,-48],[-5,-42],[-8,-30],[-26,-55],[-42,-41],[-69,-31],[-79,-32],[-143,-52],[-77,-15],[-118,-10],[-88,-15],[-46,-25],[-42,-32],[-19,-28],[-14,-37],[1,-35],[11,-40],[19,-30],[37,-34],[119,-112],[99,-104],[43,-51],[24,-29],[20,-37],[19,-78],[9,-51],[4,-77],[-1,-58],[3,-52],[7,-30],[15,-30],[22,-20],[33,-19],[37,-10],[28,-3],[44,1],[20,6],[28,16],[16,23],[11,28],[33,55],[63,45],[63,37],[86,64],[33,35],[61,66],[61,77],[47,68],[69,59],[62,26],[65,-14],[33,-17],[23,-25],[19,-29],[7,-35],[1,-30],[-3,-38],[-15,-34],[-20,-31],[-53,-44],[-72,-35],[-73,-35],[-71,-44],[-38,-38],[-50,-57],[-58,-82],[-40,-50],[-85,-72],[-66,-74],[-22,-40],[-21,-48],[-30,-86],[-6,-30],[-10,-51],[1,-46],[1,-34],[7,-41],[35,-56],[27,-36],[24,-39],[8,-24],[1,-26],[1,-39],[-4,-34],[-15,-53],[-23,-58],[-40,-72],[-30,-64],[-17,-36],[-17,-52],[-13,-49],[-6,-52],[-1,-32],[3,-28],[9,-36],[13,-27],[9,-18],[45,-82],[37,-57],[26,-47],[31,-43],[26,-34],[40,-39],[31,-31],[67,-44],[46,-38],[65,-39],[42,-23],[41,-24],[80,-38],[54,-30],[30,-23],[31,-30],[24,-26],[21,-28],[14,-26],[16,-35],[8,-31],[7,-25],[4,-44],[2,-21],[-1,-51],[-5,-37],[-10,-39],[-14,-43],[-7,-24],[-8,-25],[-3,-33],[-2,-16],[-1,-26],[2,-30],[6,-39],[11,-47],[19,-45],[39,-58],[54,-62],[76,-80],[34,-35],[21,-28],[15,-19],[33,-78],[17,-41],[19,-86],[13,-114],[15,-46],[16,-45],[48,-67],[58,-21],[40,-11],[15,7],[113,51],[93,74],[71,20],[14,4],[31,9],[166,53],[30,9],[184,54],[175,74],[93,3],[80,-29],[8,-3],[11,-14],[32,-39],[16,-42],[4,-16],[7,-26],[-11,-53],[-24,-53],[-29,-30],[-20,-20],[-5,-4],[-12,-8],[-22,-15],[-50,-33],[-33,-22],[-35,-30],[-14,-19],[-11,-35],[-4,-37],[5,-34],[12,-50],[37,-112],[36,-57],[21,-22],[32,-32],[15,-10],[83,-51],[23,-4],[33,-9],[45,-12],[61,-24],[27,5],[35,6],[44,-15],[39,-28],[46,-10],[82,-17],[43,-2],[42,-2],[78,7],[78,14],[47,32],[34,34],[21,33],[22,52],[11,56],[0,57],[-10,57],[-20,53],[-32,45],[-22,34],[-31,47],[-2,11],[-6,23],[0,30],[0,23],[4,34],[9,33],[21,36],[32,40],[63,43],[67,34],[26,20],[26,20],[34,39],[19,43],[14,46],[21,67],[20,66],[16,42],[16,24],[23,16],[25,11],[26,4],[36,-3],[35,-11],[27,-17],[24,-22],[16,-28],[8,-33],[6,-43],[0,-44],[-4,-30],[-11,-47],[-40,-64],[-43,-50],[-47,-44],[-32,-59],[-43,-79],[-44,-95],[-8,-18],[-6,-44],[-14,-109],[-4,-89],[1,-126],[-3,-114],[-4,-107],[-3,-101],[10,-78],[15,-63],[36,-61],[33,-43],[45,-27],[40,-6],[40,5],[32,12],[29,20],[25,26],[19,43],[38,104],[62,138],[32,78],[14,100],[0,1],[0,9],[4,87],[0,5],[6,68],[1,9],[1,4],[9,34],[15,33],[26,34],[24,13],[30,7],[38,2],[29,-6],[28,-12],[28,-12],[50,-28],[65,-44],[62,-38],[1,-1],[81,-61],[50,-49],[19,-18],[54,-58],[22,-23],[14,-12],[30,-24],[38,-24],[39,-19],[64,-12],[50,5],[39,12],[31,20],[26,29],[19,38],[16,42],[6,31],[1,42],[-2,47],[-9,51],[-19,39],[-21,38],[-30,43],[-23,17],[-50,29],[-55,14],[-52,14],[-29,12],[-30,18],[-4,2],[-22,29],[-13,35],[-4,37],[12,45],[18,71],[4,9],[22,61],[36,63],[100,123],[52,37],[50,20],[22,3],[41,5],[43,-5],[41,-16],[33,-23],[18,-20],[33,-42],[22,-38],[12,-31],[4,-39],[-1,-74],[-10,-113],[-2,-109],[0,-12],[7,-35],[15,-83],[23,-155],[19,-111],[29,-99],[17,-57],[39,-82],[48,-92],[35,-58],[73,-113],[0,0],[39,-41],[36,-38],[9,-10],[8,-6],[2,-3],[34,-29],[46,-34],[37,-26],[95,-44],[5,-2],[33,-15],[44,-20],[12,-3],[50,-14],[13,-7],[50,-25],[41,-20],[15,-16],[18,-18],[20,-28],[29,-49],[33,-66],[9,-24],[4,-50],[4,-53],[2,-33],[-2,-76],[0,-2],[0,-5],[3,-65],[2,-25],[14,-34],[0,-1],[34,-80],[55,-78],[41,-39],[13,-12],[4,-3],[14,-14],[3,-1],[33,-13],[50,-9],[18,-3],[6,-1],[50,2],[23,3],[0,0],[52,17],[48,22],[57,33],[68,53],[48,51],[39,48],[31,44],[19,14],[14,2],[17,0],[13,-7],[1,0],[19,-11],[27,-25],[32,-29],[18,-31],[25,-55],[3,-8],[19,-57],[23,-61],[7,-57],[1,-37],[-4,-78],[0,-67],[6,-31],[2,-16],[14,-54],[12,-48],[7,-58],[0,-26],[0,-11],[-2,-14],[-5,-38],[-6,-37],[-14,-56],[-9,-34],[-6,-23],[-17,-47],[-10,-27],[-12,-31],[-15,-42],[-12,-25],[-13,-57],[-17,-58],[-22,-76],[-28,-73],[-38,-68],[-14,-27],[-27,-51],[0,0],[-17,-22],[-16,-21],[-14,-19],[-24,-17],[-48,-32],[0,0],[-7,-4],[-51,-34],[-40,-16],[-22,-8],[-18,-5],[-12,-2],[-35,-4],[-68,-7],[0,0],[-1,-1],[0,0],[0,0],[-53,3],[-5,0],[-67,16],[-52,8],[-43,3],[-31,-3],[-30,-11],[-24,-16],[0,0],[-29,-25],[-7,-16],[-14,-49],[2,-61],[7,-36],[6,-31],[24,-70],[20,-41],[25,-53],[34,-88],[23,-59],[31,-69],[37,-98],[0,0],[14,-50],[2,-27],[3,-32],[-5,-37],[-1,-5],[-10,-50],[-14,-44],[-23,-48],[-26,-47],[-25,-36],[-26,-30],[-34,-25],[-47,-27],[-71,-21],[-73,-15],[-33,-11],[-32,-11],[-30,-23],[-25,-25],[-14,-27],[-13,-41],[1,-30],[1,-33],[14,-52],[14,-52],[13,-46],[6,-57],[2,-15],[1,-10],[4,-55],[2,-27],[18,-95],[5,-25],[32,-84],[2,-3],[33,-64],[4,-7],[31,-59],[51,-51],[59,-42],[50,-24],[71,-27],[41,-23],[23,-22],[30,-27],[36,-47],[45,-57],[23,-21],[13,-11],[32,-11],[33,-6],[33,2],[32,9],[35,18],[30,26],[27,37],[18,43],[9,36],[21,50],[19,31],[15,17],[5,6],[28,15],[32,7],[23,-8],[26,-21],[20,-24],[16,-34],[8,-33],[6,-43],[-5,-33],[-16,-40],[-20,-37],[-18,-38],[-4,-17],[-4,-19],[2,-39],[5,-31],[10,-29],[17,-25],[32,-24],[46,-16],[45,-17],[41,-11],[27,-14],[20,-16],[13,-11],[22,-28],[15,-31],[9,-31],[6,-42],[0,-23],[-1,-19],[-3,-30],[-3,-13],[-4,-20],[-5,-12],[-1,-1],[-10,-25],[-14,-38],[-6,-18],[-5,-16],[-1,-5],[-1,-11],[-2,-33],[-3,-44],[-2,-21],[-8,-80],[-2,-38],[-2,-39],[0,-6],[-2,-39],[-1,-18],[0,-78],[9,-42],[17,-83],[42,-95],[88,-102],[20,-8],[66,-27],[61,3],[55,32],[56,76],[23,62],[14,47],[14,24],[14,5],[17,2],[17,-5],[17,-15],[44,-59],[20,-29],[21,-63],[3,-46],[-15,-87],[-6,-95],[-12,-59],[-26,-92],[-14,-130],[-7,-77],[-6,-134],[-2,-58],[-11,-57],[-28,-63],[-35,-58],[-21,-23],[-26,-15],[-51,-4],[-63,16],[-54,34],[-34,16],[-60,-2],[-38,-15],[-75,-50],[-69,-64],[-95,-97],[-79,-83],[-35,-54],[-18,-40],[-19,-83],[-5,-99],[2,-109],[11,-112],[-4,-75],[-14,-93],[-27,-105],[-22,-82],[1,-22],[-2,-57],[11,-46],[11,-46],[74,-150],[9,-39],[2,-46],[-6,-49],[-10,-18],[-44,-54],[-42,-39],[-36,-49],[-18,-39],[0,-28],[-1,-13],[0,-14],[13,-34],[16,-34],[40,-42],[37,-40],[30,-70],[6,-37],[0,-43],[-6,-40],[-19,-50],[-26,-70],[-6,-38],[-1,-42],[6,-36],[14,-33],[26,-33],[32,-21],[39,-16],[41,-9],[43,1],[52,9],[43,21],[47,37],[67,78],[86,95],[40,43],[48,87],[23,55],[43,121],[27,64],[19,31],[34,26],[33,9],[31,-2],[23,-12],[25,-25],[20,-28],[18,-35],[11,-38],[4,-47],[-3,-93],[-9,-74],[-21,-61],[-28,-43],[-62,-68],[-77,-56],[-65,-34],[-65,-37],[-77,-33],[-73,-25],[-57,-34],[-42,-27],[-34,-39],[-19,-57],[-6,-61],[3,-45],[10,-40],[40,-63],[27,-16],[55,-21],[30,-2],[46,4],[22,13],[42,31],[54,32],[64,10],[79,-1],[40,-6],[69,-29],[66,-30],[84,-64],[59,-53],[48,-65],[31,-56],[29,-36],[21,-13],[24,-3],[24,4],[37,21],[89,56],[78,74],[27,42],[20,46],[11,37],[7,48],[-4,63],[-14,90],[-15,68],[-7,56],[2,40],[14,45],[31,41],[34,23],[38,11],[32,-3],[26,-14],[22,-22],[16,-31],[10,-39],[0,-48],[-12,-152],[1,-53],[16,-42],[23,-30],[38,-28],[59,-21],[49,-24],[33,-16],[27,-20],[9,-28],[-2,-30],[-8,-22],[-42,-82],[-29,-82],[-22,-85],[-10,-69],[-5,-74],[-1,-74],[0,-68],[-1,-32],[-18,-102],[-16,-127],[-12,-95],[-17,-133],[-35,-143],[-44,-155],[-17,-59],[-53,-119],[-31,-70],[-17,-51],[-8,-42],[-3,-42],[3,-42],[7,-34],[16,-52],[27,-47],[24,-30],[26,-15],[33,-10],[35,-3],[34,5],[32,15],[31,29],[38,50],[35,58],[43,57],[55,47],[56,47],[49,31],[27,8],[28,0],[28,-3],[29,-19],[21,-20],[11,-21],[8,-33],[5,-32],[4,-30],[5,-82],[9,-64],[3,-74],[-3,-71],[-7,-52],[-22,-67],[-29,-64],[-27,-49],[-20,-39],[-19,-35],[-10,-55],[-3,-73],[11,-65],[28,-59],[33,-36],[38,-28],[45,-14],[41,-3],[50,15],[68,32],[64,58],[41,51],[31,65],[24,63],[22,39],[27,29],[26,3],[27,-4],[21,-18],[10,-33],[9,-76],[10,-53],[4,-59],[1,-29],[-8,-45],[-17,-37],[-33,-38],[-47,-49],[-51,-45],[-42,-38],[-55,-53],[-59,-47],[-77,-82],[-104,-96],[-50,-45],[-77,-69],[-34,-39],[-44,-58],[-31,-52],[-35,-66],[-18,-41],[-21,-37],[-24,-30],[-35,-24],[-36,-20],[-29,-4],[-33,1],[-54,18],[-31,22],[-30,38],[-21,34],[-18,62],[-16,53],[-20,55],[-17,33],[-22,26],[-20,5],[-44,0],[-97,-8],[-115,-2],[-158,-11],[-37,-3],[-78,-18],[-63,-20],[-68,-30],[-75,-51],[-46,-49],[-28,-36],[-19,-35],[-9,-31],[-4,-41],[4,-37],[11,-30],[24,-36],[34,-38],[42,-21],[41,-12],[54,-5],[33,3],[93,16],[61,16],[65,13],[63,22],[68,17],[44,3],[54,-1],[40,-1],[27,-4],[60,-24],[51,-38],[37,-36],[28,-39],[18,-33],[10,-39],[4,-40],[-6,-40],[-17,-44],[-31,-43],[-36,-33],[-60,-33],[-44,-25],[-30,-31],[-23,-35],[-13,-34],[-1,-37],[3,-34],[11,-39],[21,-45],[30,-38],[32,-41],[43,-55],[73,-77],[60,-44],[67,-27],[53,-10],[29,-5],[21,2],[34,12],[25,14],[25,21],[24,47],[10,34],[6,40],[-1,32],[-7,33],[-9,37],[-13,35],[-15,28],[-40,51],[-48,73],[-21,54],[-4,31],[-1,47],[11,46],[32,48],[60,101],[83,149],[66,119],[34,46],[41,28],[35,9],[33,1],[55,-13],[47,-20],[35,-20],[27,-21],[46,-62],[41,-79],[18,-48],[13,-51],[6,-87],[0,-105],[-6,-28],[-20,-64],[-41,-63],[-54,-73],[-74,-82],[-63,-70],[-45,-58],[-19,-32],[-18,-47],[-6,-28],[4,-29],[10,-35],[7,-12],[9,-12],[22,-11],[22,-3],[22,-4],[23,2],[26,5],[78,18],[39,14],[107,57],[60,31],[52,32],[67,29],[71,27],[44,20],[24,18],[32,29],[14,12],[18,28],[16,36],[9,19],[19,65],[22,79],[26,78],[36,117],[21,69],[16,39],[14,21],[19,15],[22,8],[19,1],[14,-5],[14,-7],[14,-22],[17,-48],[23,-51],[43,-84],[40,-71],[37,-74],[30,-76],[29,-103],[26,-91],[12,-42],[2,-17],[8,-52],[1,-50],[5,-59],[5,-99],[8,-53],[2,-44],[-5,-71],[-8,-78],[-5,-43],[-4,-64],[0,-55],[3,-42],[10,-46],[18,-46],[16,-30],[30,-31],[31,-22],[37,-17],[29,-6],[23,0],[26,7],[22,16],[25,32],[23,34],[21,40],[19,57],[23,55],[33,38],[36,32],[42,20],[42,10],[27,-4],[36,-11],[26,-17],[23,-23],[23,-40],[16,-35],[7,-29],[5,-43],[-1,-38],[-8,-30],[-10,-25],[-53,-86],[-48,-77],[-51,-90],[-45,-82],[-70,-96],[-25,-36],[-16,-38],[-7,-35],[-2,-19],[-2,-27],[2,-19],[7,-27],[13,-24],[20,-25],[22,-19],[24,-14],[36,-7],[35,-4],[51,-9],[53,-11],[98,-24],[71,-17],[55,-17],[56,-18],[38,-16],[39,-17],[21,-12],[29,-19],[34,-23],[49,-43],[28,-18],[35,-12],[28,-6],[29,-2],[29,3],[20,10],[13,20],[8,20],[6,35],[0,45],[-3,51],[0,71],[-2,43],[-7,55],[-14,44],[-36,69],[-61,90],[-32,67],[-9,32],[-1,21],[4,21],[9,13],[25,20],[34,21],[27,13],[47,16],[52,13],[55,14],[37,5],[48,6],[63,-1],[44,-3],[55,-13],[44,-25],[31,-27],[40,-51],[31,-57],[20,-46],[30,-57],[18,-21],[29,-28],[28,-19],[31,-12],[23,-4],[9,1],[8,1],[17,7],[14,12],[14,19],[11,25],[10,40],[7,55],[6,56],[8,61],[12,62],[7,25],[14,15],[24,9],[30,1],[29,-13],[27,-18],[31,-31],[27,-35],[29,-54],[27,-55],[9,-23],[10,-24],[4,-14],[4,-14],[1,-7],[7,-51],[9,-32],[16,-44],[4,-11],[5,-11],[75,-191],[44,-91],[64,-75],[50,-38],[76,-31],[58,4],[32,20],[32,21],[51,59],[43,97],[6,98],[4,79],[23,101],[-19,145],[-50,135],[-57,91],[-12,102],[17,56],[28,25],[66,4],[99,-31],[60,-27],[41,-31],[21,-64],[9,-144],[22,-189],[-26,-226],[-35,-224],[-3,-92],[9,-91],[46,-76],[57,-50],[73,-12],[30,4],[31,3],[42,-7],[29,-35],[-23,-48],[-56,-155],[-15,-48],[-15,-48],[-15,-100],[-7,-174],[16,-309],[32,-97],[36,-86],[63,-75],[40,-30],[48,-8],[38,16],[21,38],[40,103],[14,128],[-10,129],[32,148],[27,94],[45,49],[56,24],[73,-1],[148,-33],[175,-64],[111,-40],[217,-104],[67,-14],[58,7],[38,23],[22,41],[0,59],[-39,99],[-68,117],[-69,196],[-41,274],[6,80],[27,67],[44,55],[63,22],[110,1],[82,-5],[108,-34],[118,-69],[125,-118],[77,-125],[63,-134],[66,-96],[62,-49],[75,-13],[66,25],[89,52],[68,62],[98,44],[69,18],[48,-7],[48,-36],[61,-99],[38,-35],[54,-30],[46,-44],[40,-49],[23,-41],[60,-145],[86,-142],[25,-63],[78,-197],[49,-125],[28,-316],[14,-61],[15,-61],[1,-33],[-11,-46],[-32,-106],[-22,-58],[-22,-57],[-7,-75],[7,-55],[21,-33],[46,-22],[51,-1],[102,70],[75,79],[59,43],[67,29],[61,7],[68,-17],[46,-31],[31,-48],[0,-59],[7,-79],[-7,-164],[-39,-172],[-73,-179],[-68,-144],[-28,-124],[-21,-95],[1,-119],[55,-97],[104,-101],[105,-74],[129,-79],[221,-96],[99,-60],[63,-46],[43,-56],[27,-67],[8,-73],[-31,-54],[-90,-59],[-195,-15],[-90,11],[-77,54],[-76,88],[-58,66],[-134,-4],[-131,-31],[-67,-33],[-29,-39],[-12,-44],[-2,-56],[17,-72],[26,-145],[50,-136],[39,-69],[45,-29],[51,-12],[37,20],[28,34],[-9,69],[11,69],[37,77],[56,60],[95,46],[73,11],[37,-3],[23,-42],[23,-42],[24,-29],[71,-25],[65,-64],[40,-85],[17,-74],[40,-96],[15,-67],[-23,-95],[-40,-105],[-56,-96],[-51,-30],[-56,-16],[-92,15],[-79,86],[-27,73],[-21,58],[-25,25],[-54,2],[-34,-45],[-83,-107],[-54,-69],[-44,-89],[-3,-75],[-2,-80],[19,-105],[40,-96],[5,-10],[57,-99],[74,-69],[73,-124],[118,-69],[78,-21],[80,-5],[56,36],[46,65],[33,75],[49,62],[60,26],[58,-29],[12,-46],[-10,-68],[-15,-97],[-55,-94],[-98,-90],[-41,-62],[-32,-68],[-54,-149],[-6,-96],[9,-95],[57,-72],[79,-39],[117,-13],[199,51],[188,87],[129,44],[156,22],[197,-35],[85,-65],[33,-71],[9,-68],[-12,-77],[-63,-165],[-41,-109],[-52,-103],[-110,-138],[-65,-57],[-19,-62],[24,-59],[22,-19],[79,-17],[155,-20],[235,9],[80,9],[80,-5],[88,-28],[73,-41],[83,-69],[56,-72],[40,-80],[2,-43],[-6,-74],[-21,-100],[-22,-111],[-127,-182],[-91,-121],[-131,-142],[-48,-111],[-71,-180],[-47,-144],[-1,-69],[22,-56],[33,-23],[38,-5],[53,19],[67,40],[126,135],[183,181],[68,44],[78,14],[56,-8],[51,-41],[7,-25],[19,-42],[10,-43],[-12,-42],[-30,-72],[-47,-76],[-29,-48],[-33,-79],[-32,-101],[-45,-235],[-23,-171],[13,-25],[2,-29],[-6,-49],[-9,-76],[-8,-77],[16,-86],[-23,-257],[28,-125],[41,-68],[55,-54],[84,-54],[134,-58],[107,-19],[118,16],[133,81],[159,156],[42,30],[44,-4],[27,-21],[18,-40],[22,-68],[17,-78],[-1,-43],[-16,-73],[-43,-102],[-116,-238],[-89,-192],[-15,-46],[-18,-57],[-39,-149],[-3,-113],[-22,-155],[-27,-98],[-52,-156],[-15,-134],[20,-145],[31,-91],[39,-45],[80,-42],[48,-24],[49,-36],[91,-91],[98,-60],[104,-63],[106,-24],[88,18],[88,17],[20,-5],[20,-6],[23,-39],[-11,-78],[-2,-117],[-27,-72],[-33,-44],[-89,-93],[-38,-43],[-252,-282],[-88,-126],[-37,-71],[-23,-91],[15,-133],[22,-112],[-29,-46],[-47,-48],[-30,-4],[-55,18],[-48,81],[-27,45],[-41,28],[-39,17],[-88,1],[-119,11],[-73,22],[-75,12],[-50,-2],[-41,-11],[-45,-27],[-47,-38],[-67,-101],[-62,-93],[-36,-78],[-18,-52],[1,-52],[9,-84],[34,-64],[40,-36],[57,-32],[63,-10],[60,20],[55,37],[90,84],[77,97],[60,31],[67,2],[12,-6],[48,-24],[45,-54],[13,-22],[61,-100],[137,-284],[20,-109],[-17,-110],[-34,-57],[-39,-27],[-65,2],[-16,10],[-56,34],[-61,38],[-83,34],[-164,40],[-288,133],[-129,28],[-105,-17],[-52,-20],[-22,-31],[-11,-38],[-4,-44],[8,-48],[53,-72],[61,-63],[83,-50],[119,-25],[214,-17],[81,-15],[177,-61],[118,-52],[223,-86],[234,-35],[258,8],[281,45],[85,1],[113,-21],[86,-51],[86,-97],[73,-84],[74,-34],[69,-15],[56,10],[50,31],[73,82],[137,182],[64,48],[71,-3],[43,-34],[9,-41],[-25,-62],[-57,-69],[-46,-56],[-17,-49],[1,-41],[2,-27],[2,-27],[41,-61],[40,-46],[62,-27],[83,-17],[132,20],[178,74],[82,69],[72,68],[50,26],[55,-8],[129,-146],[92,-88],[176,-187],[55,-105],[36,-114],[39,-96],[-1,-52],[-22,-109],[-38,-104],[-66,-116],[-70,-85],[-74,-46],[-59,-17],[-60,11],[-47,42],[-20,94],[9,158],[-52,181],[-64,149],[-65,65],[-79,40],[-57,4],[-33,-27],[-23,-39],[-8,-45],[2,-46],[-4,-46],[-16,-65],[-40,-74],[-71,-64],[-94,-84],[-89,-34],[-204,-57],[-90,-36],[-67,-47],[-28,-39],[-10,-58],[17,-57],[16,-20],[39,-47],[38,-47],[28,-54],[69,-174],[119,-136],[106,-86],[159,-67],[151,-22],[137,1],[193,-63],[149,-49],[152,-35],[169,-24],[155,2],[101,-21],[57,-33],[14,-45],[-29,-77],[-79,-101],[-47,-60],[-25,-74],[1,-78],[51,-113],[121,-181],[88,-78],[72,-48],[69,-20],[86,13],[70,29],[40,59],[-2,49],[-33,74],[-18,129],[17,77],[58,45],[98,3],[129,-44],[112,10],[122,26],[74,-5],[53,-25],[32,-37],[14,-50],[-14,-65],[-32,-57],[-55,-66],[-66,-32],[-52,-15],[-54,-1],[-53,13],[-53,3],[-62,-19],[-37,-28],[-25,-31],[-18,-45],[6,-62],[20,-29],[21,-23],[30,-13],[32,-4],[32,11],[25,42],[24,38],[42,22],[85,9],[63,0],[61,-14],[56,-40],[75,-52],[48,-63],[57,-76],[85,-75],[62,-40],[85,-15],[61,-20],[32,-26],[18,-38],[-6,-71],[-32,-105],[-45,-73],[-93,-112],[-45,-77],[-25,-64],[-15,-74],[4,-77],[41,-71],[60,-40],[82,-46],[104,-27],[106,41],[55,28],[52,11],[42,-7],[44,-32],[56,-71],[50,-81],[92,-132],[63,-97],[44,-80],[42,-128],[50,-204],[35,-196],[9,-216],[-5,-179],[-3,-120],[43,-110],[36,-30],[91,6],[101,84],[74,114],[36,84],[49,50],[60,29],[50,-26],[29,-39],[39,-111],[40,-73],[93,-115],[85,-106],[114,-117],[63,-77],[38,-72],[88,-196],[27,-26],[52,-1],[58,42],[66,62],[35,16],[45,2],[45,-7],[69,-23],[70,-44],[60,-59],[51,-77],[63,-97],[105,-144],[171,-130],[109,-21],[100,7],[104,24],[52,31],[47,41],[27,59],[16,73],[-15,91],[0,47],[10,28],[25,11],[32,-7],[31,-21],[28,-58],[51,-87],[31,-72],[38,-86],[41,-140],[26,-54],[47,-43],[49,-23],[66,-9],[74,3],[67,-10],[78,-21],[250,-97],[109,-43],[96,-55],[52,-52],[33,-68],[19,-62],[-8,-66],[-6,-46],[-27,-36],[-40,-15],[-78,-15],[-80,-9],[-87,33],[-123,48],[-48,6],[-55,-16],[-115,-77],[-154,-75],[-46,-30],[-51,-58],[-27,-46],[-15,-56],[-1,-37],[11,-35],[21,-36],[30,-1],[26,-1],[50,-30],[55,-58],[67,-97],[61,-51],[78,-34],[69,-16],[76,19],[82,28],[60,20],[93,73],[106,47],[117,51],[113,26],[65,-24],[19,-31],[-9,-65],[-50,-91],[-62,-54],[-59,-20],[-92,9],[-53,-7],[-32,-28],[-22,-39],[11,-160],[10,-149],[26,-75],[53,-73],[45,-14],[25,29],[1,52],[8,51],[46,62],[104,50],[179,67],[163,46],[101,6],[99,-22],[91,-49],[64,-68],[42,-68],[9,-50],[-4,-82],[12,-121],[34,-115],[43,-111],[59,-84],[92,-99],[87,-54],[151,-73],[97,-17],[60,24],[6,39],[3,15],[7,46],[15,85],[47,87],[62,53],[54,26],[64,-11],[68,-45],[89,-69],[56,-60],[54,-83],[13,-50],[4,-86],[-26,-114],[-56,-127],[-12,-65],[-6,-65],[8,-66],[28,-44],[63,-4],[69,14],[93,-33],[45,-19],[46,-20],[315,-118],[154,-79],[153,-97],[133,-99],[132,-68],[152,-47],[98,-7],[110,21],[87,28],[54,60],[19,67],[-3,61],[-19,158],[0,64],[36,81],[111,131],[73,41],[68,11],[68,-6],[67,-19],[62,-7],[84,11],[64,9],[38,-7],[42,-40],[64,-70],[51,-57],[42,-65],[22,-86],[43,-105],[26,-89],[14,-125],[-7,-119],[12,-90],[30,-61],[57,-58],[64,-15],[47,23],[31,45],[43,107],[9,118],[20,94],[30,64],[65,33],[46,-14],[41,-39],[51,-114],[77,-177],[81,-187],[50,-212],[38,-157],[10,-140],[-42,-73],[-23,-15],[-47,3],[-48,28],[-58,111],[-64,121],[-115,147],[-83,72],[-92,58],[-95,27],[-76,-8],[-102,-32],[-103,-76],[-58,-66],[-65,-111],[-47,-99],[-79,-86],[-44,-73],[-35,-108],[-9,-74],[29,-68],[66,-51],[62,-33],[52,-1],[19,28],[3,66],[27,59],[45,43],[61,21],[53,-12],[48,-40],[96,-135],[54,-76],[53,-76],[-10,-78],[-32,-70],[-34,-6],[-44,38],[-44,37],[-27,0],[-21,-6],[-23,-20],[1,-32],[21,-40],[14,-34],[40,-30],[85,-40],[49,-23],[43,-33],[39,-53],[29,-68],[26,-37],[32,-28],[71,-55],[140,-100],[85,-38],[70,-3],[56,13],[20,40],[6,33],[5,33],[-29,59],[-57,66],[-57,67],[-16,52],[18,62],[33,29],[41,9],[59,-16],[49,-38],[66,-89],[34,-80],[15,-55],[0,-57],[-10,-56],[-36,-69],[-36,-58],[-20,-24],[-11,-24],[7,-35],[17,-33],[51,-17],[96,-33],[95,-32],[159,-80],[174,-105],[158,-110],[219,-164],[143,-115],[49,-33],[48,-34],[156,-67],[122,-25],[68,-25],[60,-43],[33,-43],[5,-69],[-20,-85],[-37,-56],[-67,-34],[-54,-19],[-54,-19],[-38,-46],[-13,-30],[3,-15],[10,-46],[3,-12],[6,-7],[7,-17],[21,0],[75,3],[56,4],[45,5],[46,2],[36,-3],[26,-4],[47,-16],[29,-8],[32,-15],[25,-15],[27,-22],[32,-35],[20,-24],[15,-18],[56,-96],[10,-29],[14,-26],[17,-23],[24,-23],[25,-23],[32,-20],[29,-18],[23,-11],[47,-20],[19,-15],[21,-9],[46,-24],[37,-18],[37,-18],[29,-13],[26,-18],[21,-20],[15,-18],[4,-17],[8,-20],[2,-29],[-7,-75],[-1,-23],[-6,-28],[-9,-27],[-12,-26],[-29,-42],[-25,-29],[-26,-29],[-32,-32],[-19,-16],[-21,-15],[-24,-17],[-25,-11],[-10,-2],[-13,-3],[-49,-6],[-47,-6],[-24,-4],[-48,-7],[-22,-4],[-46,-17],[-41,-26],[-22,-12],[-38,-30],[-52,-55],[-15,-19],[-28,-46],[-6,-27],[-5,-53],[-1,-26],[8,-53],[6,-26],[8,-26],[19,-47],[11,-25],[23,-48],[8,-25],[8,-25],[8,-52],[5,-80],[-1,-28],[-19,-75],[-13,-24],[-19,-17],[-20,-14],[-24,-6],[-47,1],[-24,3],[-47,11],[-24,-1],[-46,-14],[-103,-64],[-20,-15],[-18,-17],[-15,-21],[-13,-23],[-12,-7],[3,-18],[5,-54],[2,-26],[7,-26],[20,-49],[78,-161],[51,-88],[32,-38],[16,-19],[18,-22],[14,-15],[36,-40],[38,-35],[43,-33],[44,-26],[45,-23],[24,-9],[25,-7],[50,-4],[51,-2],[25,0],[51,8],[49,10],[24,8],[45,20],[22,6],[29,11],[26,7],[22,-10],[10,-26],[4,-28],[4,-28],[1,-29],[-2,-26],[-9,-55],[-16,-55],[-10,-25],[-28,-46],[-31,-46],[-14,-16],[-16,-22],[-29,-41],[-29,-46],[-13,-24],[-11,-26],[-28,-106],[-7,-56],[-4,-57],[0,-27],[2,-28],[7,-28],[11,-23],[12,-25],[20,-19],[21,-14],[23,2],[39,39],[16,12],[16,33],[39,71],[27,49],[32,45],[18,20],[45,29],[24,6],[31,0],[36,-21],[24,-21],[27,-24],[34,-43],[13,-34],[-9,-140],[-7,-55],[-31,-110],[-18,-52],[-9,-28],[-9,-54],[-5,-28],[-6,-86],[2,-28],[2,-28],[-7,-57],[-7,-26],[-24,-50],[-14,-25],[-14,-23],[-17,-22],[-27,-35],[-25,-16],[-31,-15],[-23,-9],[-24,-7],[-27,-2],[-36,4],[-11,3],[-24,10],[-23,13],[-21,16],[-18,20],[-34,45],[-12,24],[-12,26],[-8,26],[-8,26],[-20,23],[-23,11],[-25,-4],[-16,-20],[-9,-28],[0,-28],[2,-28],[4,-28],[7,-27],[11,-25],[94,-136],[14,-24],[12,-30],[7,-29],[2,-28],[-1,-22],[-5,-28],[-16,-49],[-10,-25],[-18,-34],[-18,-28],[-17,-25],[-21,-15],[-22,-10],[-24,-3],[-22,13],[-19,28],[-11,39],[-13,47],[-8,33],[-5,29],[-6,28],[-3,21],[-9,26],[-13,27],[-16,28],[-21,20],[-22,14],[-27,6],[-51,1],[-25,-4],[-27,-8],[-51,-27],[-23,-19],[-14,-22],[6,-38],[8,-25],[3,-12],[7,-27],[16,-48],[22,-51],[22,-53],[29,-46],[47,-52],[25,-13],[30,-5],[32,-1],[45,-5],[36,-6],[72,-13],[48,-8],[51,-7],[58,-6],[40,-4],[23,-1],[29,-2],[20,0],[51,4],[48,0],[50,-1],[100,-7],[48,-3],[48,-6],[50,-6],[48,-7],[23,-4],[45,-13],[47,-19],[45,-21],[21,-13],[20,-14],[74,-71],[16,-21],[28,-45],[29,-68],[13,-31],[5,-25],[2,-28],[-4,-26],[-7,-24],[-12,-22],[-19,-16],[-20,-14],[-46,-18],[-22,-5],[-26,4],[-21,12],[-16,20],[-14,22],[-15,52],[-9,22],[-20,15],[-20,14],[-45,15],[-47,10],[-47,2],[-23,-4],[-24,-3],[-45,-16],[-43,-23],[-32,-13],[-23,-23],[-5,-26],[6,-28],[17,-22],[15,-22],[18,-20],[37,-34],[40,-33],[41,-28],[147,-79],[109,-53],[66,-34],[128,-78],[88,-48],[204,-86],[22,-14],[19,-16],[27,-44],[1,-25],[-2,-25],[-6,-25],[-17,-50],[-8,-24],[-27,-44],[-30,-41],[-12,-22],[-76,-194],[-30,-71],[-24,-34],[-17,-33],[-27,-44],[-27,-41],[-16,-32],[-12,-29],[-12,-11],[-17,-34],[-19,-35],[-20,-24],[-11,-25],[-12,-54],[-8,-44],[-8,-31],[-17,-43],[-22,-39],[-17,-41],[-24,-44],[-34,-32],[-20,-18],[-19,-13],[-23,-11],[-24,-5],[-17,8],[-24,31],[-35,26],[-31,22],[-25,13],[-23,11],[-51,9],[-45,1],[-47,-1],[-47,-6],[-45,-9],[-31,-10],[-37,-27],[-19,-18],[-6,-22],[4,-32],[5,-37],[15,-47],[14,-56],[14,-46],[36,-73],[14,-34],[8,-32],[10,-35],[3,-23],[-5,-22],[-28,-19],[-30,-2],[-39,4],[-39,8],[-26,5],[-25,3],[-21,4],[-20,7],[-46,23],[-34,25],[-30,31],[-41,46],[-36,48],[-31,34],[-22,15],[-22,13],[-24,-9],[-31,-43],[-27,-37],[-23,-30],[-13,-36],[-16,-38],[-22,-35],[-39,-60],[-27,-43],[-21,-36],[-14,-45],[-8,-36],[5,-50],[5,-24],[22,-40],[24,-36],[27,-31],[30,-22],[34,-16],[39,-13],[44,-12],[67,-9],[22,-7],[21,-16],[10,-27],[0,-27],[-30,-39],[-24,-24],[-41,-32],[-28,-23],[-18,-28],[-20,-36],[-28,-60],[-13,-52],[-4,-30],[1,-27],[2,-22],[10,-33],[16,-2],[29,-1],[35,12],[35,11],[28,13],[17,12],[21,16],[44,26],[34,15],[37,10],[25,6],[26,3],[43,-2],[16,-1],[49,-13],[25,-13],[21,-15],[19,-20],[15,-24],[9,-20],[17,-48],[9,-19],[5,-33],[-1,-37],[8,-66],[11,-49],[9,-29],[14,-22],[22,-14],[28,-2],[41,29],[83,86],[70,82],[44,58],[32,46],[14,19],[6,19],[22,21],[26,19],[28,3],[22,-4],[24,-25],[4,-14],[7,-19],[9,-25],[17,-36],[20,-37],[12,-25],[8,-30],[27,-77],[24,-61],[18,-53],[16,-72],[21,-68],[20,-52],[19,-27],[22,-23],[24,-13],[26,4],[18,14],[15,31],[12,42],[4,61],[12,81],[-1,45],[-4,55],[-10,41],[-15,54],[-13,37],[-2,32],[3,47],[8,25],[12,24],[15,14],[29,5],[46,-14],[18,-18],[34,-43],[49,-86],[32,-64],[25,-65],[15,-43],[9,-39],[9,-30],[3,-77],[-5,-63],[-3,-61],[-8,-73],[-12,-83],[-10,-54],[-12,-53],[-14,-50],[-18,-62],[-16,-57],[-24,-102],[-1,-29],[0,-39],[3,-36],[6,-36],[13,-25],[18,-25],[27,-24],[82,-47],[30,-19],[33,-25],[42,-39],[46,-37],[39,-37],[15,-18],[21,-51],[8,-23],[6,-32],[-6,-33],[-27,-16],[-32,-1],[-44,2],[-38,4],[-87,-19],[-27,-12],[-45,-30],[-20,-25],[-35,-61],[-38,-71],[-31,-40],[-19,-12],[-25,-31],[-51,-55],[-25,-25],[-33,-23],[-33,-21],[-40,-7],[-34,-2],[-25,12],[-59,38],[-48,22],[-28,8],[-34,4],[-49,-7],[-63,-16],[-49,-22],[-43,-24],[-28,-25],[-25,-29],[-21,-33],[-20,-42],[-14,-43],[-10,-38],[-6,-36],[-5,-45],[24,-24],[27,-13],[49,-3],[48,-10],[51,-4],[49,-5],[39,-4],[77,-1],[64,4],[67,9],[54,10],[49,10],[76,3],[48,-1],[35,-4],[21,-9],[25,-16],[15,-21],[6,-25],[-6,-24],[-16,-24],[-20,-20],[-36,-37],[-64,-37],[-25,-15],[-47,-32],[-49,-37],[-16,-30],[-15,-34],[19,-38],[30,-47],[27,-30],[16,-29],[26,-44],[22,-31],[53,-50],[37,-47],[28,-31],[40,-34],[44,-43],[40,-38],[56,-54],[56,-42],[48,-38],[49,-34],[22,-14],[42,-17],[53,-27],[49,-30],[45,-31],[47,-42],[36,-33],[22,-13],[32,-20],[7,-36],[6,-29],[-1,-26],[-20,-22],[-28,-14],[-55,-16],[-61,-10],[-59,-10],[-73,-10],[-44,-15],[-13,-11],[-11,-34],[-3,-29],[1,-26],[-3,-19],[13,-28],[19,-19],[19,-19],[22,-15],[48,-18],[53,-5],[50,0],[103,5],[29,1],[20,-1],[104,39],[81,-39],[-6,-68],[-118,-237],[-1,-185],[-60,-63],[-20,6],[-22,15],[-20,16],[-83,108],[-25,33],[-18,32],[-14,28],[-14,19],[-20,13],[-29,-8],[-35,-23],[-55,-40],[-37,-43],[-39,-56],[-50,-98],[-18,-53],[-6,-27],[-17,-89],[-9,-49],[-6,-66],[-8,-64],[-8,-103],[-16,-55],[-22,-52],[-15,-23],[-18,-20],[-23,-8],[-23,14],[-35,64],[-20,45],[-28,74],[-17,50],[-9,42],[-11,31],[-17,19],[-19,3],[-32,-16],[-17,-17],[-26,-47],[-27,-46],[-11,-27],[-6,-28],[-4,-27],[0,-18],[8,-18],[16,-22],[17,-16],[27,-24],[32,-19],[33,-19],[30,-21],[27,-21],[33,-26],[49,-49],[40,-35],[39,-38],[39,-41],[16,-22],[28,-52],[3,-7],[10,-18],[15,-35],[7,-30],[4,-31],[3,-41],[3,-53],[1,-49],[4,-49],[6,-67],[4,-30],[4,-22],[2,-33],[4,-132],[3,-206],[1,-105],[-4,-52],[-7,-53],[-10,-57],[-23,-102],[-19,-76],[-22,-73],[-18,-51],[-13,-48],[-2,-27],[4,-27],[8,-20],[13,-23],[16,-20],[95,-150],[25,-43],[32,-37],[15,-19],[30,-24],[41,-9],[22,1],[38,26],[29,41],[23,45],[24,43],[54,116],[23,43],[30,39],[16,17],[21,28],[43,23],[24,12],[22,-7],[20,-17],[7,-27],[7,-56],[-2,-56],[-4,-57],[-2,-28],[0,-143],[-1,-29],[-4,-27],[-4,-27],[-16,-54],[-26,-82],[-20,-52],[-17,-53],[-16,-51],[-11,-23],[0,-107],[6,-2],[22,-12],[71,-13],[96,-8],[76,-2],[75,-6],[26,-7],[32,-17],[7,-10],[5,-27],[-6,-28],[-10,-17],[-5,-10],[-15,-18],[-17,-16],[-25,-44],[-22,-42],[-18,-47],[-16,-46],[-12,-44],[-10,-50],[-7,-25],[-2,-25],[0,-25],[8,-48],[4,-27],[18,-44],[25,-42],[32,-41],[33,-36],[28,-37],[29,-40],[32,-34],[27,-39],[41,-55],[19,-16],[16,-17],[26,-40],[53,-47],[39,-24],[21,-11],[22,-10],[52,-10],[94,-3],[44,7],[69,13],[45,11],[20,7],[39,21],[22,8],[93,-10],[45,-12],[32,-54],[34,-150],[42,-68],[49,-62],[86,-17],[67,6],[127,96],[54,-11],[10,-51],[-16,-61],[-58,-75],[-106,-108],[-40,-50],[-39,-50],[-8,-66],[20,-86],[81,-58],[142,-60],[111,-48],[58,-72],[43,-121],[150,-365],[59,-130],[51,-48],[40,10],[37,41],[27,109],[0,136],[-46,168],[-31,110],[-4,74],[38,59],[59,4],[72,-11],[48,-29],[48,-47],[32,-37],[19,-80],[-3,-56],[-36,-142],[-42,-155],[5,-113],[27,-100],[49,-53],[67,6],[73,4],[64,-26],[191,-164],[102,-124],[79,-149],[14,-85],[-18,-45],[-29,-6],[-69,45],[-75,50],[-84,29],[-148,3],[-154,-18],[-155,6],[-145,-18],[-54,-33],[-12,-39],[6,-29],[55,-98],[144,-151],[59,-46],[48,2],[77,79],[82,59],[55,31],[73,22],[70,-3],[46,-35],[15,-57],[-18,-58],[-81,-80],[-107,-68],[-62,-62],[-36,-49],[-19,-47],[-7,-30],[-3,-47],[24,-48],[59,-66],[39,-35],[46,-31],[63,-17],[57,23],[69,63],[105,110],[66,48],[44,8],[38,-11],[28,-30],[21,-41],[19,-53],[3,-266],[-2,-257],[-45,-271],[-33,-144],[1,-83],[25,-46],[46,-27],[81,11],[104,87],[93,61],[50,27],[28,-9],[29,-29],[-6,-65],[-64,-95],[-43,-101],[-45,-120],[-51,-73],[-43,-22],[-37,-8],[-33,9],[-32,82],[-40,76],[-43,21],[-53,3],[-57,-38],[-40,-48],[-21,-71],[-9,-93],[-39,-96],[-43,-93],[-14,-75],[5,-73],[25,-36],[32,-16],[42,10],[28,38],[28,40],[32,15],[39,1],[20,-53],[-11,-41],[-26,-72],[-23,-115],[2,-59],[35,-55],[44,-25],[58,-5],[56,29],[62,49],[57,21],[56,-32],[40,-82],[29,-120],[16,-122],[-3,-63],[-29,-45],[-33,-3],[-95,68],[-69,40],[-61,3],[-41,-15],[-17,-38],[-6,-50],[25,-126],[31,-128],[30,-129],[34,-122],[57,-113],[31,-37],[31,-37],[11,-20],[28,-40],[24,-32],[24,-34],[28,-24],[31,-33],[15,-3],[11,-3],[17,-5],[22,6],[32,12],[31,12],[127,87],[83,56],[90,47],[47,-1],[46,-44],[54,-90],[46,-168],[21,-113],[-3,-107],[-16,-64],[-18,-39],[-40,-18],[-54,20],[-54,13],[-91,-13],[-45,-32],[-51,-32],[-9,-10],[-39,-45],[-36,-83],[-27,-65],[-21,-51],[-13,-31],[-20,-38],[-8,-26],[-1,-9],[-1,-27],[5,-27],[8,-20],[9,-22],[11,-28],[9,-16],[7,-7],[9,-4],[132,14],[44,7],[28,0],[45,-11],[35,-8],[35,-9],[8,-5],[39,-20],[10,-5],[13,-16],[13,-16],[33,-82],[4,-32],[4,-32],[12,-52],[17,-49],[36,-44],[62,19],[63,71],[48,40],[18,15],[74,21],[56,16],[37,2],[11,-3],[8,-9],[4,-14],[3,-37],[-17,-78],[-26,-129],[-20,-73],[-4,-17],[-1,-23],[3,-36],[4,-43],[3,-39],[4,-30],[9,-15],[17,-19],[13,-15],[15,-20],[14,-6],[22,5],[36,2],[26,-4],[63,-12],[29,-6],[1,-1],[6,-1],[37,-24],[44,-40],[76,-91],[41,-76],[24,-75],[22,-119],[11,-115],[15,-100],[4,-58],[2,-23],[1,-10],[0,-24],[0,-76],[0,-101],[0,-26],[-13,-75],[-29,-59],[-39,-47],[-47,-29],[-33,-19],[-52,-13],[-47,-16],[-91,-26],[-49,-29],[-34,-35],[-42,-64],[-8,-30],[3,-37],[20,-51],[23,-33],[37,-25],[38,-17],[62,-25],[108,-27],[81,-6],[49,-6],[58,-8],[54,-22],[87,-49],[44,-40],[31,-42],[21,-48],[20,-63],[11,-72],[-6,-74],[-12,-81],[-16,-96],[-32,-116],[-14,-56],[-13,-101],[-25,-103],[-18,-36],[-15,-24],[-20,-17],[-34,-4],[-32,8],[-28,10],[-31,8],[-39,10],[-24,1],[-22,-1],[-21,-18],[-10,-22],[-7,-42],[10,-48],[6,-20],[45,-66],[81,-85],[74,-72],[53,-36],[78,-32],[29,6],[24,18],[17,30],[3,44],[2,230],[-1,65],[3,56],[22,52],[26,46],[95,106],[63,53],[53,22],[50,-3],[40,-17],[22,-41],[10,-59],[14,-128],[10,-138],[10,-162],[14,-41],[24,-54],[44,-123],[49,-109],[27,-83],[10,-66],[4,-81],[-8,-76],[-18,-71],[-24,-35],[-14,-30],[-9,-38],[4,-30],[14,-25],[47,-44],[59,-72],[59,-51],[49,-27],[52,-19],[79,-17],[32,7],[30,14],[28,44],[20,42],[7,136],[2,101],[-16,116],[-18,70],[-19,42],[-16,52],[-43,76],[-5,27],[14,36],[15,26],[50,14],[59,-1],[43,-16],[44,-29],[40,-28],[76,-79],[32,-61],[18,-56],[6,-73],[0,-75],[-22,-72],[-30,-73],[-22,-56],[-11,-58],[5,-48],[49,-50],[62,-96],[86,-148],[23,-72],[32,-70],[16,-103],[7,-78],[-9,-69],[-22,-63],[-13,-21],[-18,-8],[-1,-1],[-4,1],[-13,4],[-23,11],[-3,5],[-3,3],[-3,6],[-23,29],[-18,14],[-45,20],[-23,10],[-24,7],[-23,-6],[-8,-12],[-5,-8],[0,-25],[11,-29],[36,-72],[12,-28],[7,-20],[19,-90],[5,-58],[4,-89],[-3,-64],[-2,-111],[2,-48],[14,-102],[9,-60],[32,-126],[16,-108],[9,-43],[7,-108],[-4,-35],[-11,-57],[-15,-87],[-5,-49],[-1,-47],[7,-56],[21,-45],[23,-40],[35,-44],[147,-141],[141,-130],[99,-99],[23,-29],[9,-12],[-4,-20],[0,-22],[-10,-15],[-17,-7],[-23,-10],[-21,-5],[-22,-1],[-20,4],[-25,7],[-26,13],[-126,51],[-16,12],[-19,5],[-21,-3],[-22,-2],[-12,-13],[-13,-19],[-21,-17],[-19,-36],[-14,-22],[-9,-26],[-5,-25],[-2,-28],[7,-35],[14,-22],[22,-24],[97,-68],[98,-78],[52,-36],[14,-23],[29,-56],[15,-34],[16,-46],[8,-39],[8,-61],[4,-27],[3,-34],[-1,-30],[-2,-34],[-1,-53],[-6,-41],[-3,-34],[-2,-23],[-6,-29],[-14,-70],[-7,-25],[-17,-32],[-23,-23],[-16,-17],[-33,-17],[-39,-19],[-23,-12],[-23,-19],[-28,-17],[-24,-30],[-22,-29],[-12,-24],[-20,-38],[-5,-37],[-5,-39],[3,-30],[1,-26],[11,-42],[14,-40],[35,-67],[28,-27],[52,-25],[16,-3],[52,12],[34,11],[55,28],[39,6],[60,5],[26,0],[48,-7],[28,-10],[18,-16],[9,-24],[16,-33],[8,-26],[4,-8],[62,-164],[13,-35],[10,-24],[4,-23],[83,-309],[3,-95],[-58,-227],[-83,-159],[-2,-45],[43,-50],[119,-174],[34,-97],[-147,-160],[-66,-41],[-15,-5],[-25,-16],[-48,-34],[-59,-61],[-42,-55],[-29,-32],[-18,-22],[-16,-40],[-11,-41],[0,-27],[8,-31],[9,-21],[15,-19],[30,-24],[48,-17],[58,-27],[41,-16],[33,-9],[14,-9],[29,-21],[12,-6],[52,-77],[-14,-19],[-40,-9],[-24,-21],[-23,-15],[-82,-28],[-114,-45],[-58,-22],[-46,-23],[-31,-24],[-40,-26],[-43,-48],[-32,-43],[-24,-43],[-30,-62],[-23,-58],[-38,-103],[-18,-51],[-22,-48],[-7,-46],[3,-44],[10,-35],[19,-42],[18,-17],[38,-22],[24,-24],[35,-49],[21,-46],[9,-56],[-2,-32],[-5,-49],[-20,-57],[-30,-79],[-37,-85],[-30,-70],[-41,-62],[-31,-39],[-34,-37],[-31,-27],[-66,-46],[-51,-31],[-39,-19],[-57,-26],[-61,-31],[-33,-20],[-21,-28],[0,-20],[8,-27],[26,-31],[26,-10],[37,-7],[90,-19],[79,-29],[40,-17],[41,-15],[64,-21],[39,-23],[41,-15],[22,-15],[31,-22],[18,-17],[19,-25],[18,-15],[7,-22],[-7,-26],[-7,-17],[-22,-24],[-42,-14],[-64,-28],[-21,-10],[-20,-2],[-14,-4],[-22,-8],[-20,-4],[-24,-5],[-36,-3],[-13,-1],[-19,1],[-16,2],[-17,-1],[-17,-3],[-23,3],[-47,14],[-68,12],[-52,8],[-44,2],[-38,4],[-31,5],[-24,3],[-18,8],[-23,2],[-56,4],[-17,-4],[-17,-7],[-25,4],[-21,-5],[-29,4],[-33,0],[-25,-2],[-23,-6],[-24,-5],[-35,-14],[-27,-25],[-13,-23],[-2,-22],[-1,-45],[8,-64],[7,-32],[-2,-28],[3,-26],[13,-31],[5,-41],[13,-70],[8,-43],[4,-38],[24,-85],[18,-61],[7,-32],[0,-20],[10,-42],[11,-56],[0,-20],[1,-31],[8,-37],[7,-24],[30,-68],[24,-40],[14,-36],[21,-36],[25,-34],[30,-16],[7,-3],[-1,-15],[-2,-27],[-7,-30],[-8,-23],[-18,-26],[-26,-31],[-15,-18],[-6,-18],[-10,-21],[-9,-26],[-17,-32],[-14,-31],[-6,-26],[-1,-32],[-3,-55],[0,-40],[11,-24],[4,-19],[4,-8],[2,-1],[11,-10],[4,-1],[14,-10],[38,-14],[14,-2],[49,-1],[33,4],[48,16],[76,29],[52,24],[32,1],[18,0],[14,-7],[3,-1],[20,-18],[4,-23],[-3,-27],[-1,-26],[-2,-65],[1,-47],[-3,-82],[4,-48],[-3,-45],[0,-9],[-2,-93],[-1,-49],[1,-17],[0,0],[0,-16],[4,-33],[8,-26],[12,-41],[7,-29],[8,-59],[6,-31],[2,-7],[7,-21],[0,-1],[11,-43],[7,-23],[17,-40],[39,-92],[27,-53],[7,-33],[1,-17],[0,-11],[-6,-20],[-10,-16],[-8,-7],[-5,-4],[-15,-1],[-24,3],[-36,7],[-37,4],[-67,14],[-20,7],[-19,15],[-20,15],[-61,71],[-64,71],[-30,22],[-30,15],[-27,1],[0,0],[-4,-1],[-24,-5],[-24,-19],[-14,-16],[-30,-40],[-25,-41],[-37,-72],[-27,-63],[-31,-59],[-32,-67],[-9,-13],[-10,-20],[-54,-86],[-18,-75],[-9,-25],[-41,-100],[0,0],[-6,-74],[6,-29],[14,-19],[14,-21],[18,-17],[21,-6],[21,-10],[36,-37],[5,-25],[-6,-26],[-14,-23],[0,-1],[-3,-4],[-14,-14],[-29,-29],[-53,-58],[-38,-37],[-22,-21],[-20,-14],[-21,-13],[-7,-14],[-2,-3],[-3,-2],[-27,-18],[-31,-48],[-43,-63],[-12,-15],[-28,-39],[-27,-43],[-20,-47],[-20,-53],[-15,-42],[-12,-43],[-7,-51],[1,-21],[3,-6],[41,-10],[48,-2],[59,-3],[23,-4],[23,-13],[21,-15],[38,-34],[42,-36],[53,-56],[21,-19],[20,-16],[21,-14],[47,-22],[26,-8],[18,6],[5,7],[2,29],[-10,68],[-5,31],[25,86],[18,45],[12,4],[1,2],[47,15],[28,1],[46,-21],[18,-16],[19,-16],[15,-26],[5,-20],[1,-30],[-38,-106],[-32,-76],[-29,-107],[-14,-52],[-10,-58],[-3,-83],[4,-28],[10,-24],[24,-39],[38,-7],[27,0],[22,10],[1,0],[58,52],[51,59],[16,23],[16,17],[10,-4],[10,-24],[1,-36],[-4,-98],[-2,-75],[-5,-98],[-7,-82],[-9,-66],[-20,-78],[-13,-63],[-20,-55],[-17,-51],[-20,-37],[-33,-57],[-29,-45],[-38,-52],[-23,-28],[-18,-17],[-6,-5],[-8,-9],[-40,-34],[-16,-10],[-33,-9],[-23,-7],[-27,-3],[-21,2],[-22,7],[-28,11],[-42,23],[-52,73],[-31,48],[-29,70],[-35,29],[-33,19],[-29,12],[-22,6],[-35,-2],[-31,-8],[-19,-6],[-34,-26],[-32,-28],[-26,-34],[-8,-23],[2,-21],[8,-27],[7,-9],[10,-12],[24,-22],[15,-15],[51,-48],[17,-10],[16,-14],[37,-19],[29,-33],[35,-40],[30,-39],[20,-41],[21,-39],[15,-46],[18,-48],[21,-67],[15,-52],[31,-83],[10,-40],[26,-94],[15,-49],[20,-85],[7,-38],[1,-31],[-7,-29],[-8,-20],[-6,-25],[-12,-13],[-14,-6],[-21,0],[-41,8],[-37,19],[-38,23],[-66,50],[-33,30],[-30,28],[-43,23],[-1,1],[-15,8],[-19,9],[-20,7],[-45,2],[-16,-15],[-13,-45],[-7,-22],[-15,-41],[-10,-21],[-11,-19],[-51,-71],[-32,-37],[-21,-34],[-27,-35],[-26,-36],[-22,-37],[-22,-39],[-20,-43],[-20,-39],[-33,-84],[-4,-22],[-1,-50],[11,-18],[17,-13],[3,-1],[18,-6],[23,-6],[38,-15],[39,-16],[65,-37],[36,-25],[33,-27],[33,-24],[1,-1],[2,-2],[21,-17],[9,-24],[-2,-23],[-13,-33],[-17,-31],[-19,-12],[-44,-34],[-34,-30],[-50,-48],[-19,-23],[-16,-30],[-11,-24],[-11,-13],[0,-25],[3,-29],[11,-20],[14,-12],[24,-7],[23,-4],[39,-6],[42,-6],[39,-3],[39,-5],[38,8],[52,27],[12,20],[8,42],[11,10],[8,11],[9,27],[11,31],[25,64],[15,41],[24,40],[33,57],[26,36],[29,36],[20,5],[40,-7],[20,-13],[22,-20],[12,-12],[8,-15],[19,-40],[11,-45],[5,-44],[10,-45],[4,-22],[2,-24],[-3,-21],[0,-29],[4,-28],[1,-9],[2,-25],[2,-82],[-1,-58],[-1,-112],[3,-55],[2,-29],[9,-25],[16,-22],[47,-24],[25,-7],[96,31],[100,6],[74,4],[74,-13],[12,-23],[6,-27],[-13,-55],[-33,-76],[-26,-47],[-13,-25],[-15,-53],[-16,-55],[-23,-78],[-20,-80],[-2,-28],[10,-55],[5,-28],[8,-81],[6,-28],[28,-46],[28,-47],[47,-56],[20,-25],[38,-37],[15,-24],[11,-28],[7,-25],[-1,-28],[-39,-42],[-23,-24],[-25,-25],[-36,-20],[-39,-29],[-42,-31],[-29,-16],[-34,-13],[-106,-72],[-51,-126],[3,-28],[15,-23],[19,-18],[15,-24],[60,-24],[79,-37],[48,-22],[53,-24],[52,-21],[26,-14],[99,-70],[75,-49],[44,-31],[29,-14],[35,16],[17,20],[22,64],[31,54],[35,59],[51,99],[16,27],[17,22],[24,7],[22,9],[26,7],[26,1],[25,-8],[41,-32],[34,-25],[45,-48],[41,-34],[32,-37],[32,-46],[56,-82],[27,-86],[3,-79],[-1,-33],[-9,-25],[-87,-171],[-7,-26],[10,-193],[1,-34],[-5,-51],[13,-15],[38,-41],[24,-18],[30,-19],[29,-14],[54,-18],[27,-5],[21,-1],[28,-6],[46,-12],[49,-10],[24,-4],[24,-1],[24,-7],[-33,-68],[-65,-35],[-44,-22],[-25,-8],[-24,-14],[-25,-15],[-13,-6],[-37,-20],[-70,-63],[-43,-51],[-19,-28],[6,-36],[14,-20],[24,-15],[57,-16],[52,-7],[29,0],[12,0],[8,0],[73,-2],[72,0],[72,-1],[70,-3],[48,-1],[23,0],[24,-3],[47,-2],[22,-6],[21,-8],[39,-18],[21,-15],[17,-18],[6,-28],[-11,-54],[-3,-28],[-13,-51],[-8,-54],[-5,-26],[-44,-30],[-18,-17],[-18,-19],[-20,-16],[-66,-38],[-22,-11],[-21,-9],[-78,-19],[-10,-5],[-8,-3],[-48,-15],[-49,-16],[-47,-16],[-46,-18],[-24,-13],[-2,-3],[-14,-8],[-8,-8],[-38,-34],[-59,-49],[-61,-53],[-56,-53],[-61,-56],[-37,-37],[-41,-32],[-45,-34],[-57,-54],[-24,-24],[-10,-25],[1,-29],[3,-29],[12,-85],[11,-55],[5,-56],[6,-26],[15,-58],[7,-29],[9,-28],[13,-27],[39,-40],[34,-1],[53,0],[58,5],[52,2],[24,-7],[25,3],[27,-4],[27,-7],[28,-7],[25,-8],[23,-3],[21,-5],[10,-2],[12,-1],[23,-4],[74,10],[73,6],[72,9],[50,6],[49,7],[24,4],[23,1],[24,1],[25,-4],[16,-4],[13,-8],[6,-82],[15,-81],[12,-82],[17,-105],[19,-105],[55,-154],[39,-103],[46,-127],[20,-96],[-1,-31],[-13,-31],[-30,-13],[-32,-42],[-35,-42],[-35,-38],[-37,-39],[-33,-37],[-37,-39],[-34,-39],[-35,-38],[-19,-19],[-12,-23],[-8,-54],[15,-51],[19,-54],[11,-25],[17,-19],[15,-25],[28,-46],[22,-52],[12,-26],[8,-28],[15,-54],[21,-52],[22,-49],[18,-40],[-6,-37],[-13,-40],[-7,-55],[-8,-26],[-23,-53],[-30,-47],[-48,-67],[-52,-63],[-38,-41],[-19,-20],[-22,-14],[-45,-24],[-47,-22],[-46,-21],[-22,-12],[-22,-15],[-18,-19],[-19,-20],[-12,-25],[-9,-27],[-2,-29],[-4,-57],[1,-85],[5,-59],[3,-59],[3,-28],[1,-32],[0,-30],[4,-14],[1,-48],[-53,-34],[-30,-1],[-23,-19],[-25,14],[-16,9],[-34,23],[-33,23],[-37,17],[-38,17],[-14,13],[-18,10],[-21,9],[-22,15],[-29,11],[-42,11],[-48,9],[-42,1],[-43,5],[-47,-6],[-52,-5],[-63,-4],[-64,-3],[-98,-7],[-64,-7],[-56,-7],[-46,-17],[-17,-15],[-12,-13],[-32,-21],[-13,-12],[-14,-18],[-14,-20],[-18,-64],[-12,-44],[-4,-42],[-4,-46],[-2,-44],[1,-90],[3,-90],[6,-87],[5,-66],[10,-66],[11,-42],[15,-40],[19,-40],[32,-29],[21,-4],[81,6],[61,3],[40,1],[20,2],[19,3],[19,3],[60,2],[41,-5],[19,-2],[19,-8],[13,-20],[6,-20],[1,-14],[-9,-30],[-43,-77],[-36,-56],[-21,-39],[-15,-15],[-60,-59],[-31,-29],[-14,-13],[-20,-7],[-58,11],[-36,17],[-16,11],[-18,9],[-38,10],[-59,2],[-39,-6],[-18,-4],[-38,2],[-39,-6],[-35,-14],[-18,-12],[-29,-29],[-13,-17],[-32,-22],[-27,-30],[-37,-51],[-17,-57],[-9,-54],[-4,-37],[-1,-37],[5,-34],[9,-32],[11,-18],[12,-14],[19,-14],[16,-10],[16,-12],[21,-13],[17,-6],[40,-4],[57,2],[58,7],[38,6],[50,30],[51,28],[49,32],[68,40],[51,32],[52,26],[37,6],[57,10],[20,3],[18,-1],[37,-13],[30,-26],[12,-16],[18,-37],[15,-38],[14,-38],[20,-37],[21,-35],[35,-51],[36,-53],[26,-33],[23,-42],[34,-56],[-9,-53],[-11,-30],[-19,-17],[-40,-33],[-44,-31],[-47,-23],[-45,-30],[-59,-54],[-27,-39],[-18,-32],[-15,-23],[-27,-51],[-50,-69],[-52,-56],[-42,-20],[-44,27],[-42,35],[-59,57],[-16,24],[-20,20],[-23,12],[-26,2],[-26,-2],[-26,-7],[-50,-18],[-51,-9],[-26,0],[-52,8],[-51,15],[-75,26],[-19,15],[-13,16],[-17,23],[-18,24],[-50,65],[-16,16],[-3,4],[-39,38],[-79,77],[-28,35],[-17,21],[-31,32],[-18,11],[-18,6],[-44,4],[0,-25],[-11,-37],[-35,-50],[-24,-49],[-10,-21],[-12,-23],[-13,-22],[-4,-24],[0,-49],[-1,-52],[-2,-25],[6,-30],[18,-16],[21,-19],[19,-11],[31,-20],[20,-16],[19,-21],[21,-13],[26,-5],[51,-13],[70,-32],[49,-21],[23,-14],[17,-20],[23,-13],[20,-20],[16,-20],[10,-26],[5,-27],[-14,-25],[-33,-43],[-40,-42],[-37,-37],[-37,-41],[-52,-64],[-33,-43],[-32,-47],[-31,-48],[-12,-25],[-11,-26],[-14,-25],[-4,-21],[5,-23],[9,-23],[44,-26],[72,-23],[25,-5],[25,-2],[26,-1],[23,-12],[12,-24],[-13,-16],[-20,-25],[-47,-21],[-46,-26],[-50,-14],[-25,-3],[-26,0],[-75,35],[-21,15],[-41,26],[-23,20],[-19,6],[-21,-2],[-24,-16],[-29,-28],[-35,-40],[-38,-53],[-30,-44],[-28,-42],[-24,-42],[-27,-44],[-13,-24],[-8,-21],[-11,-52],[-4,-26],[-9,-51],[-8,-48],[-8,-48],[-10,-50],[-3,-22],[-2,-19],[1,-15],[-2,-13],[-5,-56],[-7,-56],[-7,-24],[-10,-24],[-15,-14],[-24,0],[-62,35],[-45,30],[-44,31],[-21,15],[-49,23],[-26,9],[-24,11],[-26,8],[-51,6],[-53,-1],[-27,-2],[-25,-10],[-23,-14],[-20,-20],[-11,-27],[-16,-23],[-24,-54],[-23,-54],[-20,-51],[-14,-24],[-9,-28],[-4,-29],[-5,-28],[-4,-29],[-3,-26],[4,-22],[15,-7],[25,-3],[50,0],[26,-2],[49,5],[25,4],[75,1],[50,-2],[76,1],[52,-1],[49,-1],[53,-11],[20,-19],[12,-17],[4,-20],[-8,-23],[-21,-25],[-42,-39],[-43,-35],[-38,-38],[-22,-15],[-25,-16],[-12,-25],[2,-27],[33,-40],[46,-30],[20,-16],[39,-39],[0,-55],[-50,-8],[-46,10],[-48,15],[-60,16],[-24,10],[-23,11],[-23,17],[-23,11],[-26,7],[-27,3],[-25,0],[-24,-7],[-17,-14],[-6,-30],[7,-42],[15,-45],[12,-58],[8,-27],[-7,-27],[8,-90],[7,-114],[5,-58],[16,-55],[15,-26],[17,-18],[22,-10],[24,8],[70,79],[48,14],[48,15],[46,18],[26,7],[25,4],[24,-5],[49,-12],[24,-11],[19,-16],[18,-19],[13,-21],[0,-28],[-14,-33],[-37,-39],[-18,-19],[-13,-23],[-18,-22],[-43,-25],[-45,-27],[-43,-28],[-22,-11],[-32,-11],[-37,-15],[-47,-7],[-75,-11],[-71,-10],[-31,0],[-39,4],[-47,0],[-71,12],[-71,12],[-72,13],[-23,6],[-41,29],[-24,14],[-12,24],[5,55],[17,21],[19,16],[18,20],[13,23],[6,30],[-8,30],[-22,11],[-42,-31],[-35,-51],[-15,-23],[-20,-50],[-22,-49],[-10,-25],[-3,-29],[7,-55],[6,-56],[7,-56],[2,-28],[8,-28],[24,-54],[22,-55],[13,-21],[25,-41],[13,-22],[12,-25],[48,-52],[31,-38],[29,-40],[32,-27],[19,-15],[17,-24],[12,-26],[4,-30],[-20,-24],[-66,-30],[-82,-17],[-47,0],[-23,2],[-45,18],[-22,8],[-45,15],[-65,22],[-44,17],[-44,15],[-21,12],[-20,13],[-36,31],[-18,17],[-13,6],[-7,6],[-20,16],[-14,24],[-6,28],[20,20],[6,5],[14,1],[17,6],[19,6],[43,18],[59,23],[23,15],[12,21],[-4,26],[-16,16],[-22,5],[-44,5],[-46,8],[-21,1],[-20,-2],[-13,-6],[-27,-6],[-50,-13],[-25,-11],[-41,-32],[-17,-21],[-5,-31],[6,-28],[17,-21],[31,-45],[30,-45],[12,-22],[32,-76],[21,-54],[10,-28],[2,-7],[17,-43],[9,-19],[18,-49],[37,-95],[17,-48],[9,-23],[20,-47],[7,-25],[7,-24],[11,-24],[37,-30],[38,-29],[39,-29],[39,-28],[38,-33],[17,-19],[38,-27],[39,-22],[24,-6],[25,2],[21,13],[11,20],[7,49],[-9,49],[-12,45],[-14,49],[-8,47],[-6,50],[-9,51],[0,26],[4,25],[35,32],[21,-7],[23,-10],[31,-9],[36,-21],[36,-30],[50,-60],[18,-18],[26,-47],[36,-63],[20,-44],[11,-21],[9,-20],[5,-18],[4,-22],[-13,-64],[-16,-18],[-17,-18],[-20,-14],[-41,-31],[-32,-32],[-37,-48],[-34,-44],[-23,-36],[-21,-51],[-15,-44],[-8,-47],[4,-36],[12,-78],[23,-39],[24,-37],[19,-35],[16,-38],[14,-37],[12,-41],[7,-33],[2,-30],[-9,-20],[-21,-11],[-21,-8],[-23,-5],[-23,0],[-22,-2],[-27,2],[-52,8],[-66,27],[-33,34],[-32,39],[-50,57],[-50,58],[-32,38],[-14,21],[-10,22],[-17,20],[-23,8],[-23,-14],[-16,-20],[-29,-48],[-28,-49],[-12,-20],[-29,-44],[-9,-16],[-15,-18],[-18,-21],[-16,-26],[-25,-40],[-15,-29],[-7,-32],[-11,-33],[-2,-19],[13,-31],[12,-9],[22,-14],[21,-9],[24,-7],[17,-7],[9,-2],[5,0],[50,-17],[47,-19],[47,-17],[47,-19],[24,-11],[21,-13],[43,-27],[43,-25],[20,-13],[15,-20],[5,-52],[-15,-26],[-22,-10],[-47,-13],[-21,-4],[-44,-26],[-62,-40],[-23,-14],[-18,-16],[-16,-20],[-40,-34],[-15,-22],[-14,-21],[-10,-27],[4,-25],[14,-25],[20,-14],[46,-10],[26,-2],[22,-7],[21,-11],[22,-15],[31,-21],[44,-30],[19,-25],[32,-47],[27,-41],[26,-42],[18,-35],[48,-22],[24,7],[19,17],[18,20],[12,23],[18,54],[17,51],[9,25],[13,55],[14,55],[23,83],[14,53],[3,27],[8,20],[19,24],[45,-17],[37,-35],[21,-24],[30,-33],[25,-46],[7,-54],[8,-53],[9,-85],[9,-82],[7,-54],[10,-81],[16,-108],[10,-21],[5,-31],[28,-42],[24,-9],[47,13],[48,11],[48,9],[70,17],[22,5],[47,15],[24,4],[22,1],[24,-4],[28,-15],[23,-13],[9,-17],[5,-28],[4,-15],[-11,-52],[-31,-40],[-43,-62],[-45,-68],[-20,-49],[-24,-49],[-24,-77],[-14,-80],[-20,-51],[-19,-46],[-17,-48],[-20,-49],[-15,-44],[-15,-41],[-8,-19],[-26,-41],[-27,-46],[-27,-44],[-14,-21],[-27,-41],[-23,-43],[-28,-45],[-27,-43],[-27,-44],[-28,-42],[-28,-45],[-13,-22],[-25,-49],[-25,-46],[-21,-44],[-24,-49],[-40,-97],[-27,-45],[-16,-22],[-18,-16],[-22,-13],[-20,-10],[-23,-2],[-47,3],[-49,11],[-49,8],[-26,0],[-46,10],[-23,-2],[-50,-12],[-50,-16],[-46,-19],[-29,-23],[-24,-25],[-22,-21],[-17,-25],[-12,-10],[-9,-3],[-36,-39],[-37,-42],[-22,-20],[-39,-37],[-26,-11],[-18,-19],[-19,-11],[-24,-7],[-23,-4],[-26,5],[-24,11],[-19,18],[-17,22],[-17,25],[-37,23],[-21,-13],[-13,-15],[-11,-19],[-14,-25],[-2,-25],[-2,-59],[1,-59],[-2,-57],[2,-28],[20,-52],[17,-51],[22,-47],[17,-22],[55,-55],[41,-33],[44,-31],[22,-10],[26,-7],[24,2],[25,2],[24,10],[44,20],[5,0],[43,5],[26,-3],[9,-5],[14,-12],[17,-24],[11,-25],[8,-23],[4,-20],[2,-14],[-14,-71],[-8,-38],[-26,-70],[-6,-14],[-37,-90],[-42,-16],[-1,1],[-30,12],[-129,65],[-37,1],[-7,1],[-19,0],[-4,-1],[-16,-5],[-3,-1],[-23,-7],[-23,-9],[-19,-13],[-15,-22],[-9,-23],[-3,-27],[9,-53],[19,-48],[21,-48],[18,-50],[20,-75],[21,-76],[3,-27],[1,-15],[-9,-23],[-15,-16],[-18,-5],[-25,1],[-21,11],[-43,34],[-34,39],[-34,36],[-46,61],[-34,38],[-67,76],[-29,41],[-47,56],[-32,40],[-16,18],[-14,45],[9,46],[12,29],[19,14],[22,13],[24,17],[37,36],[16,25],[12,23],[17,21],[31,44],[25,48],[10,27],[17,52],[-2,30],[-6,28],[-8,27],[-31,48],[-36,41],[-54,58],[-40,38],[-43,29],[-31,16],[-16,5],[-27,3],[-24,-2],[-23,-8],[-32,-45],[-39,-69],[-11,-27],[-9,-26],[-5,-29],[-14,-58],[-10,-55],[-9,-55],[-2,-28],[1,-30],[2,-30],[3,-56],[7,-89],[0,-29],[0,-7],[3,-20],[-1,-51],[0,-51],[0,-81],[4,-80],[-1,-55],[-1,-54],[0,-50],[3,-28],[25,-106],[6,-29],[-1,-79],[-3,-80],[-10,-55],[-6,-24],[-22,-12],[-47,-4],[-48,5],[-23,-2],[-67,-30],[-84,-43],[-33,-11],[-26,4],[-23,7],[-21,13],[-17,21],[-6,34],[4,37],[13,35],[16,31],[38,67],[15,21],[27,48],[25,46],[9,23],[4,26],[-2,21],[-9,17],[-16,17],[-20,4],[-57,9],[-41,4],[-44,3],[-24,-1],[-117,-28],[-69,-7],[-73,-6],[-24,7],[-17,15],[-29,72],[-16,52],[-3,23],[-8,54],[-4,53],[-6,51],[-4,23],[-7,23],[-8,26],[-23,50],[-5,20],[-11,25],[-13,36],[-16,21],[-24,14],[-46,31],[-21,20],[-27,3],[-52,-13],[-26,-8],[-26,-13],[-21,-17],[-17,-22],[-9,-30],[-13,-22],[4,-23],[-1,-26],[6,-49],[15,-54],[10,-25],[14,-50],[19,-55],[14,-53],[15,-49],[20,-50],[15,-50],[14,-53],[15,-61],[15,-47],[14,-37],[21,-44],[13,-42],[22,-75],[3,-25],[-5,-105],[-3,-53],[2,-27],[-6,-50],[-7,-29],[-5,-31],[-11,-30],[-15,-28],[-24,-14],[-28,-10],[-35,0],[-27,3],[-23,3],[-49,-6],[-71,-13],[-50,-10],[-47,-2],[-48,11],[-39,9],[-20,6],[-15,12],[-7,21],[-17,50],[10,54],[10,51],[4,23],[18,50],[51,123],[41,96],[12,24],[21,51],[29,67],[16,46],[9,31],[0,21],[-16,13],[-32,18],[-70,6],[-23,5],[-37,10],[-28,0],[-47,-5],[-36,-5],[-55,-33],[-34,-36],[-38,-36],[-53,-53],[-14,-21],[-24,-41],[-24,-41],[-24,-41],[-11,-24],[-26,-42],[-20,-78],[-16,-82],[-9,-78],[-2,-27],[1,-75],[4,-127],[0,-72],[1,-79],[3,-70],[-1,-56],[2,-95],[2,-51],[4,-49],[-8,-79],[-7,-48],[-4,-53],[-2,-47],[-7,-49],[-4,-53],[-5,-24],[-18,-48],[-13,-24],[-27,-39],[-31,-43],[-18,-30],[-3,-44],[10,-20],[18,-29],[17,-27],[19,-32],[21,-37],[12,-51],[-5,-23],[-12,-20],[-32,-36],[-37,-30],[-37,-30],[-20,-12],[-22,-7],[-43,-19],[-24,-7],[-47,-8],[-47,-4],[-45,-7],[-49,2],[-46,-1],[-46,-4],[-23,5],[-16,-14],[-11,-21],[-11,-23],[4,-24],[33,-68],[42,-59],[39,-75],[24,-44],[13,-20],[25,-44],[11,-23],[11,-50],[12,-70],[10,-56],[18,-12],[27,-14],[28,-8],[23,-3],[23,4],[67,21],[65,20],[66,21],[66,24],[44,11],[67,21],[45,16],[21,4],[23,4],[46,-4],[46,-8],[20,-14],[28,-44],[30,-42],[12,-24],[32,-39],[13,-20],[27,-46],[30,-42],[28,-44],[29,-39],[11,-23],[18,-49],[9,-36],[4,-38],[-6,-27],[-18,-25],[-39,-32],[-40,-29],[-39,-31],[-42,-28],[-19,-13],[-19,-15],[-18,-19],[-18,-17],[-26,-18],[-5,-3],[-40,-35],[-43,-30],[-37,-34],[-37,-37],[-17,-18],[-22,-11],[-23,11],[-19,15],[-17,23],[-26,45],[-14,24],[-30,42],[-5,7],[-12,19],[-26,38],[-30,42],[-15,28],[-19,24],[-19,1],[-19,-10],[-23,-24],[-18,-15],[-30,-42],[-15,-20],[-13,-22],[-33,-32],[-13,-20],[-28,-34],[-30,-34],[-20,-31],[-36,-37],[-35,-37],[-31,-42],[-30,-40],[-31,-43],[-28,-43],[-28,-40],[-28,-46],[-42,-67],[-41,-69],[-27,-45],[-15,-20],[-12,-16],[-14,-38],[-12,-25],[-17,-20],[-25,-12],[-24,-12],[-23,-2],[-31,5],[-19,15],[-17,21],[-17,84],[-4,29],[-22,13],[-27,7],[-20,-23],[-5,-25],[4,-29],[12,-41],[11,-50],[10,-50],[11,-52],[-6,-51],[-9,-52],[-10,-54],[-26,0],[-22,6],[-36,36],[-17,17],[-12,21],[-21,47],[-10,24],[-22,46],[-12,23],[-18,50],[-10,48],[-16,76],[-11,52],[-13,50],[-12,50],[-9,26],[-6,26],[-5,53],[-6,24],[-12,23],[-23,6],[-24,5],[-20,-13],[-19,-15],[-16,-20],[-15,-17],[-21,-23],[-25,-33],[-28,-46],[-28,-71],[-8,-25],[-19,-48],[-11,-51],[-6,-55],[-7,-51],[-1,-51],[5,-54],[3,-54],[4,-52],[5,-52],[8,-50],[12,-49],[14,-52],[14,-49],[19,-79],[21,-74],[14,-48],[8,-26],[6,-28],[3,-52],[2,-26],[-1,-27],[-3,-51],[-5,-52],[-10,-82],[-8,-82],[-6,-50],[-13,-70],[-11,-54],[-10,-52],[-17,-50],[-7,-24],[-22,-47],[-10,-23],[-7,-26],[-10,-24],[-18,-48],[-25,-45],[-26,-42],[-26,-41],[-30,-43],[-22,-47],[-21,-39],[-8,-21],[-8,-31],[1,-22],[13,-29],[24,-24],[22,-13],[22,-7],[46,-7],[48,1],[46,-6],[23,-3],[22,-13],[38,-30],[15,-20],[10,-26],[1,-25],[1,-52],[-8,-53],[-14,-55],[-21,-73],[-17,-48],[-11,-22],[-13,-21],[-14,-20],[-19,-17],[-26,-13],[-45,-1],[-23,-6],[-21,-14],[-17,-19],[-3,-25],[7,-25],[18,-23],[24,-15],[25,-5],[29,-10],[32,-17],[46,-20],[52,-37],[37,-26],[39,-28],[39,-25],[19,-17],[15,-20],[28,-43],[7,-24],[2,-26],[-7,-26],[-10,-23],[-13,-22],[-18,-18],[-37,-34],[-34,-35],[-19,-18],[-15,-21],[-13,-22],[-14,-23],[-11,-24],[-10,-23],[-20,-26],[-24,-37],[-21,-39],[-21,-41],[-16,-42],[-5,-22],[-5,-23],[1,-24],[2,-22],[11,-41],[8,-21],[48,-71],[12,-18],[21,-38],[24,-37],[32,-48],[35,-31],[21,-13],[13,-5],[17,1],[10,2],[19,7],[33,26],[34,23],[31,28],[27,31],[15,16],[22,38],[11,18],[10,22],[14,42],[8,45],[9,46],[0,46],[-2,23],[-12,44],[-11,23],[-7,20],[-3,22],[-4,24],[-15,47],[-4,5],[-2,11],[-14,48],[-7,29],[-4,25],[-3,54],[-1,54],[2,27],[7,25],[22,47],[18,18],[19,17],[42,27],[45,10],[47,5],[23,-1],[45,-14],[42,-23],[40,-29],[35,-35],[20,-16],[15,-14],[72,-128],[59,-137],[9,-29],[5,-23],[3,-25],[2,-22],[0,-48],[4,-20],[0,-23],[-5,-42],[-1,-48],[-6,-46],[-5,-46],[-5,-46],[-6,-22],[-13,-45],[-11,-43],[-12,-45],[-12,-42],[-13,-45],[-27,-62],[-18,-45],[-12,-14],[-8,-22],[-5,-2],[-4,-14],[-5,-11],[-11,-9],[-9,-19],[-29,-35],[-26,-36],[-14,-17],[-27,-34],[-30,-32],[-30,-30],[-45,-45],[-64,-60],[-31,-30],[-14,-18],[-7,-23],[-4,-20],[-2,-25],[6,-48],[3,-47],[5,-49],[8,-45],[8,-46],[6,-23],[10,-20],[14,-18],[16,-21],[13,-9],[15,-9],[27,-6],[44,8],[61,25],[37,19],[42,20],[18,11],[24,21],[18,11],[33,22],[35,19],[34,19],[48,30],[35,22],[33,23],[55,31],[36,20],[41,20],[19,6],[34,12],[38,12],[19,11],[36,17],[38,14],[38,8],[21,2],[21,1],[18,-8],[15,-16],[15,-15],[10,-16],[11,-28],[12,-26],[13,-30],[10,-25],[12,-28],[11,-33],[22,-36],[18,-43],[23,-34],[12,-18],[19,-11],[21,-1],[19,-2],[18,11],[31,29],[34,20],[18,8],[19,-5],[19,-14],[12,-18],[13,-47],[8,-42],[0,-43],[2,-44],[1,-43],[2,-49],[-3,-25],[2,-48],[-1,-45],[1,-22],[-3,-26],[-3,-56],[2,-60],[-4,-27],[-5,-57],[-10,-56],[-14,-81],[-9,-27],[-24,-48],[-18,-19],[-23,-4],[-19,4],[-24,6],[-20,21],[-34,41],[-35,43],[-35,37],[-37,42],[-16,19],[-20,18],[-20,17],[-22,14],[-48,16],[-22,12],[-25,5],[-49,0],[-25,-4],[-23,-7],[-20,-16],[-20,-16],[-6,-27],[-5,-20],[-1,-37],[3,-29],[8,-52],[10,-58],[22,-50],[20,-51],[13,-27],[17,-20],[19,-17],[44,-30],[22,-7],[26,-16],[44,-20],[26,-5],[23,-10],[48,-8],[74,-16],[75,-18],[72,-13],[51,-10],[51,-9],[24,-6],[80,-34],[13,-18],[-2,-31],[-2,-28],[-9,-40],[-10,-30],[-16,-35],[-22,-50],[-15,-25],[-16,-18],[-43,-32],[-20,-16],[-33,-8],[-35,-3],[-24,-1],[-25,3],[-26,4],[-23,4],[-29,7],[-36,10],[-21,13],[-25,10],[-44,24],[-24,11],[-44,27],[-42,30],[-43,27],[-20,16],[-21,18],[-22,14],[-42,30],[-23,12],[-45,23],[-23,10],[-26,2],[-23,-7],[-21,-15],[-14,-22],[-13,-25],[-25,-56],[-2,-52],[10,-56],[12,-55],[8,-26],[10,-26],[29,-46],[30,-46],[21,-19],[24,-20],[32,-30],[43,-26],[43,-26],[44,-26],[42,-25],[25,-10],[43,-28],[44,-27],[40,-35],[37,-36],[34,-41],[17,-24],[29,-37],[30,-55],[16,-20],[26,-50],[24,-47],[21,-52],[8,-25],[24,-49],[25,-50],[16,-20],[9,-13],[9,-21],[18,-46],[16,-48],[6,-24],[4,-24],[3,-28],[-4,-21],[-22,-15],[-20,-5],[-22,-2],[-21,0],[-44,-4],[-42,-9],[-22,-6],[-40,-17],[-39,-25],[-38,-23],[-17,-16],[-30,-35],[-16,-21],[-22,-43],[-16,-45],[-9,-22],[-12,-34],[-12,-37],[-15,-40],[-12,-50],[-10,-21],[-15,-47],[-13,-44],[-13,-50],[-13,-48],[-17,-71],[-8,-48],[-16,-46],[-13,-47],[-14,-46],[-12,-23],[-16,-15],[-22,-8],[-20,3],[-20,8],[-37,26],[-35,27],[-36,29],[-19,13],[-40,18],[-20,13],[-19,5],[-22,2],[-18,-8],[-22,-26],[-12,-18],[-10,-23],[-14,-45],[-14,-46],[-16,-46],[-18,-44],[-24,-66],[-15,-48],[-8,-46],[-8,-46],[-4,-23],[-10,-46],[-12,-48],[-1,-47],[-4,-37],[0,-38],[0,-24],[0,-28],[5,-20],[15,-23],[15,-16],[33,-29],[40,-19],[39,-19],[20,-9],[38,-25],[18,-13],[16,-16],[25,-26],[19,-17],[17,-18],[27,-49],[5,-33],[1,-43],[-2,-43],[-6,-68],[-6,-34],[-9,-38],[-13,-34],[-14,-32],[-18,-35],[-18,-30],[-29,-28],[-30,-32],[-27,-31],[-33,-52],[-21,-36],[-11,-29],[-5,-37],[-5,-38],[9,-37],[18,-54],[15,-42],[18,-46],[17,-53],[19,-59],[22,-68],[22,-66],[19,-58],[19,-64],[15,-27],[20,-25],[20,-19],[19,-9],[41,0],[49,8],[59,8],[49,3],[31,-7],[28,-10],[20,-15],[12,-20],[9,-25],[-2,-24],[-6,-24],[-16,-39],[-27,-47],[-31,-49],[-38,-50],[-48,-71],[-19,-19],[-25,-49],[-30,-49],[-16,-22],[-20,-22],[-21,-17],[-22,-5],[-22,3],[-23,17],[-62,43],[-34,19],[-21,8],[-23,3],[-25,1],[-32,-9],[-16,-20],[-10,-24],[-2,-32],[3,-33],[-2,-32],[8,-23],[12,-55],[10,-55],[9,-42],[9,-59],[6,-48],[3,-32],[4,-44],[0,-55],[-4,-57],[-6,-30],[-8,-43],[-13,-58],[-12,-46],[-14,-57],[-8,-26],[-21,-81],[-4,-28],[-2,-26],[4,-30],[7,-38],[9,-36],[12,-66],[5,-56],[4,-54],[-4,-34],[-1,-38],[-3,-23],[-6,-21],[-14,-7],[-14,-6],[-11,-2],[-7,-1],[-15,-6],[-24,0],[-27,8],[-50,29],[-40,24],[-41,28],[-33,20],[-21,11],[-14,3],[-30,-7],[-39,-30],[-19,-16],[-7,-8],[-11,-19],[-19,-34],[-16,-45],[-4,-9],[-13,-29],[-13,-50],[-7,-15],[-9,-57],[-8,-59],[3,-39],[2,-23],[8,-24],[1,-4],[5,-9],[4,-6],[36,-34],[35,-28],[27,-13],[42,-28],[46,-20],[49,-22],[58,-21],[36,-22],[35,-16],[19,-14],[13,-14],[-2,-27],[-9,-25],[-16,-36],[-8,-11],[-45,-49],[-15,-18],[-14,-20],[-38,-34],[-39,-31],[-45,-23],[-45,-17],[-50,-9],[-25,-3],[-24,-1],[-47,3],[-47,6],[-22,6],[-22,7],[-43,25],[-34,40],[-27,43],[-22,13],[-23,17],[-24,3],[-22,4],[-22,-8],[-25,-7],[-34,-40],[-21,-51],[-17,-55],[-16,-53],[-16,-50],[-18,-79],[-12,-58],[-11,-53],[-19,-53],[-19,-16],[-24,-12],[-21,7],[-63,27],[-45,16],[-48,13],[-47,-8],[-25,-34],[18,-66],[38,-33],[42,-27],[45,-25],[40,-26],[40,-29],[41,-29],[12,-23],[9,-25],[5,-58],[1,-55],[-9,-52],[-5,-26],[-15,-55],[-18,-49],[-20,-48],[-19,-51],[-11,-23],[-14,-51],[-7,-56],[13,-24],[10,-23],[39,-40],[43,-24],[22,-9],[22,-10],[45,-22],[46,-20],[44,-22],[22,-15],[20,-16],[37,-36],[12,-28],[1,-29],[-7,-28],[-7,-29],[-13,-22],[-16,-22],[-36,-37],[-39,-35],[-40,-38],[-40,-37],[-20,-19],[-23,-20],[-19,-49],[-3,-9],[-4,-23],[19,-50],[15,-30],[12,-28],[15,-45],[17,-42],[25,-84],[6,-26],[4,-44],[3,-47],[-2,-24],[-5,-21],[-11,-14],[-13,-11],[-18,-9],[-24,-6],[-29,-3],[-29,2],[-31,4],[-43,19],[-32,19],[-32,17],[-24,15],[-28,27],[-22,22],[-18,23],[-20,29],[-19,27],[-25,32],[-17,20],[-17,18],[-17,10],[-18,13],[-24,8],[-24,1],[-18,-10],[-19,-13],[-16,-18],[-15,-22],[-12,-24],[-5,-16],[-13,-52],[-6,-23],[-16,-31],[-20,-34],[-15,-15],[-16,-8],[-19,-5],[-18,4],[-21,8],[-24,15],[-34,26],[-38,29],[-24,17],[-14,8],[-18,4],[-20,-6],[-16,-14],[-14,-20],[-11,-25],[-2,-35],[3,-30],[8,-33],[10,-46],[14,-53],[8,-35],[9,-43],[7,-40],[3,-41],[3,-29],[1,-37],[-4,-27],[-6,-23],[-7,-16],[-30,-27],[-45,-26],[-23,-16],[-34,-27],[-23,-28],[-14,-27],[-31,-77],[-7,-28],[-12,-37],[-9,-35],[-7,-37],[-8,-29],[-5,-24],[1,-31],[12,-24],[16,-20],[24,-24],[28,-20],[37,-25],[26,-14],[25,-15],[45,-29],[16,-10],[39,-28],[34,-23],[37,-27],[44,-28],[30,-19],[45,-12],[32,-6],[50,-17],[38,-13],[39,-10],[25,-11],[23,-14],[15,-17],[5,-19],[2,-29],[-7,-43],[-8,-46],[-8,-27],[-15,-51],[-10,-36],[-21,-51],[-9,-23],[-18,-30],[-22,-29],[-21,-24],[-16,-14],[-19,-12],[-32,-6],[-58,5],[-55,6],[-32,7],[-38,5],[-31,2],[-27,3],[-25,3],[-37,-7],[-44,-6],[-29,-6],[-30,-11],[-37,-19],[-19,-14],[-25,-20],[-2,-20],[-3,-27],[3,-36],[7,-53],[4,-28],[16,-43],[11,-27],[17,-47],[17,-44],[16,-38],[18,-41],[19,-48],[15,-30],[13,-24],[8,-10],[15,-17],[16,-21],[28,-23],[19,-17],[25,-7],[26,-5],[130,38],[37,11],[58,12],[52,8],[79,11],[57,8],[46,2],[41,-3],[37,-5],[36,-8],[30,-11],[23,-15],[19,-19],[13,-14],[10,-27],[2,-29],[-5,-24],[-30,-44],[-30,-47],[-33,-47],[-37,-53],[-30,-48],[-29,-45],[-20,-39],[-17,-31],[-20,-52],[-10,-29],[-5,-32],[-4,-34],[0,-55],[6,-28],[9,-28],[17,-34],[28,-35],[30,-30],[35,-33],[27,-31],[21,-27],[16,-24],[8,-25],[1,-31],[-7,-25],[-22,-20],[-21,-8],[-32,-9],[-35,-3],[-32,1],[-29,6],[-31,11],[-26,13],[-70,41],[-26,15],[-25,3],[-20,-5],[-14,-11],[-34,-55],[-11,-30],[-8,-31],[-2,-30],[-2,-26],[-1,-20],[-1,-24],[-11,-30],[-20,-51],[-12,-32],[-15,-34],[-21,-33],[-29,-48],[-23,-31],[-16,-22],[-23,-20],[-21,-31],[-12,-24],[-16,-20],[-41,-43],[-36,-49],[-15,-20],[-13,-24],[-9,-22],[-4,-23],[-15,-54],[-7,-44],[-5,-36],[-2,-44],[4,-47],[7,-63],[8,-55],[8,-53],[7,-43],[0,-42],[-7,-39],[-7,-36],[-19,-50],[-16,-42],[-16,-51],[-18,-56],[-9,-40],[-8,-34],[-3,-46],[-1,-58],[-2,-49],[0,-56],[-4,-57],[-5,-51],[-9,-53],[-8,-47],[-12,-40],[-20,-54],[-17,-51],[-1,-50],[10,-25],[14,-22],[21,-21],[32,-32],[28,-33],[26,-24],[28,-16],[31,-16],[35,-19],[21,-11],[46,-19],[22,-9],[30,-14],[36,-16],[26,-17],[18,-15],[12,-14],[9,-15],[10,-23],[14,-41],[9,-53],[6,-21],[3,-20],[-1,-22],[-10,-32],[-25,-40],[-19,-24],[-32,-31],[-37,-37],[-29,-29],[-29,-31],[-18,-17],[-36,-21],[-22,-21],[-36,-29],[-37,-32],[-33,-30],[-39,-35],[-40,-34],[-38,-29],[-34,-26],[-33,-29],[-20,-16],[-14,-16],[-19,-32],[-8,-15],[-10,-28],[0,-18],[5,-30],[8,-21],[18,-39],[20,-33],[28,-44],[20,-16],[23,-9],[38,-6],[32,-7],[24,-4],[22,-8],[33,-19],[21,-13],[20,-16],[15,-19],[16,-23],[14,-38],[13,-35],[13,-42],[7,-24],[9,-26],[19,-40],[25,-50],[16,-31],[8,-16],[28,-53],[32,-58],[21,-36],[23,-43],[2,-6],[12,-9],[20,-47],[18,-46],[10,-34],[13,-40],[7,-40],[5,-38],[5,-53],[5,-50],[4,-60],[3,-49],[8,-43],[12,-46],[17,-46],[23,-44],[23,-46],[17,-48],[16,-43],[16,-42],[10,-26],[14,-19],[22,-16],[23,-10],[31,-9],[30,-5],[61,-6],[44,-6],[26,-4],[19,-5],[27,-17],[24,-11],[18,-16],[13,-16],[9,-26],[4,-28],[0,-30],[-2,-31],[-4,-38],[-14,-70],[-10,-44],[-12,-41],[-12,-36],[-14,-41],[-18,-39],[-13,-34],[-16,-25],[-21,-36],[-32,-37],[-35,-35],[-24,-20],[-23,-16],[-29,-16],[-29,-15],[-15,-10],[-21,-26],[-16,-25],[-16,-33],[-8,-38],[-6,-40],[-10,-51],[-9,-57],[-3,-26],[-2,-60],[3,-26],[6,-23],[17,-18],[20,-10],[26,-4],[32,2],[39,3],[42,7],[43,10],[42,15],[35,15],[38,14],[33,14],[28,8],[22,2],[27,-1],[19,-4],[16,-7],[14,-16],[10,-19],[6,-19],[5,-33],[1,-27],[-1,-51],[-4,-26],[-4,-19],[-11,-27],[-10,-22],[-12,-22],[-14,-19],[-17,-22],[-19,-18],[-30,-25],[-30,-21],[-28,-25],[-30,-22],[-28,-23],[-24,-20],[-22,-17],[-14,-21],[-11,-14],[-15,-23],[-11,-33],[5,-22],[8,-22],[14,-23],[14,-17],[13,-20],[17,-19],[25,-20],[37,-22],[41,-28],[34,-21],[33,-21],[35,-25],[24,-14],[31,-31],[21,-25],[16,-20],[16,-30],[17,-34],[7,-25],[5,-26],[-1,-28],[-6,-26],[-8,-15],[-24,-26],[-29,-31],[-30,-28],[-27,-29],[-25,-31],[-22,-29],[-20,-32],[-10,-25],[-9,-32],[-5,-39],[0,-34],[3,-30],[12,-50],[10,-34],[3,-6],[3,-5],[5,-10],[12,-23],[21,-38],[23,-35],[25,-31],[28,-30],[19,-24],[27,-25],[24,-20],[35,-26],[29,-23],[22,-18],[27,-26],[17,-19],[16,-22],[13,-20],[5,-10],[8,-24],[18,-47],[17,-49],[28,-55],[12,-26],[18,-35],[7,-19],[20,-27],[20,-28],[22,-34],[15,-28],[13,-28],[7,-27],[9,-38],[8,-38],[0,-54],[-1,-61],[0,-40],[3,-46],[2,-41],[1,-39],[6,-34],[8,-29],[13,-39],[12,-35],[10,-33],[12,-38],[16,-35],[20,-41],[19,-36],[15,-29],[13,-31],[11,-31],[12,-37],[6,-32],[10,-34],[4,-28],[3,-53],[-3,-26],[-13,-54],[-8,-42],[-14,-37],[-11,-43],[-18,-44],[-18,-42],[-16,-38],[-12,-32],[-11,-42],[-11,-32],[-12,-43],[-17,-35],[-22,-46],[-19,-47],[-14,-37],[-24,-48],[7,-94],[76,-96],[219,-184],[84,-131],[63,-214],[48,-272],[49,-95],[13,-16],[16,-21],[33,-44],[20,-38],[17,-35],[13,-35],[9,-21],[7,-51],[3,-27],[-4,-25],[-7,-28],[-7,-28],[-12,-22],[-23,-26],[-44,-39],[-20,-14],[-14,-7],[-17,-14],[-21,-14],[-21,-14],[-30,-29],[-26,-30],[-33,-39],[-19,-22],[-14,-23],[-15,-55],[-11,-41],[-3,-28],[-2,-26],[-6,-32],[1,-25],[6,-30],[3,-26],[1,-29],[-1,-28],[-1,-29],[-5,-31],[-13,-55],[-9,-28],[-24,-51],[-27,-49],[-25,-49],[-13,-23],[-17,-24],[-31,-45],[-24,-47],[-21,-52],[-18,-52],[-4,-27],[-3,-29],[2,-28],[13,-54],[11,-29],[7,-25],[17,-51],[23,-49],[27,-47],[14,-22],[13,-27],[39,-68],[38,-72],[13,-27],[10,-26],[8,-28],[5,-29],[3,-29],[2,-58],[-3,-29],[-5,-29],[-19,-54],[-13,-28],[-15,-21],[-21,-24],[-16,-16],[-21,-11],[-40,-4],[-36,3],[-38,5],[-41,2],[-46,-1],[-30,-2],[-31,1],[-46,-10],[-20,-15],[-18,-20],[-12,-26],[-1,-55],[3,-57],[7,-59],[7,-56],[7,-57],[4,-36],[4,-27],[11,-25],[25,-50],[30,-45],[22,-22],[35,-29],[42,-32],[21,-19],[15,-21],[15,-24],[11,-26],[6,-27],[1,-26],[-3,-58],[-1,-56],[8,-55],[7,-30],[10,-25],[24,-49],[24,-48],[12,-27],[7,-25],[1,-29],[-9,-26],[-20,-25],[-21,-15],[-22,-9],[-46,-15],[-50,-16],[-69,-25],[-23,-14],[-42,-32],[-23,-29],[-8,-47],[4,-29],[8,-29],[10,-27],[14,-20],[36,-43],[38,-36],[21,-15],[23,-12],[24,-8],[27,-3],[25,2],[48,12],[46,21],[68,36],[25,9],[22,9],[24,7],[27,1],[27,-2],[22,-7],[25,-16],[17,-21],[14,-22],[15,-53],[17,-25],[21,10],[20,17],[15,21],[23,103],[47,93],[13,22],[35,37],[10,4],[36,-2],[21,-14],[31,-41],[33,-37],[28,-44],[28,-45],[29,-41],[17,-20],[11,-22],[8,-25],[6,-28],[3,-26],[-1,-27],[-6,-25],[-10,-24],[-12,-24],[-33,-37],[-16,-20],[-26,-43],[-27,-43],[-22,-47],[-2,-27],[-6,-54],[11,-27],[18,-15],[24,0],[46,4],[50,5],[24,-1],[25,1],[21,-6],[22,-8],[21,-13],[15,-24],[2,-16],[1,-34],[-20,-50],[-28,-42],[-32,-40],[-23,-25],[-12,-21],[-14,-23],[-29,-43],[-28,-40],[-14,-21],[-26,-73],[-18,-51],[-29,-70],[-20,-48],[-24,-106],[-2,-23],[4,-56],[10,-81],[10,-77],[6,-51],[3,-54],[0,-19],[1,-61],[-3,-54],[-3,-53],[-3,-25],[-8,-26],[-9,-26],[-11,-26],[-12,-22],[-22,-5],[-45,8],[-48,17],[-23,7],[-28,12],[-33,17],[-24,5],[-23,5],[-23,9],[-23,8],[-33,7],[-32,-2],[-32,-2],[-23,-11],[-27,-15],[-23,-15],[-32,-35],[-31,-36],[-31,-41],[-40,-57],[-18,-15],[-23,-28],[-26,-30],[-25,-26],[-25,-16],[-21,-11],[-23,-4],[-19,2],[-60,13],[-45,14],[-45,13],[-48,6],[-47,1],[-34,-1],[-50,-8],[-47,-7],[-34,-12],[-20,-16],[-18,-23],[-15,-31],[-5,-26],[1,-27],[6,-28],[23,-42],[27,-50],[32,-58],[32,-66],[25,-50],[23,-48],[14,-42],[16,-45],[7,-24],[16,-106],[25,-113],[22,-51],[26,-52],[22,-18],[44,-29],[44,-27],[42,-31],[19,-16],[18,-21],[8,-25],[-9,-25],[-32,-44],[-34,-42],[-14,-24],[-11,-28],[-9,-54],[9,-56],[7,-27],[4,-28],[-3,-54],[-8,-26],[-13,-23],[-21,-20],[-66,-30],[-101,-15],[-97,-19],[-50,-5],[-26,-7],[-23,-10],[-14,-22],[-4,-31],[-1,-18],[30,-61],[41,-39],[20,-12],[23,-10],[23,-9],[21,-17],[33,-42],[18,-24],[8,-24],[10,-25],[11,-54],[7,-26],[8,-58],[8,-57],[12,-54],[9,-30],[11,-24],[30,-48],[33,-40],[19,-23],[14,-22],[28,-75],[9,-28],[2,-58],[-7,-27],[-4,-29],[-12,-25],[-20,-23],[-17,-17],[-41,-29],[-41,-26],[-21,-14],[-35,-35],[-22,-49],[3,-50],[23,-47],[31,-38],[29,-45],[28,-41],[23,-47],[11,-24],[10,-25],[14,-50],[8,-53],[-1,-27],[-11,-22],[-58,-44],[-22,-15],[-19,-18],[-26,-41],[-14,-53],[9,-26],[10,-24],[14,-22],[65,-78],[32,-35],[33,-41],[27,-42],[16,-19],[9,-28],[0,-23],[-14,-24],[-14,-22],[-48,-57],[-33,-37],[-81,-98],[-31,-40],[-17,-18],[-17,-18],[-29,-42],[-15,-22],[-11,-25],[-6,-26],[6,-41],[24,-30],[18,-16],[40,-26],[44,-24],[21,-10],[46,-14],[21,-7],[49,1],[48,2],[49,2],[24,-5],[47,0],[48,5],[45,12],[45,12],[25,0],[22,0],[23,-8],[20,-49],[10,-50],[9,-51],[3,-48],[17,-87],[3,-27],[6,-58],[14,-83],[19,-109],[14,-54],[9,-56],[10,-54],[10,-56],[5,-29],[2,-28],[4,-59],[-3,-31],[-2,-26],[-11,-57],[-10,-31],[-20,-51],[-24,-52],[-9,-27],[-6,-27],[-5,-28],[11,-30],[24,-50],[22,-50],[20,-53],[21,-51],[13,-25],[31,-46],[8,-22],[8,-20],[10,-39],[-2,-27],[-17,-55],[-13,-25],[-26,-47],[-45,-71],[-30,-47],[-40,-36],[-17,-17],[-24,-13],[-27,-4],[-26,0],[-22,9],[-23,11],[-37,38],[-38,42],[-36,34],[-43,31],[-24,8],[-26,-2],[-23,-13],[-21,-16],[-16,-23],[-19,-54],[-4,-29],[1,-58],[8,-62],[7,-55],[11,-59],[13,-57],[7,-39],[18,-46],[16,-25],[11,-23],[37,-34],[63,-9],[50,16],[47,26],[45,21],[43,26],[49,23],[27,5],[24,-11],[10,-26],[7,-60],[2,-37],[2,-26],[6,-28],[9,-24],[27,-48],[16,-19],[18,-14],[6,-5],[16,-12],[20,-18],[15,-18],[23,-23],[11,-3],[14,-23],[27,-46],[19,-54],[23,-60],[26,-47],[39,-77],[28,-51],[30,-42],[39,-44],[38,-42],[39,-48],[39,-49],[39,-40],[51,-40],[50,-40],[42,-38],[31,-31],[25,-31],[18,-19],[22,-19],[27,-18],[18,-7],[20,5],[30,13],[36,21],[30,23],[31,19],[33,16],[19,6],[39,0],[36,2],[30,1],[27,7],[28,12],[29,21],[29,34],[25,35],[41,32],[25,17],[24,6],[34,4],[42,0],[31,-4],[22,1],[28,5],[19,11],[25,27],[31,37],[30,33],[34,21],[32,29],[32,26],[63,42],[19,0],[19,-4],[26,-15],[36,-23],[16,-23],[12,-17],[9,-25],[-3,-48],[-14,-37],[-19,-38],[-24,-39],[-20,-27],[-8,-25],[-3,-28],[9,-24],[23,-14],[46,-12],[22,-12],[25,-13],[24,-20],[18,-37],[18,-165],[-16,-121],[-49,-100],[-14,-25],[-18,-17],[-16,-15],[-35,-9],[-70,-6],[-54,-4],[-18,-15],[-27,-12],[-14,-21],[-6,-36],[3,-43],[1,-26],[6,-26],[7,-29],[1,-49],[-3,-75],[-7,-26],[-10,-26],[-22,-43],[-30,-41],[-14,-20],[-20,-44],[-7,-48],[-3,-24],[13,-48],[17,-42],[7,-22],[26,-41],[14,-18],[12,-19],[19,-46],[4,-23],[0,-24],[-7,-29],[-30,-29],[-15,-18],[-64,-10],[-21,2],[-41,14],[-38,24],[-37,24],[-23,4],[-20,-6],[-19,-15],[-13,-25],[-7,-45],[-9,-48],[-20,-67],[-12,-49],[-9,-48],[-1,-26],[4,-50],[19,-39],[11,-30],[27,-38],[33,-30],[16,-15],[41,-50],[30,-38],[26,-42],[29,-63],[29,-60],[10,-22],[14,-21],[33,-30],[55,-41],[36,-25],[41,-19],[38,-24],[6,-24],[1,-27],[-3,-27],[-19,-40],[-13,-31],[-9,-5],[-4,-3],[-8,-10],[-32,-43],[-23,-39],[-11,-20],[-9,-22],[1,-24],[13,-43],[19,-45],[7,-23],[5,-13],[7,-23],[10,-29],[9,-53],[4,-28],[1,-54],[0,-59],[-2,-57],[-2,-81],[0,-31],[10,-55],[6,-41],[17,-15],[17,-12],[48,-12],[52,6],[24,7],[35,14],[42,8],[24,-6],[20,-12],[16,-18],[11,-23],[7,-25],[7,-55],[7,-57],[4,-55],[9,-56],[12,-52],[7,-26],[11,-26],[19,-13],[33,-36],[20,-17],[23,-3],[65,-32],[38,-22],[45,-25],[40,-22],[43,-19],[61,-30],[44,-22],[46,-24],[22,-12],[20,-15],[39,-44],[10,-54],[-5,-26],[-9,-26],[-17,-55],[-26,-51],[-22,-53],[-16,-53],[-9,-22],[-5,-31],[-4,-28],[7,-29],[12,-25],[41,-65],[2,-30],[-10,-29],[-16,-21],[-22,-18],[-21,-12],[-44,-20],[-29,-7],[-20,-13],[-26,-10],[-21,-18],[-34,-63],[-2,-28],[-11,-55],[-7,-57],[-12,-55],[-34,-69],[-10,-28],[2,-27],[19,-50],[16,-17],[65,-51],[49,-8],[51,11],[47,19],[50,10],[26,1],[21,-10],[21,-18],[12,-28],[-1,-58],[-4,-25],[-19,-52],[-27,-49],[-26,-44],[-28,-48],[-31,-78],[-11,-26],[-26,-45],[-7,-55],[-7,-59],[4,-85],[8,-28],[17,-52],[28,-51],[33,-41],[32,-44],[14,-23],[26,-51],[37,-73],[40,-75],[40,-70],[30,-46],[50,-63],[15,-24],[17,-39],[13,-68],[-3,-29],[-9,-56],[-8,-26],[-8,-20],[-8,-9],[-16,-16],[-1,-1],[-36,-41],[-20,-19],[-19,-17],[-21,-18],[-65,-48],[-62,-47],[-44,-29],[-43,-30],[-46,-20],[-48,-19],[-48,-14],[-24,3],[-26,-2],[-24,-6],[-35,-41],[-11,-24],[-6,-35],[-1,-40],[23,-53],[29,-48],[28,-49],[37,-72],[17,-21],[38,-74],[19,-52],[28,-80],[19,-52],[13,-58],[-1,-25],[-6,-59],[-11,-26],[-27,-47],[-22,-52],[-23,-54],[-10,-55],[-11,-117],[12,-82],[11,-54],[17,-54],[20,-51],[20,-53],[22,-49],[24,-53],[22,-48],[23,-53],[19,-50],[5,-14],[14,-47],[5,-29],[6,-27],[10,-106],[3,-82],[3,-52],[3,-77],[5,-28],[18,-50],[25,-46],[29,-38],[17,-16],[41,-24],[43,-19],[23,-8],[65,-38],[15,-18],[6,-25],[-14,-22],[-29,-42],[-33,-34],[-18,-18],[-11,-25],[-5,-53],[-2,-29],[5,-54],[7,-53],[14,-23],[18,-48],[9,-26],[3,-26],[-3,-26],[-35,-73],[-34,-40],[-30,-45],[-46,-66],[-32,-75],[-16,-57],[-12,-54],[-4,-54],[1,-82],[2,-55],[1,-57],[-2,-52],[-8,-49],[-7,-23],[-18,-61],[-30,-37],[-36,-80],[-41,-77],[-22,-36],[-11,-20],[-34,-53],[-31,-59],[-23,-61],[-15,-44],[-7,-23],[-2,-45],[11,-69],[6,-23],[18,-39],[23,-39],[41,-50],[28,-35],[23,-35],[24,-41],[18,-41],[28,-86],[11,-69],[-1,-46],[-3,-48],[-19,-40],[-24,-38],[-30,-31],[-35,-27],[-34,-19],[-19,-12],[-42,-7],[-41,-3],[-41,4],[-62,10],[-21,3],[-41,-4],[-22,-1],[-19,-3],[-15,-15],[-15,-43],[3,-23],[23,-59],[12,-18],[46,-44],[37,-19],[27,-7],[30,-5],[22,4],[42,5],[40,3],[23,-2],[21,0],[59,-24],[35,-24],[34,-26],[17,-11],[98,-12],[39,15],[77,32],[20,4],[20,-1],[21,-4],[42,-15],[32,-20],[17,-15],[37,-38],[38,-42],[5,-26],[22,-50],[19,-50],[8,-28],[0,-50],[0,-21],[0,-51],[-12,-52],[-7,-26],[-12,-22],[-28,-46],[-24,-47],[-9,-55],[-12,-49],[-17,-51],[-13,-23],[-17,-17],[-21,-11],[-22,-10],[-23,-4],[-49,1],[-22,-2],[-40,-2],[-30,-13],[-44,-18],[-46,-4],[-22,-14],[-12,-22],[-4,-25],[-23,-47],[-16,-23],[-36,-36],[-39,-30],[-24,-5],[-46,-3],[-48,2],[-49,-9],[-69,-17],[-89,-31],[-44,-20],[-39,-30],[-19,-15],[-24,-48],[-24,-48],[-27,-46],[-23,-46],[-29,-43],[-27,-50],[-14,-22],[-29,-52],[-14,-24],[-33,-47],[-25,-50],[-24,-51],[-8,-27],[-17,-52],[-15,-58],[-18,-85],[-14,-56],[-19,-53],[-16,-59],[-11,-57],[-13,-26],[-19,-16],[-44,-29],[-51,-7],[-69,-19],[-25,-20],[-15,-15],[-7,-19],[-7,-8],[-5,-22],[-10,-38],[-4,-51],[-2,-43],[-1,-41],[-1,-28],[-11,-39],[-20,-30],[-13,-14],[-16,-9],[-21,-2],[-19,3],[-27,9],[-50,22],[-36,30],[-23,23],[-11,16],[-7,14],[-6,17],[-8,51],[-9,64],[-11,68],[-1,6],[-7,14],[-36,44],[-24,16],[-27,9],[-24,-1],[-26,-4],[-49,-14],[-47,-20],[-45,-27],[-22,-16],[-6,-7],[-9,-16],[-26,-12],[-48,-11],[-59,-20],[-48,-12],[-45,-13],[-28,-13],[-12,-7],[-9,-14],[-4,-14],[0,-10],[4,-13],[11,-33],[25,-69],[24,-65],[18,-58],[11,-36],[10,-51],[-3,-30],[-9,-31],[-10,-20],[-23,-16],[-20,-12],[-28,1],[-28,6],[-29,16],[-53,38],[-78,60],[-105,100],[-104,85],[-33,28],[-31,38],[-17,28],[-14,33],[-14,52],[-15,91],[-13,61],[-21,67],[-15,27],[-21,22],[-21,14],[-21,5],[-24,-2],[-52,-6],[-94,-10],[-64,-5],[-63,-7],[-50,-10],[-48,-20],[-36,-38],[-26,-56],[-12,-42],[-11,-35],[-5,-31],[-6,-49],[-6,-37],[-25,-70],[-35,-63],[-28,-44],[-53,-48],[-76,-54],[-70,-44],[-64,-30],[-61,-19],[-57,-12],[-66,-10],[-41,-13],[-40,-22],[-17,-18],[-15,-32],[-13,-45],[-12,-62],[-13,-67],[-6,-29],[-9,-24],[-14,-19],[-21,-21],[-23,-22],[-31,-27],[-64,-60],[-61,-55],[-74,-62],[-57,-48],[-48,-44],[-41,-45],[-23,-25],[-32,-30],[-30,-35],[-20,-19],[-29,-34],[-17,-27],[-14,-28],[-11,-35],[-10,-43],[-6,-43],[-3,-75],[-1,-70],[-1,-47],[0,-13],[-1,-27],[0,-16],[1,-42],[10,-60],[11,-48],[16,-62],[13,-52],[30,-106],[31,-103],[24,-76],[26,-58],[20,-31],[33,-47],[60,-54],[62,-47],[58,-44],[40,-21],[27,-5],[30,-1],[21,2],[22,-2],[19,-12],[47,-34],[48,-37],[39,-41],[43,-51],[25,-35],[21,-41],[27,-53],[40,-81],[34,-70],[38,-92],[31,-78],[31,-70],[27,-72],[17,-29],[21,-26],[28,-29],[31,-24],[26,-16],[32,-7],[44,-2],[53,-4],[45,-10],[48,-16],[34,-18],[40,-38],[37,-34],[35,-59],[33,-52],[32,-53],[20,-45],[23,-51],[25,-32],[31,-82],[17,-66],[20,-46],[27,-46],[32,-36],[47,-36],[59,-35],[42,-20],[15,-15],[5,-20],[2,-25],[-6,-10],[-16,-17],[-36,-25],[-26,-17],[-38,-30],[-37,-33],[-27,-28],[-18,-23],[-16,-35],[-6,-30],[2,-37],[16,-42],[48,-89],[48,-62],[42,-51],[30,-39],[27,-33],[14,-13],[17,-7],[23,2],[18,8],[22,26],[29,28],[31,35],[22,27],[21,17],[22,15],[18,4],[10,2],[13,-5],[13,-4],[11,-8],[9,-10],[8,-16],[5,-21],[0,-23],[0,-27],[1,-26],[2,-24],[4,-42],[3,-21],[4,-14],[8,-14],[15,-1],[16,7],[15,15],[11,19],[16,27],[11,26],[13,37],[10,38],[8,41],[12,37],[10,26],[17,37],[15,29],[20,36],[17,24],[24,14],[22,4],[16,-6],[14,-16],[10,-21],[15,-43],[9,-34],[7,-55],[3,-42],[4,-54],[6,-39],[8,-38],[12,-36],[13,-25],[22,-17],[29,-14],[25,2],[20,7],[14,11],[14,16],[16,25],[15,29],[13,27],[8,25],[6,24],[1,20],[-1,31],[-4,17],[-17,44],[-13,31],[-15,28],[-8,35],[-6,35],[-5,46],[-5,39],[0,41],[4,27],[7,29],[10,24],[15,14],[16,12],[27,6],[27,5],[35,7],[28,-3],[31,-8],[34,-13],[38,-21],[24,-24],[22,-27],[26,-39],[15,-40],[17,-75],[19,-69],[24,-70],[19,-62],[13,-51],[20,-67],[23,-99],[19,-76],[7,-48],[7,-52],[7,-49],[18,-79],[11,-44],[11,-41],[12,-34],[8,-16],[15,-14],[20,-12],[18,2],[23,4],[19,11],[19,11],[14,17],[12,16],[21,21],[25,30],[20,23],[24,32],[23,51],[25,68],[26,84],[16,43],[30,74],[24,53],[29,58],[30,57],[28,53],[46,66],[35,45],[25,33],[24,31],[25,17],[18,7],[24,1],[18,-3],[15,-9],[11,-13],[7,-21],[10,-29],[1,-48],[-1,-73],[1,-48],[6,-48],[4,-42],[0,-37],[-6,-51],[-9,-58],[-9,-52],[-11,-55],[-11,-64],[-12,-68],[-12,-53],[-10,-46],[-14,-41],[-11,-33],[-13,-34],[-15,-24],[-22,-20],[-23,-17],[-47,-31],[-81,-45],[-42,-27],[-33,-16],[-42,-18],[-30,-12],[-21,-10],[-18,-12],[-15,-14],[-8,-13],[-7,-19],[-1,-26],[1,-22],[6,-17],[12,-24],[17,-23],[23,-19],[29,-23],[44,-21],[34,-7],[44,-4],[33,0],[50,2],[41,5],[42,11],[41,11],[33,5],[38,5],[37,2],[42,-3],[21,-8],[19,-10],[10,-14],[11,-26],[2,-17],[-2,-17],[-3,-23],[-4,-17],[-6,-22],[-7,-23],[-19,-47],[-17,-32],[-20,-29],[-21,-33],[-21,-29],[-20,-34],[-17,-27],[-12,-37],[-6,-20],[-9,-45],[-7,-27],[-6,-37],[-4,-41],[4,-20],[3,-25],[15,-36],[22,-46],[40,-69],[43,-60],[33,-46],[31,-49],[28,-64],[21,-47],[16,-60],[20,-83],[21,-65],[26,-62],[22,-36],[25,-23],[28,-8],[39,-6],[41,-3],[33,-10],[29,-16],[30,-37],[13,-48],[15,-73],[10,-82],[9,-56],[6,-59],[3,-57],[6,-52],[-7,-113],[-2,-74],[-2,-46],[0,-75],[1,-63],[-6,-51],[-13,-57],[-15,-47],[-15,-33],[-17,-31],[-22,-18],[-23,-12],[-29,-10],[-20,-10],[-23,-11],[-16,-15],[-14,-20],[-8,-14],[-8,-24],[-2,-25],[7,-17],[21,-20],[38,-30],[39,-32],[33,-37],[32,-53],[32,-62],[24,-64],[11,-88],[12,-54],[0,-41],[-4,-76],[-3,-75],[-4,-55],[-7,-62],[-6,-39],[-10,-41],[-5,-24],[-11,-13],[-19,-8],[-29,18],[-36,29],[-35,26],[-39,28],[-44,16],[-31,6],[-51,2],[-45,2],[-38,2],[-42,-8],[-31,-6],[-20,-15],[-21,-19],[-13,-28],[-2,-29],[-5,-24],[8,-32],[17,-12],[56,-34],[64,-36],[79,-49],[90,-52],[65,-26],[66,-29],[46,-21],[46,-37],[28,-38],[13,-32],[-2,-24],[-7,-40],[-7,-40],[-10,-39],[-23,-53],[-20,-52],[-17,-49],[-23,-45],[-22,-54],[-21,-59],[-10,-53],[-14,-64],[-17,-57],[-20,-45],[-34,-64],[-15,-34],[-24,-24],[-31,-20],[-43,-19],[-56,-10],[-48,-2],[-50,-7],[-54,-3],[-51,-6],[-32,1],[-33,-10],[-22,-12],[-23,-31],[-4,-31],[-1,-32],[6,-21],[19,-18],[41,-19],[57,-21],[51,-12],[78,-3],[67,-3],[60,-3],[67,-15],[63,-17],[35,-12],[23,-15],[8,-22],[4,-32],[-4,-32],[-7,-45],[-11,-53],[-13,-75],[-17,-86],[-33,-132],[-22,-77],[-9,-35],[-8,-47],[-6,-53],[3,-34],[8,-26],[9,-20],[32,-12],[34,8],[58,6],[83,22],[127,47],[66,24],[54,11],[50,4],[30,-14],[23,-16],[34,-53],[39,-80],[33,-59],[31,-59],[28,-54],[31,-57],[23,-53],[29,-76],[18,-55],[21,-67],[10,-61],[10,-57],[16,-101],[18,-102],[16,-145],[6,-56],[11,-118],[9,-95],[9,-64],[4,-54],[5,-53],[7,-59],[6,-28],[15,-23],[22,-30],[40,-32],[36,-18],[43,-26],[27,-23],[20,-28],[18,-37],[19,-39],[19,-43],[24,-80],[21,-58],[9,-49],[10,-64],[2,-58],[6,-77],[9,-45],[8,-51],[19,-48],[18,-55],[21,-34],[23,-27],[119,-113],[207,-81],[190,-57],[146,-62],[312,-82],[300,-144],[90,-65],[98,-102]],[[490289,11481],[-22,-2],[-8,0],[-24,-1],[-217,-13],[-220,-16],[-219,-13],[-218,-11],[-132,-6],[-72,-5],[-19,0],[-222,-15],[-131,-10],[-197,-9],[-165,-9],[-164,-10],[-221,-13],[-219,-8],[-219,-17],[-223,-14],[-218,-10],[-219,-15],[-220,-14],[-221,-14],[-284,-21],[-297,-16],[-206,-13],[-167,-14],[-51,3],[-217,-13],[-219,-14],[-219,-17],[-218,-13],[-223,-14],[-221,-14],[-198,-11],[-147,-10],[-126,-10],[-150,-7],[-223,-15],[-217,-12],[-219,-16],[-220,-16],[-201,-11],[-18,-1],[-133,39],[-206,62],[-159,47],[-77,25],[-22,8],[-57,14],[-199,59],[-160,52],[-74,23],[-132,39],[-206,65],[-204,64],[-205,62],[-211,64],[-123,37],[-80,28],[-212,63],[-218,69],[-203,67],[-210,64],[-210,64],[-209,62],[-158,53],[-202,59],[-204,63],[-68,21],[-140,45],[-170,51],[-146,46],[-213,65],[-95,29],[-93,27],[-118,36],[-212,69],[-214,62],[-217,65],[-136,16],[-129,14],[-191,16],[-210,18],[-5,2],[-102,7],[-209,21],[-221,17],[-190,20],[-226,18],[-225,23],[-188,14],[-174,14],[-45,4],[-222,23],[-216,21],[-222,19],[-212,20],[-227,23],[-210,22],[-225,19],[-212,22],[-227,20],[-210,20],[-225,19],[-214,20],[-227,20],[-214,20],[-226,20],[-224,18],[-127,12],[-105,8],[-221,22],[-223,20],[-165,16],[-166,83],[-164,89],[-207,106],[-201,107],[-232,132],[-245,118],[-183,93],[-50,28],[-170,94],[-168,93],[-171,82],[-167,94],[-175,84],[-167,85],[-170,91],[-170,83],[-164,96],[-164,79],[-169,86],[-202,109],[-204,107],[-113,58],[-261,140],[-136,68],[-199,107],[-207,112],[-203,107],[-204,106],[-18,9],[-128,69],[-18,6],[-196,106],[-207,106],[-216,113],[-388,197],[-206,105],[-202,107],[-44,22],[-121,64],[-160,85],[-166,86],[-225,148],[-167,108],[-101,67],[-122,81],[-245,163],[-171,110],[-116,76],[-37,24],[-94,60],[-74,48],[-56,37],[-92,59],[-167,110],[-145,95],[-159,102],[-80,53],[-87,57],[-121,79],[-124,78],[-174,117],[-107,69],[-143,93],[-210,139],[-180,117],[-40,25],[-193,114],[-151,103],[-94,51],[-261,177],[-163,100],[-153,93],[-209,137],[-149,97],[-191,121],[-197,125],[-166,101],[-160,101],[-6,6],[-215,140],[-198,126],[-162,101],[-212,97],[-169,77],[-89,38],[-15,6],[-180,81],[-29,13],[-29,14],[-68,29],[-226,105],[-51,25],[-203,90],[-40,196],[-54,309],[-50,252],[-21,117],[-19,92],[-33,173],[-48,249],[-31,172],[-28,118],[-19,127],[-4,19],[-7,28],[-19,108],[-35,181],[-22,126],[-28,141],[-37,196],[-66,340],[-10,50],[-14,60],[-1,27],[-8,59],[-25,131],[-38,203],[-26,128],[-30,161],[-20,104],[-66,345],[-66,341],[-65,337],[-65,338],[-63,341],[-83,230],[-109,319],[-113,324],[-112,321],[-65,189],[-39,99],[-7,33],[-110,319],[-63,181],[-37,104],[-45,128],[-3,14],[-35,96],[-20,53],[-5,15],[-2,17],[-20,47],[-7,27],[-58,162],[-44,126],[-110,317],[-110,317],[-112,323],[-35,272],[-38,267],[-40,305],[-36,269],[-49,324],[-5,64],[-8,55],[-10,85],[-10,77],[-29,232],[-37,279],[-36,253],[-36,276],[-2,14],[-25,182],[-39,267],[-24,197],[-27,218],[-28,187],[-28,177],[-36,282],[-140,194],[-162,229],[-93,127],[-90,127],[-34,32],[-84,113],[-129,177],[-59,83],[-135,192],[-108,158],[-141,193],[-54,79],[-83,119],[-51,70],[-138,193],[-117,161],[-138,-125],[-122,-115],[-69,-64],[-233,-217],[-126,-110],[-197,-184],[-36,-44],[-80,-75],[-61,-54],[-164,-150],[-141,-132],[-40,-41],[-96,-88],[-144,-132],[-77,-79],[-76,-66],[-56,-52],[-93,-83],[-55,-52],[-100,-92],[-63,-60],[-246,-230],[-139,-131],[-15,0],[-64,-60],[-186,-174],[-140,-132],[-162,-149],[-107,-98],[-146,-139],[-216,-201],[-250,-229],[-88,-86],[-62,-56],[-81,-77],[-124,-115],[-130,-120],[-283,-47],[-283,-38],[-99,-18],[-145,-18],[-61,-11],[-99,-14],[-168,-27],[-95,-16],[-105,-16],[-117,-17],[-72,-9],[-72,-11],[-52,-10],[-127,-18],[-107,-18],[-28,-1],[-82,-10],[-202,-30],[-292,-44],[-167,-25],[-140,-21],[-271,-36],[-80,-13],[-84,-11],[-124,-19],[-181,-25],[-135,-19],[-262,-38],[-47,-8],[-59,-7],[-108,-19],[-97,-14],[-143,-17],[-72,-12],[-118,-14],[-23,-5],[-65,-11],[-84,-16],[-48,-3],[-38,-8],[-149,-19],[-277,-42],[-62,-25],[-9,-4],[-150,-73],[-115,-57],[-30,-14],[-157,-78],[-140,-64],[-136,-65],[-167,-80],[-172,17],[-164,23],[-121,43],[-159,116],[-289,100],[-149,54],[-238,82],[-68,26],[-81,30],[-74,28],[-125,44],[-60,190],[-20,62],[-18,54],[-25,78],[-16,52],[-28,94],[-60,188],[-48,156],[-66,204],[-119,370],[-69,214],[-44,142],[-41,120],[-37,126],[-22,74],[-37,109],[-29,98],[-34,96],[-42,146],[-33,99],[-38,116],[-30,99],[-14,44],[-38,120],[-88,269],[-74,231],[-56,179],[-24,79],[-20,60],[-7,28],[-33,104],[-59,176],[-47,150],[-39,116],[-20,67],[-29,92],[-16,55],[-33,96],[-42,133],[-24,79],[-25,85],[-34,89],[-35,119],[-43,139],[-61,196],[-52,161],[-45,142],[-27,79],[-33,107],[-23,65],[-31,101],[-20,61],[-10,32],[-15,50],[-20,65],[-92,298],[-187,180],[-104,107],[-81,78],[-81,76],[-42,46],[-59,53],[-31,33],[-53,48],[-75,77],[-189,181],[-182,176],[-52,56],[-22,25],[-35,36],[-42,40],[-56,54],[-150,151],[-141,140],[-100,98],[-94,84],[-109,-197],[-64,-114],[-24,-53],[-47,-76],[-77,-148],[-19,-40],[-29,-47],[-104,-196],[-48,-91],[-47,-86],[-101,-180],[-59,-118],[-32,-59],[-14,-25],[-33,-55],[-46,-94],[-84,-157],[-72,-127],[-69,-124],[-100,-188],[-20,-36],[-55,-100],[-126,-223],[-100,-187],[-124,-229],[-143,-261],[-115,-216],[-190,26],[-200,24],[-324,38],[-167,18],[-179,23],[-69,8],[-185,24],[-53,5],[-55,7],[-114,14],[-81,8],[-79,10],[-266,31],[-104,12],[-103,12],[-120,13],[-106,11],[-65,8],[-18,0],[-120,15],[-92,11],[-71,7],[-108,14],[-51,5],[-82,9],[-33,9],[-72,9],[-86,9],[-50,5],[-80,12],[-108,11],[-131,17],[-110,14],[-109,9],[-63,10],[-69,7],[-98,12],[-125,15],[-198,23],[-87,12],[-89,9],[-57,4],[-74,11],[-233,29],[-247,26],[-222,28],[-116,12],[-208,26],[-108,11],[-74,10],[-176,18],[-125,16],[-85,7],[-72,10],[-184,21],[-135,16],[-60,8],[-39,2],[-95,12],[-221,27],[-23,3],[-79,8],[-77,8],[-73,7],[-69,9],[-68,10],[-249,28],[-228,27],[-56,6],[-94,11],[-75,8],[-55,8],[-234,24],[-20,0],[-164,-39],[-85,-20],[-110,-26],[-81,-19],[-88,-21],[-85,-20],[-89,-21],[-62,-14],[-60,-18],[-71,-15],[-73,-17],[-42,-9],[-43,-9],[-100,-27],[-172,-40],[-92,-23],[-50,-14],[-56,-14],[-59,-14],[-64,-16],[-44,-11],[-42,-10],[-56,-12],[-30,-4],[-32,-5],[-80,-23],[-141,-29],[-103,-26],[-38,-9],[-108,-25],[-71,-15],[-195,-47],[-219,-57],[-236,-54],[-103,-26],[-72,-19],[-75,-16],[-58,-15],[-49,-8],[-42,-12],[-65,-17],[-112,-26],[-56,-14],[-142,-32],[-272,-63],[-94,132],[-71,116],[-60,84],[-152,229],[-143,221],[-76,117],[-149,220],[-57,93],[-46,61],[-70,116],[-156,236],[-51,77],[-67,104],[-69,104],[-53,77],[-48,56],[-35,69],[-49,73],[-76,117],[-5,7],[-47,66],[-114,171],[-97,210],[-4,27],[-87,182],[-39,89],[-135,293],[-82,183],[-146,313],[-42,94],[-67,149],[-104,232],[-60,126],[-213,83],[-228,92],[-233,90],[-279,112],[-198,77],[-271,107],[-267,107],[-327,128],[-271,107],[-252,99],[-121,50],[-160,72],[-163,73],[-55,23],[-57,27],[-168,75],[-174,77],[-252,113],[-141,68],[-19,32],[-7,78],[-2,52],[0,222],[0,141],[-4,223],[1,8],[-41,98],[-119,159],[-28,44],[-112,230],[-54,114],[-93,100],[-101,152],[-92,120],[-107,259],[-66,277],[-17,157],[-30,250],[8,140],[5,45],[77,121],[58,82],[86,41],[78,32],[114,48],[43,37],[7,65],[-84,121],[-131,122],[-73,67],[-156,204],[-41,133],[-13,108],[-1,30],[4,52],[0,50],[20,89],[14,41],[27,93],[6,8],[65,71],[2,12],[-4,12],[-50,77],[-22,47],[-17,25],[-22,23],[-29,18],[-44,22],[-44,41],[-54,39],[-39,21],[-27,32],[-37,21],[-3,1],[-26,3],[-67,5],[-88,10],[-47,-2],[-80,-18],[-125,-21],[-103,-34],[-164,-61],[-70,-37],[-102,-139],[-134,-176],[-93,-121],[-132,-35],[-116,10],[-14,-6],[-20,-11],[-321,-157],[-37,-14],[-101,-37],[-393,-106],[-284,-22],[-340,27],[-332,16],[-41,8],[-24,6],[-465,117],[-435,101],[-416,67],[-427,60],[-34,-6],[-19,2],[-30,11],[-68,44],[-138,98],[-58,52],[-119,135],[-49,76],[-13,27],[-12,24],[-27,42],[-29,43],[-35,46],[-253,226],[-154,110],[-239,155],[-69,42],[-72,33],[-482,235],[-25,18],[-78,56],[-408,262],[-267,115],[-148,42],[-208,34],[-74,12],[-152,10],[-115,-8],[-288,-46],[-56,12],[-39,-6],[-25,-5],[-69,-29],[-375,-101],[-82,-13],[-74,-20],[-442,-119],[-76,-16],[-73,-25],[-450,-258],[-74,-27],[-97,-34],[-28,-12],[-71,-21],[-569,-12],[-128,29],[-475,94],[-537,132],[-223,159],[-26,-31],[-202,132],[-233,180],[-119,128],[40,234],[-361,59],[-473,-77],[-245,-36],[-24,-6],[-22,-7],[-395,-113],[-215,-101],[-344,-160],[-406,-185],[4,-74],[-441,-173],[-15,-5],[-35,-17],[-186,-72],[-454,-27],[-56,7],[-596,107],[-398,90],[-57,13],[-45,9],[-40,3],[-276,16],[-200,-36],[-491,-90],[-552,-145],[-166,-10],[-62,-10],[-26,-2],[-29,-3],[-128,-19],[-315,-44],[-308,-43],[-3,29],[-643,135],[-331,-36],[-78,-36],[-20,-11],[-16,-3],[-372,-149],[-365,-241],[-443,-307],[-122,-80],[-26,-16],[-21,-16],[-31,-19],[50,-114],[-424,-192],[-88,-34],[-16,-3],[-39,-14],[-97,-37],[-488,-190],[-556,-216],[-24,-14],[-579,-330],[-68,-42],[-16,-9],[-43,-25],[-582,-522],[-152,-141],[-84,-78],[-38,-30],[-401,-270],[-364,-248],[-138,-126],[-20,-12],[-28,-17],[-179,-112],[-543,-356],[-663,-469],[-188,-135],[-170,-122],[-97,-87],[-4,-6],[-20,-17],[-39,-34],[-571,-293],[-320,-147],[-461,-114],[-271,-13],[-110,-34],[-36,-7],[-23,-6],[-237,-52],[-538,-151],[-627,-122],[-4,179],[-293,35],[-123,23],[-25,6],[-477,99],[-480,-24],[-570,-149],[-135,-67],[-117,-59],[-9,-1],[-23,-10],[-443,-199],[-444,-349],[-449,-233],[59,-193],[-23,-7],[-112,-34],[-28,-8],[-578,-122],[-483,-102],[-332,2],[-525,-144],[-165,-46],[-129,-50],[-124,-38],[-379,-89],[-31,-13],[-368,-148],[-450,-258],[-458,-172],[-32,16],[-11,2],[-21,9],[-86,33],[-446,170],[-722,153],[-421,28],[-135,10],[-13,0],[-23,1],[-183,10],[-386,-22],[-768,6],[-470,-58],[-15,-2],[-23,-2],[-49,-7],[-578,-176],[-537,-272],[-236,-123],[-193,-93],[-13,35],[-198,-75],[-17,-6],[-17,-6],[-216,-76],[-458,-117],[-705,-216],[-160,-52],[-289,-96],[-22,-9],[-521,-174],[52,-226],[-206,-90],[-584,-138],[-429,-22],[-112,-24],[-11,-1],[-17,-3],[-54,-11],[-7,214],[-516,20],[-561,131],[-582,49],[8,48],[-118,66],[-20,10],[-269,145],[-426,75],[-133,36],[-31,9],[-17,3],[-89,19],[-460,120],[-2,0],[-252,-8],[-71,-19],[-57,-15],[-133,-41],[-141,-68],[-29,-17],[-22,-11],[-567,-256],[-365,-98],[-600,-347],[-17,-8],[-367,-135],[-691,-237],[-644,-208],[-108,-68],[-7,-11],[-16,-9],[-252,-152],[-90,138],[-481,-439],[-165,-149],[-14,-14],[-278,-267],[-299,-343],[-202,-194],[-28,-28],[-13,-13],[33,-119],[-59,-23],[-27,-11],[-465,-194],[-599,-354],[-482,-239],[-158,-44],[-82,-23],[-83,-20],[-208,-33],[3,-44],[-77,-27],[-114,-47],[-294,-214],[-483,-302],[-617,-263],[-408,-233],[-765,-371],[-136,-71],[-160,-83],[-343,4],[-346,1],[-25,173],[-582,9],[-698,23],[-647,-113],[-733,-286],[-559,-297],[-94,-66],[-505,-321],[-193,-181],[-574,-839],[-210,-413],[-55,-107],[-271,-513],[133,-134],[-567,-666],[-268,-466],[-528,-648],[-32,-75],[-260,-599],[-264,-351],[-91,-114],[-86,-103],[59,-63],[-81,-116],[-79,-149],[-62,-116],[-195,-510],[-343,-508],[-283,-341],[-560,-406],[-32,-15],[-540,-245],[-632,-420],[-686,-578],[-93,155],[-71,-61],[-78,-85],[-234,-213],[-554,-527],[-47,-83],[-36,-43],[-16,-21],[-13,-16],[-313,-417],[-460,-315],[-50,-28],[-32,-17],[-271,-152],[-169,-99],[-256,-222],[-19,-17],[-170,-169],[-337,-335],[-115,-159],[-11,-17],[-198,-282],[-75,72],[-230,-400],[-6,-13],[-92,-162],[-96,-147],[-201,-288],[-31,-42],[-15,-34],[-157,-360],[-27,-58],[-169,-299],[-13,-20],[-13,-23],[-58,-84],[-148,-313],[-93,-479],[-148,-503],[-205,-544],[-7,-20],[-10,-28],[-8,-18],[-9,-21],[-41,32],[-18,14],[-91,72],[-51,-75],[-15,-19],[-98,-133],[-12,-17],[-123,-164],[-197,-265],[-430,-563],[-295,-469],[-138,-317],[-11,-25],[-4,-14],[-10,-32],[-57,-130],[-129,-335],[180,-261],[-639,-804],[-161,-193],[-156,-214],[-12,-17],[-10,-13],[-71,-97],[-280,-351],[-402,-489],[-536,-416],[-184,-98],[-19,-11],[-11,-6],[-341,-176],[-59,-27],[-690,-313],[-130,174],[-185,-181],[-8,-7],[-264,-256],[-109,-101],[-20,-21],[-26,-34],[-10,-12],[-296,-358],[-274,-470],[-211,-526],[-56,-164],[-14,-44],[-87,-256],[-152,-566],[-197,-325],[-237,-266],[-121,-194],[-171,-176],[-13,-10],[-287,-185],[-31,-23],[-12,-10],[-453,-283],[-317,-188],[-169,-117],[-271,-187],[-271,-172],[-33,-20],[-11,-7],[-132,-82],[-266,-202],[-448,-218],[-487,-147],[-404,-103],[-27,152],[-27,2],[-35,2],[-478,-5],[-502,43],[-397,-20],[-360,-6],[-73,0],[-35,-4],[-14,0],[-367,-10],[-466,-29],[-11,0],[-383,-145],[-531,-353],[-433,-351],[-488,-477],[41,-92],[-523,-206],[-479,-186],[-44,-30],[-298,-186],[-498,-287],[-105,-83],[-447,-367],[-261,-187],[-411,-319],[-344,-318],[-367,-333],[-364,-324],[-453,-214],[-136,-46],[-24,-11],[-334,-40],[-293,1],[-178,31],[-112,20],[-24,-135],[-559,46],[-384,127],[-133,18],[-318,44],[-383,-29],[-37,117],[-266,-138],[-62,186],[-579,-199],[-215,-77],[-505,-151],[-432,-141],[-134,-45],[-203,-136],[-279,-185],[-73,-56],[-201,-162],[-193,-155],[-23,-15],[-569,-256],[27,-192],[-233,-47],[-436,-90],[-214,-39],[-19,-4],[-212,-84],[-224,-95],[-17,-6],[-506,-164],[-317,-95],[-143,-15],[-305,-102],[-74,-25],[-435,-84],[-452,-49],[-404,46],[-240,105],[-124,54],[-213,99],[-18,8],[-152,-39],[-142,-15],[-81,17],[-286,170],[-226,99],[-409,180],[-329,223],[-361,271],[-39,46],[-319,382],[6,2],[-320,367],[-333,365],[-231,162],[-216,152],[-95,58],[-132,79],[-214,131],[-269,108],[-246,130],[-289,183],[-357,154],[32,106],[-180,184],[-111,140],[-144,181],[-64,91],[-228,295],[-91,114],[-132,172],[-163,245],[-124,184],[37,41],[-4,4],[-132,118],[-202,185],[-335,296],[-248,212],[-222,107],[-29,10],[-106,40],[-163,41],[-244,63],[-115,28],[-94,22],[-221,45],[-138,29],[-112,22],[-44,10],[-48,21],[-222,73],[-81,26],[-210,72],[-267,90],[-202,68],[-150,50],[-199,70],[-420,126],[-179,86],[-240,116],[-190,92],[-352,156],[-417,142],[-346,35],[4,-219],[-349,-45],[-207,-77],[-184,-69],[-138,-46],[-295,-130],[-136,-59],[-80,-35],[-36,100],[-33,93],[-136,-84],[-131,-78],[-47,-27],[-186,-103],[-105,-59],[20,-84],[-53,-24],[-34,-18],[-102,-46],[-77,-35],[-185,-99],[-89,-52],[-287,-101],[-436,-161],[0,-67],[-417,49],[-476,65],[-195,84],[-152,111],[-25,-72],[-299,122],[-492,124],[-534,79],[-372,102],[-158,26],[-282,111],[-372,227],[-314,392],[-336,408],[15,41],[-269,180],[-224,267],[-99,118],[-231,142],[-411,294],[73,100],[-103,126],[-90,203],[-185,383],[-77,112],[-77,113],[-132,49],[-123,45],[-289,164],[-332,27],[-356,22],[-74,4],[-371,42],[-418,-25],[-400,104],[-357,68],[-471,-32],[-35,-3],[-192,-15],[-163,-62],[-149,-118],[-179,-86],[-188,-141],[-172,-168],[-27,-555],[19,-150],[-554,11],[-324,-79],[-69,-22],[-283,-88],[-232,-134],[-233,-84],[-277,-42],[-416,-172],[-244,-129],[-74,-22],[-264,-75],[-207,-40],[-327,-27],[-572,-61],[-470,84],[-250,119],[-300,143],[-292,169],[-311,125],[-335,66],[-391,1],[-483,-89],[-280,-88],[-91,-20],[-213,-46],[-436,-141],[37,-120],[5,-14],[-299,-235],[-393,-305],[-460,-412],[-417,-324],[-400,-234],[-403,-239],[-378,-245],[-237,-63],[-66,-14],[-390,-101],[-378,-13],[-438,123],[-379,161],[-448,245],[-476,304],[-507,431],[-446,415],[-156,117],[-150,110],[-273,293],[-66,75],[-221,315],[-358,396],[78,110],[-544,471],[-171,131],[0,0],[0,0],[-234,179],[-313,322],[-365,437],[-56,67],[-557,470],[-270,152],[-185,129],[-24,43],[-152,72],[-575,284],[-405,149],[-460,186],[-13,8],[-223,82],[-26,10],[-142,54],[-328,111],[-342,114],[-450,125],[-457,72],[-87,21],[-8,-1],[-60,14],[-37,-107],[-617,167],[-409,87],[-517,101],[-194,53],[-11,1],[-24,8],[-293,76],[-680,243],[15,224],[-515,-138],[-327,-170],[-8,-4],[-9,-3],[-18,-13],[-209,-132],[-386,-275],[-368,-213],[-379,-260],[-340,-219],[-31,-18],[-13,-10],[-89,-56],[-13,-8],[-21,-12],[-392,-228],[-374,-170],[-449,-269],[-96,251],[-71,-13],[-37,-7],[-41,-14],[-49,-20],[-51,-21],[-47,-22],[-48,-16],[-51,-15],[-54,-19],[-37,-12],[-11,-4],[-18,-6],[-50,-17],[-43,-16],[-66,-24],[-58,-25],[-57,-23],[-58,-19],[-60,-22],[-61,-24],[-63,-23],[-75,-26],[-64,-23],[-46,-13],[-47,-14],[-30,-6],[-27,0],[-40,-8],[-52,-15],[-74,-26],[-58,-22],[-54,-13],[-83,-17],[-80,-26],[-70,-26],[-88,-39],[-69,-34],[-71,-36],[-53,-27],[-52,-36],[-49,-39],[-51,-40],[-3,-3],[-61,-51],[-11,-14],[-13,-17],[-8,-10],[-51,-50],[-28,-31],[-25,-33],[-18,-29],[-31,-43],[-25,-39],[-27,-35],[-45,-52],[-28,-41],[-29,-37],[-26,-33],[-29,-41],[-28,-39],[-38,-51],[-6,-10],[-9,-9],[-10,-18],[-24,-36],[-25,-35],[-19,-33],[-12,-32],[-3,-15],[3,-42],[2,-23],[-6,-31],[-10,-23],[-17,-25],[-20,-29],[-25,-24],[-40,-32],[-35,-24],[-38,-27],[-43,-29],[-39,-23],[-30,-20],[-37,-26],[-22,-11],[-18,-13],[-29,-24],[-30,-25],[-35,-27],[-30,-24],[-30,-24],[-37,-29],[-28,-24],[-40,-38],[-38,-33],[-37,-33],[-25,-23],[-10,-20],[-6,-30],[-3,-37],[-6,-15],[-12,-31],[-26,-52],[-49,-77],[-100,-104],[136,-294],[-247,-149],[-212,-168],[-16,-13],[-11,-7],[-19,-14],[-152,-100],[-5,-3],[-11,-6],[-20,-16],[-271,-232],[-222,-171],[-402,-381],[-355,-215],[-374,-13],[-13,0],[-42,-1],[-92,-2],[-471,117],[-121,38],[-50,18],[-58,20],[-46,17],[-63,4],[-40,4],[-40,6],[-32,3],[-38,1],[-40,-3],[-38,0],[-35,5],[-36,5],[-40,13],[-39,16],[-34,20],[-40,28],[-37,16],[-360,-23],[-25,-2],[-13,1],[-11,-1],[-169,-57],[-483,-110],[-477,-66],[-577,-143],[-593,-179],[-698,-176],[-267,-129],[-284,-41],[-125,-5],[-15,-1],[-26,-4],[-539,-65],[-444,-120],[-257,-147],[-23,-13],[-47,-20],[-27,-11],[-365,-134],[-132,-10],[-193,-19],[-373,8],[-484,-68],[-184,-68],[-209,-78],[-337,-70],[-25,-2],[-4,0],[-7,-1],[-60,-2],[-276,23],[-403,7],[-866,283],[-231,153],[-221,138],[-317,200],[-243,202],[-37,-70],[-309,185],[-373,169],[-323,143],[-13,6],[-6,-1],[-19,6],[-45,13],[-571,198],[-269,66],[-398,50],[-350,14],[-175,29],[-15,2],[-11,3],[-22,5],[-234,54],[-76,29],[-310,245],[-251,272],[-40,41],[-20,18],[-224,263],[76,138],[-224,253],[-336,240],[-152,108],[-18,13],[-12,10],[-315,165],[-44,23],[-205,75],[-537,231],[-396,163],[-267,115],[-65,25],[-596,187],[-23,13],[-335,193],[-489,272],[-356,186],[-35,18],[-10,8],[-198,108],[-383,205],[-384,122],[-373,147],[-42,17],[-403,151],[-42,15],[-42,24],[-457,50],[-525,-11],[-216,9],[-199,-1],[-420,3],[-28,1],[-114,0],[-422,-5],[-407,103],[-481,179],[-62,19],[-324,99],[-34,7],[-93,23],[-40,9],[-19,5],[-147,40],[-432,43],[-366,108],[-532,93],[-184,34],[-595,198],[-420,204],[-457,333],[-552,233],[-475,266],[63,157],[-519,242],[-252,132],[-477,374],[-19,15],[-15,13],[-52,-156],[-381,168],[-644,169],[-615,215],[-507,288],[-470,302],[-185,257],[-161,269],[-108,279],[-219,347],[101,214],[-330,108],[-80,-4],[-636,62],[-518,-22],[-533,98],[-329,89],[-388,26],[-408,28],[-338,-54],[-4,-88],[-530,30],[-158,-31],[-425,-83],[-377,-116],[-337,-121],[-337,-121],[-507,-212],[-377,-139],[-65,-33],[-57,-22],[-521,-117],[-523,-119],[-280,0],[-381,100],[-635,235],[-463,233],[-83,326],[-307,-403],[-355,62],[-378,171],[-394,182],[94,255],[-420,129],[-30,16],[-26,14],[-27,14],[-212,115],[-131,72],[-133,72],[-129,82],[-142,89],[-265,201],[-14,13],[-351,316],[-319,271],[-494,484],[103,143],[-307,343],[-304,277],[-323,185],[-135,80],[-528,186],[-31,-130],[-470,201],[-17,-48],[-534,175],[-460,96],[-502,120],[-989,612],[-408,216],[-261,133],[-13,4],[-161,40],[-213,53],[-459,65],[-390,96],[-246,-53],[1,30],[-194,-27],[-659,-166],[-316,-5],[-39,-1],[-171,-2],[-574,-249],[-263,-32],[-85,4],[-516,53],[-376,64],[-250,24],[-28,2],[-314,30],[-628,62],[-609,-5],[-289,-8],[1,-28],[-261,-17],[-329,-42],[-653,-87],[-397,-20],[-431,-30],[-340,-29],[-9,93],[-263,-34],[-454,-101],[-527,-226],[-611,-425],[-87,-59],[-29,-20],[-44,-30],[-401,-170],[-590,26],[-456,-193],[-489,-228],[-180,-117],[-396,-250],[-487,-226],[-188,-88],[-95,-46],[-242,-114],[-632,-300],[-485,-277],[-614,-364],[-559,-325],[-532,-309],[-434,-240],[-215,-64],[-207,-63],[-7,0],[-866,-142],[-677,-157],[-549,-94],[-456,-70],[-295,-19],[-2,-151],[-408,-75],[-431,-50],[-246,-27],[-179,-20],[1,41],[-634,25],[45,179],[-577,260],[27,183],[-324,84],[-697,112],[-567,70],[-533,183],[-186,41],[-576,158],[-67,-213],[-479,253],[-65,-136],[-493,236],[-348,135],[-148,74],[-260,128],[-72,-124],[-340,375],[84,163],[-286,188],[-440,175],[-9,5],[-120,87],[-499,118],[-370,14],[-366,9],[-374,82],[-347,125],[-347,150],[-330,172],[-355,164],[-146,71],[-296,143],[-134,54],[-177,129],[-84,74],[-126,129],[-24,-19],[-214,250],[-216,399],[-369,517],[-336,693],[-269,586],[94,57],[-57,185],[33,15],[-49,242],[-67,360],[-74,175],[-103,8],[-11,306],[-14,365],[20,471],[-32,12],[332,950],[221,730],[9,476],[187,-27],[187,466],[118,247],[130,268],[140,367],[77,92],[88,860],[-195,87],[207,516],[128,413],[138,399],[200,995],[8,44],[86,729],[13,42],[16,57],[221,968],[173,338],[-100,83],[178,221],[249,355],[340,405],[95,-113],[71,58],[238,129],[398,130],[255,50],[572,340],[289,160],[272,152],[418,132],[449,145],[349,82],[367,81],[358,116],[468,142],[58,-269],[464,63],[589,162],[582,186],[27,9],[24,8],[277,90],[355,222],[382,499],[-156,186],[23,29],[254,352],[259,316],[242,392],[135,225],[13,22],[55,92],[129,214],[157,349],[143,321],[267,728],[195,540],[2,18],[11,423],[1,30],[1,63],[0,28],[-82,407],[-166,411],[-70,306],[-190,395],[-213,281],[-17,23],[-16,23],[-223,283],[-18,19],[-276,308],[-656,415],[-826,250],[-23,7],[-20,6],[-106,36],[-302,94],[-435,44],[-1020,29],[-28,-2],[-150,1],[-274,1],[-736,69],[-633,48],[-619,228],[-174,125],[-22,16],[-110,85],[-295,275],[-314,240],[-268,199],[-21,17],[-35,23],[-324,225],[-282,287],[-268,313],[-309,355],[-7,14],[-26,28],[-214,242],[-207,200],[-153,153],[-22,20],[-15,11],[-145,144],[-292,203],[-325,206],[-346,196],[19,45],[-280,175],[-124,77],[-85,73],[-179,152],[-179,154],[-29,-47],[-95,78],[-96,77],[-172,92],[-172,92],[-178,63],[-177,62],[-178,60],[-179,59],[-170,84],[-170,84],[-66,61],[-66,60],[-4,4],[-27,25],[-172,160],[-201,166],[-201,165],[-267,245],[-30,27],[-124,127],[-125,126],[-25,26],[-13,8],[-116,117],[-255,266],[-138,149],[-186,224],[-196,253],[-262,324],[-143,160],[23,18],[23,19],[-144,159],[-145,160],[-75,117],[-72,117],[-71,117],[-129,162],[-264,343],[-134,180],[-83,34],[-82,34],[5,35],[4,35],[-28,11],[-28,10],[-14,13],[-20,7],[-167,68],[-168,68],[-349,124],[-339,74],[-185,28],[-184,27],[-367,65],[-98,3],[-244,4],[-244,4],[-1,0],[-153,2],[-335,42],[-314,86],[-139,96],[-139,97],[-224,144],[-151,167],[-228,240],[-228,240],[-48,72]],[[142239,57211],[-86,128],[-68,228],[-29,302],[10,306],[10,315],[97,402],[108,302],[228,556],[207,562],[87,304],[38,129],[4,48],[3,28],[18,213],[5,52],[1,29],[-1,59],[-2,238],[0,67],[-5,91],[-12,342],[-2,64],[-4,31],[-10,51],[-73,360],[-13,55],[-13,66],[-7,19],[-23,58],[-99,255],[-105,266],[-32,83],[-27,48],[-107,179],[-25,42],[-42,43],[-143,144],[-64,68],[-51,25],[-249,134],[-128,67],[-165,84],[-124,65],[-291,153],[-383,212],[-75,45],[-121,72],[-49,19],[-60,20],[-84,23],[-228,47],[-27,7],[-25,5],[-40,-3],[-215,-14],[-93,-7],[-194,-11],[-81,-2],[-132,-2],[-353,-8],[-29,-1],[-21,0],[-44,12],[-265,80],[-294,89],[-65,19],[-30,9],[-14,4],[-18,10],[-22,12],[-301,151],[-291,146],[-29,15],[-29,11],[-18,7],[-162,79],[-279,100],[-227,109],[-218,133],[-191,56],[-269,24],[-151,20],[-246,86],[-157,144],[-74,64],[-108,134],[-6,11],[-130,229],[-22,55],[-16,40],[-95,236],[-104,288],[-221,442],[-115,140],[-127,160],[-166,186],[-231,243],[-184,165],[-103,98],[-139,136],[-90,105],[-104,130],[-150,235],[-29,98],[-91,484],[-109,475],[-100,385],[-12,47],[-87,339],[-171,545],[-206,633],[-106,333],[-95,167],[-46,79],[-42,90],[-36,95],[-33,104],[-24,73],[-10,66],[-11,68],[-26,156],[-28,168],[-71,399],[-27,155],[-22,223],[-19,191],[-12,122],[-19,251],[-6,170],[-15,395],[-22,590],[1,122],[22,51],[73,165],[38,82],[6,30],[5,28],[16,79],[5,19],[-91,132],[-100,152],[-85,123],[-208,187],[-242,233],[-177,216],[-137,209],[-173,230],[-158,112],[-208,107],[-181,171],[-265,398],[-111,207],[-69,171],[-31,102],[-86,282],[-48,136],[11,237],[-14,85],[-33,77],[-132,243],[-56,201],[-37,241],[-48,288],[-15,522],[80,284],[41,137],[173,293],[275,216],[92,37],[141,29],[255,20],[391,-98],[301,-75],[638,-120],[134,-65],[308,-153],[145,-59],[53,-23],[32,-24],[110,-80],[201,-102],[138,-38],[78,-22],[283,28],[150,59],[225,132],[234,155],[320,157],[275,180],[363,249],[175,247],[236,530],[85,423],[61,433],[69,275],[91,345],[3,541],[-14,452],[15,477],[75,716],[70,497],[127,347],[210,330],[229,316],[299,327],[271,231],[219,102],[151,42],[158,27],[190,54],[363,47],[235,14],[208,1],[393,9],[35,3],[98,-14],[105,-23],[122,-31],[157,-74],[180,-92],[82,-67],[122,-120],[198,-134],[82,-48],[59,-10],[116,-30],[135,-35],[163,-81],[149,-192],[84,-114],[61,-63],[149,-164],[49,-61],[82,-85],[131,-143],[203,-171],[192,-161],[273,-271],[298,-274],[279,-243],[296,-264],[204,-165],[198,-125],[249,-124],[238,-59],[189,15],[132,37],[266,85],[132,52],[194,89],[351,260],[509,310],[270,164],[399,224],[227,121],[194,99],[234,112],[35,26],[63,28],[58,29],[78,34],[62,23],[23,18],[59,38],[118,71],[123,96],[91,95],[63,73],[55,83],[36,65],[9,48],[15,79],[9,58],[10,122],[7,94],[-1,164],[-5,83],[-4,61],[-25,142],[-20,90],[-26,158],[-12,86],[-41,177],[-23,93],[-64,179],[-33,90],[-75,155],[-62,131],[-58,115],[-88,140],[-70,119],[-78,128],[-135,198],[-94,149],[-90,121],[-120,175],[-45,67],[-102,126],[-150,178],[-140,213],[-115,174],[-48,77],[-37,55],[-5,8],[-55,68],[-97,110],[-101,126],[-96,120],[-75,103],[-64,90],[-59,84],[-59,91],[-58,74],[-71,94],[-99,125],[-74,97],[-82,112],[-129,177],[-87,108],[-66,87],[-87,100],[-16,24],[-32,44],[-55,57],[-68,61],[-51,37],[-68,34],[-67,23],[-68,13],[-56,1],[-14,-2],[-56,10],[-116,9],[-84,15],[-149,39],[-90,22],[-113,31],[-97,42],[-99,49],[-99,58],[-76,38],[-38,31],[-37,39],[-38,37],[-28,25],[-43,35],[-35,52],[-53,91],[-48,115],[-23,51],[-17,69],[-14,55],[-6,75],[-9,81],[-10,77],[-6,57],[-25,45],[-48,41],[-45,32],[-4,3],[-69,45],[-61,31],[-81,37],[-63,23],[-88,24],[-27,3],[-49,4],[-54,0],[-31,-3],[-50,-12],[-74,-27],[-79,-18],[-145,-38],[-99,-22],[-256,-51],[-89,-22],[-155,-32],[-209,-54],[-404,-121],[-112,-31],[-134,-28],[-47,-9],[-155,-11],[-131,-18],[-138,-5],[-167,6],[-99,16],[-91,14],[-103,23],[-101,36],[-105,46],[-222,155],[-126,89],[-163,99],[-246,152],[-244,156],[-93,71],[-150,126],[-255,184],[-201,146],[-86,49],[-200,156],[-88,85],[-60,71],[-38,30],[-50,33],[-83,36],[-123,37],[-116,55],[-75,50],[-165,146],[-128,144],[-73,104],[-53,82],[-46,69],[-77,140],[-40,121],[-31,180],[-19,143],[-11,161],[-15,38],[-17,14],[-57,16],[-50,12],[-71,31],[-43,37],[-65,71],[-67,91],[-48,76],[-15,29],[-56,60],[-59,57],[-115,182],[-84,136],[-101,127],[-72,88],[-56,68],[-20,31],[-22,40],[-22,45],[-40,53],[-65,45],[-66,45],[-102,54],[-90,63],[-49,41],[-59,73],[-47,81],[-43,95],[-36,146],[-260,251],[-114,135],[-126,209],[-135,214],[-91,41],[-60,32],[-409,471],[-85,149],[-194,476],[-47,129],[-82,124],[-113,137],[-170,169],[-76,55],[-172,102],[-192,189],[-952,1130],[-68,41],[-95,62],[-112,93],[-326,177],[-152,60],[-152,60],[-370,-68],[-200,-128],[-176,12],[-1117,-266],[-138,-6],[-176,-110],[-356,-255],[-430,-646],[-224,-306],[-673,-1119],[-214,-257],[-302,-252],[-350,-292],[-440,-228],[-116,-58],[-50,-17],[-88,-33],[-238,-48],[-180,1],[-449,38],[-362,90],[-248,87],[-277,117],[-175,75],[-178,-42],[-269,-78],[-98,-89],[-232,-270],[-285,-430],[-55,-68],[-90,-112],[-151,-148],[-212,-204],[-97,-108],[-148,-159],[-111,-164],[-132,-246],[-52,-118],[-91,-386],[8,-178],[21,-168],[2,-8],[2,-99],[-28,-230],[-61,-212],[-61,-114],[-46,-51],[-116,-130],[-182,-89],[-96,-55],[-252,-273],[-86,-102],[-147,-134],[-113,-51],[-53,-17],[-100,-47],[-101,-51],[-103,-106],[-110,-163],[-23,-74],[-22,-66],[-22,-144],[-9,-149],[-7,-109],[0,-160],[1,-215],[-41,-283],[-37,-177],[-39,-164],[-27,-97],[-137,-355],[-24,-79],[-22,-70],[-72,-280],[-67,-231],[-34,-150],[-85,-192],[-160,-274],[-57,-88],[-159,-218],[-56,-78],[-146,-281],[-71,-137],[-165,-316],[-48,-74],[-236,-397],[-112,-216],[-79,-166],[-225,-302],[-152,-181],[-130,-196],[-93,-150],[-47,-74],[-45,-109],[-91,-277],[-47,-162],[-117,-228],[-173,-376],[-112,-375],[-31,-130],[-93,-267],[-30,-72],[-29,-49],[-114,-211],[-65,-139],[-82,-261],[-59,-152],[-65,-214],[-128,-443],[-62,-164],[-123,-293],[-67,-150],[-102,-207],[-120,-181],[-93,-129],[-156,-250],[-64,-107],[-87,-243],[-20,-131],[-41,-301],[-44,-174],[-57,-126],[-58,-140],[141,-193],[-64,-323],[-43,-219],[-192,-535],[-245,-379],[-297,-285],[-294,-202],[-281,-88],[-218,-34],[-722,-132],[-407,-54],[-492,24],[-303,95],[-228,124],[-274,286],[-844,721],[-358,261],[-788,701],[-448,507],[-345,404],[-106,250],[-59,474],[23,687],[-74,263],[-165,393],[-99,180],[-351,392],[-332,303],[-504,411],[-375,282],[-217,271],[-157,310],[-145,426],[-134,458],[-145,438],[-86,441],[-65,506],[36,420],[30,599],[5,533],[-25,203],[-88,250],[-111,138],[-119,62],[-71,70],[-18,29],[-191,221],[-21,27],[-160,213],[-109,136],[-61,66],[-178,189],[-103,117],[-63,96],[-20,73],[-2,54],[-34,264],[-28,209],[-7,34],[-5,51],[-16,100],[-29,232],[-30,222],[-61,358],[-49,197],[-55,169],[-12,18],[-78,139],[-108,88],[-97,115],[-119,90],[-120,52],[-118,26],[-103,10],[-284,4],[-70,-3],[-198,-75],[-75,-25],[-228,3],[-236,45],[-9,3],[-273,32],[-188,61],[-131,14],[-139,-3],[-92,6],[-146,37],[-108,48],[-162,76],[-177,92],[-148,87],[-152,104],[-126,105],[-82,58],[-136,114],[-95,69],[-191,120],[-189,111],[-14,11],[-218,124],[-167,63],[-176,18],[-268,-41],[-75,-21],[-231,-72],[-210,-71],[-183,-59],[-140,-8],[-243,29],[-181,38],[-81,25],[-194,56],[-230,87],[-120,55],[-156,66],[-104,61],[-102,30],[-225,77],[-249,24],[-273,35],[-233,60],[-270,88],[-311,134],[-179,51],[-14,-2],[-93,0],[-122,-23],[-89,-32],[-167,-100],[-254,-133],[-254,-70],[-230,-26],[-191,2],[-113,7],[-101,20],[-130,38],[-85,44],[-68,43],[-96,94],[-144,173],[-163,239],[-118,229],[-82,147],[-120,133],[-58,49],[-193,82],[-112,17],[-187,-33],[-396,-135],[-84,-16],[-21,-1],[-256,-49],[-254,-46],[-190,-52],[-309,-110],[-164,-62],[-321,-129],[-348,-135],[-84,-14],[-181,-52],[-92,-26],[-125,-34],[-195,-32],[-59,-10],[-102,-22],[-224,-40],[-97,-14],[-254,2],[-206,20],[-128,18],[-157,53],[-68,37],[-157,99],[-146,107],[-191,154],[-191,165],[-150,132],[-67,61],[-188,132],[-88,39],[-137,52],[-215,58],[-182,10],[-89,7],[-265,-20],[-250,-26],[-160,-34],[-223,-75],[-227,-99],[-388,-125],[-368,-108],[-304,-54],[-367,-48],[-195,28],[-306,162],[-151,112],[-118,91],[-231,198],[-43,47],[-43,35],[-21,37],[-100,146],[-34,67],[-23,46],[-102,243],[-78,252],[-66,227],[-92,307],[-88,329],[-51,260],[-41,915],[-1,371],[7,149],[37,306],[48,223],[34,118],[15,64],[121,452],[1,102],[-20,168],[-69,318],[-56,252],[-96,456],[-125,452],[-119,340],[-116,284],[-94,203],[-144,327],[-157,326],[-119,253],[-12,11],[-110,228],[-168,327],[-188,241],[-34,32],[-82,76],[-14,12],[-149,92],[-272,115],[-259,129],[-119,67],[-191,132],[-297,201],[-197,79],[-51,32],[-137,49],[-110,30],[-61,20],[-71,21],[-797,263],[-189,49],[-115,16],[-120,11],[-113,2],[-367,-33],[-415,-67],[-307,-29],[-160,-26],[-330,-18],[-266,56],[-76,21],[-94,32],[-203,52],[-176,34],[-139,20],[-247,31],[-114,27],[-403,88],[-223,69],[-235,62],[-218,40],[-224,23],[-147,-4],[-138,-25],[-258,-74],[-191,-49],[-67,-13],[-219,-18],[-50,1],[-202,24],[-136,4],[-37,7],[-99,-24],[-98,-31],[-170,-77],[-255,-63],[-229,5],[-114,11],[-244,53],[-222,73],[-304,104],[-149,61],[-160,83],[-88,51],[-220,202],[-100,129],[-89,143],[-71,168],[-66,240],[-24,141],[-16,95],[-35,162],[-13,317],[-32,295],[-54,242],[-62,291],[-43,176],[-99,254],[-71,142],[-130,221],[-131,204],[-81,156],[-179,104],[-36,29],[-220,188],[-214,129],[-425,167],[-109,521],[53,42],[34,39],[33,17],[34,25],[71,43],[20,-7],[17,-17],[52,-67],[72,11],[41,58],[34,56],[-25,114],[-9,46],[-20,78],[0,40],[-29,22],[-49,0],[-47,-23],[-80,0],[-53,-17],[-12,-24],[-44,0],[-20,-7],[-23,-12],[-40,12],[-13,56],[-35,28],[-1,34],[-5,14],[12,15],[8,5],[23,7],[31,3],[36,6],[46,30],[26,23],[13,16],[32,77],[32,60],[7,43],[0,32],[-7,42],[-6,21],[-14,18],[-14,9],[-14,0],[-11,-3],[-11,-12],[-46,-89],[-21,-40],[-12,-19],[-14,-7],[-10,0],[-8,4],[-8,10],[-3,14],[0,21],[3,29],[-3,21],[-4,19],[-7,13],[-9,14],[-14,13],[-25,18],[-25,25],[-18,20],[-46,32],[-10,11],[-4,7],[-7,35],[-6,17],[-37,75],[-8,33],[-5,31],[-1,28],[3,20],[5,17],[10,17],[18,19],[20,16],[19,11],[22,4],[119,-27],[29,-15],[44,-42],[36,-20],[36,-24],[15,-14],[19,-23],[14,-10],[15,-2],[14,2],[31,22],[26,33],[4,12],[3,33],[7,51],[6,22],[5,41],[8,118],[0,21],[-7,14],[-8,7],[-11,-1],[-56,-29],[-31,-9],[-36,-7],[-23,2],[-16,12],[-15,22],[-11,20],[-20,54],[-3,18],[1,14],[3,13],[9,25],[3,13],[-2,12],[-5,13],[-15,22],[-21,36],[-3,16],[0,12],[2,12],[8,10],[22,12],[21,8],[46,27],[17,15],[12,14],[8,16],[5,18],[0,18],[-5,15],[-9,21],[-15,24],[-28,31],[-64,92],[-6,17],[1,12],[4,11],[10,11],[21,16],[21,19],[33,37],[13,7],[26,10],[11,15],[17,41],[32,105],[3,26],[-11,84],[-1,20],[2,18],[6,17],[9,17],[8,24],[21,118],[6,24],[8,15],[31,36],[24,19],[30,30],[12,19],[28,66],[4,19],[-2,19],[-1,21],[1,35],[3,38],[5,28],[8,35],[18,69],[11,40],[31,46],[34,46],[5,16],[-1,15],[4,34],[7,24],[12,24],[34,53],[10,12],[80,65],[69,51],[24,21],[25,27],[43,37],[23,12],[40,11],[36,0],[59,-12],[29,-7],[10,-4],[7,-5],[8,-9],[4,-8],[8,-6],[9,-4],[28,-3],[31,1],[26,4],[15,4],[43,15],[18,2],[33,-6],[70,-10],[100,-24],[9,-6],[8,-10],[21,-27],[8,-8],[9,-6],[12,-5],[36,-10],[27,-7],[19,-2],[14,0],[10,2],[6,3],[8,7],[6,7],[6,16],[0,14],[-4,40],[0,23],[4,45],[3,15],[5,12],[30,54],[36,80],[8,13],[14,19],[12,12],[19,13],[32,20],[12,13],[8,9],[6,6],[5,4],[14,1],[8,-1],[23,-5],[53,-24],[63,-40],[77,-41],[23,-17],[42,-33],[103,-87],[33,-30],[18,-15],[16,-8],[9,-2],[15,0],[23,3],[15,5],[9,4],[19,15],[79,80],[25,20],[15,12],[10,5],[11,4],[20,5],[11,-2],[47,-41],[56,-46],[30,-22],[29,-18],[17,-5],[56,-4],[33,-10],[49,-22],[8,-2],[12,1],[8,1],[36,15],[3,6],[0,69],[2,59],[-9,86],[0,9],[4,17],[4,9],[5,7],[11,8],[20,9],[13,3],[14,1],[14,-2],[76,-26],[24,-11],[48,-17],[40,-9],[29,-2],[13,2],[9,3],[25,10],[25,13],[9,7],[5,7],[5,7],[1,5],[-1,19],[2,33],[5,32],[5,18],[35,54],[21,29],[41,48],[6,9],[26,53],[11,16],[28,21],[33,21],[36,17],[21,8],[9,1],[5,-5],[0,-33],[2,-13],[10,-35],[23,-47],[8,-13],[29,-17],[24,-12],[90,-35],[32,-10],[11,-1],[35,2],[18,7],[22,12],[21,19],[15,10],[25,12],[13,1],[21,1],[17,-2],[31,-7],[29,-11],[41,-24],[26,-22],[30,-32],[46,-61],[19,-22],[20,-19],[35,-25],[37,-41],[36,-38],[24,-24],[11,-7],[7,2],[8,5],[14,21],[11,40],[3,18],[5,28],[13,57],[11,31],[4,10],[7,10],[20,22],[13,10],[14,10],[14,5],[34,8],[14,1],[18,-2],[14,-4],[9,-6],[10,-11],[10,-14],[20,-19],[12,-16],[7,-16],[5,-17],[7,-51],[13,-44],[18,-31],[9,-15],[15,-12],[45,-52],[33,-43],[40,-37],[41,-33],[29,-12],[62,-12],[28,0],[30,3],[31,11],[18,7],[15,11],[11,18],[10,27],[-2,28],[-5,27],[-15,47],[-10,15],[-12,9],[-63,36],[-14,3],[-16,-2],[-21,1],[-10,9],[-14,26],[-11,27],[-3,22],[2,14],[6,13],[10,11],[16,14],[23,18],[33,19],[21,17],[13,13],[16,31],[12,29],[29,83],[7,17],[12,18],[41,50],[25,23],[26,16],[26,10],[25,4],[22,-3],[21,-7],[19,-11],[21,-16],[36,-39],[9,-23],[7,-26],[4,-21],[-1,-22],[-4,-32],[-9,-49],[-2,-38],[2,-18],[7,-15],[13,-12],[20,-15],[34,-17],[24,-7],[19,0],[23,6],[13,7],[15,14],[16,17],[7,13],[1,12],[-2,12],[-10,21],[-17,28],[-10,25],[1,38],[3,30],[4,23],[7,26],[8,21],[13,20],[25,25],[18,9],[16,3],[18,0],[18,-5],[18,-9],[18,-13],[12,-16],[13,-20],[43,-92],[86,-110],[16,-25],[10,-12],[24,-16],[25,-14],[153,-68],[35,-21],[20,-17],[12,-13],[5,-17],[2,-18],[0,-34],[4,-24],[7,-20],[11,-17],[17,-15],[24,-10],[25,-5],[21,-1],[17,5],[48,20],[67,35],[9,7],[14,21],[8,18],[23,43],[7,29],[6,57],[9,31],[14,20],[20,23],[23,18],[28,14],[33,12],[40,11],[48,4],[34,-2],[32,-8],[22,-9],[22,-11],[29,-26],[45,-43],[36,-47],[24,-40],[35,-67],[8,-12],[10,-4],[17,0],[22,4],[14,6],[78,102],[3,13],[-2,10],[-12,37],[2,14],[4,20],[7,8],[13,6],[57,16],[24,-8],[50,-26],[22,-17],[24,-26],[15,-11],[16,-3],[19,2],[18,-1],[20,-10],[17,-18],[71,-85],[10,-23],[11,-16],[32,-22],[16,19],[112,69],[3,161],[48,82],[76,38],[72,4],[42,-30],[77,-56],[22,14],[88,55],[96,56],[10,8],[39,26],[15,-15],[28,-6],[21,0],[35,-17],[-6,9],[14,58],[-7,8],[-13,2],[34,27],[244,140],[55,38],[73,46],[64,38],[37,61],[21,28],[77,128],[40,59],[59,90],[100,28],[127,32],[87,26],[93,21],[110,30],[94,22],[465,56],[52,1],[69,10],[93,9],[108,47],[236,108],[211,92],[117,45],[103,35],[525,187],[270,92],[49,18],[-13,131],[-24,273],[-22,214],[-27,315],[-15,155],[-4,3],[-1,4],[2,25],[-2,23],[1,14],[-2,20],[-7,26],[-10,24],[0,5],[-1,3],[3,5],[18,23],[3,10],[-2,6],[-3,4],[-26,9],[-7,10],[-1,13],[4,14],[0,4],[-3,4],[-11,11],[-3,6],[0,6],[3,13],[-2,20],[-2,5],[-14,6],[-9,8],[-6,9],[-3,7],[-1,6],[1,9],[3,2],[9,3],[5,6],[2,11],[2,31],[1,9],[4,7],[14,11],[7,3],[13,-2],[30,-13],[3,1],[2,3],[2,7],[1,11],[-1,7],[-4,4],[-11,8],[-5,6],[-1,9],[0,13],[-4,20],[4,29],[-1,7],[-13,16],[-1,4],[2,11],[8,18],[1,5],[-27,48],[-9,30],[-8,17],[-28,79],[-11,23],[-16,17],[-2,22],[-18,9],[4,22],[-12,26],[-7,23],[-1,17],[-1,10],[-6,14],[-4,16],[-4,11],[-5,5],[-15,10],[-16,15],[-16,23],[-3,8],[0,16],[-2,10],[-13,28],[-15,20],[-8,21],[-9,15],[-2,8],[1,18],[-1,9],[-5,12],[-11,17],[-5,11],[-8,32],[-6,11],[-7,8],[-6,5],[-11,7],[-11,7],[-9,13],[-24,43],[-8,8],[-14,24],[-29,47],[-15,16],[-5,10],[-8,17],[3,19],[-4,15],[2,18],[-21,18],[-5,11],[-5,40],[7,22],[-12,13],[-1,17],[1,13],[-2,17],[4,21],[-1,12],[-8,26],[0,23],[22,94],[8,14],[3,38],[31,41],[15,-5],[13,6],[21,-5],[22,6],[19,8],[-1,9],[-1,3],[3,25],[21,13],[-16,67],[-10,50],[5,90],[-1,39],[-15,19],[-25,26],[-33,24],[-51,77],[-41,41],[-22,39],[-53,42],[-55,77],[-31,3],[-36,69],[7,84],[7,42],[-1,53],[-5,41],[-39,35],[-38,26],[-43,35],[-85,55],[-6,5],[-9,13],[-23,18],[-6,8],[-4,7],[-8,6],[-41,44],[-13,10],[-11,7],[-37,12],[-9,5],[-17,13],[-39,20],[-12,9],[-10,8],[-31,38],[-15,14],[-29,19],[-54,31],[-30,13],[-8,5],[-43,44],[-17,14],[-8,2],[-20,-3],[-8,3],[-35,19],[-22,20],[-12,6],[-12,4],[-12,6],[-13,11],[-13,21],[-21,15],[-8,16],[-80,58],[-9,3],[-20,1],[-24,19],[-19,16],[-22,15],[-11,3],[-21,-4],[-5,2],[-2,6],[2,9],[0,19],[-2,9],[-9,12],[-20,9],[-8,8],[-7,12],[-6,6],[-9,2],[-10,-3],[-14,0],[-16,1],[-18,6],[-17,8],[-19,12],[-21,0],[-21,-11],[-33,4],[-62,-3],[-47,-30],[-12,22],[-100,-60],[-65,-70],[-120,93],[-119,95],[-121,92],[-120,95],[-96,74],[-200,157],[-149,73],[-142,73],[-115,54],[-74,33],[-42,30],[-112,54],[-260,124],[-103,56],[-132,87],[-114,84],[-211,147],[-63,48],[-85,57],[-127,98],[-128,88],[-114,81],[-49,33],[-95,69],[-18,10],[-14,14],[-54,45],[-120,29],[-163,45],[-96,23],[-132,29],[-50,16],[-104,27],[-50,11],[-124,35],[-96,21],[-41,13],[-143,36],[-73,22],[-83,21],[-125,31],[-139,-52],[-132,-44],[-22,-10],[-19,-1],[-74,-31],[-31,-20],[-15,0],[-98,98],[-34,35],[-77,67],[-109,102],[-122,110],[-228,215],[-366,335],[-249,235],[-381,347],[-188,179],[121,203],[87,138],[92,163],[106,182],[65,107],[-136,70],[-435,220],[49,129],[43,124],[-93,40],[-139,75],[-138,71],[-25,10],[-118,59],[-559,283],[-132,143],[-4,10],[-84,93],[-102,116],[121,116],[-14,16],[121,114],[-76,68],[-17,-22],[-411,320],[-74,-143],[-63,80],[-95,128],[-54,77],[-778,1025],[32,74],[15,23],[9,10],[7,4],[5,0],[5,-4],[4,-8],[15,-51],[11,-21],[5,-5],[7,-4],[14,2],[9,5],[12,13],[6,14],[3,17],[9,66],[7,25],[13,20],[11,7],[35,18],[7,6],[16,36],[18,52],[19,33],[15,18],[31,31],[25,18],[22,13],[36,29],[55,62],[20,10],[17,4],[22,1],[54,-4],[86,-14],[31,8],[8,7],[6,11],[-5,34],[-2,43],[7,21],[56,81],[34,31],[29,9],[10,1],[7,-1],[9,-7],[6,-8],[10,-3],[60,2],[20,-2],[3,-2],[1,-5],[-1,-11],[-14,-45],[-2,-10],[0,-11],[2,-8],[6,-13],[8,-10],[6,-3],[11,0],[5,4],[4,6],[44,93],[10,18],[8,12],[11,13],[15,12],[20,11],[18,2],[9,0],[5,-3],[5,-4],[11,-20],[3,-11],[0,-5],[-1,-6],[-11,-27],[-15,-18],[-2,-4],[0,-6],[3,-9],[2,-7],[3,-5],[4,-2],[5,0],[13,8],[5,5],[10,15],[7,4],[7,3],[20,3],[11,0],[9,-4],[8,-10],[3,-27],[-3,-14],[-14,-32],[-1,-7],[1,-11],[3,-10],[9,-11],[14,-10],[3,-3],[2,-15],[13,-18],[6,-4],[19,-1],[31,-14],[6,0],[15,5],[7,9],[9,17],[2,9],[0,6],[-2,5],[-5,3],[-19,6],[-16,8],[-28,20],[-7,10],[-1,4],[0,10],[7,9],[20,17],[6,4],[16,7],[5,4],[24,31],[6,4],[16,7],[23,18],[7,7],[7,17],[20,28],[19,21],[6,5],[5,2],[6,-1],[3,-2],[2,-5],[-2,-69],[2,-7],[4,-7],[6,-6],[9,-2],[26,4],[7,3],[9,14],[6,6],[15,8],[13,4],[15,0],[13,-3],[18,-7],[11,-3],[7,3],[6,4],[6,11],[4,18],[2,17],[3,62],[5,10],[5,4],[6,1],[10,0],[3,-2],[2,-3],[1,-5],[-7,-35],[3,-17],[2,-6],[3,-4],[5,-1],[11,1],[8,2],[47,34],[9,3],[9,-2],[4,-4],[4,-5],[2,-8],[2,-16],[-4,-24],[-9,-42],[1,-16],[12,-40],[9,-18],[6,-7],[7,-4],[10,-1],[39,3],[65,13],[9,4],[6,4],[3,5],[6,23],[8,17],[6,7],[8,8],[36,23],[29,6],[10,7],[4,4],[8,25],[1,14],[-2,6],[-7,6],[-57,26],[-23,13],[-6,9],[-3,14],[1,15],[1,7],[4,7],[10,13],[12,13],[18,15],[11,4],[8,0],[10,-5],[4,-4],[9,-12],[54,-62],[5,-4],[6,-2],[9,0],[21,6],[11,2],[53,-5],[7,3],[10,11],[4,6],[2,6],[-1,6],[-2,7],[-3,4],[-53,50],[-23,23],[-10,18],[-3,9],[-2,8],[1,10],[3,12],[9,14],[12,12],[14,9],[15,7],[13,3],[21,-1],[9,-3],[26,-15],[6,-1],[17,1],[16,-3],[7,-6],[9,-11],[8,-12],[16,-56],[7,-15],[5,-9],[6,-5],[9,-4],[8,-2],[14,2],[10,5],[7,7],[9,12],[18,29],[7,24],[3,17],[-1,6],[-6,8],[-23,17],[-14,17],[-6,14],[0,4],[4,7],[18,24],[47,57],[29,37],[31,53],[8,7],[4,1],[25,0],[12,1],[14,15],[46,61],[13,20],[5,12],[1,12],[0,7],[-2,14],[-7,25],[-2,17],[13,88],[10,19],[21,18],[9,4],[9,1],[14,-2],[21,-6],[8,-5],[5,-7],[3,-9],[13,-62],[5,-8],[10,-10],[8,-4],[9,-1],[59,1],[16,-2],[23,-7],[24,-3],[8,1],[19,5],[7,3],[31,22],[6,3],[19,1],[8,-2],[9,-7],[13,3],[7,4],[6,4],[3,4],[0,9],[-2,4],[1,2],[18,7],[156,3],[100,4],[60,4],[54,1],[18,5],[18,8],[13,4],[15,1],[30,-2],[18,-4],[18,-6],[10,-6],[8,-7],[3,-6],[1,-13],[-8,-17],[-7,-6],[-12,-6],[-13,-3],[-10,1],[-5,-4],[-1,-3],[1,-4],[3,-4],[31,-26],[10,-11],[5,-16],[3,-9],[1,-24],[-2,-7],[-6,-12],[-4,-13],[-2,-16],[4,-20],[7,-13],[41,-49],[15,-24],[9,-16],[4,-15],[2,-13],[9,-15],[12,-14],[12,-8],[8,0],[8,2],[8,7],[4,11],[8,33],[9,15],[28,32],[22,20],[18,14],[14,19],[12,24],[7,19],[9,29],[22,39],[30,26],[313,82],[254,71],[158,47],[144,40],[155,46],[146,36],[293,84],[145,40],[149,38],[-30,85],[-22,85],[-96,313],[-155,492],[-6,33],[-4,26],[-16,25],[-12,27],[-3,16],[-5,17],[-5,4],[-16,6],[-45,8],[-10,4],[-24,15],[-9,1],[-20,-5],[-19,5],[-5,4],[-8,11],[-3,6],[-1,26],[-11,51],[0,10],[7,15],[1,12],[0,5],[-7,14],[-2,6],[0,5],[6,11],[-1,12],[-5,25],[-2,7],[-5,23],[5,11],[-1,12],[2,14],[-4,23],[15,29],[14,20],[6,4],[2,4],[-18,28],[1,5],[4,13],[-4,9],[1,8],[4,23],[5,14],[0,21],[3,5],[13,-2],[7,5],[0,9],[13,27],[-2,10],[8,12],[17,5],[5,15],[10,15],[7,2],[6,-2],[10,-16],[7,12],[13,11],[7,3],[65,13],[2,5],[-23,50],[-6,52],[2,12],[6,8],[14,1],[14,23],[-3,22],[-17,36],[0,7],[2,4],[61,46],[13,27],[16,16],[19,13],[30,53],[14,15],[29,-7],[44,26],[9,3],[31,2],[4,1],[2,6],[-1,5],[-18,29],[-1,4],[33,49],[20,15],[4,11],[3,62],[15,55],[21,25],[14,11],[4,16],[1,27],[-8,18],[5,14],[18,5],[16,35],[41,65],[19,18],[18,41],[8,22],[-30,108],[-1,12],[25,112],[19,45],[19,36],[14,17],[30,26],[22,8],[35,7],[25,20],[22,0],[17,7],[10,9],[22,26],[21,44],[17,26],[17,20],[17,20],[17,15],[20,11],[18,14],[8,17],[5,39],[-6,16],[0,9],[7,14],[28,70],[46,103],[9,6],[6,12],[3,29],[13,17],[19,34],[28,38],[171,262],[29,19],[74,56],[55,60],[35,68],[20,44],[3,34],[-2,48],[4,26],[24,75],[19,31],[70,86],[25,24],[65,54],[38,43],[32,30],[68,94],[89,84],[38,24],[59,20],[-19,65],[-31,96],[-28,77],[-26,90],[-27,68],[-80,91],[-43,47],[-84,83],[-30,22],[-52,45],[-47,32],[-26,33],[-24,43],[-27,50],[-41,63],[-63,105],[-10,23],[-50,73],[-24,43],[-10,9],[-12,5],[-10,14],[-8,23],[-25,83],[-6,68],[48,7],[32,9],[9,147],[6,60],[4,93],[5,66],[9,57],[36,34],[62,65],[41,35],[42,34],[4,42],[17,86],[32,64],[-2,52],[-6,50],[29,42],[65,76],[15,32],[9,24],[22,45],[10,56],[6,52],[10,55],[5,43],[9,47],[-2,26],[1,37],[-2,40],[1,45],[10,13],[17,18],[13,8],[63,50],[24,14],[13,13],[36,30],[33,23],[16,13],[13,24],[14,11],[16,17],[19,5],[17,9],[10,11],[14,12],[36,16],[32,34],[20,6],[25,37],[29,16],[19,4],[10,10],[40,9],[23,-3],[18,-7],[17,7],[24,-15],[33,1],[19,-15],[17,5],[40,-10],[21,7],[4,-18],[-12,-42],[27,-1],[24,24],[20,18],[46,13],[14,-5],[27,-3],[31,-32],[37,11],[21,-2],[17,-9],[13,-10],[27,14],[19,14],[25,12],[51,28],[38,14],[12,5],[66,41],[185,103],[2,29],[9,27],[5,56],[96,65],[28,21],[114,71],[89,60],[103,65],[113,76],[136,88],[121,76],[129,84],[30,31],[89,53],[129,81],[119,78],[137,91],[28,360],[51,518],[5,28],[-94,348],[-150,548],[-71,253],[-56,136],[-73,154],[-35,84],[-68,147],[-65,148],[-21,32],[-31,58],[-33,72],[-39,81],[-33,39],[-47,51],[-41,47],[-42,54],[-31,13],[-25,-6],[-36,-11],[-43,-26],[-44,-13],[-46,-4],[-57,-10],[-38,-2],[-51,11],[-76,24],[-53,35],[-31,18],[-26,6],[-105,39],[-39,21],[-40,24],[-45,18],[-56,12],[-55,33],[-63,-23],[-58,-25],[-20,-12],[-11,-1],[-12,6],[-58,41],[-68,42],[-11,9],[-6,5],[-3,5],[-9,32],[-217,658],[-76,216],[-47,143],[-21,71],[-52,157],[-49,140],[-16,51],[-32,88],[-23,60],[-35,122],[-10,29],[-6,16],[-8,17],[-6,7],[-9,6],[-41,19],[-68,28],[-98,43],[-2,-5],[-24,11],[-75,33],[0,0],[-40,18],[-113,51],[-139,63],[-103,41],[-131,55],[-139,56],[-223,98],[-118,50],[-157,64],[-144,51],[-137,49],[-137,51],[-122,45],[-140,52],[-140,54],[-31,-55],[-34,34],[-64,38],[-28,18],[-142,61],[-32,35],[-72,94],[-22,92],[-14,105],[-26,30],[-39,133],[-16,18],[-11,4],[-6,14],[3,14],[-10,13],[-12,11],[-8,35],[-3,16],[-3,24],[-6,11],[9,9],[2,10],[-8,-1],[-9,10],[3,9],[-4,16],[-11,0],[-5,22],[-12,10],[0,8],[-2,16],[-18,5],[-5,12],[11,0],[-1,9],[-9,1],[-1,6],[-14,6],[-3,8],[-6,0],[-4,5],[-2,12],[-9,13],[-17,-3],[-23,26],[-8,11],[7,12],[-7,21],[-14,-4],[0,11],[-11,11],[6,16],[-5,16],[-4,12],[-24,26],[-10,-2],[-2,15],[-23,-1],[-6,8],[-36,11],[-7,-1],[-17,-18],[-10,8],[-7,18],[7,20],[-21,2],[-7,-11],[-11,6],[6,29],[-20,3],[5,36],[12,4],[-10,12],[-31,-13],[-15,12],[-10,-7],[3,27],[12,8],[-32,2],[-20,-31],[-16,15],[-16,25],[-4,-15],[-13,16],[10,9],[-9,26],[-15,-5],[1,30],[-13,-2],[-13,12],[8,17],[-31,21],[-6,-13],[6,-17],[-14,-20],[-15,36],[-18,27],[-40,0],[-21,25],[-11,-34],[-13,15],[-14,33],[-17,-9],[-6,13],[-5,43],[-16,21],[-19,-8],[-45,17],[-7,-15],[-9,-20],[-19,17],[6,20],[-5,22],[-31,-1],[2,-15],[-17,31],[-14,20],[-6,-17],[-6,-11],[-10,14],[3,26],[-4,8],[-9,-10],[-7,43],[-19,2],[-3,13],[-27,6],[-13,20],[1,28],[-15,17],[-18,6],[-27,22],[-5,14],[-11,20],[-27,-2],[6,27],[1,24],[-16,-4],[3,24],[-16,3],[-13,-8],[-14,17],[-11,-29],[13,1],[1,-17],[-36,-8],[3,22],[-9,23],[-23,-7],[-4,-10],[-10,4],[-1,15],[-19,12],[-17,-3],[3,-14],[-19,12],[-3,9],[-38,41],[17,20],[-15,10],[-17,34],[7,9],[-6,22],[15,9],[-16,48],[-7,3],[-2,-10],[-23,11],[21,38],[-37,-20],[-10,7],[-10,11],[16,19],[1,23],[26,-19],[28,6],[-2,32],[-11,13],[-19,3],[-9,10],[14,35],[-37,24],[-21,11],[-17,22],[-20,16],[4,17],[-7,14],[-16,-5],[-11,21],[-4,-4],[-6,-19],[-14,-11],[-12,8],[-6,16],[-18,17],[-10,29],[13,26],[0,19],[-15,7],[-36,-28],[-11,10],[-10,31],[-10,8],[-22,-5],[-18,14],[4,52],[3,23],[-24,25],[-13,-6],[-2,20],[-13,14],[-7,3],[-66,22],[-6,21],[-9,13],[-11,3],[-13,-9],[-3,-13],[-20,-59],[-87,-184],[-53,-117],[-68,-132],[-70,-160],[-66,-146],[-88,-186],[-107,52],[-67,28],[-82,37],[-133,60],[-172,77],[-143,67],[-127,59],[-141,64],[-125,61],[-167,75],[-95,48],[-151,69],[-148,-96],[-131,-90],[-157,-104],[-131,-92],[-83,79],[-129,130],[-85,77],[-71,73],[-75,75],[-66,64],[-68,64],[-71,70],[-80,75],[-80,80],[-72,67],[-80,80],[-101,44],[-124,49],[-124,50],[90,243],[-61,-14],[-267,82],[-75,-192],[-415,168],[17,304],[-290,55],[-46,-259],[-597,115],[-280,61],[0,74],[-290,56],[-473,167],[-97,-145],[-371,-456],[-542,-629],[-507,441],[-562,515],[-82,187],[-263,164],[-1211,724],[-428,227],[-285,-234],[-101,192],[-48,74],[-430,590],[-369,549],[233,602],[124,347],[-392,390],[-311,278],[-197,247],[-129,247],[-33,248],[-28,204],[-36,186],[-96,324],[-207,632],[-91,246],[-102,185],[-78,326],[-3,69],[-4,115],[80,99],[142,157],[-134,168],[-19,58],[150,219],[-156,193],[-40,8],[-62,-47],[-39,31],[-69,110],[-106,118],[-186,-209],[-238,-239],[-117,-95],[-10,9],[-95,336],[-67,100],[-94,87],[-118,-172],[-162,-151],[-129,-129],[-80,-98],[51,-73],[-120,-113],[-18,-18],[-134,-131],[104,-131],[70,-85],[98,-122],[-84,-96],[-79,-87],[-91,-98],[-19,-19],[-6,-3],[-93,-137],[-98,-144],[-93,-136],[-7,-8],[-163,-1],[-154,-1],[-161,-1],[-232,-7],[-83,-2],[-182,-2],[-71,-36],[-64,-33],[-139,-64],[-2,-5],[-138,-66],[-77,-41],[-147,-50],[-138,-44],[-41,-13],[-150,-13],[-110,-12],[-138,-68],[-141,-72],[-137,-74],[-109,-54],[-138,-73],[-110,-125],[-4,12],[-83,190],[-77,178],[-72,163],[-24,55],[-46,103],[-68,152],[-67,156],[-69,157],[-61,135],[-56,132],[-60,140],[-59,135],[-57,130],[-59,134],[-58,132],[-191,-120],[-133,-80],[-134,-79],[-134,-80],[10,107],[-116,11],[-112,15],[-112,14],[-114,14],[-130,15],[14,175],[15,172],[17,176],[17,170],[18,169],[14,171],[17,172],[23,240],[0,31],[-3,64],[-153,-42],[-145,-42],[-149,-40],[-144,-41],[-147,-38],[-175,-50],[-115,-39],[-15,-6],[-134,-34],[-147,-42],[-148,-42],[-170,-47],[-162,-45],[-186,-57],[-119,-22],[-128,-24],[-126,-23],[-132,-23],[-28,-5],[-102,-17],[-33,-5],[-107,-19],[-6,22],[-32,136],[-35,148],[-40,164],[-39,166],[-40,167],[-11,41],[-50,195],[-48,183],[-55,217],[-41,151],[5,8],[-337,18],[-243,15],[-28,2],[-27,17],[-58,44],[-84,64],[-35,27],[-13,13],[-73,86],[-111,128],[-73,86],[-54,75],[-66,98],[-79,118],[-46,71],[-86,156],[-42,75],[-52,106],[-62,125],[-59,133],[-36,77],[-81,71],[-144,126],[-145,127],[-144,126],[-131,114],[-86,76],[-50,26],[-165,84],[-46,23],[-140,73],[-79,40],[-47,25],[-136,191],[-126,176],[-185,256],[-85,120],[-27,29],[-9,74],[-36,235],[-14,91],[-32,239],[-34,221],[-16,121],[-3,28],[1,11],[0,8],[-5,5],[-29,-74],[-19,-33],[-17,-25],[-18,-26],[-26,-14],[-25,-8],[-21,3],[-26,16],[-29,24],[-24,27],[-18,29],[-27,50],[-25,54],[-13,26],[-12,11],[-16,9],[-21,12],[-60,2],[-87,3],[-106,8],[-78,5],[-133,5],[-178,10],[-6,54],[-17,115],[-23,161],[-10,68],[-11,83],[-2,51],[229,27],[93,12],[2,8],[-37,140],[-28,103],[-9,38],[-39,142],[-90,320],[-42,141],[-16,-13],[-20,-12],[-27,-11],[-29,-11],[-28,0],[-26,7],[-25,17],[-19,19],[-12,25],[-12,30],[-7,30],[2,32],[4,29],[8,29],[6,27],[5,26],[1,24],[-5,13],[-9,16],[-5,6],[-11,8],[-11,4],[-21,4],[-8,3],[-23,12],[-20,19],[-19,23],[-17,23],[-30,49],[-15,23],[-19,22],[-11,11],[-12,8],[-7,8],[-4,19],[-10,59],[-19,89],[-35,147],[-29,118],[-40,176],[-42,178],[-19,80],[-20,91],[-165,6],[-139,-2],[-47,-2],[-260,1],[-120,-5],[-158,-9],[-31,-2],[-246,-20],[-321,203],[-162,104],[-112,72],[-53,32],[-14,5],[-203,97],[-106,51],[-177,99],[-120,69],[-134,77],[-93,58],[-116,103],[-115,108],[-135,125],[-92,81],[-88,82],[-69,63],[17,8],[25,15],[26,8],[29,6],[24,3],[8,2],[13,13],[8,4],[18,3],[22,2],[26,8],[22,7],[24,8],[15,4],[7,12],[3,11],[-1,14],[-2,9],[-3,5],[-16,13],[-30,18],[-23,10],[-26,11],[-25,11],[-27,12],[-7,4],[-17,15],[-21,20],[-13,25],[-8,28],[-5,24],[3,31],[10,27],[16,19],[20,17],[26,17],[27,16],[18,11],[9,12],[18,16],[24,17],[29,14],[29,11],[29,10],[27,9],[24,4],[22,-2],[17,-5],[17,-7],[13,-4],[20,-4],[19,2],[22,6],[13,6],[17,6],[26,13],[16,12],[21,22],[13,19],[10,14],[5,15],[4,14],[2,12],[0,18],[-5,52],[-1,44],[-2,66],[-2,52],[-2,28],[-3,20],[-17,79],[-9,38],[-12,33],[-9,18],[-8,14],[-15,16],[-24,20],[-23,20],[-20,21],[-13,17],[-22,29],[-8,18],[-2,8],[-3,13],[0,16],[2,14],[5,16],[7,17],[8,5],[9,9],[6,5],[16,5],[19,4],[15,3],[18,1],[25,-4],[21,-12],[31,-24],[26,-19],[20,-13],[34,-13],[25,-5],[11,0],[25,7],[27,9],[29,14],[31,21],[19,11],[27,14],[80,-7],[-6,13],[-14,35],[-22,34],[-21,27],[-5,4],[-56,95],[-13,23],[-28,66],[-42,87],[-2,54],[0,53],[13,47],[14,47],[18,43],[16,61],[16,56],[-3,67],[-26,32],[-27,19],[-35,16],[-21,-2],[-31,-5],[-54,-15],[-47,-64],[-12,-3],[-40,49],[-25,35],[-22,12],[-48,19],[-53,8],[-40,11],[-10,3],[0,14],[22,32],[3,5],[12,12],[13,10],[13,3],[21,3],[12,1],[10,5],[1,12],[5,13],[-4,26],[-2,11],[-34,53],[-23,29],[-19,34],[-3,36],[20,83],[-3,9],[-16,28],[-18,30],[-67,114],[-39,66],[-52,89],[-37,64],[-63,107],[-7,14],[-11,-17],[-3,-1],[-29,1],[-85,39],[-67,8],[-79,-29],[-16,-8],[-25,66],[-9,-3],[-49,52],[-72,59],[-144,118],[-140,112],[-131,110],[-120,100],[-29,24],[-137,115],[-18,15],[-92,77],[-140,119],[-120,97],[-168,137],[-128,104],[-142,116],[-144,-7],[-169,-3],[-126,-5],[-198,-4],[-168,-2],[-152,0],[-153,3],[-151,-3],[-39,-3],[-113,3],[-160,-1],[-147,-2],[-144,1],[-171,-1],[-178,1],[-171,-5],[-168,-2],[-141,0],[-198,2],[-133,2],[-185,3],[-138,6],[-138,5],[-164,8],[-1,201],[0,178],[0,10],[0,190],[1,197],[1,7],[132,85],[112,76],[94,62],[10,7],[-4,9],[-117,224],[-69,129],[-75,145],[-74,142],[-72,138],[-75,137],[-1,10],[18,9],[130,86],[145,96],[142,96],[142,96],[137,98],[132,89],[12,7],[179,114],[141,98],[148,98],[134,87],[133,89],[75,47],[151,100],[156,103],[119,77],[3,-3],[22,14],[60,39],[82,55],[80,115],[103,147],[213,292],[106,151],[103,145],[110,156],[16,21],[32,45],[109,154],[12,16],[36,52],[105,150],[110,152],[104,147],[131,84],[142,96],[-26,54],[-95,179],[-91,166],[-52,107],[-10,21],[-24,-1],[-23,41],[-10,18],[-38,69],[-79,141],[-52,94],[-21,37],[-31,56],[-70,129],[-66,121],[-90,161],[93,58],[88,58],[32,20],[2,7],[-35,67],[-44,86],[-55,106],[-88,166],[-45,86],[-91,176],[-9,23],[-71,133],[-94,170],[-85,160],[-85,166],[105,174],[23,39],[-140,239],[-89,156],[-99,164],[-77,125],[-95,156],[-97,167],[-87,147],[-81,148],[-44,84],[-9,36],[-6,26],[-62,-13],[-75,186],[-75,180],[-21,51],[-5,10],[-8,16],[-107,-35],[-129,-47],[-131,-38],[-183,-62],[-149,-52],[-171,-58],[-162,-57],[-167,-56],[-174,-55],[-4,31],[-27,220],[-30,220],[-19,147],[-35,258],[-20,167],[-18,143],[-33,241],[-20,156],[-22,159],[-23,178],[-9,96],[-3,51],[-19,135],[-19,133],[-30,232],[-17,128],[-21,161],[5,7],[102,120],[40,47],[92,109],[135,156],[90,105],[81,94],[87,105],[90,109],[85,108],[46,189],[-2,19],[34,133],[34,135],[32,125],[50,196],[34,130],[32,119],[41,164],[38,149],[68,266],[39,155],[35,130],[38,149],[27,105],[7,35],[76,87],[39,46],[74,87],[113,133],[110,128],[111,131],[62,73],[44,51],[16,20],[105,122],[94,113],[73,86],[35,42],[-5,9],[-10,12],[-20,88],[-11,61],[-9,34],[-9,40],[-23,110],[-24,105],[-4,20],[-12,54],[-48,213],[-23,107],[-23,109],[-22,139],[-12,69],[-12,90],[-17,81],[-6,40],[-1,32],[9,56],[13,57],[6,32],[29,146],[11,67],[13,75],[7,40],[9,40],[25,146],[12,80],[14,67],[4,22],[12,53],[4,24],[7,39],[2,21],[-32,36],[-42,49],[-44,55],[-37,44],[-47,57],[-16,19],[-62,75],[-69,79],[-45,51],[-12,19],[14,44],[16,35],[6,27],[10,31],[33,106],[11,36],[15,42],[22,70],[15,48],[18,65],[28,85],[6,12],[20,68],[18,54],[13,40],[21,72],[17,58],[13,36],[18,73],[12,48],[16,60],[11,43],[15,48],[3,27],[-21,21],[-23,21],[-50,45],[-21,21],[-30,28],[-28,23],[-24,30],[-7,5],[-10,21],[-2,9],[8,7],[17,7],[16,5],[20,1],[9,0],[17,-8],[13,-9],[10,-12],[12,-9],[13,-6],[2,39],[1,43],[1,33],[0,29],[3,101],[-1,36],[5,85],[1,49],[-1,38],[4,59],[0,66],[4,47],[2,171],[5,172],[5,150],[5,183],[4,174],[6,182],[4,181],[5,199],[6,207],[6,199],[2,205],[4,200],[5,194],[6,197],[6,201],[50,146],[50,151],[48,156],[48,159],[44,145],[45,129],[41,133],[170,29],[138,24],[154,27],[33,128],[48,118],[10,25],[27,176],[26,170],[22,178],[27,172],[24,173],[25,181],[28,163],[26,175],[29,168],[26,167],[25,178],[8,64],[11,73],[23,169],[-119,51],[-140,62],[-157,72],[-162,70],[-160,73],[-156,70],[-207,92],[-141,61],[-146,67],[-178,79],[-156,70],[-147,64],[-150,67],[-154,67],[-155,69],[-22,-113],[-24,-128],[-38,-200],[-38,-198],[-34,-179],[-40,-208],[-38,-203],[-32,-174],[-37,-193],[-35,-194],[-36,-190],[-36,-187],[-36,-190],[-35,-172],[-38,-213],[-14,-103],[-15,-87],[-10,-75],[-224,14],[-161,15],[-108,3],[-28,3],[-141,8],[-75,3],[-46,3],[-131,5],[-118,3],[-110,7],[-116,6],[-106,6],[-122,7],[-111,5],[-119,2],[-112,9],[-124,7],[-123,5],[-120,8],[-123,9],[-122,-4],[5,-49],[-142,-83],[-60,45],[-158,-97],[-86,-8],[-99,-52],[-152,-39],[-23,-56],[-68,-43],[-89,11],[3,-172],[5,-46],[-53,-1],[-30,8],[-36,-7],[-169,1],[-57,116],[-29,-19],[-148,-23],[-43,47],[-58,33],[-88,-37],[-65,25],[-113,-5],[-136,-55],[-24,14],[-2,13],[-30,162],[-22,95],[-26,129],[-38,168],[-42,187],[-41,189],[-121,-32],[-109,-34],[-51,226],[-42,201],[-39,193],[233,61],[-36,158],[-34,160],[-41,184],[-45,199],[-42,191],[-40,202],[-27,95],[-57,177],[-57,198],[-57,192],[-56,191],[-57,186],[-11,38],[-33,115],[-68,227],[-63,209],[-59,192],[-115,-35],[-150,-45],[-168,-49],[-149,-40],[-169,-46],[-168,-45],[-174,-43],[-24,91],[-49,186],[-47,190],[-51,186],[-47,192],[-56,230],[-7,29],[-27,110],[-31,117],[-127,-62],[-51,83],[-99,158],[-105,167],[68,190],[0,-1],[63,183],[60,179],[66,180],[49,145],[64,184],[62,181],[25,85],[119,354],[-99,120],[-132,156],[-145,173],[-186,214],[-143,167],[-136,156],[-144,166],[-114,133],[-188,220],[-152,178],[-150,174],[-123,141],[-110,131],[-119,136],[-121,142],[-124,138],[-106,127],[-89,107],[-105,116],[-274,320],[-107,120],[-179,-51],[-155,-41],[-176,-50],[-246,-76],[-47,177],[-37,148],[-40,157],[-43,162],[-45,145],[-53,170],[-155,-38],[-97,-28],[-170,-48],[-180,-55],[-160,-46],[-54,181],[-84,289],[-73,243],[-67,-24],[-50,112],[-41,95],[94,56],[-36,120],[-33,110],[-34,112],[-29,104],[124,49],[122,46],[-34,139],[-38,155],[-34,146],[-41,193],[-42,173],[-42,185],[-39,173],[-41,178],[-40,175],[-42,179],[-41,185],[-41,174],[-42,187],[-39,169],[-232,-67],[-160,-48],[-155,-51],[-145,-42],[-153,-48],[-42,-8],[-130,-39],[-181,-55],[-147,-44],[48,-140],[72,-206],[75,-217],[-14,-12],[-147,-56],[-139,-52],[-134,-50],[-127,-48],[-145,-54],[-195,-74],[-157,-59],[-152,-57],[-145,-55],[-166,-62],[-161,-62],[-158,-59],[-165,-62],[-71,152],[-69,146],[-75,161],[-72,155],[-72,155],[-17,35],[-45,98],[-97,207],[-60,129],[-47,100],[-85,184],[-118,258],[-44,164],[-48,180],[-42,158],[-35,128],[-36,51],[-35,216],[-37,137],[-77,281],[-55,204],[-74,271],[-59,216],[-63,235],[-68,252],[-71,260],[-61,226],[-15,55],[-59,216],[-59,215],[-27,116],[-29,121],[-41,135],[-35,114],[-41,151],[-161,123],[-89,69],[-137,105],[-136,105],[-138,105],[-133,103],[-135,103],[-143,110],[-150,115],[-143,111],[-147,112],[-144,110],[-151,117],[-145,111],[-134,102],[-15,10],[-184,-37],[-174,-35],[-195,-40],[-184,-34],[-158,-28],[-154,-31],[-175,-31],[-161,-32],[-158,-30],[-137,-27],[-150,-27],[-154,-31],[-167,-29],[-161,-33],[-153,-33],[-112,109],[-113,113],[-106,102],[-169,167],[-114,112],[-110,110],[-114,109],[-116,115],[-121,119],[-147,143],[-118,116],[-118,114],[-109,105],[-94,94],[-117,113],[-117,113],[-125,123],[-116,114],[-113,109],[-161,158],[-130,127],[-102,101],[-15,14],[-96,94],[-144,140],[-147,146],[-144,142],[-144,142],[-33,30],[-4,5],[36,24],[22,11],[37,8],[39,-8],[114,-50],[18,2],[17,13],[9,22],[-2,24],[-63,220],[-8,47],[5,54],[16,42],[30,38],[43,27],[182,43],[34,10],[13,10],[10,21],[2,38],[-5,3],[-49,163],[-56,168],[-30,84],[-15,51],[-45,139],[-46,142],[-46,139],[-46,139],[-48,145],[-46,141],[-7,25],[-77,214],[-84,228],[-73,205],[-68,185],[-75,212],[-63,176],[-62,173],[-66,186],[-38,237],[-7,47],[-33,210],[55,133],[55,134],[61,149],[59,139],[157,21],[-99,111],[-113,124],[-108,119],[-105,116],[-123,136],[-115,127],[-122,134],[-113,125],[-79,79],[-33,44],[-145,159],[-145,161],[-124,135],[-139,151],[-136,145],[-132,143],[-119,130],[-98,106],[-109,121],[118,148],[-36,107],[-44,124],[-99,-18],[-69,163],[-67,160],[-68,165],[-12,3],[-50,118],[-31,77],[-8,48],[-45,273],[-6,24],[-154,104],[-155,102],[-143,94],[-152,95],[-140,94],[-142,96],[-138,87],[-135,91],[-144,90],[-140,95],[-148,96],[-118,79],[-40,113],[-21,51],[-22,48],[-107,182],[-51,96],[-38,31],[-37,136],[-27,72],[-24,66],[-52,65],[-49,69],[-15,20],[-12,26],[-7,30],[-4,29],[18,71],[8,27],[33,76],[18,29],[46,73],[19,26],[29,-16],[18,-27],[8,-12],[44,-20],[19,-3],[52,4],[72,27],[25,11],[23,11],[40,19],[41,11],[42,8],[30,2],[37,12],[11,6],[29,36],[28,53],[11,10],[11,28],[9,11],[27,49],[4,7],[20,30],[-7,17],[54,26],[11,4],[37,18],[55,32],[64,31],[28,18],[18,17],[41,45],[10,20],[4,42],[-40,-17],[-9,-3],[-29,13],[-20,12],[-21,9],[-25,21],[-42,9],[-30,2],[-39,-6],[-58,-20],[-37,-14],[-4,-7],[-38,-14],[-45,-21],[-14,-9],[-44,-24],[-18,-9],[-52,-19],[-47,-21],[-44,-21],[-28,-8],[-45,-9],[-44,4],[-110,40],[-29,19],[-19,13],[-80,59],[-12,6],[-45,30],[-15,5],[-16,4],[-43,36],[-21,25],[-15,19],[-22,58],[-10,20],[-23,56],[-1,23],[-8,35],[2,34],[-3,48],[2,24],[9,44],[18,62],[6,13],[19,40],[25,31],[46,49],[78,63],[-22,27],[-13,34],[-14,33],[-19,27]],[[468582,177269],[59,-33],[59,-33],[67,-30],[190,17],[54,4],[156,-9],[149,-39],[366,-158],[58,-24],[149,-64],[161,-69],[267,-93],[488,-228],[147,-59],[150,-54],[49,-8],[43,-19],[184,-82],[576,-353],[371,-386],[294,-408],[15,-21],[37,-75],[162,-466],[227,-573],[7,-64],[-1,-211],[-5,-382],[0,-39],[-77,-860],[-2,-49],[-1,-35],[-1,-21],[-82,-990],[85,-544],[152,-358],[11,-25],[313,-721],[284,-476],[76,-132],[287,-586],[18,-53],[10,-28],[11,-28],[77,-205],[140,-306],[13,-27],[54,-131],[43,-100],[10,-27],[7,-10],[133,-291],[106,-231],[51,-219],[42,-155],[77,-250],[8,-25],[62,-197],[434,-981],[128,-223],[8,-11],[107,-163],[10,-26],[41,-98],[43,-93],[45,-94],[12,-23],[31,-71],[12,-25],[8,-15],[319,-531],[127,-173],[18,-23],[101,-156],[17,-24],[335,-338],[21,-19],[428,-204],[291,-138],[344,-173],[25,-12],[249,-139],[24,-12],[28,-16],[95,-49],[22,-15],[459,-272],[214,-122],[102,-65],[47,-20],[44,-20],[111,-50],[317,-142],[67,-28],[66,-35],[239,-117],[44,-20],[78,-29],[259,-130],[1317,-733],[163,-83],[22,-11],[18,-9],[189,-88],[13,-9],[20,-10],[129,-70],[46,-23],[42,-23],[86,-49],[46,-14],[115,-30],[46,-9],[42,-18],[52,-15],[117,-25],[94,-29],[66,-21],[45,-14],[85,-42],[90,-42],[131,-65],[67,-37],[65,-29],[67,-35],[63,-32],[22,-9],[60,-32],[24,-8],[86,-48],[1121,-614],[327,-179],[281,-164],[23,-13],[25,-14],[111,-84],[578,-361],[680,-337],[627,-274],[468,-280],[247,-256],[730,-546],[209,-137],[34,-15],[222,15],[6,-7],[19,-12],[178,-116],[11,-6],[26,-4],[1229,-158],[166,-25],[22,-4],[414,-51],[547,-38],[844,-46],[10,0],[25,-1],[516,-34],[1206,-377],[98,-31],[25,-11],[468,-164],[528,-191],[768,-545],[41,-30],[16,-4],[23,-13],[592,-380],[206,-87],[306,-89],[51,-11],[245,-35],[384,25],[41,3],[26,3],[50,3],[734,335],[126,65],[48,25],[42,22],[49,26],[37,23],[44,39],[165,144],[209,184],[25,7],[228,34],[37,10],[15,9],[44,9],[709,188],[1023,119],[59,8],[46,10],[57,20],[63,28],[83,43],[67,27],[78,32],[67,31],[45,29],[65,58],[34,41],[41,58],[39,74],[38,72],[19,53],[7,29],[13,58],[8,63],[0,94],[-2,65],[-36,254],[-8,35],[-71,16],[-54,122],[-166,245],[-160,126],[-188,222],[-227,122],[-230,96],[-169,33],[-136,152],[-201,176],[-167,225],[-355,766],[-216,519],[-30,275],[-3,259],[116,256],[179,203],[154,99],[192,66],[240,25],[421,-24],[428,-40],[302,42],[95,31],[148,46],[174,124],[187,328],[284,407],[122,270],[96,287],[30,223],[-10,126],[-34,94],[-105,163],[-381,317],[-274,156],[-323,141],[-238,169],[-122,198],[-18,203],[48,159],[91,133],[84,84],[245,192],[268,177],[81,53],[507,219],[430,26],[67,10],[372,-23],[298,-179],[96,-106],[216,-344],[333,-499],[260,-273],[436,-325],[584,-172],[392,5],[338,98],[277,-83],[82,-28],[152,-108],[178,-229],[200,-347],[382,-431],[55,-62],[527,-669],[494,-469],[63,-60],[336,-355],[310,-220],[364,-277],[408,-171],[215,-47],[388,32],[277,161],[91,68],[111,152],[114,256],[83,328],[10,73],[41,273],[-47,414],[-249,668],[-91,341],[63,293],[263,439],[222,690],[119,268],[283,446],[30,64],[638,2],[402,-27],[195,51],[97,74],[222,167],[302,137],[121,154],[246,325],[123,140],[148,128],[154,108],[240,153],[180,64],[165,90],[216,117],[325,203],[292,262],[351,412],[97,98],[141,95],[324,-110],[207,-34],[232,35],[164,81],[79,79],[55,60],[188,146],[331,212],[280,180],[234,260],[134,219],[37,32],[116,97],[242,50],[487,23],[210,-36],[165,-4],[154,40],[45,14],[18,13],[279,179],[201,185],[252,245],[169,79],[88,6],[35,3],[408,108],[448,180],[721,329],[1070,623],[418,316],[160,176],[124,189],[108,487],[67,230],[46,98],[79,83],[83,83],[611,332],[154,32],[152,21],[89,18],[208,63],[215,43],[252,137],[295,194],[281,223],[286,409],[366,409],[183,136],[159,86],[191,41],[159,18],[109,13],[461,-187],[411,-360],[277,-150],[539,-95],[249,19],[151,-60],[449,151],[329,212],[359,383],[165,290],[165,233],[21,24],[411,571],[148,112],[95,44],[116,11],[322,8],[376,-176],[379,-384],[294,-248],[191,-97],[443,-123],[506,102],[403,-10],[25,3],[245,138],[162,31],[307,-186],[241,-125],[130,-6],[180,32],[155,-26],[210,105],[177,121],[261,149],[296,116],[313,91],[374,35],[254,-22],[124,-145],[141,-271],[90,-177],[29,-55],[159,-175],[112,-64],[187,-61],[311,-86],[244,-97],[359,-149],[242,-129],[194,-150],[247,-215],[193,-116],[266,-109],[201,-33],[113,-48],[389,-96],[198,-75],[203,-25],[37,-9],[261,-39],[297,-100],[292,-92],[86,-32],[253,-100],[199,-93],[420,-91],[535,-144],[169,-92],[8,-6],[55,-40],[158,-42],[672,-417],[249,-175],[30,-18],[183,-96],[171,-134],[397,-383],[589,-428],[349,-243],[208,-230],[218,-351],[240,-275],[211,-241],[207,-328],[25,-37],[761,-1188],[126,-242],[33,-53],[164,-204],[191,-274],[710,-788],[530,-609],[9,-149],[220,-365],[41,-99],[7,-26],[91,-345],[203,-630],[104,-450],[97,-261],[153,-295],[73,-181],[56,-206],[3,-46],[53,-308],[1,-344],[-13,-260],[2,-245],[43,-240],[47,-185],[4,-33],[206,-737],[107,-422],[29,-201],[35,-736],[-130,-231],[-248,-169],[-248,-245],[-137,-147],[-50,-92],[-81,-190],[-87,-341],[-69,-268],[-13,-143],[2,-42],[-6,-40],[4,-143],[20,-87],[46,-191],[32,-218],[12,-190],[19,-132],[44,-174],[34,-80],[73,-179],[88,-210],[65,-152],[27,-108],[35,-125],[40,-195],[25,-164],[89,-411],[75,-147],[118,-230],[115,-215],[97,-136],[157,-269],[68,-201],[34,-218]]],"transform":{"scale":[0.000016963548306376275,0.000010425758740555357],"translate":[20.26198541047193,43.61901921938972]},"objects":{"ro_admin_country_line":{"type":"GeometryCollection","geometries":[{"type":"LineString","arcs":[0],"properties":{"id":1,"border":"RO.RO","version":"2025-03-26"}},{"type":"LineString","arcs":[1],"properties":{"id":2,"border":"RO.UA","version":"2025-03-26"}},{"type":"LineString","arcs":[2],"properties":{"id":3,"border":"RO.HU","version":"2025-03-26"}},{"type":"LineString","arcs":[3],"properties":{"id":4,"border":"RO.MD","version":"2025-03-26"}},{"type":"LineString","arcs":[4],"properties":{"id":5,"border":"RO.BG","version":"2025-03-26"}},{"type":"LineString","arcs":[5],"properties":{"id":6,"border":"RO.RS","version":"2025-03-26"}},{"type":"LineString","arcs":[6],"properties":{"id":7,"border":"RO.UA","version":"2025-03-26"}}]}}}